TimeStamp,acc_x,acc_y,acc_z,cal_time,current_LW,current_RW,gyr_x,gyr_y,gyr_z,h_d,psi_dot_d,psi_dot_hat,tau_LW,tau_RW,theta_d,theta_dot_LW,theta_dot_RW,theta_dot_hat,theta_hat,v_d,v_hat,
158,0.56759697,-0.06932503,9.68742275,6.00000000,0.00000000,0.00000000,-0.00081762,-0.01875739,0.04363218,0.07000000,0.00366300,0.00057943,0.00448654,-0.00490887,-0.06422273,0.00000000,0.00000000,-0.01873386,-0.05761112,0.00122106,-0.00153751,
166,0.61907232,-0.06214242,9.70537949,6.00000000,0.00644531,-0.00644531,-0.00157737,-0.01790763,0.04282240,0.07000000,0.00366300,-0.00289181,-0.05109400,0.05019843,-0.02890287,0.00872665,0.00000000,-0.01794217,-0.06271452,0.00122106,-0.00103336,
174,0.71005195,-0.05136852,9.66228390,6.00000000,-0.06928711,0.09023438,-0.00062894,-0.01837835,0.04229240,0.07000000,0.00366300,0.00453152,-0.07878623,0.07893834,-0.01885183,-0.21642081,0.20071286,-0.01842111,-0.06781743,0.00122106,-0.01762119,
182,-0.07404908,-0.03580621,10.61757088,6.00000000,-0.10957031,0.14340821,-0.00295289,0.05706196,0.03683673,0.07000000,0.00366300,0.04375614,-0.03215880,0.03771529,-0.01506970,-0.52534413,0.38397244,0.05705692,-0.03740142,0.00122106,-0.03064439,
190,-0.03574185,0.04918795,10.45237064,6.00000000,-0.04833984,0.06767578,0.03311977,0.18354842,0.03138486,0.07000000,0.00366300,0.05206624,-0.05987055,0.06663091,-0.01350248,-0.74874628,0.58119464,0.18351491,-0.07013678,0.00122106,-0.03678336,
197,0.50295353,0.03362564,8.71896839,5.00000000,-0.08701172,0.11279297,0.03646667,0.31122273,0.03542411,0.07000000,0.00366300,0.05976138,-0.06882139,0.07673128,-0.01282733,-1.13620937,0.94247782,0.31146270,-0.08624561,0.00122106,-0.05573772,
206,-1.13348329,-0.38296545,10.45356750,6.00000000,-0.10957031,0.14018555,0.00750022,0.40353560,0.05314061,0.07000000,0.00366300,-0.04822300,0.12991504,-0.13663836,-0.01253163,-1.21823990,1.37881017,0.40292698,0.05599768,0.00122106,-0.06752628,
214,-0.28713304,-0.22255394,9.08767605,6.00000000,0.17563477,-0.22558594,-0.10198414,0.63589680,0.04780888,0.07000000,0.00366300,0.01916483,0.08605451,-0.08369620,-0.01240118,-0.38571778,0.32463124,0.63611287,-0.03645724,0.00122106,0.02223302,
222,4.01764154,0.80814987,4.45968390,6.00000000,0.11762695,-0.14663085,0.04932596,0.32281715,0.04611691,0.07000000,0.00366300,0.04809675,-0.23999999,0.23999999,-0.01234344,0.67718774,-0.83601272,0.32764235,-0.30688161,0.00122106,0.08072352,
230,2.03404546,0.00609232,7.40096045,6.00000000,-0.33837891,0.40605468,-0.16671529,-0.03171353,0.02107275,0.07000000,0.00366300,-0.06843273,-0.20937759,0.19969390,-0.01231786,-0.73478359,0.96167642,-0.03029537,-0.13638528,0.00122106,-0.06366888,
238,-4.92949009,-1.31550705,19.02959824,6.00000000,-0.30615234,0.36899415,0.16293401,0.13035038,0.04849857,0.07000000,0.00366300,-0.15126292,0.23999999,-0.23999999,-0.01230651,-1.94778740,2.44346094,0.13086054,0.26039642,0.00122106,-0.15563564,
246,-0.24284029,-0.67984647,12.35336685,6.00000000,0.33032227,-0.40927735,-0.06875901,0.98752218,-0.07654698,0.07000000,0.00366300,0.05394354,-0.10681496,0.11414330,-0.01230148,-1.18158782,1.01578164,0.98742867,-0.21161196,0.00122106,-0.00974040,
254,4.01285315,0.87039912,0.51523638,6.00000000,-0.14985351,0.19174805,0.01428472,0.73496336,-0.02008506,0.07000000,0.00366300,0.03071659,-0.23999999,0.23999999,-0.01229924,-0.57595867,0.47472957,0.74727303,-0.29322532,0.00122106,0.01595158,
262,-2.99736929,-1.41366923,9.72572994,6.00000000,-0.34965819,0.43022460,-0.19803824,0.47793925,-0.09861130,0.07000000,0.00366300,-0.09582925,0.23999999,-0.23999999,-0.01229826,-2.64940977,2.94087982,0.47736049,0.21115679,0.00122106,-0.18157719,
269,-2.32340169,0.47655296,13.35653687,5.00000000,0.32548827,-0.39316407,0.19567192,0.79308355,-0.03160114,0.07000000,0.00366300,-0.08811592,0.09114968,-0.10308260,-0.01229781,-1.79768908,2.09788561,0.79065627,-0.01224057,0.00122106,-0.08612891,
278,-0.14348093,0.26227191,3.97366071,6.00000000,0.13212891,-0.18530273,0.03036808,1.00484741,-0.04577236,0.07000000,0.00366300,0.03168127,0.23999999,-0.23999999,-0.01229762,0.18500490,-0.28448865,1.01166272,0.20014144,0.00122106,0.09290955,
286,-1.24002528,-0.28240898,9.45159435,6.00000000,0.35126954,-0.42377931,0.03508209,0.36950713,-0.06063585,0.07000000,0.00366300,0.22904652,0.23999999,-0.23999999,-0.01229753,1.10653877,-1.86575699,0.36990577,0.21437867,0.00122106,0.14230055,
294,2.28902793,0.96616721,10.77558804,6.00000000,0.35449219,-0.43022460,0.18628091,-0.21594617,-0.04342353,0.07000000,0.00366300,0.41940102,0.08152470,-0.02566499,-0.01229750,3.29518175,-4.65130234,-0.21397778,-0.03779547,0.00122106,0.28753000,
302,4.86518908,0.48134136,9.99627495,6.00000000,0.12729493,-0.06123047,-0.02259086,-0.96899688,-0.01818546,0.07000000,0.00366300,0.32380429,-0.23999999,0.23999999,-0.01229747,4.59196138,-5.61472464,-0.96616697,-0.22216785,0.00122106,0.31551945,
310,2.47936702,-0.08009893,13.65102386,6.00000000,-0.32387695,0.39960939,0.08791329,-1.58037865,0.07986400,0.07000000,0.00366300,0.07199201,-0.23999999,0.23999999,-0.01229746,2.53421807,-2.75412965,-1.57336068,-0.20602818,0.00122106,0.08143811,
318,-2.66337824,-0.37338865,20.53136063,6.00000000,-0.35126954,0.42377931,0.04754828,-1.63845718,0.00187656,0.07000000,0.00366300,-0.13262762,-0.23999999,0.23999999,-0.01229746,0.58817595,-0.16057029,-1.61531997,0.03498758,0.00122106,-0.09228339,
326,-1.95589161,-1.18262887,13.56962109,6.00000000,-0.34965819,0.42861328,-0.11516378,-0.40508038,-0.00674713,0.07000000,0.00366300,-0.22845468,-0.22204331,0.19067138,-0.01229746,-1.68075216,2.39808226,-0.39763296,-0.05403540,0.00122106,-0.18341687,
334,-3.95864129,0.06475027,9.80114746,6.00000000,-0.33676758,0.34321290,-0.23840630,0.26871139,0.03851610,0.07000000,0.00549451,-0.29439563,0.10242537,-0.14253163,-0.01229746,-3.28296447,4.24987650,0.26861131,0.12798859,0.00122106,-0.26558313,
341,-3.98497748,1.58027995,5.70586586,5.00000000,0.13535157,-0.23364258,-0.05346980,1.16329980,-0.03949736,0.07000000,0.00549451,-0.13458642,0.23999999,-0.23999999,-0.01229746,-3.31787109,3.75071239,1.16056550,0.23292936,0.00122106,-0.18172032,
350,-1.47106576,1.69161034,-0.69742674,6.00000000,0.33193359,-0.41249999,0.26378569,1.42395151,-0.04008860,0.07000000,0.00549451,0.10953113,0.23999999,-0.23999999,-0.01229746,-1.14319062,0.78365284,1.43871617,0.32587573,0.00122106,0.03329423,
358,0.10431895,-0.26086116,1.59023297,6.00000000,0.33999023,-0.43022460,0.35986084,1.02916849,-0.09135164,0.07000000,0.00549451,0.24525562,0.23999999,-0.23999999,-0.01229746,1.64060950,-2.45916891,1.04629314,0.18757056,0.00122106,0.23487937,
366,1.24755025,-1.52140832,5.23660231,6.00000000,0.35771483,-0.42539063,0.06056682,0.42923221,-0.06701798,0.07000000,0.00549451,0.31967062,0.23999999,-0.23999999,-0.01229746,4.07708931,-5.14697599,0.43187511,0.08096117,0.00122106,0.38673136,
374,2.30099893,-0.04179171,10.22731590,6.00000000,0.35771483,-0.43344727,-0.14223365,-0.13858046,0.10916790,0.07000000,0.00366300,0.34582004,0.23999999,-0.23999999,-0.01229746,6.34078074,-7.44906521,-0.13915703,0.03816836,0.00122106,0.51864839,
382,5.80491304,0.56992680,14.04127884,6.00000000,0.35288087,-0.42055663,-0.07987249,-0.94408441,0.18615994,0.07000000,0.00366300,0.55613112,-0.22466996,0.23999999,-0.01229746,7.82431078,-9.63770866,-0.94173342,-0.27359480,0.00122106,0.59477580,
390,7.97884846,1.43423367,16.25232506,6.00000000,-0.30131835,0.39799803,0.15277335,-2.05241299,0.09750869,0.07000000,0.00366300,0.44046676,-0.23999999,0.23999999,-0.01229746,6.79805756,-8.22748184,-2.03229117,-0.49401462,0.00122106,0.42112619,
398,3.81772590,-1.83385170,19.12177467,6.00000000,-0.33515626,0.41249999,0.15903518,-2.57446051,0.03052557,0.07000000,0.00366300,0.19803420,-0.23999999,0.23999999,-0.01229746,2.67209911,-3.31438017,-2.55107164,-0.58281094,0.00122106,0.02963623,
406,-3.53486753,-2.67301941,20.53136063,6.00000000,-0.34321290,0.43666992,-0.17094570,-2.14133310,0.03003712,0.07000000,0.00366300,0.13175546,-0.09085874,0.10754006,-0.01229746,0.66147983,-1.08908546,-2.11656547,0.21015573,0.00122106,-0.09855599,
413,-2.79266500,-0.76962900,11.75601292,5.00000000,-0.13857421,0.20141602,-0.63514817,-1.04235828,0.11299809,0.07000000,0.00366300,-0.01147096,0.04929825,-0.05154384,-0.01229746,-0.65449846,0.68591440,-1.03748810,0.19505584,0.00122106,-0.13090208,
422,-2.02771759,1.74547982,2.88190484,6.00000000,0.05961914,-0.07573242,-0.39070839,-0.47926852,0.05291327,0.07000000,0.00366300,-0.09957588,0.15310241,-0.16721433,-0.01229746,-0.30543262,0.64402652,-0.47968543,0.18708670,0.00122106,-0.07303670,
430,-2.27312326,2.57985926,-0.70221514,6.00000000,0.22236328,-0.28842774,0.11065754,-0.15469305,0.02965195,0.07000000,0.00366300,0.04844251,0.23999999,-0.23999999,-0.01229746,0.76619959,-0.92502451,-0.16342840,0.32996899,0.00122106,0.05134334,
438,-0.21530698,1.95257831,-0.39815155,6.00000000,0.35288087,-0.43022460,0.44390374,-0.24070625,-0.09740087,0.07000000,0.00366300,0.38405728,0.23999999,-0.23999999,-0.01229746,2.50454736,-3.75071239,-0.24201316,0.19046326,0.00122106,0.22286755,
446,0.45626661,-0.23572205,1.61058366,6.00000000,0.34482422,-0.42861328,0.43873927,-0.47731942,-0.09475301,0.07000000,0.00366300,0.44624937,0.16619031,-0.10703418,-0.01229746,4.88168621,-6.38092375,-0.48137861,0.02242324,0.00122106,0.39220169,
454,2.28304243,-2.59161663,6.82994318,6.00000000,0.24975586,-0.21269532,0.19183670,-0.78208178,0.02817741,0.07000000,0.00366300,0.32459900,-0.02050589,0.06270562,-0.01229746,6.90626812,-7.96568251,-0.79484779,-0.10325493,0.00122106,0.50334322,
462,3.92307067,-1.18622017,15.18570709,6.00000000,-0.01289062,0.09990235,-0.27814072,-1.10159612,0.16472951,0.07000000,0.00366300,-0.01190224,-0.15254155,0.14890505,-0.01229746,7.05811119,-7.02669573,-1.09859633,-0.12800798,0.00122106,0.45085251,
470,8.09257317,-0.51584363,18.11261940,6.00000000,-0.19658203,0.25136718,-0.22596394,-1.30631626,0.23464091,0.07000000,0.00366300,-0.18678835,-0.23999999,0.23999999,-0.01229746,4.47153378,-3.88161206,-1.29257107,-0.83172345,0.00122106,0.21781738,
478,4.69998932,1.88314641,20.53136063,6.00000000,-0.34321290,0.42055663,-0.06628575,-1.43869543,0.08046845,0.07000000,0.00366300,-0.02520114,-0.23999999,0.23999999,-0.01229746,1.45909524,-1.37531948,-1.42230654,-0.38899508,0.00122106,-0.00052203,
485,-0.74921393,-0.71097106,20.53136063,5.00000000,-0.35126954,0.42216796,-0.23088570,-0.50718582,-0.15193208,0.07000000,0.00366300,-0.06608621,-0.23999999,0.23469520,-0.01229746,-0.72605693,0.94073248,-0.48786747,-0.09328485,0.00122106,-0.10021366,
494,-1.41121078,-0.89053619,11.17063141,6.00000000,-0.35932618,0.42700195,-0.04613359,0.35989767,-0.12962225,0.07000000,0.00366300,-0.40598786,-0.15038384,0.09523834,-0.01229746,-2.42949820,3.70533395,0.36038306,-0.08106293,0.00122106,-0.20365185,
502,-2.76632881,-0.74448991,5.35272074,6.00000000,-0.22719726,0.18852539,-0.11960239,1.19610572,-0.14931816,0.07000000,0.00366300,-0.41003370,0.11207256,-0.16725123,-0.01229746,-3.99331331,5.31976318,1.20032334,0.02334651,0.00122106,-0.26101372,
510,-2.69450283,1.08228600,1.94098353,6.00000000,0.14501953,-0.26586914,-0.03115326,1.75760150,-0.17087060,0.07000000,0.00366300,-0.17853750,0.23999999,-0.23999999,-0.01229746,-3.50113058,4.07883453,1.76673412,0.16738847,0.00122106,-0.15434510,
518,-1.46148896,0.68724269,-1.70538568,6.00000000,0.33676758,-0.41249999,0.20939571,1.99445581,-0.20671061,0.07000000,0.00366300,0.19757847,0.23999999,-0.23999999,-0.01229746,-1.36659288,0.73303831,2.02223325,0.31267303,0.00122106,0.07865368,
526,0.18332760,-1.13235056,0.14054383,6.00000000,0.34482422,-0.41411132,0.26183650,1.59881222,-0.21268979,0.07000000,0.00366300,0.34676689,0.23999999,-0.23999999,-0.01229746,1.55683362,-2.71049643,1.62298310,0.18499807,0.00122106,0.28838044,
534,1.09671557,-0.91208404,3.95211291,6.00000000,0.34965819,-0.42377931,-0.03895325,1.03221750,-0.16536677,0.07000000,0.00366300,0.45041573,0.23999999,-0.23999999,-0.01229746,3.91128302,-5.36688757,1.04133344,0.13874903,0.00122106,0.43281698,
542,4.01764154,0.10664880,8.84107304,6.00000000,0.35932618,-0.43183595,0.06415413,0.50797588,-0.04148496,0.07000000,0.00366300,0.54525232,0.18201992,-0.10928757,-0.01229746,5.91841173,-7.69515657,0.50823230,-0.14511451,0.00122106,0.55352163,
550,8.33558464,0.05637056,15.69208145,6.00000000,0.27875978,-0.21591797,0.01020545,-0.53392965,-0.06074240,0.07000000,0.00366300,0.60433322,-0.23999999,0.23999999,-0.01229746,6.88183308,-8.83485699,-0.53907126,-0.46931404,0.00122106,0.55867630,
557,10.42452526,0.02285174,20.53136063,5.00000000,-0.32387695,0.39477539,0.30224624,-1.62125206,-0.17154287,0.07000000,0.00366300,0.41432160,-0.23999999,0.23999999,-0.01229746,5.18362808,-6.55022049,-1.60798609,-0.85125595,0.00122106,0.32754457,
566,3.76026487,-1.38015044,20.53136063,6.00000000,-0.35126954,0.41894531,0.26793343,-2.30034041,-0.25311410,0.07000000,0.00366300,0.09770966,-0.23999999,0.23999999,-0.01229746,2.43124366,-2.73318577,-2.27799582,-0.64304316,0.00122106,0.03053635,
574,-1.13348329,-3.76836658,18.35563087,6.00000000,-0.34965819,0.42216796,-0.35271940,-1.19603741,-0.12851061,0.07000000,0.00366300,-0.19539168,-0.23999999,0.21302317,-0.01229746,0.23911010,0.40666169,-1.18053055,0.00099176,0.00122106,-0.09715558,
582,-1.06285441,0.63576740,10.48948097,6.00000000,-0.34804687,0.37221679,-0.62102717,-0.40083161,0.04502398,0.07000000,0.00366300,-0.39010972,-0.23999999,0.23999999,-0.01229746,-1.69122410,2.97055030,-0.40231258,-0.19718304,0.00122106,-0.20580047,
590,-3.90716600,2.97131109,5.19709778,6.00000000,-0.35771483,0.42539063,-0.56850177,0.45064795,0.02949405,0.07000000,0.00366300,-0.34238756,-0.10291580,0.05670051,-0.01229746,-3.96364284,5.06669044,0.43854955,-0.02627939,0.00122106,-0.30852661,
598,-2.67056084,3.84160352,1.16526222,6.00000000,-0.15952149,0.09990235,-0.15635170,1.22627687,-0.10067406,0.07000000,0.00366300,-0.33299267,0.11813942,-0.16259415,-0.01229746,-5.41924715,6.49087954,1.22126234,0.05315030,0.00122106,-0.36152500,
606,-4.31298304,1.86878121,0.53558713,6.00000000,0.14985351,-0.27392578,0.37916785,1.66486621,-0.19230045,0.07000000,0.00366300,-0.03610018,0.23999999,-0.23999999,-0.01229746,-4.72984219,4.85201550,1.67484808,0.48154154,0.00122106,-0.23894909,
614,-2.06602478,-0.24769306,-1.64792478,6.00000000,0.34482422,-0.40283203,0.50867444,1.88748837,-0.25945649,0.07000000,0.00366300,0.30052164,0.23999999,-0.23999999,-0.01229746,-2.04028988,1.09781218,1.91258788,0.44522479,0.00122106,0.02004455,
622,0.62745202,-2.51859331,0.17765397,6.00000000,0.35771483,-0.42377931,0.40613785,1.61039615,-0.21761514,0.07000000,0.00366300,0.49438643,0.23999999,-0.23999999,-0.01229746,0.69464105,-2.24274802,1.62962365,0.14867747,0.00122106,0.23671226,
629,1.78026009,-2.88849759,4.25378227,5.00000000,0.34804687,-0.42377931,0.03279898,1.10148168,-0.13131186,0.07000000,0.00366300,0.59325731,0.23999999,-0.23999999,-0.01229746,2.74365759,-4.66177464,1.09941792,0.04669943,0.00122106,0.36422789,
638,3.52922440,-2.00503707,8.62918568,6.00000000,0.35771483,-0.42216796,-0.38467258,0.46143293,0.00954025,0.07000000,0.00366300,0.55738181,0.23999999,-0.23999999,-0.01229746,5.18711853,-6.98829842,0.45190161,0.08293775,0.00122106,0.49830854,
646,9.72182751,-0.49788713,14.53687859,6.00000000,0.36738282,-0.43505859,-0.10140572,-0.44065905,0.04049793,0.07000000,0.00366300,0.84548163,-0.23999999,0.23999999,-0.01229746,6.21511745,-8.92910480,-0.44726488,-0.48803383,0.00122106,0.54585665,
654,11.33671665,2.66245914,20.50682068,6.00000000,-0.31743163,0.38994139,0.09706744,-1.90079808,-0.15843143,0.07000000,0.00366300,0.88564390,-0.23999999,0.23999999,-0.01229746,4.47153378,-7.41415834,-1.87171340,-0.68744576,0.00122106,0.31019536,
662,2.69484520,-0.83307534,20.53136063,6.00000000,-0.35288087,0.43344727,0.41193187,-2.62826800,-0.19704576,0.07000000,0.00366300,0.36284214,-0.23999999,0.23999999,-0.01229746,2.45742369,-3.61632204,-2.59661579,-0.76312554,0.00122106,0.02789208,
670,-0.42958802,-4.55965042,20.53136063,6.00000000,-0.34643555,0.41894531,0.07861009,-1.67240310,0.00728120,0.07000000,0.00366300,0.06050736,-0.23999999,0.23999999,-0.01229746,0.10471976,-0.29496065,-1.65305853,-0.16571152,0.00122106,-0.11178215,
678,-2.14383650,-1.94278789,12.63947392,6.00000000,-0.35288087,0.43183595,-0.56157470,-0.74452126,0.21179737,0.07000000,0.00366300,-0.17159450,-0.13742912,0.11370099,-0.01229746,-1.67202544,2.23576689,-0.74090451,0.05597872,0.00122106,-0.21104002,
686,-3.95864129,1.09186280,5.12048340,6.00000000,-0.20786133,0.20786133,-0.49868008,0.09147082,0.13759349,0.07000000,0.00366300,-0.30923474,0.10132195,-0.14329255,-0.01229746,-3.02465558,4.00203991,0.08611196,0.14928982,0.00122106,-0.26168829,
694,-2.69809413,3.47768474,0.15610614,6.00000000,0.13535157,-0.23847656,-0.25576654,0.75191915,0.06572869,0.07000000,0.00366300,-0.00545859,0.23999999,-0.23999999,-0.01229746,-2.73667622,2.76634693,0.74440789,0.16231680,0.00122106,-0.15297744,
701,-1.92716122,2.86237502,-4.38808870,5.00000000,0.33193359,-0.42377931,0.27712169,0.95494479,-0.06480791,0.07000000,0.00366300,0.19192304,0.23999999,-0.23999999,-0.01229746,-0.54628801,-0.05934120,0.97030753,0.32814449,0.00122106,0.05568142,
710,-1.26755857,1.64252913,-3.17303133,6.00000000,0.34482422,-0.41894531,0.44902933,0.90592992,-0.04034525,0.07000000,0.00366300,0.22898982,0.23999999,-0.23999999,-0.01229746,2.56039786,-3.30565357,0.92692369,0.29691875,0.00122106,0.29262751,
718,0.49816513,-2.22889495,0.56790882,6.00000000,0.33837891,-0.42216796,0.35822225,0.53255457,-0.00062657,0.07000000,0.00366300,0.39430982,0.23999999,-0.23999999,-0.01229746,5.03003931,-6.27794933,0.54015964,0.10683361,0.00122106,0.47777835,
726,1.37444293,-1.44599104,3.91021442,6.00000000,0.34160155,-0.42700195,0.00425316,0.03654867,0.10258090,0.07000000,0.00366300,0.40894827,0.23999999,-0.23999999,-0.01229746,7.43510246,-8.76329803,0.03520441,0.06047059,0.00122106,0.61975199,
734,5.62295389,-1.69139671,7.06577206,6.00000000,0.35126954,-0.42055663,-0.33843854,-0.52436614,0.25654370,0.07000000,0.00366300,0.47132450,0.03321597,0.02857924,-0.01229746,9.37241840,-10.89783669,-0.53149253,-0.17527957,0.00122106,0.72756463,
742,9.21186256,0.63696450,16.87721062,6.00000000,0.07573242,0.03544922,-0.32104367,-1.29220951,0.16395745,0.07000000,0.00366300,0.45642552,-0.23999999,0.23999999,-0.01229746,9.50506306,-10.99731922,-1.28340101,-0.38793242,0.00122106,0.68170446,
750,12.16151905,1.44859886,20.53136063,6.00000000,-0.32226563,0.38833007,-0.19633444,-2.35028434,-0.00407790,0.07000000,0.00366300,0.33846360,-0.23999999,0.23999999,-0.01229746,6.31983709,-7.44382906,-2.31804752,-0.88503158,0.00122106,0.34792617,
758,6.51958227,2.56309962,20.53136063,6.00000000,-0.35126954,0.42055663,0.37447608,-2.67333055,-0.11587767,0.07000000,0.00366300,0.16544424,-0.23999999,0.23999999,-0.01229746,3.42782664,-3.96538806,-2.62475538,-0.83223188,0.00122106,0.08244941,
766,-0.34818518,-2.76519608,20.53136063,6.00000000,-0.35449219,0.42377931,-0.01485208,-1.35141957,-0.22896545,0.07000000,0.00366300,0.01336522,-0.23999999,0.23999999,-0.01229746,0.97738439,-1.02625358,-1.32760537,-0.05877638,0.00122106,-0.02209046,
773,0.15220298,0.34726608,12.68256950,5.00000000,-0.35932618,0.43022460,-0.08180974,-0.65884572,-0.09416690,0.07000000,0.00366300,-0.29618758,-0.23999999,0.23999999,-0.01229746,-0.78190750,1.72263992,-0.65379387,-0.23171827,0.00122106,-0.14712916,
782,-3.25235176,-1.60400832,5.54665136,6.00000000,-0.34804687,0.43022460,-0.20885919,0.40274441,-0.13201739,0.07000000,0.00366300,-0.41897163,0.00440280,-0.06121506,-0.01229746,-2.89899206,4.23242331,0.40192997,0.03832923,0.00122106,-0.24021901,
790,-2.31741595,2.23150277,2.53474545,6.00000000,-0.01127930,-0.09023438,-0.21556552,1.11638486,-0.17465840,0.07000000,0.00366300,-0.31219360,0.07482781,-0.11679955,-0.01229746,-3.60061431,4.60766935,1.11288214,-0.00799368,0.00122106,-0.22838873,
798,-2.02771759,1.77540743,-2.43561721,6.00000000,0.09990235,-0.20141602,0.24433655,1.52855599,-0.24718562,0.07000000,0.00366300,0.00019604,0.23999999,-0.23999999,-0.01229746,-2.60228610,2.60228610,1.54420435,0.28233439,0.00122106,-0.07963522,
806,-1.67696714,0.45021674,-2.08247232,6.00000000,0.33193359,-0.42377931,0.31658512,1.62364531,-0.26490903,0.07000000,0.00366300,0.18928719,0.23999999,-0.23999999,-0.01229746,-0.46425760,-0.19198622,1.64909220,0.31203717,0.00122106,0.11439472,
814,0.60949552,-1.64710391,-0.03183869,6.00000000,0.34643555,-0.42055663,0.31025317,1.26425552,-0.15678188,0.07000000,0.00366300,0.21153904,0.23999999,-0.23999999,-0.01229746,2.38237453,-3.05258083,1.28350806,0.13049299,0.00122106,0.30732447,
822,1.83772099,-2.39409494,2.72987294,6.00000000,0.34482422,-0.42700195,-0.20824508,0.71392077,-0.07690865,0.07000000,0.00366300,0.33985630,0.23999999,-0.23999999,-0.01229746,4.65479326,-5.70373583,0.72159541,0.07036792,0.00122106,0.45253384,
830,4.10263586,-1.19459987,5.62326574,6.00000000,0.34482422,-0.42377931,-0.42979845,0.12964106,0.09653051,0.07000000,0.00366300,0.35873929,0.23999999,-0.21126981,-0.01229746,6.78933096,-7.95870161,0.12882549,-0.03934634,0.00122106,0.57271641,
838,6.87153006,2.74745321,14.44111061,6.00000000,0.36254883,-0.38671875,-0.64669985,-0.80642527,0.16941360,0.07000000,0.00366300,0.30925304,-0.03415868,0.07395908,-0.01229746,8.75980759,-9.74766350,-0.79817146,-0.15556578,0.00122106,0.64097130,
845,12.94202805,0.72435284,15.42033863,5.00000000,-0.01772461,0.11279297,-0.12710112,-2.19950247,0.10456657,0.07000000,0.00366300,0.44503424,-0.23999999,0.23999999,-0.01229746,8.03549576,-9.46841145,-2.18605423,-0.90225196,0.00122106,0.50114655,
854,9.21186256,2.00046229,20.53136063,6.00000000,-0.35610351,0.42216796,0.24771449,-3.34294462,-0.19418699,0.07000000,0.00366300,0.17553896,-0.23999999,0.23999999,-0.01229746,5.55887365,-6.10690689,-3.29091811,-0.91094291,0.00122106,0.19997257,
862,-1.09278190,-2.91243958,20.53136063,6.00000000,-0.35771483,0.42377931,0.55537665,-3.03887725,-0.30899385,0.07000000,0.00366300,0.13805476,-0.23999999,0.23999999,-0.01229746,3.80307245,-4.25336742,-3.00686979,-0.07498693,0.00122106,0.07997409,
870,2.54041910,-1.42324615,18.50047874,6.00000000,-0.35126954,0.42539063,-0.28962463,-2.00783277,-0.15156892,0.07000000,0.00366300,-0.26039037,-0.23999999,0.23999999,-0.01229746,1.66329885,-0.82903141,-1.97565067,-0.39619488,0.00122106,-0.05378214,
878,-0.99102831,-1.55253303,11.59679890,6.00000000,-0.34804687,0.43022460,-0.32112360,-0.91732919,-0.08144092,0.07000000,0.00366300,-0.36365622,-0.23999999,0.23999999,-0.01229746,-0.69987702,1.88495564,-0.91251922,-0.18482861,0.00122106,-0.17022851,
886,-2.03968859,2.19798398,5.32638454,6.00000000,-0.35771483,0.42539063,-0.40838510,-0.09191637,-0.07775475,0.07000000,0.00366300,-0.50815225,-0.23999999,0.23999999,-0.01229746,-2.86059451,4.53087473,-0.10430312,-0.13240018,0.00122106,-0.29150093,
894,-2.38445377,1.52401626,1.10181582,6.00000000,-0.34804687,0.43666992,-0.09113592,0.70780164,-0.15434724,0.07000000,0.00366300,-0.63742644,-0.10525155,0.01921160,-0.01229746,-5.03702021,7.12443399,0.70077819,-0.01458912,0.00122106,-0.40756536,
902,-3.26192856,1.59105384,0.89711159,6.00000000,-0.15629883,0.04028320,0.15712191,1.42085135,-0.21177661,0.07000000,0.00366300,-0.47842211,0.23999999,-0.23999999,-0.01229746,-6.40884924,7.96044683,1.42114544,0.18979660,0.00122106,-0.43906164,
910,-1.63267434,0.60464275,-0.03782419,6.00000000,0.32226563,-0.41088867,0.38902614,1.84596264,-0.26714823,0.07000000,0.00366300,-0.20460834,0.23999999,-0.23999999,-0.01229746,-5.00560427,5.65312147,1.86209822,0.30756059,0.00122106,-0.26669830,
917,-0.01060273,-1.00904918,-0.90691942,5.00000000,0.33676758,-0.40444335,0.37286034,1.87335658,-0.26293805,0.07000000,0.00366300,0.00709535,0.23999999,-0.23999999,-0.01229746,-1.61617482,1.57254159,1.90182555,0.27856010,0.00122106,0.02228694,
926,2.29261923,-2.23009205,2.23906159,6.00000000,0.34804687,-0.42216796,-0.08115067,1.44663119,-0.14537174,0.07000000,0.00366300,0.17844141,0.23999999,-0.23999999,-0.01229746,1.28456235,-1.79419851,1.46656787,0.00541878,0.00122106,0.22601023,
934,5.00764418,-1.86018789,7.34349966,6.00000000,0.35288087,-0.43022460,-0.38847750,0.57523072,0.04313228,0.07000000,0.00366300,0.23505950,0.00387502,0.02712043,-0.01229746,3.59014225,-4.33539772,0.57665354,-0.20220989,0.00122106,0.34722844,
942,8.10574150,0.88596147,12.88368225,6.00000000,0.01611328,0.01772461,-0.69632763,-0.48054045,0.15085542,0.07000000,0.00366300,0.09302910,-0.23999999,0.23999999,-0.01229746,4.26383924,-4.56752682,-0.48114401,-0.34600842,0.00122106,0.30035207,
950,9.08496952,1.99447680,19.77419472,6.00000000,-0.32709962,0.41733399,0.00695842,-1.17459857,0.15001620,0.07000000,0.00366300,-0.42136645,-0.23999999,0.23999999,-0.01229746,2.97753191,-1.58824956,-1.16326416,-0.83879840,0.00122106,0.08411261,
958,0.67294186,-0.00827289,20.53136063,6.00000000,-0.35771483,0.44150391,0.31168544,-1.12890613,-0.00598050,0.07000000,0.00366300,-0.05740049,-0.23999999,0.23999999,-0.01229746,0.65973443,-0.49043754,-1.11591232,-0.08926213,0.00122106,-0.04174900,
966,5.45535994,0.53521091,17.02445412,6.00000000,-0.35610351,0.43022460,-0.05024024,-0.34652317,-0.11929323,0.07000000,0.00366300,-0.11045150,-0.23999999,0.23999999,-0.01229746,-1.51669109,1.98618472,-0.27613103,-0.77740461,0.00122106,-0.15906315,
974,-0.32184896,0.06594737,16.10149002,6.00000000,-0.35288087,0.42216796,-0.14830169,0.19573812,-0.08127806,0.07000000,0.00366300,-0.34677637,-0.15897796,0.11193009,-0.01229746,-2.94960642,4.03520107,0.19695964,-0.05409688,0.00122106,-0.25361887,
982,-1.59197295,-0.43324369,10.76481342,6.00000000,-0.23686524,0.20463867,-0.01418110,1.00101042,-0.08344426,0.07000000,0.00366300,-0.38892236,-0.04535948,-0.00700179,-0.01229746,-3.99331331,5.26914883,1.00189793,-0.06236496,0.00122106,-0.27655497,
989,-1.31544268,0.39874139,3.94253612,5.00000000,-0.08217774,-0.00161133,-0.01617280,1.44564223,-0.17679273,0.07000000,0.00366300,-0.13367087,0.15841842,-0.17584845,-0.01229746,-4.70017147,5.12777710,1.45216107,0.01283829,0.00122106,-0.26376680,
998,-0.38529530,1.60182774,-0.63038909,6.00000000,0.20786133,-0.30131835,0.22855768,1.64387679,-0.19312280,0.07000000,0.00366300,-0.01903637,0.23999999,-0.23999999,-0.01229746,-3.37895751,3.44527984,1.66373074,0.05889308,0.00122106,-0.13394605,
1006,-0.52894741,-1.04615927,-0.71179199,6.00000000,0.33676758,-0.42539063,0.47365648,1.40030956,-0.17058289,0.07000000,0.00366300,0.14111690,0.23999999,-0.23999999,-0.01229746,-0.64926249,0.16929694,1.42457736,0.15238008,0.00122106,0.07902868,
1014,1.04164886,-1.75364590,-1.22175694,6.00000000,0.34160155,-0.42055663,0.13895138,0.97270507,-0.09595986,0.07000000,0.00366300,0.14822598,0.23999999,-0.23999999,-0.01229746,2.29859853,-2.78205466,0.99091518,0.07044066,0.00122106,0.26752287,
1022,1.67012691,-1.21854186,2.23427320,6.00000000,0.35288087,-0.43022460,-0.25175059,0.47669539,0.02349110,0.07000000,0.00549451,0.23429659,0.23999999,-0.23999999,-0.01229746,4.78918314,-5.54316568,0.48571748,0.06579234,0.00122106,0.43052608,
1030,3.53401279,-0.88335359,4.58537912,6.00000000,0.35610351,-0.42700195,-0.42363039,-0.19378346,0.13442503,0.07000000,0.00549451,0.39608240,0.19161229,-0.13975099,-0.01229746,6.75616980,-8.02502346,-0.19199309,-0.04190519,0.00122106,0.54815048,
1038,6.35079098,1.94060731,7.88578653,6.00000000,0.27875978,-0.27392578,-0.45847225,-1.07656276,0.17466763,0.07000000,0.00549451,0.39452782,-0.14591551,0.19704215,-0.01229746,8.32522011,-9.60454655,-1.07021451,-0.19402713,0.00122106,0.60003895,
1046,9.86308479,2.52239823,13.29069710,6.00000000,-0.18369141,0.32226563,-0.08930882,-1.92002428,0.12008898,0.07000000,0.00549451,0.18626446,-0.23999999,0.23999999,-0.01229746,7.27976847,-7.88714266,-1.89983833,-0.65785706,0.00122106,0.43482083,
1054,9.83674908,-0.11361776,20.53136063,6.00000000,-0.32548827,0.43183595,0.06961835,-2.77178907,-0.02932560,0.07000000,0.00366300,0.05770139,-0.23999999,0.23999999,-0.01229746,3.56047177,-3.73675013,-2.73145270,-1.02339935,0.00122106,0.07773125,
1061,0.55442888,-0.60682333,20.53136063,5.00000000,-0.35932618,0.42216796,0.16941412,-2.23492146,-0.28190824,0.07000000,0.00366300,-0.06948615,-0.23999999,0.23999999,-0.01229746,2.10137653,-1.88321030,-2.21289706,0.04081464,0.00122106,-0.01684031,
1070,5.22791052,-0.28121188,17.10466003,6.00000000,-0.35932618,0.42700195,0.04296372,-0.98952091,-0.25966093,0.07000000,0.00366300,-0.33746260,-0.23999999,0.23999999,-0.01229746,-0.53756142,1.58126831,-0.96491969,-0.78286463,0.00122106,-0.15259203,
1078,-0.66182560,-1.90208638,13.53131390,6.00000000,-0.35932618,0.43666992,-0.04594586,-0.17442492,-0.25420472,0.07000000,0.00366300,-0.47212350,-0.23999999,0.19621651,-0.01229746,-2.08043242,3.58665156,-0.16875207,-0.08401191,0.00122106,-0.22872972,
1086,-0.77076179,0.28022841,7.14358377,6.00000000,-0.35449219,0.36093751,-0.29032311,0.68463027,-0.17610192,0.07000000,0.00366300,-0.54757309,-0.23999999,0.23999999,-0.01229746,-3.85543227,5.63741350,0.68282032,-0.22207770,0.00122106,-0.31234336,
1094,-2.24558997,0.94342232,4.27054167,6.00000000,-0.34643555,0.43183595,-0.24044693,1.38174260,-0.18296146,0.07000000,0.00366300,-0.63712710,-0.10095984,0.01525889,-0.01229746,-5.56934595,7.65850449,1.38306093,-0.09889726,0.00122106,-0.39941847,
1102,-2.56521606,1.22114968,3.55587268,6.00000000,-0.15307617,0.03383789,0.05513974,2.11972833,-0.19056261,0.07000000,0.00366300,-0.51592672,0.23999999,-0.23999999,-0.01229746,-6.60432577,8.27635193,2.12529540,0.06086320,0.00122106,-0.40498537,
1110,-1.59915555,0.69442528,2.20793700,6.00000000,0.31743163,-0.39799803,0.26978955,2.52120757,-0.26659888,0.07000000,0.00366300,-0.34049028,0.23999999,-0.23999999,-0.01229746,-4.89739418,5.99346066,2.53938603,0.22280328,0.00122106,-0.22616529,
1118,0.90278524,-1.91525459,-0.72136879,6.00000000,0.33999023,-0.42055663,0.34531307,2.39831257,-0.24316731,0.07000000,0.00366300,-0.13152614,0.23999999,-0.23999999,-0.01229746,-1.91288078,2.33525062,2.43955660,0.17751905,0.00122106,0.03008050,
1126,2.60386562,-0.87257969,3.76057673,6.00000000,0.34965819,-0.43022460,-0.12426819,1.70047677,-0.15350835,0.07000000,0.00366300,0.01880837,0.23999999,-0.23999999,-0.01229746,1.03323495,-1.10479343,1.73695505,-0.04929772,0.00122106,0.21141522,
1133,3.68843889,-1.30114186,7.53862715,5.00000000,0.35288087,-0.42216796,-0.33267435,0.90797997,-0.01471137,0.07000000,0.00366300,0.13196577,0.11955282,-0.10237028,-0.01229746,3.00545692,-3.44702530,0.91211247,-0.14531836,0.00122106,0.31711581,
1142,7.08102274,3.52796292,11.03416157,6.00000000,0.17885742,-0.19819336,-0.49750161,-0.26200035,0.06492788,0.07000000,0.00366300,0.18115821,-0.23999999,0.23999999,-0.01229746,4.35808706,-4.94451761,-0.25884235,-0.37539214,0.00122106,0.33512631,
1150,11.78443241,1.19601059,10.64510345,6.00000000,-0.31582031,0.39155275,-0.07513545,-1.32986665,0.03448387,0.07000000,0.00366300,0.09217367,-0.23999999,0.23999999,-0.01229746,2.23751211,-2.55167127,-1.32525277,-1.06126285,0.00122106,0.07907912,
1158,2.46739602,0.62619054,20.53136063,6.00000000,-0.35932618,0.42861328,0.17480958,-1.94136882,-0.10412431,0.07000000,0.00366300,-0.23617712,-0.23999999,0.23999999,-0.01229746,0.94247782,-0.20943952,-1.92863214,-0.08856308,0.00122106,-0.10200387,
1166,3.24072313,-2.68259621,18.07550812,6.00000000,-0.34643555,0.42539063,0.26006967,-0.96777368,-0.21879989,0.07000000,0.00366300,-0.09432926,-0.23999999,0.23999999,-0.01229746,-1.71391332,2.00538325,-0.94522983,-0.52339578,0.00122106,-0.21326756,
1174,0.36289275,0.31135303,16.29901123,6.00000000,-0.37060547,0.42377931,-0.23900320,-0.56104064,-0.18601309,0.07000000,0.00366300,-0.34300947,-0.23999999,0.23999999,-0.01229746,-3.11017656,4.21671581,-0.55346483,-0.20396093,0.00122106,-0.32090878,
1182,-1.18256450,-0.70618266,11.79910946,6.00000000,-0.35932618,0.42700195,-0.05236250,0.30385411,-0.12205876,0.07000000,0.00366300,-0.56933224,-0.23999999,0.22098669,-0.01229746,-4.42790031,6.25002432,0.30727106,-0.11625598,0.00122106,-0.38439599,
1190,-1.57521355,1.61858714,8.46877480,6.00000000,-0.35288087,0.38510743,-0.17701475,0.95896560,-0.13453208,0.07000000,0.00366300,-0.55023307,-0.23999999,0.16775222,-0.01229746,-6.22035313,8.01629734,0.95231235,-0.12946883,0.00122106,-0.46984237,
1198,-2.57000446,1.38754666,5.63882828,6.00000000,-0.35610351,0.30615234,-0.03114322,1.65922952,-0.13032410,0.07000000,0.00366300,-0.58443069,0.05038536,-0.12844542,-0.01229746,-7.96568251,9.84540176,1.65945935,0.02178223,0.00122106,-0.55044585,
1205,-2.24319577,0.69562238,3.82043195,5.00000000,0.05317383,-0.19013672,0.24722530,2.26252747,-0.16793792,0.07000000,0.00366300,-0.22951949,0.23999999,-0.23999999,-0.01229746,-8.33045673,9.07396698,2.27206802,0.17051342,0.00122106,-0.49068263,
1214,-0.05130416,-0.35662922,-0.56095725,6.00000000,0.33999023,-0.41088867,0.38828442,2.49661970,-0.19267286,0.07000000,0.00366300,0.04129767,0.23999999,-0.23999999,-0.01229746,-5.71071768,5.60076141,2.52826524,0.15760748,0.00122106,-0.24148749,
1222,2.69963360,-3.52655220,-0.58011085,6.00000000,0.34804687,-0.41088867,0.32430974,2.01367521,-0.14012212,0.07000000,0.00366300,0.25116092,0.19502015,-0.16033164,-0.01229746,-2.75587487,1.96524072,2.04623818,-0.13125022,0.00122106,-0.01834314,
1230,1.96820498,-2.35578775,3.83360004,6.00000000,0.28359374,-0.28681642,-0.20012161,1.33397722,-0.09015937,0.07000000,0.00366300,0.19902998,0.23999999,-0.23999999,-0.01229746,-0.02967060,-0.62133718,1.34521413,0.00071340,0.00122106,0.12404466,
1238,4.66168165,-1.42444324,7.05260420,6.00000000,0.35771483,-0.43344727,-0.46190336,0.58542627,0.10153981,0.07000000,0.00366300,0.22543612,-0.04150482,0.07149343,-0.01229746,1.89019167,-2.61624837,0.58728433,-0.19386213,0.00122106,0.21418002,
1246,6.85117912,4.71788120,12.06127453,6.00000000,-0.04833984,0.11762695,-0.33971903,-0.32347465,0.13505068,0.07000000,0.00366300,0.10710251,-0.23999999,0.23999999,-0.01229746,2.36492109,-2.71049643,-0.31494957,-0.32582483,0.00122106,0.16918436,
1254,9.03349400,0.87638462,14.27950191,6.00000000,-0.33193359,0.40122071,0.00950760,-1.13172364,0.07663461,0.07000000,0.00366300,-0.02466786,-0.23999999,0.23999999,-0.01229746,-0.62482786,0.69638640,-1.12632525,-0.93141758,0.00122106,-0.13591881,
1262,1.58154142,-0.53739148,20.53136063,6.00000000,-0.36093751,0.44633788,0.41346523,-1.56899190,-0.08133202,0.07000000,0.00366300,-0.17069785,-0.23999999,0.23999999,-0.01229746,-1.52541780,2.06472445,-1.57431388,-0.05818015,0.00122106,-0.25525999,
1270,4.69400358,-3.40564513,17.59906197,6.00000000,-0.35449219,0.41249999,0.14833739,-0.72643310,-0.28858152,0.07000000,0.00549451,-0.14684016,-0.23999999,0.23999999,-0.01229746,-4.02472925,4.51865721,-0.70856684,-0.70490396,0.00122106,-0.38188124,
1277,-0.81026608,-0.47155091,17.44343948,5.00000000,-0.35771483,0.42377931,-0.02490347,-0.37838265,-0.20937599,0.07000000,0.00549451,-0.41095823,-0.23999999,0.22496250,-0.01229746,-5.19759035,6.57116461,-0.37273824,0.00227106,0.00122106,-0.47674587,
1286,-0.18298526,-0.30874521,9.81910419,6.00000000,-0.35449219,0.40605468,-0.09824298,0.51556486,-0.20645216,0.07000000,0.00549451,-0.46959788,-0.23999999,0.23999999,-0.01229746,-7.30420303,8.82263947,0.51682186,-0.20587409,0.00122106,-0.57680970,
1294,-2.89681292,1.71555233,7.82114267,6.00000000,-0.36416015,0.43666992,-0.14717050,1.16899502,-0.17344823,0.07000000,0.00366300,-0.48668042,-0.10346751,0.03873792,-0.01229746,-9.07047653,10.64999962,1.16555572,0.00212768,0.00122106,-0.66238713,
1302,-3.22960687,1.15770340,4.91937065,6.00000000,-0.15952149,0.08701172,0.02435222,1.96431267,-0.19115995,0.07000000,0.00366300,-0.38163647,0.21501866,-0.23999999,-0.01229746,-10.13861847,11.37605572,1.96791005,0.13017204,0.00122106,-0.66829383,
1310,-1.70689464,0.88117307,1.96971393,6.00000000,0.28681642,-0.39316407,0.31877545,2.31618690,-0.25457495,0.07000000,0.00366300,-0.20885964,0.23999999,-0.23999999,-0.01229746,-8.57131195,9.24151802,2.33424473,0.23691803,0.00122106,-0.49920395,
1318,1.05361998,-1.72012711,-3.25563121,6.00000000,0.33676758,-0.40605468,0.39036873,2.28656411,-0.28290430,0.07000000,0.00366300,0.11107865,0.23999999,-0.23999999,-0.01229746,-5.67581081,5.29707432,2.33028460,0.13659415,0.00122106,-0.24093863,
1326,1.96940207,-1.71055031,0.94020718,6.00000000,0.35288087,-0.42700195,0.11372045,1.77692831,-0.25829333,0.07000000,0.00366300,0.22401698,0.23999999,-0.23999999,-0.01229746,-2.44520640,1.68598807,1.80278492,-0.01243097,0.00122106,-0.02190761,
1334,1.61865151,-1.51063442,6.01830912,6.00000000,0.35126954,-0.43022460,-0.28013191,1.05429780,-0.09197405,0.07000000,0.00366300,0.31802970,0.23999999,-0.23999999,-0.01229746,0.33335790,-1.32819557,1.05997801,0.09918645,0.00122106,0.14670728,
1342,4.43902111,0.89074987,9.63235664,6.00000000,0.36093751,-0.42055663,-0.47289020,0.14546873,0.01932135,0.07000000,0.00366300,0.42539799,0.12189655,-0.06494343,-0.01229746,2.32652402,-3.71406078,0.14857262,-0.03849895,0.00122106,0.23898627,
1349,7.50240231,5.30924892,13.27034569,5.00000000,0.18691406,-0.13374023,-0.22502039,-0.66037083,0.05393817,0.07000000,0.00366300,0.36130705,-0.23999999,0.23999999,-0.01229746,3.43131733,-4.61116028,-0.63940978,-0.33113003,0.00122106,0.25707957,
1358,11.88379097,0.69562238,15.19408703,6.00000000,-0.32065430,0.39316407,0.10241933,-1.91198826,-0.01938472,0.07000000,0.00366300,0.18829004,-0.23999999,0.23999999,-0.01229746,0.86742866,-1.46782184,-1.89987159,-1.00961328,0.00122106,-0.05804452,
1366,6.00961733,-1.74047780,20.53136063,6.00000000,-0.35126954,0.43828124,0.51423639,-2.30725360,-0.10780547,0.07000000,0.00366300,-0.02627864,-0.23999999,0.23999999,-0.01229746,-1.65980804,1.76278257,-2.27962160,-0.64419353,0.00122106,-0.30545142,
1374,0.50295353,-2.90405989,20.53136063,6.00000000,-0.35449219,0.41733399,0.08184252,-1.52665329,-0.14922057,0.07000000,0.00366300,-0.16092764,-0.23999999,0.23999999,-0.01229746,-3.57792497,4.08407068,-1.48344338,-0.15901566,0.00122106,-0.40460634,
1382,3.58189702,-0.22015974,15.67891312,6.00000000,-0.35932618,0.41733399,-0.14045444,-0.89515567,-0.02456487,0.07000000,0.00366300,-0.54015613,-0.23999999,0.23999999,-0.01229746,-5.29881954,7.05462122,-0.88380861,-0.58981109,0.00122106,-0.53994954,
1390,-2.41557837,0.88596147,11.13471794,6.00000000,-0.36254883,0.43505859,-0.20862159,0.03381536,0.01658641,0.07000000,0.00366300,-0.58484900,-0.23999999,0.23999999,-0.01229746,-7.08778238,8.95877457,0.03197008,-0.17354214,0.00122106,-0.60579020,
1398,-1.36931217,2.73189092,4.49200535,6.00000000,-0.35288087,0.42377931,-0.18453206,0.83266020,-0.01930065,0.07000000,0.00366300,-0.66481179,-0.23999999,0.23999999,-0.01229746,-8.90292454,11.04793453,0.82126188,-0.16560477,0.00122106,-0.70097476,
1406,-3.77309060,2.33086228,3.14047861,6.00000000,-0.34804687,0.44311523,0.08706983,1.60672140,-0.01960727,0.07000000,0.00366300,-0.88602436,0.04821047,-0.16676393,-0.01229746,-10.83151245,13.80380917,1.60480940,0.12566543,0.00122106,-0.81483281,
1414,-3.02250838,0.97813821,1.61776626,6.00000000,0.04833984,-0.27392578,0.36435965,2.31592798,-0.13349567,0.07000000,0.00366300,-0.60865277,0.23999999,-0.23999999,-0.01229746,-11.24864674,13.22785091,2.32782078,0.33131379,0.00122106,-0.75406754,
1421,-0.54211551,0.41190952,-2.41885781,5.00000000,0.33032227,-0.42055663,0.53503835,2.52362776,-0.20846169,0.07000000,0.00366300,-0.05785182,0.23999999,-0.23999999,-0.01229746,-9.42303276,9.61850929,2.56066561,0.44277647,0.00122106,-0.52920133,
1430,-0.14348093,-3.39487123,-0.52265006,6.00000000,0.35288087,-0.41411132,0.37649038,2.35258698,-0.16657086,0.07000000,0.00366300,0.01683144,0.23999999,-0.23999999,-0.01229746,-5.82416391,5.74387884,2.38836241,0.26442432,0.00122106,-0.25204977,
1438,1.37085164,-2.38092685,4.98760509,6.00000000,0.33999023,-0.42700195,-0.20978391,1.64248610,-0.01497700,0.07000000,0.00366300,0.15101875,0.23999999,-0.23999999,-0.01229746,-2.54119945,2.04552579,1.65745163,0.10282785,0.00122106,-0.05466697,
1446,3.50169110,-1.29036784,6.75692034,6.00000000,0.35126954,-0.42861328,-0.57036197,0.87012565,0.16448180,0.07000000,0.00366300,0.26857227,0.19773780,-0.16148761,-0.01229746,-0.05061455,-0.80634212,0.87578887,-0.02216040,0.00122106,0.10022445,
1454,6.85716486,5.94012117,16.30379868,6.00000000,0.29648438,-0.28681642,-0.64085579,-0.02483058,0.19865896,0.07000000,0.00366300,0.26916867,-0.16549663,0.20128565,-0.01229746,1.63537347,-2.50629282,-0.01662111,-0.19309837,0.00122106,0.15785137,
1462,11.85984898,2.35121298,18.01685143,6.00000000,-0.21591797,0.32709962,-0.03250440,-1.38755345,0.08266855,0.07000000,0.00366300,0.35397592,-0.23999999,0.23999999,-0.01229746,-0.03665191,-1.13097346,-1.38017738,-0.88428468,0.00122106,-0.06510709,
1470,7.02715302,0.02404884,20.53136063,6.00000000,-0.34804687,0.43183595,0.59680265,-2.21299291,-0.20749030,0.07000000,0.00366300,0.12025085,-0.23999999,0.23999999,-0.01229746,-2.48185825,2.10835791,-2.18573213,-0.91526198,0.00122106,-0.33788288,
1478,-0.58880246,-4.11911726,20.53136063,6.00000000,-0.35771483,0.41733399,0.44284880,-1.85968900,-0.35537213,0.07000000,0.00366300,0.08052909,-0.23999999,0.23999999,-0.01229746,-4.29874611,4.05439997,-1.84184778,-0.00374931,0.00122106,-0.45929351,
1486,2.48056412,0.08629808,18.16050339,6.00000000,-0.36093751,0.41733399,-0.06941283,-1.14022791,-0.16470870,0.07000000,0.00549451,-0.50266403,-0.23999999,0.23999999,-0.01229746,-5.62170553,7.23788071,-1.12003899,-0.48083562,0.00122106,-0.58001137,
1493,-2.41797256,-1.61717641,12.27555561,5.00000000,-0.35771483,0.43828124,-0.05497450,-0.40721396,-0.04019319,0.07000000,0.00549451,-0.66643929,-0.23999999,0.23999999,-0.01229746,-7.26056957,9.37940025,-0.39688027,-0.07181418,0.00122106,-0.66245067,
1502,-1.24361658,2.85878372,3.57742047,6.00000000,-0.35449219,0.43666992,-0.44482103,0.50069690,0.04617910,0.07000000,0.00549451,-0.73753464,-0.23999999,0.23999999,-0.01229746,-9.46666622,11.86998367,0.48312265,-0.26840210,0.00122106,-0.77636367,
1510,-3.68689942,2.03637528,1.31849110,6.00000000,-0.34482422,0.42539063,-0.11524162,1.24325740,0.00592748,0.07000000,0.00549451,-0.88487434,-0.23999999,0.15795942,-0.01229746,-11.59422207,14.41991043,1.24108183,-0.03976914,0.00122106,-0.89390570,
1518,-3.61028504,1.73710012,-0.03542999,6.00000000,-0.34321290,0.28681642,0.16089982,1.91445732,-0.08103435,0.07000000,0.00549451,-0.84878463,0.10397631,-0.21712038,-0.01229746,-13.83173466,16.58761024,1.92346632,0.18703668,0.00122106,-1.01151299,
1526,-2.50057244,1.70118713,-0.11084734,6.00000000,0.12407227,-0.36416015,0.41051662,2.42143202,-0.14078094,0.07000000,0.00366300,-0.32727611,0.23999999,-0.23999999,-0.01229746,-14.24886799,15.29606628,2.43567753,0.38445970,0.00122106,-0.94415033,
1534,-2.47184205,-1.71533871,-0.15633717,6.00000000,0.33032227,-0.42377931,0.54965186,2.57325935,-0.27171314,0.07000000,0.00366300,0.26382840,0.23999999,-0.23999999,-0.01229746,-11.79842567,11.03397179,2.60740852,0.53834122,0.00122106,-0.67126602,
1542,-1.41839337,-1.52619672,2.55629325,6.00000000,0.33193359,-0.42055663,0.21126407,2.37136960,-0.04437140,0.07000000,0.00366300,0.19484568,0.23999999,-0.23999999,-0.01229746,-7.79464054,7.18901110,2.39162207,0.38907328,0.00122106,-0.39331320,
1550,0.97820258,-2.51141071,6.48278427,6.00000000,0.35126954,-0.41249999,0.05285602,1.98572040,0.04002393,0.07000000,0.00366300,0.33401009,0.23999999,-0.23999999,-0.01229746,-4.65653801,3.56570768,1.99146390,0.13191548,0.00122106,-0.16092610,
1558,4.44380951,-3.75400138,8.05098629,6.00000000,0.33837891,-0.41894531,-0.60931122,1.04222929,0.16107972,0.07000000,0.00549451,0.47832939,0.22790772,-0.16300307,-0.01229746,-2.03679919,0.46774822,1.03411353,0.00826855,0.00122106,-0.02145973,
1565,7.04750395,4.81125498,19.62575531,5.00000000,0.33032227,-0.29487306,-0.59476298,0.06598432,0.33427271,0.07000000,0.00549451,0.30012348,-0.04468779,0.08471175,-0.01229746,0.16755162,-1.13620937,0.07320219,-0.08576014,0.00122106,0.05592146,
1574,13.17187214,2.45775485,20.53136063,6.00000000,-0.04833984,0.13696289,-0.40550861,-1.40566611,0.38274220,0.07000000,0.00549451,0.15057744,-0.23999999,0.23999999,-0.01229746,-0.43284163,-0.04363323,-1.39865577,-0.83971739,0.00122106,-0.12327816,
1582,6.31607533,3.13890529,20.53136063,6.00000000,-0.33032227,0.42377931,0.35601994,-2.37960124,0.21714091,0.07000000,0.00549451,0.13656372,-0.23999999,0.23999999,-0.01229746,-2.95658755,2.50454736,-2.35412860,-0.41769031,0.00122106,-0.38496804,
1590,-1.37410057,-3.96588826,20.53136063,6.00000000,-0.35932618,0.42861328,0.23162286,-2.35193324,-0.09866871,0.07000000,0.00549451,0.14620459,-0.23999999,0.23999999,-0.01229746,-4.64606667,4.16959143,-2.32411218,-0.12634504,0.00122106,-0.51165199,
1598,1.05002856,1.79216683,15.42153645,6.00000000,-0.35932618,0.42216796,0.21502721,-1.15759909,-0.07636506,0.07000000,0.00366300,-0.21675503,-0.23999999,0.23999999,-0.01229746,-6.43851948,7.11745262,-1.13676655,-0.35656279,0.00122106,-0.60021234,
1606,-3.22840977,-0.50267553,8.82790470,6.00000000,-0.34804687,0.43022460,0.23626833,-0.54697627,-0.07748203,0.07000000,0.00366300,-0.22248662,-0.22759488,0.19815361,-0.01229746,-8.45786572,9.21010303,-0.54918355,0.12831807,0.00122106,-0.71349436,
1614,-2.90399551,0.76505429,2.32884431,6.00000000,-0.32226563,0.35610351,-0.10613319,0.39204359,0.02501033,0.07000000,0.00366300,-0.27712986,-0.12207851,0.08586949,-0.01229746,-10.71457672,11.58025932,0.38539559,0.12508167,0.00122106,-0.81984222,
1622,-3.41156626,1.72632623,-0.29759508,6.00000000,-0.17563477,0.15146485,-0.13966137,0.98572880,-0.04565389,0.07000000,0.00366300,-0.11760350,0.07286975,-0.08695835,-0.01229746,-12.28537273,12.67632580,0.98737556,0.20112646,0.00122106,-0.87453407,
1630,-2.66457534,2.68999243,-3.37055302,6.00000000,0.09829102,-0.14501953,0.26548409,1.52599967,-0.06688857,0.07000000,0.00366300,0.00884666,0.23999999,-0.23999999,-0.01229746,-12.12305641,12.08291435,1.54536676,0.31441593,0.00122106,-0.80420172,
1637,-3.36368227,0.17967194,-2.32428670,5.00000000,0.33515626,-0.41733399,0.49057275,1.76281357,-0.17662865,0.07000000,0.00366300,0.28786829,0.23999999,-0.23999999,-0.01229746,-9.94488621,9.08094788,1.77456987,0.47285599,0.00122106,-0.58878982,
1646,-1.87808001,-1.08566368,-1.21457434,6.00000000,0.33032227,-0.41894531,0.36625600,1.79003668,-0.14760500,0.07000000,0.00366300,0.36220568,0.23999999,-0.23999999,-0.01229746,-6.01615000,4.84503412,1.81362605,0.40212724,0.00122106,-0.28044489,
1654,-0.39606920,-1.62435901,4.34595919,6.00000000,0.33999023,-0.41088867,0.18741260,1.42786705,0.05057119,0.07000000,0.00366300,0.52123368,0.23999999,-0.23999999,-0.01229746,-2.82568789,1.13795459,1.43637097,0.23333360,0.00122106,-0.03687367,
1662,2.78223348,-3.38409734,7.45483017,6.00000000,0.33837891,-0.41894531,-0.27816755,0.75811201,0.12354130,0.07000000,0.00366300,0.53270394,0.23999999,-0.23999999,-0.01229746,0.15184364,-1.85703039,0.74613130,0.10788944,0.00122106,0.13918172,
1670,4.92983246,-0.93961734,15.18091869,6.00000000,0.35449219,-0.43505859,-0.66657102,-0.12863959,0.19550224,0.07000000,0.00366300,0.44162703,0.23999999,-0.20119560,-0.01229746,2.47313142,-3.91651869,-0.13849175,0.09906874,0.00122106,0.23178923,
1678,11.49353600,1.70956683,19.94418335,6.00000000,0.35610351,-0.37221679,-0.26202393,-1.29958844,0.32665247,0.07000000,0.00366300,0.35903695,-0.23999999,0.23999999,-0.01229746,3.74722195,-4.90437508,-1.28946292,-0.62794828,0.00122106,0.23152424,
1686,9.25735188,4.58739710,20.53136063,6.00000000,-0.31259766,0.39155275,0.10310303,-2.84770966,0.30993643,0.07000000,0.00549451,0.31585804,-0.23999999,0.23999999,-0.01229746,2.03679919,-3.05607152,-2.80995393,-0.38777846,0.00122106,-0.02005096,
1694,3.55795479,-0.66069287,20.53136063,6.00000000,-0.34321290,0.42539063,0.44589195,-3.30347204,0.12584558,0.07000000,0.00549451,0.29855949,-0.23999999,0.23999999,-0.01229746,-1.54112577,0.60213858,-3.25567913,-0.64480799,0.00122106,-0.33251759,
1702,-2.40360737,-1.87694728,20.53136063,6.00000000,-0.35771483,0.43022460,-0.04525995,-2.43450499,-0.04879336,0.07000000,0.00366300,0.03207576,-0.23999999,0.23999999,-0.01229746,-3.24107647,3.13286591,-2.39939451,0.01153171,0.00122106,-0.42434108,
1709,-0.46430394,1.07869470,13.08000660,5.00000000,-0.34965819,0.43666992,0.19082618,-1.57800508,0.03921943,0.07000000,0.00366300,-0.42204779,-0.23999999,0.23999999,-0.01229746,-4.59719706,5.94808197,-1.56653309,-0.19870199,0.00122106,-0.51658970,
1718,-4.74753094,0.64175290,6.02070332,6.00000000,-0.35288087,0.42861328,-0.18750124,-0.54456663,0.10012119,0.07000000,0.00366300,-0.36935344,-0.18946055,0.13982801,-0.01229746,-7.08080101,8.28682327,-0.55435932,0.13660218,0.00122106,-0.62721580,
1726,-2.73520422,2.57746506,0.73430586,6.00000000,-0.28198242,0.25297850,-0.24892649,0.29289153,0.13444664,0.07000000,0.00366300,-0.35322469,-0.17142157,0.12456642,-0.01229746,-9.07571220,10.23112011,0.27886152,0.07284023,0.00122106,-0.71419799,
1734,-1.84216702,2.70914602,-2.62595630,6.00000000,-0.25458986,0.23041992,-0.00524793,0.76333165,0.14583649,0.07000000,0.00366300,-0.33022979,-0.05762747,0.01427445,-0.01229746,-10.52608013,11.56455135,0.76185679,0.11509142,0.00122106,-0.78007019,
1742,-4.01849651,0.93384546,-1.60602629,6.00000000,-0.09829102,0.04833984,0.43117288,1.33621740,0.02672232,0.07000000,0.00366300,-0.19714403,0.23999999,-0.23999999,-0.01229746,-11.16138077,11.80366135,1.34496880,0.45807680,0.00122106,-0.77345282,
1750,-2.40600157,-1.38254464,-1.13317144,6.00000000,0.32709962,-0.38994139,0.47791651,1.79485548,-0.07855457,0.07000000,0.00366300,0.08923417,0.23999999,-0.23999999,-0.01229746,-9.48586464,9.23802757,1.81514621,0.43555236,0.00122106,-0.57558966,
1758,-1.46986866,-1.88173568,0.28180173,6.00000000,0.32871094,-0.41088867,0.29490602,1.91811645,-0.02269326,0.07000000,0.00366300,0.30252999,0.23999999,-0.23999999,-0.01229746,-5.73864222,4.83107138,1.93974507,0.37908739,0.00122106,-0.25546661,
1766,0.02052189,-0.70019716,4.89303398,6.00000000,0.33837891,-0.42377931,0.06400637,1.57165158,0.14733730,0.07000000,0.00366300,0.32268521,0.23999999,-0.23999999,-0.01229746,-2.65988159,1.62664676,1.58400464,0.22001471,0.00122106,-0.04574141,
1774,4.07390547,-4.15383291,7.87142134,6.00000000,0.34160155,-0.43022460,-0.37580442,0.74774230,0.23820956,0.07000000,0.00549451,0.31047386,0.14821248,-0.10660416,-0.01229746,0.23736478,-1.24616516,0.73979735,-0.04802744,0.00122106,0.11552685,
1781,3.98053145,1.59703934,19.10621262,5.00000000,0.21914062,-0.20141602,-0.63093954,-0.17280580,0.28916416,0.07000000,0.00549451,0.20984037,0.19229090,-0.16485386,-0.01229746,1.63537347,-2.31081581,-0.17659038,0.09649865,0.00122106,0.13570406,
1790,9.10531998,1.22713518,20.53136063,6.00000000,0.29970703,-0.29648438,-0.26274630,-1.20997763,0.29572114,0.07000000,0.00549451,0.40650472,-0.23999999,0.23999999,-0.01229746,1.69471467,-3.01243830,-1.20398927,-0.69244528,0.00122106,0.08760725,
1798,9.25495815,3.96131349,20.53136063,6.00000000,-0.32548827,0.39316407,0.21624757,-2.67101049,0.14784911,0.07000000,0.00366300,0.41649544,-0.23999999,0.23999999,-0.01229746,-0.38571778,-0.94945914,-2.63446307,-0.52421075,0.00122106,-0.17724061,
1806,-2.64422464,-6.84731007,20.53136063,6.00000000,-0.34804687,0.42539063,0.24642633,-2.94915342,-0.06371943,0.07000000,0.00366300,0.28136522,-0.23999999,0.23999999,-0.01229746,-1.81688774,0.90582591,-2.93658113,-0.14918214,0.00122106,-0.32749456,
1814,-0.03693895,0.65970939,16.76588058,6.00000000,-0.36577147,0.42861328,-0.12065762,-1.97359467,-0.10062686,0.07000000,0.00366300,-0.30129105,-0.23999999,0.23999999,-0.01229746,-3.47669578,4.42790031,-1.94244957,-0.17157254,0.00122106,-0.44627839,
1822,-3.30622149,-0.84145510,10.61158466,6.00000000,-0.35610351,0.44472656,0.14482956,-1.12020659,-0.01173318,0.07000000,0.00366300,-0.30753264,-0.23999999,0.22428940,-0.01229746,-5.48906040,6.46819019,-1.11646402,0.12079529,0.00122106,-0.54159278,
1830,-4.85287571,2.78695750,3.90063763,6.00000000,-0.35932618,0.40122071,-0.25355446,-0.25200018,-0.03548901,0.07000000,0.00366300,-0.33211601,0.01697454,-0.06136522,-0.01229746,-7.62708902,8.73886395,-0.26595885,0.25418490,0.00122106,-0.64448154,
1838,-4.52247572,2.17643619,0.56790882,6.00000000,0.01611328,-0.07734375,0.06730679,0.57516605,-0.08101641,0.07000000,0.00366300,-0.28429356,0.23999999,-0.23999999,-0.01229746,-8.28856850,9.22232056,0.56680882,0.37604722,0.00122106,-0.62361640,
1846,-2.82019854,2.91265321,-5.07163334,6.00000000,0.32871094,-0.41894531,0.34716058,0.91378963,-0.12997642,0.07000000,0.00366300,0.17382970,0.23999999,-0.23999999,-0.01229746,-6.63225126,6.02487659,0.91838992,0.53948373,0.00122106,-0.41302457,
1853,-1.99060750,2.40149117,-5.22605944,5.00000000,0.33515626,-0.41088867,0.44015199,1.02577055,-0.24492788,0.07000000,0.00366300,0.39903259,0.23999999,-0.23999999,-0.01229746,-3.44004416,2.13628292,1.04837441,0.49980274,0.00122106,-0.13613355,
1862,-2.01933789,-2.54014111,-0.27365306,6.00000000,0.33837891,-0.41894531,0.54217052,0.73549390,-0.16536298,0.07000000,0.00366300,0.46802154,0.23999999,-0.23999999,-0.01229746,0.00174533,-1.50796449,0.74211353,0.34728503,0.00122106,0.11394884,
1870,0.84771860,-2.50303102,3.27814507,6.00000000,0.35126954,-0.43344727,0.20370626,0.33341593,-0.05811678,0.07000000,0.00366300,0.51862723,0.23999999,-0.23999999,-0.01229746,2.55516195,-4.17657280,0.32917076,0.12141249,0.00122106,0.27928755,
1878,4.15650511,-2.06968045,8.20182133,6.00000000,0.34643555,-0.43989259,-0.33622333,-0.26817790,0.07678198,0.07000000,0.00366300,0.57161844,0.18583170,-0.10952348,-0.01229746,4.56578159,-6.41059399,-0.27762222,0.00359248,0.00122106,0.39705154,
1886,8.63845062,-2.70414400,15.20486069,6.00000000,0.28198242,-0.20786133,-0.46470332,-1.19137192,0.03565017,0.07000000,0.00366300,0.56872237,-0.23999999,0.23999999,-0.01229746,5.53618479,-7.41241360,-1.20302391,-0.24866614,0.00122106,0.40161115,
1894,13.03899384,4.13848448,20.53136063,6.00000000,-0.32548827,0.39316407,-0.57079875,-2.21604872,0.08156352,0.07000000,0.00366300,-0.12480533,-0.23999999,0.23999999,-0.01229746,4.12944889,-3.73325920,-2.16943622,-0.53884798,0.00122106,0.13541445,
1902,3.26227093,3.94934249,20.53136063,6.00000000,-0.33515626,0.43989259,-0.22656398,-2.85833073,0.17716748,0.07000000,0.00366300,-0.27341992,-0.23999999,0.23999999,-0.01229746,0.66846108,0.17976892,-2.82663059,-0.46178102,0.00122106,-0.19668055,
1910,-0.24284029,2.15608549,20.53136063,6.00000000,-0.35449219,0.43505859,0.06530321,-2.01392341,-0.08086750,0.07000000,0.00366300,-0.04419254,-0.23999999,0.23999999,-0.01229746,-2.03679919,2.17991614,-1.97804856,-0.11816958,0.00122106,-0.31095296,
1918,0.64540851,0.37001097,14.08198071,6.00000000,-0.34965819,0.43344727,0.34208697,-1.34591627,-0.19728293,0.07000000,0.00366300,-0.39184570,-0.23999999,0.23999999,-0.01229746,-3.86764979,5.09636164,-1.30596781,-0.30104300,0.00122106,-0.44301438,
1925,-5.60585213,-0.77441740,10.29315567,5.00000000,-0.35771483,0.43505859,0.42571533,-0.49725947,-0.30551562,0.07000000,0.00366300,-0.38097274,0.23999999,-0.23999999,-0.01229746,-5.48731518,6.68635654,-0.49490750,0.42240062,0.00122106,-0.50098747,
1934,-3.36966777,0.11622560,2.97647572,6.00000000,0.33999023,-0.40283203,0.22864871,0.45470762,-0.28372940,0.07000000,0.00366300,-0.31643224,0.23999999,-0.23999999,-0.01229746,-4.51167631,5.53269386,0.45014578,0.30765980,0.00122106,-0.34981433,
1942,0.47661731,2.14172029,-7.14980030,6.00000000,0.33837891,-0.41249999,0.33975151,0.66372025,-0.28509113,0.07000000,0.00366300,-0.08838654,0.23999999,-0.23999999,-0.01229746,-1.35961151,1.60046685,0.66948450,0.28475547,0.00122106,-0.05504170,
1950,-2.24798417,1.18523669,-3.70574117,6.00000000,0.33999023,-0.42700195,0.14765166,0.43586531,-0.27173340,0.07000000,0.00366300,-0.01492961,0.23999999,-0.23999999,-0.01229746,1.83783174,-1.80990636,0.44815934,0.47149253,0.00122106,0.17401096,
1958,-2.45029426,-1.63992131,-0.30597478,6.00000000,0.34643555,-0.41894531,0.30323878,0.28299782,-0.21763426,0.07000000,0.00366300,0.11540060,0.23999999,-0.23999999,-0.01229746,4.42615509,-4.80140066,0.31628069,0.52705359,0.00122106,0.37294441,
1966,1.93348908,-1.96912408,-0.89135712,6.00000000,0.34804687,-0.42539063,-0.19559281,-0.10655691,-0.06790765,0.07000000,0.00366300,0.16049227,0.23999999,-0.23999999,-0.01229746,6.85216284,-7.36878014,-0.10302508,0.13537598,0.00122106,0.53679645,
1974,2.10706878,-0.10763226,4.64164305,6.00000000,0.35288087,-0.42700195,-0.79968303,-0.65174645,0.12623516,0.07000000,0.00366300,0.14502448,0.23999999,-0.23999999,-0.01229746,9.14901638,-9.61850929,-0.65241283,0.13987230,0.00122106,0.66704422,
1982,6.42501163,0.88715857,8.87459183,6.00000000,0.36093751,-0.43828124,-0.64595377,-1.38748467,0.27246997,0.07000000,0.00366300,0.11512968,-0.23999999,0.23999999,-0.01229746,11.03397179,-11.41968918,-1.38617456,-0.30099896,0.00122106,0.74855161,
1990,10.29643536,4.58021450,20.53136063,6.00000000,-0.32871094,0.37705079,-0.30624473,-2.35692716,0.13712473,0.07000000,0.00366300,-0.02448435,-0.23999999,0.23999999,-0.01229746,9.93266869,-9.88554573,-2.32385564,-0.57764047,0.00122106,0.57823259,
1997,11.87182045,1.11580479,20.53136063,5.00000000,-0.32065430,0.40766603,-0.01177420,-3.28492737,0.06501149,0.07000000,0.00366300,-0.15426621,-0.23999999,0.23999999,-0.01229746,5.01782179,-4.50644016,-3.29728127,-1.31923079,0.00122106,0.12144288,
2006,2.73913789,1.82568562,20.53136063,6.00000000,-0.35126954,0.42539063,0.43221456,-3.23532414,-0.11229485,0.07000000,0.00366300,-0.01982929,-0.23999999,0.23999999,-0.01229746,2.02109122,-1.96698606,-3.22232175,0.14414763,0.00122106,-0.10074834,
2014,3.52443600,-2.34022546,19.25106239,6.00000000,-0.35771483,0.41249999,-0.04157668,-1.98216248,-0.22547048,0.07000000,0.00366300,-0.20701870,-0.23999999,0.23999999,-0.01229746,-0.58293998,1.25838232,-1.95072031,-0.64243037,0.00122106,-0.21827947,
2022,-2.64302754,-0.00827289,14.14782047,6.00000000,-0.35288087,0.43344727,-0.02327203,-1.16911387,-0.18563199,0.07000000,0.00366300,-0.64156967,-0.21449845,0.12679432,-0.01229746,-1.75580120,3.82052565,-1.16427660,0.10500765,0.00122106,-0.30269021,
2030,-3.54803586,-1.54535043,6.73656940,6.00000000,-0.31743163,0.24492188,-0.28354096,-0.20652342,-0.12376643,0.07000000,0.00366300,-0.31233203,-0.17938495,0.13704945,-0.01229746,-3.87288547,4.88866711,-0.20312697,0.00856729,0.00122106,-0.34659794,
2038,-1.99300170,2.72829962,0.42425674,6.00000000,-0.26264650,0.25458986,-0.38666987,0.56078380,-0.20520933,0.07000000,0.00366300,-0.27715105,-0.10411695,0.06703308,-0.01229746,-5.29183865,6.17672014,0.55101639,-0.01646738,0.00122106,-0.39664871,
2046,-3.43909955,1.14453518,-0.08091982,6.00000000,-0.15468749,0.13212891,0.12213504,1.14513361,-0.17899400,0.07000000,0.00366300,-0.11054765,0.23999999,-0.23999999,-0.01229746,-6.28667641,6.64097786,1.15007651,0.25692707,0.00122106,-0.40470779,
2054,-2.88603902,0.62619054,-1.33428442,6.00000000,0.31904298,-0.40605468,0.20049872,1.60793626,-0.29300368,0.07000000,0.00366300,0.04587305,0.23999999,-0.23999999,-0.01229746,-4.86423302,4.69842672,1.62305903,0.33172792,0.00122106,-0.24244173,
2062,0.03728130,-0.67984647,-4.15345669,6.00000000,0.34482422,-0.41411132,0.43042973,1.66429949,-0.31974107,0.07000000,0.00366300,0.15630192,0.23999999,-0.23999999,-0.01229746,-1.44862330,0.90757120,1.69620264,0.22782987,0.00122106,0.03773984,
2069,1.05481708,-2.36775875,-0.11324155,5.00000000,0.35126954,-0.43183595,0.16488598,1.30443287,-0.19324411,0.07000000,0.00366300,0.27713886,0.23999999,-0.23999999,-0.01229746,1.15017200,-2.09439516,1.32309771,0.09025261,0.00122106,0.22260204,
2078,1.67132401,-2.85258460,6.00394392,6.00000000,0.34804687,-0.42539063,-0.35862607,0.59351623,-0.12612338,0.07000000,0.00366300,0.33781078,0.23999999,-0.23999999,-0.01229746,3.71929669,-4.79965544,0.59289724,0.14184102,0.00122106,0.37379718,
2086,6.09580851,0.04439955,8.48313999,6.00000000,0.34643555,-0.42216796,-0.55205917,-0.25449941,0.05943939,0.07000000,0.00366300,0.42417282,-0.01430805,0.07041200,-0.01229746,5.67231989,-7.03018618,-0.25337368,-0.15739103,0.00122106,0.46031088,
2094,11.88259411,3.21551967,14.49976826,6.00000000,-0.00322266,0.09506836,-0.14837007,-1.22806537,0.02133207,0.07000000,0.00366300,0.39225399,-0.23999999,0.23999999,-0.01229746,5.71595335,-7.01447821,-1.21193862,-0.73051965,0.00122106,0.39282587,
2102,11.82513332,1.89751172,20.53136063,6.00000000,-0.33032227,0.39960939,-0.10834238,-2.44665980,-0.07770434,0.07000000,0.00366300,0.06715706,-0.23999999,0.23999999,-0.01229746,2.70351481,-2.91295433,-2.41449451,-0.96785158,0.00122106,0.03128421,
2110,0.80821425,-1.40648663,20.53136063,6.00000000,-0.34804687,0.43828124,0.71998060,-2.76981282,-0.14104162,0.07000000,0.00366300,-0.03706795,-0.23999999,0.23999999,-0.01229746,1.04021621,-0.94596845,-2.74612880,-0.04801673,0.00122106,-0.13401839,
2118,5.63013649,-4.13827085,18.55195427,6.00000000,-0.35771483,0.40766603,-0.16934523,-1.45528352,-0.28301451,0.07000000,0.00366300,-0.29715419,-0.23999999,0.23999999,-0.01229746,-1.26885426,2.26020145,-1.43023419,-0.82745510,0.00122106,-0.25099808,
2126,-0.79590088,1.35642207,14.78827000,6.00000000,-0.35288087,0.43505859,-0.22458741,-0.91391176,-0.11322998,0.07000000,0.00366300,-0.79713428,-0.23999999,0.23999999,-0.01229746,-2.46964097,5.05272818,-0.91127455,-0.09662670,0.00122106,-0.35765159,
2134,-2.76273751,-0.25726986,6.34392023,6.00000000,-0.36254883,0.43183595,-0.40376148,0.03683335,-0.08758010,0.07000000,0.00366300,-0.77932239,-0.23999999,0.23999999,-0.01229746,-4.73158789,7.26406050,0.03645450,-0.18325296,0.00122106,-0.45361421,
2141,-2.03130889,2.82526493,2.16962981,5.00000000,-0.35610351,0.43505859,-0.23634514,0.86068743,-0.07672529,0.07000000,0.00366300,-1.00795388,-0.23999999,0.23999999,-0.01229746,-6.49611568,9.67086887,0.84573227,-0.16797933,0.00122106,-0.54929751,
2150,-2.72323322,1.85321891,0.17166846,6.00000000,-0.34643555,0.43505859,0.03444761,1.60287011,-0.13774729,0.07000000,0.00366300,-1.18879819,-0.10564113,-0.05441034,-0.01229746,-8.77726078,12.62396622,1.60176837,-0.00951192,0.00122106,-0.69193679,
2158,-3.27030826,1.18403959,0.91147679,6.00000000,-0.16435547,-0.07573242,0.24960467,2.26642346,-0.17309971,0.07000000,0.00366300,-0.93380100,0.23999999,-0.23999999,-0.01229746,-10.07927608,13.07775211,2.27663851,0.20169149,0.00122106,-0.70466596,
2166,-1.35374987,1.22833228,-0.91410202,6.00000000,0.32871094,-0.41733399,0.44999945,2.65676808,-0.31012771,0.07000000,0.00366300,-0.36354092,0.23999999,-0.23999999,-0.01229746,-8.81216717,9.98851871,2.68187380,0.39495137,0.00122106,-0.50571835,
2174,-0.82822263,-2.33184552,1.04196084,6.00000000,0.32871094,-0.40605468,0.51213729,2.60449982,-0.22051667,0.07000000,0.00366300,-0.16063599,0.23999999,-0.23999999,-0.01229746,-5.09985209,5.61821461,2.64145994,0.41689092,0.00122106,-0.20313835,
2182,1.66533852,-2.98306847,2.81366992,6.00000000,0.34160155,-0.42055663,-0.02508676,2.29644275,-0.14635889,0.07000000,0.00366300,-0.05669308,0.23999999,-0.23999999,-0.01229746,-1.97745812,2.12581110,2.32543421,0.07026935,0.00122106,0.01814492,
2190,4.89990473,-1.86856759,6.94725943,6.00000000,0.35288087,-0.43666992,-0.38811353,1.38055420,0.06582292,0.07000000,0.00549451,-0.10564803,-0.05718226,0.04232487,-0.01229746,0.94247782,-0.57246798,1.38849568,-0.27317217,0.00122106,0.16625515,
2198,7.82681656,1.10622799,13.10155487,6.00000000,-0.05961914,0.04833984,-0.67647779,0.30412948,0.27111328,0.07000000,0.00549451,-0.33781430,-0.23999999,0.23999999,-0.01229746,1.30201554,-0.19896753,0.29317594,-0.57895970,0.00122106,0.08089787,
2206,10.95125008,2.98088789,20.53136063,6.00000000,-0.33999023,0.41249999,-0.23880664,-0.61464041,0.43316096,0.07000000,0.00366300,-0.67646307,-0.23999999,0.23999999,-0.01229746,-0.34208453,2.48883963,-0.62850809,-1.13027787,0.00122106,-0.15587455,
2213,0.42873329,2.25664186,20.53136063,5.00000000,-0.34321290,0.44956055,-0.13560826,-0.82610023,0.53210175,0.07000000,0.00366300,-0.23557368,-0.23999999,0.23999999,-0.01229746,-2.56039786,3.31961608,-0.82484579,-0.74275470,0.00122106,-0.28643975,
2222,3.14974356,1.84364212,16.75151443,6.00000000,-0.34965819,0.42539063,-0.23547573,-0.20852855,0.11941447,0.07000000,0.00366300,-0.11951815,-0.23999999,0.23999999,-0.01229746,-5.34419823,5.75085974,-0.20364743,-0.49577981,0.00122106,-0.43603590,
2230,-2.09595251,3.44416595,13.95867920,6.00000000,-0.35126954,0.43505859,0.31082124,0.30019775,-0.01451772,0.07000000,0.00366300,-0.29723263,-0.10148995,0.06186478,-0.01229746,-6.83121872,7.80336714,0.29894245,0.06150925,0.00122106,-0.53477347,
2238,-1.67217875,-0.79716235,6.32716084,6.00000000,-0.16113281,0.11923828,0.49762842,1.12786233,-0.14776570,0.07000000,0.00366300,-0.20683619,0.10265830,-0.12955542,-0.01229746,-8.00407982,8.67777729,1.13105750,0.10672151,0.00122106,-0.55054039,
2246,-2.75316072,0.56513840,1.67283297,6.00000000,0.13051757,-0.21430664,0.38314599,1.59784663,-0.09085741,0.07000000,0.00549451,0.00736591,0.23999999,-0.23999999,-0.01229746,-7.40368700,7.40194130,1.60863900,0.30629632,0.00122106,-0.44226202,
2254,-0.84378493,-0.21297713,-3.58124280,6.00000000,0.34804687,-0.41733399,0.35464779,1.75660956,-0.10682496,0.07000000,0.00549451,0.31417111,0.23999999,-0.23999999,-0.01229746,-5.24995041,4.33190727,1.78675222,0.24534383,0.00122106,-0.23184620,
2262,-1.73921633,-0.88215649,-2.11838555,6.00000000,0.33837891,-0.41894531,0.20364152,1.39266038,-0.04221271,0.07000000,0.00366300,0.46504995,0.23999999,-0.23999999,-0.01229746,-1.97745812,0.47822019,1.41860247,0.32199576,0.00122106,0.01821268,
2270,-0.68217629,-2.37853265,-0.51786160,6.00000000,0.34321290,-0.42539063,0.01539845,1.11158383,-0.02701163,0.07000000,0.00366300,0.36890370,0.23999999,-0.23999999,-0.01229746,1.18682384,-2.40331841,1.12239707,0.31231910,0.00122106,0.22234887,
2278,0.42394489,-1.74287200,2.35278630,6.00000000,0.35449219,-0.43344727,-0.32223794,0.78424281,0.08542039,0.07000000,0.00366300,0.37056634,0.23999999,-0.23999999,-0.01229746,3.69660735,-4.90437508,0.78897572,0.30479157,0.00122106,0.38878918,
2285,2.44824243,-0.58048707,7.25132275,5.00000000,0.35610351,-0.43505859,-0.51331407,0.16834719,0.21381094,0.07000000,0.00366300,0.37911355,0.23999999,-0.23999999,-0.01229746,5.88699532,-7.11570740,0.16893196,0.16733804,0.00122106,0.50863636,
2294,6.17840862,2.01363039,10.07767773,6.00000000,0.35932618,-0.43022460,-0.37908223,-0.58268827,0.30409318,0.07000000,0.00366300,0.35856259,-0.07794666,0.12465394,-0.01229746,7.88365221,-9.03382397,-0.57604825,-0.20462675,0.00122106,0.60060894,
2302,10.60409069,3.49683833,15.75193596,6.00000000,-0.09345703,0.18530273,0.28952339,-1.46918952,0.23971325,0.07000000,0.00366300,0.17681605,-0.23999999,0.23999999,-0.01229746,7.52236891,-8.08261967,-1.44908381,-0.78858185,0.00122106,0.48569852,
2310,12.94561958,1.35163367,20.53136063,6.00000000,-0.32871094,0.39477539,0.24785462,-2.44260716,0.25216135,0.07000000,0.00366300,-0.34599125,-0.23999999,0.23999999,-0.01229746,3.79260063,-2.63719249,-2.40730333,-1.19895196,0.00122106,0.05981648,
2318,-0.09918819,-1.67463732,20.53136063,6.00000000,-0.34160155,0.43505859,0.49053082,-2.55505610,0.21335806,0.07000000,0.00366300,0.07164130,-0.23999999,0.23999999,-0.01229746,0.27750733,-0.49392816,-2.53478980,0.03782284,0.00122106,-0.15953286,
2326,3.22037244,-2.32705712,17.06515503,6.00000000,-0.35449219,0.40927735,-0.64452177,-1.35925138,0.04658093,0.07000000,0.00366300,-0.27399546,-0.23999999,0.23999999,-0.01229746,-1.80990636,2.71922302,-1.34212887,-0.45269936,0.00122106,-0.27461916,
2334,-1.77632654,3.86195421,14.75594807,6.00000000,-0.35610351,0.43505859,-0.14395136,-0.67454326,0.17826302,0.07000000,0.00549451,-0.60957026,-0.23999999,0.23999999,-0.01229746,-2.93564367,4.89390326,-0.67361754,-0.06864783,0.00122106,-0.34691933,
2342,-3.86885881,0.00130392,8.70220947,6.00000000,-0.35932618,0.42539063,-0.44700930,0.23849191,0.13659272,0.07000000,0.00549451,-0.38920611,-0.23999999,0.21736446,-0.01229746,-5.09112549,6.37743282,0.23777163,-0.08445642,0.00122106,-0.42140314,
2350,-3.22960687,2.46733165,3.30807257,6.00000000,-0.36254883,0.38510743,-0.16403371,1.13798022,0.03745982,0.07000000,0.00549451,-0.52326876,0.03796059,-0.10829440,-0.01229746,-6.92721176,8.58352947,1.13297045,0.06015265,0.00122106,-0.50266427,
2357,-3.76590800,1.56352055,0.97013474,5.00000000,0.03867187,-0.17402343,0.12136179,1.87895322,-0.05326428,0.07000000,0.00549451,-0.19820395,0.23999999,-0.23999999,-0.01229746,-7.76147938,8.40899658,1.88547993,0.25919583,0.00122106,-0.47293627,
2366,-1.53570926,-0.54696828,-3.95354104,6.00000000,0.33676758,-0.42539063,0.42094469,2.23356962,-0.24352670,0.07000000,0.00549451,0.13572773,0.23999999,-0.23999999,-0.01229746,-5.53094816,5.10159731,2.26963902,0.33716780,0.00122106,-0.23091730,
2374,-1.63387144,-1.91525459,-1.28879464,6.00000000,0.34321290,-0.41411132,0.51147729,2.04650545,-0.24808335,0.07000000,0.00549451,0.32147133,0.23999999,-0.23999999,-0.01229746,-2.26369190,1.22173047,2.07709551,0.32401171,0.00122106,0.01509990,
2382,0.74357080,-3.83061600,2.01879501,6.00000000,0.35126954,-0.41733399,0.17831430,1.50376534,-0.24901934,0.07000000,0.00549451,0.45077232,0.23999999,-0.23999999,-0.01229746,0.66671580,-2.09963107,1.51463175,0.14650860,0.00122106,0.21716151,
2390,2.48894382,-0.87138259,4.90979385,6.00000000,0.34643555,-0.42539063,-0.16006705,0.90973884,-0.07694905,0.07000000,0.00549451,0.35481599,0.23999999,-0.23999999,-0.01229746,3.14159274,-4.33714342,0.91578138,0.06598993,0.00122106,0.35232669,
2398,6.60697079,0.75428033,8.41370773,6.00000000,0.34643555,-0.42861328,-0.37630332,0.00159464,0.11949484,0.07000000,0.00549451,0.31830409,-0.11973035,0.16134419,-0.01229746,5.25344086,-6.30587435,0.00603032,-0.25342375,0.00122106,0.43697643,
2406,11.56416512,2.28417516,15.66933632,6.00000000,-0.15146485,0.24492188,0.22439249,-1.14018595,0.19467413,0.07000000,0.00549451,-0.01594719,-0.23999999,0.23999999,-0.01229746,4.84154320,-4.76998472,-1.13188958,-0.87217486,0.00122106,0.28289384,
2414,7.70471239,1.77061903,20.53136063,6.00000000,-0.33676758,0.43022460,0.10361233,-2.52092171,0.28685519,0.07000000,0.00549451,-0.10679244,-0.23999999,0.23999999,-0.01229746,1.89193690,-1.50447381,-2.50734377,-0.63096809,0.00122106,-0.06481248,
2422,-2.44790006,-3.64267111,20.53136063,6.00000000,-0.34321290,0.43022460,-0.13234481,-2.04206014,0.03600840,0.07000000,0.00549451,0.08944503,-0.22615184,0.23705783,-0.01229746,-0.51312679,0.21118484,-2.01134443,0.12725061,0.00122106,-0.18122952,
2429,3.81293750,0.85124552,16.68328094,5.00000000,-0.33193359,0.42539063,-0.33730397,-1.51281571,0.04916178,0.07000000,0.00549451,-0.29553583,-0.23999999,0.23999999,-0.01229746,-2.37190247,3.30565357,-1.49626231,-0.56823909,0.00122106,-0.32833302,
2438,-4.97857141,0.77822238,14.15260887,6.00000000,-0.35126954,0.44150391,0.03590695,-0.72972816,0.03314051,0.07000000,0.00549451,-0.40007120,0.08782794,-0.14249060,-0.01229746,-3.80481768,5.06669044,-0.72703052,0.28776938,0.00122106,-0.39616662,
2446,-3.14940119,1.36599886,6.56538391,6.00000000,0.10795899,-0.22558594,-0.31522873,0.16815445,-0.04279167,0.07000000,0.00366300,-0.17194839,-0.03821643,0.01506884,-0.01229746,-3.89208412,4.44535351,0.15994883,0.04579972,0.00122106,-0.30516911,
2454,-0.02377084,2.58704185,-4.93755817,6.00000000,-0.04995117,0.02255859,0.19533370,0.41005537,-0.07618328,0.07000000,0.00366300,0.08737469,0.15534005,-0.14322929,-0.01229746,-3.59537816,3.30390835,0.41036558,0.11923482,0.00122106,-0.23238869,
2462,-1.62908304,0.05996186,-1.62517989,6.00000000,0.21914062,-0.23525390,0.18833543,0.50605351,-0.13461921,0.07000000,0.00366300,0.11789443,0.23999999,-0.23999999,-0.01229746,-2.30034399,1.93033409,0.51167762,0.16394749,0.00122106,-0.12074570,
2470,-0.99581671,-0.77202320,-3.20535302,6.00000000,0.34965819,-0.41088867,0.48250732,0.41839713,-0.22086459,0.07000000,0.00366300,0.27398893,0.23999999,-0.23999999,-0.01229746,0.17976892,-1.07686818,0.42618173,0.17830715,0.00122106,0.08425287,
2478,0.87046349,-1.35501134,-1.89572465,6.00000000,0.34321290,-0.43666992,0.26559335,0.30715680,-0.15956488,0.07000000,0.00366300,0.36807144,0.23999999,-0.23999999,-0.01229746,2.67558980,-3.87812161,0.31056184,0.05701794,0.00122106,0.27345306,
2486,1.74674129,-2.84779620,4.71825743,6.00000000,0.35932618,-0.44150391,0.00006194,-0.12301939,-0.06116849,0.07000000,0.00366300,0.38511121,0.23444672,-0.18353373,-0.01229746,5.18188238,-6.43328381,-0.13205403,0.02007402,0.00122106,0.42847818,
2494,5.44698000,-0.64034212,7.75410509,6.00000000,0.34643555,-0.33032227,-0.13614278,-0.49300253,0.02545815,0.07000000,0.00366300,0.22603382,-0.14777848,0.17661446,-0.01229746,7.22915411,-7.96917343,-0.49553692,-0.23975343,0.00122106,0.54062730,
2501,9.24657822,0.76744848,11.19936180,5.00000000,-0.19174805,0.28037110,-0.16126736,-0.92357618,0.12802611,0.07000000,0.00366300,-0.09478310,-0.23999999,0.23999999,-0.01229746,6.73871613,-6.43153811,-0.91841722,-0.65387684,0.00122106,0.43121767,
2510,9.75774002,0.66330069,18.35682678,6.00000000,-0.32548827,0.39799803,-0.09700992,-1.10952687,0.20442587,0.07000000,0.00366300,-0.72297281,-0.23999999,0.23999999,-0.01229746,3.09970474,-0.64926249,-1.09574366,-1.05146408,0.00122106,0.05774841,
2518,1.55879653,-0.18185250,20.53136063,6.00000000,-0.35771483,0.43666992,0.02584587,-1.26986444,0.22241783,0.07000000,0.00366300,-0.43422246,-0.23999999,0.23999999,-0.01229746,0.45553094,1.01229095,-1.25217509,-0.58579135,0.00122106,-0.11190537,
2526,3.32811165,1.65809155,18.79616356,6.00000000,-0.35610351,0.41894531,-0.38924578,-0.22513568,0.02903570,0.07000000,0.00366300,-0.59055007,-0.23999999,0.23999999,-0.01229746,-1.75405586,3.65297413,-0.21443510,-0.60765493,0.00122106,-0.22284517,
2534,-0.50859666,0.49091816,16.28704071,6.00000000,-0.35126954,0.43022460,-0.21893626,0.08450170,-0.00065830,0.07000000,0.00549451,-0.61156756,-0.23999999,0.23999999,-0.01229746,-3.54650903,5.50476837,0.08527322,-0.30395555,0.00122106,-0.33528113,
2542,-2.73161292,1.32769167,10.74326611,6.00000000,-0.34643555,0.43828124,-0.12311319,0.97099990,-0.14672267,0.07000000,0.00549451,-0.70001769,-0.12535736,0.03066146,-0.01229746,-5.14872122,7.40194130,0.96463877,-0.05985236,0.00122106,-0.40421692,
2550,-1.64823675,1.64731765,5.31082249,6.00000000,-0.18691406,0.06445312,0.06601483,1.61638355,-0.20862786,0.07000000,0.00366300,-0.48930979,0.07100242,-0.13638106,-0.01229746,-6.57465553,8.15941429,1.61336470,0.00280901,0.00122106,-0.44006267,
2558,-2.59753776,1.01644540,1.23708820,6.00000000,0.09023438,-0.22880860,0.25869387,2.12572718,-0.26524639,0.07000000,0.00366300,-0.19100778,0.23999999,-0.23999999,-0.01229746,-6.20289993,6.82249212,2.14043093,0.28096315,0.00122106,-0.33384141,
2566,0.18931311,-1.01144338,-2.37815642,6.00000000,0.34160155,-0.42216796,0.51007199,2.23476815,-0.21910413,0.07000000,0.00366300,0.14612868,0.23999999,-0.23999999,-0.01229746,-4.32841635,3.81005383,2.27143931,0.17914602,0.00122106,-0.13574281,
2573,-0.36255038,-1.58485472,-1.12479174,5.00000000,0.34160155,-0.41249999,0.32562327,1.89353716,-0.29353094,0.07000000,0.00366300,0.33200020,0.23999999,-0.23999999,-0.01229746,-1.27409041,0.20245820,1.92446399,0.17593971,0.00122106,0.09348049,
2582,-0.73484874,-3.45592332,2.54312515,6.00000000,0.34321290,-0.43183595,-0.08187190,1.38677859,-0.16260798,0.07000000,0.00366300,0.38659745,0.23999999,-0.23999999,-0.01229746,1.79594386,-3.09446883,1.39474607,0.29407170,0.00122106,0.30023101,
2590,1.77786589,-1.72132421,4.77930975,6.00000000,0.35610351,-0.42861328,-0.46664020,0.86996019,-0.08285189,0.07000000,0.00366300,0.47918594,0.23999999,-0.23999999,-0.01229746,4.23242331,-5.78925753,0.87271720,0.25566733,0.00122106,0.44626954,
2598,3.60943031,1.99208260,8.23893070,6.00000000,0.35610351,-0.43828124,-0.55839187,0.15760858,0.03159899,0.07000000,0.00366300,0.58103156,0.23999999,-0.23999999,-0.01229746,6.31285620,-8.18210316,0.16708267,0.15677324,0.00122106,0.56633973,
2606,7.19474745,3.86434841,13.59595776,6.00000000,0.35288087,-0.43022460,0.08614751,-0.73118633,-0.02701011,0.07000000,0.00366300,0.67139536,-0.23999999,0.23999999,-0.01229746,7.77369642,-10.03040695,-0.71217585,-0.35015321,0.00122106,0.62524325,
2614,10.08814049,1.33487427,19.30373383,6.00000000,-0.31904298,0.39960939,0.34708437,-2.26984978,-0.15813226,0.07000000,0.00366300,0.73022336,-0.23999999,0.23999999,-0.01229746,6.20115471,-8.57480240,-2.24726725,-0.74719673,0.00122106,0.39164150,
2622,7.21270370,-0.71695662,20.53136063,6.00000000,-0.35610351,0.42377931,0.65542948,-3.10991883,-0.16777176,0.07000000,0.00366300,0.09023815,-0.23999999,0.23999999,-0.01229746,2.76634693,-3.04734492,-3.06539536,-1.10383511,0.00122106,-0.01467684,
2630,-4.33572817,-7.71999645,20.53136063,6.00000000,-0.35126954,0.42216796,0.17096725,-2.66964316,-0.04149156,0.07000000,0.00366300,0.07590380,0.23999999,-0.23999999,-0.01229746,0.84823000,-1.07861352,-2.67147303,0.66289639,0.00122106,-0.13282768,
2638,1.35648644,2.45296645,17.84207344,6.00000000,0.33515626,-0.42055663,-0.59611809,-1.65064049,0.17526735,0.07000000,0.00366300,-0.20515814,-0.23999999,0.23999999,-0.01229746,1.69995070,-0.97563910,-1.63761854,-0.51400107,0.00122106,-0.02062894,
2645,4.00806475,0.91110057,3.39067268,5.00000000,-0.32548827,0.39155275,-0.39006510,-1.84423923,0.30990288,0.07000000,0.00366300,-0.20053609,-0.23999999,0.23999999,-0.01229746,0.79063416,-0.11868239,-1.85543299,-0.44015566,0.00122106,-0.10863607,
2654,-1.90681052,3.34839797,8.68425274,6.00000000,-0.34965819,0.43022460,-0.42897892,-1.47463250,0.19859317,0.07000000,0.00366300,-0.34338105,-0.23999999,0.23999999,-0.01229746,-1.68773329,2.77158284,-1.48309565,-0.10115045,0.00122106,-0.28146678,
2662,-4.16933107,3.26340365,5.24019337,6.00000000,-0.35288087,0.42377931,0.05694966,-0.45750475,0.20230204,0.07000000,0.00366300,-0.42398626,0.02522865,-0.08279395,-0.01229746,-3.91477346,5.31801844,-0.47436035,0.21012719,0.00122106,-0.39019278,
2670,-2.78308821,0.73033834,2.38989639,6.00000000,0.01933594,-0.13212891,0.25258023,0.42681572,0.00928311,0.07000000,0.00366300,-0.34737781,0.23999999,-0.23999999,-0.01229746,-4.65130234,5.77878523,0.42003220,0.25395358,0.00122106,-0.36662379,
2678,-1.72604823,0.43106312,-1.90290737,6.00000000,0.33515626,-0.41733399,0.49527061,0.85225385,-0.04487989,0.07000000,0.00366300,-0.12762512,0.23999999,-0.23999999,-0.01229746,-2.53596354,2.94960642,0.85757703,0.43055999,0.00122106,-0.14328697,
2686,-0.35297358,-1.84103429,-0.54060656,6.00000000,0.34804687,-0.42539063,0.40306991,0.85644281,-0.02051591,0.07000000,0.00366300,0.05614506,0.23999999,-0.23999999,-0.01229746,0.50789082,-0.70336765,0.86953181,0.34338999,0.00122106,0.11318637,
2694,1.29064584,-2.94835258,3.68515944,6.00000000,0.33837891,-0.42377931,-0.00723373,0.41916835,0.07668093,0.07000000,0.00366300,0.12032109,0.23999999,-0.23999999,-0.01229746,2.97927690,-3.34405088,0.42537433,0.10180371,0.00122106,0.27537286,
2702,3.45261002,-1.88412988,6.50193787,6.00000000,0.35771483,-0.43344727,-0.33001915,-0.03961696,0.17903285,0.07000000,0.00366300,0.19234633,0.07923547,-0.05451030,-0.01229746,5.27263975,-5.89572191,-0.04041085,-0.09249780,0.00122106,0.42245391,
2710,7.23544884,1.50366545,10.72890091,6.00000000,0.12084961,-0.10795899,-0.46579930,-0.62556708,0.27666602,0.07000000,0.00366300,0.15483874,-0.23999999,0.23999999,-0.01229746,6.19417334,-6.69333792,-0.62205702,-0.37214378,0.00122106,0.44335079,
2717,9.91216660,3.95772219,18.08269119,5.00000000,-0.31582031,0.39316407,-0.13700525,-1.03404593,0.23271316,0.07000000,0.00366300,-0.02443685,-0.23999999,0.23999999,-0.01229746,4.26383924,-4.18006372,-1.01760185,-0.79305434,0.00122106,0.24494642,
2726,5.14531040,0.74350643,20.53136063,6.00000000,-0.35126954,0.43828124,0.20907101,-1.33152747,0.15383762,0.07000000,0.00366300,-0.04407898,-0.23999999,0.23999999,-0.01229746,0.90233523,-0.74874628,-1.33276069,-0.54267335,0.00122106,-0.03567615,
2734,0.40359417,-0.80434495,20.53136063,6.00000000,-0.35449219,0.43505859,0.06007418,-0.41057295,0.00125627,0.07000000,0.00549451,-0.07741295,-0.23999999,0.23999999,-0.01229746,-1.07686818,1.26361835,-0.45302439,-0.16305393,0.00122106,-0.12394193,
2742,1.74674129,0.39515010,15.97818851,6.00000000,-0.35771483,0.42539063,-0.22368234,0.00888227,0.09103120,0.07000000,0.00549451,-0.44369593,-0.23999999,0.23999999,-0.01229746,-2.71049643,4.11199570,0.01243958,-0.40399501,0.00122106,-0.25945312,
2750,-2.63345075,-0.74688411,12.80946255,6.00000000,-0.36093751,0.42216796,-0.10408927,0.80054051,0.11518230,0.07000000,0.00549451,-0.49324110,-0.10213807,0.03535287,-0.01229746,-4.31270885,5.93411922,0.80303925,-0.05661693,0.00122106,-0.33014178,
2758,-1.79308593,2.09263921,7.61524153,6.00000000,-0.16757813,0.06928711,-0.18731415,1.46868813,0.07479857,0.07000000,0.00549451,-0.43284199,-0.04432325,-0.01389494,-0.01229746,-5.30754614,6.72824430,1.46321154,-0.09439448,0.00122106,-0.34700111,
2766,-2.20608568,1.23790908,2.13251972,6.00000000,-0.07573242,-0.01289062,0.11489769,1.89353657,0.04099343,0.07000000,0.00549451,-0.19979869,0.23999999,-0.23999999,-0.01229746,-5.53443909,6.17846537,1.90535772,0.17223707,0.00122106,-0.30005491,
2774,-1.12270939,0.81293827,-0.33949360,6.00000000,0.33676758,-0.41088867,0.30403894,2.06415486,-0.01680625,0.07000000,0.00549451,-0.00884207,0.23999999,-0.23999999,-0.01229746,-3.96887851,3.99505854,2.08856821,0.19786580,0.00122106,-0.14465407,
2782,0.46464631,-1.72132421,-2.21774483,6.00000000,0.33676758,-0.41249999,0.45865116,1.78377092,-0.00235800,0.07000000,0.00549451,0.20887758,0.23999999,-0.23999999,-0.01229746,-0.82205003,0.15009832,1.81857657,0.12533164,0.00122106,0.10248378,
2789,0.50415063,-2.57365990,0.72712326,5.00000000,0.34321290,-0.42216796,0.02099184,1.35456336,0.03811890,0.07000000,0.00549451,0.32367441,0.23999999,-0.23999999,-0.01229746,1.77674520,-2.86059451,1.37060118,0.12776750,0.00122106,0.27752632,
2798,1.82455289,-1.98827767,4.13407230,6.00000000,0.35449219,-0.41733399,-0.25751770,0.75483739,0.13400817,0.07000000,0.00549451,0.43930474,0.23999999,-0.23999999,-0.01229746,4.20275307,-5.61996031,0.75988972,0.10645978,0.00122106,0.43115711,
2806,4.21875477,0.95180202,7.47398376,6.00000000,0.35771483,-0.43344727,-0.47071499,0.02542353,0.20090380,0.07000000,0.00366300,0.56140071,0.23999999,-0.23999999,-0.01229746,6.33030939,-8.15417862,0.03056437,0.02006426,0.00122106,0.55561674,
2814,6.53275061,3.84758902,14.12268162,6.00000000,0.35126954,-0.42861328,-0.04237726,-0.85467213,0.16114774,0.07000000,0.00366300,0.70244622,-0.18975228,0.23999999,-0.01229746,7.92030382,-10.21715832,-0.83608645,-0.27832395,0.00122106,0.62534833,
2822,10.96800900,1.20199609,18.01206207,6.00000000,-0.23686524,0.40605468,0.22028099,-2.28282690,0.03308048,0.07000000,0.00549451,0.72803271,-0.23999999,0.23999999,-0.01229746,6.63399649,-8.91863251,-2.25943899,-0.69486713,0.00122106,0.42727196,
2830,7.75738478,-0.30395681,20.53136063,6.00000000,-0.34643555,0.42539063,0.48455757,-2.97844696,-0.06260486,0.07000000,0.00549451,0.17060846,-0.23999999,0.23999999,-0.01229746,3.20616984,-3.74547672,-2.93109369,-1.00744700,0.00122106,0.04110426,
2838,-1.39325416,-4.41839218,20.53136063,6.00000000,-0.34160155,0.41733399,0.36909595,-2.54841256,-0.06743829,0.07000000,0.00549451,0.09523309,-0.23999999,0.23999999,-0.01229746,1.34739411,-1.64060950,-2.53142357,0.14543092,0.00122106,-0.07967566,
2846,4.47613144,-0.59604943,16.92389870,6.00000000,-0.35126954,0.41572267,-0.28886768,-1.28427887,0.06716909,0.07000000,0.00549451,-0.38432014,-0.23999999,0.23999999,-0.01229746,-0.77841681,2.03505397,-1.26744771,-0.63114578,0.00122106,-0.20191535,
2854,-3.51331973,-1.32628095,12.16661930,6.00000000,-0.35288087,0.42700195,-0.21446383,-0.41685873,0.23213731,0.07000000,0.00366300,-0.53938425,-0.23999999,0.18473414,-0.01229746,-2.37713838,4.07534361,-0.41221720,-0.03399223,0.00122106,-0.27526137,
2861,-1.61950624,1.58865964,4.46686649,5.00000000,-0.34965819,0.33354491,-0.48824054,0.54509401,0.20552176,0.07000000,0.00366300,-0.60479480,-0.23999999,0.23999999,-0.01229746,-4.16610098,6.14006805,0.53519142,-0.22909290,0.00122106,-0.35159245,
2870,-3.22242427,2.69956923,1.50523877,6.00000000,-0.34643555,0.41572267,0.03007261,1.24172831,0.17695946,0.07000000,0.00366300,-0.69046670,0.02917504,-0.12202357,-0.01229746,-6.37045193,8.66032410,1.23607206,0.04229431,0.00122106,-0.48098660,
2878,-3.94307899,0.91229767,1.25983310,6.00000000,0.02416992,-0.20141602,0.30239156,1.98899555,0.05097389,0.07000000,0.00549451,-0.47147411,0.23999999,-0.23999999,-0.01229746,-6.99178886,8.51197052,1.99836099,0.32963827,0.00122106,-0.43951726,
2886,-0.92638487,1.06432950,-2.81030965,6.00000000,0.32871094,-0.42055663,0.56998366,2.27060294,-0.02656519,0.07000000,0.00549451,-0.04969224,0.23999999,-0.23999999,-0.01229746,-4.99687767,5.16792011,2.29987621,0.46548048,0.00122106,-0.21195732,
2894,-0.62351835,-1.79195321,-0.63398039,6.00000000,0.34321290,-0.41249999,0.48569864,2.15229225,0.00826685,0.07000000,0.00549451,0.10549976,0.23999999,-0.23999999,-0.01229746,-1.67028010,1.32295966,2.18613839,0.32949618,0.00122106,0.05239345,
2902,1.36726034,-3.15904236,3.54150724,6.00000000,0.34965819,-0.42377931,-0.02475424,1.56121123,0.14218794,0.07000000,0.00549451,0.26701424,0.23999999,-0.23999999,-0.01229746,1.11701071,-1.96698606,1.57687974,0.09097081,0.00122106,0.24231315,
2910,3.10425377,-1.58844602,7.28603888,6.00000000,0.34643555,-0.42539063,-0.44913259,0.89247608,0.28803161,0.07000000,0.00366300,0.30674174,0.23999999,-0.23999999,-0.01229746,3.37023091,-4.34761524,0.89373791,0.03433908,0.00122106,0.36637837,
2918,6.92061138,2.12735510,11.89367962,6.00000000,0.34482422,-0.43022460,-0.62501085,-0.01654457,0.39988795,0.07000000,0.00366300,0.35867211,-0.06316061,0.11046529,-0.01229746,5.38783169,-6.54673004,-0.01313174,-0.21849862,0.00122106,0.45725268,
2926,13.08208942,1.52521336,15.76270962,6.00000000,-0.07412110,0.17563477,0.01882240,-1.15554118,0.33991766,0.07000000,0.00366300,0.36783180,-0.23999999,0.23999999,-0.01229746,4.75602198,-5.93935537,-1.14888155,-0.90851575,0.00122106,0.32279441,
2933,8.44332314,2.23748827,20.53136063,5.00000000,-0.32548827,0.40927735,0.20005183,-2.07192612,0.17172725,0.07000000,0.00366300,0.23290859,-0.23999999,0.23999999,-0.01229746,1.74881983,-2.49058485,-2.04592896,-0.65735292,0.00122106,0.00519574,
2942,-2.25157547,-2.69217300,20.53136063,6.00000000,-0.34804687,0.43344727,0.38229668,-1.68192136,-0.07681685,0.07000000,0.00366300,0.29836687,-0.23999999,0.23999999,-0.01229746,-0.48869219,-0.47822019,-1.66257119,-0.02291250,0.00122106,-0.12648356,
2950,2.90553498,1.48092055,16.00572205,6.00000000,-0.36416015,0.41411132,-0.11626371,-0.67413765,0.01292268,0.07000000,0.00549451,-0.26955450,-0.23999999,0.23999999,-0.01229746,-2.17642546,3.01767421,-0.65671504,-0.42189813,0.00122106,-0.24452361,
2958,-3.48339224,-2.93997288,12.08042812,6.00000000,-0.34965819,0.43828124,0.05411140,0.05394761,0.14036132,0.07000000,0.00549451,-0.38196850,0.00505210,-0.05704023,-0.01229746,-3.73151398,4.94102716,0.06066072,0.10687959,0.00122106,-0.32673466,
2966,-2.37727118,1.90589142,4.15442276,6.00000000,-0.01289062,-0.07895508,-0.49722660,0.93300706,0.13497068,0.07000000,0.00549451,-0.24919295,-0.08283120,0.04926037,-0.01229746,-4.46629763,5.24995041,0.92786014,-0.08006336,0.00122106,-0.29907179,
2974,-0.36733878,2.34881878,-3.56687760,6.00000000,-0.12568359,0.09990235,-0.00442622,1.32082188,0.10631852,0.07000000,0.00549451,-0.16006622,0.17196387,-0.19331904,-0.01229746,-4.38601255,4.89041281,1.33372605,0.03495531,0.00122106,-0.25164422,
2982,-2.78548241,1.22114968,-1.55455101,6.00000000,0.23364258,-0.32548827,0.23143859,1.52250671,0.03587027,0.07000000,0.00549451,0.13746589,0.23999999,-0.23999999,-0.01229746,-3.49065852,3.03861833,1.54163992,0.28333867,0.00122106,-0.13184321,
2990,-1.15622830,-0.00587868,-4.10078430,6.00000000,0.33515626,-0.40766603,0.51584613,1.59331107,-0.04948629,0.07000000,0.00549451,0.38847655,0.23999999,-0.23999999,-0.01229746,-0.70685834,-0.51836282,1.62252676,0.23845775,0.00122106,0.11340307,
2998,-0.03095345,-2.02179646,-0.09049663,6.00000000,0.34160155,-0.43505859,0.27160197,1.31121433,-0.01955079,0.07000000,0.00366300,0.43118414,0.23999999,-0.23999999,-0.01229746,2.09614038,-3.49240398,1.32647693,0.13156351,0.00122106,0.31403574,
3005,0.14382328,-3.15425396,4.99837923,5.00000000,0.34965819,-0.43505859,-0.05022159,0.83523780,0.07463319,0.07000000,0.00366300,0.52514488,0.23999999,-0.23999999,-0.01229746,4.32318068,-6.00393248,0.83095348,0.18825495,0.00122106,0.45653367,
3014,4.13016891,-0.41887847,7.96958351,6.00000000,0.34804687,-0.42861328,-0.36194575,0.25903088,0.24175780,0.07000000,0.00366300,0.50413811,0.23999999,-0.23999999,-0.01229746,6.71079111,-8.35140038,0.25844830,0.02327836,0.00122106,0.58725673,
3022,7.58859348,1.97053480,13.75517178,6.00000000,0.35610351,-0.45278320,-0.42273328,-0.54166502,0.31809849,0.07000000,0.00366300,0.55657864,-0.05539563,0.12892777,-0.01229746,8.47357368,-10.28347969,-0.53549051,-0.22473417,0.00122106,0.66886634,
3030,14.96393204,1.33607137,19.39950180,6.00000000,-0.05317383,0.19497070,0.15492742,-1.48531663,0.22179376,0.07000000,0.00366300,0.38835263,-0.23999999,0.23999999,-0.01229746,7.59043694,-8.82787514,-1.46673417,-0.96723813,0.00122106,0.51210469,
3038,10.95723534,0.34606898,20.53136063,6.00000000,-0.32387695,0.38671875,0.43237317,-2.21725416,0.13291870,0.07000000,0.00366300,0.10205454,-0.23999999,0.23999999,-0.01229746,3.78038335,-4.09628773,-2.18584514,-0.95542717,0.00122106,0.13370773,
3046,1.45464873,-1.51781702,20.53136063,6.00000000,-0.35932618,0.43828124,0.39629975,-2.32366085,0.05428037,0.07000000,0.00366300,0.02689298,-0.23999999,0.23999999,-0.01229746,1.46084058,-1.56032443,-2.30172420,-0.10007906,0.00122106,-0.06391294,
3054,-0.35417068,-1.56570113,17.73194122,6.00000000,-0.36738282,0.42055663,-0.48548052,-0.81121618,0.05126006,0.07000000,0.00366300,-0.30107588,-0.23999999,0.23999999,-0.01229746,-0.25656340,1.23394775,-0.78926396,-0.14995708,0.00122106,-0.11559178,
3062,-1.47585416,-0.12798297,9.13795376,6.00000000,-0.35449219,0.43183595,-0.25601700,-0.19582888,0.18347725,0.07000000,0.00366300,-0.60765064,-0.23999999,0.23999999,-0.01229746,-1.86226630,3.86590433,-0.19607866,-0.14188640,0.00122106,-0.23031855,
3070,-3.38642716,2.42064476,4.37349224,6.00000000,-0.34965819,0.41572267,-0.45885390,0.75134748,0.17248078,0.07000000,0.00549451,-0.63156068,-0.23116347,0.14550817,-0.01229746,-4.04043722,6.07723665,0.73882580,-0.13667586,0.00122106,-0.32615641,
3077,-2.24678707,2.79533720,1.69318366,5.00000000,-0.32387695,0.27231446,-0.02053978,1.49777055,0.08988333,0.07000000,0.00549451,-0.65234500,0.01934841,-0.10728586,-0.01229746,-5.91492081,8.07563877,1.49294436,-0.01959711,0.00122106,-0.41458887,
3086,-4.38959742,1.85800731,1.13174331,6.00000000,0.00966797,-0.17724609,0.33632752,2.12699056,-0.02980853,0.07000000,0.00549451,-0.18323407,0.23999999,-0.23999999,-0.01229746,-6.62876034,7.21693659,2.13503766,0.38519001,0.00122106,-0.36304665,
3094,-1.72963953,-0.02862360,-2.49906349,6.00000000,0.33032227,-0.41411132,0.61335486,2.42431974,-0.10757650,0.07000000,0.00549451,0.20738162,0.23999999,-0.23999999,-0.01229746,-4.54483747,3.89382958,2.45800638,0.40684983,0.00122106,-0.13264118,
3102,0.08516534,-1.98229218,-1.19302654,6.00000000,0.34804687,-0.42216796,0.47329125,2.30250072,-0.09688129,0.07000000,0.00549451,0.30306774,0.23999999,-0.23999999,-0.01229746,-1.29677963,0.31939524,2.33526254,0.16496584,0.00122106,0.12049681,
3110,0.31500870,-3.15185976,3.88028693,6.00000000,0.34965819,-0.43183595,-0.00280670,1.75010538,0.06587057,0.07000000,0.00366300,0.36649662,0.23999999,-0.23999999,-0.01229746,1.29503429,-2.47313142,1.75693965,0.15880500,0.00122106,0.27381039,
3118,2.62900472,-2.31388903,6.99394608,6.00000000,0.34965819,-0.43183595,-0.46580273,1.11247945,0.18239371,0.07000000,0.00366300,0.43481138,0.23999999,-0.23999999,-0.01229746,3.54825449,-4.94451761,1.11043346,0.12950571,0.00122106,0.40923142,
3126,6.08742905,2.04834628,14.61229610,6.00000000,0.35126954,-0.43344727,-0.63464409,0.16583389,0.29008174,0.07000000,0.00366300,0.48595050,0.21412645,-0.14947920,-0.01229746,5.45764494,-7.01796913,0.16666490,-0.05562897,0.00122106,0.48790303,
3134,12.96118164,1.72034073,18.69201660,6.00000000,0.32387695,-0.27392578,0.05608269,-1.15438616,0.23631255,0.07000000,0.00366300,0.53665227,-0.23999999,0.23999999,-0.01229746,6.19766426,-7.93950272,-1.14884043,-0.83209574,0.00122106,0.45063308,
3142,12.84626007,2.88272572,20.53136063,6.00000000,-0.33193359,0.39960939,0.37364155,-2.73504996,0.09184647,0.07000000,0.00366300,0.37455684,-0.23999999,0.23999999,-0.01229746,4.14864779,-5.35467005,-2.69689178,-0.86052758,0.00122106,0.15901610,
3149,-1.15622830,-4.07123327,20.53136063,5.00000000,-0.34321290,0.43989259,0.60699558,-3.11364579,-0.03764090,0.07000000,0.00366300,0.39671311,-0.23999999,0.23999999,-0.01229746,2.63370180,-3.92175484,-3.08947992,-0.23114538,0.00122106,0.01344724,
3158,3.51366210,-0.20459743,17.53322220,6.00000000,-0.35449219,0.41572267,-0.25902581,-1.58365285,-0.01917280,0.07000000,0.00366300,-0.13391221,-0.23999999,0.23999999,-0.01229746,-0.01047198,0.45902157,-1.55071640,-0.38990900,0.00122106,-0.14090364,
3166,-3.31699538,-1.86856759,11.84579563,6.00000000,-0.34804687,0.43183595,-0.05304935,-0.84899521,0.14700246,0.07000000,0.00549451,-0.16761345,-0.10135128,0.07791553,-0.01229746,-1.93207943,2.49931145,-0.84573579,0.10192865,0.00122106,-0.23264118,
3174,-3.40438366,1.55154955,3.88148403,6.00000000,-0.16113281,0.14824219,-0.57147825,0.12446182,0.10492887,0.07000000,0.00549451,-0.11055091,0.05563758,-0.07077752,-0.01229746,-3.45924258,3.81179905,0.11554360,0.10501108,0.00122106,-0.26894337,
3182,-1.87927711,3.07306480,-2.12676525,6.00000000,0.06928711,-0.11762695,-0.08413552,0.67805004,0.06349688,0.07000000,0.00549451,-0.06831085,0.23999999,-0.23999999,-0.01229746,-3.24107647,3.46796918,0.67759854,0.16957663,0.00122106,-0.20449796,
3190,-3.74076891,2.55112863,-4.15585089,6.00000000,0.33354491,-0.40122071,0.20177048,0.97854090,-0.03774289,0.07000000,0.00549451,0.23213242,0.23999999,-0.23999999,-0.01229746,-1.23220241,0.46600291,0.99042016,0.49587631,0.00122106,0.01344754,
3198,-2.06602478,1.14573228,-4.65145063,6.00000000,0.34321290,-0.42539063,0.44752601,1.00380719,-0.11518639,0.07000000,0.00366300,0.42485774,0.23999999,-0.23999999,-0.01229746,1.81863308,-3.22711372,1.02511454,0.44668049,0.00122106,0.27161509,
3206,-0.57324016,-0.85821450,-0.94163531,6.00000000,0.35610351,-0.41894531,0.41459015,0.86677772,-0.10222516,0.07000000,0.00366300,0.55759144,0.23999999,-0.23999999,-0.01229746,4.36506844,-6.16973877,0.87817413,0.23178008,0.00122106,0.46399409,
3214,1.17452717,-2.62992382,3.05189300,6.00000000,0.35126954,-0.43505859,0.13435881,0.48110577,0.01361043,0.07000000,0.00549451,0.62793916,0.23999999,-0.23999999,-0.01229746,6.73697090,-8.82089424,0.47439009,0.07466398,0.00122106,0.62883371,
3221,3.04080725,-2.45873833,8.25090218,5.00000000,0.34965819,-0.43989259,-0.24401385,-0.02377604,0.10841104,0.07000000,0.00549451,0.71016711,0.23999999,-0.23999999,-0.01229746,8.65334225,-10.95194149,-0.03947672,0.06038293,0.00122106,0.74833000,
3230,8.94490910,-1.90687478,14.70088100,6.00000000,0.35449219,-0.43828124,-0.32549784,-0.85366869,0.10991205,0.07000000,0.00549451,0.86152422,-0.06647813,0.18077618,-0.01229746,10.28697109,-13.06553459,-0.86823803,-0.25551346,0.00122106,0.82386386,
3238,12.68345451,3.53753972,20.53136063,6.00000000,-0.07895508,0.29003906,-0.21419567,-1.73547590,0.03222765,0.07000000,0.00549451,0.26016700,-0.23999999,0.23999999,-0.01229746,10.14734459,-10.99906540,-1.69048190,-0.48407927,0.00122106,0.67664874,
3246,9.98518944,0.05637056,20.53136063,6.00000000,-0.32709962,0.39316407,0.01394543,-2.31818867,0.18622571,0.07000000,0.00549451,-0.11988211,-0.23999999,0.23999999,-0.01229746,6.54673004,-6.18021107,-2.28536940,-0.95781147,0.00122106,0.31025478,
3254,2.30578732,2.61098385,20.53136063,6.00000000,-0.35610351,0.43022460,0.09132253,-2.22873330,0.07586870,0.07000000,0.00549451,-0.10377788,-0.23999999,0.23999999,-0.01229746,3.54301834,-3.22013235,-2.20564175,-0.15755421,0.00122106,0.09209138,
3262,-1.20171809,-0.51823783,16.87002754,6.00000000,-0.34804687,0.41572267,-0.21087530,-1.14594042,-0.00552985,0.07000000,0.00549451,-0.27559364,-0.23999999,0.23999999,-0.01229746,1.15017200,-0.29670596,-1.20203233,-0.11227305,0.00122106,-0.03524738,
3270,-1.76674962,2.26980996,11.55729485,6.00000000,-0.34965819,0.43183595,0.00847673,-0.26319692,-0.00955315,0.07000000,0.00549451,-0.47951245,-0.17370027,0.10786897,-0.01229746,-0.86219269,2.37888384,-0.26524961,-0.03569938,0.00122106,-0.14289710,
3278,-3.61986184,0.51486021,5.82198429,6.00000000,-0.26425782,0.19980469,0.11341050,0.54137009,-0.00282069,0.07000000,0.00549451,-0.36450642,0.23596382,-0.23999999,-0.01229746,-2.62148452,3.79260063,0.53823030,0.17562622,0.00122106,-0.20484212,
3286,-1.67577004,0.84286582,1.52199817,6.00000000,0.32709962,-0.39638671,0.09373462,1.17935145,-0.01821737,0.07000000,0.00366300,-0.14720044,0.23999999,-0.23999999,-0.01229746,-1.56556034,2.03854465,1.18280315,0.14766508,0.00122106,-0.05023229,
3293,-0.34698808,1.60661614,-4.89087105,5.00000000,0.34804687,-0.41411132,0.25155330,1.32030201,-0.05831980,0.07000000,0.00366300,0.06682852,0.23999999,-0.23999999,-0.01229746,1.15017200,-1.38230073,1.34456325,0.25726032,0.00122106,0.20250480,
3302,-0.23685479,-0.83187824,-1.58687270,6.00000000,0.34482422,-0.43666992,0.06733421,0.96354061,-0.02868761,0.07000000,0.00366300,0.24761724,0.23999999,-0.23999999,-0.01229746,3.80132723,-4.59196138,0.98519969,0.24622947,0.00122106,0.39657038,
3310,0.01932479,-2.47190642,2.19716311,6.00000000,0.34482422,-0.43344727,-0.11470785,0.52766937,0.03907759,0.07000000,0.00366300,0.38007164,0.23999999,-0.23999999,-0.01229746,6.31460094,-7.56425667,0.53244746,0.24351816,0.00122106,0.56700039,
3318,2.06038165,-0.03460911,4.16878843,6.00000000,0.35610351,-0.42055663,-0.40158734,0.02671466,0.14819978,0.07000000,0.00366300,0.50255132,0.23999999,-0.23999999,-0.01229746,8.62192631,-10.25380898,0.03018862,0.16890407,0.00122106,0.72242194,
3326,5.39670181,1.38036406,6.85508251,6.00000000,0.35126954,-0.43505859,-0.40538809,-0.62506431,0.19434299,0.07000000,0.00366300,0.64607525,0.22811890,-0.14281595,-0.01229746,10.52782631,-12.61174870,-0.62019134,-0.06568673,0.00122106,0.83564073,
3334,8.94012070,3.34241247,15.52688122,6.00000000,0.33999023,-0.26264650,-0.04844318,-1.45607126,0.08222738,0.07000000,0.00366300,0.64504701,-0.23999999,0.23999999,-0.01229746,12.02880955,-14.11098671,-1.43155813,-0.41842207,0.00122106,0.89165699,
3342,12.40812111,0.38078490,17.53202438,6.00000000,-0.31743163,0.38994139,0.16029839,-2.60994172,-0.04182558,0.07000000,0.00366300,0.47516412,-0.23999999,0.23999999,-0.01229746,10.38121796,-11.91885376,-2.58112216,-0.86168170,0.00122106,0.65252507,
3350,8.05665970,0.42388052,20.53136063,6.00000000,-0.33515626,0.41249999,0.42526579,-2.94988561,-0.13086580,0.07000000,0.00366300,0.11162344,-0.23999999,0.23999999,-0.01229746,6.31285620,-6.66366673,-2.89594150,-1.04115939,0.00122106,0.27342623,
3358,-0.79111248,-5.48500919,20.53136063,6.00000000,-0.34643555,0.42377931,0.09746552,-2.31221747,-0.13740478,0.07000000,0.00549451,-0.00569254,-0.07223873,0.06937882,-0.01229746,3.93571734,-3.92000961,-2.29728508,0.18313837,0.00122106,0.12222910,
3365,0.09713634,-0.13277137,18.82369614,5.00000000,-0.11762695,0.12568359,-0.49249524,-1.16642439,-0.04643976,0.07000000,0.00549451,-0.22605070,-0.23999999,0.23999999,-0.01229746,2.89724660,-2.16071773,-1.14142859,-0.26028690,0.00122106,0.10698189,
3374,-0.32304606,0.93743676,7.35906219,6.00000000,-0.33999023,0.42377931,-0.38515675,-0.75742060,0.03644671,0.07000000,0.00549451,-0.56670916,-0.23999999,0.23999999,-0.01229746,1.24791038,0.61261052,-0.76293075,-0.11954539,0.00122106,-0.03811686,
3382,-2.62147975,0.85124552,5.36948013,6.00000000,-0.34160155,0.43183595,-0.16595064,0.04392718,0.00761069,0.07000000,0.00549451,-0.39318496,-0.13863784,0.08471154,-0.01229746,-1.38579142,2.67384434,0.03531528,-0.05013625,0.00122106,-0.14847727,
3390,-2.50895214,2.01243329,2.48805857,6.00000000,-0.21269532,0.16274413,-0.00150546,0.68864572,-0.03273502,0.07000000,0.00549451,-0.41703695,0.08704162,-0.14374083,-0.01229746,-3.00894761,4.36855936,0.68328786,0.05888559,0.00122106,-0.22622156,
3398,-1.83139312,0.04080825,0.06392938,6.00000000,0.11279297,-0.24492188,0.21726234,1.24399781,-0.10939155,0.07000000,0.00549451,-0.16197905,0.23999999,-0.23999999,-0.01229746,-2.89375591,3.41909981,1.25259554,0.19080037,0.00122106,-0.14610532,
3406,-1.00898480,-0.49669003,-0.94881791,6.00000000,0.32871094,-0.40444335,0.38179991,1.44054782,-0.14309981,0.07000000,0.00549451,0.05276507,0.23999999,-0.23999999,-0.01229746,-0.31241393,0.13788101,1.45989096,0.27121276,0.00122106,0.09178679,
3414,0.22642323,-1.70217061,1.11139262,6.00000000,0.35288087,-0.43666992,0.22181018,1.27500594,-0.05498439,0.07000000,0.00549451,0.08600247,0.23999999,-0.23999999,-0.01229746,2.75063896,-3.04210901,1.29145598,0.18364704,0.00122106,0.31824216,
3422,3.85244179,-2.85138750,3.91739702,6.00000000,0.34643555,-0.43183595,-0.07981777,0.69035679,0.07827800,0.07000000,0.00549451,0.19532600,0.12153792,-0.09640282,-0.01229746,5.02829361,-5.65661240,0.69832003,-0.16626854,0.00122106,0.46214736,
3430,4.78977156,-0.81033045,7.69664431,6.00000000,0.17724609,-0.19819336,-0.44137272,-0.11207604,0.19332728,0.07000000,0.00549451,0.21266261,-0.01204063,0.03908402,-0.01229746,6.27620411,-6.97259045,-0.11193365,-0.17412847,0.00122106,0.49624225,
3437,6.93377924,3.24544716,16.68328094,5.00000000,-0.00966797,0.03867187,-0.30136672,-0.82907391,0.21276104,0.07000000,0.00549451,-0.16664536,-0.23999999,0.23999999,-0.01229746,6.75791502,-6.20988131,-0.82007533,-0.44447178,0.00122106,0.43237472,
3446,8.06384277,-0.25008726,20.53136063,6.00000000,-0.32871094,0.42377931,0.31256783,-1.57801020,0.16465646,0.07000000,0.00549451,-0.10385201,-0.23999999,0.23999999,-0.01229746,4.37554026,-4.02996492,-1.56489158,-0.69688785,0.00122106,0.19946477,
3454,0.80103165,-0.63315952,20.53136063,6.00000000,-0.35610351,0.42861328,-0.01831792,-1.11394775,-0.08917283,0.07000000,0.00549451,-0.15793216,-0.23999999,0.23999999,-0.01229746,2.56388855,-2.05599785,-1.09349620,-0.13977218,0.00122106,0.09391687,
3462,1.61984861,-1.39690983,18.32330894,6.00000000,-0.34965819,0.43666992,0.07960484,-0.60524768,0.00788773,0.07000000,0.00549451,-0.26870835,-0.23999999,0.23999999,-0.01229746,0.15358898,0.71383971,-0.59239936,-0.38399634,0.00122106,-0.06792937,
3470,-0.52775031,1.48331475,12.95191669,6.00000000,-0.35932618,0.42539063,-0.22477508,0.27398732,-0.01543940,0.07000000,0.00549451,-0.60927796,-0.23999999,0.23999999,-0.01229746,-1.20602250,3.22362304,0.27299869,-0.20366031,0.00122106,-0.14691253,
3478,-1.79188883,-1.03658247,8.18865299,6.00000000,-0.34643555,0.44150391,0.04651383,0.91644466,0.06590723,0.07000000,0.00549451,-0.71293849,-0.07932784,-0.01746145,-0.01229746,-3.16951799,5.49255133,0.92244852,-0.06498966,0.00122106,-0.26389575,
3486,-2.03130889,1.49408865,4.26455641,6.00000000,-0.13212891,-0.01127930,-0.05599914,1.62035012,0.01126575,0.07000000,0.00549451,-0.69109315,0.08186038,-0.17532580,-0.01229746,-4.15388346,6.34601736,1.61804366,-0.03170990,0.00122106,-0.27610239,
3494,-1.70569754,-0.11481486,0.35482490,6.00000000,0.10473633,-0.28681642,0.31538376,1.91905344,0.00942995,0.07000000,0.00549451,-0.13260365,0.23999999,-0.23999999,-0.01229746,-3.71580577,4.14166641,1.94108689,0.24381195,0.00122106,-0.15296377,
3502,-1.43634987,-0.19502062,-1.35822642,6.00000000,0.34321290,-0.41733399,0.35300940,2.01808572,-0.09204388,0.07000000,0.00549451,0.16821356,0.23999999,-0.23999999,-0.01229746,-1.30376089,0.77492619,2.04720140,0.32141483,0.00122106,0.07912323,
3509,1.00453877,-2.00144577,-1.33667862,5.00000000,0.34643555,-0.42539063,0.26247698,1.73545241,0.00807629,0.07000000,0.00549451,0.25815818,0.23999999,-0.23999999,-0.01229746,1.21474910,-2.03679919,1.76394999,0.09718141,0.00122106,0.26378667,
3518,1.24755025,-0.85462320,2.63889337,6.00000000,0.34804687,-0.43022460,-0.16322474,1.17850411,0.07584993,0.07000000,0.00549451,0.34805793,0.23999999,-0.23999999,-0.01229746,3.92175484,-5.02829361,1.19323516,0.11694896,0.00122106,0.43436098,
3526,3.89673448,0.38796750,7.21900129,6.00000000,0.35610351,-0.44150391,-0.37119579,0.46781567,0.21279284,0.07000000,0.00549451,0.44671533,0.23999999,-0.23999999,-0.01229746,6.01789522,-7.46128273,0.47343516,-0.02219567,0.00122106,0.54819095,
3534,5.99644947,2.94377780,11.88410282,6.00000000,0.35449219,-0.41733399,-0.29945225,-0.49057773,0.23538840,0.07000000,0.00549451,0.51517487,-0.00048900,0.06822777,-0.01229746,8.00058937,-9.65690613,-0.48033115,-0.18006532,0.00122106,0.63875312,
3542,10.47719765,0.73153543,11.84340191,6.00000000,0.01772461,0.10473633,0.17342345,-1.36413121,0.18711898,0.07000000,0.00366300,0.53353781,-0.23999999,0.23999999,-0.01229746,7.82605648,-9.56265926,-1.35672569,-0.72769642,0.00122106,0.55962574,
3550,10.44487572,0.50648046,20.00523567,6.00000000,-0.33193359,0.38994139,0.20452216,-2.43707824,0.01448689,0.07000000,0.00366300,0.34610814,-0.23999999,0.23999999,-0.01229746,4.73682356,-5.86430645,-2.40626287,-0.92583084,0.00122106,0.21988857,
3558,0.42993039,-1.08925498,20.53136063,6.00000000,-0.35449219,0.43183595,0.48439100,-2.69314408,-0.05968834,0.07000000,0.00366300,-0.03549212,-0.23999999,0.23999999,-0.01229746,3.45575190,-3.34230542,-2.66472292,-0.27692038,0.00122106,0.05771270,
3566,2.85166550,-3.13869166,19.76820946,6.00000000,-0.35610351,0.41572267,-0.10517846,-1.51383901,0.00038917,0.07000000,0.00366300,-0.19060671,-0.23999999,0.23999999,-0.01229746,0.95469511,-0.34732053,-1.47832012,-0.50653362,0.00122106,-0.06084198,
3574,-2.66098404,-0.19023222,14.46265793,6.00000000,-0.35449219,0.43344727,-0.25647831,-0.57983708,0.10409161,0.07000000,0.00366300,-0.39232475,-0.13643721,0.08262126,-0.01229746,-0.87964594,2.15373635,-0.57308906,0.03066242,0.00122106,-0.16013739,
3581,-1.80984533,1.39353216,6.29962778,5.00000000,-0.20302734,0.14824219,-0.42122412,0.19272350,0.13377093,0.07000000,0.00366300,-0.36197001,-0.23999999,0.21335383,-0.01229746,-2.32303333,3.47844124,0.18516922,-0.14063913,0.00122106,-0.21073265,
3590,-1.41959047,2.53915763,0.47812629,6.00000000,-0.35610351,0.38027343,-0.03074986,0.70174980,0.06096012,0.07000000,0.00366300,-0.28319305,0.00701886,-0.04509269,-0.01229746,-4.07010794,4.98815060,0.69664043,0.01323953,0.00122106,-0.29197121,
3598,-3.35410547,1.61260164,1.54115188,6.00000000,-0.00161133,-0.06284180,0.29673573,1.39649284,-0.00382731,0.07000000,0.00366300,-0.17508976,0.23999999,-0.23999999,-0.01229746,-4.78220224,5.35641527,1.40058231,0.24752414,0.00122106,-0.27972269,
3606,-0.95032692,-0.16748729,-1.28879464,6.00000000,0.33354491,-0.39799803,0.50182337,1.67988980,-0.06169781,0.07000000,0.00366300,0.05940749,0.23999999,-0.23999999,-0.01229746,-2.96356916,2.77681899,1.70090342,0.24939655,0.00122106,-0.08786982,
3614,-0.42240542,-1.70576191,-1.00867295,6.00000000,0.34321290,-0.41572267,0.34603921,1.61804020,-0.08669804,0.07000000,0.00366300,0.31116909,0.23999999,-0.23999999,-0.01229746,0.17802358,-1.14493597,1.64173102,0.22712019,0.00122106,0.17893735,
3622,2.04960775,-2.50781941,3.25659728,6.00000000,0.35610351,-0.43183595,-0.04415132,1.09386241,0.08009301,0.07000000,0.00366300,0.42295256,0.23999999,-0.23999999,-0.01229746,2.65290046,-4.01949310,1.10117364,0.04211256,0.00122106,0.33814389,
3630,3.53042150,-1.63393581,7.57813120,6.00000000,0.36254883,-0.43989259,-0.40125212,0.38641870,0.15857767,0.07000000,0.00366300,0.51284254,0.23999999,-0.23999999,-0.01229746,4.74031448,-6.39314079,0.38290572,0.03338001,0.00122106,0.45129913,
3638,6.34839678,2.49845624,11.84459877,6.00000000,0.35932618,-0.42377931,-0.55101162,-0.57543749,0.25099391,0.07000000,0.00366300,0.55149078,0.08890763,-0.01578766,-0.01229746,6.74918842,-8.51895237,-0.56509763,-0.07446796,0.00122106,0.53746408,
3646,12.39375591,1.64971185,12.42399597,6.00000000,0.15146485,-0.05478515,0.05474713,-1.72399557,0.17699875,0.07000000,0.00366300,0.71496195,-0.23999999,0.23999999,-0.01229746,6.76664162,-9.07920265,-1.71070981,-0.77758843,0.00122106,0.47334945,
3653,10.04265022,1.48211765,20.53136063,5.00000000,-0.31904298,0.39638671,0.13359326,-2.77408409,-0.00084375,0.07000000,0.00366300,0.34717163,-0.23999999,0.23999999,-0.01229746,5.09810686,-6.22733450,-2.72889662,-0.78887123,0.00122106,0.22598967,
3662,-1.06883991,-2.54852080,20.53136063,6.00000000,-0.34160155,0.43183595,0.62717378,-2.78106260,-0.08997898,0.07000000,0.00366300,0.29502141,-0.23999999,0.23999999,-0.01229746,2.97055030,-3.92000961,-2.75034642,-0.26687545,0.00122106,0.05216390,
3670,3.77343297,-2.25163984,16.15535927,6.00000000,-0.34804687,0.42377931,-0.14134879,-1.64365983,-0.00992402,0.07000000,0.00366300,0.04522806,-0.23999999,0.23999999,-0.01229746,0.44680429,-0.60039330,-1.62555540,-0.51269841,0.00122106,-0.08343138,
3678,-1.75358152,-0.74927831,11.72010040,6.00000000,-0.34804687,0.43022460,-0.25940061,-0.67723322,0.01722200,0.07000000,0.00366300,-0.15948933,-0.20019567,0.17806265,-0.01229746,-1.37531948,1.87971950,-0.67655051,-0.00989050,0.00122106,-0.17403975,
3686,-2.61070585,1.98849130,6.82276058,6.00000000,-0.30131835,0.31582031,-0.35090452,0.05131773,0.07216482,0.07000000,0.00549451,-0.23778886,-0.07672866,0.04423650,-0.01229746,-3.25329351,4.00378513,0.04545850,0.02438717,0.00122106,-0.27026111,
3694,-2.51493764,1.72153783,1.88471973,6.00000000,-0.11601563,0.07895508,-0.10108674,0.71210068,-0.00589378,0.07000000,0.00549451,-0.20907538,0.13806713,-0.16629192,-0.01229746,-4.20798874,4.89739418,0.70939988,0.10344330,0.00122106,-0.29281425,
3702,-3.56838655,2.04116368,0.47453499,6.00000000,0.18691406,-0.27714843,0.25047719,1.16953409,-0.05058718,0.07000000,0.00366300,0.02426077,0.23999999,-0.23999999,-0.01229746,-3.17126322,3.09272337,1.17532837,0.39198518,0.00122106,-0.14898758,
3710,-0.58161986,-0.16150180,-2.25006652,6.00000000,0.33999023,-0.42216796,0.34661874,1.26692700,-0.10484198,0.07000000,0.00366300,0.26585728,0.23999999,-0.23999999,-0.01229746,-0.68591440,-0.17104226,1.28790939,0.26131535,0.00122106,0.07533710,
3718,1.04643726,-2.58802533,-0.55616885,6.00000000,0.35288087,-0.42055663,0.28366551,0.96644914,-0.05743372,0.07000000,0.00366300,0.36184928,0.23999999,-0.23999999,-0.01229746,1.88321030,-3.04559946,0.97894919,0.06008159,0.00122106,0.26726004,
3725,2.68646550,-1.61957061,3.34518290,5.00000000,0.34643555,-0.43666992,-0.08186208,0.47514150,0.01363553,0.07000000,0.00366300,0.43746257,0.23999999,-0.20119914,-0.01229746,4.20449829,-5.61123371,0.47854054,-0.03425597,0.00122106,0.40967989,
3734,5.16446447,-1.88412988,6.99274921,6.00000000,0.34965819,-0.35932618,-0.32457900,-0.28172594,0.13403860,0.07000000,0.00366300,0.47039723,0.02718654,0.03506844,-0.01229746,6.30587435,-7.82954693,-0.28769392,-0.14312902,0.00122106,0.51661527,
3742,8.72224808,2.16207099,10.72411251,6.00000000,0.05961914,0.03867187,-0.44840580,-1.20718718,0.19378540,0.07000000,0.00366300,0.18236080,-0.23999999,0.23999999,-0.01229746,7.03193140,-7.61661673,-1.19610322,-0.35496253,0.00122106,0.46548456,
3750,11.65634251,1.54316986,16.31337547,6.00000000,-0.31743163,0.38994139,0.05827356,-1.93450642,0.15290421,0.07000000,0.00366300,-0.13201711,-0.23999999,0.23999999,-0.01229746,4.43488169,-4.00727606,-1.91280842,-1.10231519,0.00122106,0.17260459,
3758,3.29459262,0.92426866,20.53136063,6.00000000,-0.35771483,0.43183595,0.29520050,-1.99572945,-0.01317060,0.07000000,0.00366300,-0.17004164,-0.23999999,0.23999999,-0.01229746,2.43473434,-1.86052096,-1.97940969,-0.10288322,0.00122106,0.01126358,
3766,4.64971066,-1.74766040,19.49886131,6.00000000,-0.35610351,0.43505859,0.14214264,-0.89447558,-0.09420571,0.07000000,0.00366300,-0.20833345,-0.23999999,0.23999999,-0.01229746,-0.16755162,0.81855947,-0.86917567,-0.69308156,0.00122106,-0.10589738,
3774,0.03488710,-0.07411344,15.64778805,6.00000000,-0.35610351,0.42377931,-0.23811041,-0.15643956,-0.08526790,0.07000000,0.00366300,-0.37190211,-0.23999999,0.23999999,-0.01229746,-1.59174025,2.79601741,-0.15160877,-0.17122287,0.00122106,-0.17926849,
3782,-0.19016786,-0.51464653,9.47433949,6.00000000,-0.34482422,0.43505859,-0.10828625,0.52984136,-0.02768241,0.07000000,0.00366300,-0.56173950,-0.23999999,0.23999999,-0.01229746,-3.44353461,5.25867701,0.53165144,-0.22473407,0.00122106,-0.28541446,
3790,-1.76674962,0.73991513,5.21864557,6.00000000,-0.34482422,0.42216796,-0.24105489,1.21606255,-0.10680217,0.07000000,0.00366300,-0.77081376,-0.22703584,0.12306334,-0.01229746,-5.23249674,7.75973415,1.21642113,-0.16214439,0.00122106,-0.40227491,
3797,-1.77991784,1.45219016,3.29849577,5.00000000,-0.33032227,0.22719726,0.02686414,1.86648512,-0.07260230,0.07000000,0.00366300,-0.67543644,0.01255023,-0.10304165,-0.01229746,-7.18901110,9.41081524,1.86971843,-0.04691972,0.00122106,-0.48849750,
3806,-2.48979855,1.21516418,2.65565276,6.00000000,0.00000000,-0.17402343,0.16825715,2.37333608,-0.16764618,0.07000000,0.00366300,-0.19368747,0.23999999,-0.23999999,-0.01229746,-7.73180866,8.35663605,2.38427401,0.16147712,0.00122106,-0.43224049,
3814,-0.89406317,-1.06052458,0.79655510,6.00000000,0.32548827,-0.40766603,0.32632825,2.57157087,-0.16977435,0.07000000,0.00366300,0.13262266,0.23999999,-0.23999999,-0.01229746,-5.52047634,5.08938026,2.60005116,0.19018197,0.00122106,-0.20397729,
3822,1.46661973,-2.40127754,0.45897266,6.00000000,0.33999023,-0.41733399,0.14976336,2.41261053,-0.12766235,0.07000000,0.00366300,0.28901592,0.23999999,-0.23999999,-0.01229746,-2.29685330,1.34390354,2.44046926,0.03373860,0.00122106,0.04427871,
3830,3.48014331,-2.56049180,4.59136486,6.00000000,0.34804687,-0.41733399,-0.20039470,1.64567280,0.01310031,0.07000000,0.00366300,0.41254050,0.23999999,-0.23999999,-0.01229746,0.60737455,-1.90939021,1.65432703,-0.07677500,0.00122106,0.22170657,
3838,5.21713686,0.02883724,7.94564152,6.00000000,0.36093751,-0.43183595,-0.54833633,0.74015063,0.10921308,0.07000000,0.00366300,0.57104355,0.23999999,-0.17670140,-0.01229746,2.75762033,-4.61290503,0.74380928,-0.05545329,0.00122106,0.33772880,
3846,7.89505148,4.21869040,13.00818062,6.00000000,0.35771483,-0.32226563,-0.31460255,-0.23817581,0.09795786,0.07000000,0.00366300,0.67127544,-0.16745517,0.23999999,-0.01229746,4.37204981,-6.50309706,-0.22024536,-0.26490396,0.00122106,0.39712918,
3854,11.94843483,1.04397881,14.70926094,6.00000000,-0.21752930,0.39316407,-0.06450510,-1.68482411,-0.00269717,0.07000000,0.00366300,0.48559248,-0.23999999,0.23999999,-0.01229746,3.22711372,-4.81361771,-1.67378056,-0.68593550,0.00122106,0.18095203,
3862,5.10939741,0.64773840,20.53136063,6.00000000,-0.35126954,0.43505859,0.38961408,-2.33077264,-0.12622763,0.07000000,0.00366300,0.04643464,-0.23999999,0.23999999,-0.01229746,1.97222209,-2.11708450,-2.29705572,-0.76749998,0.00122106,-0.01528494,
3869,1.01291847,-4.45071411,20.26620293,5.00000000,-0.34804687,0.42539063,0.25490591,-1.50410807,-0.22957420,0.07000000,0.00366300,0.05574908,-0.23999999,0.23999999,-0.01229746,-0.39618975,0.17453292,-1.47859216,-0.19245839,0.00122106,-0.13240030,
3878,0.83574754,1.05235851,16.05480194,6.00000000,-0.36254883,0.43344727,-0.24014138,-0.65729123,-0.17689860,0.07000000,0.00366300,-0.27288008,-0.23999999,0.23999999,-0.01229746,-2.06646991,2.97055030,-0.64445364,-0.27241975,0.00122106,-0.24344042,
3886,-1.40283108,-0.34705243,9.81311893,6.00000000,-0.34965819,0.43828124,-0.06023098,0.18423016,-0.06040192,0.07000000,0.00366300,-0.55281699,-0.23999999,0.19202094,-0.01229746,-3.58141565,5.39830303,0.18416202,-0.09693362,0.00122106,-0.32853788,
3894,-1.21608329,1.92145371,4.79008341,6.00000000,-0.35288087,0.35449219,-0.25669083,0.99615288,-0.08179493,0.07000000,0.00366300,-0.63470984,-0.23999999,0.19961020,-0.01229746,-5.43844604,7.48397160,0.98832881,-0.17819546,0.00122106,-0.41648182,
3902,-2.39283347,1.38634956,3.02675390,6.00000000,-0.34804687,0.34965819,0.13364853,1.55605268,-0.00830890,0.07000000,0.00366300,-0.60030895,0.09386227,-0.17420998,-0.01229746,-7.29024029,9.30609608,1.55906749,0.05541700,0.00122106,-0.51511216,
3910,-1.68774104,0.63217604,2.14568782,6.00000000,0.10795899,-0.29326171,0.25526819,2.19008207,-0.07737650,0.07000000,0.00366300,-0.40170652,0.23999999,-0.23999999,-0.01229746,-7.45953703,8.76155281,2.20279980,0.14291763,0.00122106,-0.45133415,
3918,-0.15186064,-0.47155091,-1.66827559,6.00000000,0.32871094,-0.41088867,0.49464348,2.41139483,-0.12096716,0.07000000,0.00366300,-0.00608757,0.23999999,-0.23999999,-0.01229746,-5.04400158,5.05621910,2.44695640,0.27646029,0.00122106,-0.19706728,
3926,1.27867484,-2.11397338,-0.73333979,6.00000000,0.34804687,-0.41249999,0.16254304,2.11366010,-0.05054971,0.07000000,0.00366300,0.20413482,0.23999999,-0.23999999,-0.01229746,-2.00189257,1.35263014,2.14754200,0.08706367,0.00122106,0.03545693,
3934,2.71040750,-1.13474476,4.92894745,6.00000000,0.35288087,-0.42377931,-0.24758215,1.39317107,0.08741263,0.07000000,0.00366300,0.32001963,0.23999999,-0.23999999,-0.01229746,0.79761547,-1.79070783,1.40582335,0.00241820,0.00122106,0.20911033,
3941,4.81730509,-0.21178003,8.35864162,5.00000000,0.35288087,-0.43344727,-0.53536296,0.61743581,0.21692398,0.07000000,0.00366300,0.45751366,0.19965225,-0.13826701,-0.01229746,2.72969484,-4.20449829,0.61904162,-0.06451806,0.00122106,0.30961820,
3950,7.11573839,5.39903164,14.25555992,6.00000000,0.30776367,-0.25942382,-0.39175296,-0.27158540,0.24409699,0.07000000,0.00366300,0.42031851,-0.12184449,0.17761260,-0.01229746,4.50120401,-5.86081553,-0.25296134,-0.20867603,0.00122106,0.37623912,
3958,11.33073044,1.67365384,13.77193165,6.00000000,-0.15307617,0.28359374,0.08325569,-1.24525225,0.18742627,0.07000000,0.00366300,0.23043610,-0.23999999,0.23999999,-0.01229746,3.39292002,-4.13992071,-1.23442042,-0.84357893,0.00122106,0.19512294,
3966,8.78090572,0.41430372,20.53136063,6.00000000,-0.32871094,0.41894531,0.31749070,-1.80671299,0.01283717,0.07000000,0.00366300,0.17178634,-0.23999999,0.23999999,-0.01229746,-0.13264503,-0.42411500,-1.78337216,-0.86613441,0.00122106,-0.12109175,
3974,-0.05489546,-2.22051525,20.53136063,6.00000000,-0.35610351,0.43666992,0.13516413,-1.30767155,-0.19295204,0.07000000,0.00366300,0.03471772,-0.23999999,0.23999999,-0.01229746,-1.42244339,1.31074226,-1.29143524,-0.05507851,0.00122106,-0.19989961,
3982,2.88398719,0.99489760,15.52927494,6.00000000,-0.36416015,0.42377931,-0.04100291,-0.32244951,-0.10647358,0.07000000,0.00366300,-0.31302029,-0.23999999,0.23999999,-0.01229746,-3.12588477,4.15911961,-0.31364584,-0.51259506,0.00122106,-0.30546513,
3990,-2.07919312,-1.08925498,11.23527431,6.00000000,-0.35610351,0.42055663,-0.04363668,0.39285469,-0.03121286,0.07000000,0.00366300,-0.44365621,-0.17172611,0.11189093,-0.01229746,-4.81710863,6.25875092,0.39517218,-0.03933558,0.00122106,-0.39212009,
3998,-2.11869740,1.30255258,5.60052061,6.00000000,-0.26103514,0.21108398,-0.30665550,1.10244882,0.00958154,0.07000000,0.00366300,-0.44657433,-0.15664628,0.09688313,-0.01229746,-6.34427166,7.81383944,1.10011840,-0.09579423,0.00122106,-0.45559809,
4006,-2.21805668,1.49648285,1.90626764,6.00000000,-0.23847656,0.17080078,0.01368811,1.62647188,0.02325288,0.07000000,0.00366300,-0.22001107,0.19261841,-0.22123106,-0.01229746,-7.60963535,8.32172966,1.63390648,0.08827003,0.00122106,-0.48145702,
4013,-2.46944785,0.73991513,1.38074028,5.00000000,0.26909178,-0.36577147,0.18360651,2.05459976,-0.04996756,0.07000000,0.00366300,0.05787525,0.23999999,-0.23999999,-0.01229746,-6.85565329,6.67588425,2.07140017,0.21424615,0.00122106,-0.35838318,
4022,0.24078844,-1.36698234,-2.80671835,6.00000000,0.34965819,-0.42216796,0.48036370,2.05647421,-0.12360230,0.07000000,0.00366300,0.34826571,0.23999999,-0.23999999,-0.01229746,-3.78561902,2.67384434,2.09151649,0.11133288,0.00122106,-0.08982071,
4030,0.78786355,-1.96553278,0.44819877,6.00000000,0.34160155,-0.42700195,0.12885863,1.64124501,-0.09873793,0.07000000,0.00366300,0.48828515,0.23999999,-0.23999999,-0.01229746,-0.90408051,-0.66497040,1.65941703,0.06721468,0.00122106,0.11950531,
4038,2.01608896,-2.46232963,5.43651819,6.00000000,0.35610351,-0.42539063,-0.15801387,1.02838230,0.00856446,0.07000000,0.00366300,0.53279889,0.23999999,-0.23999999,-0.01229746,1.67551613,-3.36499476,1.02612519,0.07459326,0.00122106,0.27235958,
4046,4.57429361,0.36163127,9.07091618,6.00000000,0.34965819,-0.43183595,-0.45032993,0.25210291,0.09699054,0.07000000,0.00366300,0.65713888,0.23999999,-0.21958250,-0.01229746,3.76467514,-5.89048624,0.25414872,0.02542894,0.00122106,0.38546103,
4054,7.64126587,4.75618839,14.54525852,6.00000000,0.35449219,-0.39316407,-0.14283954,-0.63822883,0.12554431,0.07000000,0.00366300,0.67220557,-0.21817991,0.23999999,-0.01229746,5.62868690,-7.78765917,-0.61293620,-0.27441901,0.00122106,0.46496645,
4062,12.14595604,1.61499584,15.96502018,6.00000000,-0.28842774,0.39155275,0.17972620,-1.94120562,0.05878361,0.07000000,0.00366300,0.58121729,-0.23999999,0.23999999,-0.01229746,4.30747271,-6.22384405,-1.92073178,-0.78319901,0.00122106,0.25201946,
4070,6.60936499,-0.42606109,20.53136063,6.00000000,-0.34482422,0.42539063,0.40912673,-2.46740842,-0.04935872,0.07000000,0.00366300,0.20675573,-0.23999999,0.23999999,-0.01229746,0.89186323,-1.56032443,-2.43210149,-0.90310580,0.00122106,-0.08929648,
4078,-0.26438811,-3.62471461,20.53136063,6.00000000,-0.35771483,0.43505859,0.15684184,-1.68821061,-0.08414889,0.07000000,0.00366300,0.09485224,-0.23999999,0.23999999,-0.01229746,-0.97040302,0.66671580,-1.66959798,-0.03853983,0.00122106,-0.19319189,
4085,3.90032578,0.15692703,14.92952728,5.00000000,-0.35449219,0.41572267,-0.24651541,-0.87119120,0.05333754,0.07000000,0.00366300,-0.26153094,-0.23999999,0.23999999,-0.01229746,-2.64417386,3.49938512,-0.86094701,-0.56779134,0.00122106,-0.29870498,
4094,-2.83695793,-0.68224066,11.98705387,6.00000000,-0.35771483,0.42861328,-0.20538123,-0.14997181,0.13455759,0.07000000,0.00366300,-0.41240388,-0.20322484,0.14738321,-0.01229746,-4.37728596,5.63392258,-0.14859688,0.00257105,0.00122106,-0.38804400,
4102,-2.05046248,2.07109118,4.84993839,6.00000000,-0.30454102,0.25781250,-0.43545243,0.75137240,0.11501309,0.07000000,0.00366300,-0.28786719,-0.23999999,0.21815050,-0.01229746,-6.38441420,7.33387375,0.74300367,-0.12722495,0.00122106,-0.46969658,
4110,-2.36290598,2.31769395,1.24307370,6.00000000,-0.34643555,0.39960939,0.00111824,1.32702076,0.06111718,0.07000000,0.00366300,-0.30968216,0.09164217,-0.13242474,-0.01229746,-8.21351910,9.23628235,1.33112836,0.08230470,0.00122106,-0.56113064,
4118,-3.66894293,0.54478770,1.77578354,6.00000000,0.10957031,-0.21430664,0.29078254,1.95548820,-0.04266357,0.07000000,0.00366300,-0.14037687,0.23999999,-0.23999999,-0.01229746,-8.49277210,8.94306755,1.96743560,0.29216105,0.00122106,-0.51431447,
4126,-1.21009779,-0.00109028,-2.69538808,6.00000000,0.33032227,-0.40444335,0.49471650,2.24675465,-0.11608748,0.07000000,0.00366300,0.07489073,0.23999999,-0.23999999,-0.01229746,-6.06676435,5.78053093,2.27898049,0.32224712,0.00122106,-0.28033036,
4134,0.02411319,-1.11559117,0.02203085,6.00000000,0.33999023,-0.41733399,0.39005271,2.05338955,-0.04890881,0.07000000,0.00366300,0.27753660,0.23999999,-0.23999999,-0.01229746,-2.82219744,1.93382490,2.08374977,0.18959977,0.00122106,-0.02258478,
4142,1.21881986,-3.20932055,4.20829248,6.00000000,0.34160155,-0.43022460,-0.00823496,1.46733201,0.02104167,0.07000000,0.00366300,0.34121445,0.23999999,-0.23999999,-0.01229746,0.29146999,-1.38404620,1.47473121,0.09208041,0.00122106,0.17780283,
4150,3.38916373,-1.23170996,7.99591970,6.00000000,0.35288087,-0.42216796,-0.39402878,0.75814027,0.18688086,0.07000000,0.00366300,0.34514281,0.23999999,-0.23999999,-0.01229746,2.67558980,-3.78561902,0.75727820,0.02538487,0.00122106,0.30913264,
4157,6.51120281,3.44057465,13.58278942,5.00000000,0.34643555,-0.43183595,-0.52356088,-0.11392602,0.27210492,0.07000000,0.00366300,0.41448677,-0.05210580,0.10711983,-0.01229746,4.54309177,-5.87303305,-0.10631102,-0.17995927,0.00122106,0.38872045,
4166,12.93963432,2.13094640,15.11986637,6.00000000,-0.05800781,0.16757813,0.11297645,-1.26314163,0.22709419,0.07000000,0.00366300,0.35629562,-0.23999999,0.23999999,-0.01229746,3.95666146,-5.10857916,-1.25242937,-0.91557729,0.00122106,0.25032037,
4174,10.29404163,2.07228827,20.53136063,6.00000000,-0.33193359,0.40122071,0.32477865,-2.11281562,0.06686841,0.07000000,0.00366300,0.21207303,-0.23999999,0.23999999,-0.01229746,0.52534413,-1.22173047,-2.08245063,-0.89790267,0.00122106,-0.09613892,
4182,-2.12109160,-2.78674388,20.53136063,6.00000000,-0.35932618,0.43183595,0.37309095,-1.87958586,-0.12399984,0.07000000,0.00366300,0.06152682,-0.23628485,0.23999999,-0.01229746,-0.83426738,0.64053583,-1.86461771,0.10826308,0.00122106,-0.19801742,
4190,4.33487320,-0.18065540,14.70088100,6.00000000,-0.34804687,0.42539063,-0.25052989,-0.82263798,-0.06871390,0.07000000,0.00366300,-0.31397831,-0.23999999,0.23999999,-0.01229746,-2.82219744,3.82750702,-0.81472147,-0.64200920,0.00122106,-0.31454837,
4198,-2.85850573,-0.39852777,11.92001629,6.00000000,-0.35771483,0.43989259,-0.09622782,-0.11872458,0.00666080,0.07000000,0.00366300,-0.51053190,-0.17462657,0.10546651,-0.01229746,-4.26209402,5.94982719,-0.11773539,0.02817029,0.00122106,-0.40009385,
4206,-2.67654634,1.59464514,4.67157078,6.00000000,-0.26425782,0.19497070,-0.37095374,0.75339127,0.01312569,0.07000000,0.00366300,-0.37518555,-0.18124157,0.13105612,-0.01229746,-6.20639086,7.41590405,0.74637675,-0.07003185,0.00122106,-0.46561450,
4214,-2.41438127,2.08186531,0.19201918,6.00000000,-0.26909178,0.22236328,-0.00562554,1.32613099,-0.03866218,0.07000000,0.00366300,-0.33437815,0.16643035,-0.21070948,-0.01229746,-7.36878014,8.44913864,1.33019161,0.11904702,0.00122106,-0.50151449,
4222,-3.99096298,0.58908045,0.14772645,6.00000000,0.22880860,-0.34482422,0.27588633,1.88235974,-0.12401103,0.07000000,0.00366300,0.04311258,0.23999999,-0.23999999,-0.01229746,-6.92023039,6.77362299,1.89649212,0.39230549,0.00122106,-0.37722129,
4229,-1.14186299,1.28339899,-5.46907091,5.00000000,0.34160155,-0.40283203,0.43755704,2.03479719,-0.24807632,0.07000000,0.00366300,0.25790638,0.23999999,-0.23999999,-0.01229746,-4.28303766,3.38768411,2.07595658,0.35482502,0.00122106,-0.13353321,
4238,-0.39726630,-1.02341437,-1.00747585,6.00000000,0.33676758,-0.41572267,0.38900992,1.77007902,-0.17480248,0.07000000,0.00366300,0.49321422,0.23999999,-0.23999999,-0.01229746,-0.86742866,-0.73652893,1.79669249,0.21562120,0.00122106,0.13115463,
4246,1.03207207,-3.70492029,3.42778277,6.00000000,0.34643555,-0.42861328,0.01726061,1.19577634,-0.12087037,0.07000000,0.00366300,0.54318166,0.23999999,-0.23999999,-0.01229746,1.81165183,-3.54127288,1.19340003,0.13504757,0.00122106,0.28723192,
4254,3.43465352,-0.77322030,7.28125048,6.00000000,0.34965819,-0.43183595,-0.36032066,0.60098302,0.08522804,0.07000000,0.00366300,0.51544410,0.23999999,-0.23999999,-0.01229746,4.03520107,-5.74387884,0.60023892,0.08443296,0.00122106,0.41443723,
4262,6.76259375,0.79617888,13.26436043,6.00000000,0.35610351,-0.43666992,-0.49600774,-0.27827731,0.19633795,0.07000000,0.00366300,0.58065182,0.05627818,0.02101769,-0.01229746,5.98298836,-7.87492561,-0.27854657,-0.12494826,0.00122106,0.50501752,
4270,11.72936535,2.33565068,16.84967804,6.00000000,0.09667969,0.01611328,0.05251769,-1.23943317,0.19880249,0.07000000,0.00366300,0.33384952,-0.23999999,0.23999999,-0.01229746,6.19242811,-7.27976847,-1.22169924,-0.69092619,0.00122106,0.42007256,
4278,10.13243294,2.13693190,20.53136063,6.00000000,-0.32226563,0.39960939,0.18977268,-2.53169894,0.15857810,0.07000000,0.00366300,0.13249309,-0.23999999,0.23999999,-0.01229746,3.19569802,-3.64773822,-2.50213480,-0.79482442,0.00122106,0.06643540,
4286,2.00411797,-0.74808121,20.53136063,6.00000000,-0.35610351,0.42055663,0.48897797,-2.73137975,-0.01179468,0.07000000,0.00366300,0.18269433,-0.23999999,0.23999999,-0.01229746,0.66671580,-1.24791038,-2.69783831,-0.31974176,0.00122106,-0.13643318,
4294,1.10150397,-2.58802533,17.74870110,6.00000000,-0.35932618,0.42216796,-0.24457510,-1.49902058,-0.09741232,0.07000000,0.00366300,-0.17032427,-0.23999999,0.23999999,-0.01229746,-1.34913957,1.87622893,-1.47447824,-0.28291839,0.00122106,-0.23079686,
4301,-1.12270939,0.32571825,10.59243107,5.00000000,-0.35288087,0.42216796,-0.12044086,-0.70509434,-0.01522566,0.07000000,0.00366300,-0.42273462,-0.23999999,0.23999999,-0.01229746,-2.90771866,4.27780199,-0.70433885,-0.11962815,0.00122106,-0.32928854,
4310,-4.26150799,1.04517591,5.52151203,6.00000000,-0.34965819,0.41572267,-0.40925914,0.18425646,0.04870044,0.07000000,0.00366300,-0.49223557,-0.12754060,0.06110962,-0.01229746,-5.20282650,6.78584003,0.17764997,0.03900352,0.00122106,-0.44523680,
4318,-2.98898959,1.99926519,1.64769375,6.00000000,-0.18852539,0.12407227,-0.23196079,0.93925375,-0.01786586,0.07000000,0.00366300,-0.54584825,-0.03043547,-0.04282509,-0.01229746,-6.58512688,8.36012745,0.93416947,0.03486152,0.00122106,-0.49824634,
4326,-2.97342730,1.91666532,-2.19140863,6.00000000,-0.05156250,-0.06606445,0.21326731,1.42776823,-0.06980368,0.07000000,0.00366300,-0.24037120,0.23999999,-0.23999999,-0.01229746,-6.99353456,7.77020597,1.43559766,0.30562592,0.00122106,-0.44981948,
4334,-2.59753776,0.29459363,-2.62595630,6.00000000,0.32226563,-0.41411132,0.47238728,1.76212454,-0.17648305,0.07000000,0.00366300,0.08358143,0.23999999,-0.23999999,-0.01229746,-5.26391315,4.96720695,1.78349626,0.45380345,0.00122106,-0.25596812,
4342,-1.60274684,-1.04137087,-1.80833638,6.00000000,0.33999023,-0.41088867,0.62053287,1.79430318,-0.22310252,0.07000000,0.00366300,0.26628143,0.23999999,-0.23999999,-0.01229746,-1.83085036,1.04894280,1.82172930,0.38781285,0.00122106,0.03385162,
4350,0.68251866,-2.94715548,1.23828530,6.00000000,0.34965819,-0.42377931,0.21477513,1.37731373,-0.06362446,0.07000000,0.00549451,0.35231557,0.23999999,-0.23999999,-0.01229746,1.05243349,-2.22354960,1.39229798,0.15035176,0.00122106,0.23656783,
4358,2.15614986,-3.17819595,6.98077822,6.00000000,0.34321290,-0.42216796,-0.31164956,0.76039428,0.02683135,0.07000000,0.00549451,0.37580550,0.23999999,-0.23999999,-0.01229746,3.49938512,-4.71413422,0.75404269,0.11326816,0.00122106,0.36956841,
4366,6.51838541,-2.23847175,12.31386280,6.00000000,0.35610351,-0.43183595,-0.54483390,-0.03829716,0.15886769,0.07000000,0.00549451,0.47792500,0.00125915,0.06200689,-0.01229746,5.32325411,-6.87310648,-0.04923719,-0.17424054,0.00122106,0.46091843,
4373,9.47402763,3.65485573,16.85446548,5.00000000,0.02094727,0.08056641,-0.11870801,-0.81103915,0.11689309,0.07000000,0.00549451,0.35629606,-0.23999999,0.23999999,-0.01229746,5.55538273,-6.72300863,-0.79363072,-0.49455559,0.00122106,0.40808117,
4382,8.80484772,2.35719848,20.53136063,6.00000000,-0.32871094,0.41411132,-0.02690172,-2.30914521,0.10739908,0.07000000,0.00549451,0.14064643,-0.23999999,0.23999999,-0.01229746,2.16944432,-2.63021111,-2.28524113,-0.71679163,0.00122106,0.00150096,
4390,-3.01891708,-2.96152067,20.53136063,6.00000000,-0.34482422,0.42700195,0.46541494,-2.18170214,-0.05171169,0.07000000,0.00549451,0.25971597,-0.20129612,0.23519309,-0.01229746,0.05410520,-0.90058988,-2.16020441,0.13817543,0.00122106,-0.12697417,
4398,2.99412036,-1.21495056,16.32415009,6.00000000,-0.29648438,0.41572267,-0.25118485,-1.28981078,-0.07708671,0.07000000,0.00549451,-0.19728151,-0.23999999,0.23999999,-0.01229746,-1.81863308,2.45218754,-1.27707005,-0.41215634,0.00122106,-0.25972024,
4406,-3.19608808,-0.32670170,10.81150055,6.00000000,-0.35610351,0.42216796,0.04089604,-0.56703591,-0.02723977,0.07000000,0.00549451,-0.51720083,-0.09640481,0.02575289,-0.01229746,-3.09272337,4.82758093,-0.56662309,0.12335697,0.00122106,-0.34383076,
4414,-4.25312805,-0.13755977,4.85712099,6.00000000,-0.14663085,0.05156250,-0.35792911,0.36168858,-0.03112072,0.07000000,0.00549451,-0.30905467,0.01266900,-0.05453703,-0.01229746,-4.45058966,5.46811628,0.35860670,0.07950941,0.00122106,-0.35124701,
4422,-2.69330573,3.58542395,-1.39054811,6.00000000,0.01450195,-0.09506836,0.05685634,0.88918632,-0.13290003,0.07000000,0.00366300,-0.23519582,0.23999999,-0.23999999,-0.01229746,-4.04741859,4.81012774,0.88614708,0.26844496,0.00122106,-0.26937896,
4430,-2.67654634,1.27262497,-4.82742453,6.00000000,0.33837891,-0.40605468,0.37647566,1.19931674,-0.11846480,0.07000000,0.00366300,0.08100240,0.23999999,-0.23999999,-0.01229746,-2.37888384,2.11533904,1.21386814,0.46653444,0.00122106,-0.07993305,
4438,-1.90561342,0.51725441,-4.09599590,6.00000000,0.33999023,-0.41733399,0.46173027,1.11805785,-0.21589337,0.07000000,0.00549451,0.20763615,0.23999999,-0.23999999,-0.01229746,0.90408051,-1.57777762,1.14182448,0.46591672,0.00122106,0.17657804,
4445,-1.19094419,-1.71294451,-0.86980927,5.00000000,0.34804687,-0.43505859,0.39166614,0.98043668,-0.13340127,0.07000000,0.00549451,0.31137681,0.23999999,-0.23999999,-0.01229746,3.44702530,-4.49596834,0.99336767,0.34025028,0.00122106,0.37820172,
4454,0.91595334,-2.81786847,2.61495137,6.00000000,0.35126954,-0.43344727,0.04636455,0.61524206,-0.01888080,0.07000000,0.00549451,0.38384598,0.23999999,-0.23999999,-0.01229746,5.92713833,-7.16108561,0.61636376,0.15263729,0.00122106,0.54710037,
4462,3.27065063,-2.39648914,6.92930269,6.00000000,0.36093751,-0.42861328,-0.38729525,0.04403876,0.14416814,0.07000000,0.00549451,0.37500846,0.23999999,-0.23999999,-0.01229746,8.16814137,-9.37241840,0.03749037,0.04581650,0.00122106,0.67122447,
4470,7.25340509,-1.09404337,13.30147076,6.00000000,0.35288087,-0.42539063,-0.55585200,-0.75710475,0.22615053,0.07000000,0.00549451,0.46160075,-0.07610583,0.13618648,-0.01229746,9.77558899,-11.26609993,-0.76183236,-0.23030899,0.00122106,0.74304295,
4478,13.99667454,2.90906191,18.52202797,6.00000000,-0.08056641,0.20947266,-0.17052490,-1.73784328,0.14639616,0.07000000,0.00549451,0.23656538,-0.23999999,0.23999999,-0.01229746,9.02335262,-9.79653263,-1.71079659,-0.81610084,0.00122106,0.58801997,
4486,9.23101616,2.51880693,20.53136063,6.00000000,-0.32548827,0.38994139,0.02808322,-2.75120163,0.06482811,0.07000000,0.00549451,0.27451846,-0.23999999,0.23999999,-0.01229746,4.67748260,-5.55363798,-2.71378946,-0.78871286,0.00122106,0.18710083,
4494,3.87518668,-0.59365523,20.53136063,6.00000000,-0.34643555,0.42539063,0.44471198,-2.83802032,-0.14665453,0.07000000,0.00366300,0.11764601,-0.23999999,0.23999999,-0.01229746,2.08043242,-2.46091413,-2.79375863,-0.62436485,0.00122106,-0.03791925,
4502,-3.12067080,-2.49704552,20.28894806,6.00000000,-0.35771483,0.42216796,-0.00885119,-1.71936572,-0.20349276,0.07000000,0.00366300,-0.14556652,-0.15002489,0.12924960,-0.01229746,0.02617994,0.45204026,-1.69245219,0.14275384,0.00122106,-0.14440247,
4510,-1.26396728,-2.35099936,8.03662109,6.00000000,-0.22236328,0.23686524,-0.04099546,-0.81541580,-0.08764376,0.07000000,0.00366300,-0.14884984,-0.23999999,0.23999999,-0.01229746,-1.68773329,2.18515205,-0.81896716,-0.08877496,0.00122106,-0.21021163,
4517,-3.58873725,0.81054407,2.14568782,5.00000000,-0.35932618,0.41894531,-0.42429653,-0.04370775,-0.10187066,0.07000000,0.00366300,-0.26264912,0.13943049,-0.17509693,-0.01229746,-3.10319543,3.96538806,-0.05297458,0.19564602,0.00122106,-0.27342603,
4526,-3.53726172,1.15530908,1.65367925,6.00000000,0.19335937,-0.29809570,-0.13758890,0.68048847,-0.03737989,0.07000000,0.00366300,-0.12294979,0.23999999,-0.23999999,-0.01229746,-2.96356916,3.36324930,0.67718685,0.19728236,0.00122106,-0.19060716,
4534,-2.42754936,1.56711185,-5.13986778,6.00000000,0.33515626,-0.40766603,0.14455895,0.86265141,-0.16967747,0.07000000,0.00366300,0.13509957,0.23999999,-0.23999999,-0.01229746,-0.34557518,-0.11170107,0.87632132,0.42340183,0.00122106,0.05524492,
4542,-1.18615580,1.19481349,-3.54652667,6.00000000,0.35126954,-0.42539063,0.32361552,0.83266461,-0.15369074,0.07000000,0.00366300,0.30103302,0.23999999,-0.23999999,-0.01229746,2.51851010,-3.50287580,0.85136944,0.37379125,0.00122106,0.29866052,
4550,0.01453639,-1.92842269,0.48890018,6.00000000,0.34965819,-0.43828124,0.27955142,0.51567078,-0.21919408,0.07000000,0.00366300,0.40995577,0.23999999,-0.23999999,-0.01229746,4.92182827,-6.31285620,0.52159899,0.20920317,0.00122106,0.46694565,
4558,1.42112994,-0.85701740,4.61410952,6.00000000,0.34965819,-0.41572267,-0.03064024,0.01955896,-0.06046161,0.07000000,0.00366300,0.46795771,0.23999999,-0.23999999,-0.01229746,7.29024029,-8.82438469,0.01890248,0.10920142,0.00122106,0.60913450,
4566,5.30691910,-0.54816538,8.48433685,6.00000000,0.36093751,-0.42539063,-0.28228089,-0.56706220,0.07787372,0.07000000,0.00366300,0.57016933,0.10250223,-0.02728420,-0.01229746,9.30958652,-11.16661644,-0.57122737,-0.12720039,0.00122106,0.73465139,
4574,8.05785656,0.60943115,15.05642033,6.00000000,0.16596679,-0.06284180,-0.19426221,-1.35920203,0.04906179,0.07000000,0.00366300,0.29690117,-0.23999999,0.23999999,-0.01229746,10.19795895,-11.16487122,-1.35021639,-0.33593211,0.00122106,0.70965064,
4582,12.55177402,-0.15192498,19.09424210,6.00000000,-0.32226563,0.37866211,0.12150638,-2.08578372,-0.01140502,0.07000000,0.00366300,-0.01318669,-0.23999999,0.23999999,-0.01229746,7.71784639,-7.68119431,-2.05928850,-1.08951962,0.00122106,0.42743021,
4589,6.87512159,1.29297578,20.53136063,5.00000000,-0.34643555,0.42216796,0.18545936,-2.37853479,-0.02919052,0.07000000,0.00366300,-0.08487618,-0.23999999,0.23999999,-0.01229746,4.12944889,-3.81179905,-2.40419483,-0.52449125,0.00122106,0.12364885,
4598,0.47182891,-2.71611500,20.53136063,6.00000000,-0.34482422,0.42377931,-0.13347250,-1.37758589,-0.17182611,0.07000000,0.00366300,-0.16113479,-0.23999999,0.23999999,-0.01229746,1.46084058,-0.96691245,-1.34371126,-0.20057642,0.00122106,-0.00943906,
4606,-0.89526027,2.33086228,15.43709850,6.00000000,-0.34804687,0.42216796,-0.39116967,-0.51333678,-0.05714343,0.07000000,0.00366300,-0.37976655,-0.23999999,0.23999999,-0.01229746,-0.71733028,1.94778740,-0.50577950,-0.15937094,0.00122106,-0.13636345,
4614,-3.45346475,-0.49070454,8.03781796,6.00000000,-0.35288087,0.43828124,-0.23614885,0.41017225,-0.13203186,0.07000000,0.00366300,-0.41215107,0.00288056,-0.05877244,-0.01229746,-2.86932111,4.20449829,0.41094238,0.03401512,0.00122106,-0.23469001,
4622,-2.62507105,2.82287073,2.01999211,6.00000000,-0.00483398,-0.07734375,-0.21177435,1.25866425,-0.19117802,0.07000000,0.00366300,-0.35062176,0.14191994,-0.18906012,-0.01229746,-3.65821028,4.78045654,1.25322521,0.02492906,0.00122106,-0.22767580,
4630,-1.67577004,1.34085977,-2.80671835,6.00000000,0.18852539,-0.32709962,0.19098020,1.52386618,-0.27746645,0.07000000,0.00366300,-0.01382899,0.23999999,-0.23999999,-0.01229746,-2.38411975,2.41553569,1.54311562,0.24479878,0.00122106,-0.06183836,
4638,-2.51134634,-0.09206995,-3.21971822,6.00000000,0.33354491,-0.41894531,0.41191706,1.58384979,-0.32563898,0.07000000,0.00366300,0.19222568,0.23999999,-0.23999999,-0.01229746,0.23561946,-0.86393797,1.61020815,0.42556435,0.00122106,0.16602506,
4646,-1.13108909,-1.88652408,-0.80396873,6.00000000,0.34643555,-0.41411132,0.34775284,1.30731344,-0.29933044,0.07000000,0.00366300,0.21825157,0.23999999,-0.23999999,-0.01229746,3.11192203,-3.88161206,1.32726240,0.34529451,0.00122106,0.36548474,
4654,0.96742868,-1.88532698,0.74986815,6.00000000,0.34482422,-0.41733399,-0.02753372,0.89628506,-0.25261259,0.07000000,0.00366300,0.29389527,0.23999999,-0.23999999,-0.01229746,5.56410933,-6.52404070,0.90887642,0.18755844,0.00122106,0.52767259,
4661,2.54879880,-0.62837112,4.53869247,5.00000000,0.35288087,-0.42377931,-0.28769821,0.39370117,-0.06433864,0.07000000,0.00366300,0.36850539,0.23999999,-0.23999999,-0.01229746,7.55902100,-8.76853371,0.39733291,0.06669261,0.00122106,0.65199411,
4670,5.25185251,0.61541665,9.97951603,6.00000000,0.35288087,-0.42861328,-0.44466054,-0.42771164,0.04913848,0.07000000,0.00366300,0.37457293,0.15146084,-0.10283640,-0.01229746,9.70752144,-10.89434528,-0.42649430,-0.10433707,0.00122106,0.74846137,
4678,9.00476360,1.80294073,15.50533295,6.00000000,0.23686524,-0.19335937,0.14757392,-1.30774498,-0.01730859,0.07000000,0.00366300,0.42128205,-0.23999999,0.23999999,-0.01229746,10.49466419,-11.85951233,-1.29705691,-0.61604440,0.00122106,0.75359762,
4686,11.39417744,1.01405120,20.53136063,6.00000000,-0.31743163,0.38671875,0.15526287,-2.65669012,-0.14957841,0.07000000,0.00366300,0.28139961,-0.23999999,0.23999999,-0.01229746,8.21351910,-9.10538292,-2.62314510,-0.88050246,0.00122106,0.46311003,
4694,5.68999147,-0.67026967,20.53136063,6.00000000,-0.34643555,0.42055663,0.64246362,-3.12454367,-0.15383907,0.07000000,0.00366300,0.12280102,-0.23999999,0.23999999,-0.01229746,5.20282650,-5.59901619,-3.07930493,-0.80933088,0.00122106,0.17332980,
4702,0.70167226,-5.90998030,20.53136063,6.00000000,-0.35126954,0.42216796,-0.21896878,-1.97443056,-0.18333848,0.07000000,0.00366300,-0.15516104,-0.23999999,0.23999999,-0.01229746,2.66162705,-2.17118955,-1.94563067,-0.14267945,0.00122106,0.03021146,
4710,-0.15186064,1.69999003,14.46505260,6.00000000,-0.34321290,0.43505859,-0.30080688,-1.02302873,0.00583643,0.07000000,0.00366300,-0.37578797,-0.23999999,0.23999999,-0.01229746,0.40491641,0.82205003,-1.01259828,-0.22116545,0.00122106,-0.09558910,
4718,-4.20404720,0.24192119,8.01746750,6.00000000,-0.35126954,0.42216796,-0.59157157,-0.08975298,-0.00873277,0.07000000,0.00366300,-0.38304996,-0.13031381,0.07806327,-0.01229746,-1.83085036,3.08399677,-0.09322268,-0.01370664,0.00122106,-0.19585402,
4726,-2.08876991,2.36078978,1.71473145,6.00000000,-0.19658203,0.14985351,-0.17313752,0.72121882,-0.03035275,0.07000000,0.00366300,-0.44518799,-0.02666732,-0.03354989,-0.01229746,-3.27598286,4.72111559,0.71255535,-0.01869530,0.00122106,-0.24920328,
4733,-2.52451444,2.11179280,-2.06331873,5.00000000,-0.05478515,-0.04350586,0.05997539,1.15035629,-0.11278614,0.07000000,0.00366300,-0.20331129,0.23999999,-0.23999999,-0.01229746,-3.83274317,4.49073172,1.15459728,0.18696019,0.00122106,-0.22797188,
4742,-3.19249678,0.10186039,-2.00106955,6.00000000,0.33676758,-0.41572267,0.43956202,1.60341358,-0.18618046,0.07000000,0.00366300,0.05341265,0.23999999,-0.23999999,-0.01229746,-1.75580120,1.57079637,1.62106264,0.44912121,0.00122106,-0.00502437,
4750,-0.35057938,-1.33944905,-2.40090132,6.00000000,0.34643555,-0.42700195,0.48220104,1.50314987,-0.18291557,0.07000000,0.00366300,0.11143960,0.23999999,-0.23999999,-0.01229746,1.33517683,-1.70169604,1.53090596,0.29013121,0.00122106,0.23402554,
4758,0.69927806,-2.38571525,1.29574621,6.00000000,0.34160155,-0.42216796,0.09023190,1.15217292,-0.10019223,0.07000000,0.00366300,0.22810528,0.23999999,-0.23999999,-0.01229746,3.77689242,-4.54134703,1.16785192,0.15223445,0.00122106,0.40736091,
4766,3.11143637,-2.35698485,5.67474127,6.00000000,0.34965819,-0.42700195,-0.16788109,0.55636901,0.03742760,0.07000000,0.00366300,0.34216195,0.23999999,-0.23999999,-0.01229746,5.96902609,-7.08952761,0.55773920,-0.04976870,0.00122106,0.54494441,
4774,5.99644947,-0.64752471,10.69897366,6.00000000,0.35126954,-0.42216796,-0.50856203,-0.27280080,0.14464079,0.07000000,0.00366300,0.43401390,0.04826820,0.00875947,-0.01229746,7.95521069,-9.34274769,-0.27654827,-0.16681249,0.00122106,0.64105821,
4782,11.29481792,2.09024501,14.30583858,6.00000000,0.08540039,-0.00966797,-0.00222730,-1.20471895,0.07286313,0.07000000,0.00366300,0.36641175,-0.23999999,0.23999999,-0.01229746,8.33569241,-9.51902580,-1.19251108,-0.73815423,0.00122106,0.58963871,
4790,10.62324429,1.17326570,20.53136063,6.00000000,-0.33032227,0.40122071,0.02992863,-2.38710570,-0.02509721,0.07000000,0.00366300,0.15029830,-0.23999999,0.23999999,-0.01229746,5.70548105,-6.16450310,-2.35848522,-0.82017070,0.00122106,0.27493587,
4798,-0.30868083,-2.60717893,20.53136063,6.00000000,-0.34965819,0.42861328,0.58050597,-2.29765034,-0.07906719,0.07000000,0.00366300,0.10649516,-0.23999999,0.23999999,-0.01229746,3.46273303,-3.82925224,-2.27310252,-0.10402530,0.00122106,0.10704714,
4805,2.69245100,-4.57401562,18.74708176,5.00000000,-0.34965819,0.41894531,-0.19103141,-1.34300315,-0.07595905,0.07000000,0.00366300,-0.09017134,-0.23999999,0.23999999,-0.01229746,1.15366256,-0.85172069,-1.32394779,-0.48897365,0.00122106,-0.02550935,
4814,-2.52930284,0.37719360,13.64384174,6.00000000,-0.35449219,0.43183595,-0.12708399,-0.44074225,-0.01613245,0.07000000,0.00366300,-0.36489287,-0.05829057,0.00821717,-0.01229746,-0.73478359,1.88146496,-0.43696892,0.06129801,0.00122106,-0.13551891,
4822,-3.23439527,-0.61161172,6.25533485,6.00000000,-0.09829102,0.01611328,-0.32879302,0.38091415,-0.00404012,0.07000000,0.00366300,-0.35976377,0.02781937,-0.07680457,-0.01229746,-1.61617482,2.79078126,0.38009572,0.02351269,0.00122106,-0.14044912,
4830,-1.59317005,2.89349961,-1.07930195,6.00000000,0.03544922,-0.12568359,0.01899601,0.85309535,-0.05098834,0.07000000,0.00366300,-0.17380002,0.23999999,-0.23999999,-0.01229746,-1.33343160,1.89717281,0.85066855,0.14996397,0.00122106,-0.05781534,
4838,-2.32459879,2.07348537,-3.35259652,6.00000000,0.34482422,-0.41572267,0.26767296,1.09133041,-0.09054727,0.07000000,0.00366300,0.12861037,0.23999999,-0.23999999,-0.01229746,0.43633232,-0.82903141,1.10384488,0.36076999,0.00122106,0.13212793,
4846,-1.01377320,0.27065161,-4.05170345,6.00000000,0.34643555,-0.43183595,0.46450555,1.06314504,-0.09105664,0.07000000,0.00366300,0.36088318,0.23999999,-0.23999999,-0.01229746,2.97578645,-4.16435575,1.08463717,0.30843642,0.00122106,0.35200739,
4854,-0.17819685,-1.20537376,-0.72376299,6.00000000,0.35288087,-0.43183595,0.27220640,0.82406807,-0.07946675,0.07000000,0.00366300,0.50819647,0.23999999,-0.23999999,-0.01229746,5.52222157,-7.09825420,0.83600402,0.18652140,0.00122106,0.54412967,
4862,1.29543424,-1.94159079,3.46249866,6.00000000,0.35126954,-0.41894531,-0.03897485,0.42475721,0.05465576,0.07000000,0.00366300,0.62125748,0.23999999,-0.23999999,-0.01229746,7.74926186,-9.76337242,0.42191726,0.11447356,0.00122106,0.70363665,
4870,4.22713423,-1.04137087,7.31237507,6.00000000,0.36254883,-0.41894531,-0.39906177,-0.14658475,0.18302073,0.07000000,0.00366300,0.58621252,0.23999999,-0.23999999,-0.01229746,10.00771809,-11.92932510,-0.15333375,0.05250590,0.00122106,0.82376707,
4877,7.51437330,1.51683354,12.56166267,5.00000000,0.35610351,-0.43666992,-0.45179129,-0.96826798,0.29719162,0.07000000,0.00366300,0.59108722,0.05897680,0.01852006,-0.01229746,11.93107033,-13.85267830,-0.96116042,-0.16618565,0.00122106,0.90785307,
4886,14.72451210,1.73590302,16.32295227,6.00000000,0.11279297,0.02416992,0.17947753,-1.81971323,0.23181121,0.07000000,0.00366300,0.48777872,-0.23999999,0.23999999,-0.01229746,11.88743687,-13.47743225,-1.79498529,-0.95220143,0.00122106,0.83074629,
4894,13.34664822,1.93701601,19.91904449,6.00000000,-0.31904298,0.39155275,0.24174933,-2.60310602,0.14347033,0.07000000,0.00366300,0.18279475,-0.23999999,0.23999999,-0.01229746,8.88372612,-9.47364712,-2.55906487,-0.97004014,0.00122106,0.50222921,
4902,7.34318781,-0.21776554,20.53136063,6.00000000,-0.34804687,0.42377931,0.50342023,-2.66080379,0.06405346,0.07000000,0.00366300,0.09917518,-0.23999999,0.23999999,-0.01229746,5.24645996,-5.57283592,-2.61806989,-0.78032631,0.00122106,0.21260545,
4910,-1.61711204,-3.88448548,19.47132874,6.00000000,-0.34643555,0.42861328,-0.34394628,-1.69426382,0.07885866,0.07000000,0.00366300,-0.09656981,-0.03307526,0.01839318,-0.01229746,3.36499476,-3.05607152,-1.67645681,0.14064181,0.00122106,0.11637683,
4918,-1.71886563,3.53753972,13.12789059,6.00000000,-0.06445312,0.04189453,-0.44897321,-0.60352004,0.21689750,0.07000000,0.00366300,-0.42389885,-0.15572613,0.09699201,-0.01229746,2.71049643,-1.34215820,-0.59787822,-0.06455837,0.00122106,0.11106513,
4926,-1.60154974,1.56232345,3.04351330,6.00000000,-0.21430664,0.16596679,-0.33230457,-0.09433746,0.23133458,0.07000000,0.00366300,-0.24426362,-0.01376372,-0.02015447,-0.01229746,1.20253193,-0.42586035,-0.10517761,-0.01318818,0.00122106,0.05261478,
4934,-3.41515756,2.93300390,3.33081770,6.00000000,-0.02416992,-0.03383789,-0.02783767,0.40041229,0.09361874,0.07000000,0.00366300,-0.06169373,0.23999999,-0.23999999,-0.01229746,0.55326939,-0.34732053,0.39405626,0.23930816,0.00122106,0.06361426,
4942,-2.90399551,1.69639874,-0.15394297,6.00000000,0.34482422,-0.42055663,0.45683405,0.91344428,0.06403092,0.07000000,0.00366300,0.03375502,0.23999999,-0.23999999,-0.01229746,1.74358392,-1.84830368,0.91786015,0.38446406,0.00122106,0.20696741,
4949,0.66815346,-1.18143177,-3.24366021,5.00000000,0.33837891,-0.41894531,0.47266674,0.96201062,-0.01369831,0.07000000,0.00366300,0.22291470,0.23999999,-0.23999999,-0.01229746,4.10675955,-4.82583523,0.97819483,0.17729941,0.00122106,0.41188264,
4958,1.33733284,-2.71372080,0.92703909,6.00000000,0.35126954,-0.43022460,0.11758143,0.48081920,0.08749027,0.07000000,0.00366300,0.36405200,0.23999999,-0.23999999,-0.01229746,6.57465553,-7.78242302,0.48662964,0.04285693,0.00122106,0.58646339,
4966,3.10784507,-2.16903996,4.79966021,6.00000000,0.35288087,-0.41733399,-0.30794698,-0.07617147,0.19581546,0.07000000,0.00366300,0.42896688,0.23999999,-0.23999999,-0.01229746,8.87849045,-10.25730038,-0.08059701,0.00208554,0.00122106,0.72607577,
4974,6.45254469,0.69203109,8.29399776,6.00000000,0.35449219,-0.43344727,-0.47688958,-0.83576828,0.26574457,0.07000000,0.00366300,0.50786561,0.02407441,0.04234266,-0.01229746,10.76868153,-12.41801739,-0.83365059,-0.17621824,0.00122106,0.82250220,
4982,8.94969749,3.70633101,13.62588501,6.00000000,0.05317383,0.03706055,-0.24828650,-1.54152191,0.20919296,0.07000000,0.00366300,0.54536027,-0.23999999,0.23999999,-0.01229746,11.19454193,-12.98175907,-1.51828170,-0.39317602,0.00122106,0.80546200,
4990,12.98512363,0.28621393,17.88397217,6.00000000,-0.32871094,0.38510743,0.21501707,-2.08038330,0.08930530,0.07000000,0.00366300,0.35981831,-0.23999999,0.23999999,-0.01229746,7.90634155,-9.07920265,-2.05036283,-1.09438026,0.00122106,0.48576260,
4998,7.25939083,1.02003670,20.53136063,6.00000000,-0.35610351,0.41894531,0.37986961,-2.15921426,-0.04674798,0.07000000,0.00366300,0.03772941,-0.23999999,0.23999999,-0.01229746,5.45066309,-5.55014706,-2.12247443,-0.78646374,0.00122106,0.25617337,
5006,1.92510939,-2.62274122,20.01122093,6.00000000,-0.35771483,0.41572267,0.06396940,-0.84457886,-0.06457676,0.07000000,0.00366300,-0.05662087,-0.23999999,0.23999999,-0.01229746,2.79078126,-2.60228610,-0.82150650,-0.24854356,0.00122106,0.14317779,
5014,0.47063181,-2.99264526,14.89002323,6.00000000,-0.35449219,0.41894531,-0.38064921,-0.14662577,0.01355577,0.07000000,0.00366300,-0.26859742,-0.23999999,0.23999999,-0.01229746,0.43982297,0.43284163,-0.14160734,-0.27352005,0.00122106,-0.01296476,
5021,-0.84019363,1.32649457,8.27843571,5.00000000,-0.36093751,0.43344727,-0.45813352,0.71720648,0.00165656,0.07000000,0.00366300,-0.46617776,-0.23999999,0.20303300,-0.01229746,-1.41546202,2.93389869,0.71343845,-0.23555538,0.00122106,-0.11088933,
5030,-1.26755857,2.09383631,4.69072437,6.00000000,-0.34643555,0.36093751,-0.22544152,1.29148316,-0.04010277,0.07000000,0.00366300,-0.52650172,-0.14856286,0.07750362,-0.01229746,-3.42608142,5.14523029,1.28874302,-0.18028158,0.00122106,-0.23178333,
5038,-2.27072906,1.75505662,3.84437394,6.00000000,-0.21914062,0.14501953,0.06470859,1.93953669,-0.11267973,0.07000000,0.00549451,-0.38817883,0.23999999,-0.23999999,-0.01229746,-4.96546173,6.23257065,1.94332123,0.03492546,0.00122106,-0.28072599,
5046,-1.74879313,0.57710946,3.35475969,6.00000000,0.32226563,-0.40122071,0.30277741,2.33477664,-0.15124603,0.07000000,0.00549451,-0.14123484,0.23999999,-0.23999999,-0.01229746,-3.64599276,4.10501432,2.34932590,0.18440288,0.00122106,-0.11697401,
5054,1.13023436,-1.88293278,-0.78720933,6.00000000,0.34160155,-0.41249999,0.29639405,2.25999045,-0.14155966,0.07000000,0.00549451,0.06581903,0.23999999,-0.23999999,-0.01229746,-0.19722220,-0.02617994,2.29567695,0.09727712,0.00122106,0.17260626,
5062,3.19044495,-2.64548612,1.30891430,6.00000000,0.34804687,-0.43183595,0.13070031,1.88317990,-0.07778539,0.07000000,0.00549451,0.19730976,0.23999999,-0.23999999,-0.01229746,2.06472445,-2.77158284,1.90538764,-0.15457462,0.00122106,0.33066583,
5070,3.29219842,-2.18220806,7.81036901,6.00000000,0.35449219,-0.42539063,-0.32959044,1.06540942,0.03264231,0.07000000,0.00549451,0.33366591,0.23999999,-0.23999999,-0.01229746,4.32318068,-5.42099285,1.06543803,-0.06201255,0.00122106,0.45459601,
5078,5.92582035,0.98172951,11.00064278,6.00000000,0.35610351,-0.43505859,-0.43418962,0.04479805,0.12632650,0.07000000,0.00549451,0.42186040,0.04294264,0.01253778,-0.01229746,6.51007795,-7.88016176,0.04436588,-0.18052411,0.00122106,0.54833269,
5086,9.93371391,1.80772913,11.91881943,6.00000000,0.08378907,0.00322266,-0.04092815,-1.08023667,0.07618213,0.07000000,0.00366300,0.42214990,-0.23999999,0.23999999,-0.01229746,6.82947302,-8.20653820,-1.07266390,-0.63864303,0.00122106,0.49125168,
5093,8.02792931,0.90152377,18.26584816,5.00000000,-0.33354491,0.41088867,0.07132520,-1.96844578,-0.00964290,0.07000000,0.00366300,0.00140432,-0.23999999,0.23999999,-0.01229746,5.50651360,-5.50127792,-1.94666743,-0.67406082,0.00122106,0.27589452,
5102,-0.31107503,-2.98426557,20.53136063,6.00000000,-0.34804687,0.43344727,0.39461872,-1.83908820,-0.07581856,0.07000000,0.00366300,0.00702462,-0.23999999,0.23999999,-0.01229746,3.33706951,-3.34405088,-1.81575751,-0.06176668,0.00122106,0.11538191,
5110,3.80216336,0.23832989,15.69327831,6.00000000,-0.35610351,0.42700195,-0.06902327,-0.93454242,-0.00936718,0.07000000,0.00366300,-0.28488758,-0.23999999,0.23999999,-0.01229746,1.06465089,-0.14137168,-0.92195791,-0.60300344,0.00122106,-0.02723736,
5118,-0.70851254,-0.73970151,12.24682426,6.00000000,-0.35932618,0.42700195,-0.20210466,0.06063653,0.00216940,0.07000000,0.00366300,-0.38795060,-0.23999999,0.23999999,-0.01229746,-1.01578164,2.26020145,0.06319392,-0.19044513,0.00122106,-0.12091728,
5126,-1.05088341,0.63337314,7.94683838,6.00000000,-0.34643555,0.43666992,-0.13515651,0.78474385,0.01628240,0.07000000,0.00366300,-0.61041075,-0.20595413,0.12321267,-0.01229746,-2.71224165,4.73158789,0.78326386,-0.15831038,0.00122106,-0.22109377,
5134,-2.56282163,1.57429445,5.00316763,6.00000000,-0.30615234,0.23686524,-0.10026150,1.46380579,-0.01803764,0.07000000,0.00366300,-0.58093280,0.04520260,-0.12343545,-0.01229746,-4.46455240,6.34427166,1.46141911,-0.03621480,0.00122106,-0.30193585,
5142,-2.06722188,1.14692938,3.04231620,6.00000000,0.04028320,-0.18691406,0.18188100,2.00353265,-0.06412283,0.07000000,0.00366300,-0.23311159,0.23999999,-0.23999999,-0.01229746,-4.68097305,5.44891834,2.01108980,0.14035591,0.00122106,-0.23286775,
5150,-1.00419641,-0.13755977,1.00604773,6.00000000,0.33193359,-0.40927735,0.28789207,2.15325928,-0.10478937,0.07000000,0.00366300,0.13460803,0.23999999,-0.23999999,-0.01229746,-2.46265960,2.03505397,2.17667150,0.23612781,0.00122106,-0.00639918,
5158,1.49415302,-2.03855586,0.13336124,6.00000000,0.34804687,-0.42861328,0.20233518,1.94711041,-0.05270369,0.07000000,0.00366300,0.19059545,0.23999999,-0.23999999,-0.01229746,0.66497040,-1.29677963,1.97262287,0.03794803,0.00122106,0.21808176,
5165,3.01806235,-1.51781702,4.54348087,5.00000000,0.35771483,-0.42216796,-0.03877155,1.36495841,0.05191050,0.07000000,0.00366300,0.27856940,0.23999999,-0.23999999,-0.01229746,2.85361338,-3.74896717,1.37572098,-0.09665136,0.00122106,0.35629129,
5174,4.54316902,-0.32550460,7.89536333,6.00000000,0.35771483,-0.42700195,-0.29606125,0.57055008,0.12848680,0.07000000,0.00366300,0.39725375,0.14363414,-0.09083869,-0.01229746,5.00211382,-6.29365730,0.57196486,-0.14773090,0.00122106,0.47195232,
5182,7.29769802,2.21953177,10.73847771,6.00000000,0.22075196,-0.17080078,-0.29790035,-0.41297585,0.15340915,0.07000000,0.00366300,0.40113661,-0.23999999,0.23999999,-0.01229746,6.39139605,-7.66723108,-0.40599680,-0.32559651,0.00122106,0.50920445,
5190,10.53824997,1.54436696,13.11592007,6.00000000,-0.31259766,0.38833007,0.10085731,-1.29596984,0.11754677,0.07000000,0.00366300,0.27668914,-0.23999999,0.23999999,-0.01229746,4.38252163,-5.27962112,-1.28535128,-0.85654169,0.00122106,0.26951903,
5198,2.71160460,0.71717024,20.53136063,6.00000000,-0.36577147,0.42861328,0.15050057,-1.61536217,0.02264980,0.07000000,0.00366300,-0.06503138,-0.23999999,0.23999999,-0.01229746,3.01592898,-2.80125356,-1.59646559,-0.33995140,0.00122106,0.10222115,
5206,4.16608191,-1.34184325,18.70159340,6.00000000,-0.34643555,0.42700195,0.16084702,-0.40555531,-0.00792739,0.07000000,0.00366300,-0.13441110,-0.23999999,0.23999999,-0.01229746,0.17802358,0.26529005,-0.33579433,-0.60918486,0.00122106,-0.02639204,
5214,-0.64746040,-0.38775384,15.98776531,6.00000000,-0.35771483,0.42861328,-0.24078894,0.26590872,0.01553068,0.07000000,0.00366300,-0.26672691,-0.15412998,0.11772643,-0.01229746,-1.45734990,2.31081581,0.26844978,-0.10400480,0.00122106,-0.12549131,
5222,-1.09996450,0.85483682,10.63193607,6.00000000,-0.23364258,0.21752930,-0.07398909,1.00564790,0.04920074,0.07000000,0.00366300,-0.46881309,-0.08217609,0.01868431,-0.01229746,-2.38761044,3.89382958,1.00306892,-0.12118322,0.00122106,-0.16312526,
5230,-1.46627736,0.50767756,4.35314178,6.00000000,-0.12568359,0.04028320,-0.01927943,1.51241934,0.02161163,0.07000000,0.00366300,-0.15998971,0.19497287,-0.21618786,-0.01229746,-3.35626817,3.88510299,1.51788497,-0.00028495,0.00122106,-0.16021828,
5237,-1.86371481,1.30015838,2.39468479,5.00000000,0.26264650,-0.35771483,0.08776441,1.85665691,0.02939953,0.07000000,0.00366300,-0.00500166,0.23999999,-0.23999999,-0.01229746,-1.90939021,1.92335284,1.87073970,0.17015158,0.00122106,-0.00325757,
5246,1.06199968,-0.15671340,-2.94438505,6.00000000,0.34321290,-0.41411132,0.37556440,1.65712953,0.02296031,0.07000000,0.00366300,0.19453657,0.23999999,-0.23999999,-0.01229746,0.94422311,-1.58301353,1.69022083,0.05519725,0.00122106,0.22423907,
5254,1.44746614,-1.65787780,-0.59806740,6.00000000,0.33999023,-0.43022460,0.10824660,1.24441302,-0.00229592,0.07000000,0.00366300,0.30807284,0.23999999,-0.23999999,-0.01229746,3.41211867,-4.37554026,1.26517963,0.00009709,0.00122106,0.39425460,
5262,1.94785428,-2.22410655,3.23504949,6.00000000,0.34804687,-0.42377931,-0.06050235,0.73836291,0.08353720,0.07000000,0.00366300,0.45192286,0.23999999,-0.23999999,-0.01229746,5.76133204,-7.21170092,0.74219298,-0.00121879,0.00122106,0.54976571,
5270,3.66449690,-0.12798297,6.97239828,6.00000000,0.34804687,-0.42861328,-0.29828441,0.05536049,0.14452212,0.07000000,0.00366300,0.59307951,0.23999999,-0.23999999,-0.01229746,7.86445379,-9.77733421,0.05691105,-0.01669195,0.00122106,0.67454123,
5278,6.27417660,1.68921614,9.74248981,6.00000000,0.35288087,-0.42539063,-0.26406875,-0.81637162,0.16996111,0.07000000,0.00366300,0.66651660,0.01457030,0.07358253,-0.01229746,9.79304218,-11.96597672,-0.80847287,-0.17655542,0.00122106,0.76704925,
5286,9.78527355,2.03996658,12.51258087,6.00000000,0.03706055,0.09184571,0.25901571,-1.77460265,0.13408282,0.07000000,0.00366300,0.54174680,-0.23999999,0.23999999,-0.01229746,10.21192074,-11.92932510,-1.75525832,-0.65727109,0.00122106,0.71186668,
5294,11.37023544,-0.56253058,16.89277267,6.00000000,-0.32387695,0.39477539,0.10723485,-2.58743429,0.04332923,0.07000000,0.00366300,0.20290694,-0.23999999,0.23999999,-0.01229746,7.25184298,-7.88714266,-2.55964899,-0.98972160,0.00122106,0.38651508,
5302,5.58943510,-0.06333952,20.53136063,6.00000000,-0.35610351,0.43344727,0.35621783,-2.78184938,0.04252686,0.07000000,0.00366300,-0.02699444,-0.23999999,0.23999999,-0.01229746,4.38077641,-4.26209402,-2.74308801,-0.57353067,0.00122106,0.11959094,
5309,0.32578260,-2.72449470,20.53136063,5.00000000,-0.34965819,0.41572267,-0.04292991,-1.43973279,-0.05598941,0.07000000,0.00366300,-0.12117249,-0.23999999,0.23999999,-0.01229746,2.02632713,-1.67726135,-1.40395021,-0.17627829,0.00122106,0.03372024,
5318,0.17015949,0.18446036,11.96909714,6.00000000,-0.35610351,0.42055663,-0.32117194,-0.47180766,0.01179529,0.07000000,0.00366300,-0.26598474,-0.23999999,0.23999999,-0.01229746,-0.41189772,1.25838232,-0.46767908,-0.25466651,0.00122106,-0.09944148,
5326,-2.14263940,1.03440201,6.49355793,6.00000000,-0.34482422,0.43505859,-0.38321906,0.48122504,-0.02553387,0.07000000,0.00366300,-0.41751197,-0.15035827,0.09369396,-0.01229746,-2.48185825,3.84670568,0.47684744,-0.09550215,0.00122106,-0.20191741,
5334,-1.56922805,2.29973745,3.28293347,6.00000000,-0.22719726,0.17402343,-0.17497757,1.12561977,-0.06129800,0.07000000,0.00366300,-0.35849354,-0.06673600,0.01857873,-0.01229746,-4.17657280,5.32499981,1.12162125,-0.09347126,0.00122106,-0.27908713,
5342,-2.73161292,1.48570895,1.92063284,6.00000000,-0.10312500,0.04350586,0.23493266,1.65466297,-0.15323994,0.07000000,0.00366300,-0.22216263,0.23999999,-0.23999999,-0.01229746,-4.65828371,5.38084984,1.66297710,0.22556981,0.00122106,-0.25559548,
5350,-1.61950624,-0.51704073,2.24504709,6.00000000,0.32548827,-0.40766603,0.36368656,1.96708107,-0.21082650,0.07000000,0.00366300,0.08103125,0.23999999,-0.23999999,-0.01229746,-3.13461137,2.86757612,1.98362136,0.23099972,0.00122106,-0.07361712,
5358,0.15938559,-1.96912408,0.06392938,6.00000000,0.33999023,-0.42216796,0.30109474,1.92210424,-0.19357103,0.07000000,0.00366300,0.10668656,0.23999999,-0.23999999,-0.01229746,0.28448865,-0.62657320,1.94556463,0.16316926,0.00122106,0.18321033,
5366,3.94461846,-2.40965724,3.16561770,6.00000000,0.35449219,-0.42539063,-0.05394312,1.27493310,-0.05639114,0.07000000,0.00366300,0.14618741,0.15289468,-0.13361877,-0.01229746,2.76111078,-3.23933125,1.29036832,-0.17143370,0.00122106,0.32526156,
5374,4.59584141,-1.33825195,7.10407925,6.00000000,0.22397462,-0.25136718,-0.36596596,0.45154041,0.01790167,0.07000000,0.00366300,0.23937503,-0.00164218,0.03307164,-0.01229746,4.27431107,-5.06320047,0.45326668,-0.20469245,0.00122106,0.39019781,
5381,7.06785440,3.10897779,13.10514641,5.00000000,0.01127930,0.03061523,-0.43107367,-0.42639557,0.09921070,0.07000000,0.00366300,0.09384191,-0.23999999,0.23999999,-0.01229746,4.40870190,-4.72286129,-0.42124319,-0.40632921,0.00122106,0.31440765,
5390,7.91181087,1.55274665,18.19521904,6.00000000,-0.33515626,0.42861328,0.23009890,-1.16544914,0.10457629,0.07000000,0.00366300,-0.25901687,-0.23999999,0.23999999,-0.01229746,2.47662210,-1.61093891,-1.15639734,-0.76052499,0.00122106,0.07084917,
5398,-1.04848921,-1.19340277,20.53136063,6.00000000,-0.34643555,0.43344727,0.29619825,-0.83275867,-0.06473248,0.07000000,0.00549451,0.16545027,0.02696217,-0.00550884,-0.01229746,0.23038346,-0.76270890,-0.81845069,0.10896474,0.00122106,-0.02362863,
5406,4.25347042,0.22995019,17.64215851,6.00000000,0.02739258,0.00483398,-0.23079303,-0.00409068,-0.13319658,0.07000000,0.00549451,-0.04034667,-0.23999999,0.23999999,-0.01229746,-0.56897730,0.69813168,0.00303173,-0.62928456,0.00122106,-0.04877027,
5414,5.52000332,0.17847484,8.06295681,6.00000000,-0.33193359,0.41088867,0.09249938,0.04903528,-0.06858764,0.07000000,0.00366300,-0.46622914,-0.23999999,0.23999999,-0.01229746,-1.54985237,3.02640080,0.04860861,-0.57946736,0.00122106,-0.17268014,
5422,-3.52050233,-1.64231551,14.40998554,6.00000000,-0.34965819,0.43989259,0.04708327,0.14738621,-0.03493473,0.07000000,0.00366300,-0.24234243,0.01100428,-0.04375798,-0.01229746,-3.66519141,4.45058966,0.15290253,0.08322358,0.00122106,-0.29675353,
5430,-1.78470623,1.26903367,6.19428301,6.00000000,0.00161133,-0.05961914,-0.34266606,0.99660230,-0.14818740,0.07000000,0.00549451,-0.19268933,-0.05501319,0.02912713,-0.01229746,-4.38950300,5.00909472,0.99482995,-0.07650994,0.00122106,-0.28167859,
5438,-0.89406317,2.33684778,0.65170592,6.00000000,-0.07573242,0.05156250,0.04965116,1.31579638,-0.15170245,0.07000000,0.00549451,-0.03148994,0.23999999,-0.23999999,-0.01229746,-3.99680400,4.10152388,1.32552063,0.11021463,0.00122106,-0.20672934,
5446,-2.65380144,-0.27881768,3.11294532,6.00000000,0.32226563,-0.39960939,0.17800888,1.57361937,-0.18450338,0.07000000,0.00366300,0.16091324,0.23999999,-0.23999999,-0.01229746,-2.02283669,1.50447381,1.58483696,0.25618863,0.00122106,-0.01696439,
5453,2.54760170,-0.68104357,-2.65947509,5.00000000,0.33676758,-0.41088867,0.26669958,1.45888019,-0.16347441,0.07000000,0.00366300,0.30729586,0.23999999,-0.23999999,-0.01229746,0.78539819,-1.79943442,1.48574328,-0.05262184,0.00122106,0.21282142,
5462,3.12819576,-1.41486633,0.68043631,6.00000000,0.35610351,-0.43505859,-0.01432478,1.03204930,-0.13516319,0.07000000,0.00366300,0.38804391,0.18828638,-0.13634945,-0.01229746,3.42782664,-4.68271828,1.04556227,-0.14893192,0.00122106,0.39356738,
5470,3.76026487,-2.21812105,6.32356977,6.00000000,0.27714843,-0.24653320,-0.22646621,0.45647573,-0.06335796,0.07000000,0.00366300,0.36773822,0.17804688,-0.12936392,-0.01229746,5.34594345,-6.54673004,0.45254248,-0.11189575,0.00122106,0.48916879,
5478,5.43381214,0.90990347,12.15584469,6.00000000,0.27070314,-0.24008790,-0.30487126,-0.14124693,0.02657148,0.07000000,0.00366300,0.06859791,-0.09689516,0.10448864,-0.01229746,6.95688248,-7.18726587,-0.13938674,-0.23553637,0.00122106,0.52874535,
5486,8.79527092,4.05588436,17.18486595,6.00000000,-0.11762695,0.15952149,-0.07307752,-0.79124743,0.09805056,0.07000000,0.00366300,-0.20503855,-0.23999999,0.23999999,-0.01229746,6.56069279,-5.90793943,-0.78565907,-0.66330612,0.00122106,0.41469151,
5494,10.10489941,1.30135548,17.06156349,6.00000000,-0.31904298,0.40766603,0.27611020,-1.20255256,0.05756699,0.07000000,0.00366300,-0.48727810,-0.23999999,0.23999999,-0.01229746,3.19395256,-1.62141085,-1.19340467,-0.96979272,0.00122106,0.09627306,
5502,-0.73006034,-2.26600504,20.53136063,6.00000000,-0.35126954,0.44794923,0.18239443,-1.06234002,-0.01519507,0.07000000,0.00366300,-0.21872672,-0.23999999,0.22087044,-0.01229746,0.45204026,0.24958208,-1.04409218,-0.03006768,0.00122106,-0.07422321,
5510,1.71801090,-0.73371601,14.28907871,6.00000000,-0.34804687,0.38027343,-0.47710028,0.03474547,-0.09566072,0.07000000,0.00366300,-0.36089787,-0.23999999,0.23999999,-0.01229746,-1.44338727,2.61624837,0.04023659,-0.47980055,0.00122106,-0.15371022,
5518,-1.07003701,0.93863386,11.85657024,6.00000000,-0.35449219,0.43666992,-0.09396377,0.49565881,-0.06225382,0.07000000,0.00366300,-0.38001183,-0.23309955,0.18170416,-0.01229746,-3.46971464,4.68620920,0.49353883,-0.13751864,0.00122106,-0.27129719,
5525,-2.32340169,1.61499584,7.72776890,5.00000000,-0.33999023,0.33676758,-0.25229666,1.18765664,-0.16262002,0.07000000,0.00366300,-0.33680302,-0.04348670,-0.00150353,-0.01229746,-5.41052055,6.50833273,1.18416917,-0.05932223,0.00122106,-0.36160770,
5534,-2.26953197,1.13974679,4.17836523,6.00000000,-0.07250977,0.01127930,0.11883011,1.80589426,-0.21607763,0.07000000,0.00366300,-0.06184043,0.23999999,-0.23999999,-0.01229746,-6.53276730,6.73522568,1.81144547,0.09205984,0.00122106,-0.36786702,
5542,-2.82857823,1.02602220,2.23666739,6.00000000,0.32548827,-0.40927735,0.18297869,2.08302307,-0.26133651,0.07000000,0.00366300,0.21729669,0.23999999,-0.23999999,-0.01229746,-4.62861347,3.93920803,2.10724878,0.30002707,0.00122106,-0.16651627,
5550,0.98658228,-1.31311285,-2.61159110,6.00000000,0.33676758,-0.41894531,0.27960536,2.03195477,-0.26311725,0.07000000,0.00366300,0.32970715,0.23999999,-0.23999999,-0.01229746,-1.38579142,0.33161256,2.06443024,0.11004637,0.00122106,0.08644843,
5558,1.25712705,-2.02897906,0.81690580,6.00000000,0.34965819,-0.42861328,0.03868366,1.55858243,-0.22066621,0.07000000,0.00366300,0.42849150,0.23999999,-0.23999999,-0.01229746,1.23569322,-2.57261515,1.57580066,0.06446827,0.00122106,0.26271594,
5566,2.31057572,-1.94398499,5.39581680,6.00000000,0.35126954,-0.43344727,-0.19633147,0.96958041,-0.15547240,0.07000000,0.00366300,0.52026868,0.23999999,-0.23999999,-0.01229746,3.62504888,-5.30230999,0.97054988,0.06339137,0.00122106,0.42150730,
5574,3.75427938,0.10784589,9.43842602,6.00000000,0.34643555,-0.43505859,-0.26624793,0.17134902,-0.09096716,0.07000000,0.00366300,0.54439503,0.23999999,-0.23999999,-0.01229746,5.97949791,-7.75100708,0.17150271,0.00916977,0.00122106,0.54070890,
5582,6.73506069,3.62253404,13.49180984,6.00000000,0.35449219,-0.43344727,0.08832547,-0.73610777,-0.04987746,0.07000000,0.00366300,0.61381322,-0.23999999,0.23999999,-0.01229746,7.73704433,-9.71275711,-0.71985006,-0.35916600,0.00122106,0.61247414,
5590,9.78168201,0.38198200,15.75672436,6.00000000,-0.31743163,0.40605468,0.22899143,-2.00094414,-0.08777410,0.07000000,0.00366300,0.56656456,-0.23999999,0.23999999,-0.01229746,6.41408491,-8.21700954,-1.98841012,-0.70670050,0.00122106,0.40620142,
5597,5.38832188,-1.30593026,20.53136063,5.00000000,-0.34804687,0.41249999,0.35152271,-2.66630507,-0.06040896,0.07000000,0.00366300,0.02034646,-0.23999999,0.23999999,-0.01229746,3.40164661,-3.45924258,-2.63614464,-0.80473256,0.00122106,0.05880010,
5606,-3.10032010,-3.34219885,20.53136063,6.00000000,-0.35932618,0.42861328,0.18733664,-2.23690534,0.06739791,0.07000000,0.00366300,-0.08007194,0.01405780,-0.02633355,-0.01229746,1.49574709,-1.21649444,-2.21566939,0.29903632,0.00122106,-0.06669573,
5614,2.26388884,0.92546576,15.41794491,6.00000000,0.00322266,-0.03867187,-0.56871319,-1.05643833,0.19077176,0.07000000,0.00366300,-0.26905710,-0.23999999,0.23999999,-0.01229746,0.84648466,0.00000000,-1.03518105,-0.52954173,0.00122106,-0.04749958,
5622,2.62182212,1.82209432,3.67797685,6.00000000,-0.33515626,0.42055663,-0.27092701,-0.90603179,0.19727167,0.07000000,0.00366300,-0.36391521,-0.23999999,0.23999999,-0.01229746,-0.88313657,2.08392310,-0.91754568,-0.44534528,0.00122106,-0.18637428,
5630,-4.37882376,0.60464275,8.71058846,6.00000000,-0.34804687,0.43022460,-0.09844960,-0.48755616,0.17722937,0.07000000,0.00366300,-0.34286520,-0.07940226,0.03264443,-0.01229746,-2.74889350,3.88335752,-0.49215445,0.10006988,0.00122106,-0.28814280,
5638,-3.44149375,1.90828562,3.00999451,6.00000000,-0.13535157,0.06123047,0.12048554,0.43779016,0.04369923,0.07000000,0.00366300,-0.36521304,0.23066896,-0.23999999,-0.01229746,-4.04043722,5.20457220,0.42833164,0.22124398,0.00122106,-0.31807536,
5646,-2.11271191,0.74949193,0.26743653,6.00000000,0.31420898,-0.40122071,0.38110045,0.92729181,-0.00337968,0.07000000,0.00366300,-0.08636999,0.23999999,-0.23999999,-0.01229746,-2.66337252,2.93913436,0.93022472,0.35582200,0.00122106,-0.14258280,
5654,0.33535942,-1.23290706,-2.82108378,6.00000000,0.33837891,-0.42216796,0.40723756,0.97058004,-0.04748486,0.07000000,0.00366300,0.06185602,0.23999999,-0.23999999,-0.01229746,0.53232545,-0.73478359,0.98766631,0.24376306,0.00122106,0.12050188,
5662,1.67252111,-2.22171235,1.69677496,6.00000000,0.35449219,-0.41894531,0.09092631,0.61134541,0.02996868,0.07000000,0.00366300,0.17803019,0.23999999,-0.23999999,-0.01229746,2.97229576,-3.54476380,0.62223351,0.04327875,0.00122106,0.29807651,
5669,2.42190623,-1.86497629,6.41814089,5.00000000,0.35771483,-0.42216796,-0.12184600,0.16526386,0.08394915,0.07000000,0.00366300,0.25560027,0.22504000,-0.19163541,-0.01229746,5.15744781,-5.97600746,0.16472876,-0.01916672,0.00122106,0.43459535,
5678,6.11017370,1.12179029,11.21013546,6.00000000,0.34160155,-0.35610351,-0.33239102,-0.48471329,0.19470052,0.07000000,0.00366300,0.30294988,-0.17741925,0.21672840,-0.01229746,7.15410471,-8.12450790,-0.48239124,-0.26739243,0.00122106,0.54277146,
5686,9.44649410,3.49564123,15.43350697,6.00000000,-0.23686524,0.35610351,-0.19258757,-1.15397584,0.21280096,0.07000000,0.00366300,0.02488330,-0.23999999,0.23999999,-0.01229746,6.47168064,-6.52578592,-1.13729370,-0.56504208,0.00122106,0.41064557,
5694,8.29129124,0.34606898,20.23507881,6.00000000,-0.32226563,0.41088867,0.14146499,-1.35065365,0.15091914,0.07000000,0.00366300,-0.27061015,-0.23999999,0.23999999,-0.01229746,2.52549148,-1.71042264,-1.32998896,-0.91903561,0.00122106,0.05667165,
5702,-0.50261116,-1.34423745,20.53136063,6.00000000,-0.35449219,0.43344727,0.12837937,-1.07164681,-0.00964848,0.07000000,0.00366300,-0.14930338,-0.09703680,0.07591199,-0.01229746,0.21816616,0.26529005,-1.05816174,0.08348626,0.00122106,-0.08424558,
5710,1.42950964,1.85800731,16.19486427,6.00000000,-0.15146485,0.14501953,-0.22320387,0.05178979,0.03841512,0.07000000,0.00366300,-0.35423267,-0.23999999,0.23999999,-0.01229746,-0.66322511,1.79594386,0.05672324,-0.42135081,0.00122106,-0.08870492,
5718,1.88919628,-0.38535964,6.85268831,6.00000000,-0.34482422,0.41733399,-0.06827206,0.21635526,0.04293185,0.07000000,0.00366300,-0.42374372,-0.23999999,0.23999999,-0.01229746,-2.67908049,4.05963612,0.21760957,-0.33537346,0.00122106,-0.23818117,
5726,-5.06595945,-0.22255394,11.51419926,6.00000000,-0.35449219,0.43505859,-0.05308194,0.62849820,0.06774233,0.07000000,0.00366300,-0.56678528,0.19944528,-0.23999999,-0.01229746,-4.08930635,5.98647928,0.62916905,0.18802840,0.00122106,-0.33203375,
5734,-2.18693209,0.93743676,4.91458225,6.00000000,0.26103514,-0.39960939,-0.15107372,1.44291532,0.02839172,0.07000000,0.00366300,-0.39291799,0.18017766,-0.23302665,-0.01229746,-3.58316112,4.86248732,1.44211078,0.02596243,0.00122106,-0.21079408,
5741,-0.55887491,1.72752333,-3.35858202,5.00000000,0.25781250,-0.39960939,0.14882004,1.58533192,-0.00258617,0.07000000,0.00366300,0.03902933,0.23999999,-0.23999999,-0.01229746,-1.37008345,1.24441981,1.60680354,0.23922473,0.00122106,0.02276361,
5750,0.64780271,-0.22255394,-1.59405529,6.00000000,0.34643555,-0.43183595,0.17389375,1.28224647,-0.08284108,0.07000000,0.00366300,0.33476552,0.23999999,-0.23999999,-0.01229746,1.14842665,-2.23053074,1.30677319,0.12831497,0.00122106,0.22433510,
5758,0.17375080,-2.02538776,2.63410497,6.00000000,0.34482422,-0.42055663,0.15637404,0.83388305,-0.08081009,0.07000000,0.00366300,0.44611090,0.23999999,-0.23999999,-0.01229746,3.52381968,-4.96022606,0.84079170,0.12460776,0.00122106,0.38721782,
5766,2.42549753,-0.87736809,6.17632627,6.00000000,0.34804687,-0.42539063,-0.08776476,0.17323217,-0.00968758,0.07000000,0.00366300,0.52480286,0.23999999,-0.23999999,-0.01229746,5.93062878,-7.58345556,0.17225796,0.02823569,0.00122106,0.52574408,
5774,5.35121202,-0.00707579,8.42687607,6.00000000,0.34804687,-0.42700195,-0.18516617,-0.62133133,0.07008842,0.07000000,0.00366300,0.59103328,-0.00145403,0.07971719,-0.01229746,7.94648409,-9.85936546,-0.62281835,-0.16502064,0.00122106,0.63280916,
5782,8.63007164,2.80491400,13.30865288,6.00000000,0.01450195,0.10473633,0.05149074,-1.42539716,0.04913529,0.07000000,0.00366300,0.45748687,-0.23999999,0.23999999,-0.01229746,8.20130157,-9.69704914,-1.40464425,-0.49863559,0.00122106,0.57319432,
5790,9.58296394,-0.61400592,18.48611450,6.00000000,-0.33515626,0.40122071,0.13379578,-2.28564930,0.01803874,0.07000000,0.00366300,0.16703176,-0.23999999,0.23999999,-0.01229746,5.12428665,-5.66533899,-2.26373386,-0.87845749,0.00122106,0.23764533,
5798,4.25347042,0.44423124,20.53136063,6.00000000,-0.34965819,0.42216796,0.31545562,-2.55868435,-0.00657699,0.07000000,0.00366300,-0.14426379,-0.23999999,0.23999999,-0.01229746,3.08574224,-2.62672043,-2.52487922,-0.48748398,0.00122106,0.02494347,
5806,1.26790094,-1.72132421,20.02079773,6.00000000,-0.35126954,0.42539063,-0.14975463,-1.16940296,-0.01538331,0.07000000,0.00366300,-0.21955234,-0.23999999,0.23999999,-0.01229746,0.41713369,0.30892330,-1.13453817,-0.30506784,0.00122106,-0.08203883,
5813,-0.63070095,0.29339653,13.26914883,5.00000000,-0.35288087,0.42377931,-0.22614159,-0.43606371,0.05764420,0.07000000,0.00366300,-0.51549673,-0.23999999,0.23999999,-0.01229746,-1.27234507,2.93040776,-0.43229568,-0.19038729,0.00122106,-0.19498387,
5822,-3.44149375,-0.14234819,7.74333143,6.00000000,-0.35449219,0.42216796,-0.23385376,0.49425855,0.05298185,0.07000000,0.00366300,-0.63523495,-0.10570396,0.01961024,-0.01229746,-3.25503898,5.33023548,0.49378011,-0.02546221,0.00122106,-0.29332247,
5830,-2.55923033,2.20756078,3.55228114,6.00000000,-0.15468749,0.03706055,-0.06436474,1.20383584,0.07143757,0.07000000,0.00366300,-0.65141964,0.06930795,-0.15721814,-0.01229746,-4.29700041,6.37219715,1.19644260,0.02367097,0.00122106,-0.32073253,
5838,-3.09074330,0.89553827,-1.06852806,6.00000000,0.08540039,-0.26103514,0.31268176,1.72004449,-0.00686315,0.07000000,0.00366300,-0.23085755,0.23999999,-0.23999999,-0.01229746,-4.06487179,4.80489111,1.73332179,0.36005223,0.00122106,-0.20697597,
5846,-0.67619079,0.26466611,-2.99107194,6.00000000,0.33999023,-0.41088867,0.43511069,1.92025959,-0.08493374,0.07000000,0.00366300,0.19699696,0.23999999,-0.23999999,-0.01229746,-2.09090447,1.42593396,1.95093763,0.33343276,0.00122106,0.01765992,
5854,0.19410151,-2.21572685,-0.97395706,6.00000000,0.34643555,-0.41733399,0.36141032,1.57803130,-0.08298140,0.07000000,0.00366300,0.34321919,0.23999999,-0.23999999,-0.01229746,0.90757120,-2.01585531,1.60272098,0.15744062,0.00122106,0.23345868,
5862,1.14340246,-1.55013883,3.27096248,6.00000000,0.35288087,-0.42216796,-0.08179280,1.10643041,0.03498168,0.07000000,0.00366300,0.40239820,0.23999999,-0.23999999,-0.01229746,3.39815593,-4.73682356,1.11510909,0.12495922,0.00122106,0.39618999,
5870,3.93623877,-0.58288127,6.55221605,6.00000000,0.36093751,-0.42539063,-0.37532768,0.45248395,0.22049369,0.07000000,0.00366300,0.45581189,0.23999999,-0.23999999,-0.01229746,5.66708422,-7.14712334,0.45459932,-0.00809257,0.00122106,0.52485061,
5878,6.76977634,3.05151677,11.49145412,6.00000000,0.34965819,-0.43344727,-0.48517379,-0.40974933,0.31191179,0.07000000,0.00366300,0.50370228,0.02233261,0.04418430,-0.01229746,7.63756084,-9.24326324,-0.39828378,-0.16577803,0.00122106,0.61523163,
5885,10.58613396,1.60182774,14.95346928,5.00000000,0.04672851,0.05156250,0.15757050,-1.25474274,0.28217080,0.07000000,0.00366300,0.58638668,-0.23999999,0.23999999,-0.01229746,7.59916353,-9.52775288,-1.24279976,-0.69856143,0.00122106,0.55798739,
5894,12.63557053,1.64133203,20.53136063,6.00000000,-0.32548827,0.38833007,0.20192438,-2.45188856,0.12982225,0.07000000,0.00366300,0.38101643,-0.23999999,0.23999999,-0.01229746,4.15388346,-5.37735939,-2.41617584,-1.00353754,0.00122106,0.18382737,
5902,4.12059212,-0.67146677,20.53136063,6.00000000,-0.35449219,0.43505859,0.33954540,-2.63819003,0.05723821,0.07000000,0.00366300,0.13895252,-0.23999999,0.23999999,-0.01229746,2.16420817,-2.60403109,-2.60470748,-0.51573253,0.00122106,-0.01740554,
5910,-0.29072434,-2.16903996,19.04994965,6.00000000,-0.35771483,0.42377931,-0.10364155,-1.30466366,0.04179872,0.07000000,0.00366300,-0.10439664,-0.23999999,0.23999999,-0.01229746,-0.01745329,0.37000981,-1.27889407,-0.13388419,0.00122106,-0.11586083,
5918,-1.94272351,-0.40571037,10.57208061,6.00000000,-0.35288087,0.43183595,-0.18115900,-0.47651297,0.14474587,0.07000000,0.00366300,-0.40735844,-0.23527199,0.17957059,-0.01229746,-1.59697628,2.90422773,-0.47538555,-0.03611908,0.00122106,-0.21177402,
5926,-3.43071985,0.29339653,4.76135302,6.00000000,-0.34804687,0.32548827,-0.37803322,0.37136346,0.17693755,0.07000000,0.00366300,-0.41900668,-0.08565708,0.02898799,-0.01229746,-3.75943899,5.09287071,0.36728838,0.00041309,0.00122106,-0.31328860,
5934,-1.63746274,2.88631701,0.40390602,6.00000000,-0.12890625,0.07089844,-0.11338418,1.03989577,0.17610870,0.07000000,0.00366300,-0.30919427,0.01359403,-0.05495496,-0.01229746,-4.93753624,5.90968513,1.03537834,-0.00929694,0.00122106,-0.33466426,
5942,-3.33495188,0.98532081,-1.95318556,6.00000000,0.01289062,-0.07734375,0.28825778,1.53153145,0.07639691,0.07000000,0.00366300,-0.04773495,0.23999999,-0.23999999,-0.01229746,-4.82409000,4.97942400,1.54597592,0.35928163,0.00122106,-0.25549179,
5950,-2.19770598,0.60105145,-1.42765832,6.00000000,0.33354491,-0.41088867,0.43052033,1.81811607,0.00551258,0.07000000,0.00366300,0.11845016,0.23999999,-0.23999999,-0.01229746,-2.63195658,2.30034399,1.80177796,0.35982436,0.00122106,-0.05313455,
5957,-0.02736214,-1.04256797,-1.34386122,5.00000000,0.34643555,-0.42377931,0.50600225,1.71466804,0.00849659,0.07000000,0.00366300,0.25671881,0.23999999,-0.23999999,-0.01229746,0.15882497,-1.02974427,1.74099684,0.18331611,0.00122106,0.17758265,
5966,1.91194129,-2.38451815,2.91781783,6.00000000,0.34321290,-0.42216796,-0.00403867,1.18370247,0.15033989,0.07000000,0.00366300,0.31776801,0.23999999,-0.23999999,-0.01229746,2.74191236,-3.79085517,1.19348919,0.02207027,0.00122106,0.33681899,
5974,3.93983006,-2.09122825,6.51749992,6.00000000,0.36093751,-0.42539063,-0.30857733,0.49199131,0.29806316,0.07000000,0.00366300,0.42334172,0.21942908,-0.16308741,-0.01229746,4.84852457,-6.22733450,0.48986715,-0.07919241,0.00122106,0.45737031,
5982,6.70992136,1.94300151,14.57997417,6.00000000,0.33354491,-0.28842774,-0.56977952,-0.42293656,0.36340603,0.07000000,0.00366300,0.41602337,0.02883330,0.02594550,-0.01229746,6.60258055,-7.95172024,-0.41883910,-0.12470023,0.00122106,0.52219898,
5990,12.85224628,1.16728020,17.84327126,6.00000000,0.05639648,0.01772461,0.01564510,-1.58082211,0.30082113,0.07000000,0.00549451,0.44567502,-0.23999999,0.23999999,-0.01229746,6.15752125,-7.59916353,-1.56852007,-0.89031458,0.00122106,0.40569806,
5998,9.67633724,2.70794892,20.53136063,6.00000000,-0.33354491,0.40444335,0.31353089,-2.72058749,0.11643385,0.07000000,0.00549451,0.25997013,-0.23999999,0.23999999,-0.01229746,3.59188771,-4.42790031,-2.68067837,-0.75414014,0.00122106,0.10380861,
6006,-2.51852894,-2.70534110,20.53136063,6.00000000,-0.35126954,0.42539063,0.28712925,-2.54042864,-0.04783708,0.07000000,0.00366300,0.16766188,-0.23999999,0.23999999,-0.01229746,1.87622893,-2.42251706,-2.51503730,0.03408021,0.00122106,-0.02820283,
6014,1.93468618,0.61182535,18.06353760,6.00000000,-0.35126954,0.42377931,-0.14073639,-1.45181358,0.07420306,0.07000000,0.00366300,-0.17252076,-0.23999999,0.23999999,-0.01229746,-0.33335790,0.88662726,-1.42328787,-0.37217540,0.00122106,-0.15722609,
6022,-2.96624470,-1.48190403,9.73889828,6.00000000,-0.35449219,0.43022460,-0.12104042,-0.48281235,0.08070161,0.07000000,0.00549451,-0.34929341,-0.13070768,0.08271859,-0.01229746,-2.12057495,3.29343629,-0.48360395,0.04653099,0.00122106,-0.23871318,
6029,-1.89962792,0.77702528,3.10815692,5.00000000,-0.19174805,0.15952149,-0.20164032,0.21069026,0.12784980,0.07000000,0.00549451,-0.40730157,-0.15680826,0.10138679,-0.01229746,-3.55698109,4.88517666,0.20458463,-0.03449407,0.00122106,-0.30378559,
6038,-1.93075252,1.88314641,-1.86460006,6.00000000,-0.22880860,0.19497070,0.05491517,0.79933441,0.04660648,0.07000000,0.00549451,-0.33537927,0.15156783,-0.19685298,-0.01229746,-4.68795443,5.76831341,0.79664391,0.12206804,0.00122106,-0.33516920,
6046,-3.55043006,0.89793247,-1.68862629,6.00000000,0.19819336,-0.32226563,0.29413381,1.36003053,0.01336253,0.07000000,0.00366300,-0.05029653,0.23999999,-0.23999999,-0.01229746,-4.18879032,4.35634184,1.36952925,0.39059940,0.00122106,-0.22011214,
6054,0.02411319,0.64534420,-4.82862186,6.00000000,0.33676758,-0.41411132,0.51644063,1.49330235,-0.06663355,0.07000000,0.00366300,0.32762823,0.23999999,-0.23999999,-0.01229746,-1.56032443,0.58817595,1.52222204,0.25295794,0.00122106,0.03152470,
6062,-0.19016786,-0.87617099,-0.86502087,6.00000000,0.34965819,-0.41572267,0.35250020,1.26356399,-0.02640035,0.07000000,0.00366300,0.38187411,0.23999999,-0.23999999,-0.01229746,1.35961151,-2.57785130,1.28438795,0.13994840,0.00122106,0.25095302,
6070,2.12023687,-2.37613845,3.83360004,6.00000000,0.34643555,-0.43344727,-0.06163229,0.74625742,0.14255141,0.07000000,0.00366300,0.50404525,0.23999999,-0.23999999,-0.01229746,3.68264461,-5.30405569,0.74823040,0.02519163,0.00122106,0.40135112,
6078,4.61140347,-1.38853014,7.14597797,6.00000000,0.35126954,-0.42377931,-0.44364762,0.12466480,0.25602493,0.07000000,0.00366300,0.57652557,0.23999999,-0.20931584,-0.01229746,5.79623842,-7.65152311,0.12005180,-0.01386748,0.00122106,0.52530229,
6086,7.83519602,0.59746015,13.49061298,6.00000000,0.34804687,-0.39477539,-0.60120547,-0.71835452,0.34540224,0.07000000,0.00366300,0.67216921,0.02575856,0.06356734,-0.01229746,7.55727577,-9.73195553,-0.71776181,-0.12894700,0.00122106,0.60582721,
6094,13.83745956,1.96694350,18.86679268,6.00000000,0.06445312,0.09506836,-0.14588508,-1.77646232,0.25999501,0.07000000,0.00366300,0.56059825,-0.23999999,0.23999999,-0.01229746,7.31467485,-9.14378071,-1.75070143,-0.67618281,0.00122106,0.49543193,
6101,10.05821228,2.93180680,20.53136063,5.00000000,-0.31098634,0.38349611,0.12658885,-2.63590550,0.13509288,0.07000000,0.00366300,0.40673327,-0.23999999,0.23999999,-0.01229746,4.41742849,-5.73340654,-2.58669972,-0.79649556,0.00122106,0.19077337,
6110,3.39634633,-0.43563789,20.53136063,6.00000000,-0.35610351,0.42539063,0.52130783,-2.78897333,-0.01507943,0.07000000,0.00366300,0.16057286,-0.23999999,0.23999999,-0.01229746,2.14675498,-2.67035365,-2.74732542,-0.63270378,0.00122106,-0.02243571,
6118,-1.30706298,-3.81984210,18.56272888,6.00000000,-0.36093751,0.41088867,0.03220589,-1.29501307,-0.08398103,0.07000000,0.00549451,-0.24490175,-0.23999999,0.23999999,-0.01229746,0.29845130,0.50614548,-1.27559650,-0.06403857,0.00122106,-0.10559043,
6126,-3.41874886,-2.37015295,10.72291565,6.00000000,-0.35610351,0.43505859,-0.09296006,-0.49335188,0.03049752,0.07000000,0.00549451,-0.39586931,-0.05817601,0.00374923,-0.01229746,-1.43640602,2.74889350,-0.48778069,0.08865646,0.00122106,-0.19657204,
6134,-2.29227686,0.27783421,2.75142074,6.00000000,-0.08540039,0.01450195,-0.48707390,0.38664886,0.06341073,0.07000000,0.00366300,-0.37499273,-0.16133213,0.11043931,-0.01229746,-2.57785130,3.80481768,0.38062456,-0.08975723,0.00122106,-0.21408996,
6142,-0.89645737,2.68400693,-2.15669274,6.00000000,-0.23686524,0.19335937,-0.12357752,0.81931001,0.03924223,0.07000000,0.00366300,-0.20910726,0.04270222,-0.07077995,-0.01229746,-3.45575190,4.13992071,0.81776381,-0.00028776,0.00122106,-0.22662181,
6150,-4.71042061,1.70358133,1.40109098,6.00000000,0.04995117,-0.10473633,0.15497771,1.25604999,-0.01929430,0.07000000,0.00366300,-0.04054080,0.23999999,-0.23999999,-0.01229746,-3.42433596,3.55523562,1.26233482,0.40477198,0.00122106,-0.16927473,
6158,-1.40522528,0.94581652,-1.33069313,6.00000000,0.33193359,-0.41411132,0.46413362,1.55952585,-0.08328385,0.07000000,0.00366300,0.14106615,0.23999999,-0.23999999,-0.01229746,-1.31248760,0.90058988,1.57821345,0.30576670,0.00122106,0.03211190,
6166,-0.10996211,-1.46873593,-0.47476599,6.00000000,0.34482422,-0.42216796,0.36255899,1.34999776,-0.08657058,0.07000000,0.00366300,0.21968427,0.23999999,-0.23999999,-0.01229746,1.59348571,-2.27416396,1.37004530,0.19337495,0.00122106,0.24936761,
6173,3.08510017,-2.03496456,3.85035944,5.00000000,0.35288087,-0.43022460,0.00354494,0.79691106,0.06813058,0.07000000,0.00366300,0.31518084,0.23060863,-0.18869856,-0.01229746,3.84670568,-4.88168621,0.80396962,-0.08381177,0.00122106,0.39118430,
6182,4.98489904,-1.46394753,8.61960888,6.00000000,0.34321290,-0.35126954,-0.31612560,-0.01112335,0.17537083,0.07000000,0.00366300,0.30184174,0.01537581,0.02411784,-0.01229746,5.95506382,-6.93244791,-0.01452267,-0.16881931,0.00122106,0.48981223,
6190,9.56740093,3.05151677,17.58709145,6.00000000,0.04028320,0.02739258,-0.32670036,-0.93633050,0.25736803,0.07000000,0.00549451,0.04992417,-0.23999999,0.23999999,-0.01229746,6.38441420,-6.54498482,-0.92645949,-0.52623928,0.00122106,0.42116261,
6198,11.02906132,1.23072648,20.53136063,6.00000000,-0.32065430,0.41249999,0.05872722,-1.94529593,0.20141168,0.07000000,0.00549451,-0.16238192,-0.23999999,0.23999999,-0.01229746,3.95840669,-3.42259073,-1.92528343,-0.98839045,0.00122106,0.13590270,
6206,-0.27995041,0.68724269,20.53136063,6.00000000,-0.35126954,0.43183595,0.07951142,-1.77192819,0.02881907,0.07000000,0.00366300,0.13985689,-0.06901792,0.08668686,-0.01229746,1.88495564,-2.33874130,-1.75763369,0.14118481,0.00122106,0.02712549,
6214,4.92145300,-0.78160006,17.40273857,6.00000000,-0.11118164,0.15468749,-0.07332713,-0.93752038,-0.06923118,0.07000000,0.00366300,-0.12628885,-0.23999999,0.23999999,-0.01229746,0.13439035,0.28623399,-0.92628384,-0.73147905,0.00122106,-0.07623920,
6222,1.49056172,0.81652957,9.24569321,6.00000000,-0.34804687,0.42216796,0.06207448,-0.49916795,-0.09053765,0.07000000,0.00366300,-0.28047261,-0.23999999,0.23999999,-0.01229746,-1.39451814,2.30208921,-0.50246716,-0.18409252,0.00122106,-0.17595646,
6230,-4.56557131,-1.37296784,9.96155930,6.00000000,-0.34965819,0.42861328,-0.00624932,0.06295133,-0.12119908,0.07000000,0.00366300,-0.38168299,0.18635218,-0.23821008,-0.01229746,-2.79252672,4.01774788,0.06511188,0.21525139,0.00122106,-0.25552249,
6238,-2.86927962,1.16368890,3.15364671,6.00000000,0.24169922,-0.39477539,0.07162289,0.94529915,-0.11133957,0.07000000,0.00366300,-0.31617898,0.23999999,-0.23999999,-0.01229746,-2.31954241,3.35626817,0.94219613,0.17676379,0.00122106,-0.14448343,
6245,-0.48345757,2.13573480,-5.78630257,5.00000000,0.33676758,-0.42055663,0.24518959,1.18842161,-0.12225623,0.07000000,0.00366300,-0.01767120,0.23999999,-0.23999999,-0.01229746,0.18849556,-0.13962634,1.20340466,0.29704952,0.00122106,0.10204580,
6254,-0.76597339,0.08629808,-3.01261973,6.00000000,0.34643555,-0.41411132,0.11701142,0.86829436,-0.12328782,0.07000000,0.00366300,0.12819344,0.23999999,-0.23999999,-0.01229746,3.07527018,-3.59712362,0.80744678,0.32128087,0.00122106,0.31748238,
6262,0.03967550,-1.68181992,0.62417257,6.00000000,0.34482422,-0.42539063,0.04604109,0.53002244,-0.08478483,0.07000000,0.00366300,0.22373956,0.23999999,-0.23999999,-0.01229746,5.64788580,-6.41233969,0.53855026,0.23414317,0.00122106,0.50114053,
6270,1.57196462,-0.87617099,1.94218063,6.00000000,0.34804687,-0.42216796,-0.16991961,0.17067172,-0.00589696,0.07000000,0.00366300,0.30424398,0.23999999,-0.23999999,-0.01229746,8.04422283,-9.01637077,0.17462400,0.11085004,0.00122106,0.66415906,
6278,4.86878014,0.22276758,5.35990334,6.00000000,0.35449219,-0.42700195,-0.30858517,-0.36597866,0.11212576,0.07000000,0.00366300,0.49776644,0.11625463,-0.05090925,-0.01229746,9.83842087,-11.45285034,-0.36449295,-0.15502828,0.00122106,0.78422266,
6286,7.92497873,1.62337554,10.67383385,6.00000000,0.17724609,-0.10957031,-0.30036992,-1.11028254,0.11444546,0.07000000,0.00366300,0.44264886,-0.23999999,0.23999999,-0.01229746,10.79486179,-12.24174023,-1.10222793,-0.33615327,0.00122106,0.79360080,
6294,11.88020039,2.72470832,19.24747086,6.00000000,-0.31098634,0.38994139,-0.05426042,-1.64074159,0.06563208,0.07000000,0.00366300,0.18543804,-0.23999999,0.23999999,-0.01229746,8.54513168,-9.14727020,-1.60811830,-0.85480928,0.00122106,0.55052972,
6302,10.87104416,0.41430372,20.53136063,6.00000000,-0.32548827,0.40122071,0.14890531,-2.03160954,-0.05580460,0.07000000,0.00366300,0.09651829,-0.23999999,0.23999999,-0.01229746,3.79958177,-4.09977818,-1.99840188,-1.15797234,0.00122106,0.14448103,
6310,2.88638139,-1.68301702,20.53136063,6.00000000,-0.35610351,0.43505859,0.28938571,-1.72616076,-0.12851645,0.07000000,0.00366300,-0.11408529,-0.23999999,0.23999999,-0.01229746,1.74358392,-1.36484742,-1.71087933,-0.06413400,0.00122106,-0.01083355,
6317,1.11347497,-1.29276204,17.43865204,5.00000000,-0.35288087,0.42539063,-0.40067449,-0.53053290,-0.05882368,0.07000000,0.00366300,-0.22826535,-0.23999999,0.23999999,-0.01229746,-0.16057029,0.93549645,-0.51374662,-0.37764174,0.00122106,-0.08126704,
6326,-2.47184205,-0.37219155,12.32224178,6.00000000,-0.35771483,0.42700195,-0.20526148,0.19338180,-0.00019699,0.07000000,0.00366300,-0.55837476,-0.08254309,0.00652578,-0.01229746,-1.66329885,3.48193192,0.19452649,-0.01041150,0.00122106,-0.18229793,
6334,-1.68175554,0.98412371,5.76572084,6.00000000,-0.12729493,0.01933594,-0.25949317,1.02197552,-0.04892898,0.07000000,0.00366300,-0.51431346,-0.10518316,0.03557590,-0.01229746,-2.71573234,4.36855936,1.01841986,-0.12736058,0.00122106,-0.19525236,
6342,-1.62190044,2.12136960,0.80134350,6.00000000,-0.16274413,0.06928711,0.18173115,1.40371037,-0.07060322,0.07000000,0.00366300,-0.33832857,0.23999999,-0.23999999,-0.01229746,-3.02640080,4.13119411,1.40848994,0.14781249,0.00122106,-0.16353461,
6350,-2.25636387,-0.50506973,1.42623019,6.00000000,0.33354491,-0.39638671,0.33037439,1.73410773,-0.12982579,0.07000000,0.00366300,-0.00128922,0.23999999,-0.23999999,-0.01229746,-1.69820547,1.70518661,1.75059104,0.29280764,0.00122106,0.00338534,
6358,1.97538757,-0.85941160,-4.51498127,6.00000000,0.34804687,-0.41733399,0.35346636,1.66261137,-0.14509794,0.07000000,0.00366300,0.27977175,0.23999999,-0.23999999,-0.01229746,0.93724179,-1.81688774,1.69874227,0.03334996,0.00122106,0.24162002,
6366,2.69364810,-1.58246052,-0.29879218,6.00000000,0.34643555,-0.41894531,-0.01273281,1.20518255,-0.08812511,0.07000000,0.00366300,0.43038788,0.23999999,-0.23999999,-0.01229746,3.14682865,-4.55356407,1.22391796,-0.08460382,0.00122106,0.38627705,
6374,3.14615226,-1.89969218,4.74339676,6.00000000,0.35610351,-0.42377931,-0.22777241,0.53607863,-0.00083758,0.07000000,0.00366300,0.59578991,0.23999999,-0.23369649,-0.01229746,5.24471426,-7.11570740,0.53604740,-0.04309507,0.00122106,0.51364189,
6382,5.35001469,0.76505429,8.86980343,6.00000000,0.35449219,-0.43022460,-0.38451439,-0.34302014,0.06117620,0.07000000,0.00366300,0.72040987,0.18067613,-0.08460942,-0.01229746,7.12792444,-9.47364712,-0.34004629,-0.06613182,0.00122106,0.60665452,
6389,8.76414680,4.18277740,14.69848728,5.00000000,0.27231446,-0.15791015,-0.17247218,-1.17158425,0.07865124,0.07000000,0.00366300,0.68374264,-0.23999999,0.23999999,-0.01229746,8.27984142,-10.50339127,-1.14255011,-0.32628113,0.00122106,0.62523609,
6398,13.01146030,0.44542834,16.74672699,6.00000000,-0.31582031,0.40444335,0.11157063,-2.39663219,-0.02062070,0.07000000,0.00366300,0.42938381,-0.23999999,0.23999999,-0.01229746,5.94284630,-7.34783602,-2.37202621,-0.88554251,0.00122106,0.32782039,
6406,7.40304279,-0.04777721,20.53136063,6.00000000,-0.35288087,0.43022460,0.35550866,-2.52697396,-0.10589197,0.07000000,0.00366300,0.00135660,-0.23999999,0.23999999,-0.01229746,3.73325920,-3.74024057,-2.48214340,-0.93853176,0.00122106,0.09652296,
6414,1.85926878,-2.53535271,20.53136063,6.00000000,-0.34804687,0.42055663,0.09713029,-1.23984241,-0.10758469,0.07000000,0.00366300,-0.06057173,-0.23999999,0.23999999,-0.01229746,0.97912967,-0.82030475,-1.21429718,-0.13403887,0.00122106,-0.02373668,
6422,-0.10637080,-0.68343776,14.20049286,6.00000000,-0.35449219,0.43505859,-0.20313047,-0.40158400,-0.01826051,0.07000000,0.00366300,-0.25070769,-0.23999999,0.23999999,-0.01229746,-1.03847086,1.83957708,-0.35847563,-0.21734808,0.00122106,-0.13564858,
6430,-2.19172049,-0.19621772,7.88698339,6.00000000,-0.35449219,0.42216796,-0.33474350,0.53660053,0.02143656,0.07000000,0.00366300,-0.36702681,-0.11837623,0.06865738,-0.01229746,-2.91469979,4.12072229,0.53613317,-0.07585512,0.00122106,-0.22184832,
6438,-2.57479286,1.53957856,3.74740863,6.00000000,-0.17885742,0.12246094,-0.29781458,1.20822990,0.02468000,0.07000000,0.00366300,-0.42196953,0.03181960,-0.08860010,-0.01229746,-4.10675955,5.45764494,1.20822167,-0.03256086,0.00122106,-0.26962340,
6446,-2.57479286,2.03996658,0.43503064,6.00000000,0.03867187,-0.14501953,0.12615423,1.73342848,-0.03661866,0.07000000,0.00366300,-0.23487680,0.23999999,-0.23999999,-0.01229746,-3.92175484,4.67922783,1.74212551,0.21679643,0.00122106,-0.19494262,
6454,-1.10954130,0.35923707,-1.80235088,6.00000000,0.33032227,-0.40283203,0.37025455,1.93253541,-0.14372171,0.07000000,0.00366300,0.09612757,0.23999999,-0.23999999,-0.01229746,-2.00712872,1.69995070,1.96008039,0.27970907,0.00122106,0.01094860,
6461,0.55682307,-1.18622017,-2.66186929,5.00000000,0.34160155,-0.41572267,0.41134366,1.74180484,-0.16190223,0.07000000,0.00366300,0.22134303,0.23999999,-0.23999999,-0.01229746,0.87091935,-1.59872162,1.77478909,0.12925734,0.00122106,0.22948873,
6470,2.28064823,-2.01700807,2.17681241,6.00000000,0.35610351,-0.42539063,0.04112624,1.18288136,-0.08671226,0.07000000,0.00366300,0.38314533,0.23999999,-0.23999999,-0.01229746,3.32659769,-4.54658270,1.19721425,-0.02907464,0.00122106,0.39074510,
6478,3.91349387,-1.53457642,6.02788591,6.00000000,0.35610351,-0.42700195,-0.21123411,0.48716146,0.04225937,0.07000000,0.00366300,0.45299658,0.21261287,-0.15233690,-0.01229746,5.39830303,-6.86787081,0.48681158,-0.09959126,0.00122106,0.50272799,
6486,7.18157911,1.06911790,10.50623989,6.00000000,0.32387695,-0.27231446,-0.42049745,-0.43960482,0.13037921,0.07000000,0.00366300,0.41615650,-0.12263462,0.17734206,-0.01229746,7.08254576,-8.42121410,-0.43593016,-0.24407953,0.00122106,0.55874181,
6494,11.31397152,1.75864792,14.11549950,6.00000000,-0.15146485,0.27875978,0.10811168,-1.25267482,0.11262670,0.07000000,0.00549451,0.16652259,-0.23999999,0.23999999,-0.01229746,6.12261486,-6.66017675,-1.23964691,-0.84715664,0.00122106,0.39540228,
6502,8.35593510,0.96975851,20.53136063,6.00000000,-0.33193359,0.40766603,0.14769974,-1.94612789,-0.03517532,0.07000000,0.00549451,0.13292986,-0.23999999,0.23999999,-0.01229746,2.69827914,-3.11192203,-1.92246461,-0.77990079,0.00122106,0.07835287,
6510,0.69209546,-1.31191576,20.53136063,6.00000000,-0.35449219,0.42861328,0.18319809,-1.27666342,-0.19741884,0.07000000,0.00366300,0.01916231,-0.23999999,0.23999999,-0.01229746,0.80808741,-0.86568326,-1.25484586,-0.16631120,0.00122106,-0.03086013,
6518,3.47296071,0.06235606,15.75193596,6.00000000,-0.35610351,0.41894531,-0.08317253,-0.28427374,-0.11044104,0.07000000,0.00366300,-0.30133307,-0.23999999,0.23999999,-0.01229746,-1.16238928,2.15722704,-0.27476591,-0.56020021,0.00122106,-0.14422545,
6526,-1.84336412,-1.19579697,12.07085133,6.00000000,-0.34804687,0.43828124,-0.14156711,0.42957461,-0.06380529,0.07000000,0.00366300,-0.47082245,-0.13643917,0.07256485,-0.01229746,-2.75063896,4.23242331,0.43269357,-0.06759045,0.00122106,-0.23247960,
6533,-1.70090914,0.62619054,5.54186296,5.00000000,-0.20947266,0.14824219,-0.32615557,1.19870222,-0.07718696,0.07000000,0.00366300,-0.42522684,-0.13192894,0.07470296,-0.01229746,-4.08407068,5.44193649,1.19865036,-0.14975223,0.00122106,-0.27056116,
6542,-1.74759603,2.09862471,0.47932339,6.00000000,-0.20141602,0.14340821,-0.02781784,1.69671178,-0.09569911,0.07000000,0.00366300,-0.25458744,0.23910908,-0.23999999,-0.01229746,-4.92008305,5.74736881,1.70547724,0.04991995,0.00122106,-0.27646226,
6550,-2.85850573,0.77463108,0.51882768,6.00000000,0.32065430,-0.39316407,0.20069259,2.15638900,-0.17094190,0.07000000,0.00366300,-0.01967449,0.23999999,-0.23999999,-0.01229746,-3.57617950,3.63901138,2.17521763,0.26900622,0.00122106,-0.10913919,
6558,0.33535942,-0.39613357,-4.25521040,6.00000000,0.33837891,-0.40766603,0.38448131,2.16525507,-0.19690284,0.07000000,0.00366300,0.19114012,0.23999999,-0.23999999,-0.01229746,-0.31764993,-0.30368727,2.20755887,0.18791375,0.00122106,0.16617170,
6566,1.64259350,-1.89490378,0.00168014,6.00000000,0.34482422,-0.43022460,0.11005681,1.69056427,-0.18219817,0.07000000,0.00366300,0.30923545,0.23999999,-0.23999999,-0.01229746,2.42426229,-3.44702530,1.71628773,0.03402011,0.00122106,0.35442734,
6574,2.47697282,-1.91046619,4.22385502,6.00000000,0.35288087,-0.42377931,-0.11228206,1.09650671,-0.05894340,0.07000000,0.00366300,0.38770133,0.23999999,-0.23999999,-0.01229746,4.64781141,-5.91317511,1.10329676,-0.01486713,0.00122106,0.48676404,
6582,5.25903511,-0.20579453,7.64516926,6.00000000,0.34965819,-0.44311523,-0.39571187,0.29880261,0.05882025,0.07000000,0.00366300,0.44590676,0.17439285,-0.11535433,-0.01229746,6.67239332,-8.13498020,0.30024481,-0.13001195,0.00122106,0.58557075,
6590,8.40741062,4.18158007,15.04444981,6.00000000,0.25942382,-0.20463867,-0.27787960,-0.66714382,0.13405746,0.07000000,0.00366300,0.36005980,-0.23999999,0.23999999,-0.01229746,8.09134674,-9.26944351,-0.65270841,-0.36841160,0.00122106,0.61302251,
6598,13.01505184,0.63097894,15.72440243,6.00000000,-0.31582031,0.38833007,0.16470528,-1.82891941,0.08437338,0.07000000,0.00366300,0.29677248,-0.23999999,0.23999999,-0.01229746,5.83638096,-6.78758526,-1.81568098,-1.07028198,0.00122106,0.33845147,
6605,6.45015049,0.78420788,20.53136063,5.00000000,-0.35610351,0.41733399,0.36718145,-2.35033727,-0.06832445,0.07000000,0.00366300,0.18983284,-0.23999999,0.23999999,-0.01229746,2.76111078,-3.37023091,-2.32005382,-0.68058300,0.00122106,0.05784798,
6614,-0.05369836,-3.04412055,20.53136063,6.00000000,-0.34643555,0.41894531,0.09058175,-1.39556801,-0.12162451,0.07000000,0.00366300,-0.01247342,-0.23999999,0.23999999,-0.01229746,0.36477381,-0.32812190,-1.37164593,-0.15502304,0.00122106,-0.07603633,
6622,1.33015025,0.01088073,15.17852497,6.00000000,-0.36254883,0.41733399,-0.22940314,-0.56167960,-0.00934224,0.07000000,0.00549451,-0.33166796,-0.23999999,0.23999999,-0.01229746,-1.49749255,2.58134174,-0.55274528,-0.34508556,0.00122106,-0.19762275,
6630,-3.01412868,-0.36740315,9.41089249,6.00000000,-0.35288087,0.42377931,-0.24444340,0.36548403,0.05716889,0.07000000,0.00549451,-0.51457441,-0.10416747,0.03413981,-0.01229746,-3.04210901,4.70715332,0.36520767,-0.02165052,0.00122106,-0.26996222,
6638,-2.45149136,1.76223922,4.08259678,6.00000000,-0.16757813,0.06928711,-0.32617679,1.12773526,0.03146389,0.07000000,0.00366300,-0.39823121,-0.05378494,0.00023873,-0.01229746,-4.24114990,5.52571249,1.12328148,-0.07942171,0.00122106,-0.28820294,
6646,-2.19770598,2.17763329,-1.59644949,6.00000000,-0.08378907,0.00483398,0.04234251,1.59005439,-0.01544504,0.07000000,0.00366300,-0.16989289,0.23999999,-0.23999999,-0.01229746,-4.60941458,5.16268349,1.60086203,0.15647927,0.00122106,-0.25118154,
6654,-2.45508265,0.54718190,-1.14873374,6.00000000,0.33515626,-0.39638671,0.34386262,1.92602062,-0.14724065,0.07000000,0.00366300,0.15743780,0.23999999,-0.23999999,-0.01229746,-2.93564367,2.45567822,1.94885969,0.31902421,0.00122106,-0.05538872,
6662,0.06361752,-0.57809287,-4.37851191,6.00000000,0.33999023,-0.41411132,0.42627782,1.88737881,-0.18963839,0.07000000,0.00366300,0.33829138,0.23999999,-0.23999999,-0.01229746,0.18325958,-1.26012766,1.92477965,0.18350074,0.00122106,0.19882257,
6670,1.67611241,-1.97032118,0.02562216,6.00000000,0.35288087,-0.43022460,0.14783934,1.45043230,-0.13287319,0.07000000,0.00366300,0.45695823,0.23999999,-0.23999999,-0.01229746,2.70351481,-4.14166641,1.46902072,0.01811501,0.00122106,0.37752569,
6677,2.18128896,-1.85300529,4.61291265,5.00000000,0.34965819,-0.44472656,-0.13416994,0.90878934,0.00307854,0.07000000,0.00366300,0.45857465,0.23999999,-0.23999999,-0.01229746,4.87121391,-6.35997963,0.90984595,0.03190177,0.00122106,0.49732679,
6686,5.49246979,-0.17107861,9.53419399,6.00000000,0.35771483,-0.42700195,-0.42590082,0.11893652,0.11854184,0.07000000,0.00366300,0.59734011,0.21127309,-0.13175023,-0.01229746,6.88357830,-8.80518627,0.11625820,-0.09455805,0.00122106,0.60666102,
6694,9.00117207,4.24622345,18.42625999,6.00000000,0.32709962,-0.24008790,-0.12225842,-0.75942278,0.16151321,0.07000000,0.00366300,0.62939984,-0.23999999,0.23999999,-0.01229746,8.05120373,-10.10720158,-0.73906559,-0.39586833,0.00122106,0.63849699,
6702,14.00385666,1.37318146,20.53136063,6.00000000,-0.31582031,0.38833007,0.03877625,-2.04851103,0.06774774,0.07000000,0.00366300,0.39126363,-0.23999999,0.23999999,-0.01229746,6.32681847,-7.58520126,-2.02341390,-0.87177098,0.00122106,0.37852421,
6710,7.27375603,0.02404884,20.53136063,6.00000000,-0.34965819,0.42377931,0.39899796,-2.62523890,-0.02072974,0.07000000,0.00366300,0.17189026,-0.23999999,0.23999999,-0.01229746,2.57610607,-3.13810205,-2.58861113,-0.89210153,0.00122106,0.01664171,
6718,-1.22566009,-4.07243013,20.53136063,6.00000000,-0.35449219,0.42539063,0.21181382,-1.88181078,-0.07727613,0.07000000,0.00366300,0.06211168,-0.23999999,0.23999999,-0.01229746,0.55152404,-0.74525559,-1.86316586,0.06769198,0.00122106,-0.09260539,
6726,1.13981116,0.31733856,13.34696007,6.00000000,-0.35610351,0.41733399,-0.24604677,-0.66846091,0.04678542,0.07000000,0.00366300,-0.31957680,-0.23999999,0.23999999,-0.01229746,-1.21649444,2.22878551,-0.66107166,-0.30861044,0.00122106,-0.18055671,
6734,-3.48339224,-0.82469565,8.20301819,6.00000000,-0.34643555,0.42377931,-0.44405940,-0.00406771,0.10048359,0.07000000,0.00366300,-0.36520895,-0.17118579,0.12159924,-0.01229746,-3.11541271,4.33016205,-0.00342041,-0.02812657,0.00122106,-0.28205231,
6742,-2.36290598,2.69717503,2.48207307,6.00000000,-0.25942382,0.21591797,-0.42186573,0.86874616,0.03927597,0.07000000,0.00366300,-0.37490201,-0.11789766,0.06755655,-0.01229746,-4.92880964,6.12436008,0.86096829,-0.07324714,0.00122106,-0.35530886,
6749,-2.89681292,2.34283328,-0.21619222,5.00000000,-0.17885742,0.11923828,-0.02305802,1.33104682,-0.02562968,0.07000000,0.00366300,-0.25025719,0.23999999,-0.23999999,-0.01229746,-5.83987188,6.64795923,1.33631349,0.15504467,0.00122106,-0.37368858,
6758,-3.54205012,0.34128055,-0.00909377,6.00000000,0.32709962,-0.40927735,0.38234785,1.91925657,-0.13651119,0.07000000,0.00366300,-0.01058753,0.23999999,-0.23999999,-0.01229746,-4.33016205,4.34587002,1.93494654,0.40868780,0.00122106,-0.18499057,
6766,0.42035356,-0.73491311,-3.36456752,6.00000000,0.34160155,-0.41249999,0.56337255,1.87051332,-0.16370617,0.07000000,0.00366300,0.21366003,0.23999999,-0.23999999,-0.01229746,-1.13097346,0.43982297,1.90567505,0.21904756,0.00122106,0.08230227,
6774,1.83772099,-2.11756468,0.42545384,6.00000000,0.35288087,-0.43183595,0.24843198,1.44437742,-0.11082584,0.07000000,0.00366300,0.37984550,0.23999999,-0.23999999,-0.01229746,1.43815136,-2.70351481,1.46445251,-0.01157209,0.00122106,0.26924914,
6782,2.66491771,-3.22488284,5.92972374,6.00000000,0.34643555,-0.43183595,-0.09166843,0.83192235,-0.02298180,0.07000000,0.00366300,0.48436907,0.23999999,-0.23999999,-0.01229746,3.63028479,-5.23947859,0.82709169,-0.03966309,0.00122106,0.39694265,
6790,5.97250748,-0.78160006,10.46793270,6.00000000,0.35288087,-0.43344727,-0.36806574,-0.05299981,0.11547436,0.07000000,0.00366300,0.62635398,0.05131771,0.03234170,-0.01229746,5.49778700,-7.52236891,-0.05821806,-0.15267964,0.00122106,0.48755696,
6798,10.04145336,3.18080378,16.16852760,6.00000000,0.07895508,0.03867187,-0.03438975,-0.98484826,0.10211617,0.07000000,0.00366300,0.46016562,-0.23999999,0.23999999,-0.01229746,6.00742340,-7.52062368,-0.96534604,-0.52241617,0.00122106,0.44410902,
6806,12.34826660,1.51084805,20.53136063,6.00000000,-0.32548827,0.40283203,0.00349335,-2.12830758,0.04177827,0.07000000,0.00366300,0.24764127,-0.23999999,0.23999999,-0.01229746,3.10494065,-3.90779209,-2.10185671,-0.96973509,0.00122106,0.10945156,
6814,-1.83857572,-1.15030706,20.53136063,6.00000000,-0.35126954,0.42700195,0.45906460,-2.11303878,0.00215443,0.07000000,0.00366300,0.15472913,-0.18763088,0.20729423,-0.01229746,1.44164193,-1.94778740,-2.09735489,0.11452669,0.00122106,-0.02948577,
6821,3.97095466,-3.42360163,17.65053749,5.00000000,-0.27875978,0.35932618,-0.09544329,-1.05023789,-0.03753768,0.07000000,0.00366300,-0.16914555,-0.23999999,0.23999999,-0.01229746,-0.49567351,1.04545224,-1.03948760,-0.63540941,0.00122106,-0.13660754,
6830,-1.41480207,0.14136472,11.43399334,6.00000000,-0.35449219,0.43183595,-0.10298066,-0.40221775,0.02823511,0.07000000,0.00366300,-0.39736998,-0.21588863,0.16163039,-0.01229746,-2.00189257,3.28645492,-0.40265548,-0.02458400,0.00122106,-0.23389965,
6838,-3.09792590,-0.99947238,5.99915552,6.00000000,-0.31420898,0.29487306,-0.31268865,0.32024065,-0.00468842,0.07000000,0.00366300,-0.35574648,-0.10194512,0.05387504,-0.01229746,-3.87463093,5.04574680,0.32101810,-0.00768580,0.00122106,-0.31678230,
6846,-2.38565087,3.47529054,1.59143007,6.00000000,-0.15146485,0.10312500,-0.13788776,1.00614190,-0.04473263,0.07000000,0.00366300,-0.26970547,0.11086242,-0.14686307,-0.01229746,-4.98466063,5.85034370,1.00053227,0.06373098,0.00122106,-0.33485851,
6854,-2.73879552,1.04996431,-1.68623209,6.00000000,0.14824219,-0.23847656,0.31712076,1.56358743,-0.09549192,0.07000000,0.00366300,-0.00637510,0.23999999,-0.23999999,-0.01229746,-4.38077641,4.39822960,1.57692826,0.31480807,0.00122106,-0.21644506,
6862,-1.41599917,1.41148877,-4.06008291,6.00000000,0.32871094,-0.41733399,0.37614802,1.74918318,-0.13785872,0.07000000,0.00366300,0.29458231,0.23999999,-0.23999999,-0.01229746,-2.03330851,1.08210409,1.77932203,0.32856515,0.00122106,0.01031718,
6870,-0.26079682,-1.18741727,-1.64313638,6.00000000,0.34321290,-0.42055663,0.42489052,1.52525806,-0.12031271,0.07000000,0.00366300,0.37825730,0.23999999,-0.23999999,-0.01229746,1.04196155,-2.27067351,1.54872572,0.17204711,0.00122106,0.24466528,
6878,1.49295592,-2.26959634,1.69078946,6.00000000,0.35449219,-0.43828124,0.00560418,1.06196916,-0.03509529,0.07000000,0.00366300,0.48751360,0.23999999,-0.23999999,-0.01229746,3.53778243,-5.12428665,1.07098901,0.07290094,0.00122106,0.41153991,
6886,3.39036083,-1.29276204,6.40138149,6.00000000,0.35126954,-0.43183595,-0.30436948,0.47357547,0.14875567,0.07000000,0.00366300,0.51805794,0.23999999,-0.23999999,-0.01229746,5.68453741,-7.36179876,0.47136730,0.02793412,0.00122106,0.53153551,
6893,6.57464886,0.41909212,11.59919357,5.00000000,0.36254883,-0.42861328,-0.50537115,-0.33848858,0.24557157,0.07000000,0.00366300,0.61726850,0.11470248,-0.03271341,-0.01229746,7.50142479,-9.47539330,-0.33884749,-0.11413543,0.00122106,0.62272710,
6902,11.61204910,2.93779230,17.32971573,6.00000000,0.17402343,-0.06928711,0.08770191,-1.24137378,0.19315356,0.07000000,0.00366300,0.58493853,-0.23999999,0.23999999,-0.01229746,7.91332293,-9.81747723,-1.21987629,-0.67557877,0.00122106,0.58276606,
6910,12.38777065,2.17523909,20.53136063,6.00000000,-0.32226563,0.39316407,0.03005677,-2.39985847,0.08041729,0.07000000,0.00366300,0.39955240,-0.23999999,0.23999999,-0.01229746,5.34245300,-6.60956192,-2.36278582,-0.84529752,0.00122106,0.27537465,
6918,4.68083572,-1.30114186,20.53136063,6.00000000,-0.35126954,0.42539063,0.47133037,-2.69049764,-0.02994497,0.07000000,0.00366300,0.28305197,-0.23999999,0.23999999,-0.01229746,2.23751211,-3.15730047,-2.65460896,-0.71056521,0.00122106,0.00044516,
6926,-2.06003928,-3.17699885,19.70356560,6.00000000,-0.35610351,0.41572267,-0.10180318,-1.68164098,-0.06521109,0.07000000,0.00366300,0.01586422,-0.23999999,0.23999999,-0.01229746,0.14137168,-0.19547687,-1.66288519,0.03572494,0.00122106,-0.11294473,
6934,-0.27875331,1.12777579,9.67904377,6.00000000,-0.34643555,0.42861328,-0.22381364,-0.62993604,0.09169569,0.07000000,0.00366300,-0.22004060,-0.23999999,0.23999999,-0.01229746,-1.75405586,2.48185825,-0.63150954,-0.15844119,0.00122106,-0.20938095,
6942,-4.77506399,0.25868061,7.01309967,6.00000000,-0.35610351,0.42055663,-0.51399672,0.14320308,0.02745438,0.07000000,0.00366300,-0.17699596,0.11516087,-0.13900305,-0.01229746,-3.85892320,4.42964554,0.13958400,0.16023125,0.00122106,-0.30623135,
6950,-2.90998101,2.92103291,2.13371682,6.00000000,0.15468749,-0.22719726,-0.17570326,0.96821833,0.01664403,0.07000000,0.00366300,-0.13564414,0.23999999,-0.23999999,-0.01229746,-4.13293982,4.57276249,0.96594465,0.13517937,0.00122106,-0.25737920,
6958,-2.52092314,2.00525069,-3.82784557,6.00000000,0.33032227,-0.40605468,0.21901885,1.16724062,-0.11346897,0.07000000,0.00366300,0.11088393,0.23999999,-0.23999999,-0.01229746,-1.70169604,1.34215820,1.18472004,0.40506163,0.00122106,-0.02657998,
6965,-1.21488619,0.93743676,-3.77397585,5.00000000,0.34160155,-0.42216796,0.41509488,1.14577222,-0.16371277,0.07000000,0.00366300,0.29466325,0.23999999,-0.23999999,-0.01229746,1.20078659,-2.14850020,1.16846156,0.36414328,0.00122106,0.21406822,
6974,0.30303770,-1.92004299,0.60262477,6.00000000,0.35288087,-0.41733399,0.31862152,0.73194611,-0.17698447,0.07000000,0.00366300,0.40528777,0.23999999,-0.23999999,-0.01229746,3.98284125,-5.32674503,0.74284899,0.16468920,0.00122106,0.41661564,
6982,1.93229198,-1.99306607,4.64283991,6.00000000,0.35449219,-0.42700195,0.06777569,0.23871984,-0.10285430,0.07000000,0.00366300,0.47902620,0.23999999,-0.23999999,-0.01229746,6.34078074,-7.89761496,0.23563433,0.01884110,0.00122106,0.55793685,
6990,5.83364344,-0.91088694,8.48313999,6.00000000,0.35449219,-0.42055663,-0.15599592,-0.39213383,0.02352387,0.07000000,0.00366300,0.52052075,-0.04427421,0.11296222,-0.01229746,8.27286053,-9.97804737,-0.39556044,-0.23225120,0.00122106,0.66879952,
6998,10.09891415,-0.51225233,13.44033432,6.00000000,-0.04833984,0.17885742,-0.07562212,-1.24054825,0.05140946,0.07000000,0.00366300,0.38209355,-0.23999999,0.23999999,-0.01229746,8.21002865,-9.43874073,-1.23916543,-0.59395385,0.00122106,0.57891285,
7006,11.29960632,1.96095800,19.98847580,6.00000000,-0.31904298,0.40122071,0.07595142,-1.76950288,0.02064706,0.07000000,0.00366300,-0.05873263,-0.23999999,0.23999999,-0.01229746,4.96720695,-4.79965544,-1.73767483,-1.03185582,0.00122106,0.24273184,
7014,3.79378366,1.49049735,20.53136063,6.00000000,-0.35771483,0.42700195,0.14790940,-1.89039648,0.07628568,0.07000000,0.00549451,-0.11860140,-0.23999999,0.23999999,-0.01229746,2.41379046,-2.01585531,-1.87177777,-0.23301369,0.00122106,0.02337500,
7022,1.17811847,-1.22692156,20.21113586,6.00000000,-0.34965819,0.42055663,-0.15476602,-0.72934175,-0.01123143,0.07000000,0.00549451,-0.21522675,-0.23999999,0.23999999,-0.01229746,0.00000000,0.67718774,-0.70280838,-0.34225133,0.00122106,-0.08176365,
7030,-0.83420813,0.94102806,14.32858276,6.00000000,-0.36254883,0.42861328,-0.27352858,-0.10790399,0.07612040,0.07000000,0.00366300,-0.47782671,-0.23999999,0.23999999,-0.01229746,-1.65806282,3.21140575,-0.10501832,-0.17260131,0.00122106,-0.19558263,
7037,-1.95948291,0.32691535,7.68706751,5.00000000,-0.34804687,0.42216796,-0.10566612,0.71923858,0.02486753,0.07000000,0.00366300,-0.65810317,-0.14314921,0.05402714,-0.01229746,-3.44702530,5.57632685,0.71801746,-0.08207124,0.00122106,-0.28483370,
7046,-2.62626815,1.53000176,4.65002251,6.00000000,-0.21430664,0.10312500,-0.03406421,1.42083097,0.02633732,0.07000000,0.00366300,-0.52269012,0.09999189,-0.17025235,-0.01229746,-4.91310167,6.62003374,1.41768670,0.01502944,0.00122106,-0.33014578,
7054,-2.99377799,0.16650383,1.25504470,6.00000000,0.12568359,-0.27875978,0.28505492,1.93665814,-0.05423677,0.07000000,0.00366300,-0.16475680,0.23999999,-0.23999999,-0.01229746,-4.44535351,4.98291492,1.95219254,0.31312910,0.00122106,-0.20981444,
7062,-1.22326589,-0.11840616,-2.55053878,6.00000000,0.33999023,-0.41733399,0.37839922,2.14663839,-0.11100139,0.07000000,0.00366300,0.27859652,0.23999999,-0.23999999,-0.01229746,-2.33874130,1.46258593,2.17899227,0.34427834,0.00122106,0.02150822,
7070,-0.42240542,-1.29156494,-0.75608468,6.00000000,0.34321290,-0.41894531,0.27840674,1.79106224,-0.06851074,0.07000000,0.00366300,0.31309471,0.23999999,-0.23999999,-0.01229746,0.84124869,-1.87971950,1.81937516,0.22850353,0.00122106,0.24961895,
7078,0.44429559,-2.72928309,2.26420069,6.00000000,0.35449219,-0.42861328,-0.13637857,1.31670809,0.01335723,0.07000000,0.00366300,0.46028423,0.23999999,-0.23999999,-0.01229746,3.19569802,-4.68097305,1.32726336,0.21701235,0.00122106,0.40162003,
7086,2.64456701,-0.35423502,5.65079927,6.00000000,0.35610351,-0.43989259,-0.32993180,0.72401828,0.17860501,0.07000000,0.00366300,0.48937273,0.23999999,-0.23999999,-0.01229746,5.47684288,-7.05287552,0.72890693,0.11961744,0.00122106,0.53087288,
7094,5.89948416,1.88913190,9.77122021,6.00000000,0.36093751,-0.42700195,-0.38721538,-0.09418582,0.28430650,0.07000000,0.00366300,0.57419240,0.14596406,-0.06972909,-0.01229746,7.40543175,-9.25199032,-0.08695883,-0.12151523,0.00122106,0.62552655,
7102,9.39741325,2.15967679,13.68214893,6.00000000,0.21591797,-0.13535157,0.25507677,-1.04192007,0.26070076,0.07000000,0.00366300,0.50417912,-0.23999999,0.23999999,-0.01229746,8.25540733,-9.88554573,-1.02986407,-0.63743383,0.00122106,0.61308873,
7109,12.02864075,0.27544001,20.53136063,5.00000000,-0.31259766,0.38994139,0.26623851,-2.36684108,0.14942762,0.07000000,0.00366300,0.22156620,-0.23999999,0.23999999,-0.01229746,6.25351429,-6.98131704,-2.34257817,-0.89483249,0.00122106,0.32295996,
7118,4.39353132,-1.28438234,20.53136063,6.00000000,-0.35449219,0.43666992,0.43750322,-2.95850921,0.15759097,0.07000000,0.00366300,0.17009789,-0.23999999,0.23999999,-0.01229746,3.37546659,-3.92350030,-2.92476153,-0.50220120,0.00122106,0.05067444,
7126,1.41634142,-2.85497880,20.27577972,6.00000000,-0.34482422,0.40766603,-0.34742358,-1.69289887,0.07873765,0.07000000,0.00366300,-0.03988630,-0.23999999,0.23999999,-0.01229746,0.71383971,-0.58293998,-1.65891457,-0.24497238,0.00122106,-0.08135143,
7134,-2.53768253,1.91187692,15.74475384,6.00000000,-0.34804687,0.43022460,-0.25754797,-0.92969978,0.22652683,0.07000000,0.00366300,-0.32218811,-0.16792101,0.12354208,-0.01229746,-0.93549645,1.95127821,-0.92041421,0.05447251,0.00122106,-0.18210077,
7142,-2.59873486,0.05876476,5.32758188,6.00000000,-0.25620118,0.22075196,-0.25890175,0.08927399,0.18822202,0.07000000,0.00366300,-0.26567724,-0.08373213,0.04764389,-0.01229746,-2.79950809,3.65297413,0.08209968,0.00678198,0.00122106,-0.24101858,
7150,-1.79548013,2.15608549,0.52361614,6.00000000,-0.12568359,0.09990235,0.00607578,0.70285887,0.20752102,0.07000000,0.00366300,-0.19720706,0.13554309,-0.16201489,-0.01229746,-3.62330365,4.24638605,0.69895369,0.08707388,0.00122106,-0.24494362,
7158,-3.27868795,0.40352979,-2.16028404,6.00000000,0.17563477,-0.26909178,0.30588576,1.18690169,0.08403533,0.07000000,0.00366300,-0.01374866,0.23999999,-0.23999999,-0.01229746,-2.74714804,2.79078126,1.19722164,0.36857194,0.00122106,-0.12065303,
7166,-1.59436715,0.17009515,-4.33541632,6.00000000,0.34482422,-0.40927735,0.50217140,1.38381171,0.02466056,0.07000000,0.00366300,0.30423304,0.23999999,-0.23999999,-0.01229746,-0.38222709,-0.57595867,1.40686452,0.37431791,0.00122106,0.11575329,
7174,-0.37691560,-1.56809533,-1.09486425,6.00000000,0.34321290,-0.43344727,0.33663130,1.10971045,0.00898005,0.07000000,0.00366300,0.44800830,0.23999999,-0.23999999,-0.01229746,2.22529483,-3.70184350,1.12653351,0.20937863,0.00122106,0.31519192,
7181,0.81180555,-1.52380252,1.44897509,5.00000000,0.35288087,-0.43989259,0.12199404,0.73276871,0.09076773,0.07000000,0.00366300,0.46313739,0.23999999,-0.23999999,-0.01229746,4.63908482,-6.15926695,0.73924112,0.09379429,0.00122106,0.46766728,
7190,4.77301216,-0.42366689,6.06499577,6.00000000,0.36416015,-0.42539063,-0.30260292,-0.00091273,0.30987260,0.07000000,0.00366300,0.48631901,0.17774710,-0.11335064,-0.01229746,6.95513725,-8.51022530,0.00073034,-0.09306128,0.00122106,0.58783996,
7198,8.83357811,1.19241929,10.13753319,6.00000000,0.25781250,-0.22719726,-0.29674369,-0.86762613,0.44458711,0.07000000,0.00366300,0.40203583,-0.23999999,0.23999999,-0.01229746,8.28856850,-9.58883953,-0.86218357,-0.39998883,0.00122106,0.61494899,
7206,11.94604015,2.29016066,18.36281204,6.00000000,-0.31098634,0.39155275,0.09392786,-1.57428837,0.44759357,0.07000000,0.00366300,-0.00714523,-0.23999999,0.23999999,-0.01229746,6.63574219,-6.56243801,-1.54938769,-0.82452482,0.00122106,0.38783896,
7214,6.93138504,1.17326570,20.53136063,6.00000000,-0.35126954,0.43989259,0.07979827,-2.44570637,0.39958012,0.07000000,0.00366300,0.25964230,-0.23999999,0.23999999,-0.01229746,3.11366725,-3.96364284,-2.41819096,-0.71620858,0.00122106,0.08063993,
7222,2.13340497,-0.93243474,20.53136063,6.00000000,-0.33837891,0.41572267,-0.17922863,-1.31405592,0.04667655,0.07000000,0.00366300,0.35581401,-0.23999999,0.23999999,-0.01229746,0.15009832,-1.30725169,-1.28350353,-0.27864021,0.00122106,-0.04128751,
7230,0.43711299,1.32410038,16.38041306,6.00000000,-0.35771483,0.43666992,-0.03499235,-0.77887559,0.06151788,0.07000000,0.00366300,0.01735508,-0.23999999,0.23999999,-0.01229746,-1.60046685,1.54810703,-0.76303262,-0.23148255,0.00122106,-0.17793101,
7238,-3.69049072,0.15812413,10.32428074,6.00000000,-0.34965819,0.42700195,0.11649483,0.25407574,0.01088296,0.07000000,0.00366300,-0.01467282,0.15545902,-0.15730226,-0.01229746,-3.35801339,3.39292002,0.25384545,0.14552961,0.00122106,-0.23771985,
7246,-2.87646222,0.56394130,5.22941971,6.00000000,0.20302734,-0.24492188,-0.14720072,1.03725338,0.03426975,0.07000000,0.00366300,0.10811114,0.23999999,-0.23999999,-0.01229746,-3.16951799,2.81172562,1.04674482,0.12185945,0.00122106,-0.14853752,
7253,-1.34537017,1.65569735,-4.86692905,5.00000000,0.33676758,-0.41088867,0.08917522,1.35675037,-0.05182739,0.07000000,0.00366300,0.25306496,0.23999999,-0.23999999,-0.01229746,-0.81332338,-0.00349066,1.38002646,0.26403922,0.00122106,0.07429390,
7262,-0.82223713,0.88955277,-3.87453246,6.00000000,0.34321290,-0.41733399,0.18589222,1.14686513,-0.04626792,0.07000000,0.00366300,0.44602585,0.23999999,-0.23999999,-0.01229746,2.36317563,-3.78387380,1.17599952,0.27289289,0.00122106,0.32889259,
7270,-1.59676135,-1.34064615,-0.55257756,6.00000000,0.34482422,-0.42055663,0.20732778,0.79682505,-0.17002985,0.07000000,0.00549451,0.59223759,0.23999999,-0.23999999,-0.01229746,4.94626284,-6.90452242,0.80681622,0.30970401,0.00122106,0.51407039,
7278,0.97221708,-1.19579697,0.46495816,6.00000000,0.33999023,-0.42539063,0.07877818,0.45237744,-0.05929011,0.07000000,0.00549451,0.60641789,0.23999999,-0.23999999,-0.01229746,7.42812157,-9.39161587,0.45420232,0.16355401,0.00122106,0.67353714,
7286,2.72477269,-0.40810457,4.77092981,6.00000000,0.35610351,-0.44150391,-0.18503240,-0.02983597,0.05666254,0.07000000,0.00366300,0.55283147,0.23999999,-0.23999999,-0.01229746,10.02342606,-11.81937027,-0.03014395,0.07898100,0.00122106,0.83441311,
7294,6.57105780,0.45739934,8.33829021,6.00000000,0.35771483,-0.43022460,-0.07314510,-0.67412013,0.20512287,0.07000000,0.00366300,0.68012470,-0.04042062,0.13010210,-0.01229746,11.91885376,-14.08829784,-0.67435509,-0.28838006,0.00122106,0.93938369,
7302,9.62486172,0.94940782,15.15577984,6.00000000,-0.03222656,0.19174805,-0.03002299,-1.56084919,0.22049846,0.07000000,0.00366300,0.31604859,-0.23999999,0.23999999,-0.01229746,12.08640480,-13.11964035,-1.54739666,-0.48985797,0.00122106,0.84131747,
7310,12.42368412,-0.80434495,19.42224693,6.00000000,-0.32387695,0.39316407,0.12316187,-2.05959725,0.24485460,0.07000000,0.00366300,-0.08062458,-0.23999999,0.23999999,-0.01229746,8.51197052,-8.24842644,-2.03108454,-1.16116023,0.00122106,0.48487723,
7318,8.49360180,1.89631462,20.53136063,6.00000000,-0.32548827,0.41733399,0.17290810,-2.30776238,0.22234608,0.07000000,0.00549451,-0.20095852,-0.23999999,0.23999999,-0.01229746,4.40172052,-3.75245786,-2.27839518,-0.66233855,0.00122106,0.13266012,
7325,0.49098253,-3.66661310,20.53136063,5.00000000,-0.35126954,0.43505859,-0.19744205,-1.72040737,0.07081441,0.07000000,0.00549451,0.02044144,-0.23999999,0.23999999,-0.01229746,2.02283669,-2.10312176,-1.68553817,-0.19784635,0.00122106,0.02875447,
7334,0.79025775,3.86315131,13.96705818,6.00000000,-0.34965819,0.42861328,-0.49814892,-0.59770101,0.10832768,0.07000000,0.00549451,-0.27381909,-0.23999999,0.23999999,-0.01229746,-0.24434610,1.12224674,-0.58655429,-0.23400746,0.00122106,-0.09856686,
7342,-3.61746764,0.91469187,9.59764099,6.00000000,-0.35771483,0.42539063,-0.08408464,0.29889420,-0.01883450,0.07000000,0.00366300,-0.34311438,0.11587130,-0.16254357,-0.01229746,-2.08217788,3.17649913,0.29586560,0.10913242,0.00122106,-0.17856872,
7350,-2.19890308,2.10700440,3.89465213,6.00000000,0.15952149,-0.26264650,0.06067827,1.05627966,-0.11727601,0.07000000,0.00366300,-0.19738021,0.23999999,-0.23999999,-0.01229746,-2.33001447,2.97229576,1.05276370,0.08115465,0.00122106,-0.12106090,
7358,-1.54049766,0.15692703,-2.40808392,6.00000000,0.34321290,-0.41894531,0.37695476,1.18855071,-0.19562888,0.07000000,0.00366300,0.07415596,0.23999999,-0.23999999,-0.01229746,-0.13962634,-0.09424778,1.20745552,0.32147011,0.00122106,0.09211849,
7366,0.27311018,-1.50345182,-2.12197685,6.00000000,0.34804687,-0.41249999,0.33730134,0.95510691,-0.23762006,0.07000000,0.00366300,0.27510875,0.23999999,-0.23999999,-0.01229746,2.46615028,-3.35626817,0.97346485,0.19399530,0.00122106,0.29112983,
7374,0.13185227,-1.63633001,0.15730324,6.00000000,0.35610351,-0.42216796,0.07573034,0.61444676,-0.19540432,0.07000000,0.00366300,0.34051231,0.23999999,-0.23999999,-0.01229746,5.08239889,-6.22384405,0.62371230,0.18508446,0.00122106,0.47812450,
7382,2.61104822,-0.82589275,3.46968126,6.00000000,0.35932618,-0.42216796,-0.21854728,0.10174713,-0.08599194,0.07000000,0.00366300,0.48190030,0.23999999,-0.23999999,-0.01229746,7.42986679,-8.96226597,0.10369951,0.05205771,0.00122106,0.63433218,
7390,4.59224987,1.18882799,6.61446524,6.00000000,0.34804687,-0.42377931,-0.28259045,-0.45361796,0.00007359,0.07000000,0.00549451,0.52121574,0.20053481,-0.13222301,-0.01229746,9.47190189,-11.13520050,-0.44813985,-0.07574941,0.00122106,0.75647694,
7397,7.39346600,2.22192597,10.46673584,5.00000000,0.29970703,-0.23525390,-0.17896847,-1.19239426,0.00631011,0.07000000,0.00549451,0.42139661,-0.23999999,0.23999999,-0.01229746,11.09854889,-12.47561359,-1.18126166,-0.33053556,0.00122106,0.80893213,
7406,10.24376297,1.86518991,16.25471878,6.00000000,-0.32871094,0.39155275,0.17424494,-1.89759231,-0.00697105,0.07000000,0.00549451,0.19430554,-0.23999999,0.23999999,-0.01229746,9.24151802,-9.86809158,-1.87293816,-0.78962725,0.00122106,0.58787000,
7414,10.12764454,0.44423124,20.53136063,6.00000000,-0.33676758,0.39638671,0.04312733,-2.10346150,-0.09699575,0.07000000,0.00366300,-0.02885838,-0.23999999,0.23999999,-0.01229746,4.77172995,-4.66701031,-2.06448412,-1.09649575,0.00122106,0.20351833,
7422,2.03045416,-2.19058776,20.53136063,6.00000000,-0.34643555,0.43666992,0.17164497,-1.77051818,-0.12580934,0.07000000,0.00366300,-0.13508251,-0.23669800,0.21691528,-0.01229746,2.42251706,-1.98443925,-1.75487447,0.02975714,0.00122106,0.03667946,
7430,1.81737030,-1.56809533,15.35928726,6.00000000,-0.34482422,0.38671875,-0.36684880,-0.47243026,-0.08035637,0.07000000,0.00366300,-0.29237008,-0.23999999,0.23999999,-0.01229746,0.25830874,0.71907568,-0.46129298,-0.46202657,0.00122106,-0.05082796,
7438,-2.43233776,0.06235606,11.29273510,6.00000000,-0.35449219,0.42700195,-0.39372522,0.21821855,-0.08865357,0.07000000,0.00366300,-0.39179516,-0.11623763,0.06280471,-0.01229746,-1.35786617,2.63893771,0.21851078,-0.06107014,0.00122106,-0.13504103,
7446,-1.36691797,1.48331475,5.98000193,6.00000000,-0.17241211,0.12890625,-0.29439667,0.96874440,-0.13066813,0.07000000,0.00366300,-0.42165339,-0.13137856,0.07432545,-0.01229746,-2.61973929,3.98284125,0.96469319,-0.14940849,0.00122106,-0.17907621,
7454,-1.97863650,1.92504501,1.71353436,6.00000000,-0.19980469,0.12890625,0.03955265,1.41117799,-0.18880801,0.07000000,0.00366300,-0.28422487,0.23999999,-0.23999999,-0.01229746,-3.24107647,4.15737438,1.41595101,0.10550542,0.00122106,-0.17382503,
7462,-2.66337824,-0.27043799,2.67959476,6.00000000,0.32871094,-0.40283203,0.33620250,1.87161708,-0.23486543,0.07000000,0.00366300,-0.04439324,0.23999999,-0.23999999,-0.01229746,-1.81863308,1.94604206,1.88418496,0.28017038,0.00122106,-0.00205025,
7469,1.33254445,-1.51781702,-2.14472175,5.00000000,0.34643555,-0.41894531,0.39554173,1.82820094,-0.22923735,0.07000000,0.00366300,0.16967940,0.23999999,-0.23999999,-0.01229746,0.79063416,-1.35263014,1.85365891,0.09392524,0.00122106,0.22622262,
7478,2.19565415,-2.06369495,1.67522717,6.00000000,0.35449219,-0.43344727,-0.02341497,1.28795373,-0.16877203,0.07000000,0.00366300,0.41555887,0.23999999,-0.23999999,-0.01229746,3.08748746,-4.39299345,1.30413628,-0.01953142,0.00122106,0.38436538,
7486,3.56034899,-1.88891828,6.39539576,6.00000000,0.36738282,-0.43666992,-0.24599066,0.58640867,-0.07989722,0.07000000,0.00366300,0.55934310,0.23999999,-0.23608096,-0.01229746,5.23249674,-7.01796913,0.58337444,-0.04691291,0.00122106,0.50700003,
7494,5.72351027,1.01405120,10.18541718,6.00000000,0.36254883,-0.41411132,-0.47740567,-0.35032874,-0.06611160,0.07000000,0.00366300,0.64828384,0.17906590,-0.09280057,-0.01229746,7.17853880,-9.27991581,-0.34707296,-0.05980416,0.00122106,0.59703410,
7502,9.71584129,2.59422445,12.83220673,6.00000000,0.26586914,-0.17402343,0.06364565,-1.29178321,-0.10387014,0.07000000,0.00366300,0.68116343,-0.23999999,0.23999999,-0.01229746,8.26064301,-10.46673965,-1.27525914,-0.54799265,0.00122106,0.61741132,
7510,11.52466106,0.71597314,16.42590332,6.00000000,-0.32065430,0.38994139,0.10718309,-2.33219337,-0.25611180,0.07000000,0.00366300,0.48181668,-0.23999999,0.23999999,-0.01229746,6.45946360,-8.01978779,-2.30553269,-0.91317952,0.00122106,0.37604967,
7518,6.17122602,-0.55295378,20.53136063,6.00000000,-0.34965819,0.42216796,0.28962532,-2.51389170,-0.28648293,0.07000000,0.00549451,-0.09790730,-0.23999999,0.23999999,-0.01229746,4.49073172,-4.17133713,-2.47249413,-0.90456146,0.00122106,0.14433132,
7526,0.54126078,-1.88173568,20.40386963,6.00000000,-0.35771483,0.42377931,0.01063820,-1.14923227,-0.20498942,0.07000000,0.00549451,-0.27402982,-0.18512928,0.14647952,-0.01229746,2.00014734,-1.12224674,-1.12567949,-0.00298768,0.00122106,0.03327928,
7534,-0.94553852,-1.16946065,13.19373131,6.00000000,-0.28037110,0.26425782,-0.33000058,-0.24964252,-0.13186222,0.07000000,0.00366300,-0.43187171,-0.23999999,0.23999999,-0.01229746,0.40491641,1.00007367,-0.24304479,-0.20829496,0.00122106,-0.03989203,
7541,-1.15383399,0.49570656,5.67833233,5.00000000,-0.35932618,0.42055663,-0.31658158,0.45204985,-0.10354621,0.07000000,0.00366300,-0.61328483,-0.22402360,0.14050083,-0.01229746,-1.01229095,2.99673033,0.44897139,-0.16290611,0.00122106,-0.11627881,
7550,-2.42635226,1.43423367,3.88746953,6.00000000,-0.32387695,0.24653320,-0.32129675,1.21074915,-0.09788845,0.07000000,0.00366300,-0.52555883,-0.09087653,0.01983654,-0.01229746,-3.02291012,4.73333311,1.20744348,-0.13842154,0.00122106,-0.19998926,
7558,-2.99377799,2.42303896,2.72508454,6.00000000,-0.14501953,0.04350586,0.11156546,1.79333019,-0.16411006,0.07000000,0.00549451,-0.33874640,0.23999999,-0.23999999,-0.01229746,-4.04218245,5.15395689,1.79552186,0.15414239,0.00122106,-0.21287242,
7566,-1.94152641,0.10904299,1.70515466,6.00000000,0.32065430,-0.39638671,0.37044957,2.14146805,-0.24040489,0.07000000,0.00549451,-0.05798146,0.23999999,-0.23999999,-0.01229746,-2.63021111,2.82394290,2.16095376,0.27847472,0.00122106,-0.04015373,
7574,1.11347497,-1.90687478,-2.47990990,6.00000000,0.34160155,-0.41894531,0.36578631,2.14667106,-0.25257611,0.07000000,0.00549451,0.12268727,0.23999999,-0.23999999,-0.01229746,0.49916416,-0.84823000,2.24363637,0.11375022,0.00122106,0.22384147,
7582,2.93905377,-1.92961979,3.26737118,6.00000000,0.35610351,-0.42861328,0.00097466,1.54520059,-0.14865027,0.07000000,0.00549451,0.24323389,0.23999999,-0.23999999,-0.01229746,2.93564367,-3.66170073,1.56281555,-0.08865465,0.00122106,0.37264943,
7590,3.67048240,-1.80990970,7.98873711,6.00000000,0.35610351,-0.42539063,-0.34319621,0.74884272,-0.04441306,0.07000000,0.00549451,0.34660488,0.23999999,-0.23303366,-0.01229746,5.04574680,-6.18370152,0.74744731,-0.07279161,0.00122106,0.48425734,
7598,6.67759991,1.74667692,11.43519020,6.00000000,0.35288087,-0.42377931,-0.53726757,-0.25153095,-0.00199538,0.07000000,0.00549451,0.47216645,-0.03173697,0.09389022,-0.01229746,6.94990110,-8.45786572,-0.24908006,-0.20640174,0.00122106,0.56623679,
7606,11.29721165,1.91307402,12.82741833,6.00000000,-0.00805664,0.15468749,-0.00137689,-1.29340112,-0.06484947,0.07000000,0.00549451,0.43711829,-0.23999999,0.23999999,-0.01229746,6.48564339,-7.92030382,-1.28192866,-0.75335121,0.00122106,0.44903547,
7614,9.46564770,1.26065397,20.53136063,6.00000000,-0.33515626,0.14985351,0.08417375,-2.23434830,-0.21635821,0.07000000,0.00549451,0.91362178,-0.23999999,0.23999999,-0.01229746,4.15039301,-7.03542233,-2.20503640,-0.89894164,0.00122106,0.25449371,
7622,0.22402903,-1.74167490,20.53136063,6.00000000,-0.35932618,0.42861328,0.51008445,-1.93757534,-0.24068584,0.07000000,0.00549451,-0.25054610,-0.23999999,0.23999999,-0.01229746,2.58483267,-1.74358392,-1.90795958,-0.79229283,0.00122106,0.01740602,
7630,2.57034659,-2.24326015,16.96459961,6.00000000,-0.35126954,0.41733399,-0.19357421,-0.60848922,-0.21113148,0.07000000,0.00366300,-0.37852561,-0.23999999,0.23999999,-0.01229746,0.19373155,1.03672564,-0.58900297,-0.37528539,0.00122106,-0.07532934,
7638,-1.32023108,-0.04777721,11.31787491,6.00000000,-0.35610351,0.43022460,-0.33088008,0.08627507,-0.14643131,0.07000000,0.00366300,-0.57924509,-0.23999999,0.23999999,-0.01229746,-1.56556034,3.47320533,0.08715296,-0.18984117,0.00122106,-0.18822581,
7646,-1.54289186,0.98172951,4.98999929,6.00000000,-0.34643555,0.42216796,-0.41283375,0.97052032,-0.18845904,0.07000000,0.00549451,-0.71855766,-0.23999999,0.22692771,-0.01229746,-3.60585046,5.96902609,0.96639228,-0.24026677,0.00122106,-0.28844306,
7654,-2.71605062,2.71991992,3.11533952,6.00000000,-0.34965819,0.41733399,-0.14161307,1.58992255,-0.19319615,0.07000000,0.00549451,-0.96379328,-0.05978796,-0.07048922,-0.01229746,-5.56410933,8.65683270,1.58405232,-0.07005444,0.00122106,-0.42361888,
7662,-3.34093738,1.18523669,1.87753713,6.00000000,-0.08862305,-0.10957031,0.14778152,2.26328087,-0.28606322,0.07000000,0.00549451,-0.72086424,0.23999999,-0.23999999,-0.01229746,-6.68635654,9.00938988,2.27182579,0.14703478,0.00122106,-0.42796573,
7670,-1.90202212,0.39993849,0.08068880,6.00000000,0.33354491,-0.40122071,0.40837702,2.58079219,-0.36248744,0.07000000,0.00549451,-0.31690177,0.23999999,-0.23999999,-0.01229746,-4.91833782,5.93237400,2.60739398,0.37964088,0.00122106,-0.21470183,
7678,0.35810432,-2.48268032,-0.25330234,6.00000000,0.33354491,-0.41733399,0.46269757,2.49763536,-0.33800471,0.07000000,0.00366300,-0.18403453,0.23999999,-0.23999999,-0.01229746,-1.38055539,1.96524072,2.53895569,0.27598208,0.00122106,0.07075681,
7685,2.12023687,-3.44514942,2.43059778,5.00000000,0.34643555,-0.42861328,0.03871538,2.03325129,-0.26213625,0.07000000,0.00366300,-0.06775105,0.23999999,-0.23999999,-0.01229746,1.23394775,-1.03847086,2.06212115,-0.00353581,0.00122106,0.24280573,
7694,4.03320408,-2.83582520,7.40215778,6.00000000,0.36254883,-0.41894531,-0.52017301,1.13408244,-0.15004809,0.07000000,0.00366300,0.07606280,0.07139349,-0.06181246,-0.01229746,3.38070273,-3.62504888,1.10247910,-0.21231732,0.00122106,0.35233486,
7702,7.41261959,3.25143266,14.88284111,6.00000000,0.11601563,-0.11923828,-0.68898112,0.14037979,-0.08775532,0.07000000,0.00549451,0.14084285,-0.23999999,0.23999999,-0.01229746,4.27256584,-4.71413422,0.13422531,-0.37932372,0.00122106,0.35100320,
7710,10.02469349,2.25664186,18.06832695,6.00000000,-0.33193359,0.38994139,-0.01706670,-0.77645499,-0.17125067,0.07000000,0.00549451,-0.16459581,-0.23999999,0.23999999,-0.01229746,2.66686320,-2.18340683,-0.77475744,-0.87144303,0.00122106,0.12296537,
7718,1.58393562,0.63935870,20.53136063,6.00000000,-0.35771483,0.42377931,0.54363036,-1.13054824,-0.26491576,0.07000000,0.00549451,-0.34259140,-0.23999999,0.19834375,-0.01229746,0.94771379,0.08552113,-1.12312555,-0.01794809,0.00122106,-0.04958268,
7726,2.77026248,-3.49063921,19.42224693,6.00000000,-0.36577147,0.35771483,0.04566340,-0.39569223,-0.32236373,0.07000000,0.00549451,-0.39990345,-0.23999999,0.23999999,-0.01229746,-1.24965572,2.52374625,-0.37398380,-0.49119273,0.00122106,-0.17241818,
7734,-0.78871828,0.61062825,16.00452423,6.00000000,-0.35932618,0.41572267,-0.34717026,0.13516790,-0.24155013,0.07000000,0.00366300,-0.67560273,-0.23999999,0.23999999,-0.01229746,-2.44171548,4.60941458,0.13603866,-0.18475291,0.00122106,-0.25756067,
7742,-2.17136979,-0.47753641,9.60123158,6.00000000,-0.35610351,0.42539063,-0.05338591,0.82625651,-0.18208264,0.07000000,0.00366300,-0.84740579,-0.14107403,0.02639835,-0.01229746,-4.12944889,6.92721176,0.83009654,-0.06150194,0.00122106,-0.35940462,
7750,-1.95589161,2.37276077,4.30525780,6.00000000,-0.21914062,0.05961914,-0.14695144,1.48948491,-0.24714984,0.07000000,0.00549451,-0.70034766,-0.05957191,-0.03494823,-0.01229746,-5.55363798,7.83129263,1.47977829,-0.07870489,0.00122106,-0.39611611,
7757,-2.06961608,2.06271148,0.47453499,5.00000000,-0.10151367,-0.04189453,0.26500097,1.98218524,-0.23576203,0.07000000,0.00549451,-0.29583812,0.23999999,-0.23999999,-0.01229746,-6.01789522,6.96735477,1.99067616,0.21505234,0.00122106,-0.34049863,
7766,-2.15341330,1.10024250,-0.78720933,6.00000000,0.32387695,-0.41249999,0.39054835,2.32959199,-0.32563606,0.07000000,0.00549451,0.03456649,0.23999999,-0.23999999,-0.01229746,-4.04043722,3.90779209,2.35549712,0.35007194,0.00122106,-0.12253869,
7774,-0.32663736,-0.51344943,-3.45913839,6.00000000,0.33837891,-0.42539063,0.57267159,2.21620345,-0.28594118,0.07000000,0.00366300,0.17900307,0.23999999,-0.23999999,-0.01229746,-0.79412478,0.20594886,2.25850368,0.24942149,0.00122106,0.13008922,
7782,0.20846672,-1.39092433,1.01682162,6.00000000,0.33999023,-0.42539063,0.15054196,1.77912378,-0.22876447,0.07000000,0.00366300,0.16329357,0.23999999,-0.23999999,-0.01229746,1.91462612,-2.47662210,1.80319774,0.18596774,0.00122106,0.30047467,
7790,1.34571254,-2.76040769,5.37307167,6.00000000,0.36093751,-0.43989259,-0.27644438,1.19147253,-0.04900298,0.07000000,0.00366300,0.19500014,0.23999999,-0.23999999,-0.01229746,4.35634184,-4.99164152,1.19711399,0.13479546,0.00122106,0.44627625,
7798,4.43543005,-0.73850441,8.65552235,6.00000000,0.36577147,-0.43666992,-0.57833356,0.40469664,0.12791091,0.07000000,0.00366300,0.20075057,0.21668257,-0.19087310,-0.01229746,6.34252644,-6.97782612,0.40582669,-0.08630027,0.00122106,0.54138464,
7806,7.56105995,5.20749569,18.81651497,6.00000000,0.32387695,-0.34482422,-0.47993755,-0.58620000,0.20808248,0.07000000,0.00366300,0.18576357,-0.23999999,0.23999999,-0.01229746,7.81732941,-8.41597748,-0.58077741,-0.32655561,0.00122106,0.57514071,
7814,13.66268349,2.03996658,20.11895943,6.00000000,-0.32226563,0.38671875,-0.05735219,-1.98844564,0.08289348,0.07000000,0.00366300,0.30839717,-0.23999999,0.23999999,-0.01229746,5.59727097,-6.62177896,-1.97167075,-1.01820910,0.00122106,0.31340304,
7822,6.26100874,1.66886544,20.53136063,6.00000000,-0.34965819,0.43022460,0.41348705,-2.85620809,-0.12578294,0.07000000,0.00366300,0.01766184,-0.23999999,0.23999999,-0.01229746,2.78205466,-2.85012269,-2.81918168,-0.73597723,0.00122106,-0.00082958,
7829,-3.07278681,-4.36332560,20.53136063,5.00000000,-0.35449219,0.41572267,0.26701665,-2.07449627,-0.24356654,0.07000000,0.00366300,-0.05138377,-0.08504345,0.07685567,-0.01229746,0.65275317,-0.47996554,-2.04841304,0.21964025,0.00122106,-0.11326133,
7838,-1.60274684,1.10742509,15.58793354,6.00000000,-0.13857421,0.14018555,-0.18777855,-1.27919817,-0.13830197,0.07000000,0.00366300,-0.48613018,-0.23999999,0.23999999,-0.01229746,0.09948377,1.44338727,-1.26568222,-0.10571738,0.00122106,-0.14681369,
7846,-0.51937062,0.03362564,2.98605251,6.00000000,-0.34643555,0.41894531,-0.03345532,-0.80309695,-0.02418124,0.07000000,0.00366300,-0.65971822,-0.23999999,0.23999999,-0.01229746,-1.56381500,3.66693687,-0.81501848,-0.05533995,0.00122106,-0.26515961,
7854,-5.04800320,1.11700189,5.71544266,6.00000000,-0.35288087,0.43505859,-0.18924278,-0.21247207,0.04516302,0.07000000,0.00366300,-0.67606127,-0.06434862,-0.02748867,-0.01229746,-3.35801339,5.59203482,-0.22203088,0.11632292,0.00122106,-0.35885775,
7862,-4.02089071,2.16207099,-0.01627637,6.00000000,-0.09184571,-0.03867187,-0.02188721,0.66298181,-0.03197369,0.07000000,0.00366300,-0.62265581,0.22139090,-0.23999999,-0.01229746,-4.50993061,6.54673004,0.64840895,0.21693239,0.00122106,-0.37182426,
7870,-2.54606223,0.92666286,-1.87657106,6.00000000,0.29648438,-0.40283203,0.25170559,1.11304164,-0.11722652,0.07000000,0.00366300,-0.23790348,0.23999999,-0.23999999,-0.01229746,-3.02291012,3.79434562,1.11947703,0.39511257,0.00122106,-0.16648953,
7878,0.32578260,-0.76843190,-4.02536726,6.00000000,0.34482422,-0.42216796,0.42527607,1.15229571,-0.19882976,0.07000000,0.00366300,-0.04768926,0.23999999,-0.23999999,-0.01229746,0.07504916,0.05934120,1.17477381,0.30997214,0.00122106,0.09010084,
7886,0.86806929,-2.32825422,0.31532055,6.00000000,0.34321290,-0.42539063,0.13217616,0.75975388,-0.07555716,0.07000000,0.00366300,-0.01159048,0.23999999,-0.23999999,-0.01229746,2.55167127,-2.50280213,0.81333756,0.14853370,0.00122106,0.25415942,
7894,3.03841305,-2.07207465,4.83078480,6.00000000,0.35932618,-0.44311523,-0.20546402,0.12522379,0.05002183,0.07000000,0.00366300,-0.01537663,0.06997149,-0.07335848,-0.01229746,4.86423302,-4.86772299,0.12144101,-0.09585772,0.00122106,0.38080847,
7901,5.24826145,-1.04376507,8.32392502,5.00000000,0.11923828,-0.15307617,-0.48894873,-0.59850150,0.18356903,0.07000000,0.00366300,0.03671982,-0.23999999,0.23999999,-0.01229746,5.69326401,-5.80845547,-0.59825915,-0.32082251,0.00122106,0.39392316,
7910,9.51233482,4.02595711,19.56709671,6.00000000,-0.33515626,0.38994139,-0.06237345,-1.48396516,0.17361003,0.07000000,0.00366300,-0.47196966,-0.23999999,0.23999999,-0.01229746,4.29350996,-2.76983738,-1.47113514,-0.79309237,0.00122106,0.15711617,
7918,-2.47902465,-2.03735876,20.53136063,6.00000000,-0.34482422,0.43183595,0.22988716,-1.66956329,0.18923834,0.07000000,0.00366300,-0.23169850,-0.21765876,0.18487316,-0.01229746,1.93731546,-1.23045707,-1.64765000,0.04933941,0.00122106,-0.00849994,
7926,4.52281809,0.34487188,20.53136063,6.00000000,-0.32548827,0.31904298,-0.37176779,-1.04274988,-0.09651516,0.07000000,0.00366300,-0.14455098,-0.23999999,0.23999999,-0.01229746,-0.91804314,1.38579142,-1.02383161,-0.78029865,0.00122106,-0.16758195,
7934,-0.39487210,1.67963934,16.78982162,6.00000000,-0.35288087,0.44150391,-0.06074494,-0.83367491,-0.06451696,0.07000000,0.00366300,-0.48330027,-0.23999999,0.19020802,-0.01229746,-2.08043242,3.67391801,-0.82887119,0.01765984,0.00122106,-0.27903759,
7942,-3.15778089,-0.28480318,11.28196144,6.00000000,-0.35932618,0.34643555,0.13816097,0.03517469,-0.23942749,0.07000000,0.00366300,-0.30982834,0.03755528,-0.07947175,-0.01229746,-3.89557481,4.89390326,0.03859413,0.13110280,0.00122106,-0.33165747,
7950,-2.76752591,2.01602459,4.13407230,6.00000000,0.03867187,-0.12407227,0.11371943,0.81332177,-0.23810637,0.07000000,0.00366300,-0.16495389,0.23999999,-0.23999999,-0.01229746,-4.25162220,4.77871132,0.80846786,0.16209544,0.00122106,-0.28235590,
7958,-1.15383399,1.44500756,-3.13951254,6.00000000,0.33999023,-0.40927735,0.41231999,1.19848251,-0.28217536,0.07000000,0.00366300,0.01881632,0.23999999,-0.23999999,-0.01229746,-2.34572244,2.28289080,1.21116912,0.26050025,0.00122106,-0.08453809,
7966,-0.57683146,-0.02144100,-3.90805125,6.00000000,0.34804687,-0.42216796,0.48941779,0.93633276,-0.20351677,0.07000000,0.00366300,0.18333808,0.23999999,-0.23999999,-0.01229746,0.81332338,-1.38404620,0.96103710,0.26730910,0.00122106,0.15972915,
7973,-1.44712377,-1.87096179,-1.13676274,5.00000000,0.34321290,-0.42055663,0.24777101,0.62615478,-0.23582715,0.07000000,0.00366300,0.24170110,0.23999999,-0.23999999,-0.01229746,3.39641094,-4.17482758,0.63751811,0.33116716,0.00122106,0.33637601,
7982,0.50893903,-2.91962218,0.46974656,6.00000000,0.34482422,-0.42700195,0.03297292,0.32267156,-0.07902634,0.07000000,0.00366300,0.26226175,0.23999999,-0.23999999,-0.01229746,5.94982719,-6.84692621,0.32390684,0.19629294,0.00122106,0.51097345,
7990,3.26227093,-1.77519369,3.35954809,6.00000000,0.35771483,-0.42700195,-0.47027966,-0.24109903,0.04715754,0.07000000,0.00366300,0.17412505,0.23999999,-0.23999999,-0.01229746,8.37059879,-8.93783092,-0.24252379,0.02766621,0.00122106,0.63987315,
7998,5.06630182,0.36641967,8.26526737,6.00000000,0.34482422,-0.43666992,-0.62380540,-0.98729485,0.25472498,0.07000000,0.00366300,0.20455977,-0.03993976,0.06518495,-0.01229746,10.34456635,-10.99208355,-0.98706758,-0.16130447,0.00122106,0.73641557,
8006,8.66478729,4.51557112,17.63138390,6.00000000,-0.04511719,0.08862305,-0.45931214,-1.93106818,0.20650135,0.07000000,0.00366300,0.05499917,-0.23999999,0.23999999,-0.01229746,10.44055939,-10.61683750,-1.90751052,-0.41303188,0.00122106,0.65620589,
8014,12.62958527,1.12059319,20.53136063,6.00000000,-0.31582031,0.40444335,-0.07323271,-3.15140295,0.12722872,0.07000000,0.00366300,-0.18976736,-0.23999999,0.23999999,-0.01229746,6.55196571,-5.90968513,-3.10814071,-1.22293806,0.00122106,0.23869398,
8022,0.91834754,1.89272332,20.53136063,6.00000000,-0.34482422,0.44472656,0.50235760,-3.76529431,0.03677311,0.07000000,0.00366300,-0.23273982,-0.23999999,0.23999999,-0.01229746,4.93055534,-4.16086483,-3.75142574,0.19237387,0.00122106,0.05504495,
8030,3.50647950,-3.68816090,19.02600670,6.00000000,-0.35610351,0.40444335,-0.23724183,-2.40608454,-0.15413707,0.07000000,0.00366300,-0.24145009,-0.23999999,0.23999999,-0.01229746,2.12057495,-1.27583563,-2.35962963,-0.71304691,0.00122106,-0.05126933,
8038,-2.44670296,0.90631217,15.26950455,6.00000000,-0.35126954,0.43828124,-0.11198781,-1.91197324,-0.10461052,0.07000000,0.00366300,-0.52433163,-0.23999999,0.23999999,-0.01229746,0.22514747,1.45385933,-1.90425253,0.07832927,0.00122106,-0.19341004,
8045,-3.78745580,-0.74089861,7.36265326,5.00000000,-0.36093751,0.43022460,-0.22166193,-0.73895288,-0.17755541,0.07000000,0.00366300,-0.41588047,-0.14778906,0.09085377,-0.01229746,-1.70693207,3.05781674,-0.74149454,0.06794174,0.00122106,-0.23407930,
8054,-3.70485592,1.32529747,3.19315100,6.00000000,-0.21591797,0.18208008,-0.23494244,0.18761823,-0.23311615,0.07000000,0.00366300,-0.31849295,0.05142197,-0.09460030,-0.01229746,-3.15206480,4.17482758,0.17663646,0.10378043,0.00122106,-0.26642945,
8062,-3.75034571,1.68083644,-1.37259161,6.00000000,0.05961914,-0.16274413,-0.07127514,0.95812905,-0.35372689,0.07000000,0.00366300,-0.07760426,0.23999999,-0.23999999,-0.01229746,-3.14857388,3.37372160,0.95627642,0.29225624,0.00122106,-0.17579640,
8070,-1.47585416,-0.25128436,-3.36097622,6.00000000,0.33999023,-0.40283203,0.30503103,1.21510291,-0.38404423,0.07000000,0.00366300,0.09883106,0.23999999,-0.23999999,-0.01229746,-0.85870200,0.56548673,1.23253536,0.30430400,0.00122106,0.04219908,
8078,-0.29192144,-0.57689577,-2.92403436,6.00000000,0.34965819,-0.42861328,0.40906256,1.04794014,-0.43974116,0.07000000,0.00366300,0.33179572,0.23999999,-0.23999999,-0.01229746,1.72613060,-2.82917881,1.07031059,0.24173850,0.00122106,0.25551754,
8086,1.89637887,-2.90046859,0.98809123,6.00000000,0.34643555,-0.42055663,0.11454067,0.59193462,-0.34942174,0.07000000,0.00366300,0.36270228,0.23999999,-0.23999999,-0.01229746,4.15737438,-5.36165190,0.59659457,0.04532838,0.00122106,0.40812498,
8094,4.00926208,-2.34980226,4.74219942,6.00000000,0.35126954,-0.43666992,-0.24385139,-0.13348544,-0.23402394,0.07000000,0.00366300,0.31241223,0.11535726,-0.07454552,-0.01229746,6.43502903,-7.46302795,-0.13721526,-0.09055661,0.00122106,0.51832747,
8102,7.67598200,-0.15551630,9.45279121,6.00000000,0.17885742,-0.14501953,-0.47882789,-1.10040069,-0.02632109,0.07000000,0.00366300,0.14711885,-0.23999999,0.23999999,-0.01229746,7.67770338,-8.16115952,-1.10025346,-0.35650638,0.00122106,0.51984423,
8110,13.21376991,3.20713997,18.49209976,6.00000000,-0.33032227,0.39638671,-0.06952613,-2.00747991,-0.01696812,0.07000000,0.00549451,-0.30547482,-0.23999999,0.23999999,-0.01229746,5.77704000,-4.76474905,-1.98049331,-1.12940335,0.00122106,0.24913156,
8117,5.40987015,0.35325158,20.53136063,5.00000000,-0.35126954,0.43505859,0.02172421,-2.74507093,0.06298634,0.07000000,0.00549451,-0.56013769,-0.23999999,0.23999999,-0.01229746,4.43662691,-2.62148452,-2.71869421,-0.45993495,0.00122106,0.06290670,
8126,5.09383535,-1.75005460,20.53136063,6.00000000,-0.34804687,0.42055663,-0.27707782,-1.58112800,-0.13857383,0.07000000,0.00549451,-0.34368432,-0.23999999,0.23999999,-0.01229746,0.92851520,0.18849556,-1.53237224,-0.71637452,0.00122106,-0.09164661,
8134,0.55203468,1.70358133,17.09747696,6.00000000,-0.35932618,0.42861328,-0.28601056,-1.21498263,-0.17858478,0.07000000,0.00549451,-0.71178168,-0.23999999,0.23999999,-0.01229746,-0.60562927,2.92342639,-1.20555067,-0.24461028,0.00122106,-0.22527617,
8142,-2.26713777,-0.49669003,10.80072689,6.00000000,-0.35126954,0.43022460,-0.01516986,-0.17588827,-0.34472027,0.07000000,0.00549451,-0.59241718,-0.22597617,0.14508963,-0.01229746,-2.34397721,4.25511265,-0.17090380,-0.04129562,0.00122106,-0.26441023,
8150,-2.15221620,2.05552888,5.18632412,6.00000000,-0.33999023,0.26425782,-0.12825729,0.54751956,-0.41827685,0.07000000,0.00366300,-0.40559292,-0.11915861,0.06445041,-0.01229746,-4.34587002,5.65486670,0.53639114,-0.03765859,0.00122106,-0.33833924,
8158,-3.36128807,1.31691778,2.10378933,6.00000000,-0.18691406,0.12246094,0.04917004,1.34377742,-0.51407361,0.07000000,0.00366300,-0.11476097,0.23999999,-0.23999999,-0.01229746,-5.70199108,6.05280161,1.34502316,0.19595262,0.00122106,-0.34644407,
8166,-1.66499615,0.57232100,-0.38737765,6.00000000,0.31904298,-0.40766603,0.16792212,1.78325498,-0.52850300,0.07000000,0.00366300,0.11670113,0.23999999,-0.23999999,-0.01229746,-4.47676945,4.17133713,1.80106950,0.17087266,0.00122106,-0.19430633,
8174,-0.00222303,0.10784589,-4.24922514,6.00000000,0.33999023,-0.41733399,0.39670235,1.82219338,-0.59885335,0.07000000,0.00366300,0.16481321,0.23999999,-0.23999999,-0.01229746,-1.00181901,0.44156829,1.85818124,0.15803292,0.00122106,0.08994803,
8182,0.45147818,-1.58126342,-0.09408793,6.00000000,0.33999023,-0.43022460,0.15706873,1.44675875,-0.41625693,0.07000000,0.00366300,0.21680032,0.23999999,-0.23999999,-0.01229746,1.71565866,-2.39982772,1.46944273,0.13616872,0.00122106,0.26860142,
8189,2.43746853,-4.28910542,4.18315363,5.00000000,0.34804687,-0.42539063,-0.27293691,0.75210732,-0.41073054,0.07000000,0.00366300,0.24934930,0.23999999,-0.23999999,-0.01229746,4.08407068,-4.83630753,0.75421530,0.04139075,0.00122106,0.39775488,
8198,4.76104116,-1.79913580,6.34511757,6.00000000,0.35449219,-0.43505859,-0.61065245,-0.00479217,-0.23651527,0.07000000,0.00366300,0.26595676,0.13186535,-0.09731478,-0.01229746,6.35823441,-7.18202972,-0.00489223,-0.09241112,0.00122106,0.51733899,
8206,8.61211491,4.00919771,13.16739559,6.00000000,0.20141602,-0.18691406,-0.75956702,-1.01190245,-0.14416003,0.07000000,0.00366300,0.12405826,-0.23999999,0.23999999,-0.01229746,7.66897678,-8.07389355,-1.00100923,-0.35692835,0.00122106,0.52253932,
8214,13.69620228,1.97771740,15.71841717,6.00000000,-0.32871094,0.40444335,-0.04342354,-2.16002727,-0.21496572,0.07000000,0.00366300,0.06511379,-0.23999999,0.23999999,-0.01229746,5.23424244,-5.46288061,-2.14127731,-1.22640967,0.00122106,0.24196422,
8222,5.85519123,2.85519242,20.53136063,6.00000000,-0.35449219,0.42700195,0.29762912,-2.84267187,-0.34771815,0.07000000,0.00366300,-0.48294902,-0.23999999,0.23999999,-0.01229746,3.86241364,-2.31605196,-2.81835961,-0.30748773,0.00122106,0.01874045,
8230,2.33571482,-4.30825901,20.53136063,6.00000000,-0.35126954,0.42539063,0.30280891,-1.73209047,-0.40209624,0.07000000,0.00366300,-0.47519711,-0.23999999,0.23999999,-0.01229746,1.23918378,0.30368727,-1.67597687,-0.29932401,0.00122106,-0.08934963,
8238,1.67491531,-0.67026967,14.97022915,6.00000000,-0.35771483,0.41733399,-0.31791916,-1.11726046,-0.29697412,0.07000000,0.00549451,-0.76710725,-0.23999999,0.23999999,-0.01229746,-0.83601272,3.33008838,-1.10190392,-0.44308582,0.00122106,-0.24345714,
8246,-2.46944785,-0.92405504,10.84142876,6.00000000,-0.35126954,0.42861328,-0.35808197,-0.18687306,-0.26915881,0.07000000,0.00549451,-0.83917367,-0.23999999,0.23999999,-0.01229746,-2.38411975,5.07192707,-0.17973548,-0.24058935,0.00122106,-0.29473621,
8254,-2.13066840,1.76463342,5.22941971,6.00000000,-0.35771483,0.42055663,-0.58479941,0.60828477,-0.31103691,0.07000000,0.00366300,-0.81022447,-0.23999999,0.23999999,-0.01229746,-4.56927156,7.19948339,0.59539485,-0.33560339,0.00122106,-0.40689257,
8261,-2.90998101,2.93539810,2.78733373,5.00000000,-0.35449219,0.42700195,-0.32352877,1.27750671,-0.37346250,0.07000000,0.00366300,-1.00035775,-0.23999999,0.16059759,-0.01229746,-6.44201040,9.62549114,1.26673627,-0.17147683,0.00122106,-0.51364768,
8270,-2.12228870,1.32290328,1.74705315,6.00000000,-0.35288087,0.29326171,-0.04189095,2.02688575,-0.47503659,0.07000000,0.00366300,-0.86777496,-0.03505796,-0.08125456,-0.01229746,-8.78249741,11.54186249,2.03192258,-0.05119296,0.00122106,-0.61769593,
8278,-3.34931707,0.66808909,3.53911304,6.00000000,-0.07089844,-0.11601563,0.28807715,2.55072856,-0.51290697,0.07000000,0.00549451,-0.48101449,0.23999999,-0.23999999,-0.01229746,-9.51029968,11.06538773,2.56381369,0.25014389,0.00122106,-0.58806169,
8286,-0.02377084,-1.88532698,1.66924167,6.00000000,0.33193359,-0.41088867,0.30323848,2.87340951,-0.54711956,0.07000000,0.00549451,-0.29524788,0.23999999,-0.23999999,-0.01229746,-7.26231527,8.22050095,2.90702701,0.13200897,0.00122106,-0.36805969,
8294,-0.52056772,-0.62477982,4.86310673,6.00000000,0.34160155,-0.41249999,0.50192839,2.72784376,-0.39087480,0.07000000,0.00549451,-0.46365529,0.23999999,-0.23999999,-0.01229746,-3.15555525,4.64955711,2.74920154,0.31675798,0.00122106,-0.09206006,
8302,3.71238089,-4.60633707,6.48398113,6.00000000,0.34160155,-0.42539063,0.19031376,2.11953306,-0.27472058,0.07000000,0.00549451,-0.23960334,0.23999999,-0.23999999,-0.01229746,-0.41713369,1.18856919,2.14698482,-0.10319996,0.00122106,0.10819197,
8310,5.20636272,-2.86814690,10.18661404,6.00000000,0.35771483,-0.42861328,-0.49432826,1.01758325,-0.11917561,0.07000000,0.00549451,-0.14306986,-0.23999999,0.23999999,-0.01229746,1.98443925,-1.53588974,1.01712763,-0.39943263,0.00122106,0.21146393,
8318,9.29685593,2.58943605,14.91037369,6.00000000,-0.32709962,0.39155275,-0.38980404,-0.06475855,-0.04503313,0.07000000,0.00549451,-0.21062803,-0.23999999,0.23999999,-0.01229746,1.15366256,-0.45902157,-0.07862949,-0.68802905,0.00122106,0.05557853,
8326,3.71357799,2.15249419,20.53136063,6.00000000,-0.36093751,0.44311523,-0.18763945,-0.97448456,-0.00688906,0.07000000,0.00549451,-0.62416601,-0.23999999,0.23999999,-0.01229746,-0.18325958,2.22005868,-0.97557014,-0.47735459,0.00122106,-0.17063403,
8333,2.90314078,-1.48070693,20.34281731,5.00000000,-0.33837891,0.42700195,0.31030750,-0.46855384,-0.04817891,0.07000000,0.00549451,-0.57014596,-0.23999999,0.23999999,-0.01229746,-2.35270381,4.15737438,-0.44792467,-0.31553262,0.00122106,-0.28444043,
8342,0.41795936,-0.30036551,15.84171867,6.00000000,-0.36577147,0.42539063,-0.15425667,-0.18530996,-0.14096238,0.07000000,0.00549451,-0.78702438,-0.23999999,0.23999999,-0.01229746,-3.87637639,6.34252644,-0.18014145,-0.30160058,0.00122106,-0.40593410,
8350,-1.31544268,2.09503341,12.01339054,6.00000000,-0.36093751,0.43505859,0.09151977,0.58472633,-0.23095119,0.07000000,0.00366300,-0.94135118,-0.23999999,0.14897674,-0.01229746,-5.44019127,8.48753548,0.57434130,-0.08199877,0.00122106,-0.48941350,
8358,-2.23960447,0.70400214,6.92451429,6.00000000,-0.36416015,0.26748046,0.26420876,1.23983991,-0.27558538,0.07000000,0.00366300,-0.86134064,0.08421373,-0.20012897,-0.01229746,-7.32863760,10.14908981,1.23962736,0.11788364,0.00122106,-0.56820023,
8366,-3.25354886,1.27262497,3.52833915,6.00000000,0.11601563,-0.33999023,0.28775316,1.93711698,-0.26389033,0.07000000,0.00366300,-0.43257928,0.23999999,-0.23999999,-0.01229746,-7.33561850,8.74235439,1.93797493,0.30493027,0.00122106,-0.46567324,
8374,0.20726962,1.47613215,-3.92481065,6.00000000,0.34321290,-0.41088867,0.46511859,2.08678246,-0.28523323,0.07000000,0.00366300,0.01011178,0.23999999,-0.23999999,-0.01229746,-5.03876591,5.04051065,2.11885118,0.31765246,0.00122106,-0.21921413,
8382,-0.58999956,-0.36022052,-2.01304054,6.00000000,0.33354491,-0.41088867,0.37924567,1.76503479,-0.20519996,0.07000000,0.00549451,0.22274190,0.23999999,-0.23999999,-0.01229746,-1.75231063,1.01054561,1.79948163,0.28713384,0.00122106,0.03878343,
8390,-0.15066352,-3.09918737,0.89830869,6.00000000,0.34160155,-0.41411132,0.03190924,1.28923917,-0.13648638,0.07000000,0.00549451,0.27883026,0.23999999,-0.23999999,-0.01229746,1.35612082,-2.24623871,1.30466211,0.24604519,0.00122106,0.23536140,
8398,1.75033259,-1.96672988,3.02316260,6.00000000,0.35288087,-0.42377931,-0.43011841,0.80795306,-0.02981812,0.07000000,0.00366300,0.30957264,0.23999999,-0.23999999,-0.01229746,3.77863789,-4.80140066,0.81482887,0.18510167,0.00122106,0.38777134,
8405,3.51366210,0.36402547,6.42053509,5.00000000,0.35288087,-0.42539063,-0.70185721,0.21876876,0.11530384,0.07000000,0.00366300,0.46118042,0.23999999,-0.23999999,-0.01229746,5.61996031,-7.10523558,0.22333372,0.10072538,0.00122106,0.50116187,
8414,7.81005716,5.61450958,16.39717293,6.00000000,0.37543947,-0.43344727,-0.44070598,-0.78316528,0.04463528,0.07000000,0.00366300,0.63592845,-0.14559335,0.23002051,-0.01229746,7.40717745,-9.47364712,-0.76241839,-0.23809573,0.00122106,0.58100313,
8422,12.99230671,2.83843303,17.82052612,6.00000000,-0.18530273,0.38510743,0.24071738,-2.19721746,-0.16206342,0.07000000,0.00366300,0.59763646,-0.23999999,0.23999999,-0.01229746,5.94459152,-7.84700060,-2.16517234,-0.87970352,0.00122106,0.35995960,
8430,9.15081024,0.37120807,20.53136063,6.00000000,-0.33676758,0.40283203,0.59624809,-3.01229429,-0.35888585,0.07000000,0.00366300,-0.01227790,-0.23999999,0.23999999,-0.01229746,2.40680885,-2.38411975,-2.95746469,-1.26330471,0.00122106,-0.03415865,
8438,-2.69569993,-5.00377464,20.53136063,6.00000000,-0.35610351,0.43989259,0.61113209,-3.00901413,-0.25742233,0.07000000,0.00366300,-0.35360798,0.23999999,-0.23999999,-0.01229746,1.16413450,-0.05410520,-3.01581693,0.75673652,0.00122106,-0.18969207,
8446,3.23473763,-1.18382597,15.79144001,6.00000000,0.31904298,-0.41088867,-0.27045649,-1.64820135,-0.07773800,0.07000000,0.00366300,-0.46028721,-0.23999999,0.23999999,-0.01229746,1.88146496,-0.41364303,-1.65778422,-0.83764040,0.00122106,-0.04056196,
8454,4.16847610,-1.00066948,2.93098593,6.00000000,-0.33515626,0.41411132,-0.08369450,-2.02666998,0.14315863,0.07000000,0.00366300,-0.46908388,-0.23999999,0.23999999,-0.01229746,0.99832833,0.51312679,-2.03109884,-0.67578167,0.00122106,-0.13946062,
8462,-2.77231431,2.49606204,7.05739260,6.00000000,-0.36093751,0.41733399,-0.55302525,-1.65921903,0.06881806,0.07000000,0.00366300,-0.56622320,-0.23999999,0.23999999,-0.01229746,-1.17809725,3.00720239,-1.67670822,-0.28671685,0.00122106,-0.28402328,
8470,-4.73196840,3.16524148,4.59495592,6.00000000,-0.35610351,0.41894531,-0.06457528,-0.70254838,0.18111004,0.07000000,0.00366300,-0.77213752,-0.21078843,0.10569719,-0.01229746,-3.04559946,5.53269386,-0.72795910,0.08630118,0.00122106,-0.38598734,
8477,-2.74597812,2.95455170,2.10259223,5.00000000,-0.32065430,0.18369141,-0.04115800,0.03689044,0.02149182,0.07000000,0.00366300,-0.69414145,-0.10764927,0.01369570,-0.01229746,-4.94277287,7.23438978,0.01200891,0.09011190,0.00122106,-0.46439543,
8486,-2.67894053,1.48211765,1.30771720,6.00000000,-0.17241211,0.04028320,0.40147170,0.67957211,-0.00047928,0.07000000,0.00366300,-0.41047943,0.23999999,-0.23999999,-0.01229746,-6.14879465,7.48920774,0.67257422,0.34456137,0.00122106,-0.46832773,
8494,-2.43712616,-1.34543455,3.37391329,6.00000000,0.31904298,-0.39960939,0.35991761,1.09686399,-0.06350050,0.07000000,0.00366300,-0.08231735,0.23999999,-0.23999999,-0.01229746,-4.51516676,4.78743792,1.10664070,0.39165241,0.00122106,-0.26922518,
8502,1.16255605,-1.57048953,1.47291708,6.00000000,0.33354491,-0.42700195,0.22697723,1.10727251,0.02968148,0.07000000,0.00366300,-0.11704239,0.23999999,-0.23999999,-0.01229746,-0.69115037,1.02276289,1.12057137,0.14559993,0.00122106,0.01335824,
8510,3.86560988,-2.62872672,5.20547771,6.00000000,0.34643555,-0.42539063,-0.05892169,0.65462118,0.18231238,0.07000000,0.00549451,0.00471572,-0.04734366,0.04713967,-0.01229746,1.71565866,-1.74532926,0.66273820,-0.18628648,0.00122106,0.18209611,
8518,6.14488983,-1.53098512,10.69059372,6.00000000,-0.05317383,0.06123047,-0.62659341,-0.08442245,0.18330126,0.07000000,0.00549451,0.12673828,-0.23999999,0.23999999,-0.01229746,2.12057495,-2.53072739,-0.08666009,-0.37525600,0.00122106,0.17107931,
8526,7.25939083,5.44452143,20.53136063,6.00000000,-0.34160155,0.39638671,-0.46801022,-0.43728679,0.23274274,0.07000000,0.00366300,-0.47108358,-0.23999999,0.23999999,-0.01229746,0.64402652,0.87615532,-0.42883322,-0.58402109,0.00122106,-0.04141992,
8534,3.95060396,1.80294073,20.53136063,6.00000000,-0.34160155,0.44150391,0.45581725,-0.36418289,0.27863273,0.07000000,0.00366300,-0.46330824,-0.23999999,0.23999999,-0.01229746,-1.56381500,3.03512740,-0.36356249,-0.42561901,0.00122106,-0.19821776,
8542,3.27543902,-1.50105762,19.52759171,6.00000000,-0.36093751,0.43022460,-0.01153451,0.18929842,0.07594451,0.07000000,0.00366300,-0.42291212,-0.23999999,0.23999999,-0.01229746,-3.83797884,5.15221214,0.19935635,-0.49892882,0.00122106,-0.32685477,
8549,-1.54289186,0.57232100,18.65370941,5.00000000,-0.36577147,0.43505859,-0.06856624,0.64928186,0.16830720,0.07000000,0.00366300,-0.77183056,-0.23999999,0.15488522,-0.01229746,-4.87295961,7.36005354,0.64468467,-0.11015406,0.00122106,-0.41560772,
8558,0.14980878,-0.72892761,9.74129295,6.00000000,-0.36416015,0.28359374,0.04085566,1.33166492,0.11921301,0.07000000,0.00366300,-0.76870394,-0.23999999,0.16308716,-0.01229746,-6.76838684,9.24500942,1.33723879,-0.17503488,0.00122106,-0.49978662,
8566,-2.00138140,1.69280744,6.65157557,6.00000000,-0.35126954,0.29003906,0.11068487,1.83551216,0.08145979,0.07000000,0.00366300,-0.76707327,0.04328379,-0.14607523,-0.01229746,-8.14196110,10.66396141,1.83200014,0.01195014,0.00122106,-0.57481879,
8574,-3.68211102,0.43465441,5.25336170,6.00000000,0.04672851,-0.23364258,0.30967677,2.51207733,0.15822133,0.07000000,0.00366300,-0.45082575,0.23999999,-0.23999999,-0.01229746,-8.46833801,9.90823460,2.52067494,0.30351871,0.00122106,-0.50733590,
8582,-0.44515035,0.62978184,-1.60482919,6.00000000,0.34160155,-0.41733399,0.37811399,2.67311954,0.14615455,0.07000000,0.00366300,0.02760711,0.23999999,-0.23999999,-0.01229746,-6.67413902,6.59385347,2.70983744,0.35202628,0.00122106,-0.29426917,
8590,-0.36733878,-2.24086595,-1.54856551,6.00000000,0.33999023,-0.42216796,0.24706687,2.30281591,0.16440542,0.07000000,0.00366300,0.21113345,0.23999999,-0.23999999,-0.01229746,-3.41560936,2.74365759,2.34344721,0.24852638,0.00122106,-0.05610973,
8598,-0.48226047,-1.18741727,1.33405340,6.00000000,0.34965819,-0.42539063,-0.07363532,1.83592987,0.22951610,0.07000000,0.00366300,0.30268857,0.23999999,-0.23999999,-0.01229746,-0.21293017,-0.76969016,1.86071062,0.27377406,0.00122106,0.16570288,
8606,1.14819086,-1.05573618,4.87388039,6.00000000,0.34965819,-0.41894531,-0.32175249,1.32460523,0.31863356,0.07000000,0.00366300,0.38510233,0.23999999,-0.23999999,-0.01229746,2.19911480,-3.42957187,1.33422256,0.19942430,0.00122106,0.32048547,
8614,3.65132880,1.23790908,7.97556877,6.00000000,0.35610351,-0.42700195,-0.39548221,0.63216889,0.37060562,0.07000000,0.00549451,0.52219152,0.23999999,-0.23999999,-0.01229746,4.26209402,-5.95157290,0.63998860,0.02179880,0.00122106,0.43890968,
8621,6.63091278,4.96687841,14.75235653,5.00000000,0.36416015,-0.42539063,-0.21709190,-0.16298899,0.36840779,0.07000000,0.00549451,0.66612858,-0.04140410,0.13012704,-0.01229746,5.82241869,-7.95695591,-0.14452982,-0.21993674,0.00122106,0.51539528,
8630,11.37502384,1.08348310,17.94263077,6.00000000,-0.02900391,0.20302734,0.32472548,-1.76756859,0.22395229,0.07000000,0.00549451,0.76785213,-0.23999999,0.23999999,-0.01229746,4.82583523,-7.28151369,-1.75739443,-0.76103657,0.00122106,0.32656598,
8638,8.74499321,-0.35423502,20.53136063,6.00000000,-0.33999023,0.39316407,0.49637580,-2.63372803,0.10565227,0.07000000,0.00549451,0.27532953,-0.23999999,0.23999999,-0.01229746,1.52192700,-2.41902637,-2.59578037,-0.93257028,0.00122106,-0.04810300,
8646,-2.57239866,-3.81385660,20.53136063,6.00000000,-0.35288087,0.42700195,0.59181726,-3.02117562,0.19507718,0.07000000,0.00549451,-0.13976419,-0.23999999,0.23999999,-0.01229746,0.55501467,-0.06806784,-3.00475645,0.14567882,0.00122106,-0.20967939,
8654,2.77744508,-3.41761613,18.09107018,6.00000000,-0.36093751,0.41411132,-0.51413709,-1.73934352,0.29478633,0.07000000,0.00366300,-0.41305420,-0.23999999,0.23999999,-0.01229746,-1.46433127,2.81870675,-1.72801876,-0.60747743,0.00122106,-0.29468289,
8662,-2.60112906,1.71315813,12.12472057,6.00000000,-0.34804687,0.42539063,-0.31061384,-1.18788850,0.48705527,0.07000000,0.00366300,-0.78309214,-0.23999999,0.23999999,-0.01229746,-2.87455726,5.44368172,-1.18874645,-0.21521747,0.00122106,-0.40547046,
8670,-3.03807068,2.73308802,4.65361404,6.00000000,-0.34965819,0.42377931,-0.39644337,-0.28098273,0.42572773,0.07000000,0.00366300,-0.81928265,-0.23999999,0.23999999,-0.01229746,-5.30056524,7.94648409,-0.30516303,-0.25106490,0.00122106,-0.52361244,
8678,-2.89920712,3.03475738,1.73029375,6.00000000,-0.34160155,0.41411132,0.17134519,0.48295140,0.33523196,0.07000000,0.00366300,-1.05967820,-0.23999999,0.13305911,-0.01229746,-7.30769396,10.75471878,0.46349689,-0.01257350,0.00122106,-0.64637411,
8686,-4.04602957,0.74949193,0.21476409,6.00000000,-0.35288087,0.23525390,0.54794151,1.25155020,0.28568444,0.07000000,0.00366300,-0.79376256,0.23999999,-0.23999999,-0.01229746,-9.76162624,12.27490044,1.25429022,0.38645566,0.00122106,-0.74973881,
8693,-2.47303915,0.50887465,-0.91769332,5.00000000,0.31582031,-0.39799803,0.48382154,1.88160813,0.17444861,0.07000000,0.00366300,-0.61203003,0.23999999,-0.23999999,-0.01229746,-9.30260468,11.27308178,1.89481163,0.59393764,0.00122106,-0.64307314,
8702,0.20607252,-0.87018549,-3.89009476,6.00000000,0.33354491,-0.41249999,0.63389617,2.05901694,0.15262648,0.07000000,0.00366300,-0.36525336,0.23999999,-0.23999999,-0.01229746,-5.54840136,6.73347998,2.09778833,0.67145723,0.00122106,-0.31145337,
8710,-0.81744868,-2.05172396,2.76698303,6.00000000,0.34321290,-0.41894531,0.06561465,1.81566930,0.30211318,0.07000000,0.00366300,-0.05963276,0.23999999,-0.23999999,-0.01229746,-2.33699584,2.52898192,1.84045529,0.47989708,0.00122106,-0.04428682,
8718,3.54239249,-2.44197893,4.51714468,6.00000000,0.34482422,-0.42216796,-0.27286297,1.22010398,0.42480129,0.07000000,0.00366300,0.00344363,0.13466060,-0.13442601,-0.01229746,0.57246798,-0.54628801,1.22609568,-0.10993531,0.00122106,0.13682973,
8726,4.95856285,-0.42007557,9.98071289,6.00000000,0.20947266,-0.24331054,-0.71546191,0.42157903,0.55968738,0.07000000,0.00549451,0.05570029,-0.16167083,0.16828321,-0.01229746,1.98967540,-2.13628292,0.41995084,-0.24337639,0.00122106,0.18770239,
8734,8.10933208,5.49839115,20.53136063,6.00000000,-0.21108398,0.26425782,-0.38106689,-0.22675416,0.62472451,0.07000000,0.00549451,0.06593932,-0.23999999,0.23999999,-0.01229746,0.63355452,-0.81332338,-0.22944844,-0.53662682,0.00122106,0.03373256,
8742,4.10981846,1.26663947,20.53136063,6.00000000,-0.33193359,0.43666992,-0.00834264,-1.06128788,0.57470781,0.07000000,0.00366300,0.03253463,-0.23999999,0.23999999,-0.01229746,-2.00189257,1.92160749,-1.05607104,-0.41832858,0.00122106,-0.23157851,
8750,1.23198795,-0.52302623,20.53136063,6.00000000,-0.35610351,0.43505859,0.23840526,-0.70736754,0.36099193,0.07000000,0.00366300,0.30527776,-0.23999999,0.23999999,-0.01229746,-4.53960133,3.57792497,-0.69211006,-0.28929815,0.00122106,-0.36242464,
8758,0.09474214,-1.56091273,15.87763119,6.00000000,-0.36416015,0.42539063,-0.06557905,-0.16132820,0.33095738,0.07000000,0.00366300,0.05795467,-0.23999999,0.23999999,-0.01229746,-6.20115471,6.02836704,-0.16007227,-0.17724830,0.00122106,-0.48014647,
8765,-3.65577483,0.91708606,12.00141907,5.00000000,-0.36093751,0.42700195,0.22922951,0.52039385,0.29412124,0.07000000,0.00366300,-0.12593073,0.03575903,-0.05190977,-0.01229746,-7.60265446,8.05469418,0.52121377,0.13198367,0.00122106,-0.55686909,
8774,-3.10151720,-0.73132181,3.85275364,6.00000000,0.03867187,-0.06767578,0.03100164,1.36527395,0.33720681,0.07000000,0.00366300,-0.11882330,0.23027007,-0.23999999,-0.01229746,-8.12101650,8.48579121,1.36976027,0.15726775,0.00122106,-0.52519464,
8782,-2.56521606,1.84005082,-1.93882036,6.00000000,0.32871094,-0.41572267,0.14318107,1.71896756,0.31035471,0.07000000,0.00366300,0.16958913,0.23999999,-0.23999999,-0.01229746,-6.35299826,5.82241869,1.73950839,0.36281139,0.00122106,-0.32993916,
8790,-1.38367736,-0.57928997,-4.18338442,6.00000000,0.33676758,-0.40605468,0.19776505,1.52476549,0.28325120,0.07000000,0.00366300,0.42417276,0.23999999,-0.23999999,-0.01229746,-3.16602707,1.80467045,1.55820298,0.34549823,0.00122106,-0.06810041,
8798,-2.98300409,0.03601985,-1.67306399,6.00000000,0.34160155,-0.42055663,0.16315459,1.31167114,0.24407557,0.07000000,0.00366300,0.58116966,0.23999999,-0.23999999,-0.01229746,0.06283185,-1.95127821,1.33695138,0.42998344,0.00122106,0.18327966,
8806,0.11748706,-2.11995888,0.42305964,6.00000000,0.34643555,-0.41411132,0.08234537,1.00749695,0.35298064,0.07000000,0.00366300,0.67736590,0.23999999,-0.23999999,-0.01229746,2.70002437,-4.89215755,1.01371384,0.20389336,0.00122106,0.36709321,
8814,1.49894142,-1.75723720,3.90542603,6.00000000,0.34160155,-0.41733399,-0.38923657,0.50673544,0.42672452,0.07000000,0.00366300,0.77269173,0.23999999,-0.23999999,-0.01229746,5.01607609,-7.50666142,0.50154048,0.24645439,0.00122106,0.51334971,
8822,4.19481277,0.35684288,8.39934254,6.00000000,0.35610351,-0.43828124,-0.39892864,-0.12120160,0.66163641,0.07000000,0.00366300,0.80823165,0.23999999,-0.23999999,-0.01229746,6.95862818,-9.56614876,-0.12127626,0.08052669,0.00122106,0.61973858,
8830,6.26579714,3.39149356,20.19677162,6.00000000,0.36577147,-0.44311523,-0.14962307,-0.85110205,0.58602142,0.07000000,0.00366300,0.94621319,0.06143737,0.06494251,-0.01229746,8.45786572,-11.52266407,-0.82778835,-0.13190034,0.00122106,0.69722086,
8837,10.72020912,0.83688033,20.53136063,5.00000000,0.10957031,0.08701172,0.33296579,-2.36902022,0.47470048,0.07000000,0.00366300,1.08352184,-0.23999999,0.23999999,-0.01229746,8.25889778,-11.68323421,-2.34700608,-0.57662606,0.00122106,0.57877743,
8846,10.21503258,0.12221111,20.53136063,6.00000000,-0.32548827,0.39155275,0.59369993,-3.59278345,0.43512008,0.07000000,0.00366300,0.63716269,-0.23999999,0.23999999,-0.01229746,5.10508823,-7.17155790,-3.53476954,-0.83399844,0.00122106,0.19388795,
8854,1.98137307,-3.24643064,20.53136063,6.00000000,-0.35288087,0.42377931,0.29660091,-4.06510925,0.51412815,0.07000000,0.00366300,0.49241635,-0.23999999,0.23999999,-0.01229746,2.00363803,-3.59188771,-4.02556896,-0.36492983,0.00122106,-0.09599349,
8862,-4.49613953,-2.43000793,20.53136063,6.00000000,-0.36254883,0.40766603,-0.51918215,-3.08480453,0.57664323,0.07000000,0.00366300,0.03937507,-0.11846823,0.12235530,-0.01229746,0.45204026,-0.55850536,-3.04423141,0.34015304,0.00122106,-0.19367395,
8870,-1.41121078,1.11939609,9.25048161,6.00000000,-0.17724609,0.22075196,-0.22468978,-2.00974607,0.74094772,0.07000000,0.00366300,-0.23664995,-0.23999999,0.23999999,-0.01229746,-0.94771379,1.65108144,-2.01313233,-0.03738543,0.00122106,-0.25237218,
8878,-3.32896638,1.56591475,1.71473145,6.00000000,-0.34643555,0.42700195,-0.30937684,-1.33885205,0.69042104,0.07000000,0.00366300,-0.16987018,-0.12535141,0.10185945,-0.01229746,-2.93215322,3.45051599,-1.36263084,0.18289068,0.00122106,-0.34031779,
8886,-4.92111063,3.87631941,2.19596601,6.00000000,-0.18691406,0.19335937,0.08680304,-0.56327879,0.60188365,0.07000000,0.00366300,-0.24345458,0.23999999,-0.23999999,-0.01229746,-4.36157751,5.11206913,-0.57925904,0.40415657,0.00122106,-0.40505639,
8894,-3.83294582,1.41508007,-1.65869880,6.00000000,0.32387695,-0.39477539,0.59374738,0.04460031,0.50901872,0.07000000,0.00366300,-0.11186337,0.23999999,-0.23999999,-0.01229746,-3.24282169,3.63377547,0.03457350,0.64722985,0.00122106,-0.26306519,
8902,-0.79590088,0.18924876,-5.58878088,6.00000000,0.34321290,-0.40605468,0.73930740,0.26314750,0.40920293,0.07000000,0.00366300,0.16987088,0.23999999,-0.23999999,-0.01229746,0.02094395,-0.56025064,0.26352546,0.56570333,0.00122106,0.04602614,
8909,-0.21291278,-1.50345182,0.16328876,5.00000000,0.33676758,-0.42539063,0.42681175,-0.01584031,0.49625450,0.07000000,0.00366300,0.37661040,0.23999999,-0.23999999,-0.01229746,2.66162705,-3.88335752,-0.01441982,0.20663536,0.00122106,0.24995098,
8918,2.50330901,-2.67661071,4.28849840,6.00000000,0.35288087,-0.43183595,0.06791195,-0.37337527,0.59780735,0.07000000,0.00366300,0.43826050,0.06466313,-0.00661534,-0.01229746,5.22027969,-6.63399649,-0.38361305,-0.07237488,0.00122106,0.42175114,
8926,5.78216839,-0.95877099,9.09964657,6.00000000,0.09667969,-0.02416992,-0.25853524,-0.89538789,0.81604820,0.07000000,0.00366300,0.31926954,-0.18389966,0.22545919,-0.01229746,6.19591904,-7.24137115,-0.89939582,-0.18971381,0.00122106,0.44377533,
8934,9.26094341,-1.28318524,17.72236443,6.00000000,-0.24492188,0.37382811,-0.34044302,-1.36613309,0.74652487,0.07000000,0.00366300,0.14150766,-0.23999999,0.23999999,-0.01229746,3.77514720,-4.21497011,-1.35665357,-0.62600368,0.00122106,0.20232527,
8942,4.98609638,2.83484173,20.53136063,6.00000000,-0.34482422,0.42700195,-0.05969013,-1.53265607,0.60176677,0.07000000,0.00366300,0.11437160,-0.23999999,0.23999999,-0.01229746,1.23394775,-1.59174025,-1.50724041,-0.47671568,0.00122106,-0.00498310,
8950,1.93708038,1.21755838,20.53136063,6.00000000,-0.34965819,0.43022460,-0.03171390,-0.73075718,0.42715675,0.07000000,0.00366300,0.17938243,-0.23999999,0.23999999,-0.01229746,-1.61617482,1.03498018,-0.70735902,-0.30246544,0.00122106,-0.15391400,
8958,1.10629237,1.40909457,15.75193596,6.00000000,-0.34643555,0.42539063,0.03105685,-0.31696850,0.46126226,0.07000000,0.00549451,-0.02683373,-0.23999999,0.23999999,-0.01229746,-3.52207446,3.62679434,-0.30875370,-0.28486210,0.00122106,-0.29485056,
8966,-2.94469690,-0.45120019,12.44674015,6.00000000,-0.35449219,0.43022460,0.01859861,0.42913297,0.48764351,0.07000000,0.00549451,-0.22559045,0.02157545,-0.05195004,-0.01229746,-5.15046692,5.91492081,0.45118043,0.08264458,0.00122106,-0.39015687,
8974,-2.48979855,-0.26564956,7.16393471,6.00000000,0.01289062,-0.07895508,0.21347985,1.07636440,0.45983246,0.07000000,0.00549451,-0.34354067,0.16021827,-0.20640390,-0.01229746,-5.40179396,6.47691679,1.07859981,0.10497271,0.00122106,-0.37078738,
8981,-0.77315599,-1.81948650,-0.46279499,5.00000000,0.22236328,-0.34965819,0.30312040,1.47859991,0.38942495,0.07000000,0.00549451,0.10745543,0.23999999,-0.23999999,-0.01229746,-4.48724174,4.12421322,1.49758148,0.22193253,0.00122106,-0.21302126,
8990,-0.18897076,-1.44479394,-1.61799729,6.00000000,0.34643555,-0.41733399,0.14363006,1.29639935,0.24744338,0.07000000,0.00549451,0.50215578,0.23999999,-0.23999999,-0.01229746,-1.82561433,0.19547687,1.31897998,0.16972132,0.00122106,0.02373141,
8998,-1.46268606,-1.58246052,0.39911762,6.00000000,0.35126954,-0.42377931,0.08903255,0.91163164,0.24566582,0.07000000,0.00549451,0.57545030,0.23999999,-0.23999999,-0.01229746,1.09083080,-2.94087982,0.92144454,0.25521374,0.00122106,0.22677790,
9006,0.68371576,0.52683121,2.27856588,6.00000000,0.34804687,-0.43183595,-0.11524560,0.53616709,0.31411281,0.07000000,0.00549451,0.81632894,0.23999999,-0.23999999,-0.01229746,3.39466548,-6.02487659,0.54645163,0.19775769,0.00122106,0.40052348,
9014,2.15495276,1.79934943,4.78290081,6.00000000,0.35126954,-0.41894531,-0.04600812,0.08270112,0.39556777,0.07000000,0.00549451,0.87309873,0.23999999,-0.23999999,-0.01229746,5.72991562,-8.58527470,0.09576830,0.06693985,0.00122106,0.55112469,
9022,4.68801832,2.34881878,8.89374542,6.00000000,0.34482422,-0.44311523,0.05090394,-0.61216927,0.44825295,0.07000000,0.00549451,1.01751101,0.07078582,0.06521687,-0.01229746,7.68817520,-10.97463036,-0.59727597,-0.14898077,0.00122106,0.67119861,
9030,7.78132677,1.71076393,15.03128147,6.00000000,0.12246094,0.09345703,0.26578754,-1.49950707,0.48768970,0.07000000,0.00549451,0.87296236,-0.23999999,0.23999999,-0.01229746,8.28856850,-11.11076546,-1.47959268,-0.41264054,0.00122106,0.62708080,
9038,10.72380066,-2.86575270,17.94622231,6.00000000,-0.32065430,0.39316407,0.25394282,-2.50935149,0.49379840,0.07000000,0.00549451,0.43522727,-0.23999999,0.23999999,-0.01229746,5.55363798,-6.94990110,-2.50350285,-0.73916388,0.00122106,0.29104811,
9046,4.20678377,0.04080825,20.53136063,6.00000000,-0.34804687,0.42539063,0.25148600,-3.10753250,0.44881108,0.07000000,0.00549451,0.35557735,-0.23999999,0.23999999,-0.01229746,3.00371170,-4.16086483,-3.06813884,-0.48837706,0.00122106,0.03718516,
9053,1.95503688,-1.90687478,20.53136063,5.00000000,-0.34160155,0.41088867,-0.19941936,-1.98201036,0.34644246,0.07000000,0.00549451,0.28083736,-0.23999999,0.23999999,-0.01229746,0.23387411,-1.15017200,-1.94417036,-0.26032522,0.00122106,-0.09253108,
9062,-1.86730611,0.38677040,17.03762245,6.00000000,-0.34643555,0.42539063,-0.12759840,-1.12503672,0.38109732,0.07000000,0.00549451,0.02513647,-0.23951112,0.23999999,-0.01229746,-1.82735968,1.75929189,-1.10557604,0.02098921,0.00122106,-0.22184423,
9070,-1.74999022,2.08066821,7.62960672,6.00000000,-0.35449219,0.43183595,-0.00347281,-0.23357822,0.39982659,0.07000000,0.00366300,-0.18332541,-0.20407028,0.17924413,-0.01229746,-3.77514720,4.33365250,-0.23630506,-0.01713347,0.00122106,-0.32918489,
9078,-1.82181633,0.46577904,2.62692237,6.00000000,-0.30776367,0.32226563,0.16127785,0.51463771,0.37910721,0.07000000,0.00366300,-0.26134130,-0.06337273,0.02849960,-0.01229746,-5.74213314,6.59036350,0.51166224,0.02803770,0.00122106,-0.43084106,
9086,-3.49895453,0.61421955,1.39390838,6.00000000,-0.10634766,0.05156250,0.37540489,1.19382358,0.35863581,0.07000000,0.00549451,-0.34263176,0.23999999,-0.23999999,-0.01229746,-6.43153811,7.55378485,1.19876778,0.30342418,0.00122106,-0.44113028,
9094,-2.00856400,-0.88335359,-0.67468184,6.00000000,0.33032227,-0.40444335,0.57661444,1.66271031,0.32450020,0.07000000,0.00549451,-0.14597374,0.23999999,-0.23999999,-0.01229746,-4.89215755,5.37735939,1.68085337,0.46091694,0.00122106,-0.26173541,
9102,-0.24762870,-1.54415333,-2.91326046,6.00000000,0.33193359,-0.41411132,0.44615924,1.69550657,0.25052240,0.07000000,0.00366300,0.12181442,0.23999999,-0.23999999,-0.01229746,-1.67202544,1.28281701,1.72684729,0.36929089,0.00122106,0.01941845,
9110,0.88004029,-0.82828695,0.61100447,6.00000000,0.34321290,-0.41894531,-0.00198089,1.35293996,0.37187600,0.07000000,0.00366300,0.25937012,0.23999999,-0.23999999,-0.01229746,1.27932644,-2.11708450,1.37462568,0.15009585,0.00122106,0.23196071,
9118,3.07552338,-0.92884344,5.56700182,6.00000000,0.35449219,-0.43183595,-0.31917658,0.72570115,0.55120790,0.07000000,0.00366300,0.38947710,0.23999999,-0.23999999,-0.01229746,3.59537816,-4.84677935,0.73133302,-0.01420818,0.00122106,0.37663639,
9125,5.51760912,1.07630050,8.37779522,5.00000000,0.36254883,-0.43828124,-0.43949690,0.05886485,0.68143535,0.07000000,0.00366300,0.49660620,0.09345730,-0.02739362,-0.01229746,5.48382473,-7.08254576,0.06322169,-0.12897523,0.00122106,0.48191443,
9134,9.67394352,3.40585876,14.61229610,6.00000000,0.15952149,-0.05317383,0.06111569,-0.93667966,0.63847601,0.07000000,0.00366300,0.51194644,-0.23999999,0.23999999,-0.01229746,6.01265907,-7.66025019,-0.92120177,-0.56838757,0.00122106,0.45084873,
9142,11.43128681,0.27424291,20.53136063,6.00000000,-0.31259766,0.40444335,0.20478810,-2.08781791,0.45711765,0.07000000,0.00366300,0.47720790,-0.23999999,0.23999999,-0.01229746,3.22362304,-4.76125813,-2.06659961,-0.79283309,0.00122106,0.14977032,
9150,1.02249527,-1.31670415,20.53136063,6.00000000,-0.35126954,0.43828124,0.52688897,-2.13332605,0.22315091,0.07000000,0.00366300,0.53197235,-0.23999999,0.23999999,-0.01229746,0.83426738,-2.55167127,-2.10836434,-0.38817573,0.00122106,-0.02968015,
9158,2.83730030,-2.86934400,18.32450485,6.00000000,-0.35126954,0.42861328,0.14357162,-1.17971778,0.22131902,0.07000000,0.00366300,0.34899122,-0.23999999,0.23999999,-0.01229746,-1.39800870,0.27052602,-1.16658688,-0.48110446,0.00122106,-0.15434116,
9166,-1.61591494,0.04918795,13.54567909,6.00000000,-0.35126954,0.42700195,-0.18836951,-0.26898357,0.25956130,0.07000000,0.00366300,0.19926190,-0.09607014,0.12307897,-0.01229746,-2.95833302,2.32128787,-0.26548475,0.01215482,0.00122106,-0.22259600,
9174,-2.42874646,0.00250102,7.59608793,6.00000000,-0.14340821,0.23364258,-0.14658140,0.42356563,0.38472226,0.07000000,0.00366300,-0.03350990,0.06855045,-0.07280590,-0.01229746,-3.92699075,4.04043722,0.42264864,0.07283581,0.00122106,-0.27067047,
9182,-2.28389716,0.07073577,1.30292881,6.00000000,0.08540039,-0.11762695,-0.09814987,0.98307723,0.31446660,0.07000000,0.00366300,-0.04520194,0.23999999,-0.23999999,-0.01229746,-3.63203025,3.80132723,0.99141735,0.17211457,0.00122106,-0.21079430,
9190,-2.19890308,1.57429445,-2.30872440,6.00000000,0.34160155,-0.40283203,0.24294490,1.18966305,0.24346407,0.07000000,0.00366300,0.34376112,0.23999999,-0.23999999,-0.01229746,-1.86226630,0.74351025,1.16970026,0.33216321,0.00122106,-0.00759962,
9197,-0.73604584,1.06792080,-3.76679325,5.00000000,0.34643555,-0.41572267,0.31236833,1.06198347,0.04813635,0.07000000,0.00366300,0.53113514,0.23999999,-0.23999999,-0.01229746,0.94945914,-2.68780708,1.08739674,0.23388988,0.00122106,0.22227313,
9206,0.02531029,-0.08129604,-0.63278329,6.00000000,0.34804687,-0.41411132,0.34343970,0.78368556,0.11011916,0.07000000,0.00366300,0.75778747,0.23999999,-0.23999999,-0.01229746,3.44702530,-5.82416391,0.79764849,0.07225689,0.00122106,0.41501588,
9214,2.34289765,-1.84821689,2.16244721,6.00000000,0.35449219,-0.43344727,0.05923429,0.35027429,0.17071226,0.07000000,0.00366300,0.77825785,0.23999999,-0.22658166,-0.01229746,5.92190170,-8.45786572,0.34380642,-0.03683282,0.00122106,0.58085859,
9222,4.42345905,-0.19023222,5.96683359,6.00000000,0.34643555,-0.40122071,-0.13794503,-0.26628888,0.30441979,0.07000000,0.00366300,0.87121171,0.19973215,-0.08327582,-0.01229746,7.87318039,-10.66221714,-0.27062693,-0.09293262,0.00122106,0.68410188,
9230,7.64964581,0.18685456,10.29195881,6.00000000,0.30292970,-0.15791015,-0.26400810,-1.12012792,0.37272584,0.07000000,0.00549451,0.65345323,-0.07975170,0.16583660,-0.01229746,9.51728058,-11.65356350,-1.12016511,-0.19078177,0.00122106,0.72050828,
9238,11.52944946,0.16770095,14.66856003,6.00000000,-0.09345703,0.26425782,0.06126829,-1.99345255,0.27976066,0.07000000,0.00549451,0.35210434,-0.23999999,0.23999999,-0.01229746,8.31823921,-9.44572258,-1.97840524,-0.72423297,0.00122106,0.52360266,
9246,9.82358074,2.18002748,20.53136063,6.00000000,-0.31904298,0.41411132,0.15555032,-2.86096239,0.10004868,0.07000000,0.00549451,0.43368813,-0.23999999,0.23999999,-0.01229746,4.26558447,-5.69151878,-2.81400156,-0.92367482,0.00122106,0.15836257,
9254,2.70322490,-1.19699407,20.53136063,6.00000000,-0.35449219,0.42539063,0.19878407,-2.54362869,-0.20639203,0.07000000,0.00549451,0.35917127,-0.23999999,0.23999999,-0.01229746,2.15548158,-3.33881497,-2.50507903,-0.54060972,0.00122106,0.01681535,
9262,1.29423714,0.27424291,18.95418167,6.00000000,-0.35610351,0.41894531,0.25018537,-1.47403991,-0.09956951,0.07000000,0.00549451,-0.01219609,-0.23999999,0.23999999,-0.01229746,0.11693706,-0.07679449,-1.44108260,-0.42647505,0.00122106,-0.09942103,
9269,-1.87568581,-2.50542521,11.14668941,5.00000000,-0.35771483,0.43022460,0.00452643,-0.50735301,-0.04904141,0.07000000,0.00549451,-0.34697416,-0.22602801,0.17821622,-0.01229746,-1.36659288,2.47836757,-0.53492212,-0.03260189,0.00122106,-0.18748564,
9278,-1.49740195,-0.77800876,4.69311857,6.00000000,-0.32709962,0.31582031,-0.26292226,0.22392125,0.04001716,0.07000000,0.00549451,-0.35939303,-0.23999999,0.21204527,-0.01229746,-3.43655324,4.61465025,0.22225904,-0.11970159,0.00122106,-0.28787282,
9286,-2.48501015,1.65928864,1.92182994,6.00000000,-0.34482422,0.37221679,-0.13755848,0.87709349,0.04618416,0.07000000,0.00549451,-0.44241640,-0.00375354,-0.05593558,-0.01229746,-5.30056524,6.74744320,0.87426162,0.02369920,0.00122106,-0.39422169,
9294,-3.09792590,0.53760511,2.19476891,6.00000000,-0.01127930,-0.07412110,0.09507203,1.53816557,-0.00953339,0.07000000,0.00549451,-0.29614711,0.23999999,-0.23999999,-0.01229746,-6.20988131,7.16981220,1.54527569,0.17232718,0.00122106,-0.39141557,
9302,-1.32142818,1.29297578,-0.53940946,6.00000000,0.33193359,-0.39960939,0.38087335,1.82380784,-0.04361040,0.07000000,0.00366300,-0.09307091,0.23999999,-0.23999999,-0.01229746,-4.07883453,4.36855936,1.84182072,0.29403898,0.00122106,-0.18434991,
9310,-0.15066352,-1.65069520,-0.27963856,6.00000000,0.33837891,-0.41088867,0.37608442,1.76895702,-0.01147962,0.07000000,0.00366300,0.30383396,0.23999999,-0.23999999,-0.01229746,-0.82903141,-0.16406095,1.79507279,0.25748694,0.00122106,0.11242130,
9318,3.78899527,-1.73449230,2.18638921,6.00000000,0.34965819,-0.42216796,-0.02679949,1.24302888,0.06989992,0.07000000,0.00549451,0.35202274,0.23313414,-0.18598685,-0.01229746,1.81863308,-2.94960642,1.25699043,-0.10324559,0.00122106,0.27497882,
9326,4.41627598,-0.64872181,7.62840986,6.00000000,0.34160155,-0.33354491,-0.24175417,0.41275042,0.23077224,0.07000000,0.00549451,0.35780656,0.08590375,-0.03856827,-0.01229746,3.83797884,-4.98989630,0.41370481,-0.13496292,0.00122106,0.36791095,
9334,8.38945389,2.12615800,12.72686195,6.00000000,0.14018555,-0.07573242,-0.42934495,-0.55456007,0.30764225,0.07000000,0.00549451,0.13004091,-0.23999999,0.23999999,-0.01229746,4.96022606,-5.38434076,-0.54916978,-0.39506528,0.00122106,0.35208187,
9341,9.78407669,1.09665120,16.08113861,5.00000000,-0.31743163,0.39799803,0.10000092,-1.34453714,0.26682889,0.07000000,0.00549451,0.04568564,-0.23999999,0.23999999,-0.01229746,2.92691708,-3.05432630,-1.33521962,-0.86525810,0.00122106,0.12768112,
9350,-0.76238209,1.18284249,20.53136063,6.00000000,-0.34965819,0.43505859,0.21087861,-1.44946659,-0.00796032,0.07000000,0.00549451,0.09380336,-0.06338120,0.07478899,-0.01229746,1.00705504,-1.31074226,-1.43686938,0.12321717,0.00122106,-0.02166334,
9358,4.37557459,-1.11678827,19.30373383,6.00000000,-0.09829102,0.15146485,0.37037411,-0.70133328,-0.01985191,0.07000000,0.00366300,0.14235744,-0.23999999,0.23999999,-0.01229746,-0.46425760,0.00523599,-0.68840039,-0.78752321,0.00122106,-0.06898903,
9366,3.59506512,-1.47831273,10.66186333,6.00000000,-0.33837891,0.42055663,-0.19651543,-0.30009288,0.00870720,0.07000000,0.00366300,0.16978645,-0.23999999,0.23999999,-0.01229746,-2.14151883,1.58650434,-0.30187738,-0.35723305,0.00122106,-0.16342324,
9374,-2.67175794,0.53999931,12.42878437,6.00000000,-0.35610351,0.42216796,-0.29501963,0.01632090,0.06567829,0.07000000,0.00549451,-0.17857657,0.03169742,-0.05613163,-0.01229746,-3.28121901,3.86415887,0.01775074,0.10492468,0.00122106,-0.27449012,
9382,-1.96307421,1.92025661,5.84832048,6.00000000,0.02578125,-0.08701172,0.01126237,0.83690882,0.01923021,0.07000000,0.00549451,-0.27958065,0.06188643,-0.09974015,-0.01229746,-3.68439007,4.58323479,0.83414155,0.02372510,0.00122106,-0.25359637,
9390,-0.17580265,0.88835567,-0.66271085,6.00000000,0.09345703,-0.16113281,0.27702439,1.19653809,0.00433267,0.07000000,0.00366300,0.12128320,0.23999999,-0.23999999,-0.01229746,-2.99498510,2.60752177,1.20642173,0.12181754,0.00122106,-0.11968598,
9398,-0.87131822,-0.37219155,-0.32033998,6.00000000,0.34160155,-0.41411132,0.20693979,1.18838739,-0.10325450,0.07000000,0.00366300,0.50718772,0.23999999,-0.23999999,-0.01229746,-1.12922800,-0.51836282,1.20554316,0.14303546,0.00122106,0.07133289,
9406,1.25592995,-1.25086355,-1.30315983,6.00000000,0.34965819,-0.41572267,0.23266801,0.89360410,-0.05718483,0.07000000,0.00549451,0.51871592,0.23999999,-0.23999999,-0.01229746,1.79943442,-3.48193192,0.90508479,-0.00448026,0.00122106,0.26264179,
9413,1.88081658,-1.34902585,1.82845604,5.00000000,0.34160155,-0.42377931,-0.03556527,0.51247317,-0.02238189,0.07000000,0.00549451,0.62742746,0.23999999,-0.23999999,-0.01229746,3.96713352,-5.97600746,0.51449263,-0.00054985,0.00122106,0.42051673,
9422,4.54436588,-0.49669003,6.00514078,6.00000000,0.34482422,-0.43022460,-0.13177709,-0.00877345,0.07161157,0.07000000,0.00549451,0.73201376,0.14402422,-0.04638009,-0.01229746,6.21686316,-8.57131195,-0.00961667,-0.12107896,0.00122106,0.56490225,
9430,7.86751795,1.23431778,10.79354477,6.00000000,0.21914062,-0.08701172,-0.12685685,-0.58144349,0.09389944,0.07000000,0.00366300,0.55121058,-0.23509660,0.23999999,-0.01229746,7.50491571,-9.31656742,-0.57451648,-0.32795784,0.00122106,0.59914595,
9438,10.88301468,1.29297578,14.17655087,6.00000000,-0.30937499,0.38994139,-0.01951492,-0.92550164,0.08691861,0.07000000,0.00366300,0.21691221,-0.23999999,0.23999999,-0.01229746,5.69326401,-6.40884924,-0.91116273,-0.77780139,0.00122106,0.38954592,
9446,9.19390583,0.29818493,18.72314072,6.00000000,-0.33032227,0.42055663,0.22152850,-0.94712967,0.05723509,0.07000000,0.00366300,0.09843764,-0.23999999,0.23999999,-0.01229746,1.61268425,-1.90939021,-0.93000978,-1.03066158,0.00122106,0.07051980,
9454,1.84011519,-2.41205144,20.53136063,6.00000000,-0.36254883,0.42861328,-0.18757351,-0.47981924,-0.08180093,0.07000000,0.00366300,-0.03025658,-0.12255029,0.11787188,-0.01229746,-0.35604715,0.47123891,-0.47379312,-0.01817417,0.00122106,-0.06976116,
9462,1.54682553,2.19798398,15.81418514,6.00000000,-0.19497070,0.22075196,-0.02272816,0.40010962,0.05536800,0.07000000,0.00366300,-0.42183727,-0.23999999,0.23999999,-0.01229746,-0.89884454,2.22878551,0.39390075,-0.39260828,0.00122106,-0.08973791,
9470,1.17572427,-1.44120264,9.34146118,6.00000000,-0.33999023,0.42216796,-0.24350111,0.67791259,0.03334617,0.07000000,0.00366300,-0.15111041,-0.23999999,0.23999999,-0.01229746,-3.19569802,3.68089938,0.68213022,-0.34223187,0.00122106,-0.21137458,
9478,-2.79505920,2.48289394,10.46553898,6.00000000,-0.36254883,0.42377931,-0.33136597,1.13397479,-0.07482234,0.07000000,0.00366300,-0.52676231,0.08919346,-0.16019812,-0.01229746,-4.30921793,6.00567818,1.13179982,0.03487179,0.00122106,-0.30466738,
9485,-2.36649728,1.40550327,6.96521568,5.00000000,0.10795899,-0.26264650,0.24522430,1.73650312,-0.01697309,0.07000000,0.00366300,-0.35934925,0.23999999,-0.23999999,-0.01229746,-4.51516676,5.67057467,1.73434067,0.14467621,0.00122106,-0.25458807,
9494,-0.36973298,0.40951532,0.12857282,6.00000000,0.34482422,-0.41411132,0.23388371,1.99297905,-0.15224031,0.07000000,0.00366300,0.14616007,0.23999999,-0.23999999,-0.01229746,-2.39808226,1.90066361,2.01448607,0.22208160,0.00122106,-0.00883994,
9502,0.71484041,-2.12355018,0.90189999,6.00000000,0.34804687,-0.41894531,0.20462605,1.49560928,-0.17774999,0.07000000,0.00549451,0.34451893,0.23999999,-0.23999999,-0.01229746,0.42062435,-1.59174025,1.51615381,0.11294609,0.00122106,0.19216043,
9510,1.55999362,-0.54816538,3.10456562,6.00000000,0.35610351,-0.42861328,-0.00716480,0.95064950,-0.11386827,0.07000000,0.00549451,0.53031051,0.23999999,-0.23999999,-0.01229746,2.68431640,-4.41742849,0.96294051,0.06096554,0.00122106,0.34494370,
9518,3.56274319,-1.03777957,5.38145113,6.00000000,0.35610351,-0.43022460,-0.21805209,0.25230527,-0.05441194,0.07000000,0.00549451,0.64080024,0.23999999,-0.20898882,-0.01229746,4.91135645,-6.97433567,0.25141984,-0.01089004,0.00122106,0.47367620,
9526,5.47571039,1.34325397,8.34307861,6.00000000,0.36416015,-0.36416015,-0.15487188,-0.61762691,-0.00538083,0.07000000,0.00549451,0.72195160,-0.02011448,0.11612332,-0.01229746,6.81725597,-9.14552498,-0.61096466,-0.16307065,0.00122106,0.55900717,
9534,9.03229713,2.79892850,12.47307682,6.00000000,-0.01127930,0.18369141,-0.00148537,-1.52068675,-0.02929244,0.07000000,0.00549451,0.51878393,-0.23999999,0.23999999,-0.01229746,7.02495003,-8.66032410,-1.49846983,-0.48195302,0.00122106,0.48480821,
9542,9.87505627,-0.46795961,15.83812714,6.00000000,-0.32871094,0.40766603,0.20493525,-2.29334521,-0.06821357,0.07000000,0.00549451,0.16559324,-0.23999999,0.23999999,-0.01229746,3.94618964,-4.46455240,-2.27341938,-0.97976017,0.00122106,0.15543494,
9550,-0.28833014,-1.16227806,20.53136063,6.00000000,-0.35126954,0.42216796,0.20017090,-2.14029694,-0.19026776,0.07000000,0.00549451,-0.15722549,-0.23999999,0.23999999,-0.01229746,2.47662210,-1.96698606,-2.12168574,0.03747767,0.00122106,0.00906281,
9557,3.02285075,-1.90208638,19.19838905,5.00000000,-0.34804687,0.42216796,0.13443984,-1.13505185,-0.08449038,0.07000000,0.00549451,-0.31450212,-0.23999999,0.23999999,-0.01229746,0.08901179,0.91455257,-1.10971069,-0.57203895,0.00122106,-0.11603700,
9566,-1.14066589,-1.19699407,13.93114567,6.00000000,-0.35449219,0.43344727,-0.17505342,-0.23606966,-0.03381211,0.07000000,0.00549451,-0.50315320,-0.23999999,0.23999999,-0.01229746,-1.81863308,3.41909981,-0.22915906,-0.13773611,0.00122106,-0.21456084,
9574,-0.18298526,0.27663711,7.73495150,6.00000000,-0.35449219,0.43828124,-0.21118078,0.51987517,0.04642540,0.07000000,0.00549451,-0.75479215,-0.23999999,0.23999999,-0.01229746,-3.61283159,6.02836704,0.51863366,-0.26472127,0.00122106,-0.33281606,
9582,-2.68133473,0.33529505,4.89183712,6.00000000,-0.35449219,0.42055663,-0.17481183,1.22219634,0.04346770,0.07000000,0.00549451,-1.00660229,-0.23250394,0.09628701,-0.01229746,-5.50127792,8.74584484,1.22533727,-0.14097086,0.00122106,-0.44796789,
9590,-1.91519022,1.00567150,3.02795100,6.00000000,-0.33837891,0.18208008,0.07211838,1.91028833,-0.00256582,0.07000000,0.00366300,-0.83108336,0.01759446,-0.12917405,-0.01229746,-7.45953703,10.21017647,1.91416597,-0.02950130,0.00122106,-0.52502537,
9598,-2.52451444,1.06432950,3.33680320,6.00000000,0.00966797,-0.19980469,0.36108169,2.45011640,-0.07710277,0.07000000,0.00366300,-0.35661069,0.23999999,-0.23999999,-0.01229746,-7.74053526,8.89245224,2.45892000,0.25746310,0.00122106,-0.44483322,
9606,-0.52296191,-1.69019961,1.86077774,6.00000000,0.32065430,-0.39960939,0.42734894,2.71041107,-0.08067100,0.07000000,0.00366300,0.10143252,0.23999999,-0.23999999,-0.01229746,-5.55887365,5.22551584,2.73878884,0.25273472,0.00122106,-0.20474899,
9614,1.16016185,-2.53894401,3.17040610,6.00000000,0.35288087,-0.42216796,0.20879805,2.56091380,-0.00006447,0.07000000,0.00366300,0.42678204,0.23999999,-0.23999999,-0.01229746,-2.72969484,1.37182879,2.58156919,0.06265548,0.00122106,0.04752730,
9622,3.86560988,-1.20417666,8.01746750,6.00000000,0.35126954,-0.43344727,-0.37869355,1.68389881,0.13016191,0.07000000,0.00366300,0.41956621,0.23999999,-0.23999999,-0.01229746,0.30019665,-1.65457213,1.68520880,0.02249798,0.00122106,0.20402288,
9629,5.00405264,0.26706031,10.44997597,5.00000000,0.35771483,-0.42377931,-0.50470275,0.67632687,0.24523887,0.07000000,0.00366300,0.53572524,0.23999999,-0.17873877,-0.01229746,2.15199113,-3.87986708,0.67572296,-0.02993695,0.00122106,0.28326333,
9638,9.18313217,3.80209923,11.49504566,6.00000000,0.35610351,-0.31259766,-0.00054210,-0.38985071,0.21921188,0.07000000,0.00366300,0.65609211,-0.23999999,0.23999999,-0.01229746,3.66344595,-5.77005863,-0.37361836,-0.52021646,0.00122106,0.33130395,
9646,11.09729576,0.56394130,14.54286385,6.00000000,-0.31582031,0.40444335,-0.00000895,-1.73465705,0.07061631,0.07000000,0.00366300,0.65879798,-0.23999999,0.23999999,-0.01229746,1.99491143,-4.11723137,-1.72527409,-0.70076168,0.00122106,0.10479893,
9654,-0.20573017,-0.94799703,20.53136063,6.00000000,-0.35449219,0.42216796,0.50399506,-2.20601010,-0.02040084,0.07000000,0.00366300,0.34509954,-0.23999999,0.23999999,-0.01229746,0.84299403,-1.95825934,-2.18226480,-0.48928332,0.00122106,-0.06079239,
9662,2.86722779,-2.82385397,17.38837242,6.00000000,-0.35610351,0.42055663,0.13475528,-1.21786916,0.02831627,0.07000000,0.00366300,0.02825534,-0.23999999,0.23999999,-0.01229746,-1.35088491,1.26536369,-1.20332146,-0.51511043,0.00122106,-0.19121042,
9670,-1.71647143,0.02883724,14.39202976,6.00000000,-0.35449219,0.43666992,-0.29925203,-0.44604155,0.10131216,0.07000000,0.00366300,-0.14982596,-0.17085044,0.15037717,-0.01229746,-2.93389869,3.47844124,-0.44117236,0.01485217,0.00122106,-0.27886170,
9678,-2.34854078,0.98651791,8.91409588,6.00000000,-0.25458986,0.28198242,-0.25331584,0.38107327,0.19526225,0.07000000,0.00366300,-0.37425047,-0.08762894,0.03708754,-0.01229746,-4.03694677,5.22551584,0.37980303,-0.00076992,0.00122106,-0.32599562,
9686,-1.72125983,0.55436450,2.52516866,6.00000000,-0.13374023,0.08217774,-0.09205732,0.98100603,0.14329785,0.07000000,0.00366300,-0.11656365,0.06223391,-0.07738793,-0.01229746,-5.21329880,5.58330822,0.98284644,0.02376036,0.00122106,-0.33712101,
9694,-2.35452628,1.95497251,0.79296380,6.00000000,0.07573242,-0.11923828,0.17623772,1.40520370,0.07532209,0.07000000,0.00366300,0.06638987,0.23999999,-0.23999999,-0.01229746,-4.67050123,4.46280670,1.41588330,0.22419752,0.00122106,-0.23901477,
9701,-0.94194722,0.09826909,-1.45878291,5.00000000,0.33676758,-0.40766603,0.43522581,1.57960653,-0.03400549,0.07000000,0.00366300,0.48866341,0.23999999,-0.23999999,-0.01229746,-3.13286591,1.55857909,1.60268176,0.16120479,0.00122106,-0.05236250,
9710,0.96144319,-1.62316191,-0.91290492,6.00000000,0.33999023,-0.41894531,0.26040992,1.24261057,-0.11089076,0.07000000,0.00366300,0.49139342,0.23999999,-0.23999999,-0.01229746,0.31415927,-1.93906081,1.25814462,0.02104761,0.00122106,0.18967676,
9718,2.09030914,-1.60759962,4.27054167,6.00000000,0.35449219,-0.44150391,0.00748221,0.79261953,0.05857282,0.07000000,0.00549451,0.59178597,0.23999999,-0.23999999,-0.01229746,2.79078126,-4.66875553,0.79365647,-0.01741163,0.00122106,0.34699810,
9726,4.91067886,-0.46436831,8.87339497,6.00000000,0.35126954,-0.43828124,-0.21741053,0.21004947,0.15954915,0.07000000,0.00549451,0.64502764,0.14944898,-0.06331549,-0.01229746,4.80489111,-6.89405060,0.20659882,-0.10696609,0.00122106,0.46148479,
9734,7.68316460,0.83807743,12.31386280,6.00000000,0.22236328,-0.11601563,-0.23261480,-0.54486758,0.18448974,0.07000000,0.00549451,0.50762320,-0.21149945,0.23999999,-0.01229746,6.06676435,-7.72657299,-0.54110152,-0.27601013,0.00122106,0.48315901,
9742,10.50353432,2.75224161,17.92347717,6.00000000,-0.28359374,0.40122071,-0.00246256,-1.04513037,0.21401747,0.07000000,0.00549451,0.22005808,-0.23999999,0.23999999,-0.01229746,4.20449829,-4.90786600,-1.02269113,-0.71262085,0.00122106,0.26585001,
9750,7.82681656,0.00250102,20.53136063,6.00000000,-0.32871094,0.42700195,0.07141787,-1.44852173,0.09063248,0.07000000,0.00549451,0.40985876,-0.23999999,0.23999999,-0.01229746,0.01570796,-1.34215820,-1.42996299,-0.83818275,0.00122106,-0.05696093,
9758,0.47422311,-1.19459987,20.53136063,6.00000000,-0.35610351,0.42216796,-0.17323741,-0.69963157,-0.15176460,0.07000000,0.00549451,0.12636217,-0.23999999,0.23999999,-0.01229746,-1.56556034,1.15715337,-0.68566495,-0.18736070,0.00122106,-0.15610135,
9766,0.88243449,1.34445107,15.83812714,6.00000000,-0.35288087,0.43828124,-0.02161005,0.07235695,-0.03510439,0.07000000,0.00549451,-0.15236090,-0.23999999,0.23999999,-0.01229746,-3.23584032,3.71929669,0.07962191,-0.29638550,0.00122106,-0.25635606,
9773,-1.57521355,-0.05376272,9.36300850,5.00000000,-0.36738282,0.43344727,-0.21459796,0.75107914,-0.05282871,0.07000000,0.00549451,-0.27273625,-0.14846849,0.11175001,-0.01229746,-5.05621910,5.95855379,0.75141823,-0.08491093,0.00122106,-0.36123949,
9782,-2.49099565,1.38754666,5.18033838,6.00000000,-0.22719726,0.20786133,-0.05753778,1.52597070,-0.04022660,0.07000000,0.00549451,-0.35924259,0.12699096,-0.17503232,-0.01229746,-6.19242811,7.37401628,1.52751565,0.03623948,0.00122106,-0.40368617,
9790,-2.65140724,0.44782254,1.42623019,6.00000000,0.16274413,-0.29809570,0.10567912,2.08730745,-0.02975295,0.07000000,0.00366300,-0.12109220,0.23999999,-0.23999999,-0.01229746,-5.70897198,6.09992552,2.10257435,0.20746809,0.00122106,-0.28942642,
9798,-0.97546601,-0.19262642,-2.72890687,6.00000000,0.33354491,-0.40927735,0.25670671,2.23562980,-0.10999162,0.07000000,0.00366300,0.32753953,0.23999999,-0.23999999,-0.01229746,-3.47495055,2.39459157,2.27215242,0.27296579,0.00122106,-0.04773754,
9806,0.13185227,-0.40930167,-1.39653361,6.00000000,0.34321290,-0.41894531,0.20856449,1.86435568,-0.17331718,0.07000000,0.00366300,0.46542916,0.23999999,-0.23999999,-0.01229746,-0.32986721,-1.24267435,1.89757466,0.18337512,0.00122106,0.17996258,
9814,0.58076507,-1.79075611,2.65445566,6.00000000,0.34321290,-0.43022460,-0.06115726,1.36650002,-0.09212885,0.07000000,0.00366300,0.56238860,0.23999999,-0.23999999,-0.01229746,2.27067351,-4.15737438,1.37582111,0.19036159,0.00122106,0.34736341,
9822,2.69484520,-1.13354766,5.92254114,6.00000000,0.35610351,-0.43505859,-0.27306026,0.71150619,0.01189235,0.07000000,0.00366300,0.66678911,0.23999999,-0.23999999,-0.01229746,4.49422264,-6.65843105,0.71178061,0.12723441,0.00122106,0.48113787,
9830,5.62415075,1.38036406,8.84466457,6.00000000,0.36416015,-0.42861328,-0.34213534,-0.15161890,0.11843195,0.07000000,0.00366300,0.72176492,0.23207818,-0.13563763,-0.01229746,6.33903599,-8.73013687,-0.14425176,-0.03930700,0.00122106,0.56265813,
9838,8.84794331,1.18284249,13.59356308,6.00000000,0.34643555,-0.26586914,0.14686276,-1.15058076,0.06926090,0.07000000,0.00366300,0.86108011,-0.23999999,0.23999999,-0.01229746,7.24835205,-10.01818943,-1.14237607,-0.49251899,0.00122106,0.57345945,
9845,10.97638893,-1.02939987,19.55153465,5.00000000,-0.31582031,0.39477539,0.09504524,-2.40941501,-0.07448878,0.07000000,0.00366300,0.74974477,-0.23999999,0.23999999,-0.01229746,5.47684288,-7.95870161,-2.39317799,-0.69943851,0.00122106,0.32620928,
9854,4.47493410,-0.52542043,20.53136063,6.00000000,-0.35610351,0.43989259,0.44440001,-3.36186075,-0.13738509,0.07000000,0.00366300,0.40739012,-0.23999999,0.23999999,-0.01229746,3.07177949,-4.39473915,-3.31768703,-0.83863986,0.00122106,0.03139433,
9862,-0.03574185,-4.53451109,20.53136063,6.00000000,-0.35771483,0.40927735,-0.13067269,-2.19163346,-0.08073130,0.07000000,0.00366300,0.31160590,-0.23999999,0.23999999,-0.01229746,0.59341192,-1.58126831,-2.16523218,-0.18851250,0.00122106,-0.07811249,
9870,-0.98145151,0.40113559,14.12627316,6.00000000,-0.35771483,0.42377931,-0.41482139,-1.45701623,0.03938604,0.07000000,0.00366300,-0.17388520,-0.23999999,0.23999999,-0.01229746,-1.03498018,1.59872162,-1.44309926,0.00936674,0.00122106,-0.21068294,
9878,-3.31340408,0.99130630,6.34152603,6.00000000,-0.35126954,0.43505859,-0.44494051,-0.36169150,0.03868036,0.07000000,0.00366300,-0.34493122,-0.08046351,0.03348646,-0.01229746,-2.87804794,4.00553083,-0.36932385,0.08484246,0.00122106,-0.29039127,
9886,-2.58556676,2.84441853,2.13611102,6.00000000,-0.13051757,0.08540039,-0.05414477,0.43190381,0.01160910,0.07000000,0.00366300,-0.43489850,0.04573242,-0.10451781,-0.01229746,-3.95491624,5.36688757,0.42054746,0.09316542,0.00122106,-0.32349193,
9894,-3.37206197,1.28938448,-2.18901443,6.00000000,0.04833984,-0.15952149,0.45950425,0.97873437,-0.06444504,0.07000000,0.00366300,-0.12362072,0.23999999,-0.23999999,-0.01229746,-3.83797884,4.23940468,0.98135251,0.46942627,0.00122106,-0.23147535,
9902,-2.03609729,0.64893550,-3.45315289,6.00000000,0.34321290,-0.41088867,0.52738738,1.24560058,-0.17515473,0.07000000,0.00366300,0.25979301,0.23999999,-0.23999999,-0.01229746,-1.82037842,0.95644039,1.26169789,0.46676001,0.00122106,-0.01124157,
9910,-0.49901989,-1.85420239,-1.46357131,6.00000000,0.35288087,-0.41733399,0.45610344,1.08951676,-0.19399428,0.07000000,0.00366300,0.43011546,0.23999999,-0.23999999,-0.01229746,1.01927233,-2.35619450,1.10525310,0.26079404,0.00122106,0.21094836,
9917,0.87285769,-2.22769785,1.64170825,5.00000000,0.34321290,-0.43344727,0.07725076,0.76609594,-0.04159812,0.07000000,0.00366300,0.43485379,0.23999999,-0.23999999,-0.01229746,3.50636625,-4.90612078,0.76926780,0.13443434,0.00122106,0.37868965,
9926,3.52084470,-1.90567768,5.77529764,6.00000000,0.34804687,-0.42377931,-0.35833594,0.25721645,0.16021749,0.07000000,0.00366300,0.48384085,0.23999999,-0.23999999,-0.01229746,5.82590866,-7.38972378,0.25374860,0.02926448,0.00122106,0.52171433,
9934,6.48366928,0.57830656,11.14908314,6.00000000,0.35610351,-0.43183595,-0.53838980,-0.45726821,0.31276724,0.07000000,0.00366300,0.52755356,0.08478358,-0.01503842,-0.01229746,7.60439968,-9.30086040,-0.45595169,-0.11335520,0.00122106,0.61171913,
9942,10.68908501,4.06785536,20.53136063,6.00000000,0.15146485,-0.03544922,-0.26695010,-1.25391936,0.27273798,0.07000000,0.00366300,0.55011052,-0.23999999,0.23999999,-0.01229746,8.05120373,-9.83493042,-1.22621298,-0.46174163,0.00122106,0.58932436,
9950,12.77682877,0.77941948,20.53136063,6.00000000,-0.32387695,0.39155275,0.04254271,-2.13631082,0.12854861,0.07000000,0.00366300,0.46725228,-0.23999999,0.23999999,-0.01229746,5.19759035,-6.72824430,-2.10534263,-0.92070961,0.00122106,0.29114288,
9958,5.06869602,0.31015593,20.53136063,6.00000000,-0.34160155,0.42216796,0.38668644,-2.38220525,-0.03666915,0.07000000,0.00366300,0.52303672,-0.23999999,0.23999999,-0.01229746,1.73834789,-3.43655324,-2.34482741,-0.72542238,0.00122106,0.02364580,
9966,-0.40444893,-3.03693795,18.45020103,6.00000000,-0.35288087,0.41411132,-0.11770004,-1.52048922,-0.07592929,0.07000000,0.00366300,0.04297441,-0.23999999,0.23999999,-0.01229746,-0.24260075,0.09599311,-1.50799477,-0.22798264,0.00122106,-0.12705447,
9974,-0.51458222,0.94102806,12.43476963,6.00000000,-0.34643555,0.42539063,-0.03735539,-0.46246788,0.11983980,0.07000000,0.00366300,-0.41043791,-0.23999999,0.23999999,-0.01229746,-1.66678941,3.00022078,-0.45667684,-0.15559463,0.00122106,-0.20976616,
9982,-3.58275175,-1.31550705,7.74811983,6.00000000,-0.35449219,0.42216796,-0.24724260,0.24327257,0.22126360,0.07000000,0.00366300,-0.57051384,-0.09954870,0.02219225,-0.01229746,-3.41735482,5.30580091,0.24685591,0.01219162,0.00122106,-0.31131169,
9989,-3.12306499,1.13495839,4.04309273,5.00000000,-0.15791015,0.04511719,-0.11849423,1.04997873,0.23884279,0.07000000,0.00366300,-0.60941589,0.09270951,-0.17495722,-0.01229746,-4.29874611,6.28842115,1.04694641,0.05902288,0.00122106,-0.32662052,
9998,-3.09433460,1.61858714,-0.62320650,6.00000000,0.12729493,-0.29487306,0.24623306,1.53824794,0.18126115,0.07000000,0.00366300,-0.17588669,0.23999999,-0.23999999,-0.01229746,-3.73849511,4.32143545,1.54454958,0.35704881,0.00122106,-0.18934302,
10006,-0.87131822,0.55077320,-2.72052717,6.00000000,0.33032227,-0.40766603,0.43839270,1.65766311,0.06933629,0.07000000,0.00549451,0.31137732,0.23999999,-0.23999999,-0.01229746,-1.64410007,0.61261052,1.68384624,0.35119444,0.00122106,0.04558702,
10014,0.17973630,-1.14073026,-0.88058317,6.00000000,0.34160155,-0.42055663,0.34303772,1.35371435,0.01876963,0.07000000,0.00549451,0.41635048,0.23999999,-0.23999999,-0.01229746,1.28979838,-2.63893771,1.37559772,0.14710914,0.00122106,0.25611433,
10022,1.67252111,-0.93722314,3.46728706,6.00000000,0.36093751,-0.42377931,0.00165761,0.85629135,0.18466452,0.07000000,0.00366300,0.48274192,0.23999999,-0.23999999,-0.01229746,3.77689242,-5.34419823,0.86368060,0.04609807,0.00122106,0.41223249,
10030,4.50845289,-0.62717402,7.50750256,6.00000000,0.36093751,-0.42861328,-0.30380049,0.16272986,0.33219606,0.07000000,0.00366300,0.62608731,0.22503471,-0.14140439,-0.01229746,5.77005863,-7.79464054,0.16219866,-0.06736203,0.00122106,0.52976942,
10038,8.12848568,1.44261336,11.99543381,6.00000000,0.34321290,-0.25620118,-0.29882175,-0.69408923,0.36564055,0.07000000,0.00366300,0.56228614,-0.18501967,0.23999999,-0.01229746,7.35481739,-9.18392277,-0.68789279,-0.27112353,0.00122106,0.57721394,
10046,12.18067265,-0.16269889,15.92671299,6.00000000,-0.24653320,0.39799803,0.10840626,-1.53575051,0.25842288,0.07000000,0.00366300,0.40780073,-0.23999999,0.23999999,-0.01229746,5.60599756,-6.92895699,-1.52638209,-0.81507385,0.00122106,0.36018336,
10054,6.24903774,0.70041084,20.53136063,6.00000000,-0.33354491,0.42700195,0.04752425,-1.97169137,0.00398427,0.07000000,0.00366300,0.58853108,-0.23999999,0.23999999,-0.01229746,1.89019167,-3.75245786,-1.94431055,-0.67220247,0.00122106,0.06509021,
10061,1.66773272,-0.38057125,20.53136063,5.00000000,-0.34482422,0.41733399,0.00827940,-1.30978835,-0.22368193,0.07000000,0.00366300,0.31606641,-0.23999999,0.23999999,-0.01229746,-0.07853982,-0.90408051,-1.28118718,-0.46169871,0.00122106,-0.06756038,
10070,0.05643491,0.87279332,16.12064362,6.00000000,-0.35449219,0.42216796,0.05109480,-0.30956832,-0.09694081,0.07000000,0.00366300,-0.01805329,-0.23999999,0.23999999,-0.01229746,-2.04552579,2.09963107,-0.29727197,-0.24330133,0.00122106,-0.17888713,
10078,-2.86449122,-1.43042874,8.86381817,6.00000000,-0.35449219,0.41733399,-0.04178311,0.45233738,-0.03893918,0.07000000,0.00549451,-0.38059551,0.02606171,-0.07780795,-0.01229746,-3.47320533,4.72809696,0.39735845,0.06590731,0.00122106,-0.28160226,
10086,-2.86449122,0.37719360,3.69234204,6.00000000,0.00966797,-0.12407227,-0.07039073,1.22376621,0.05104143,0.07000000,0.00549451,-0.45099318,0.21295126,-0.23999999,-0.01229746,-3.81179905,5.24645996,1.22562349,0.09198090,0.00122106,-0.24978843,
10094,-2.02053499,0.20241687,-2.72651267,6.00000000,0.30937499,-0.40283203,0.21309885,1.55090714,0.02977547,0.07000000,0.00549451,-0.02509865,0.23999999,-0.23999999,-0.01229746,-2.30034399,2.38237453,1.57084620,0.32409376,0.00122106,-0.05383538,
10102,-1.06524861,0.18206614,-2.94917345,6.00000000,0.34643555,-0.41249999,0.23074827,1.39019728,-0.11157653,0.07000000,0.00549451,0.28782931,0.23999999,-0.23999999,-0.01229746,0.52708948,-1.48702049,1.41821933,0.35102472,0.00122106,0.18417926,
10110,-1.43275857,-0.81511885,-0.27245596,6.00000000,0.35288087,-0.43183595,0.22444133,1.13998306,-0.12976539,0.07000000,0.00366300,0.56479639,0.23999999,-0.23999999,-0.01229746,2.95309711,-4.75951290,1.15541780,0.34294564,0.00122106,0.38008034,
10118,0.96024609,-1.25924325,1.69438076,6.00000000,0.36254883,-0.42700195,0.01385422,0.81337529,-0.04613576,0.07000000,0.00366300,0.63174713,0.23999999,-0.23999999,-0.01229746,5.45589924,-7.51364231,0.81892055,0.20079583,0.00122106,0.55624789,
10126,2.51528001,0.24790670,6.82515478,6.00000000,0.35932618,-0.42861328,-0.25746223,0.31750280,0.08236092,0.07000000,0.00366300,0.74084282,0.23999999,-0.23999999,-0.01229746,7.51887798,-9.90823460,0.31987229,0.14426541,0.00122106,0.68846440,
10133,6.74703169,1.17446280,12.54609966,5.00000000,0.35771483,-0.42377931,-0.28091207,-0.39858985,0.13050817,0.07000000,0.00366300,0.98625922,0.21066549,-0.07882753,-0.01229746,9.11236382,-12.30457115,-0.39569828,-0.10672012,0.00122106,0.78380197,
10142,9.26932335,1.46296406,18.45020103,6.00000000,0.31582031,-0.15952149,-0.17083296,-1.29389334,0.07597239,0.07000000,0.00366300,0.90622604,-0.16665187,0.23999999,-0.01229746,10.29569721,-13.27148438,-1.27905500,-0.27033889,0.00122106,0.79510552,
10150,11.43128681,-0.20818873,17.09867477,6.00000000,-0.21591797,0.40283203,0.03688027,-2.15334058,-0.01257673,0.07000000,0.00366300,0.27935731,-0.23999999,0.23999999,-0.01229746,9.12458134,-10.05658722,-2.13367939,-0.63136649,0.00122106,0.56549925,
10158,6.99004316,-0.61041462,18.38914871,6.00000000,-0.33354491,0.41733399,0.05729033,-2.51682544,-0.03332271,0.07000000,0.00366300,-0.19784206,-0.23999999,0.23999999,-0.01229746,5.50127792,-4.89739418,-2.48579931,-0.80758291,0.00122106,0.19852772,
10166,0.64181721,-2.24445724,20.10219955,6.00000000,-0.35126954,0.42700195,-0.08928499,-2.36336660,-0.05057086,0.07000000,0.00366300,-0.14821003,-0.23999999,0.23999999,-0.01229746,2.79776287,-2.32128787,-2.33201361,-0.12284052,0.00122106,0.01959668,
10174,-0.78392988,0.72195864,12.00022221,6.00000000,-0.35449219,0.42377931,-0.43163294,-1.16199410,-0.06947560,0.07000000,0.00366300,-0.42497975,-0.23999999,0.23999999,-0.01229746,0.55326939,0.77143556,-1.15673375,-0.16491583,0.00122106,-0.10038064,
10182,-2.83216953,1.05714691,8.10246181,6.00000000,-0.35449219,0.42377931,0.06488789,-0.27703747,-0.14861044,0.07000000,0.00366300,-0.55825311,-0.05349360,-0.02273032,-0.01229746,-1.20602250,2.99323964,-0.28288871,0.06978953,0.00122106,-0.18156302,
10190,-3.72520661,1.14094388,3.92098832,6.00000000,-0.07895508,-0.02739258,0.11268371,0.59532064,-0.10220859,0.07000000,0.00366300,-0.43597841,0.23999999,-0.23999999,-0.01229746,-2.28987193,3.67740870,0.58856320,0.22020635,0.00122106,-0.18039335,
10198,-1.42198467,0.63097894,-0.18985599,6.00000000,0.32709962,-0.40766603,0.35529479,1.00389099,-0.20367469,0.07000000,0.00366300,-0.26650125,0.23999999,-0.23999999,-0.01229746,-0.54279739,1.39800870,1.00836074,0.31096223,0.00122106,0.00337440,
10205,-0.94314432,-1.19340277,-1.82988417,5.00000000,0.34482422,-0.42377931,0.50761074,1.00007343,-0.19920115,0.07000000,0.00366300,0.03891170,0.23999999,-0.23999999,-0.01229746,1.85703039,-1.98269403,1.01788485,0.42627925,0.00122106,0.22181821,
10214,1.16614735,-2.46232963,1.12815201,6.00000000,0.34160155,-0.41572267,0.07174034,0.68573344,-0.19522718,0.07000000,0.00366300,0.14246300,0.23999999,-0.23999999,-0.01229746,4.56403589,-5.04923725,0.69742060,0.14428967,0.00122106,0.41833103,
10222,2.58710623,-1.24368095,4.81282854,6.00000000,0.34482422,-0.42539063,-0.16278560,0.16231860,-0.01498829,0.07000000,0.00366300,0.28117552,0.23999999,-0.23999999,-0.01229746,6.92197609,-7.77020597,0.16624588,-0.02061130,0.00122106,0.57233202,
10230,6.21671581,0.90990347,8.68305588,6.00000000,0.36254883,-0.41572267,-0.35478169,-0.49356467,0.09870850,0.07000000,0.00366300,0.37387320,-0.11908522,0.16771489,-0.01229746,8.94655704,-10.18225098,-0.49124664,-0.27425066,0.00122106,0.69051051,
10238,8.70788288,1.54795825,13.48103523,6.00000000,-0.15307617,0.27553710,-0.22560625,-1.27710927,0.12527074,0.07000000,0.00366300,0.24058308,-0.23999999,0.23999999,-0.01229746,8.79296875,-9.57313061,-1.26735020,-0.46187198,0.00122106,0.60263181,
10246,9.85470581,1.11819899,17.96537590,6.00000000,-0.32226563,0.41088867,0.12303211,-1.61515903,0.06384532,0.07000000,0.00366300,0.02865461,-0.23999999,0.23999999,-0.01229746,4.85550642,-4.92531919,-1.59198713,-1.04363608,0.00122106,0.25862977,
10254,0.90039104,0.32930955,20.53136063,6.00000000,-0.36416015,0.42861328,0.17200173,-1.61520028,-0.12097044,0.07000000,0.00366300,0.01317083,-0.09114182,0.09152457,-0.01229746,2.59181404,-2.66860843,-1.60332513,0.09668183,0.00122106,0.07621635,
10262,1.25832415,-1.77040529,16.65095901,6.00000000,-0.13857421,0.16918945,0.04041926,-0.45660341,-0.12385307,0.07000000,0.00366300,-0.12703678,-0.23999999,0.23999999,-0.01229746,1.16762531,-0.76096350,-0.44529331,-0.40512463,0.00122106,0.04205110,
10270,-0.36255038,-1.32388675,10.93719673,6.00000000,-0.34643555,0.43022460,-0.08897698,-0.01795455,-0.07909790,0.07000000,0.00366300,0.02385153,-0.07018840,0.07307808,-0.01229746,-0.92153382,0.85172069,-0.01574057,-0.04134303,0.00122106,-0.06490572,
10277,-3.07398391,-0.33388433,9.99268341,5.00000000,-0.12084961,0.13535157,-0.42860323,0.47817171,-0.12641539,0.07000000,0.00366300,-0.13135889,0.20294888,-0.22087377,-0.01229746,-1.64410007,2.06472445,0.47788161,0.11567867,0.00122106,-0.10428726,
10286,-2.22763348,0.96975851,3.61453056,6.00000000,0.27875978,-0.37705079,-0.03339928,1.02685702,-0.08250716,0.07000000,0.00366300,-0.17310104,0.23999999,-0.23999999,-0.01229746,0.24085544,0.31590459,1.03072584,0.19002098,0.00122106,0.07752739,
10294,0.95545763,1.08108890,-4.14268303,6.00000000,0.33837891,-0.42055663,0.09088619,0.93760943,-0.16262217,0.07000000,0.00366300,0.05674197,0.23999999,-0.23999999,-0.01229746,2.49233031,-2.65464592,0.95650244,0.11175662,0.00122106,0.26837847,
10302,1.87243688,-1.20896506,-2.62835050,6.00000000,0.34804687,-0.42539063,0.26125130,0.64481539,-0.24649151,0.07000000,0.00366300,0.28289074,0.23999999,-0.23999999,-0.01229746,4.70540762,-5.65661240,0.66109139,-0.02668692,0.00122106,0.44297242,
10310,1.08354747,-2.06010365,3.25180888,6.00000000,0.35288087,-0.42216796,0.17478797,0.18491678,-0.23291042,0.07000000,0.00366300,0.50684536,0.23999999,-0.23999999,-0.01229746,6.97084475,-8.60796452,0.18514833,-0.00088824,0.00122106,0.60770547,
10318,3.15932035,-1.49866343,7.51109362,6.00000000,0.36254883,-0.43183595,0.00739685,-0.44240844,-0.20250693,0.07000000,0.00366300,0.71588826,0.18126169,-0.08617190,-0.01229746,9.10189247,-11.35336685,-0.45060986,-0.09551996,0.00122106,0.74493688,
10326,6.56148100,0.31494436,10.23808956,6.00000000,0.27392578,-0.16113281,-0.05100876,-1.15182745,-0.17180911,0.07000000,0.00366300,0.45488098,-0.21249312,0.23999999,-0.01229746,10.79137039,-12.27664661,-1.14918995,-0.29650867,0.00122106,0.79237539,
10334,9.18073750,0.79378468,14.72242928,6.00000000,-0.28681642,0.40283203,-0.02545477,-1.77315295,-0.13211654,0.07000000,0.00366300,0.09555173,-0.23999999,0.23999999,-0.01229746,9.54695129,-9.83143902,-1.75670540,-0.66949141,0.00122106,0.60574210,
10342,9.64401531,0.47056746,18.59624672,6.00000000,-0.32065430,0.41572267,0.06458513,-1.89109790,-0.13134684,0.07000000,0.00366300,-0.22940196,-0.23999999,0.23999999,-0.01229746,5.42622852,-4.67573690,-1.86163783,-1.09794688,0.00122106,0.24492654,
10349,2.80018997,-1.41486633,20.53136063,5.00000000,-0.35771483,0.43344727,0.06274180,-1.57427788,-0.18206209,0.07000000,0.00366300,-0.05847275,-0.23999999,0.23999999,-0.01229746,2.69129777,-2.50803804,-1.55646372,-0.07812226,0.00122106,0.07967956,
10358,2.09509778,0.76864558,13.87129021,6.00000000,-0.34965819,0.42377931,-0.28905180,-0.38393342,-0.20528108,0.07000000,0.00366300,-0.34999472,-0.23999999,0.23999999,-0.01229746,0.31590459,0.82205003,-0.35287583,-0.43257779,0.00122106,-0.04402459,
10366,-1.03532112,-1.49507213,10.57208061,6.00000000,-0.35771483,0.42700195,-0.16668637,0.29960710,-0.24404646,0.07000000,0.00366300,-0.37838653,-0.23950677,0.18798903,-0.01229746,-1.77849054,3.00371170,0.30391324,-0.15478495,0.00122106,-0.15724477,
10374,-1.33100498,1.80533493,6.24096966,6.00000000,-0.34321290,0.33193359,-0.04615128,1.07114136,-0.24092251,0.07000000,0.00366300,-0.54621178,-0.06471993,-0.00906358,-0.01229746,-3.58665156,5.36339664,1.06655014,-0.08201194,0.00122106,-0.25963417,
10382,-2.88244772,-0.38775384,4.60094166,6.00000000,-0.10473633,-0.00322266,0.00345709,1.63622081,-0.27673465,0.07000000,0.00366300,-0.27059948,0.23999999,-0.23999999,-0.01229746,-4.65304804,5.52571249,1.64532423,0.08378424,0.00122106,-0.26431400,
10390,-2.16658139,0.50408626,2.88669324,6.00000000,0.32226563,-0.40444335,0.17050716,2.04448509,-0.26748076,0.07000000,0.00366300,-0.02953887,0.23999999,-0.23999999,-0.01229746,-2.96880507,3.05607152,2.05865550,0.24575157,0.00122106,-0.07324101,
10398,0.54006368,-1.27241135,-0.58130795,6.00000000,0.34160155,-0.42700195,0.21194459,1.95147300,-0.24441753,0.07000000,0.00366300,0.08078722,0.23999999,-0.23999999,-0.01229746,0.20943952,-0.48171088,1.97962105,0.16356833,0.00122106,0.17582944,
10406,2.50929451,-1.66266620,2.04632831,6.00000000,0.34321290,-0.41894531,-0.04252418,1.44732296,-0.18267034,0.07000000,0.00366300,0.13434170,0.23999999,-0.23999999,-0.01229746,2.77332807,-3.24456692,1.46615601,-0.03154880,0.00122106,0.33991617,
10414,3.81772590,-0.93243474,6.41095829,6.00000000,0.34965819,-0.42539063,-0.21329521,0.72809446,-0.10593142,0.07000000,0.00366300,0.32808214,0.15969422,-0.11621183,-0.01229746,4.76474905,-5.82241869,0.73298520,-0.14846751,0.00122106,0.45869523,
10421,5.74745226,0.59027755,10.35899639,5.00000000,0.23686524,-0.21430664,-0.24419618,-0.05173996,-0.08448945,0.07000000,0.00366300,0.41305113,-0.09201795,0.14658624,-0.01229746,6.08247232,-7.43684816,-0.05138206,-0.25463331,0.00122106,0.51173586,
10430,10.00793457,1.74069142,14.72003555,6.00000000,-0.11601563,0.23525390,0.11880419,-1.01065207,-0.11269988,0.07000000,0.00366300,0.24811573,-0.23999999,0.23999999,-0.01229746,4.95673513,-5.77878523,-1.00233161,-0.80289531,0.00122106,0.33383453,
10438,6.70393610,-0.76962900,20.53136063,6.00000000,-0.33515626,0.42700195,0.07014389,-1.53341639,-0.19506386,0.07000000,0.00366300,0.20278260,-0.23999999,0.23999999,-0.01229746,2.48011303,-3.12413931,-1.51724660,-0.63697475,0.00122106,0.09864193,
10446,-0.93715876,-1.11678827,20.53136063,6.00000000,-0.35126954,0.41733399,-0.09507161,-0.68952018,-0.33805168,0.07000000,0.00366300,0.01882923,-0.18500271,0.18677506,-0.01229746,0.53930676,-0.60388392,-0.67269105,-0.06096965,0.00122106,-0.00733443,
10454,0.38803184,0.45859644,15.58194733,6.00000000,-0.27231446,0.33999023,0.01123111,0.19736934,-0.25607377,0.07000000,0.00366300,-0.17333460,-0.23999999,0.23999999,-0.01229746,-1.04719758,1.61268425,0.20242900,-0.27389371,0.00122106,-0.08709753,
10462,-0.84258783,-0.65829867,8.50109577,6.00000000,-0.35449219,0.42377931,-0.16124769,0.78763974,-0.25356472,0.07000000,0.00366300,-0.19291724,-0.08563514,0.05965812,-0.01229746,-2.90597320,3.52207446,0.78876019,-0.10337722,0.00122106,-0.18634596,
10470,-3.07757521,1.40071476,6.30082464,6.00000000,-0.13535157,0.11923828,-0.12974191,1.51328802,-0.23019283,0.07000000,0.00366300,-0.39083323,0.23999999,-0.23999999,-0.01229746,-3.48716784,4.74904108,1.51495361,0.08767156,0.00122106,-0.19796568,
10478,-1.45670056,0.27065161,0.23870611,6.00000000,0.32387695,-0.39799803,0.11777288,1.89779341,-0.20050582,0.07000000,0.00366300,-0.16867122,0.23999999,-0.23999999,-0.01229746,-2.19387889,2.73667622,1.91567779,0.15290403,0.00122106,-0.04566817,
10486,-0.06686647,1.31572068,-4.44195843,6.00000000,0.33354491,-0.41411132,0.18311706,1.89285505,-0.26590112,0.07000000,0.00366300,0.07799327,0.23999999,-0.23999999,-0.01229746,0.83775806,-1.08559477,1.92981219,0.22780856,0.00122106,0.22370291,
10493,0.52689552,-0.49190164,-0.65792245,5.00000000,0.35126954,-0.43344727,0.12118318,1.47656882,-0.28667477,0.07000000,0.00366300,0.25509524,0.23999999,-0.23999999,-0.01229746,3.19220710,-3.99680400,1.50505531,0.16527905,0.00122106,0.39291382,
10502,1.15776765,-1.85300529,3.82641745,6.00000000,0.34965819,-0.42861328,-0.04034496,0.97275484,-0.21869299,0.07000000,0.00366300,0.45857626,0.23999999,-0.23999999,-0.01229746,5.51000452,-7.01098776,0.97962606,0.11644488,0.00122106,0.54707795,
10510,3.43225932,-0.17466991,8.29878616,6.00000000,0.35610351,-0.41894531,-0.23794217,0.31233838,-0.14341028,0.07000000,0.00366300,0.56231958,0.23999999,-0.23999999,-0.01229746,7.65675974,-9.45270252,0.31256437,0.01845872,0.00122106,0.67398012,
10518,6.44775629,1.45099306,11.67461014,6.00000000,0.34804687,-0.41894531,-0.22613028,-0.47094944,-0.10649338,0.07000000,0.00366300,0.72284645,0.04333118,0.05263680,-0.01229746,9.46492004,-11.77573681,-0.46651009,-0.20275749,0.00122106,0.77262533,
10526,9.88223839,2.60978675,16.59948349,6.00000000,0.07412110,0.07412110,0.03843364,-1.34615386,-0.13364449,0.07000000,0.00366300,0.59624064,-0.23999999,0.23999999,-0.01229746,9.88903522,-11.81064320,-1.32436550,-0.54216677,0.00122106,0.72288573,
10534,10.16595173,-0.63675082,17.79179573,6.00000000,-0.32387695,0.39960939,0.12872672,-2.15415359,-0.19197135,0.07000000,0.00366300,0.21145579,-0.23999999,0.23999999,-0.01229746,7.05287552,-7.71959114,-2.13389611,-0.92543894,0.00122106,0.39992157,
10542,4.76223850,-0.30635101,19.81369972,6.00000000,-0.34804687,0.43666992,0.26307365,-2.49786401,-0.17049940,0.07000000,0.00366300,-0.05555524,-0.23999999,0.23999999,-0.01229746,3.67915416,-3.50287580,-2.46708488,-0.57634163,0.00122106,0.08676025,
10550,-4.00293398,-3.14228296,20.53136063,6.00000000,-0.34804687,0.41894531,-0.28662923,-1.57092905,-0.16164061,0.07000000,0.00366300,-0.01493112,0.13356584,-0.13681607,-0.01229746,1.64410007,-1.60395765,-1.52862906,0.27430278,0.00122106,0.00536375,
10558,-0.44515035,2.27818966,10.59123421,6.00000000,0.17563477,-0.23041992,-0.45882368,-0.53220558,-0.08840647,0.07000000,0.00366300,-0.12383199,-0.23999999,0.23999999,-0.01229746,1.35612082,-0.95644039,-0.53236115,-0.15809470,0.00122106,0.04751235,
10565,1.44387484,2.12615800,-1.51504660,5.00000000,-0.33354491,0.40444335,-0.18309636,-0.26650608,-0.14966191,0.07000000,0.00366300,-0.25370586,-0.22206673,0.18696955,-0.01229746,0.30543262,0.51312679,-0.27642643,-0.11640129,0.00122106,-0.03014000,
10574,-3.65577483,1.58147705,6.66594076,6.00000000,-0.32548827,0.33999023,-0.01719111,0.11497638,-0.21279465,0.07000000,0.00366300,-0.15042326,0.17238963,-0.19300178,-0.01229746,-1.68947875,2.18166161,0.11111459,0.15111136,0.00122106,-0.13923486,
10582,-4.10468769,1.71555233,4.66199398,6.00000000,0.23686524,-0.32065430,0.16011256,0.84788877,-0.24253823,0.07000000,0.00366300,-0.10583413,0.23999999,-0.23999999,-0.01229746,-1.04719758,1.38928211,0.84680837,0.29745632,0.00122106,-0.02677295,
10590,0.90757364,-0.78519136,-1.77840889,6.00000000,0.35288087,-0.41249999,0.30018821,0.98955756,-0.28441912,0.07000000,0.00366300,0.18006134,0.23999999,-0.23999999,-0.01229746,1.21474910,-1.79943442,1.00380671,0.12840685,0.00122106,0.18813065,
10598,2.64456701,-2.10679078,0.36200750,6.00000000,0.34482422,-0.43344727,0.14258926,0.63479632,-0.24872392,0.07000000,0.00366300,0.36009511,0.18517391,-0.13713476,-0.01229746,3.37721205,-4.56927156,0.64380777,-0.08661865,0.00122106,0.35176429,
10606,5.07348442,-1.69857931,5.77290344,6.00000000,0.27070314,-0.26264650,-0.18191978,0.05960455,-0.19077010,0.07000000,0.00366300,0.43836427,-0.07892898,0.13713828,-0.01229746,5.11905050,-6.51007795,0.05650485,-0.23937261,0.00122106,0.44721085,
10614,6.93138504,-0.03101780,11.66862488,6.00000000,-0.09506836,0.21269532,-0.32457998,-0.54775298,-0.09602743,0.07000000,0.00366300,0.17675161,-0.23999999,0.23999999,-0.01229746,4.83281660,-5.40353966,-0.54751271,-0.36061388,0.00122106,0.34877050,
10622,6.92180824,3.35917187,19.55033684,6.00000000,-0.33676758,0.41249999,-0.28893986,-0.82583517,-0.07092932,0.07000000,0.00366300,-0.25002748,-0.23999999,0.23999999,-0.01229746,2.54469013,-1.73660266,-0.81043971,-0.65952069,0.00122106,0.10247956,
10630,-0.84737623,0.62499344,20.53136063,6.00000000,-0.34321290,0.43666992,0.25151980,-0.23010415,-0.12910418,0.07000000,0.00366300,-0.14391945,0.03608634,-0.05625334,-0.01229746,0.22863814,0.24260075,-0.22157335,0.05279958,0.00122106,-0.01154168,
10637,3.56513762,-0.64153922,16.84967804,5.00000000,0.03544922,-0.07089844,-0.06266334,0.48514542,-0.23303004,0.07000000,0.00366300,-0.01718546,-0.23999999,0.23999999,-0.01229746,-0.55501467,0.60562927,0.48698965,-0.62771416,0.00122106,-0.00530273,
10646,6.62851858,-0.74089861,5.35631227,6.00000000,-0.32871094,0.41894531,0.08235416,0.47377124,-0.16012512,0.07000000,0.00366300,-0.14257541,-0.23999999,0.23999999,-0.01229746,-2.24100256,2.69653368,0.50935119,-0.74276358,0.00122106,-0.14808920,
10654,-3.84491682,-1.41486633,13.75756645,6.00000000,-0.35932618,0.42700195,-0.19649009,0.65697342,-0.14671198,0.07000000,0.00366300,-0.28833765,0.23999999,-0.23999999,-0.01229746,-3.38593864,4.30921793,0.65833354,0.25225222,0.00122106,-0.24322459,
10662,-2.10672641,1.62816393,7.18667936,6.00000000,0.32548827,-0.40283203,-0.13240884,1.37204885,-0.05434909,0.07000000,0.00366300,-0.37909812,0.17606232,-0.22725080,-0.01229746,-2.42251706,3.66868210,1.37100363,0.00457224,0.00122106,-0.12691280,
10670,1.08235037,1.54197276,-2.41167521,6.00000000,0.24331054,-0.38994139,-0.07613698,1.38857758,-0.02949299,0.07000000,0.00366300,-0.01963219,0.23999999,-0.23999999,-0.01229746,0.10122910,-0.04014257,1.40684819,0.02834019,0.00122106,0.11349854,
10678,0.71484041,1.53957856,-0.63517749,6.00000000,0.34965819,-0.43183595,0.05686421,1.00635850,-0.04748487,0.07000000,0.00366300,0.33615908,0.23999999,-0.23999999,-0.01229746,2.11882973,-3.15730047,1.01137531,0.07788549,0.00122106,0.27495056,
10686,0.70885485,-0.28719738,2.96450472,6.00000000,0.34965819,-0.43183595,0.06248821,0.52901852,-0.08180112,0.07000000,0.00549451,0.54333109,0.23999999,-0.23999999,-0.01229746,4.30921793,-6.10341644,0.53731608,0.09806673,0.00122106,0.43446624,
10694,2.51049161,-0.78040296,6.56059551,6.00000000,0.34804687,-0.42377931,0.07876140,-0.07906035,-0.05692183,0.07000000,0.00549451,0.68485683,0.23999999,-0.15411527,-0.01229746,6.62701559,-8.88372612,-0.08139986,-0.04195414,0.00122106,0.58263344,
10702,5.17763233,-0.51225233,8.97634506,6.00000000,0.35449219,-0.28842774,-0.07093963,-0.73370463,-0.03044308,0.07000000,0.00549451,0.61233079,-0.02674901,0.10749930,-0.01229746,8.68999386,-10.67268848,-0.73801970,-0.18551709,0.00122106,0.68175173,
10709,8.83716965,-0.11720906,11.96670341,5.00000000,-0.02739258,0.15629883,-0.07478893,-1.35475421,-0.00487343,0.07000000,0.00549451,0.30207258,-0.23999999,0.23999999,-0.01229746,8.66555977,-9.61152840,-1.35019672,-0.50317788,0.00122106,0.59583437,
10718,9.28009701,1.08108890,15.75792122,6.00000000,-0.32548827,0.39155275,-0.02408857,-1.57627141,-0.00800308,0.07000000,0.00549451,-0.19048306,-0.23999999,0.23999999,-0.01229746,5.52571249,-4.92706442,-1.55611753,-0.89326233,0.00122106,0.27977511,
10726,3.53401279,0.32092986,20.53136063,6.00000000,-0.34965819,0.43183595,0.21277817,-1.55192268,-0.06863043,0.07000000,0.00366300,0.00742768,-0.23999999,0.23999999,-0.01229746,1.96698606,-1.99840200,-1.53275704,-0.29475123,0.00122106,0.03177832,
10734,-0.47986627,-1.16706645,18.58188248,6.00000000,-0.35610351,0.42216796,-0.33400208,-0.42087036,-0.21185872,0.07000000,0.00366300,-0.17681289,-0.23999999,0.23999999,-0.01229746,-0.14137168,0.69813168,-0.40415001,-0.14218269,0.00122106,-0.06515976,
10742,-1.01377320,1.56112635,12.65503597,6.00000000,-0.35610351,0.43183595,-0.05639631,0.33557630,-0.11854848,0.07000000,0.00366300,-0.38819039,-0.18651190,0.13367444,-0.01229746,-1.80292523,3.05956221,0.33522844,-0.11964251,0.00122106,-0.15752560,
10750,-2.57239866,0.77103978,8.72255993,6.00000000,-0.27714843,0.24653320,-0.23943381,1.03045917,-0.18946213,0.07000000,0.00366300,-0.38385984,0.01438466,-0.06615414,-0.01229746,-3.39466548,4.63908482,1.02827990,-0.03800867,0.00122106,-0.22769076,
10758,-1.75717282,1.11341059,4.24420547,6.00000000,0.00644531,-0.10151367,0.14996259,1.56443465,-0.21431918,0.07000000,0.00366300,-0.21446884,0.23999999,-0.23999999,-0.01229746,-3.54127288,4.23416901,1.56875491,0.09360724,0.00122106,-0.17572874,
10766,-1.36452377,-0.18424670,0.95816374,6.00000000,0.32709962,-0.41411132,0.16915987,1.84228492,-0.23960657,0.07000000,0.00366300,0.09895107,0.23999999,-0.23999999,-0.01229746,-1.64933610,1.33517683,1.86137450,0.21152329,0.00122106,0.02305306,
10774,1.87004268,-1.41366923,-1.68264079,6.00000000,0.34160155,-0.41733399,0.19516450,1.50508726,-0.18213618,0.07000000,0.00366300,0.25772151,0.23999999,-0.23999999,-0.01229746,1.08210409,-1.90415418,1.53282261,0.00952448,0.00122106,0.23181073,
10781,1.16135895,-0.73491311,1.86796033,5.00000000,0.35610351,-0.44150391,-0.05421415,1.12222111,-0.17728092,0.07000000,0.00366300,0.39913541,0.23999999,-0.23999999,-0.01229746,3.15206480,-4.47851515,1.13743234,0.06990253,0.00122106,0.38138062,
10790,3.56394029,-0.45598862,6.37384796,6.00000000,0.35610351,-0.43344727,-0.18739864,0.38172084,-0.06467388,0.07000000,0.00366300,0.56431031,0.23999999,-0.20417017,-0.01229746,5.43320990,-7.22566319,0.38505250,-0.04657781,0.00122106,0.51121360,
10798,5.37156248,1.13615549,10.77079964,6.00000000,0.36416015,-0.36899415,-0.21399587,-0.44914559,-0.01422150,0.07000000,0.00366300,0.55997908,0.03931233,0.03486966,-0.01229746,7.39670515,-9.24326324,-0.44514322,-0.14689168,0.00122106,0.60408926,
10806,9.43212891,1.83765662,14.73559761,6.00000000,0.07412110,0.04833984,0.12850942,-1.33008313,-0.01855158,0.07000000,0.00366300,0.37159503,-0.23999999,0.23999999,-0.01229746,7.82256603,-9.03382397,-1.31527638,-0.61252010,0.00122106,0.54141074,
10814,10.89019775,0.19284005,18.40590858,6.00000000,-0.32387695,0.39799803,0.21919346,-2.11898208,-0.03655177,0.07000000,0.00366300,0.01523083,-0.23999999,0.23999999,-0.01229746,5.15744781,-5.21853447,-2.09330320,-1.01041830,0.00122106,0.23727158,
10822,1.96221948,-1.72252131,20.53136063,6.00000000,-0.35771483,0.42539063,0.18496740,-2.04766726,-0.02603824,0.07000000,0.00366300,-0.06953181,-0.23999999,0.23999999,-0.01229746,2.52200079,-2.28638124,-2.02795720,-0.06110078,0.00122106,0.02967717,
10830,1.34451544,-1.73808360,16.16014671,6.00000000,-0.35771483,0.42539063,-0.24676193,-0.77852499,-0.04957334,0.07000000,0.00366300,-0.35459933,-0.23999999,0.23999999,-0.01229746,0.27925268,0.82205003,-0.75481439,-0.38036290,0.00122106,-0.07786844,
10838,-1.31065428,0.70160794,11.02458477,6.00000000,-0.35610351,0.42055663,-0.26280624,-0.02578657,0.00778685,0.07000000,0.00366300,-0.42453313,-0.23999999,0.23999999,-0.01229746,-1.75929189,3.15904593,-0.02613497,-0.18073580,0.00122106,-0.18940327,
10846,-2.04208279,1.47373796,6.59770584,6.00000000,-0.34965819,0.42055663,-0.22829072,0.62454015,-0.00514062,0.07000000,0.00366300,-0.61229336,-0.19630468,0.11342743,-0.01229746,-3.68788075,5.69850016,0.61938453,-0.10307816,0.00122106,-0.30877036,
10853,-2.58077836,1.52042484,3.70191884,5.00000000,-0.28842774,0.20625000,-0.01578976,1.25177467,-0.01086301,0.07000000,0.00366300,-0.60667938,0.04265229,-0.12427767,-0.01229746,-5.48556948,7.40892267,1.24947309,0.01937715,0.00122106,-0.39609998,
10862,-3.29305315,0.84765422,2.31328177,6.00000000,0.05156250,-0.19819336,0.23387000,1.85531414,-0.07440943,0.07000000,0.00366300,-0.22106025,0.23999999,-0.23999999,-0.01229746,-5.60599756,6.32507324,1.86363864,0.28303608,0.00122106,-0.31111652,
10870,-0.50380826,-0.84863770,-0.69024414,6.00000000,0.33999023,-0.40766603,0.41710523,2.03869653,-0.13782755,0.07000000,0.00366300,0.13970333,0.23999999,-0.23999999,-0.01229746,-3.39466548,2.95309711,2.06612873,0.24222635,0.00122106,-0.08211343,
10878,0.35211882,-3.34818435,-0.34907040,6.00000000,0.34482422,-0.41733399,0.23662522,1.90124857,-0.11729311,0.07000000,0.00366300,0.32654575,0.23999999,-0.23999999,-0.01229746,-0.37873647,-0.65100777,1.92468226,0.13908333,0.00122106,0.15071577,
10886,2.71519589,-1.94518209,4.37588644,6.00000000,0.35932618,-0.43183595,-0.13736649,1.27928174,0.03179298,0.07000000,0.00549451,0.36418539,0.23999999,-0.23999999,-0.01229746,2.20609617,-3.40513754,1.28705716,0.00241157,0.00122106,0.31039077,
10894,3.56872892,-0.48831034,8.44962120,6.00000000,0.34965819,-0.43828124,-0.40731490,0.55806470,0.15188088,0.07000000,0.00549451,0.47644690,0.23999999,-0.23999999,-0.01229746,4.26209402,-5.82241869,0.55783314,0.01575037,0.00122106,0.42648515,
10902,7.20193005,4.17559481,15.26232147,6.00000000,0.35288087,-0.42861328,-0.29140753,-0.37264931,0.20118298,0.07000000,0.00366300,0.50775832,-0.13215873,0.19947833,-0.01229746,6.27794933,-7.92030382,-0.35918862,-0.25019526,0.00122106,0.51174647,
10910,11.05898857,1.34445107,15.64299965,6.00000000,-0.16435547,0.33032227,0.26093942,-1.51188302,0.15024310,0.07000000,0.00366300,0.43106419,-0.23999999,0.23999999,-0.01229746,5.40353966,-6.79456663,-1.49967337,-0.79137683,0.00122106,0.34907347,
10918,6.13291883,-0.68463486,20.53136063,6.00000000,-0.34160155,0.43344727,0.32966179,-2.12204194,0.05207520,0.07000000,0.00366300,0.34022686,-0.23999999,0.23999999,-0.01229746,2.25845599,-3.36324930,-2.09755373,-0.70560271,0.00122106,0.05418217,
10925,-0.68217629,-1.60759962,20.53136063,5.00000000,-0.35610351,0.41894531,-0.07195402,-1.49583197,-0.04615530,0.07000000,0.00366300,0.10777265,-0.23999999,0.23999999,-0.01229746,0.58817595,-0.92502451,-1.47453380,-0.08905476,0.00122106,-0.05636501,
10934,1.24276185,1.14812648,16.16972351,6.00000000,-0.35771483,0.43183595,-0.16012566,-0.51249510,0.08273175,0.07000000,0.00366300,-0.21269843,-0.23999999,0.23999999,-0.01229746,-1.32295966,2.00712872,-0.49929535,-0.31710234,0.00122106,-0.16714525,
10942,-2.23960447,-0.00468158,9.33188438,6.00000000,-0.35126954,0.42216796,-0.17556469,0.21279688,0.08577207,0.07000000,0.00549451,-0.36714017,-0.13931152,0.08926986,-0.01229746,-3.12064886,4.32143545,0.21252936,-0.03771961,0.00122106,-0.26290309,
10950,-1.73921633,1.97292900,3.19793940,6.00000000,-0.20947266,0.16113281,-0.13240096,0.92225659,0.08029015,0.07000000,0.00549451,-0.37072825,-0.06236303,0.01230721,-0.01229746,-4.64606667,5.85034370,0.91889405,-0.04878132,0.00122106,-0.32839969,
10958,-2.70288253,1.55514085,-0.46758339,6.00000000,-0.09990235,0.02416992,0.17847192,1.45251679,0.05115905,0.07000000,0.00366300,-0.21436247,0.23999999,-0.23999999,-0.01229746,-5.25693178,5.94459152,1.46122992,0.22315554,0.00122106,-0.31647196,
10966,-2.65858984,-0.20699163,-0.91889042,6.00000000,0.32871094,-0.41733399,0.35760680,1.83734250,-0.03626190,0.07000000,0.00366300,0.03939660,0.23999999,-0.23999999,-0.01229746,-3.62330365,3.50287580,1.85825479,0.36844277,0.00122106,-0.13092622,
10974,-0.40564603,-1.21375346,-2.72651267,6.00000000,0.34160155,-0.42055663,0.42019022,1.72718501,-0.06604460,0.07000000,0.00549451,0.14161479,0.23999999,-0.23999999,-0.01229746,-0.33161256,-0.13613568,1.75956309,0.27095613,0.00122106,0.12971836,
10982,1.10748947,-2.44796443,1.09104192,6.00000000,0.34804687,-0.42539063,0.04689671,1.32574737,0.00445597,0.07000000,0.00549451,0.21114007,0.23999999,-0.23999999,-0.01229746,2.37015724,-3.04210901,1.34356976,0.11028597,0.00122106,0.30934697,
10990,2.06636715,-1.73808360,5.09893560,6.00000000,0.35932618,-0.43344727,-0.27955511,0.79846829,0.15237670,0.07000000,0.00366300,0.29887450,0.23999999,-0.23999999,-0.01229746,4.70540762,-5.66184807,0.80394888,0.06218053,0.00122106,0.45587897,
10997,4.98130798,0.31255013,9.05415630,5.00000000,0.36093751,-0.42700195,-0.47232741,0.14583386,0.27249750,0.07000000,0.00366300,0.39998245,0.15791985,-0.10515178,-0.01229746,6.57465553,-7.86445379,0.14675122,-0.11310106,0.00122106,0.56186801,
11006,8.37030029,3.65724993,16.55997849,6.00000000,0.24331054,-0.20141602,-0.02653494,-0.80375582,0.24762176,0.07000000,0.00366300,0.48763201,-0.23999999,0.23999999,-0.01229746,7.52585983,-9.11585426,-0.79174608,-0.46830487,0.00122106,0.57442605,
11014,12.36023712,1.66527414,20.53136063,6.00000000,-0.33193359,0.39799803,0.04819560,-2.03275323,0.11665468,0.07000000,0.00549451,0.39054948,-0.23999999,0.23999999,-0.01229746,5.37386847,-6.64097786,-2.00781441,-0.84259307,0.00122106,0.30432552,
11022,4.03559828,-0.82469565,20.53136063,6.00000000,-0.34160155,0.42055663,0.40740663,-2.41323066,0.04764258,0.07000000,0.00549451,0.39524990,-0.23999999,0.23999999,-0.01229746,1.88321030,-3.16253662,-2.38385487,-0.59596407,0.00122106,0.01146474,
11030,-0.81505448,-3.70731449,20.53136063,6.00000000,-0.35932618,0.42700195,-0.13309820,-1.67032182,-0.05411826,0.07000000,0.00366300,0.17806727,-0.23999999,0.23999999,-0.01229746,-0.10646509,-0.45727628,-1.65095651,-0.11675999,0.00122106,-0.10755147,
11038,-0.44275615,1.92863631,15.07916546,6.00000000,-0.35288087,0.42377931,-0.24251464,-0.66152292,0.08211207,0.07000000,0.00366300,-0.17798749,-0.23999999,0.23999999,-0.01229746,-1.59523094,2.19387889,-0.64616227,-0.11200543,0.00122106,-0.19724900,
11046,-3.48698354,0.14016762,8.11203861,6.00000000,-0.35932618,0.43666992,-0.22539203,0.05026736,0.10141321,0.07000000,0.00366300,-0.33663297,0.00420545,-0.04981658,-0.01229746,-3.52731061,4.61814117,0.04815346,0.10000042,0.00122106,-0.30942446,
11054,-1.88167131,2.16805649,1.38193738,6.00000000,-0.00644531,-0.06606445,-0.13915800,0.84182078,0.08515064,0.07000000,0.00366300,-0.33484682,0.02696598,-0.07199485,-0.01229746,-4.22544241,5.30580091,0.83655578,0.01464964,0.00122106,-0.29755491,
11062,-2.49937534,1.64013493,-3.11197925,6.00000000,0.03544922,-0.11118164,0.21619853,1.23252106,0.03185687,0.07000000,0.00366300,-0.04729700,0.23999999,-0.23999999,-0.01229746,-3.68264461,3.83274317,1.24368560,0.32360598,0.00122106,-0.19084522,
11069,-1.88406551,0.14136472,-2.28837371,5.00000000,0.32871094,-0.40605468,0.33306506,1.43169212,-0.06210897,0.07000000,0.00366300,0.30218068,0.23999999,-0.23999999,-0.01229746,-1.93033409,1.00356436,1.45215535,0.33216169,0.00122106,-0.00294031,
11078,0.02291609,-1.52380252,-2.55891848,6.00000000,0.34643555,-0.41733399,0.42835152,1.23465574,-0.08930851,0.07000000,0.00366300,0.42176703,0.23999999,-0.23999999,-0.01229746,1.28630757,-2.64417386,1.25590706,0.14546141,0.00122106,0.24469872,
11086,1.60189211,-1.47232723,1.42623019,6.00000000,0.35610351,-0.42216796,-0.03325829,0.80994284,-0.01225920,0.07000000,0.00549451,0.52395147,0.23999999,-0.23999999,-0.01229746,3.69137144,-5.38783169,0.81725550,0.07182120,0.00122106,0.40384331,
11094,2.72836399,-1.81828940,6.20026827,6.00000000,0.35932618,-0.42055663,-0.27209815,0.25229123,0.16700298,0.07000000,0.00549451,0.62442398,0.23999999,-0.23999999,-0.01229746,5.87303305,-7.90634155,0.24678862,0.07049581,0.00122106,0.54802608,
11102,6.15925503,1.05834401,11.42321968,6.00000000,0.35449219,-0.43666992,-0.54264235,-0.59138769,0.25063491,0.07000000,0.00366300,0.72508812,0.22737542,-0.13087189,-0.01229746,7.86619902,-10.22762966,-0.58784652,-0.01367459,0.00122106,0.64459115,
11110,10.91773129,1.81730592,15.88720798,6.00000000,0.34965819,-0.25458986,0.09826176,-1.55006611,0.20861992,0.07000000,0.00366300,0.72795516,-0.23999999,0.23999999,-0.01229746,9.03906059,-11.39001846,-1.53147018,-0.57557988,0.00122106,0.66815108,
11118,12.34587193,2.11059570,20.53136063,6.00000000,-0.32387695,0.38994139,0.12379518,-2.91646409,0.07211080,0.07000000,0.00549451,0.56984103,-0.23999999,0.23999999,-0.01229746,7.00749683,-8.85405540,-2.86776066,-0.76628643,0.00122106,0.38647506,
11126,4.58027887,-1.41726053,20.53136063,6.00000000,-0.34965819,0.41733399,0.32389528,-3.31985402,-0.02778059,0.07000000,0.00549451,0.50068092,-0.23999999,0.23999999,-0.01229746,3.40513754,-5.02654839,-3.27355981,-0.73669362,0.00122106,0.06866714,
11134,-0.69773865,-1.72850680,20.53136063,6.00000000,-0.35771483,0.41894531,-0.03625034,-2.36016011,-0.03879635,0.07000000,0.00366300,0.20289356,-0.23999999,0.23999999,-0.01229746,1.41720724,-2.07868719,-2.32382250,-0.21453208,0.00122106,-0.04374194,
11141,-0.43916485,-0.57450157,13.64623547,5.00000000,-0.35610351,0.41894531,-0.29789069,-1.41684639,0.06963576,0.07000000,0.00366300,-0.05604425,-0.23999999,0.23999999,-0.01229746,-0.54105204,0.71209431,-1.40602565,-0.10210621,0.00122106,-0.15244882,
11150,-3.44628215,0.40472689,5.24737597,6.00000000,-0.35771483,0.42861328,-0.32307869,-0.43375644,0.05519197,0.07000000,0.00366300,-0.39408371,-0.00122607,-0.05253682,-0.01229746,-2.37713838,3.57443428,-0.41627723,0.14046529,0.00122106,-0.25830758,
11158,-2.18453789,2.61696935,0.78458411,6.00000000,-0.01127930,-0.06928711,-0.15452129,0.34730956,0.06748515,0.07000000,0.00549451,-0.28424424,0.00842126,-0.04712085,-0.01229746,-3.36324930,4.28652859,0.33411658,0.05027335,0.00122106,-0.26291600,
11166,-3.12306499,1.40789747,-2.75284886,6.00000000,0.00644531,-0.08056641,0.25878638,0.69320893,-0.04346980,0.07000000,0.00549451,-0.06690976,0.23999999,-0.23999999,-0.01229746,-2.89550114,3.11017656,0.69614112,0.39937860,0.00122106,-0.17659643,
11174,-2.64781594,0.67527169,-0.44364136,6.00000000,0.33676758,-0.40283203,0.41970664,0.94693065,-0.11024574,0.07000000,0.00549451,0.22386268,0.23999999,-0.23999999,-0.01229746,-0.95993108,0.27401668,0.95593393,0.41895616,0.00122106,0.02102968,
11182,0.88722289,-1.60400832,-1.87537396,6.00000000,0.35288087,-0.42539063,0.46647149,0.80674684,-0.10728297,0.07000000,0.00549451,0.37909836,0.23999999,-0.23999999,-0.01229746,1.77499974,-2.98276758,0.82017535,0.10899982,0.00122106,0.24146995,
11190,2.69125390,-1.49028373,2.39348769,6.00000000,0.34321290,-0.42539063,0.01458421,0.36783162,-0.01965574,0.07000000,0.00549451,0.46232748,0.21187712,-0.15039982,-0.01229746,4.15562916,-5.66010237,0.36998665,-0.05285264,0.00122106,0.39812630,
11198,4.38395452,-2.23727465,7.83909941,6.00000000,0.31098634,-0.28681642,-0.28131351,-0.32441166,0.13847356,0.07000000,0.00549451,0.43999669,0.08095686,-0.02305557,-0.01229746,6.06851006,-7.50840664,-0.33349797,-0.08890895,0.00122106,0.49165416,
11206,9.07658958,-0.36022052,13.73003292,6.00000000,0.13051757,-0.05478515,-0.49054825,-1.05270934,0.17679739,0.07000000,0.00366300,0.19035819,-0.23999999,0.23999999,-0.01229746,6.84867191,-7.45953703,-1.05083799,-0.40441704,0.00122106,0.46569663,
11213,10.88660622,2.75583291,18.54716682,5.00000000,-0.32226563,0.39316407,0.04848588,-1.54156137,0.12047700,0.07000000,0.00366300,-0.10160233,-0.23999999,0.23999999,-0.01229746,4.85899639,-4.50644016,-1.51750231,-0.93676049,0.00122106,0.24156828,
11222,4.06552553,1.24509168,20.53136063,6.00000000,-0.35610351,0.42861328,0.10955035,-1.79982734,0.03967436,0.07000000,0.00366300,0.08375010,-0.23999999,0.23999999,-0.01229746,2.01236463,-2.29336262,-1.78065062,-0.34109646,0.00122106,0.02893655,
11230,2.19325995,-1.09883177,20.34162140,6.00000000,-0.35449219,0.41733399,-0.06260964,-0.56262445,-0.15117700,0.07000000,0.00366300,-0.09349495,-0.23999999,0.23999999,-0.01229746,-0.51312679,0.80459678,-0.53805196,-0.40705091,0.00122106,-0.09200759,
11238,-1.22925138,0.21917628,16.27028084,6.00000000,-0.35288087,0.43344727,-0.13749401,0.01560666,-0.10679167,0.07000000,0.00366300,-0.29002941,-0.17317128,0.13362351,-0.01229746,-2.01061916,2.93564367,0.01907372,-0.06533232,0.00122106,-0.18970309,
11246,-1.50697875,-0.31113940,9.10084343,6.00000000,-0.26264650,0.23525390,-0.07018042,0.77551860,-0.18124269,0.07000000,0.00549451,-0.33340773,-0.08457231,0.03933930,-0.01229746,-3.43306255,4.51167631,0.77614951,-0.07612715,0.00122106,-0.24273261,
11254,-1.96786261,1.17925119,3.81803775,6.00000000,-0.12890625,0.06928711,0.02446504,1.38696516,-0.22046745,0.07000000,0.00549451,-0.19669916,0.23935214,-0.23999999,-0.01229746,-4.19577122,4.82932615,1.39008069,0.07457178,0.00122106,-0.23869449,
11262,-2.96504760,0.31255013,1.52918077,6.00000000,0.32871094,-0.39799803,0.16110815,1.78470480,-0.22286026,0.07000000,0.00366300,0.03152564,0.23999999,-0.23999999,-0.01229746,-2.57959676,2.48011303,1.79932022,0.29508483,0.00122106,-0.05452892,
11270,1.06798518,0.48134136,-5.47146511,6.00000000,0.34321290,-0.41572267,0.29011241,1.78916705,-0.28575805,0.07000000,0.00366300,0.28234312,0.23999999,-0.23999999,-0.01229746,0.38571778,-1.26885426,1.82754886,0.13425270,0.00122106,0.20375621,
11278,-0.64147490,-0.48352194,-1.09486425,6.00000000,0.34160155,-0.43183595,0.02488960,1.38867927,-0.25015995,0.07000000,0.00366300,0.46390250,0.23999999,-0.23999999,-0.01229746,2.86583066,-4.38426685,1.41525602,0.25111371,0.00122106,0.38895893,
11285,1.25473285,-1.49746633,2.36116600,5.00000000,0.35610351,-0.43183595,-0.11062416,0.91223353,-0.13823548,0.07000000,0.00366300,0.54345101,0.23999999,-0.23999999,-0.01229746,5.24296904,-6.99527931,0.91950166,0.18606013,0.00122106,0.54102486,
11294,2.33691192,-0.44162339,5.46405125,6.00000000,0.34965819,-0.41894531,-0.42307690,0.30346721,-0.06687479,0.07000000,0.00366300,0.59146070,0.23999999,-0.23999999,-0.01229746,7.55378485,-9.46841145,0.30500054,0.21492088,0.00122106,0.67398083,
11302,6.15087557,2.26502156,8.32871342,6.00000000,0.35610351,-0.42216796,-0.39437941,-0.52833992,0.05316275,0.07000000,0.00366300,0.68036389,0.22219501,-0.13200748,-0.01229746,9.48237324,-11.61691093,-0.51734322,-0.06065735,0.00122106,0.76042247,
11310,8.72344494,2.69358373,13.36132526,6.00000000,0.32709962,-0.24975586,0.12176251,-1.54054999,0.00585182,0.07000000,0.00366300,0.62009597,-0.23999999,0.23999999,-0.01229746,10.98510265,-13.04982662,-1.52073741,-0.48934716,0.00122106,0.79486382,
11318,11.82752800,-0.45120019,18.04797554,6.00000000,-0.33032227,0.38349611,0.17193297,-2.95747757,-0.10190257,0.07000000,0.00366300,0.45932543,-0.23999999,0.23999999,-0.01229746,9.35321999,-10.87514591,-2.93055797,-0.86784321,0.00122106,0.54268086,
11326,8.15482235,-1.63393581,20.53136063,6.00000000,-0.33515626,0.42539063,0.47339511,-3.79420519,-0.08250883,0.07000000,0.00366300,0.13455474,-0.23999999,0.23999999,-0.01229746,5.57981777,-6.00742340,-3.73866105,-1.04321706,0.00122106,0.16442877,
11334,-1.06285441,-4.15263605,20.53136063,6.00000000,-0.35449219,0.42216796,-0.19544327,-3.14337516,-0.12844305,0.07000000,0.00366300,0.19846204,-0.21350846,0.23847006,-0.01229746,3.46447849,-4.08057976,-3.12157321,0.19538856,0.00122106,0.05114707,
11342,2.90314078,3.97208738,14.63504124,6.00000000,-0.30615234,0.42539063,-0.46110860,-1.98968160,0.04041114,0.07000000,0.00366300,-0.26989603,-0.23999999,0.23999999,-0.01229746,1.35612082,-0.47996554,-1.95968509,-0.26234844,0.00122106,-0.07543905,
11350,-2.62626815,0.41669792,9.82868099,6.00000000,-0.34482422,0.43022460,-0.37442419,-1.05869985,-0.02387250,0.07000000,0.00549451,-0.24463840,-0.23999999,0.23999999,-0.01229746,-0.93026048,1.71391332,-1.06083596,-0.03093705,0.00122106,-0.18389985,
11357,-1.16101670,2.90068221,4.19153309,5.00000000,-0.35288087,0.42377931,-0.10102604,-0.33418295,-0.05473873,0.07000000,0.00549451,-0.45300192,-0.23999999,0.23999999,-0.01229746,-3.05258083,4.51167631,-0.34828585,-0.08185333,0.00122106,-0.31915379,
11366,-3.15778089,1.04757011,2.00921822,6.00000000,-0.34804687,0.42861328,0.21206684,0.43950316,-0.11798927,0.07000000,0.00549451,-0.61168158,0.09484795,-0.17766424,-0.01229746,-5.32674503,7.34260035,0.43221793,0.17596549,0.00122106,-0.44903022,
11374,-2.73400712,-0.92285794,1.96612263,6.00000000,0.12084961,-0.29648438,0.33618274,1.17680597,-0.13991986,0.07000000,0.00549451,-0.49167073,0.23999999,-0.23999999,-0.01229746,-5.54491138,7.14014196,1.18621504,0.29155672,0.00122106,-0.39335522,
11382,-0.43317932,-0.21656844,-1.03261495,6.00000000,0.33999023,-0.40927735,0.36900964,1.24672794,-0.21966705,0.07000000,0.00549451,-0.14225894,0.23999999,-0.23999999,-0.01229746,-3.06654334,3.51509309,1.26467359,0.34144807,0.00122106,-0.15080313,
11390,0.15579429,-2.81308007,1.42623019,6.00000000,0.34643555,-0.42539063,0.10731108,1.12895608,-0.13955177,0.07000000,0.00549451,0.04931358,0.23999999,-0.23999999,-0.01229746,0.34732053,-0.50789082,1.14605534,0.22713120,0.00122106,0.11641125,
11398,5.21713686,-2.33543682,2.93218303,6.00000000,0.35610351,-0.41733399,-0.15706907,0.66966468,-0.01630283,0.07000000,0.00549451,0.12372775,-0.13766271,0.15347204,-0.01229746,2.64940977,-3.04559946,0.68083274,-0.28798568,0.00122106,0.27052659,
11406,5.76181746,-0.81152755,7.90494013,6.00000000,-0.18046875,0.23525390,-0.42718428,-0.18814579,0.09430707,0.07000000,0.00366300,-0.01445164,-0.23999999,0.23999999,-0.01229746,2.71922302,-2.67908049,-0.18792379,-0.31815588,0.00122106,0.19097534,
11414,6.00243473,2.98088789,19.76222420,6.00000000,-0.34804687,0.43022460,-0.34211132,-0.67726976,0.24678315,0.07000000,0.00366300,-0.28509736,-0.23999999,0.23999999,-0.01229746,1.31597829,-0.36651915,-0.67342019,-0.67815959,0.00122106,0.01002879,
11422,2.72118139,0.68843979,20.53136063,6.00000000,-0.34482422,0.42055663,0.14220740,0.14836594,0.03694795,0.07000000,0.00366300,-0.06931742,-0.23999999,0.23999999,-0.01229746,-1.21823990,1.44338727,0.15618283,-0.34232482,0.00122106,-0.08805337,
11429,3.41789412,0.01686623,20.53136063,5.00000000,-0.36093751,0.43828124,0.15561639,0.36644861,-0.09574228,0.07000000,0.00366300,-0.01889133,-0.23999999,0.23999999,-0.01229746,-3.20791531,3.30390835,0.36405003,-0.51505578,0.00122106,-0.21853043,
11438,0.83455044,-0.67266387,16.98494911,6.00000000,-0.35610351,0.42861328,-0.17921934,0.86796665,-0.11769845,0.07000000,0.00366300,-0.20168522,-0.23999999,0.23999999,-0.01229746,-4.86772299,5.53443909,0.88361526,-0.24090326,0.00122106,-0.32712859,
11446,0.56520277,0.61302245,12.64067078,6.00000000,-0.35288087,0.43666992,-0.09580684,1.47883630,-0.09895717,0.07000000,0.00366300,-0.30618471,-0.23999999,0.23999999,-0.01229746,-6.52753162,7.53284121,1.47411585,-0.27824032,0.00122106,-0.42132941,
11454,-1.51176715,1.00327730,8.80156803,6.00000000,-0.35932618,0.41733399,-0.03588356,2.02508307,-0.16138354,0.07000000,0.00366300,-0.39758682,0.00379896,-0.05630161,-0.01229746,-8.29380512,9.56091309,2.02435637,-0.07372263,0.00122106,-0.52814168,
11462,-1.41001368,0.99370050,5.73818731,6.00000000,-0.00966797,-0.08378907,0.02296053,2.59549737,-0.15326810,0.07000000,0.00366300,-0.36760363,0.14950266,-0.19766951,-0.01229746,-8.85231018,10.04611492,2.60316038,-0.04347146,0.00122106,-0.52168924,
11470,-1.80266273,0.14615312,0.90908259,6.00000000,0.19335937,-0.32065430,0.16522899,2.87588191,-0.20461559,0.07000000,0.00366300,-0.02811715,0.23999999,-0.23999999,-0.01229746,-7.25184298,7.34085512,2.90602636,0.22808994,0.00122106,-0.33627880,
11478,1.26430964,0.16770095,-2.96593285,6.00000000,0.33999023,-0.40605468,0.24331595,2.77574348,-0.19894932,0.07000000,0.00366300,0.31144452,0.23999999,-0.23999999,-0.01229746,-4.89739418,3.90430140,2.82680488,0.05265406,0.00122106,-0.12263194,
11486,-0.23086929,-1.53218222,0.92943329,6.00000000,0.33676758,-0.41572267,-0.00321431,2.20290804,-0.18094534,0.07000000,0.00366300,0.52798611,0.23999999,-0.23999999,-0.01229746,-1.76801860,0.03665191,2.23181129,0.18178739,0.00122106,0.09241740,
11494,2.69364810,-2.04095006,3.47446966,6.00000000,0.34643555,-0.42055663,-0.14362752,1.58589256,-0.07006795,0.07000000,0.00366300,0.57224137,0.23999999,-0.23999999,-0.01229746,1.19031453,-3.09446883,1.59435391,0.07268453,0.00122106,0.28470516,
11501,3.17009425,-0.32550460,5.47841644,5.00000000,0.35449219,-0.41733399,-0.45930004,0.97425663,-0.01376489,0.07000000,0.00366300,0.67875028,0.23999999,-0.23999999,-0.01229746,3.13810205,-5.36165190,0.98087507,0.14398542,0.00122106,0.39864823,
11510,6.32684898,3.22389936,9.91846371,6.00000000,0.35932618,-0.42377931,-0.33639973,-0.03736187,0.05701354,0.07000000,0.00366300,0.80645722,0.18940847,-0.08123670,-0.01229746,5.30929184,-7.95521069,-0.01988095,-0.06975311,0.00122106,0.49891090,
11518,9.94807911,1.42106557,11.54532337,6.00000000,0.29970703,-0.15791015,0.21601053,-1.20677960,0.01415697,0.07000000,0.00366300,0.79858524,-0.23999999,0.23999999,-0.01229746,6.18893766,-8.75980759,-1.19724298,-0.58248281,0.00122106,0.47834879,
11526,11.20144367,0.19164295,15.47420883,6.00000000,-0.30937499,0.38994139,0.21084467,-2.56755757,-0.10692749,0.07000000,0.00366300,0.56406593,-0.23999999,0.23999999,-0.01229746,4.24987650,-6.08945370,-2.54461980,-0.89564043,0.00122106,0.19572651,
11534,4.08827066,-1.56330693,20.53136063,6.00000000,-0.36899415,0.43344727,0.32459339,-3.34782171,-0.12393071,0.07000000,0.00366300,0.17735335,-0.23999999,0.23999999,-0.01229746,1.85877562,-2.43124366,-3.30787992,-0.72557777,0.00122106,-0.08837910,
11542,-1.69971204,-3.28952622,20.53136063,6.00000000,-0.35610351,0.43344727,-0.08833507,-2.47009969,-0.02575805,0.07000000,0.00366300,0.03483067,-0.23999999,0.23999999,-0.01229746,0.04886922,-0.15707964,-2.43821001,0.04884171,0.00122106,-0.17967293,
11550,0.09953055,1.74547982,13.39484406,6.00000000,-0.36093751,0.42539063,-0.40627292,-1.60388982,0.08274429,0.07000000,0.00366300,-0.35478216,-0.23999999,0.23999999,-0.01229746,-1.31074226,2.48883963,-1.59148026,-0.17034525,0.00122106,-0.26823872,
11558,-2.06003928,0.87159622,9.29597092,6.00000000,-0.34643555,0.43505859,-0.31586426,-0.81415057,0.11086755,0.07000000,0.00366300,-0.47484946,-0.23999999,0.23999999,-0.01229746,-3.28645492,4.83630753,-0.81783670,-0.11525914,0.00122106,-0.37003684,
11566,-1.16939640,3.32206178,3.73543763,6.00000000,-0.34804687,0.43989259,-0.12344030,-0.01765034,0.04628617,0.07000000,0.00366300,-0.68708056,-0.23999999,0.23999999,-0.01229746,-5.26914883,7.45779181,-0.03673106,-0.12974262,0.00122106,-0.48766792,
11573,-3.03328228,1.69999003,2.23068190,5.00000000,-0.34482422,0.42539063,0.28260714,0.64781266,0.02669638,0.07000000,0.00366300,-0.74542302,0.03660098,-0.13693854,-0.01229746,-7.29547644,9.75813580,0.64109504,0.16238162,0.00122106,-0.60099936,
11582,-2.13665390,0.14495602,2.07865000,6.00000000,0.03544922,-0.23203126,0.37796098,1.33763993,-0.06194434,0.07000000,0.00366300,-0.59172267,0.23999999,-0.23999999,-0.01229746,-7.86096287,9.75464535,1.34442139,0.28924799,0.00122106,-0.56892437,
11590,-0.92159647,-1.41486633,-0.57173115,6.00000000,0.32709962,-0.39799803,0.39936641,1.56776452,-0.11851998,0.07000000,0.00549451,-0.16894871,0.23999999,-0.23999999,-0.01229746,-5.60948801,6.14704990,1.59313726,0.39370316,0.00122106,-0.32805145,
11598,1.67611241,-2.23488045,0.04477577,6.00000000,0.34321290,-0.42216796,0.15576847,1.49826670,-0.02398904,0.07000000,0.00549451,0.02717265,0.23999999,-0.23999999,-0.01229746,-2.39808226,2.32826900,1.52385068,0.10771239,0.00122106,-0.06086017,
11606,4.04756927,-2.02179646,4.81402540,6.00000000,0.34643555,-0.42861328,-0.26978648,0.86213660,0.07927133,0.07000000,0.00549451,0.04563821,-0.03302927,0.03862921,-0.01229746,0.60737455,-0.76794487,0.87069094,-0.18456374,0.00122106,0.12139918,
11614,5.20037746,0.29698783,10.36139107,6.00000000,-0.02416992,0.04672851,-0.41484126,0.10422904,0.19143704,0.07000000,0.00549451,0.02017924,-0.23999999,0.23999999,-0.01229746,1.29852498,-1.35786617,0.10294616,-0.26316240,0.00122106,0.10872721,
11622,8.45409775,4.14925814,17.02684784,6.00000000,-0.32548827,0.39638671,-0.20231546,-0.40284997,0.21949480,0.07000000,0.00549451,-0.16994192,-0.23999999,0.23999999,-0.01229746,-1.16937065,1.68249738,-0.40132976,-0.83018982,0.00122106,-0.13535020,
11630,2.72237849,0.02524594,20.53136063,6.00000000,-0.35610351,0.43989259,0.32471353,-0.65134376,0.13496496,0.07000000,0.00549451,-0.17499921,-0.23999999,0.23999999,-0.01229746,-2.74365759,3.35975885,-0.64587653,-0.25366104,0.00122106,-0.27991110,
11638,4.23790836,-1.02102017,20.53136063,6.00000000,-0.35449219,0.43022460,0.10997855,0.04057231,-0.05848253,0.07000000,0.00549451,-0.06654833,-0.23999999,0.23999999,-0.01229746,-5.11381483,5.32848978,0.05071342,-0.60463941,0.00122106,-0.39415178,
11645,-1.06644571,-1.22692156,18.59983826,5.00000000,-0.35449219,0.43183595,-0.28924054,0.44350848,-0.01714953,0.07000000,0.00549451,-0.19717273,-0.15252224,0.12621248,-0.01229746,-6.40884924,7.03891277,0.44341406,-0.01603174,0.00122106,-0.47896177,
11654,0.35092172,1.11101639,11.70334053,6.00000000,-0.24008790,0.22880860,-0.15595354,1.13535523,-0.04155238,0.07000000,0.00549451,-0.42780250,-0.23999999,0.23999999,-0.01229746,-7.30245733,8.68999386,1.13307071,-0.27576441,0.00122106,-0.52026147,
11662,-0.94673562,0.55316740,6.10569715,6.00000000,-0.34804687,0.44311523,0.04021793,1.48831725,-0.07029561,0.07000000,0.00366300,-0.28565574,-0.09444731,0.05717060,-0.01229746,-9.31133175,10.22413826,1.49247551,-0.05146611,0.00122106,-0.63230181,
11670,-2.25516677,1.50605965,5.03309488,6.00000000,-0.14018555,0.12729493,-0.02003206,2.04290915,-0.15460895,0.07000000,0.00366300,-0.28945673,0.10256845,-0.14003417,-0.01229746,-10.29918766,11.23468494,2.04951954,0.03241026,0.00122106,-0.66376477,
11678,-1.87808001,0.55077320,1.03717232,6.00000000,0.13535157,-0.22236328,0.34812969,2.46316671,-0.12261610,0.07000000,0.00366300,-0.06220391,0.23999999,-0.23999999,-0.01229746,-9.54345989,9.74766350,2.48524308,0.21771766,0.00122106,-0.54658371,
11686,-0.42599672,-0.22255394,-1.67426109,6.00000000,0.34643555,-0.40927735,0.22210653,2.53144407,-0.14677262,0.07000000,0.00366300,0.18830527,0.23999999,-0.23999999,-0.01229746,-7.25533390,6.62352467,2.56993294,0.18590730,0.00122106,-0.33375391,
11694,-0.04890996,-2.35099936,0.66247982,6.00000000,0.35126954,-0.41249999,0.10866044,2.07363892,-0.10834368,0.07000000,0.00549451,0.43797708,0.23999999,-0.23999999,-0.01229746,-4.08407068,2.69653368,2.09998655,0.18233217,0.00122106,-0.09154668,
11702,0.73279691,-1.66027200,4.44890976,6.00000000,0.34643555,-0.42055663,-0.25036722,1.51944637,-0.07137677,0.07000000,0.00549451,0.55466592,0.23999999,-0.23999999,-0.01229746,-0.98087507,-0.81506878,1.52590537,0.25066340,0.00122106,0.10925298,
11710,2.74751759,-0.57689577,7.39258099,6.00000000,0.34965819,-0.42377931,-0.39953718,0.78506345,0.05500947,0.07000000,0.00549451,0.62337142,0.23999999,-0.23999999,-0.01229746,1.59523094,-3.55698109,0.78723592,0.19029570,0.00122106,0.25193650,
11717,5.28537130,3.78653669,10.89888954,5.00000000,0.35610351,-0.41572267,-0.38805228,0.01279979,0.09200046,0.07000000,0.00549451,0.68459678,0.23209812,-0.14039887,-0.01229746,3.45924258,-5.65137577,0.03209448,0.00942588,0.00122106,0.34565195,
11726,10.01511669,0.41550082,13.05486774,6.00000000,0.35449219,-0.26103514,0.20591347,-1.31497526,0.05491435,0.07000000,0.00549451,0.73308712,-0.23999999,0.23999999,-0.01229746,4.71587992,-7.04938459,-1.31190217,-0.60174471,0.00122106,0.34570533,
11734,11.43008995,0.61900795,16.01050949,6.00000000,-0.32226563,0.38833007,0.40646964,-2.70364285,-0.06444006,0.07000000,0.00549451,0.50926363,-0.23999999,0.23999999,-0.01229746,3.07003403,-4.72984219,-2.67423773,-0.97072101,0.00122106,0.08978742,
11742,2.59907722,-2.75083089,20.53136063,6.00000000,-0.35288087,0.42861328,0.28460464,-3.34449792,-0.07598668,0.07000000,0.00549451,0.29574931,-0.23999999,0.23999999,-0.01229746,-0.10122910,-0.84997535,-3.31163692,-0.53642100,0.00122106,-0.22603694,
11750,-3.32178378,-2.71372080,20.53136063,6.00000000,-0.35932618,0.43183595,-0.28122184,-2.71587014,0.05077249,0.07000000,0.00549451,0.05456570,-0.23999999,0.23999999,-0.01229746,-1.40324473,1.23220241,-2.68197846,0.16252571,0.00122106,-0.30378979,
11758,1.25233865,2.56788826,13.76834011,6.00000000,-0.35288087,0.42055663,-0.49552748,-1.83310688,0.16571632,0.07000000,0.00549451,-0.36541611,-0.23999999,0.23999999,-0.01229746,-2.79601741,3.93746281,-1.81669545,-0.25198111,0.00122106,-0.39348108,
11766,-2.89920712,1.56591475,9.28519726,6.00000000,-0.35449219,0.42700195,-0.33508888,-1.24673176,0.18088834,0.07000000,0.00549451,-0.33659989,-0.23999999,0.23999999,-0.01229746,-4.92880964,6.02487659,-1.25227714,-0.06169948,0.00122106,-0.51415718,
11774,-1.03412402,3.70273972,2.87711644,6.00000000,-0.36416015,0.43344727,-0.09241699,-0.46704865,0.06897263,0.07000000,0.00549451,-0.47011614,-0.23999999,0.23999999,-0.01229746,-7.26056957,8.79995060,-0.48964506,-0.09968646,0.00122106,-0.64961278,
11782,-3.43311405,1.55873215,2.12174582,6.00000000,-0.35126954,0.43666992,0.29168555,0.18252930,0.00619817,0.07000000,0.00549451,-0.51356590,-0.02971825,-0.03911665,-0.01229746,-9.59756565,11.29926205,0.17246825,0.21800326,0.00122106,-0.78068918,
11789,-3.31579828,-0.68702906,2.04752541,5.00000000,-0.05639648,-0.03706055,0.34834716,0.89559042,-0.03749203,0.07000000,0.00549451,-0.44589132,0.23999999,-0.23999999,-0.01229746,-10.41263390,11.87522030,0.90100741,0.35396880,0.00122106,-0.77742594,
11798,-1.22446299,-0.80195075,0.04118447,6.00000000,0.33032227,-0.39316407,0.36047137,1.21687078,-0.08323023,0.07000000,0.00549451,-0.15721506,0.23999999,-0.23999999,-0.01229746,-8.31649399,8.81914806,1.23052418,0.36032212,0.00122106,-0.55994934,
11806,-0.85336173,-2.42282534,1.91345024,6.00000000,0.33032227,-0.40444335,0.19762546,1.19873405,-0.03817134,0.07000000,0.00366300,-0.07425396,0.23999999,-0.23999999,-0.01229746,-4.26383924,4.47153378,1.21488523,0.34506083,0.00122106,-0.23637980,
11814,3.36282754,-2.93039608,2.18758631,6.00000000,0.34482422,-0.42377931,-0.15240632,0.86509752,0.09571856,0.07000000,0.00366300,0.18758830,0.02756282,-0.00206671,-0.01229746,-1.40499008,0.78714347,0.88029611,-0.10420725,0.00122106,-0.01979601,
11822,4.50246763,-0.30156261,7.92409372,6.00000000,0.05478515,-0.01772461,-0.52881718,-0.03155503,0.19682392,0.07000000,0.00366300,0.17586979,-0.14015168,0.16354829,-0.01229746,-0.03316126,-0.53581607,-0.02963036,-0.12383635,0.00122106,0.01691484,
11830,6.27178240,4.14925814,17.35844612,6.00000000,-0.19335937,0.26909178,-0.40512231,-0.72492385,0.26529869,0.07000000,0.00366300,-0.18443975,-0.23999999,0.23999999,-0.01229746,-0.73478359,1.33517683,-0.71672434,-0.47624424,0.00122106,-0.13470572,
11838,4.14094305,0.86321652,20.53136063,6.00000000,-0.34804687,0.43828124,0.24644648,-1.37075186,0.22942242,0.07000000,0.00366300,0.04142094,-0.23999999,0.23999999,-0.01229746,-2.53596354,2.41204500,-1.36004221,-0.43988368,0.00122106,-0.29069513,
11846,3.83448529,0.19882557,20.53136063,6.00000000,-0.35449219,0.42216796,-0.03005245,-0.99936700,-0.09773532,0.07000000,0.00366300,0.22260845,-0.23999999,0.23999999,-0.01229746,-4.78918314,4.11025047,-0.97807574,-0.53980494,0.00122106,-0.41343623,
11854,-0.02975635,-1.67703152,18.38675499,6.00000000,-0.35449219,0.43022460,0.17940792,-0.86335605,-0.04686229,0.07000000,0.00366300,0.03428204,-0.23999999,0.23999999,-0.01229746,-6.38266945,6.28842115,-0.85565042,-0.21007144,0.00122106,-0.54772532,
11861,-0.51937062,0.03721695,13.62947655,5.00000000,-0.36416015,0.42216796,-0.12481950,-0.09749075,-0.06091927,0.07000000,0.00366300,-0.17370987,-0.23999999,0.23999999,-0.01229746,-7.71260977,8.24668026,-0.06136489,-0.15596274,0.00122106,-0.61256766,
11870,-2.61669135,-0.70139426,8.61841202,6.00000000,-0.34643555,0.43022460,0.02393128,0.63478214,0.02063262,0.07000000,0.00366300,-0.34200034,-0.15089066,0.10574187,-0.01229746,-9.54869556,10.62032890,0.63517970,0.04471937,0.00122106,-0.71999872,
11878,-2.93871140,0.34606898,4.72783422,6.00000000,-0.21914062,0.18852539,-0.19278702,1.30660355,0.03819190,0.07000000,0.00366300,-0.34348217,-0.04396486,-0.00095549,-0.01229746,-10.92052555,12.02357388,1.31108677,0.05485623,0.00122106,-0.77210510,
11886,-2.07919312,1.37916696,0.80014640,6.00000000,-0.07734375,0.00322266,0.03807832,1.76973653,0.04362385,0.07000000,0.00366300,-0.06903203,0.19176149,-0.19912922,-0.01229746,-11.60818481,11.83158779,1.78183579,0.14949173,0.00122106,-0.75851095,
11894,-2.93033171,0.42747182,0.18842787,6.00000000,0.26264650,-0.33515626,0.06313775,2.11416388,0.03124740,0.07000000,0.00366300,0.20791000,0.23999999,-0.23999999,-0.01229746,-10.02517128,9.25373554,2.06038880,0.33043829,0.00122106,-0.57597178,
11902,-0.68696469,-0.33388433,-1.44681191,6.00000000,0.33515626,-0.41249999,0.11968412,2.15707636,0.09091499,0.07000000,0.00366300,0.39562815,0.23999999,-0.23999999,-0.01229746,-7.11919785,5.85557985,2.18766427,0.26327187,0.00122106,-0.33039981,
11910,0.10072765,-1.06770718,2.38869929,6.00000000,0.33515626,-0.42216796,-0.17099236,1.64177692,0.15171906,0.07000000,0.00366300,0.58846039,0.23999999,-0.23999999,-0.01229746,-3.83797884,1.95127821,1.66008735,0.27461436,0.00122106,-0.09566475,
11918,2.34170055,-1.63633001,5.41018200,6.00000000,0.34482422,-0.43183595,-0.38072240,0.98029429,0.31669384,0.07000000,0.00366300,0.59217274,0.23999999,-0.23999999,-0.01229746,-0.85870200,-1.05592418,0.98115784,0.19727384,0.00122106,0.07937162,
11926,5.20037746,0.54239351,8.72375679,6.00000000,0.34643555,-0.42055663,-0.68863279,0.10057218,0.43252617,0.07000000,0.00366300,0.59277713,0.23999999,-0.21935198,-0.01229746,1.58999491,-3.50636625,0.10460871,0.09965713,0.00122106,0.20000677,
11933,8.18235588,1.84364212,12.59518147,5.00000000,0.36254883,-0.39638671,0.00861632,-0.71339422,0.42699081,0.07000000,0.00366300,0.82056367,-0.23999999,0.23999999,-0.01229746,2.77332807,-5.42622852,-0.70383137,-0.41941801,0.00122106,0.26043296,
11942,11.13799763,1.03200769,19.79334831,6.00000000,-0.31743163,0.39477539,0.14928702,-2.34034967,0.16387077,0.07000000,0.00366300,1.06317556,-0.23999999,0.23999999,-0.01229746,0.48869219,-3.87463093,-2.31714606,-0.62647933,0.00122106,-0.01268300,
11950,4.58626461,-3.13629746,20.53136063,6.00000000,-0.35449219,0.43666992,0.71227384,-3.36817861,0.02053088,0.07000000,0.00366300,0.72515345,-0.23999999,0.23999999,-0.01229746,-1.93731546,-0.39269909,-3.34166765,-0.90425563,0.00122106,-0.31462896,
11958,-1.90441632,-5.76273680,20.53136063,6.00000000,-0.36093751,0.42861328,0.16351496,-2.73585129,0.07409292,0.07000000,0.00366300,0.49809259,-0.23999999,0.23999999,-0.01229746,-3.45924258,1.84132230,-2.71886802,-0.30929619,0.00122106,-0.41178566,
11966,0.43232459,1.23312068,14.94628716,6.00000000,-0.36577147,0.42539063,-0.44041178,-2.15125751,0.33181629,0.07000000,0.00366300,-0.04997551,-0.23999999,0.23999999,-0.01229746,-4.56229067,4.71587992,-2.12607837,-0.03750324,0.00122106,-0.51457179,
11974,-3.77309060,-1.12756217,9.66348076,6.00000000,-0.35771483,0.42539063,-0.40011233,-1.27635837,0.43973994,0.07000000,0.00366300,-0.06733520,-0.23999999,0.23410559,-0.01229746,-6.54673004,6.82598305,-1.28958690,0.16714698,0.00122106,-0.60502392,
11982,-2.55204773,3.93856859,3.64924645,6.00000000,-0.35610351,0.41411132,-0.31414351,-0.42810726,0.40452564,0.07000000,0.00366300,-0.31212080,-0.23168412,0.19010732,-0.01229746,-8.45786572,9.40732479,-0.41835415,0.11453383,0.00122106,-0.71666795,
11990,-3.83893132,1.48092055,1.04076362,6.00000000,-0.34321290,0.33999023,0.29308614,0.30317366,0.32949567,0.07000000,0.00366300,-0.24672168,0.14913210,-0.18122533,-0.01229746,-10.74773693,11.53313541,0.29565179,0.33411095,0.00122106,-0.82789367,
11998,-3.53845882,0.58788335,0.52241904,6.00000000,0.19980469,-0.29326171,0.48214760,1.03524101,0.18482447,0.07000000,0.00366300,-0.04672696,0.23999999,-0.23999999,-0.01229746,-10.32362270,10.48070240,1.03738117,0.44035172,0.00122106,-0.71366590,
12005,0.19529861,-0.00468158,-4.12472630,5.00000000,0.34643555,-0.41088867,0.73090655,1.27836788,0.18146291,0.07000000,0.00366300,0.29712337,0.23999999,-0.23999999,-0.01229746,-7.96917343,7.13316107,1.25344574,0.24750285,0.00122106,-0.47650293,
12014,-0.48944306,-2.21333265,0.64931172,6.00000000,0.34482422,-0.42861328,0.29787940,1.00581205,0.17844364,0.07000000,0.00366300,0.48420191,0.23999999,-0.23999999,-0.01229746,-4.53087473,3.00371170,1.01513016,0.16750157,0.00122106,-0.20836130,
12022,1.84969199,-3.47986531,5.16238213,6.00000000,0.33837891,-0.42377931,-0.07449491,0.44699743,0.36875618,0.07000000,0.00366300,0.51887560,0.20136352,-0.13101231,-0.01229746,-1.36833811,-0.31939524,0.43779880,0.05448776,0.00122106,-0.00075684,
12030,4.33487320,-1.23410416,8.88656235,6.00000000,0.29326171,-0.24492188,-0.55340862,-0.37182307,0.49318948,0.07000000,0.00366300,0.30713299,0.09617323,-0.05522562,-0.01229746,1.02101767,-2.01061916,-0.37746105,0.06208032,0.00122106,0.08744624,
12038,9.47282982,3.79491663,18.87038422,6.00000000,0.15468749,-0.10473633,-0.52086604,-1.05165100,0.51215982,0.07000000,0.00366300,0.17822845,-0.23999999,0.23999999,-0.01229746,1.58650434,-2.15897226,-1.03447628,-0.53084129,0.00122106,0.06508426,
12046,13.77640820,1.81491172,20.53136063,6.00000000,-0.32226563,0.39960939,0.18552634,-1.90352106,0.27736348,0.07000000,0.00366300,0.23715302,-0.23999999,0.23999999,-0.01229746,-1.20951319,0.44680429,-1.87709522,-1.16138911,0.00122106,-0.20308341,
12054,3.95299816,0.46218774,20.53136063,6.00000000,-0.35126954,0.43828124,0.69018018,-1.95302761,-0.02185751,0.07000000,0.00366300,0.73311639,-0.23999999,0.23999999,-0.01229746,-4.17482758,1.81165183,-1.93101013,-0.33591819,0.00122106,-0.37640727,
12062,3.15333486,-3.74322748,18.14853287,6.00000000,-0.36416015,0.41411132,0.03097302,-1.18864965,-0.20587175,0.07000000,0.00366300,0.27024293,-0.23999999,0.23999999,-0.01229746,-5.78751183,4.88343096,-1.18830955,-0.50583565,0.00122106,-0.49836954,
12070,-0.11714471,-0.72294211,15.25274467,6.00000000,-0.35126954,0.42700195,0.10637309,-0.39232537,0.00452003,0.07000000,0.00366300,-0.06024903,-0.23999999,0.23999999,-0.01229746,-6.92546606,7.11745262,-0.38631701,-0.22250363,0.00122106,-0.56358504,
12077,-3.17094898,-2.39888334,10.17943192,5.00000000,-0.35126954,0.43828124,-0.28846881,0.22162977,0.03988961,0.07000000,0.00366300,-0.11445260,-0.11910945,0.10461885,-0.01229746,-8.65508747,9.07571220,0.24011964,0.08609897,0.00122106,-0.65834892,
12086,-2.81301594,1.84244502,4.03830433,6.00000000,-0.17402343,0.19497070,-0.30375054,1.10593557,0.05294786,0.07000000,0.00366300,-0.27615026,0.01043841,-0.04645729,-0.01229746,-9.81922150,10.68141460,1.10615659,0.09243376,0.00122106,-0.69616157,
12094,-2.79625630,1.03440201,0.21835539,6.00000000,0.00966797,-0.05156250,0.08683284,1.63546133,0.00876136,0.07000000,0.00366300,-0.08727103,0.23999999,-0.23999999,-0.01229746,-9.88379955,10.17352486,1.64722443,0.25141567,0.00122106,-0.63815415,
12102,-1.69612074,0.96018171,-2.30273890,6.00000000,0.32226563,-0.41572267,0.25287855,1.92872548,-0.11842912,0.07000000,0.00366300,0.13694108,0.23999999,-0.23999999,-0.01229746,-8.00757027,7.54331303,1.94136500,0.28765571,0.00122106,-0.44385689,
12110,-0.39846340,-0.36022052,-2.73010397,6.00000000,0.33354491,-0.42216796,0.44435540,1.74042785,-0.16010359,0.07000000,0.00366300,0.39968973,0.23999999,-0.23999999,-0.01229746,-4.87470436,3.57617950,1.77409267,0.21275130,0.00122106,-0.19232769,
12118,0.06481462,-2.06489205,1.68480396,6.00000000,0.34482422,-0.42055663,0.21538028,1.28758955,-0.15513869,0.07000000,0.00366300,0.60082865,0.23999999,-0.23999999,-0.01229746,-1.76278257,-0.13962634,1.29958951,0.14340235,0.00122106,0.03078467,
12126,1.85448039,-1.86138499,5.43532085,6.00000000,0.35771483,-0.42861328,0.05440200,0.75305831,-0.05594101,0.07000000,0.00366300,0.63648885,0.23999999,-0.23999999,-0.01229746,0.85346603,-2.97404099,0.74998307,0.03717051,0.00122106,0.20280677,
12134,5.59422350,-0.97792459,8.66869068,6.00000000,0.35449219,-0.43183595,-0.34969288,-0.03011738,0.04459367,0.07000000,0.00366300,0.85908949,0.10802171,0.00773814,-0.01229746,2.66337252,-5.42971945,-0.03473389,-0.06897736,0.00122106,0.30750164,
12142,9.23101616,2.29854035,16.22239685,6.00000000,0.17724609,-0.01289062,-0.10783271,-0.95823807,0.06598431,0.07000000,0.00366300,0.75510752,-0.23999999,0.23999999,-0.01229746,3.30041766,-5.72467995,-0.93974543,-0.33520922,0.00122106,0.27267998,
12149,13.05934429,0.67766589,20.53136063,5.00000000,-0.31259766,0.38833007,-0.05294317,-2.22061777,-0.07079686,0.07000000,0.00366300,0.57548636,-0.23999999,0.23999999,-0.01229746,0.60737455,-2.44171548,-2.19212055,-0.81766486,0.00122106,-0.04772288,
12158,7.89505148,1.27262497,20.53136063,6.00000000,-0.35449219,0.43989259,0.58102381,-2.95116401,-0.21540162,0.07000000,0.00366300,0.25810871,-0.23999999,0.23999999,-0.01229746,-1.37357402,0.54628801,-2.90001822,-1.12787271,0.00122106,-0.29758981,
12166,3.32452035,-4.91399240,19.67124367,6.00000000,-0.35932618,0.42377931,0.06264538,-1.78294826,-0.33254761,0.07000000,0.00366300,0.14066321,-0.23999999,0.23999999,-0.01229746,-3.70358872,3.25678444,-1.75979543,-0.39536262,0.00122106,-0.40242845,
12174,-0.92159647,-1.47352433,15.70644665,6.00000000,-0.36093751,0.44311523,-0.26146331,-1.46397066,-0.10085513,0.07000000,0.00366300,-0.31292662,-0.23999999,0.23999999,-0.01229746,-4.96546173,5.99695158,-1.45329845,-0.08018583,0.00122106,-0.53103995,
12182,-3.56479526,-0.12439167,7.79121542,6.00000000,-0.35449219,0.42861328,-0.41516995,-0.28854728,-0.06914041,0.07000000,0.00549451,-0.40458149,-0.23999999,0.21681827,-0.01229746,-6.56941938,7.89936018,-0.29207993,0.02925484,0.00122106,-0.57339990,
12190,-1.18615580,2.95096040,1.54594028,6.00000000,-0.36254883,0.39638671,-0.37055075,0.53652585,-0.10227592,0.07000000,0.00549451,-0.55280316,-0.23999999,0.23999999,-0.01229746,-8.51546097,10.27649879,0.52412558,-0.15545678,0.00122106,-0.67540348,
12198,-3.72520661,2.39071727,0.66966242,6.00000000,-0.35449219,0.42861328,0.13227050,1.22024369,-0.14811541,0.07000000,0.00366300,-0.61896318,0.07946715,-0.16188014,-0.01229746,-10.65872574,12.69552517,1.21778071,0.17767134,0.00122106,-0.79728848,
12206,-3.65577483,0.31374726,0.39552632,6.00000000,0.09667969,-0.28037110,0.38882750,1.94126475,-0.22662194,0.07000000,0.00366300,-0.54502499,0.23999999,-0.23999999,-0.01229746,-10.89085484,12.65538216,1.95515847,0.39379215,0.00122106,-0.74672121,
12214,-0.85695302,1.34445107,-3.19577622,6.00000000,0.32709962,-0.41249999,0.61323154,2.19545031,-0.29670551,0.07000000,0.00549451,-0.15285876,0.23999999,-0.23999999,-0.01229746,-8.45612049,8.94306755,2.22338891,0.51088834,0.00122106,-0.49580705,
12222,-0.62710965,-1.62196481,0.32609448,6.00000000,0.33354491,-0.43022460,0.51566958,2.06364655,-0.26408818,0.07000000,0.00549451,0.12003384,0.23999999,-0.23999999,-0.01229746,-5.37037849,4.97244310,2.09398890,0.37691164,0.00122106,-0.23886546,
12230,1.06559098,-4.52732849,4.09097672,6.00000000,0.34482422,-0.41572267,-0.02722952,1.47161925,-0.12128049,0.07000000,0.00549451,0.29149780,0.23999999,-0.23999999,-0.01229746,-2.17642546,1.22871184,1.48243284,0.14068374,0.00122106,-0.01345959,
12238,3.84166789,-1.22093606,8.11203861,6.00000000,0.35288087,-0.42055663,-0.53342503,0.70474774,0.02322464,0.07000000,0.00366300,0.37706375,0.23999999,-0.19818550,-0.01229746,0.53058010,-1.76452780,0.70644945,0.01819058,0.00122106,0.13987616,
12246,7.43057632,2.29255486,16.80538559,6.00000000,0.35610351,-0.36093751,-0.71802384,-0.18446459,0.11064147,0.07000000,0.00366300,0.46820480,-0.10896347,0.17164283,-0.01229746,2.27416396,-3.79783654,-0.18408751,-0.15945075,0.00122106,0.21575122,
12254,14.21454620,1.37078726,19.91425514,6.00000000,-0.13535157,0.27231446,-0.16600484,-1.41551840,0.01812319,0.07000000,0.00366300,0.36940616,-0.23999999,0.23999999,-0.01229746,1.37531948,-2.58832335,-1.40490699,-0.86700511,0.00122106,0.04335248,
12262,9.97561264,3.68478322,20.53136063,6.00000000,-0.33515626,0.41088867,0.34440815,-2.10017014,-0.20651054,0.07000000,0.00366300,0.23912676,-0.23999999,0.23999999,-0.01229746,-2.16420817,1.37706482,-2.06041670,-1.07721591,0.00122106,-0.28819364,
12270,0.23001453,-3.32663655,20.53136063,6.00000000,-0.35771483,0.44311523,0.32179829,-1.79356039,-0.45409936,0.07000000,0.00549451,0.17735648,-0.23999999,0.23999999,-0.01229746,-3.79085517,3.21489644,-1.77848399,-0.12509394,0.00122106,-0.40522844,
12278,1.50492692,-0.86779130,16.44745255,6.00000000,-0.35126954,0.42055663,-0.00866391,-0.70817977,-0.35550007,0.07000000,0.00549451,-0.31760722,-0.23999999,0.23999999,-0.01229746,-5.21155310,6.26747751,-0.69498301,-0.37936440,0.00122106,-0.48969731,
12286,-3.31340408,-2.31388903,10.30512714,6.00000000,-0.34804687,0.42700195,-0.09409836,-0.02786683,-0.24736130,0.07000000,0.00549451,-0.49606010,-0.17266865,0.10568494,-0.01229746,-6.81376553,8.39154243,-0.02265102,0.07523459,0.00122106,-0.58356613,
12293,-1.98462200,0.24431539,2.79571342,5.00000000,-0.25781250,0.19980469,-0.41358447,0.81147975,-0.17618448,0.07000000,0.00549451,-0.55405009,-0.23999999,0.23999999,-0.01229746,-8.47531891,10.24333763,0.81066251,-0.12640375,0.00122106,-0.65444756,
12302,-1.74161053,2.49845624,0.05076127,6.00000000,-0.35126954,0.42861328,-0.11908159,1.38227534,-0.17979291,0.07000000,0.00549451,-0.52171773,-0.12671697,0.05723085,-0.01229746,-10.18748665,11.89441872,1.38323891,-0.01710869,0.00122106,-0.73462778,
12310,-4.05201530,0.92785996,0.43143934,6.00000000,-0.18530273,0.10957031,0.14350767,2.01081777,-0.21593404,0.07000000,0.00366300,-0.27356875,0.23999999,-0.23999999,-0.01229746,-11.97644997,12.87005806,2.02464581,0.25642738,0.00122106,-0.79225355,
12318,-2.28629136,0.92546576,-0.81953102,6.00000000,0.31743163,-0.41411132,0.29464757,2.51542974,-0.30382490,0.07000000,0.00366300,-0.06366572,0.23999999,-0.23999999,-0.01229746,-10.67617893,10.86292934,2.54099989,0.30059436,0.00122106,-0.62916040,
12326,-0.30149823,0.41071242,-2.41766071,6.00000000,0.33193359,-0.41249999,0.47561300,2.58905339,-0.33913460,0.07000000,0.00366300,0.09749936,0.23999999,-0.23999999,-0.01229746,-7.10698080,6.78584003,2.63169670,0.27432883,0.00122106,-0.33164704,
12334,-1.01616740,-1.65428650,2.12892842,6.00000000,0.34321290,-0.41572267,0.16477348,2.20378566,-0.22229952,0.07000000,0.00366300,0.21694644,0.23999999,-0.23999999,-0.01229746,-3.97935081,3.27074695,2.23041940,0.30686554,0.00122106,-0.09991074,
12342,3.34367394,-2.40008044,6.81318378,6.00000000,0.34643555,-0.41733399,-0.19212084,1.55594683,-0.03632828,0.07000000,0.00366300,0.37595931,0.23999999,-0.23999999,-0.01229746,-1.07512283,-0.13439035,1.56026840,-0.02801552,0.00122106,0.08165765,
12350,5.53915691,-2.05052686,12.60715199,6.00000000,0.35610351,-0.43666992,-0.51193303,0.66328126,0.09816624,0.07000000,0.00366300,0.39297539,0.10473590,-0.05185013,-0.01229746,1.21474910,-2.47138643,0.64900017,-0.09536904,0.00122106,0.18783826,
12358,11.27446651,2.81808233,18.00966835,6.00000000,0.17080078,-0.10795899,-0.11572590,-0.27858993,0.08978116,0.07000000,0.00366300,0.30866522,-0.23999999,0.23999999,-0.01229746,1.74009323,-2.72445917,-0.27656299,-0.68367940,0.00122106,0.14765002,
12365,11.40016270,3.67760062,20.53136063,5.00000000,-0.32065430,0.39316407,0.05125694,-1.61676657,0.08407097,0.07000000,0.00366300,0.19981058,-0.23999999,0.23999999,-0.01229746,-0.57770395,-0.06283185,-1.60134387,-0.81538343,0.00122106,-0.14165154,
12374,3.94581556,-1.12756217,20.53136063,6.00000000,-0.35610351,0.43344727,0.55374420,-1.93492234,-0.09474237,0.07000000,0.00366300,0.39373165,-0.23999999,0.23999999,-0.01229746,-3.64075685,2.35095835,-1.91130888,-0.55470443,0.00122106,-0.36959141,
12382,1.08474457,-3.66421890,17.71398354,6.00000000,-0.35126954,0.42377931,-0.14916542,-0.89338332,-0.22498381,0.07000000,0.00549451,-0.03254083,-0.23999999,0.23999999,-0.01229746,-5.27613020,5.38783169,-0.88533688,-0.32258123,0.00122106,-0.47098237,
12390,-1.21847749,1.33128297,12.03254414,6.00000000,-0.34321290,0.43989259,-0.05440303,-0.15992293,-0.07936584,0.07000000,0.00549451,-0.26804411,-0.23999999,0.23999999,-0.01229746,-6.85041714,7.79464054,-0.15239525,-0.08471459,0.00122106,-0.56846488,
12398,-4.81456852,-1.13953316,6.53665352,6.00000000,-0.35932618,0.42539063,-0.40683368,0.75219244,-0.04856786,0.07000000,0.00549451,-0.18389958,0.07407498,-0.09803829,-0.01229746,-9.04778767,9.66912365,0.75437540,0.16496837,0.00122106,-0.65541071,
12406,-3.23918366,3.73984981,0.74986815,6.00000000,0.09506836,-0.15307617,-0.33759549,1.48923695,-0.07194050,0.07000000,0.00549451,-0.25225070,0.20049107,-0.23346350,-0.01229746,-9.41081524,10.24159145,1.49350548,0.16170934,0.00122106,-0.63488799,
12414,-2.22164798,1.29776418,-5.98262691,6.00000000,0.28520507,-0.39799803,0.15960903,1.83781219,-0.16985983,0.07000000,0.00549451,0.12927577,0.23999999,-0.23999999,-0.01229746,-7.50840664,7.11570740,1.86811328,0.36903057,0.00122106,-0.40916288,
12422,-2.40360737,1.16249180,-4.69334936,6.00000000,0.34160155,-0.40766603,0.34479487,1.79106605,-0.28409344,0.07000000,0.00549451,0.51464093,0.23999999,-0.23999999,-0.01229746,-4.48026037,2.83092403,1.83037961,0.47092494,0.00122106,-0.13467810,
12430,-1.93194962,-1.04615927,-1.00149035,6.00000000,0.34160155,-0.41894531,0.46071810,1.59275675,-0.32040676,0.07000000,0.00549451,0.69216549,0.23999999,-0.23999999,-0.01229746,-1.43640602,-0.88488197,1.61313736,0.37168318,0.00122106,0.09730374,
12437,-0.11355340,-2.63950062,2.30011368,5.00000000,0.34804687,-0.42700195,0.23809996,1.30053639,-0.19662283,0.07000000,0.00549451,0.75787687,0.23999999,-0.23999999,-0.01229746,1.24441981,-3.71406078,1.29969263,0.22982220,0.00122106,0.28143999,
12446,1.83053839,-1.64830101,9.30913925,6.00000000,0.34965819,-0.43183595,-0.22404411,0.74580306,-0.08367156,0.07000000,0.00549451,0.86525750,0.23999999,-0.23999999,-0.01229746,3.47145987,-6.23955202,0.73331344,0.22455722,0.00122106,0.42792368,
12454,7.57303095,-3.20333505,14.94628716,6.00000000,0.36577147,-0.43344727,-0.19112870,-0.01107177,-0.12645808,0.07000000,0.00366300,1.01934338,0.15795238,-0.02080938,-0.01229746,4.97767925,-8.31649399,-0.04443496,-0.10022868,0.00122106,0.49936187,
12462,10.87463570,3.50521803,20.53136063,6.00000000,0.24653320,-0.06123047,-0.03841290,-0.81138402,-0.20081687,0.07000000,0.00366300,0.46096641,-0.23999999,0.23999999,-0.01229746,5.99346066,-7.51887798,-0.77747929,-0.40626794,0.00122106,0.46035507,
12470,10.51430798,1.52162194,20.53136063,6.00000000,-0.31582031,0.39316407,0.03413949,-1.72944820,-0.03148793,0.07000000,0.00366300,0.07792237,-0.23999999,0.23999999,-0.01229746,3.80307245,-4.05090952,-1.70680010,-0.77676368,0.00122106,0.17396829,
12478,5.74625540,1.13615549,20.53136063,6.00000000,-0.33676758,0.42055663,0.36965162,-1.83104908,-0.07087510,0.07000000,0.00366300,-0.39736491,-0.23999999,0.23999999,-0.01229746,-0.03665191,1.32470489,-1.80291045,-0.66289514,0.00122106,-0.19809470,
12486,-3.55402136,-4.84575748,20.53136063,6.00000000,-0.34643555,0.43505859,-0.08493057,-1.14842045,-0.18675572,0.07000000,0.00366300,-0.19542174,-0.07620984,0.04920564,-0.01229746,-2.15722704,2.78380013,-1.11519766,0.16813153,0.00122106,-0.27422392,
12494,-0.70970964,3.01560378,10.45835590,6.00000000,-0.12729493,0.09829102,-0.53837526,-0.28563070,0.04318199,0.07000000,0.00366300,-0.53056926,-0.23999999,0.23999999,-0.01229746,-2.98800373,4.67922783,-0.29074204,-0.22359009,0.00122106,-0.31252694,
12502,-0.15066352,3.24544716,1.26462150,6.00000000,-0.33837891,0.42861328,-0.13515159,0.12166377,-0.07471512,0.07000000,0.00549451,-0.44411260,-0.23999999,0.23999999,-0.01229746,-4.89215755,6.36696100,0.10495228,-0.15019128,0.00122106,-0.42085031,
12509,-6.88555288,-0.41409007,6.65516663,5.00000000,-0.34160155,0.43666992,-0.16588891,0.63659096,0.00756490,0.07000000,0.00549451,-0.45006368,0.23999999,-0.23999999,-0.01229746,-6.65144968,8.12974358,0.63906902,0.32770187,0.00122106,-0.51299995,
12518,-3.92631960,1.26304817,1.05034053,6.00000000,0.32548827,-0.40283203,-0.03744551,1.54594409,-0.17054251,0.07000000,0.00549451,-0.41904315,0.23999999,-0.23999999,-0.01229746,-5.98997021,7.31816530,1.54813039,0.28254354,0.00122106,-0.38990128,
12526,-0.62591255,0.92187446,-6.07600069,6.00000000,0.33676758,-0.41572267,0.44382271,1.67153859,-0.17688854,0.07000000,0.00549451,-0.17813709,0.23999999,-0.23999999,-0.01229746,-2.75762033,3.33706951,1.70319211,0.43067235,0.00122106,-0.09914735,
12534,-2.13545680,-1.42204905,-1.49110460,6.00000000,0.34321290,-0.42216796,0.31038481,1.45523560,-0.27327460,0.07000000,0.00549451,0.09435392,0.23999999,-0.23999999,-0.01229746,0.15358898,-0.42586035,1.48393857,0.51155889,0.00122106,0.13631070,
12542,-0.46430394,-2.88610339,4.58059072,6.00000000,0.35610351,-0.43183595,0.13174148,0.98417604,-0.19041544,0.07000000,0.00366300,0.19337659,0.23999999,-0.23999999,-0.01229746,2.68082595,-3.33357882,0.99317199,0.29879138,0.00122106,0.30469629,
12550,2.08791494,-0.29557708,7.82593107,6.00000000,0.34804687,-0.44150391,-0.23746943,0.51127875,-0.08489437,0.07000000,0.00366300,0.33260691,0.23999999,-0.23999999,-0.01229746,4.69493580,-5.80496502,0.51480299,0.08136666,0.00122106,0.43932161,
12558,5.86835957,0.19882557,13.68573952,6.00000000,0.34804687,-0.43183595,-0.22631897,-0.15341970,-0.02952747,0.07000000,0.00549451,0.43116796,-0.07529506,0.13201272,-0.01229746,6.30587435,-7.70388317,-0.15556228,-0.23310523,0.00122106,0.52043283,
12566,10.35509396,0.42747182,18.72553444,6.00000000,-0.08862305,0.20947266,0.36225203,-1.12790406,-0.13641450,0.07000000,0.00549451,0.24979988,-0.23999999,0.23999999,-0.01229746,5.53443909,-6.37743282,-1.12268591,-0.79955727,0.00122106,0.36534312,
12574,6.54232740,0.27184871,20.53136063,6.00000000,-0.33193359,0.40122071,0.39353004,-1.99544990,-0.14905573,0.07000000,0.00549451,-0.11720458,-0.23999999,0.23999999,-0.01229746,2.01934600,-1.67726135,-1.97488379,-0.67141825,0.00122106,-0.00910473,
12581,-2.42156386,-2.80230618,20.53136063,5.00000000,-0.36254883,0.42861328,0.20790961,-1.82449126,-0.21350300,0.07000000,0.00549451,-0.11534600,-0.09801193,0.08107719,-0.01229746,-0.09250245,0.48345622,-1.80091012,0.19623941,0.00122106,-0.15596347,
12590,0.62505782,-0.92046374,16.09071541,6.00000000,-0.15629883,0.13857421,-0.61336696,-0.82750857,-0.08285258,0.07000000,0.00549451,-0.61610645,-0.23999999,0.23999999,-0.01229746,-1.12050128,3.09621406,-0.81601787,-0.39230675,0.00122106,-0.22047505,
12598,-1.58359325,1.22952938,6.07936096,6.00000000,-0.33515626,0.42055663,-0.19049963,-0.51220059,0.00729487,0.07000000,0.00366300,-0.72295171,-0.23999999,0.23999999,-0.01229746,-2.93389869,5.23598766,-0.52247143,-0.15226537,0.00122106,-0.34676436,
12606,-6.76584291,-1.02221727,6.70424795,6.00000000,-0.34804687,0.42539063,-0.41651690,0.17786370,-0.01809715,0.07000000,0.00366300,-0.62415290,-0.09290522,0.00852291,-0.01229746,-5.02305746,7.10872602,0.18275362,0.07094598,0.00122106,-0.44807637,
12614,-4.68528175,3.43937755,0.63614357,6.00000000,-0.14018555,0.03706055,-0.07359529,1.07221019,-0.11733656,0.07000000,0.00366300,-0.64135808,0.23999999,-0.23999999,-0.01229746,-6.35299826,8.42295933,1.05776322,0.22748689,0.00122106,-0.48114824,
12622,-2.75076652,0.03601985,-3.96670914,6.00000000,0.33032227,-0.40766603,0.43052328,1.53628099,-0.18866982,0.07000000,0.00366300,-0.35504699,0.23999999,-0.23999999,-0.01229746,-4.89390326,6.03360367,1.55481863,0.48456252,0.00122106,-0.30112809,
12630,-2.16658139,-0.86300290,-4.91720724,6.00000000,0.33515626,-0.39960939,0.69198483,1.65873384,-0.29828343,0.07000000,0.00366300,-0.03558946,0.23999999,-0.23999999,-0.01229746,-1.73136652,1.81688774,1.69114852,0.66885197,0.00122106,-0.01018649,
12638,-1.96786261,-0.82948405,-1.06852806,6.00000000,0.33999023,-0.41572267,0.45472929,1.47159672,-0.24626268,0.07000000,0.00366300,0.15262842,0.23999999,-0.23999999,-0.01229746,1.33866751,-1.85877562,1.40676653,0.54702431,0.00122106,0.22716704,
12646,0.89560258,-1.64949811,3.00281191,6.00000000,0.35771483,-0.42377931,0.05277654,1.10488749,-0.10532162,0.07000000,0.00366300,0.21528435,0.23999999,-0.23999999,-0.01229746,3.81703496,-4.50644016,1.11764979,0.19609618,0.00122106,0.40086854,
12653,1.17213285,-3.02137566,8.69263268,5.00000000,0.35771483,-0.43344727,-0.28421664,0.69674253,-0.01514317,0.07000000,0.00366300,0.24840787,0.23999999,-0.23999999,-0.01229746,5.73340654,-6.55022049,0.69231308,0.16329870,0.00122106,0.52404344,
12662,4.82329035,0.28262264,20.53136063,6.00000000,0.36577147,-0.43505859,-0.41904032,-0.12508169,0.04982064,0.07000000,0.00366300,0.37316006,0.11876070,-0.06985751,-0.01229746,7.38099718,-8.57654762,-0.13469219,-0.11687876,0.00122106,0.59875733,
12670,12.04300594,1.19840479,20.53136063,6.00000000,0.18530273,-0.14824219,-0.02459071,-1.38826287,0.06198559,0.07000000,0.00366300,0.19600558,-0.23999999,0.23999999,-0.01229746,7.53807688,-8.17686749,-1.38029790,-0.77850991,0.00122106,0.49348575,
12678,8.12968349,2.26382446,20.53136063,6.00000000,-0.31904298,0.39638671,0.26479417,-2.49025011,0.02641512,0.07000000,0.00366300,-0.02971810,-0.23999999,0.23999999,-0.01229746,4.80314636,-4.69668102,-2.46280193,-0.45579603,0.00122106,0.17698312,
12686,1.43908644,-1.51901412,20.53136063,6.00000000,-0.34643555,0.41894531,0.40204343,-2.61842656,-0.09419006,0.07000000,0.00366300,0.04769910,-0.23999999,0.23999999,-0.01229746,1.56032443,-1.75929189,-2.58161831,-0.32281119,0.00122106,-0.06680712,
12694,-0.88568348,-3.78153467,16.99692154,6.00000000,-0.35610351,0.41411132,-0.40189865,-1.37441075,-0.20092136,0.07000000,0.00366300,-0.34105504,-0.23999999,0.23999999,-0.01229746,-0.59515727,1.69646001,-1.35493886,-0.10645762,0.00122106,-0.18794170,
12702,-4.31896877,2.34522748,8.83269310,6.00000000,-0.34482422,0.42700195,-0.21490338,-0.46709096,0.03040333,0.07000000,0.00549451,-0.61185503,-0.04216856,-0.04144545,-0.01229746,-2.36143064,4.32318068,-0.47479659,0.13935658,0.00122106,-0.29127991,
12710,-5.06835365,-0.58168417,2.78613663,6.00000000,-0.07089844,-0.05156250,-0.40692139,0.51779735,-0.00491271,0.07000000,0.00549451,-0.26340747,0.12584560,-0.16160332,-0.01229746,-3.65646482,4.52389383,0.51586199,0.11482566,0.00122106,-0.27227023,
12718,-4.25193119,3.29213405,-5.51575756,6.00000000,0.17080078,-0.26586914,-0.15417069,1.12412548,-0.15464176,0.07000000,0.00549451,0.07539622,0.23999999,-0.23999999,-0.01229746,-2.83790541,2.59704995,1.12849081,0.43366349,0.00122106,-0.12209131,
12725,-3.95385289,1.52641046,-7.46942616,5.00000000,0.33354491,-0.40605468,0.25535935,1.35870504,-0.20582561,0.07000000,0.00549451,0.49401671,0.23999999,-0.23999999,-0.01229746,-0.71907568,-0.86044729,1.38518655,0.66250014,0.00122106,0.11503484,
12734,-3.94427609,-1.31430995,-2.78756475,6.00000000,0.34482422,-0.42700195,0.43247929,1.39141631,-0.42782819,0.07000000,0.00549451,0.65531516,0.23999999,-0.23999999,-0.01229746,2.54992604,-4.63559437,1.40688956,0.71689063,0.00122106,0.38088763,
12742,-0.77674729,-0.98630428,-0.64236009,6.00000000,0.33999023,-0.41894531,0.40991965,1.22525930,-0.22577108,0.07000000,0.00549451,0.89440101,0.23999999,-0.23999999,-0.01229746,4.97767925,-7.77369642,1.23852742,0.45667893,0.00122106,0.58460253,
12750,-3.28587055,-1.90448058,5.59214115,6.00000000,0.34804687,-0.44150391,0.26535618,0.96804160,-0.17461833,0.07000000,0.00549451,0.60566652,0.23999999,-0.23999999,-0.01229746,7.22042751,-9.24500942,0.95730197,0.44336331,0.00122106,0.70203727,
12758,3.71238089,-4.22565937,14.96663761,6.00000000,0.36416015,-0.43344727,0.14578113,0.37207347,-0.21712461,0.07000000,0.00549451,0.86208159,0.23999999,-0.23999999,-0.01229746,9.26246262,-12.02182770,0.34211785,-0.02568626,0.00122106,0.83564323,
12766,7.37910080,-2.90166569,20.53136063,6.00000000,0.34482422,-0.45117188,-0.08601125,-0.79412580,-0.17112243,0.07000000,0.00549451,0.83161366,-0.02311343,0.13336048,-0.01229746,10.21541214,-12.92765427,-0.82569355,-0.22763045,0.00122106,0.82317650,
12774,7.44853258,2.33565068,20.53136063,6.00000000,-0.01611328,0.21914062,-0.20606954,-1.96578491,0.14394887,0.07000000,0.00366300,0.22407156,-0.23999999,0.23999999,-0.01229746,10.41438007,-11.12996483,-1.93267572,-0.19595622,0.00122106,0.67291975,
12782,3.22037244,0.44782254,20.53136063,6.00000000,-0.32548827,0.38027343,-0.63406044,-2.39664102,0.17953917,0.07000000,0.00366300,-0.06773141,-0.23999999,0.23999999,-0.01229746,7.00749683,-6.78409481,-2.36491227,-0.15925917,0.00122106,0.34968212,
12790,-0.70492125,3.73386431,20.53136063,6.00000000,-0.34965819,0.41733399,0.20481209,-2.35867763,0.16162115,0.07000000,0.00549451,-0.38824692,-0.23999999,0.23999999,-0.01229746,4.01076651,-2.75238419,-2.32187724,-0.13520277,0.00122106,0.08209640,
12797,-4.82294798,-4.74041271,17.54639053,5.00000000,-0.35449219,0.40927735,0.13480838,-1.22123313,-0.07601807,0.07000000,0.00549451,-0.47164011,0.07670582,-0.14211997,-0.01229746,1.41895270,0.10297443,-1.18293417,0.22747728,0.00122106,-0.04100960,
12806,-4.95941782,0.40472689,8.04739475,6.00000000,0.09829102,-0.23525390,0.14099078,-0.26620275,-0.05790878,0.07000000,0.00549451,-0.33026177,0.23999999,-0.23999999,-0.01229746,0.82728606,0.23736478,-0.26860464,0.34682697,0.00122106,0.00197669,
12814,-2.91237521,-0.68224066,-2.61039400,6.00000000,0.34643555,-0.43022460,0.23630752,0.18727285,-0.05817858,0.07000000,0.00366300,0.04449299,0.23999999,-0.23999999,-0.01229746,2.15897226,-2.31779718,0.18389651,0.52447557,0.00122106,0.18208325,
12822,-2.15700459,0.77702528,-3.30950069,6.00000000,0.33999023,-0.41733399,0.19126469,0.23661697,-0.07351770,0.07000000,0.00366300,0.27962044,0.23999999,-0.23999999,-0.01229746,4.62686777,-5.53618479,0.24035893,0.53083640,0.00122106,0.40838373,
12830,-2.58436966,0.35444868,-1.14993083,6.00000000,0.34482422,-0.43022460,0.27794087,0.08720478,-0.14670502,0.07000000,0.00549451,0.43206951,0.23999999,-0.23999999,-0.01229746,7.26580524,-8.61494541,0.09145860,0.51509899,0.00122106,0.60843498,
12838,-0.60795605,-0.80075365,0.30095536,6.00000000,0.34965819,-0.43022460,0.17625237,-0.01019744,-0.10450877,0.07000000,0.00549451,0.45285812,0.23999999,-0.23999999,-0.01229746,9.74591923,-11.18581581,-0.01248720,0.33659345,0.00122106,0.79567266,
12846,0.94228953,-0.48950744,5.35750914,6.00000000,0.36254883,-0.43183595,-0.10489394,-0.37124979,0.01437199,0.07000000,0.00549451,0.48722360,0.23999999,-0.23999999,-0.01229746,11.94154263,-13.48964977,-0.37508586,0.20726305,0.00122106,0.93842113,
12854,3.69801569,0.37719360,10.24287796,6.00000000,0.34965819,-0.42539063,-0.33417961,-0.90215218,0.16036008,0.07000000,0.00549451,0.61288536,0.23999999,-0.23999999,-0.01229746,13.65021992,-15.63815022,-0.90277189,0.04164350,0.00122106,1.04877996,
12862,6.45374203,1.32410038,19.76222420,6.00000000,0.37382811,-0.44150391,-0.32312745,-1.72961509,0.15681851,0.07000000,0.00549451,0.71841848,0.10103601,-0.00720832,-0.01229746,14.86322308,-17.18451118,-1.71212959,-0.10598387,0.00122106,1.08935320,
12869,11.14039135,-0.13995399,19.94657707,5.00000000,0.15629883,-0.03706055,0.02803178,-2.61775923,0.05653992,0.07000000,0.00549451,0.76322979,-0.23999999,0.23999999,-0.01229746,14.99063301,-17.46900177,-2.58959174,-0.54929858,0.00122106,1.03937852,
12878,7.83878756,1.39712346,20.53136063,6.00000000,-0.31259766,0.40766603,0.15003137,-3.37235975,-0.05076761,0.07000000,0.00549451,0.44923505,-0.23999999,0.23999999,-0.01229746,11.70243263,-13.14931107,-3.30915403,-0.65715635,0.00122106,0.70066166,
12886,2.34050345,-0.78758556,20.53136063,6.00000000,-0.34643555,0.42700195,0.34558928,-3.49190712,-0.06186961,0.07000000,0.00366300,0.01982552,-0.23999999,0.23999999,-0.01229746,8.51720715,-8.58701992,-3.43870592,-0.56517017,0.00122106,0.38872707,
12894,-5.85245466,-4.86131954,20.53136063,6.00000000,-0.35610351,0.41894531,-0.29204327,-2.54878926,0.04439889,0.07000000,0.00366300,-0.20475265,0.23999999,-0.23999999,-0.01229746,6.42979288,-5.76656771,-2.51459169,0.43692786,0.00122106,0.27476782,
12902,-2.76154041,0.54359061,9.15950203,6.00000000,0.32548827,-0.40283203,-0.52037978,-1.27048051,0.18055330,0.07000000,0.00366300,-0.38623115,-0.04365909,-0.01082097,-0.01229746,6.69159222,-5.34768867,-1.27588677,0.02018306,0.00122106,0.36063415,
12910,-1.19453549,1.80174363,-5.53371429,6.00000000,-0.06123047,-0.02578125,-0.46733272,-0.95847875,0.16196059,0.07000000,0.00366300,-0.18569028,0.15383133,-0.18108289,-0.01229746,7.24311638,-6.65319538,-0.99175811,0.08918983,0.00122106,0.45238593,
12918,-3.26432276,1.68801904,-0.01388217,6.00000000,0.22075196,-0.32065430,-0.07676782,-0.66426319,0.01931735,0.07000000,0.00366300,0.09422839,0.23999999,-0.23999999,-0.01229746,7.57647419,-7.88190699,-0.67919987,0.33180943,0.00122106,0.53765297,
12926,-3.39241266,1.48451185,-2.50026059,6.00000000,0.33515626,-0.40605468,0.44341421,-0.59469229,-0.05120733,0.07000000,0.00366300,0.34587872,0.23999999,-0.23999999,-0.01229746,9.37940025,-10.54353333,-0.60515702,0.49922824,0.00122106,0.70942158,
12934,0.74117661,0.90032667,-3.46392679,6.00000000,0.35288087,-0.41572267,0.47920060,-0.59609812,-0.19148365,0.07000000,0.00366300,0.50912011,0.23999999,-0.23999999,-0.01229746,11.93805218,-13.61007690,-0.60737312,0.15555671,0.00122106,0.93290699,
12941,1.62942541,-2.51979041,1.25384760,5.00000000,0.35288087,-0.41733399,0.36919886,-0.85181093,-0.07151030,0.07000000,0.00366300,0.70040208,0.23999999,-0.17066357,-0.01229746,13.89631176,-16.21236420,-0.87404752,-0.09115474,0.00122106,1.08647525,
12950,4.37796879,-0.47155091,7.05978680,6.00000000,0.34804687,-0.29648438,-0.11617389,-1.42304742,-0.03349691,0.07000000,0.00366300,0.61005211,0.13891959,-0.05968472,-0.01229746,15.99245167,-17.97514725,-1.43197119,-0.13889396,0.00122106,1.18680120,
12958,6.79252148,-1.91046619,12.00740433,6.00000000,0.20947266,-0.12729493,-0.42693096,-2.15534186,0.08078367,0.07000000,0.00366300,0.38595977,-0.04876637,0.09718361,-0.01229746,16.99077988,-18.25090790,-2.16126513,-0.16914454,0.00122106,1.17361152,
12966,10.89857769,2.52239823,18.59744453,6.00000000,-0.04995117,0.14179687,-0.26687452,-2.72984099,-0.03036735,0.07000000,0.00366300,0.04631087,-0.23999999,0.23999999,-0.01229746,15.82140923,-15.96976280,-2.68397760,-0.68756044,0.00122106,1.00668228,
12974,11.15834808,1.53479016,20.53136063,6.00000000,-0.32871094,0.41249999,-0.14440301,-3.35965633,-0.15075012,0.07000000,0.00366300,-0.14194193,-0.23999999,0.23999999,-0.01229746,12.69727039,-12.18239784,-3.30140924,-1.04436719,0.00122106,0.69608343,
12982,-1.92237282,-1.68421412,20.53136063,6.00000000,-0.34643555,0.43989259,0.20042501,-2.95497656,-0.26896131,0.07000000,0.00366300,-0.16963099,0.23999999,-0.23999999,-0.01229746,10.45103168,-9.88205433,-2.93791223,0.38332570,0.00122106,0.55014753,
12990,1.21762276,-1.37895334,14.66856003,6.00000000,0.32871094,-0.41088867,-0.34488267,-1.82292736,-0.27289444,0.07000000,0.00366300,-0.36003572,-0.23999999,0.23999999,-0.01229746,10.74424648,-9.57313061,-1.81521666,-0.47407597,0.00122106,0.63556349,
12998,5.86237383,-0.22973654,-2.26084042,6.00000000,-0.33193359,0.41411132,-0.06908964,-1.72910893,-0.28777820,0.07000000,0.00366300,-0.32999432,-0.23999999,0.23999999,-0.01229746,9.51553535,-8.45961094,-1.75187862,-0.60029632,0.00122106,0.55140585,
13006,-5.02286386,0.16051833,9.54736233,6.00000000,-0.34160155,0.42055663,-0.44299427,-1.37194252,-0.30866534,0.07000000,0.00549451,-0.56539291,0.13254157,-0.21177343,-0.01229746,7.42637587,-5.59203482,-1.37896180,0.16108257,0.00122106,0.38832533,
13013,-3.91195440,0.43704864,4.15562010,5.00000000,0.17563477,-0.34321290,-0.16609548,-0.50549245,-0.27419525,0.07000000,0.00549451,-0.62715727,0.23233828,-0.23999999,-0.01229746,6.72300863,-4.66177464,-0.51847273,0.12769464,0.00122106,0.39430335,
13022,-0.81385738,2.84681273,-3.03297043,6.00000000,0.32548827,-0.40605468,0.01303930,-0.17351580,-0.34103295,0.07000000,0.00549451,-0.33094767,0.23999999,-0.23999999,-0.01229746,9.00066280,-7.93950272,-0.19902393,0.19152705,0.00122106,0.63064104,
13030,-0.22608088,-0.00827289,-2.63194180,6.00000000,0.34643555,-0.42055663,0.26810059,-0.20149308,-0.33293205,0.07000000,0.00549451,-0.10742877,0.23999999,-0.23999999,-0.01229746,11.19279671,-10.86292934,-0.20550998,0.27995121,0.00122106,0.82793808,
13038,1.94665718,-0.90609854,1.16885352,6.00000000,0.34321290,-0.42377931,0.07957687,-0.55330670,-0.36583859,0.07000000,0.00549451,-0.02430556,0.23999999,-0.23999999,-0.01229746,13.71479702,-13.62578583,-0.55544782,0.03307532,0.00122106,0.99802196,
13046,2.02087736,-1.43641424,4.61291265,6.00000000,0.34482422,-0.42055663,-0.08002147,-1.03542769,-0.24029098,0.07000000,0.00549451,0.17245653,0.23999999,-0.23999999,-0.01229746,15.82490063,-16.32755470,-1.05851817,-0.01554999,0.00122106,1.14621663,
13054,6.78773308,0.00130392,7.85825300,6.00000000,0.34804687,-0.42055663,-0.46808431,-1.75305188,-0.14173496,0.07000000,0.00549451,0.31691536,-0.21762830,0.23999999,-0.01229746,17.44456673,-18.48827362,-1.75469196,-0.35771111,0.00122106,1.23355901,
13062,10.48677444,0.88835567,12.38209724,6.00000000,-0.30292970,0.39799803,-0.41501963,-2.51611543,-0.15879451,0.07000000,0.00549451,0.27229276,-0.23999999,0.23999999,-0.01229746,16.72199821,-17.57372093,-2.49891186,-0.61900240,0.00122106,1.11527634,
13070,11.14158916,1.50127125,20.53136063,6.00000000,-0.33837891,0.41249999,0.06783747,-2.68043780,-0.28200707,0.07000000,0.00549451,-0.28859869,-0.23999999,0.23999999,-0.01229746,13.06029892,-12.15098286,-2.62580156,-1.24246764,0.00122106,0.75722742,
13078,3.00848556,-1.50704312,20.53136063,6.00000000,-0.35449219,0.41572267,0.40993145,-2.13216305,-0.29874691,0.07000000,0.00549451,-0.58230859,-0.03050964,-0.05188406,-0.01229746,11.15963554,-9.27468014,-2.11536694,0.06204975,0.00122106,0.61918288,
13085,3.52443600,-4.01856089,16.89277267,5.00000000,-0.04995117,-0.07250977,-0.25228244,-1.01534748,-0.15820862,0.07000000,0.00549451,-0.61725736,-0.23999999,0.23999999,-0.01229746,10.23984718,-8.26413441,-0.98405123,-0.59523976,0.00122106,0.63091540,
13094,3.62738681,-1.94278789,8.66270447,6.00000000,-0.33999023,0.39960939,-0.51603442,-0.63578075,-0.00006157,0.07000000,0.00549451,-0.93591255,-0.23999999,0.23999999,-0.01229746,8.71617413,-5.76656771,-0.62830287,-0.68209541,0.00122106,0.50427091,
13102,-2.79984760,-0.46197411,12.24921894,6.00000000,-0.35449219,0.42377931,-0.46387371,-0.25473240,0.13081457,0.07000000,0.00549451,-1.15613568,-0.23999999,0.23999999,-0.01229746,6.70031881,-2.95135188,-0.25233987,-0.51610374,0.00122106,0.34885991,
13110,0.13664067,0.53521091,4.87627459,6.00000000,-0.35288087,0.41894531,-0.29953247,0.62045801,0.05560690,0.07000000,0.00549451,-1.37907112,-0.23999999,0.23999999,-0.01229746,4.01600266,0.47298422,0.61264849,-0.55602920,0.00122106,0.18259922,
13118,-1.74999022,0.42747182,4.91338491,6.00000000,-0.34643555,0.43666992,0.07262240,1.28548265,-0.04232029,0.07000000,0.00549451,-1.41882110,-0.23999999,0.12398013,-0.01229746,1.59174025,3.02116513,1.28092217,-0.34374890,0.00122106,0.04063274,
13126,-1.07721961,0.10904299,6.02788591,6.00000000,-0.34804687,0.22397462,0.29594111,1.99528658,-0.08222167,0.07000000,0.00549451,-1.26516223,0.08991767,-0.23999999,-0.01229746,-0.73478359,4.78394747,1.99676073,-0.11145496,0.00122106,-0.06458073,
13134,-1.60274684,-1.23649836,7.59129953,6.00000000,0.10795899,-0.40283203,0.30623090,2.44179487,-0.10671874,0.07000000,0.00549451,-0.69416380,0.23999999,-0.23999999,-0.01229746,-0.68765974,2.97404099,2.45591235,0.09644045,0.00122106,0.05180611,
13142,1.23797345,-1.35142004,5.26772690,6.00000000,0.33193359,-0.41249999,0.25271565,2.47823453,-0.10995078,0.07000000,0.00549451,-0.14932868,0.23999999,-0.23999999,-0.01229746,1.78198111,-1.30027032,2.49898124,0.14051434,0.00122106,0.30783814,
13150,1.54921973,-2.18220806,9.44680595,6.00000000,0.33837891,-0.42055663,0.02012112,2.28166342,-0.02082855,0.07000000,0.00549451,-0.09850334,0.23999999,-0.23999999,-0.01229746,5.43146467,-5.14697599,2.18600845,0.04921597,0.00122106,0.57015008,
13157,9.38304806,0.18206614,4.33638239,5.00000000,0.33837891,-0.41733399,-0.08499390,1.55380666,0.15578452,0.07000000,0.00549451,-0.02491080,-0.23999999,0.23999999,-0.01229746,7.24486160,-7.18726587,1.60544682,-0.73657626,0.00122106,0.67158246,
13166,10.16116333,1.38036406,8.58130169,6.00000000,-0.32226563,0.38833007,-0.18454267,0.18929119,0.24813923,0.07000000,0.00549451,-0.07895959,-0.23999999,0.23999999,-0.01229746,5.98124361,-5.68802786,0.17964530,-0.87219483,0.00122106,0.45718324,
13174,-0.91082257,0.60583985,20.53136063,6.00000000,-0.35771483,0.42700195,0.21260557,-0.22668840,0.25934106,0.07000000,0.00549451,-0.47687456,0.23999999,-0.23999999,-0.01229746,5.00734949,-3.45051599,-0.22807983,0.15446180,0.00122106,0.30632490,
13182,2.56914949,-2.69337010,16.46660614,6.00000000,0.31582031,-0.39799803,0.42079562,0.42518449,0.26415989,0.07000000,0.00549451,-0.56593299,-0.12363111,0.04519746,-0.01229746,5.45589924,-3.60759544,0.43581337,-0.24629731,0.00122106,0.37524596,
13190,4.80892515,-3.08721638,5.32039928,6.00000000,-0.16596679,0.05639648,0.11454914,0.17562503,0.28276685,0.07000000,0.00366300,-0.13954031,-0.20295399,0.18269786,-0.01229746,5.03352928,-4.62686777,0.19109267,-0.29609999,0.00122106,0.37975010,
13198,0.62026942,-0.14593948,11.19098186,6.00000000,-0.30776367,0.30937499,-0.20667316,-0.13890684,0.32470116,0.07000000,0.00366300,-0.24424326,-0.12781863,0.09336826,-0.01229746,4.28129292,-3.47320533,-0.13853872,-0.16521342,0.00122106,0.28442532,
13206,-0.69055599,-2.92321348,8.76445866,6.00000000,-0.19013672,0.16274413,0.05845347,0.51874191,0.27866089,0.07000000,0.00366300,-0.38401932,0.01503271,-0.06802663,-0.01229746,2.77856421,-1.53239918,0.52270955,-0.11140986,0.00122106,0.20416678,
13214,-1.03053260,2.58584476,7.45602703,6.00000000,0.00805664,-0.10634766,0.31240141,0.85342032,0.28001690,0.07000000,0.00366300,-0.36122978,0.23999999,-0.23999999,-0.01229746,2.68780708,-1.49923790,0.84693718,0.08892369,0.00122106,0.22656837,
13222,-0.34579098,-1.18382597,5.85430622,6.00000000,0.34321290,-0.41572267,0.40065643,1.09281707,0.29485598,0.07000000,0.00366300,0.00720668,0.23999999,-0.23999999,-0.01229746,4.09279728,-4.11374092,1.10096347,0.20461909,0.00122106,0.39754334,
13229,3.71836638,-0.92046374,0.27581623,5.00000000,0.35610351,-0.43183595,0.35951230,0.83702689,0.25604567,0.07000000,0.00366300,0.19190729,0.18458486,-0.15979293,-0.01229746,6.08945370,-6.72998953,0.89698124,-0.17607692,0.00122106,0.55987638,
13238,4.40191078,-0.90490144,2.39348769,6.00000000,0.26909178,-0.28359374,0.14496392,0.14393766,0.31683019,0.07000000,0.00366300,0.22307017,-0.10603377,0.13451594,-0.01229746,8.00058937,-8.71791935,0.15067637,-0.32496122,0.00122106,0.65213716,
13246,6.13052464,-1.56450403,5.68072653,6.00000000,-0.13212891,0.20302734,-0.08472899,-0.61780632,0.34857193,0.07000000,0.00366300,0.10382539,-0.23999999,0.23999999,-0.01229746,7.66548634,-7.98837233,-0.61988300,-0.46666270,0.00122106,0.54801053,
13254,3.46458101,0.50288916,12.80467415,6.00000000,-0.34482422,0.42377931,-0.07472387,-1.15553045,0.39084241,0.07000000,0.00366300,-0.06941850,-0.23999999,0.23999999,-0.01229746,6.11039782,-5.90444851,-1.15221977,-0.39524537,0.00122106,0.36532345,
13262,2.55598140,2.85279822,15.42512703,6.00000000,-0.34643555,0.41572267,0.00560688,-0.43682760,0.33616251,0.07000000,0.00366300,-0.41419744,-0.23999999,0.23999999,-0.01229746,4.22893286,-2.87455726,-0.42888361,-0.44221830,0.00122106,0.23510036,
13270,2.49971771,0.51246595,17.65772057,6.00000000,-0.35932618,0.41894531,0.43669286,0.18536669,0.33766836,0.07000000,0.00366300,-0.62099695,-0.23999999,0.23999999,-0.01229746,2.06472445,-0.04014257,0.18753234,-0.33506486,0.00122106,0.09593970,
13278,2.58830333,-0.45120019,16.31217957,6.00000000,-0.35610351,0.42216796,0.39622471,0.93344873,0.37162852,0.07000000,0.00366300,-0.74827880,-0.23999999,0.20796794,-0.01229746,0.22514747,2.35619450,0.93174171,-0.31177348,0.00122106,-0.01133493,
13286,1.38282263,-2.31508613,14.13824368,6.00000000,-0.35932618,0.37543947,0.04041419,1.55466986,0.41437346,0.07000000,0.00366300,-0.78375220,-0.23999999,0.22133866,-0.01229746,-1.49051118,4.04916382,1.56083512,-0.37534803,0.00122106,-0.09265026,
13294,1.14340246,-0.38296545,12.29111767,6.00000000,-0.35126954,0.39477539,-0.17605838,2.08320141,0.47270593,0.07000000,0.00366300,-0.78717375,-0.23999999,0.23999999,-0.01229746,-3.06305289,5.68453741,2.07692552,-0.48592678,0.00122106,-0.17819768,
13301,-0.11834181,1.15650630,10.49785995,5.00000000,-0.35932618,0.42539063,-0.23542483,2.60202503,0.41134024,0.07000000,0.00366300,-0.85628378,-0.23999999,0.23999999,-0.01229746,-4.68097305,7.46826363,2.58859634,-0.47701895,0.00122106,-0.26711130,
13310,-0.16981715,1.86997831,9.33786964,6.00000000,-0.35288087,0.43344727,0.12372145,3.11943531,0.31586868,0.07000000,0.00366300,-0.97511464,-0.11422022,-0.01670793,-0.01229746,-6.64097786,9.86809158,3.10624886,-0.30755144,0.00122106,-0.39453611,
13318,-1.42916727,1.00208020,9.76882553,6.00000000,-0.16435547,-0.01289062,0.35826403,3.68329453,0.23365480,0.07000000,0.00366300,-0.78375375,0.23999999,-0.23999999,-0.01229746,-7.73529959,10.19621372,3.67298102,-0.02257666,0.00122106,-0.40247861,
13326,-0.13510121,-0.58407837,8.28322411,6.00000000,0.32226563,-0.40283203,0.48282468,3.89659119,0.15059730,0.07000000,0.00366300,-0.27566308,0.23999999,-0.23999999,-0.01229746,-6.16275787,7.07556486,3.90168619,0.18162826,0.00122106,-0.20517695,
13334,1.60308921,-2.53774691,4.34476185,6.00000000,0.34160155,-0.41411132,0.31970835,3.70605612,0.18329535,0.07000000,0.00366300,0.09830913,0.23999999,-0.23999999,-0.01229746,-3.24980307,2.93040776,3.73350477,0.04532488,0.00122106,0.04626650,
13342,4.13016891,-1.03897667,4.31244040,6.00000000,0.34160155,-0.42539063,-0.12845081,2.86023045,0.26964703,0.07000000,0.00366300,0.12538858,0.23999999,-0.23999999,-0.01229746,-0.15533429,-0.25132740,2.88313007,-0.17292942,0.00122106,0.22067358,
13350,4.17565870,-0.91208404,6.06020737,6.00000000,0.35449219,-0.41894531,-0.33584476,1.93610811,0.35596111,0.07000000,0.00366300,0.28143656,0.23999999,-0.23999999,-0.01229746,2.17468023,-3.06654334,1.94716144,-0.16035709,0.00122106,0.35120314,
13358,5.09862375,2.92701840,7.91691113,6.00000000,0.35288087,-0.42539063,-0.17087336,0.94717592,0.38102508,0.07000000,0.00366300,0.43654877,0.11046967,-0.05209076,-0.01229746,4.22020626,-5.61646938,0.95989126,-0.21441287,0.00122106,0.44805473,
13366,6.46331882,2.04714918,8.81593323,6.00000000,0.16435547,-0.10151367,0.02371441,-0.08821201,0.35283872,0.07000000,0.00366300,0.38760793,-0.23999999,0.23999999,-0.01229746,5.39306736,-6.64446878,-0.08055866,-0.38010681,0.00122106,0.45305797,
13373,7.53951216,0.19403715,9.34864330,5.00000000,-0.31582031,0.40283203,0.31321466,-0.88533330,0.36407298,0.07000000,0.00366300,0.10469931,-0.23999999,0.23999999,-0.01229746,3.75943899,-4.08756113,-0.88280261,-0.72276288,0.00122106,0.23061398,
13382,-1.53930056,-1.34782875,20.53136063,6.00000000,-0.36416015,0.41733399,0.13788101,-1.27210760,0.35189807,0.07000000,0.00366300,-0.07500838,-0.01460279,0.00325946,-0.01229746,1.71391332,-1.44687796,-1.26408553,0.13165009,0.00122106,0.02181280,
13390,0.14621748,-1.24368095,15.75193596,6.00000000,-0.03061523,0.01289062,-0.11009327,-0.23317227,0.33404323,0.07000000,0.00366300,-0.28311917,-0.23999999,0.23999999,-0.01229746,0.93898714,-0.06283185,-0.22446930,-0.29281873,0.00122106,0.02042434,
13398,1.06080258,-0.51225233,10.78037643,6.00000000,-0.32871094,0.42055663,-0.07854193,-0.03107878,0.28998330,0.07000000,0.00366300,0.02769670,-0.23999999,0.23999999,-0.01229746,-1.11526537,1.02625358,-0.02997258,-0.16120991,0.00122106,-0.08163556,
13406,-2.04327989,0.85603392,12.77833748,6.00000000,-0.36254883,0.43505859,-0.38840213,0.27769992,0.15706794,0.07000000,0.00366300,-0.22612895,-0.02153595,-0.00917541,-0.01229746,-2.56912470,3.29518175,0.27875030,0.01158914,0.00122106,-0.19705275,
13414,-1.70689464,1.47493505,9.18703461,6.00000000,-0.04189453,0.00322266,0.26327664,1.00896227,0.14217016,0.07000000,0.00366300,-0.18252203,0.11248390,-0.13691527,-0.01229746,-3.33183336,3.93397212,1.00638723,0.01704517,0.00122106,-0.19964701,
13422,-0.80188638,1.48451185,4.34117079,6.00000000,0.14501953,-0.22880860,0.18781066,1.39348531,0.05173814,0.07000000,0.00366300,0.05901624,0.23999999,-0.23999999,-0.01229746,-2.19038820,2.00363803,1.39949501,0.11248018,0.00122106,-0.05079357,
13430,0.53886658,-2.20375586,1.59621847,6.00000000,0.34482422,-0.42700195,0.25156775,1.33137941,0.02967533,0.07000000,0.00366300,0.27407086,0.23999999,-0.23999999,-0.01229746,-0.31764993,-0.57072270,1.34515810,0.02481725,0.00122106,0.11239217,
13438,2.09390068,-1.08446658,2.70593095,6.00000000,0.34804687,-0.42216796,0.04122535,0.75522554,0.06988673,0.07000000,0.00549451,0.33041328,0.23484160,-0.19085017,-0.01229746,2.23402143,-3.28470969,0.76514482,-0.03775739,0.00122106,0.26857978,
13445,3.61302161,-1.39810693,4.91577911,5.00000000,0.35449219,-0.33999023,-0.22777294,0.03905855,0.11340113,0.07000000,0.00549451,0.35267869,0.09157559,-0.04514494,-0.01229746,4.40695620,-5.55712843,0.03932959,-0.08871057,0.00122106,0.38264275,
13454,5.66485262,0.51366311,7.03584480,6.00000000,0.15146485,-0.08378907,-0.22062916,-0.79380423,0.17248419,0.07000000,0.00549451,0.15726951,-0.23999999,0.23999999,-0.01229746,5.52571249,-6.03709364,-0.79146135,-0.27595755,0.00122106,0.38185582,
13462,7.66041946,2.52479243,10.37216473,6.00000000,-0.31582031,0.39477539,-0.15478641,-1.49954677,0.19125928,0.07000000,0.00366300,-0.12612137,-0.23999999,0.23999999,-0.01229746,3.94444418,-3.51509309,-1.49195147,-0.65503931,0.00122106,0.17080343,
13470,-0.67499369,0.89074987,20.53136063,6.00000000,-0.35449219,0.43505859,0.23604380,-1.96210837,0.10703177,0.07000000,0.00366300,-0.02196293,-0.23999999,0.23999999,-0.01229746,2.03505397,-1.95825934,-1.94416595,0.00665963,0.00122106,0.00575656,
13478,2.98574066,-0.52661753,18.10902786,6.00000000,-0.35449219,0.42539063,0.15539707,-0.78408962,-0.05778843,0.07000000,0.00366300,-0.15523875,-0.23999999,0.23999999,-0.01229746,-0.30019665,0.81332338,-0.76552224,-0.56571013,0.00122106,-0.09805529,
13486,-1.00419641,-1.54295623,16.24753571,6.00000000,-0.35288087,0.43828124,0.07542787,-0.08346064,-0.05468212,0.07000000,0.00366300,-0.23632464,-0.15015669,0.11783534,-0.01229746,-1.78547192,2.54294467,-0.07735926,-0.04501939,0.00122106,-0.17164934,
13494,0.25994205,-1.11918247,11.52736759,6.00000000,-0.22880860,0.21591797,-0.26199070,0.60337049,-0.02968790,0.07000000,0.00366300,-0.36033475,-0.23999999,0.23999999,-0.01229746,-3.03687286,4.20449829,0.60530573,-0.29437748,0.00122106,-0.23161630,
13502,-1.78231204,-0.26445246,7.44405603,6.00000000,-0.34804687,0.41894531,-0.21202932,1.12936187,-0.05339345,0.07000000,0.00366300,-0.30913970,0.00021146,-0.04158727,-0.01229746,-4.60417843,5.62345123,1.13218796,-0.04054099,0.00122106,-0.30468363,
13510,-2.84892893,2.78456330,6.51989412,6.00000000,-0.00966797,-0.05800781,-0.20787086,1.80556357,-0.06313144,0.07000000,0.00549451,-0.27694729,0.23721358,-0.23999999,-0.01229746,-5.06843615,5.97775269,1.80394816,0.03945560,0.00122106,-0.28263551,
13517,-0.10277950,1.76343632,0.53439003,5.00000000,0.32709962,-0.41733399,0.13266478,2.09660697,-0.12539645,0.07000000,0.00549451,-0.01060839,0.23999999,-0.23999999,-0.01229746,-3.59188771,3.61806750,2.11558270,0.07661952,0.00122106,-0.11718388,
13526,2.25790334,-0.70259136,-1.66707850,6.00000000,0.34482422,-0.41572267,0.26847476,1.70456755,-0.13648833,0.07000000,0.00549451,0.20227018,0.23999999,-0.23999999,-0.01229746,-0.55152404,-0.09599311,1.73780584,-0.06560919,0.00122106,0.11163435,
13534,2.57154369,-3.08601928,1.55072868,6.00000000,0.35449219,-0.43344727,0.21627499,1.16865098,-0.12105541,0.07000000,0.00366300,0.30840117,0.12158297,-0.08013279,-0.01229746,1.75231063,-2.75762033,1.18091178,-0.16878456,0.00122106,0.26270038,
13542,4.15650511,-2.38451815,5.67114973,6.00000000,0.18208008,-0.15791015,-0.15929724,0.48757616,-0.03607972,0.07000000,0.00366300,0.23448396,-0.01026936,0.04119591,-0.01229746,3.38419342,-4.15562916,0.48613548,-0.19392726,0.00122106,0.32428282,
13550,5.44698000,-0.31353360,9.59165478,6.00000000,-0.00161133,0.05800781,-0.34423083,-0.27037594,0.08229308,0.07000000,0.00366300,0.00112903,-0.23999999,0.23999999,-0.01229746,3.14857388,-3.15555525,-0.27067932,-0.35411251,0.00122106,0.22196230,
13558,6.45254469,3.22629356,15.36646938,6.00000000,-0.32871094,0.41249999,-0.10562367,-1.01611400,0.13512072,0.07000000,0.00366300,-0.29417521,-0.23999999,0.23999999,-0.01229746,1.05766952,-0.13788101,-1.01216519,-0.62513018,0.00122106,-0.03355640,
13566,-3.37804747,-0.77681166,20.53136063,6.00000000,-0.35126954,0.44150391,-0.04623948,-0.78780735,-0.03376722,0.07000000,0.00366300,0.06816709,0.10273890,-0.09406736,-0.01229746,-0.77143556,0.54454273,-0.77503711,0.19064039,0.00122106,-0.10999374,
13574,3.54239249,0.16051833,17.74032021,6.00000000,0.12729493,-0.14179687,0.12943698,-0.16675569,-0.15250707,0.07000000,0.00366300,0.04872961,-0.23999999,0.23999999,-0.01229746,-0.92851520,0.77318084,-0.16116762,-0.67692417,0.00122106,-0.07698975,
13582,7.51078176,-0.01904679,4.34595919,6.00000000,-0.33032227,0.40122071,0.14393885,-0.49823672,-0.14499916,0.07000000,0.00549451,-0.12950751,-0.23999999,0.23999999,-0.01229746,-2.21133208,2.61973929,-0.49860424,-0.85177082,0.00122106,-0.22010040,
13589,-3.44388795,-3.29192042,16.05480194,5.00000000,-0.35771483,0.43666992,-0.04673944,-0.64730799,-0.12181959,0.07000000,0.00549451,-0.22478965,0.18290631,-0.21378595,-0.01229746,-3.48542237,4.20275307,-0.64400506,0.32092303,0.00122106,-0.34299746,
13598,-3.38403296,1.04517591,9.33427811,6.00000000,0.25297850,-0.35932618,-0.13916828,0.33394086,-0.10804591,0.07000000,0.00549451,-0.30837706,0.10156833,-0.14369607,-0.01229746,-2.46615028,3.49240398,0.33131427,0.09949926,0.00122106,-0.20000166,
13606,-0.57563436,2.00884199,0.19082206,6.00000000,0.14663085,-0.24331054,-0.12042048,0.38267842,-0.02585850,0.07000000,0.00366300,0.13738343,0.23999999,-0.23999999,-0.01229746,-1.03323495,0.58293998,0.38245952,0.18377215,0.00122106,-0.03525010,
13614,0.62266362,0.95778751,0.75824785,6.00000000,0.35610351,-0.41733399,0.01925485,0.12389382,-0.04211997,0.07000000,0.00366300,0.46095133,0.21349803,-0.15142225,-0.01229746,0.57246798,-2.10137653,0.13008308,0.06961246,0.00122106,0.10919195,
13622,0.08995374,0.04559665,3.78571582,6.00000000,0.31098634,-0.26909178,-0.03138366,-0.36534226,-0.05317407,0.07000000,0.00549451,0.46446076,0.23999999,-0.23999999,-0.01229746,2.88153863,-4.35983229,-0.36405224,0.17550048,0.00122106,0.24806584,
13630,1.45943713,-1.60281122,5.45088339,6.00000000,0.36093751,-0.41572267,-0.08454969,-0.82529861,0.02519875,0.07000000,0.00549451,0.36892977,0.16868681,-0.12043254,-0.01229746,5.17664671,-6.39663172,-0.83495426,0.07752210,0.00122106,0.37514070,
13638,5.12017155,0.04439955,5.43891239,6.00000000,0.25781250,-0.21108398,-0.25533006,-1.48088264,0.05070391,0.07000000,0.00549451,0.33407727,-0.23999999,0.23999999,-0.01229746,6.83121872,-7.91681337,-1.48548567,-0.16689822,0.00122106,0.44759110,
13646,6.96370697,0.15213862,9.41807556,6.00000000,-0.32387695,0.39477539,-0.26050726,-2.14820647,0.09884748,0.07000000,0.00549451,0.09813064,-0.23999999,0.23999999,-0.01229746,5.29881954,-5.61646938,-2.14429545,-0.42336679,0.00122106,0.25107664,
13654,4.73709917,0.82490933,20.53136063,6.00000000,-0.34160155,0.43022460,0.17684305,-2.31817007,-0.00195933,0.07000000,0.00366300,0.03983808,-0.23999999,0.23999999,-0.01229746,2.51152873,-2.64068317,-2.28198195,-0.65512228,0.00122106,0.02303308,
13661,3.38796663,-0.60083783,20.53136063,5.00000000,-0.34482422,0.42377931,0.22644289,-1.29270852,-0.21180458,0.07000000,0.00366300,0.12251459,-0.23999999,0.23999999,-0.01229746,-0.18151423,-0.22689280,-1.25972807,-0.46957210,0.00122106,-0.09222667,
13670,0.74955630,-0.09925255,17.07114029,6.00000000,-0.35126954,0.43183595,0.04088995,-0.48122653,-0.12304448,0.07000000,0.00366300,-0.13134545,-0.23999999,0.23999999,-0.01229746,-1.89891827,2.31779718,-0.46999025,-0.26536191,0.00122106,-0.19496417,
13678,-0.32065186,-2.34381676,13.43913746,6.00000000,-0.35771483,0.42700195,-0.28060588,0.21847557,-0.01293678,0.07000000,0.00366300,-0.37115249,-0.23999999,0.23999999,-0.01229746,-3.44178915,4.64606667,0.22211555,-0.21155195,0.00122106,-0.29211944,
13686,-1.79907143,1.33846557,9.10323811,6.00000000,-0.35932618,0.42377931,-0.37405935,0.86346358,0.02286080,0.07000000,0.00366300,-0.64263332,-0.23999999,0.19090463,-0.01229746,-5.11730576,7.18552065,0.86071587,-0.16110457,0.00122106,-0.40183827,
13694,-1.91878152,1.41508007,5.97162199,6.00000000,-0.36577147,0.33515626,-0.11574604,1.60193908,0.05388179,0.07000000,0.00366300,-0.77025890,-0.11765301,0.01412845,-0.01229746,-6.81201982,9.30260468,1.60053635,-0.10308882,0.00122106,-0.48898983,
13702,-2.94110560,1.21396708,5.23420811,6.00000000,-0.17885742,0.05156250,0.21616271,2.23575306,-0.00228438,0.07000000,0.00366300,-0.56712651,0.23999999,-0.23999999,-0.01229746,-7.86445379,9.73893738,2.23903847,0.15160930,0.00122106,-0.50056905,
13710,-2.02173209,-0.61041462,3.60734797,6.00000000,0.32387695,-0.40766603,0.44142088,2.64153576,0.00439984,0.07000000,0.00366300,-0.21602179,0.23999999,-0.23999999,-0.01229746,-6.36870623,7.07032871,2.66117883,0.35172477,0.00122106,-0.30678499,
13718,1.13621986,-2.48746872,-1.26006413,6.00000000,0.34321290,-0.42700195,0.25670573,2.51984978,0.03223442,0.07000000,0.00366300,0.01110186,0.23999999,-0.23999999,-0.01229746,-3.46098804,3.42084527,2.56232071,0.15972848,0.00122106,-0.06108233,
13726,2.97496676,-1.96313858,2.58502388,6.00000000,0.34482422,-0.42216796,-0.14000227,1.91572833,0.11891051,0.07000000,0.00366300,0.16103938,0.23999999,-0.23999999,-0.01229746,-0.63529986,0.10297443,1.94023347,-0.08056082,0.00122106,0.11676228,
13733,3.14974356,-1.49986053,7.98873711,5.00000000,0.35771483,-0.43505859,-0.41794384,1.11925387,0.18656617,0.07000000,0.00366300,0.33166406,0.23999999,-0.23999999,-0.01229746,1.60221231,-2.65290046,1.12119234,-0.02519653,0.00122106,0.25056121,
13742,5.36437988,3.81167603,12.61194038,6.00000000,0.35449219,-0.43505859,-0.32166055,0.05742330,0.24515514,0.07000000,0.00366300,0.47552463,-0.00010163,0.06361255,-0.01229746,3.64075685,-5.16093874,0.06522477,-0.15140527,0.00122106,0.34082159,
13750,10.43170834,1.59105384,12.24562740,6.00000000,0.03222656,0.08701172,0.17749271,-1.10782003,0.17507209,0.07000000,0.00366300,0.47322175,-0.23999999,0.23999999,-0.01229746,3.68264461,-5.22202539,-1.10001934,-0.73674494,0.00122106,0.25401595,
13758,9.45966244,-0.37338865,16.64377594,6.00000000,-0.33032227,0.41088867,0.31233358,-2.21551347,0.08214389,0.07000000,0.00366300,0.31965214,-0.23999999,0.23999999,-0.01229746,0.65973443,-1.68947875,-2.19844317,-0.92389888,0.00122106,-0.07752961,
13766,-5.17489576,-2.45155573,20.53136063,6.00000000,-0.36093751,0.43828124,0.24216314,-2.19069886,-0.02670113,0.07000000,0.00366300,0.10288475,0.06880943,-0.05593073,-0.01229746,-0.19722220,-0.13613568,-2.18092656,0.35781139,0.00122106,-0.16912338,
13774,2.41113234,-2.38810945,16.70722198,6.00000000,0.08217774,-0.08217774,-0.22566904,-1.24127281,0.07324667,0.07000000,0.00366300,0.10644128,-0.23999999,0.23999999,-0.01229746,-0.57944930,0.23911010,-1.23379016,-0.53929514,0.00122106,-0.12585822,
13782,3.04798985,2.40987086,5.32997608,6.00000000,-0.32871094,0.41249999,-0.21181867,-1.27712321,0.13656332,0.07000000,0.00366300,-0.18943736,-0.23999999,0.23999999,-0.01229746,-1.77499974,2.39982772,-1.28159750,-0.27363405,0.00122106,-0.25779748,
13790,-4.06159210,-1.16347516,12.57483006,6.00000000,-0.36254883,0.43022460,-0.22988930,-1.32145214,0.16219743,0.07000000,0.00366300,-0.23961896,-0.20649898,0.17365645,-0.01229746,-3.48891306,4.25860357,-1.31557667,0.13904330,0.00122106,-0.39538831,
13798,-2.82738113,2.06630278,5.49517584,6.00000000,-0.30615234,0.31259766,0.02501942,-0.30275124,0.11364296,0.07000000,0.00366300,-0.40018088,-0.09360804,0.03952698,-0.01229746,-5.13650370,6.42804766,-0.31328595,0.12643757,0.00122106,-0.46524197,
13805,-2.51134634,1.83885372,3.50320005,5.00000000,-0.14501953,0.09184571,0.15008208,0.30471900,0.12385330,0.07000000,0.00366300,-0.26505196,0.10370788,-0.13907500,-0.01229746,-6.18195629,7.03367710,0.29665783,0.19192696,0.00122106,-0.48047572,
13814,-1.72125983,-1.15150416,2.29053688,6.00000000,0.13212891,-0.23364258,0.29404271,0.76889098,0.08377687,0.07000000,0.00366300,-0.12363993,0.23999999,-0.23999999,-0.01229746,-5.15395689,5.55712843,0.77375102,0.23683485,0.00122106,-0.34912944,
13822,-0.94434142,-1.66506052,2.18758631,6.00000000,0.34160155,-0.39638671,0.19897752,0.89988995,0.09809851,0.07000000,0.00366300,0.05222066,0.23999999,-0.23999999,-0.01229746,-2.25322008,2.10486698,0.90920043,0.24729826,0.00122106,-0.09361839,
13830,3.91229677,-2.98067427,-0.49391961,6.00000000,0.34804687,-0.41249999,-0.12600420,0.64506060,0.18484938,0.07000000,0.00366300,0.36383092,-0.02399610,0.07310361,-0.01229746,0.15358898,-1.32295966,0.65607637,-0.16194770,0.00122106,0.10482969,
13838,5.60380030,-0.39493647,5.05224848,6.00000000,-0.01450195,0.10473633,-0.35126331,-0.03240521,0.22489549,0.07000000,0.00366300,0.38358265,-0.23247245,0.23999999,-0.01229746,0.58119464,-1.82386911,-0.02974671,-0.22431433,0.00122106,0.09015930,
13846,6.51239967,1.75146532,14.65419483,6.00000000,-0.31904298,0.40283203,-0.28637674,-0.41240785,0.23315807,0.07000000,0.00366300,0.13570824,-0.23999999,0.23999999,-0.01229746,-1.53763509,1.10304809,-0.40487239,-0.48767006,0.00122106,-0.13141313,
13854,1.05960548,1.99208260,20.53136063,6.00000000,-0.35771483,0.43989259,0.32576069,-0.11364501,0.12840860,0.07000000,0.00366300,-0.03490649,-0.23999999,0.23999999,-0.01229746,-2.91993594,3.04559946,-0.10508093,-0.27916366,0.00122106,-0.23693675,
13862,6.12573624,-1.97750378,18.15332031,6.00000000,-0.35610351,0.42700195,0.27774501,0.61902392,-0.00743367,0.07000000,0.00366300,0.19142389,-0.23999999,0.23999999,-0.01229746,-5.66359329,5.10508823,0.61978954,-0.81575668,0.00122106,-0.36296672,
13870,-1.02933550,-1.09284627,18.36640358,6.00000000,-0.36416015,0.42861328,-0.09777468,1.09316516,0.01926141,0.07000000,0.00366300,-0.10726731,0.08573151,-0.09932072,-0.01229746,-6.78409481,7.12967014,1.08662176,0.06290895,0.00122106,-0.44911036,
13877,1.13382566,-2.11038208,12.93036938,5.00000000,0.09667969,-0.13696289,-0.20441812,1.60714853,0.13848683,0.07000000,0.00366300,-0.15572366,-0.23999999,0.23999999,-0.01229746,-6.82423735,7.31467485,1.60468531,-0.37593901,0.00122106,-0.41618529,
13886,2.99890876,0.23593569,1.37475479,6.00000000,-0.33515626,0.40927735,-0.22085071,1.66054165,0.09571226,0.07000000,0.00366300,-0.11870882,-0.23999999,0.23999999,-0.01229746,-8.29729557,8.66555977,1.67702341,-0.35523489,0.00122106,-0.51924241,
13894,-5.00251341,2.23269987,10.77917862,6.00000000,-0.35771483,0.43828124,-0.11575312,1.73484981,0.10168348,0.07000000,0.00366300,-0.20369105,0.23999999,-0.23999999,-0.01229746,-9.76511669,10.42659760,1.73342121,0.27936143,0.00122106,-0.63425434,
13902,-3.47261834,1.66407704,6.24456120,6.00000000,0.31420898,-0.38188475,0.04629171,2.59609342,0.06565961,0.07000000,0.00366300,-0.16719079,0.23999999,-0.23999999,-0.01229746,-9.01288033,9.53996944,2.59987068,0.20381659,0.00122106,-0.50781834,
13910,1.72878480,0.20241687,-2.89650106,6.00000000,0.33515626,-0.41249999,0.24023409,2.47734094,0.04728441,0.07000000,0.00366300,0.11863425,0.23999999,-0.23999999,-0.01229746,-5.83289051,5.42622852,2.52401018,0.06892067,0.00122106,-0.23699826,
13918,1.35169804,-1.39331853,-1.25886703,6.00000000,0.33676758,-0.40766603,0.14830764,2.07648706,0.05574256,0.07000000,0.00366300,0.30864233,0.23999999,-0.23999999,-0.01229746,-2.87455726,1.86401165,2.11080241,0.00753800,0.00122106,-0.01783757,
13926,1.70603991,-2.11995888,3.77973032,6.00000000,0.34160155,-0.42377931,-0.05482444,1.46361041,0.11480962,0.07000000,0.00366300,0.42483383,0.23999999,-0.23999999,-0.01229746,0.08552113,-1.47829378,1.47389436,0.02287741,0.00122106,0.17473611,
13934,2.20642805,-1.38134754,8.61362362,6.00000000,0.35449219,-0.42539063,-0.30678186,0.67315155,0.17424805,0.07000000,0.00366300,0.48144740,0.23999999,-0.23999999,-0.01229746,2.47138643,-4.01949310,0.66890836,0.10916976,0.00122106,0.29711372,
13942,4.68801832,2.40508246,12.04092312,6.00000000,0.34804687,-0.43183595,-0.35956439,-0.22867243,0.24652541,0.07000000,0.00366300,0.56031656,0.13844028,-0.06362438,-0.01229746,4.44186306,-6.24478769,-0.22024143,-0.03460111,0.00122106,0.38828948,
13949,8.57141304,1.13136709,12.29470921,5.00000000,0.21752930,-0.12407227,0.16092259,-1.07368636,0.23671252,0.07000000,0.00366300,0.61928856,-0.23999999,0.23999999,-0.01229746,4.97593403,-6.97259045,-1.06579030,-0.53786290,0.00122106,0.37535045,
13958,9.57937241,-0.01545549,16.38280869,6.00000000,-0.32226563,0.40283203,0.25328130,-2.30503368,0.12199858,0.07000000,0.00366300,0.41427946,-0.23999999,0.23999999,-0.01229746,2.33699584,-3.66344595,-2.28661203,-0.77962565,0.00122106,0.06028837,
13966,2.36923385,-1.39212143,20.53136063,6.00000000,-0.35288087,0.42861328,0.43786016,-2.94773316,0.10939016,0.07000000,0.00366300,0.42719954,-0.23999999,0.23999999,-0.01229746,-0.21816616,-1.15715337,-2.91592264,-0.47809359,0.00122106,-0.18693534,
13974,-1.50817585,-4.37888813,20.22430420,6.00000000,-0.35449219,0.42055663,-0.39451256,-1.83171749,0.06680910,0.07000000,0.00366300,0.20302045,-0.23999999,0.23999999,-0.01229746,-2.22529483,1.56556034,-1.81216717,0.02016705,0.00122106,-0.28495812,
13982,0.41676226,2.78097200,13.67736053,6.00000000,-0.34965819,0.42539063,-0.27372050,-1.21171558,0.16602392,0.07000000,0.00366300,-0.15432668,-0.23999999,0.23999999,-0.01229746,-3.90953755,4.39473915,-1.19648993,-0.16885528,0.00122106,-0.40264419,
13990,-4.64817142,0.66569489,9.44680595,6.00000000,-0.35932618,0.42216796,-0.30197036,-0.21623953,0.12595332,0.07000000,0.00366300,-0.08608951,0.05161883,-0.06285754,-0.01229746,-5.89397717,6.16799355,-0.21830034,0.20957695,0.00122106,-0.48143196,
13998,-1.96427131,2.72949672,2.32046437,6.00000000,0.05800781,-0.09345703,-0.04893350,0.65709740,0.02721120,0.07000000,0.00366300,-0.28406647,0.01176304,-0.04964194,-0.01229746,-5.98997021,6.90277719,0.65329683,0.06927863,0.00122106,-0.44092885,
14006,-2.69450283,1.19241929,-3.35618782,6.00000000,0.01933594,-0.08056641,0.49149048,1.07013154,0.00704936,0.07000000,0.00366300,0.00993416,0.23999999,-0.23999999,-0.01229746,-5.54665613,5.51524067,1.07961655,0.44009617,0.00122106,-0.34111804,
14014,-2.00138140,-0.86060870,-1.54497421,6.00000000,0.33837891,-0.41733399,0.30541787,1.19361508,-0.13179599,0.07000000,0.00366300,0.39153847,0.23999999,-0.23999999,-0.01229746,-3.85019636,2.58483267,1.20988274,0.34783182,0.00122106,-0.14899702,
14021,-0.58161986,-1.69139671,-2.12197685,5.00000000,0.34643555,-0.41894531,0.25777096,0.98708004,-0.11166938,0.07000000,0.00366300,0.49817097,0.23999999,-0.23999999,-0.01229746,-1.02450824,-0.61435592,1.00124109,0.24704635,0.00122106,0.06124936,
14030,2.02446866,-1.82307780,2.61854267,6.00000000,0.35610351,-0.42216796,-0.04967731,0.66084194,-0.03485165,0.07000000,0.00366300,0.53117275,0.23999999,-0.23999999,-0.01229746,1.65282679,-3.38942933,0.66215509,0.09197932,0.00122106,0.24278036,
14038,2.92468858,-1.28079104,7.16393471,6.00000000,0.34643555,-0.42861328,-0.21728374,0.23720038,0.05697820,0.07000000,0.00366300,0.66528738,0.23999999,-0.23984051,-0.01229746,3.67217255,-5.77529430,0.23259914,0.04562766,0.00122106,0.37784600,
14046,6.77097368,0.79139048,11.77756119,6.00000000,0.34482422,-0.43505859,-0.35764739,-0.47692350,0.14642675,0.07000000,0.00366300,0.70330817,0.01629929,0.07768893,-0.01229746,5.52222157,-7.79987621,-0.47385031,-0.12393996,0.00122106,0.46767738,
14054,11.44565201,2.79773140,18.25986290,6.00000000,0.04028320,0.10473633,0.19567376,-1.28621924,0.12945049,0.07000000,0.00366300,0.51839042,-0.23999999,0.23999999,-0.01229746,5.46811628,-7.16981220,-1.25935984,-0.67573154,0.00122106,0.38406199,
14062,11.91611290,-0.02263810,20.53136063,6.00000000,-0.31904298,0.39477539,0.24689139,-2.10933447,0.09209605,0.07000000,0.00366300,0.13139054,-0.23999999,0.23999999,-0.01229746,2.22005868,-2.63893771,-2.08112764,-1.02856493,0.00122106,0.02347565,
14070,0.93510693,-1.85779369,20.53136063,6.00000000,-0.35610351,0.42861328,0.34935912,-2.11285615,0.05760687,0.07000000,0.00366300,0.16109376,-0.23999999,0.23999999,-0.01229746,-0.53581607,0.01396263,-2.09668612,0.01745605,0.00122106,-0.18209441,
14078,0.78307515,-3.03574085,16.60546875,6.00000000,-0.34965819,0.41894531,-0.57467860,-0.83626711,-0.00047013,0.07000000,0.00366300,-0.17832354,-0.23999999,0.23999999,-0.01229746,-2.28987193,2.87979317,-0.82373285,-0.19526529,0.00122106,-0.25837910,
14086,-2.20249438,2.16805649,12.52574921,6.00000000,-0.35771483,0.43344727,-0.35758430,-0.38441131,0.07440113,0.07000000,0.00366300,-0.38432556,-0.23999999,0.23999999,-0.01229746,-3.96189737,5.20108128,-0.38457552,-0.04517862,0.00122106,-0.37490299,
14093,-4.40396309,1.40191197,6.78684759,5.00000000,-0.35771483,0.42700195,-0.41367003,0.58077478,0.03644685,0.07000000,0.00366300,-0.36255994,0.00008488,-0.04865442,-0.01229746,-5.96204472,7.13839674,0.57514226,0.07895059,0.00122106,-0.45526141,
14102,-3.10151720,2.48409104,1.36158669,6.00000000,-0.01450195,-0.07573242,-0.03793708,1.40195048,-0.12937213,0.07000000,0.00366300,-0.40990236,0.23999999,-0.23999999,-0.01229746,-6.42979288,7.74402618,1.40127623,0.14709345,0.00122106,-0.43350470,
14110,-2.96983600,1.35402787,-2.94199085,6.00000000,0.33837891,-0.41411132,0.50819564,1.80413139,-0.17948598,0.07000000,0.00366300,-0.03518143,0.23999999,-0.23999999,-0.01229746,-4.74729538,4.87121391,1.82448721,0.50702763,0.00122106,-0.22330941,
14118,-0.48944306,-0.73371601,-4.94114923,6.00000000,0.34160155,-0.40766603,0.48520938,1.75509179,-0.29907212,0.07000000,0.00366300,0.21756430,0.23999999,-0.23999999,-0.01229746,-1.55334306,0.85346603,1.79309261,0.37429625,0.00122106,0.04567154,
14126,-1.23882818,-1.99067187,-0.00669957,6.00000000,0.34965819,-0.42539063,0.31735587,1.37532389,-0.25184068,0.07000000,0.00366300,0.41062790,0.23999999,-0.23999999,-0.01229746,1.30899692,-2.60577655,1.39415765,0.32776803,0.00122106,0.25359294,
14134,1.38641393,-3.13390326,2.27617168,6.00000000,0.34965819,-0.41572267,-0.06979208,0.97900361,-0.19043134,0.07000000,0.00366300,0.55438352,0.23999999,-0.23999999,-0.01229746,3.53080106,-5.23947859,0.98069704,0.18271929,0.00122106,0.40639490,
14142,2.50330901,-0.95637673,6.46961594,6.00000000,0.35771483,-0.42539063,-0.44030043,0.40564042,-0.03253405,0.07000000,0.00366300,0.61782610,0.23999999,-0.23999999,-0.01229746,5.57458162,-7.60963535,0.40428370,0.20869830,0.00122106,0.53106099,
14150,6.06947231,0.78061658,13.37209988,6.00000000,0.35610351,-0.42861328,-0.55856103,-0.49157467,0.04754214,0.07000000,0.00366300,0.77773237,0.23999999,-0.18652897,-0.01229746,7.18901110,-9.69006824,-0.49030009,0.02784994,0.00122106,0.61117202,
14158,12.52663422,1.18763089,19.28697395,6.00000000,0.36899415,-0.34321290,0.07662508,-1.83934557,-0.05590578,0.07000000,0.00366300,0.89781946,-0.23999999,0.23999999,-0.01229746,7.87492561,-10.74948311,-1.82336462,-0.61609304,0.00122106,0.57045972,
14165,11.81675339,2.40627956,20.53136063,5.00000000,-0.30776367,0.37543947,0.39926884,-3.49198246,-0.19151813,0.07000000,0.00366300,0.85949957,-0.23999999,0.23999999,-0.01229746,6.20464563,-9.00066280,-3.42779970,-0.93321234,0.00122106,0.31771082,
14174,2.11185718,-3.16742206,20.53136063,6.00000000,-0.35771483,0.42055663,0.54309863,-4.17108440,-0.28403646,0.07000000,0.00366300,0.47333992,-0.23999999,0.23999999,-0.01229746,3.53429174,-5.05447340,-4.12072086,-0.91146326,0.00122106,0.01394621,
14182,-2.08876991,-4.51535749,20.53136063,6.00000000,-0.35126954,0.41733399,-0.11224277,-3.08187032,-0.16621284,0.07000000,0.00366300,0.06959915,-0.23999999,0.23999999,-0.01229746,1.41022611,-1.65108144,-3.05100822,-0.12210417,0.00122106,-0.11333513,
14190,-0.43796775,-0.69780296,12.48624516,6.00000000,-0.35288087,0.43183595,-0.29378116,-1.91369891,0.12092561,0.07000000,0.00366300,-0.30409473,-0.23999999,0.23999999,-0.01229746,-0.63180918,1.59174025,-1.90415406,-0.12967385,0.00122106,-0.23089519,
14198,-4.27108479,-1.46753883,4.26934481,6.00000000,-0.35288087,0.41894531,-0.64879078,-0.93688303,0.12783827,0.07000000,0.00366300,-0.43753380,-0.23999999,0.20953466,-0.01229746,-2.69304299,4.12072229,-0.94877410,0.03772296,0.00122106,-0.33235845,
14206,-2.44071746,3.48247313,0.28299883,6.00000000,-0.34482422,0.36254883,-0.39478901,-0.03938032,0.14900757,0.07000000,0.00366300,-0.59029001,-0.23999999,0.21697143,-0.01229746,-4.87121391,6.80154848,-0.06274569,-0.04874605,0.00122106,-0.44644624,
14214,-4.02807331,1.67844224,-0.92607301,6.00000000,-0.34321290,0.38349611,0.05560071,0.68276030,-0.00423515,0.07000000,0.00366300,-0.70283413,0.10654247,-0.20111412,-0.01229746,-7.09999895,9.40034294,0.67486024,0.20006528,0.00122106,-0.57962972,
14222,-4.16214848,0.95898461,-0.04500680,6.00000000,0.13696289,-0.32709962,0.55837137,1.38771629,-0.02440583,0.07000000,0.00366300,-0.46691036,0.23999999,-0.23999999,-0.01229746,-7.33387375,8.82438469,1.39095092,0.55759746,0.00122106,-0.50754255,
14230,-0.68097919,0.75787169,-3.10838795,6.00000000,0.32548827,-0.39638671,0.65853125,1.64247608,-0.14636436,0.07000000,0.00366300,-0.13365778,0.23999999,-0.23999999,-0.01229746,-4.63559437,5.02654839,1.66333354,0.58593601,0.00122106,-0.24399453,
14237,-2.17855239,-2.30191803,2.54551935,5.00000000,0.34160155,-0.40766603,0.61197448,1.62833130,-0.01541044,0.07000000,0.00366300,0.12858406,0.23999999,-0.23999999,-0.01229746,-1.03672564,0.64926249,1.64549160,0.54891205,0.00122106,0.06173941,
14246,3.56154609,-3.05609155,3.12970471,6.00000000,0.35449219,-0.42377931,0.10102505,1.27610457,0.03851290,0.07000000,0.00366300,0.33599582,0.23191021,-0.18659385,-0.01229746,1.24791038,-2.34921336,1.29133356,-0.09558284,0.00122106,0.23670971,
14254,6.07186651,-3.79230857,10.29914188,6.00000000,0.34643555,-0.34804687,-0.40389594,0.38341177,0.19846523,0.07000000,0.00366300,0.34445986,-0.06970781,0.11559433,-0.01229746,3.11715817,-4.23765945,0.36928737,-0.22216663,0.00122106,0.30589041,
14262,9.72422123,-0.50028133,20.53136063,6.00000000,-0.08540039,0.17402343,-0.65028453,-0.62684774,0.18112291,0.07000000,0.00366300,0.07591295,-0.23999999,0.23999999,-0.01229746,3.07701564,-3.32136154,-0.63353717,-0.37991184,0.00122106,0.19617599,
14270,7.71189499,2.89709091,20.53136063,6.00000000,-0.32871094,0.41894531,-0.14476420,-1.08884060,0.31223577,0.07000000,0.00549451,-0.37754580,-0.23999999,0.23999999,-0.01229746,1.27234507,-0.09599311,-1.07420325,-0.74933887,0.00122106,-0.02593607,
14278,1.32177055,1.57070315,20.53136063,6.00000000,-0.35126954,0.43505859,-0.31185892,-0.73320490,0.06596531,0.07000000,0.00549451,0.22735372,-0.23999999,0.23999999,-0.01229746,-1.99840200,1.30376089,-0.72287929,-0.34792674,0.00122106,-0.18076113,
14286,1.76230359,2.13334060,15.24436569,6.00000000,-0.35288087,0.42861328,-0.12330209,-0.15573044,-0.10109723,0.07000000,0.00549451,-0.24625310,-0.23999999,0.23999999,-0.01229746,-3.53603721,4.33714342,-0.14549994,-0.34673738,0.00122106,-0.30718550,
14294,-2.53169703,0.48253846,11.46511745,6.00000000,-0.34643555,0.43989259,0.31848228,0.65477955,-0.22728390,0.07000000,0.00549451,-0.37728560,0.07553433,-0.12645642,-0.01229746,-5.22726107,6.44724607,0.65374905,0.10574177,0.00122106,-0.39521018,
14302,-3.71682692,-1.14312446,5.02351809,6.00000000,0.09506836,-0.20463867,0.31249374,1.30778575,-0.31138748,0.07000000,0.00549451,-0.22705407,0.23999999,-0.23999999,-0.01229746,-5.41052055,6.13832331,1.31460953,0.27623817,0.00122106,-0.33981365,
14309,-1.25558758,2.33565068,-3.50702238,5.00000000,0.33676758,-0.40444335,0.41348308,1.69966877,-0.33585468,0.07000000,0.00549451,0.13169926,0.23999999,-0.23999999,-0.01229746,-3.71406078,3.26551104,1.71942043,0.35241300,0.00122106,-0.13326722,
14318,-1.29868329,-0.32909590,-4.15704823,6.00000000,0.34321290,-0.41411132,0.36617598,1.44797564,-0.36427078,0.07000000,0.00549451,0.32559896,0.23999999,-0.23999999,-0.01229746,-0.16231562,-0.96516705,1.48088312,0.36047596,0.00122106,0.14502323,
14326,-2.63105655,-0.90490144,-1.64433348,6.00000000,0.34965819,-0.42700195,0.34108299,1.22519708,-0.34403321,0.07000000,0.00366300,0.52084571,0.23999999,-0.23999999,-0.01229746,2.59181404,-4.20275307,1.24566329,0.44194749,0.00122106,0.35723114,
14334,0.32219130,-2.42282534,-0.66749924,6.00000000,0.35449219,-0.42861328,0.01846575,0.95563430,-0.23994456,0.07000000,0.00366300,0.61007303,0.23999999,-0.23999999,-0.01229746,5.02480268,-6.96735477,0.96229774,0.32923394,0.00122106,0.53159356,
14342,1.26430964,-1.81948650,3.28173637,6.00000000,0.36416015,-0.41894531,-0.54876381,0.55140859,-0.10942565,0.07000000,0.00366300,0.64763981,0.23999999,-0.23999999,-0.01229746,7.39845037,-9.42128754,0.54682201,0.42254210,0.00122106,0.68116069,
14350,3.93743587,0.20121977,7.13281012,6.00000000,0.35126954,-0.42539063,-0.68931830,-0.00198414,0.13668130,0.07000000,0.00366300,0.73203182,0.23999999,-0.23999999,-0.01229746,9.22930050,-11.59073067,-0.00190598,0.28584194,0.00122106,0.79581439,
14358,6.42620850,3.18439507,15.96382332,6.00000000,0.35932618,-0.42539063,-0.67150897,-0.85580474,0.08498343,0.07000000,0.00366300,0.79043150,0.23999999,-0.23999999,-0.01229746,10.76344585,-13.31337166,-0.83883464,0.12541917,0.00122106,0.85456914,
14366,12.77563190,1.09425700,20.53136063,6.00000000,0.36577147,-0.44311523,0.00101681,-2.12589455,-0.07773666,0.07000000,0.00366300,1.31835771,-0.23999999,0.23999999,-0.01229746,11.21199512,-15.40078545,-2.10747242,-0.55237162,0.00122106,0.84708744,
14374,14.21095562,4.03194237,20.53136063,6.00000000,-0.31582031,0.38188475,0.62716264,-3.39395881,-0.37669951,0.07000000,0.00366300,1.37969804,-0.23999999,0.23999999,-0.01229746,8.75806236,-13.23308659,-3.29407191,-1.05682540,0.00122106,0.58357382,
14381,7.80407143,-4.52493429,20.53136063,5.00000000,-0.33999023,0.39477539,0.71926767,-3.60226202,-0.46584755,0.07000000,0.00366300,0.91946059,-0.23999999,0.23999999,-0.01229746,4.81536341,-7.77544165,-3.55816650,-1.38749683,0.00122106,0.19608930,
14390,2.33451772,-7.26390123,20.53136063,6.00000000,-0.35288087,0.43828124,0.46756706,-3.42816997,-0.15862653,0.07000000,0.00366300,0.22503918,-0.23999999,0.23999999,-0.01229746,2.60752177,-3.33881497,-3.38922262,-0.99181205,0.00122106,-0.02419238,
14398,-2.38445377,-3.95870566,12.56285954,6.00000000,-0.34643555,0.41088867,-0.86199987,-1.67433441,0.14444159,0.07000000,0.00366300,0.01588862,0.00240797,-0.00128441,-0.01229746,0.26354474,-0.33684853,-1.69753587,0.23471761,0.00122106,-0.10874630,
14406,-3.51691103,1.53957856,5.68312073,6.00000000,-0.00966797,0.01289062,-1.25441468,-0.96890503,0.23239566,0.07000000,0.00366300,-0.14644560,0.20006800,-0.22067147,-0.01229746,-0.44680429,0.91455257,-0.97599065,0.30212924,0.00122106,-0.12649891,
14414,-3.85808492,5.78928661,-0.90931362,6.00000000,0.28198242,-0.37060547,-0.74539012,-0.35614985,0.11323879,0.07000000,0.00366300,0.11140420,0.23999999,-0.23999999,-0.01229746,0.80110615,-1.13446403,-0.37501425,0.41559005,0.00122106,0.04640445,
14422,-1.31544268,2.94377780,-4.62990284,6.00000000,0.34643555,-0.42539063,0.05202370,-0.16676709,-0.10722860,0.07000000,0.00366300,0.39519691,0.23999999,-0.23999999,-0.01229746,3.02465558,-4.35459661,-0.17109840,0.40981752,0.00122106,0.26424155,
14430,-1.50578165,0.63576740,-2.69538808,6.00000000,0.34643555,-0.41894531,0.49210900,-0.16345833,-0.17140166,0.07000000,0.00366300,0.71841204,0.23999999,-0.23999999,-0.01229746,5.54840136,-7.74053526,-0.16539446,0.28602472,0.00122106,0.49807712,
14438,0.69089836,-1.36698234,0.67445081,6.00000000,0.34482422,-0.42539063,0.54801583,-0.40053576,-0.21229732,0.07000000,0.00366300,0.79903060,0.23999999,-0.16444741,-0.01229746,8.09658241,-10.70061302,-0.41441947,-0.01982564,0.00122106,0.68435156,
14446,3.93743587,-2.12235308,5.07978201,6.00000000,0.35610351,-0.30292970,0.52795219,-0.67066038,-0.14951812,0.07000000,0.00366300,0.68204570,-0.23999999,0.23999999,-0.01229746,10.25380898,-12.49481297,-0.69179618,-0.40158579,0.00122106,0.81741005,
14453,8.22066307,-3.41402483,10.46912956,5.00000000,-0.31582031,0.38349611,0.50630099,-0.90998906,-0.22227180,0.07000000,0.00366300,0.48170495,-0.23999999,0.23999999,-0.01229746,9.48760986,-11.05317020,-0.92522764,-0.87351692,0.00122106,0.71551967,
14462,9.67514038,-2.63830352,17.20401955,6.00000000,-0.33837891,0.40283203,0.10893232,-1.09107447,-0.31546578,0.07000000,0.00366300,0.08584574,-0.23999999,0.23999999,-0.01229746,5.01433086,-5.28136635,-1.08312035,-1.17942345,0.00122106,0.31491271,
14470,-0.99821091,-3.40444803,20.53136063,6.00000000,-0.34804687,0.43344727,-0.07425953,-0.83155775,-0.12214182,0.07000000,0.00366300,-0.22564869,0.23999999,-0.23999999,-0.01229746,3.31961608,-2.57261515,-0.83145344,0.45227051,0.00122106,0.16136464,
14478,1.58034432,0.95419621,18.13656044,6.00000000,0.31743163,-0.40122071,-0.96061891,0.45273757,0.12284730,0.07000000,0.00366300,-0.09079443,-0.23999999,0.23999999,-0.01229746,3.35452271,-3.00894761,0.45352876,-0.76919711,0.00122106,0.27476901,
14486,8.08060169,7.62324524,4.33877659,6.00000000,-0.31420898,0.39477539,-0.43800282,-0.08069080,0.19235590,0.07000000,0.00366300,-0.09171326,-0.23999999,0.23999999,-0.01229746,2.38761044,-2.07519650,-0.08401912,-0.83933401,0.00122106,0.16191870,
14494,-4.14778328,1.37796986,14.49497986,6.00000000,-0.35932618,0.42700195,-0.39672279,0.03604643,0.03857029,0.07000000,0.00366300,-0.19032487,0.23999999,-0.23999999,-0.01229746,0.26878071,0.35255653,0.03534735,0.33615869,0.00122106,-0.00261673,
14502,-1.31544268,7.16834688,9.22294807,6.00000000,0.32548827,-0.39477539,0.57422376,0.76322597,0.02917696,0.07000000,0.00366300,-0.41937071,0.21757397,-0.23999999,-0.01229746,1.00530958,0.33859387,0.75319022,0.04671758,0.00122106,0.08403526,
14510,0.26592755,-3.67379570,1.86915743,6.00000000,0.31098634,-0.42216796,0.49256408,1.01964986,-0.01728599,0.07000000,0.00366300,0.03423068,0.23999999,-0.23999999,-0.01229746,2.98102236,-3.08574224,1.03990531,0.29453596,0.00122106,0.31044337,
14518,0.70526356,-0.81033045,4.08379412,6.00000000,0.33515626,-0.43183595,0.39094231,0.33443007,-0.14695704,0.07000000,0.00366300,0.17000380,0.23999999,-0.23999999,-0.01229746,5.37037849,-5.83463526,0.34356129,0.12586048,0.00122106,0.45149681,
14525,0.12107836,-3.96708536,4.39743423,5.00000000,0.34160155,-0.42377931,-0.06650122,-0.24379492,0.02495037,0.07000000,0.00366300,0.25558245,0.23999999,-0.23999999,-0.01229746,7.57996464,-8.39328861,-0.24729952,0.19041432,0.00122106,0.59189719,
14534,4.15411091,-0.05855112,3.46369576,6.00000000,0.34965819,-0.42377931,-0.23837401,-0.80472475,0.15950215,0.07000000,0.00366300,0.34977543,0.06275827,-0.01768649,-0.01229746,10.06182289,-11.22072220,-0.80695009,-0.12022223,0.00122106,0.74859232,
14542,5.67682362,2.37276077,5.66037607,6.00000000,0.10634766,-0.03867187,-0.35183766,-1.37399673,0.14350498,0.07000000,0.00549451,0.39017636,-0.15099552,0.20099035,-0.01229746,10.94495964,-12.21206856,-1.36974108,-0.21681292,0.00122106,0.77865702,
14550,6.94575024,2.88751411,10.18900871,6.00000000,-0.19335937,0.33515626,0.18873446,-1.72851598,0.16000134,0.07000000,0.00549451,0.16035050,-0.23999999,0.23999999,-0.01229746,9.13679886,-9.66039753,-1.71282125,-0.64238191,0.00122106,0.58687079,
14558,7.69034719,0.25868061,15.71123505,6.00000000,-0.33515626,0.41572267,0.34734324,-1.79660892,0.05587576,0.07000000,0.00549451,0.11502954,-0.23999999,0.23999999,-0.01229746,5.81543732,-6.18021107,-1.77463400,-0.92146397,0.00122106,0.32453811,
14566,1.51689792,-1.82427490,20.47569656,6.00000000,-0.35126954,0.42700195,0.20093483,-1.01579142,-0.13238361,0.07000000,0.00549451,0.06884769,-0.23999999,0.23999999,-0.01229746,3.48367739,-3.71057010,-0.99857831,-0.14281857,0.00122106,0.19801719,
14574,0.64899981,0.05756766,17.21599007,6.00000000,-0.35932618,0.41572267,0.18236230,0.06910592,-0.01424907,0.07000000,0.00549451,-0.29105061,-0.23999999,0.23999999,-0.01229746,1.57428694,-0.62308258,0.08023888,-0.30909449,0.00122106,0.09018130,
14582,-0.53972131,-2.51380491,13.68573952,6.00000000,-0.35932618,0.42377931,-0.25840071,0.88437086,0.00533506,0.07000000,0.00549451,-0.44203967,-0.18959078,0.12914883,-0.01229746,-0.51138145,1.95651412,0.88894147,-0.22759628,0.00122106,-0.03233989,
14590,-0.51099086,1.37916696,9.62158298,6.00000000,-0.28198242,0.23686524,-0.05139982,1.58815312,0.12178276,0.07000000,0.00549451,-0.53847486,-0.05182178,-0.02131439,-0.01229746,-1.81514239,3.54999948,1.58345330,-0.19319344,0.00122106,-0.08282378,
14597,-1.51775265,2.23030567,7.57214594,5.00000000,-0.08540039,-0.01127930,-0.09822670,2.10169768,0.12165629,0.07000000,0.00549451,-0.33095437,0.23853761,-0.23999999,-0.01229746,-2.32303333,3.42782664,2.09674931,-0.06414845,0.00122106,-0.05890455,
14606,-0.73365164,0.19762845,5.04626322,6.00000000,0.33676758,-0.40605468,0.30187404,2.39873719,0.08826192,0.07000000,0.00549451,0.04524292,0.23999999,-0.23999999,-0.01229746,-0.47996554,0.34732053,2.41005731,0.12316805,0.00122106,0.15126725,
14614,3.78061557,-0.93842024,0.17885107,6.00000000,0.34804687,-0.41894531,0.22780119,1.87361443,0.03905076,0.07000000,0.00549451,0.18338470,0.21137406,-0.18699631,-0.01229746,2.06646991,-2.70700574,1.90395331,-0.20668945,0.00122106,0.32417500,
14622,3.55316639,-1.96553278,1.31130850,6.00000000,0.30615234,-0.32709962,0.17243977,1.24881637,0.08566051,0.07000000,0.00549451,0.33209473,0.05128312,-0.00719963,-0.01229746,3.87812161,-4.96371651,1.26502371,-0.28533897,0.00122106,0.43322620,
14630,4.88793373,-1.17784047,3.62650156,6.00000000,0.08862305,-0.01933594,-0.12121965,0.65337235,0.16699786,0.07000000,0.00366300,0.20763060,-0.11475067,0.14184655,-0.01229746,4.75602198,-5.43844604,0.65890831,-0.32592824,0.00122106,0.43806008,
14638,5.25903511,0.41190952,8.11563015,6.00000000,-0.13696289,0.22558594,-0.20272492,0.10852688,0.24023277,0.07000000,0.00366300,0.06687194,-0.23999999,0.23999999,-0.01229746,3.37721205,-3.56919837,0.11034888,-0.45032430,0.00122106,0.27147353,
14646,1.62224281,1.90110302,19.70835495,6.00000000,-0.36416015,0.43183595,-0.09066378,-0.34550187,0.24526015,0.07000000,0.00549451,-0.10583419,-0.22329253,0.20768923,-0.01229746,2.21482277,-1.87622893,-0.34544316,-0.16635230,0.00122106,0.12904014,
14654,2.76667118,1.84843051,17.58589363,6.00000000,-0.32548827,0.37382811,0.27572060,0.54802954,0.14086379,0.07000000,0.00549451,-0.16979563,-0.23999999,0.23999999,-0.01229746,-0.12042772,0.68242371,0.54925418,-0.47368291,0.00122106,0.00891475,
14662,0.11868416,-1.53816772,17.21359634,6.00000000,-0.36254883,0.43344727,0.28611624,0.80829984,0.08100554,0.07000000,0.00549451,-0.15715049,-0.07644165,0.05489700,-0.01229746,-1.82735968,2.35444903,0.80403054,-0.12780350,0.00122106,-0.09943861,
14669,-0.75879079,-1.67703152,14.85650444,5.00000000,-0.12084961,0.11118164,0.18305761,1.35253060,0.14738108,0.07000000,0.00549451,-0.41134685,-0.02104393,-0.03481732,-0.01229746,-2.23402143,3.53254628,1.34846663,-0.13720855,0.00122106,-0.11673123,
14678,0.19410151,-2.32705712,8.59806156,6.00000000,-0.04028320,-0.05156250,-0.15245087,1.67599487,0.19094506,0.07000000,0.00549451,0.10926858,0.06997830,-0.05491225,-0.01229746,-2.81172562,2.46091413,1.68471861,-0.15404937,0.00122106,-0.06848024,
14686,1.05122566,1.92504501,4.08379412,6.00000000,0.10151367,-0.09829102,-0.34794945,1.59357667,0.15780143,0.07000000,0.00549451,0.11900119,0.20985769,-0.19356258,-0.01229746,-2.35619450,1.97222209,1.60952044,-0.05225969,0.00122106,-0.04133774,
14694,0.48379990,1.57668865,2.99802351,6.00000000,0.29970703,-0.32548827,0.19473672,1.38022494,0.17394729,0.07000000,0.00549451,0.19678195,0.23999999,-0.23064341,-0.01229746,-0.64053583,0.00174533,1.39786363,-0.03507854,0.00122106,0.08372796,
14702,1.36606324,1.20439029,1.75423574,6.00000000,0.35126954,-0.40927735,0.23233098,0.92413068,0.11444762,0.07000000,0.00549451,0.30125612,0.23714861,-0.19699430,-0.01229746,1.77325451,-2.73667622,0.94203150,-0.04950236,0.00122106,0.24606964,
14710,2.36324835,-1.01264048,2.92859173,6.00000000,0.33999023,-0.35126954,0.28758857,0.38239449,0.15725943,0.07000000,0.00549451,0.39054537,0.04920848,0.00257231,-0.01229746,3.86066818,-5.12079573,0.38741696,-0.15992485,0.00122106,0.36783341,
14718,4.09425592,-1.70336771,4.91697645,6.00000000,0.07734375,-0.00483398,0.02944577,-0.22247958,0.21357772,0.07000000,0.00366300,0.26070273,-0.18401775,0.21805733,-0.01229746,4.79616451,-5.64264917,-0.22600934,-0.25066066,0.00122106,0.38074490,
14726,4.18523598,-0.76484060,9.26843739,6.00000000,-0.24008790,0.37543947,-0.24069330,-0.73441529,0.27501351,0.07000000,0.00366300,0.00443628,-0.23999999,0.23999999,-0.01229746,2.99673033,-2.99498510,-0.73603332,-0.31124368,0.00122106,0.17259145,
14734,-1.98941040,1.34325397,20.53136063,6.00000000,-0.36093751,0.42700195,-0.17851757,-0.79685825,0.26060319,0.07000000,0.00549451,-0.26612106,-0.01722252,-0.02024118,-0.01229746,1.94255149,-1.06465089,-0.78511769,0.06931567,0.00122106,0.05481868,
14741,3.37958694,0.07911547,19.51921272,5.00000000,-0.03544922,-0.01933594,0.14700228,0.28800005,0.11463182,0.07000000,0.00549451,0.10297288,-0.23999999,0.23999999,-0.01229746,0.04537856,-0.37699112,0.29565042,-0.55602151,0.00122106,0.03498656,
14750,3.70400119,1.19002509,11.38850307,6.00000000,-0.34321290,0.40766603,0.12988195,0.45223302,-0.05583325,0.07000000,0.00549451,0.17596036,-0.23999999,0.23999999,-0.01229746,-2.19911480,1.61617482,0.45228487,-0.36549085,0.00122106,-0.11069851,
14758,-5.77823448,-0.70618266,19.53597260,6.00000000,-0.35610351,0.43666992,0.09979497,0.70497459,-0.10684026,0.07000000,0.00366300,-0.07814516,0.23999999,-0.23999999,-0.01229746,-2.98625851,3.23933125,0.69813657,0.34010234,0.00122106,-0.18488851,
14766,-1.38487446,-0.82708985,10.80072689,6.00000000,0.32226563,-0.39799803,0.24485849,1.58418870,-0.03442977,0.07000000,0.00366300,-0.13335729,0.11014569,-0.12793952,-0.01229746,-2.08741379,2.52549148,1.58435273,-0.10472891,0.00122106,-0.05505824,
14774,3.26586223,0.08031258,-3.43160510,6.00000000,0.15468749,-0.21591797,-0.01535589,1.46789086,-0.01292125,0.07000000,0.00366300,0.17067507,0.02726359,-0.00406270,-0.01229746,-0.37699112,-0.15533429,1.49533844,-0.21929570,0.00122106,0.10414065,
14782,0.52330422,0.69681954,0.40270892,6.00000000,0.05317383,-0.02094727,-0.00822124,1.13454378,0.02651496,0.07000000,0.00366300,0.31099585,0.23999999,-0.20170194,-0.01229746,-0.37350047,-0.61261052,1.15569103,-0.02453160,0.00122106,0.09688907,
14790,-0.48345757,0.10545170,6.81318378,6.00000000,0.35126954,-0.36577147,-0.18256252,0.80027139,0.07902054,0.07000000,0.00366300,-0.02689156,0.23999999,-0.23999999,-0.01229746,1.56556034,-1.48178458,0.80487406,0.11254092,0.00122106,0.17548642,
14798,2.54161620,0.08031258,3.72346663,6.00000000,0.34804687,-0.41572267,0.09353988,0.23713845,0.16091061,0.07000000,0.00366300,0.03018580,0.09983601,-0.09680599,-0.01229746,3.81528974,-3.85194159,0.23823434,-0.06840167,0.00122106,0.30954993,
14806,5.70555401,-0.24649596,3.30208707,6.00000000,0.14501953,-0.17563477,-0.05925272,-0.35533682,0.13539146,0.07000000,0.00366300,0.05992207,-0.23999999,0.23999999,-0.01229746,4.81361771,-5.00560427,-0.35312879,-0.40339977,0.00122106,0.34714386,
14813,4.85321808,-0.67864937,9.80833054,5.00000000,-0.31743163,0.38027343,0.11427344,-0.71767485,0.19874410,0.07000000,0.00366300,0.03389341,-0.23999999,0.23999999,-0.01229746,2.86757612,-2.97927690,-0.71749425,-0.41202131,0.00122106,0.16964397,
14822,-4.06518316,-0.38535964,20.53136063,6.00000000,-0.35932618,0.43183595,0.08028027,-0.65121317,0.14331524,0.07000000,0.00366300,-0.16760209,0.23688678,-0.23999999,-0.01229746,1.12224674,-0.56199604,-0.64164883,0.24389374,0.00122106,0.01384617,
14830,2.19685125,-1.40888083,19.47013092,6.00000000,0.33032227,-0.39799803,-0.09960983,0.55523062,0.08183733,0.07000000,0.00366300,0.13389170,-0.23999999,0.23999999,-0.01229746,1.14493597,-1.58301353,0.56202203,-0.57994121,0.00122106,0.14676446,
14838,10.03666496,1.55753505,2.51319766,6.00000000,-0.33354491,0.40444335,-0.10613532,-0.07402538,0.02953457,0.07000000,0.00366300,0.25164169,-0.23999999,0.23999999,-0.01229746,-0.24434610,-0.54977870,-0.07059813,-0.98712832,0.00122106,0.00562391,
14846,-4.04722691,-0.64034212,15.07078552,6.00000000,-0.36254883,0.44472656,-0.03595152,0.03695996,0.00788613,0.07000000,0.00366300,0.12625167,0.23999999,-0.23999999,-0.01229746,-1.55508828,1.16238928,0.03564856,0.33878607,0.00122106,-0.10219867,
14854,-0.85575593,1.27262497,7.63559246,6.00000000,0.32709962,-0.39638671,0.02120469,0.94268870,-0.01946987,0.07000000,0.00366300,0.10174234,0.04959090,-0.03585000,-0.01229746,-0.82903141,0.49043754,0.94407868,-0.10561612,0.00122106,0.02354360,
14862,6.05750132,1.12538159,-4.54371166,6.00000000,0.07412110,-0.06606445,0.11231006,0.70175624,-0.03796742,0.07000000,0.00366300,0.16987783,-0.23999999,0.23999999,-0.01229746,0.38397244,-0.93549645,0.72045469,-0.52037680,0.00122106,0.10621068,
14870,0.56041437,0.25628641,-0.10366473,6.00000000,-0.32387695,0.40927735,0.11800431,0.55601639,-0.04951322,0.07000000,0.00366300,0.05996741,-0.18550004,0.19355310,-0.01229746,-1.34564888,1.14144540,0.56731415,-0.20275524,0.00122106,-0.05403183,
14878,-2.68851733,-1.65787780,11.35019588,6.00000000,-0.27231446,0.34804687,-0.02252155,0.51197302,0.04137644,0.07000000,0.00549451,-0.03441070,0.08825048,-0.09303904,-0.01229746,-2.79601741,2.90946388,0.50906265,0.04811428,0.00122106,-0.18094200,
14885,-4.82414532,0.03482274,10.29794502,5.00000000,0.10473633,-0.13535157,-0.13997751,1.56045413,0.04127179,0.07000000,0.00549451,-0.20557013,0.23999999,-0.23999999,-0.01229746,-2.09963107,2.74889350,1.55280721,0.31550285,0.00122106,-0.06447688,
14894,0.53048682,0.63097894,4.19751883,6.00000000,0.35126954,-0.42055663,-0.00281188,1.82865453,0.04948745,0.07000000,0.00549451,0.05804527,0.23999999,-0.23999999,-0.01229746,-0.50090951,0.31066859,1.84059095,0.07627934,0.00122106,0.10934141,
14902,1.80899060,0.41430372,6.29124784,6.00000000,0.35126954,-0.41894531,0.01090336,1.12217104,-0.00202221,0.07000000,0.00366300,0.20274061,0.23999999,-0.23999999,-0.01229746,1.79070783,-2.48011303,1.13122749,0.02718736,0.00122106,0.24361792,
14910,3.54478669,-0.80554205,8.73453045,6.00000000,0.35932618,-0.43022460,-0.00794893,0.33891362,0.01791200,0.07000000,0.00366300,0.44719750,0.07579544,-0.01606515,-0.01229746,3.72104192,-5.18537331,0.33807802,-0.13596734,0.00122106,0.36332378,
14918,5.18361807,0.99848890,12.50300407,6.00000000,0.11923828,-0.04672851,-0.00151573,-0.49896118,0.07595704,0.07000000,0.00366300,0.43225560,-0.21983814,0.23999999,-0.01229746,4.54832792,-5.96379042,-0.49584880,-0.24724431,0.00122106,0.36694154,
14926,6.33163738,-1.00665498,15.76989269,6.00000000,-0.29970703,0.39638671,0.01476703,-1.27561522,0.06642693,0.07000000,0.00366300,0.20102483,-0.23999999,0.23999999,-0.01229746,2.45567822,-3.11366725,-1.27295852,-0.50352645,0.00122106,0.11443326,
14934,-5.71598530,-1.40528953,20.53136063,6.00000000,-0.34643555,0.43344727,0.26211801,-1.35390186,0.05401129,0.07000000,0.00549451,0.03883274,0.23999999,-0.23999999,-0.01229746,1.08384943,-1.19729578,-1.34150672,0.35477501,0.00122106,-0.01386589,
14942,1.58632982,-2.20255876,16.69884300,6.00000000,0.32226563,-0.40766603,-0.38555491,-0.31621027,-0.00735666,0.07000000,0.00549451,0.15517747,-0.23999999,0.23999999,-0.01229746,1.23918378,-1.73834789,-0.31099319,-0.48848385,0.00122106,0.08891540,
14950,6.61535025,2.61218095,-0.07373722,6.00000000,-0.33837891,0.40122071,-0.02012865,-0.65936303,0.01764699,0.07000000,0.00549451,0.19910510,-0.23999999,0.23999999,-0.01229746,-0.05585054,-0.60039330,-0.65817797,-0.66007102,0.00122106,-0.02934442,
14957,-6.41389513,1.31452358,11.09162235,5.00000000,-0.36093751,0.43505859,-0.14985998,-0.42394698,-0.07947952,0.07000000,0.00549451,0.11264122,0.23999999,-0.23999999,-0.01229746,-1.86052096,1.47305787,-0.42486647,0.44229275,0.00122106,-0.15931833,
14966,-2.78069401,2.83723593,4.93253851,6.00000000,0.33032227,-0.39960939,0.16559981,0.45266259,-0.03594220,0.07000000,0.00549451,0.02031839,0.23999999,-0.23999999,-0.01229746,-0.82379544,0.74176490,0.45260724,0.13005599,0.00122106,-0.02394232,
14974,0.11389576,0.51725441,-3.19218493,6.00000000,0.33676758,-0.41572267,0.28370684,0.45001262,-0.05208642,0.07000000,0.00549451,0.30453995,0.23999999,-0.23999999,-0.01229746,1.79768908,-2.74540305,0.45957106,0.16412424,0.00122106,0.20937024,
14982,0.12706387,-0.62238562,-1.53060889,6.00000000,0.35288087,-0.42216796,0.27662137,0.17307176,-0.08693969,0.07000000,0.00549451,0.35572824,0.23999999,-0.23999999,-0.01229746,4.31096315,-5.48906040,0.17843765,0.10835680,0.00122106,0.38684678,
14990,-0.52775031,-2.09242535,3.36673069,6.00000000,0.35771483,-0.41733399,-0.02050195,-0.17297901,0.01006614,0.07000000,0.00549451,0.50632179,0.23999999,-0.23999999,-0.01229746,6.62876034,-8.25889778,-0.17949057,0.23334143,0.00122106,0.55188137,
14998,1.91792679,-1.02820277,7.18907356,6.00000000,0.35126954,-0.42700195,-0.28200853,-0.76943582,0.09923518,0.07000000,0.00549451,0.58459800,0.23999999,-0.23999999,-0.01229746,8.96750164,-10.87863731,-0.77614784,0.17220345,0.00122106,0.70139736,
15006,4.96215439,1.09425700,10.09443760,6.00000000,0.35126954,-0.43505859,-0.33188924,-1.53075099,0.18231918,0.07000000,0.00549451,0.60553324,0.11588132,-0.03666532,-0.01229746,10.95717716,-12.92241859,-1.52643037,-0.01793593,0.00122106,0.79005843,
15014,8.67077255,3.10418940,15.32217693,6.00000000,0.18208008,-0.07895508,-0.00117967,-2.22635388,0.12716304,0.07000000,0.00549451,0.68401408,-0.23999999,0.23999999,-0.01229746,11.59771252,-13.82649899,-2.19365239,-0.41499332,0.00122106,0.80191928,
15022,10.24974823,-0.03939751,17.07114029,6.00000000,-0.31743163,0.38671875,0.15363742,-3.01004505,-0.00241039,0.07000000,0.00549451,0.57102644,-0.23999999,0.23999999,-0.01229746,8.79471397,-10.65523529,-2.97374797,-0.78214633,0.00122106,0.51754540,
15029,3.61421871,-0.42486399,20.53136063,5.00000000,-0.34804687,0.42539063,0.43241435,-3.25037432,-0.07630131,0.07000000,0.00549451,0.44186890,-0.23999999,0.23999999,-0.01229746,5.22726107,-6.64795923,-3.19807768,-0.72693264,0.00122106,0.20669830,
15038,-1.60514104,-2.76399899,20.53136063,6.00000000,-0.34804687,0.43022460,-0.09596699,-2.12070036,-0.11173060,0.07000000,0.00549451,0.18282115,-0.23999999,0.23999999,-0.01229746,2.91644526,-3.51683855,-2.09083176,-0.11163431,0.00122106,0.08380041,
15046,-0.61872995,1.47732925,14.05684090,6.00000000,-0.35288087,0.41894531,-0.32274231,-1.10410869,0.01837422,0.07000000,0.00549451,-0.11120889,-0.23999999,0.23999999,-0.01229746,0.79761547,-0.44156829,-1.08926892,-0.07301710,0.00122106,-0.03400268,
15054,-4.94146109,1.19960189,8.62439728,6.00000000,-0.35126954,0.43183595,-0.19604187,-0.12465712,0.08472572,0.07000000,0.00549451,-0.34305713,0.23999999,-0.23999999,-0.01229746,-1.11875606,2.18515205,-0.12682503,0.27217481,0.00122106,-0.13743499,
15062,-2.44191456,1.86040151,1.90626764,6.00000000,0.33193359,-0.40122071,-0.06659928,0.62452739,0.09265580,0.07000000,0.00549451,-0.26219314,0.23999999,-0.23999999,-0.01229746,-0.66497040,1.51669109,0.61789876,0.13761649,0.00122106,-0.03608458,
15070,-0.56605750,2.15728259,-6.31422377,6.00000000,0.34804687,-0.41894531,0.24097082,0.85887861,0.00447744,0.07000000,0.00549451,-0.00866768,0.23999999,-0.23999999,-0.01229746,2.01585531,-1.98269403,0.86734873,0.29532346,0.00122106,0.21355698,
15078,-0.98743701,0.79617888,-3.31069803,6.00000000,0.34482422,-0.42861328,0.29029813,0.74125803,-0.05697576,0.07000000,0.00549451,0.22364536,0.23999999,-0.23999999,-0.01229746,4.50120401,-5.25867701,0.72455311,0.33877516,0.00122106,0.42873842,
15086,-0.28354174,-1.69738221,0.75106525,6.00000000,0.34965819,-0.43344727,0.23730344,0.40662050,-0.00892152,0.07000000,0.00549451,0.31164563,0.23999999,-0.23999999,-0.01229746,6.94641066,-7.98488140,0.41204476,0.22215721,0.00122106,0.59869784,
15094,1.83053839,-2.21093845,3.79289842,6.00000000,0.34643555,-0.42861328,-0.12188894,-0.08486827,0.10202727,0.07000000,0.00549451,0.39904758,0.23999999,-0.23999999,-0.01229746,9.28166103,-10.60113049,-0.08803433,0.07818305,0.00122106,0.75310600,
15101,4.13974571,-0.71695662,6.96042728,5.00000000,0.36093751,-0.43183595,-0.35790601,-0.65515286,0.19349054,0.07000000,0.00549451,0.55601859,0.23999999,-0.18334809,-0.01229746,10.96415901,-12.73566818,-0.65905058,-0.04212146,0.00122106,0.85495335,
15110,7.69752979,0.68125719,11.81347466,6.00000000,0.35288087,-0.33354491,-0.36186796,-1.52779078,0.16665278,0.07000000,0.00549451,0.59744841,-0.13370836,0.21151817,-0.01229746,12.74613953,-14.68694592,-1.52228415,-0.24266239,0.00122106,0.92736006,
15118,11.47558022,0.27903131,14.37886143,6.00000000,-0.17241211,0.33032227,0.12241532,-2.59750509,0.03195233,0.07000000,0.00366300,0.37691870,-0.23999999,0.23999999,-0.01229746,11.73384857,-12.96430588,-2.57695723,-0.76032037,0.00122106,0.74256557,
15126,7.67119360,1.63175523,20.53136063,6.00000000,-0.32387695,0.40766603,0.29798585,-3.27423286,-0.10152517,0.07000000,0.00366300,0.25082138,-0.23999999,0.23999999,-0.01229746,7.63057947,-8.46310139,-3.21919799,-0.89127678,0.00122106,0.36326599,
15134,2.46979022,-0.87138259,20.53136063,6.00000000,-0.35288087,0.41894531,0.25143090,-2.97587895,-0.30697995,0.07000000,0.00549451,0.14070137,-0.23999999,0.23999999,-0.01229746,5.11730576,-5.56236458,-2.93105102,-0.44154030,0.00122106,0.18606375,
15142,0.02650739,-1.20297956,18.98291206,6.00000000,-0.34321290,0.41894531,-0.06911835,-1.87411916,-0.17481755,0.07000000,0.00549451,-0.10345826,-0.23999999,0.23999999,-0.01229746,2.88502932,-2.55516195,-1.84074521,-0.20661223,0.00122106,0.06632321,
15150,-2.23601317,-1.64949811,11.64707756,6.00000000,-0.34482422,0.42055663,-0.28121600,-1.02524912,-0.18729711,0.07000000,0.00366300,-0.26615611,-0.23678496,0.19978267,-0.01229746,0.26179940,0.59864789,-1.02115774,-0.01475263,0.00122106,-0.09052761,
15158,-2.31143045,2.42064476,4.36511278,6.00000000,-0.33999023,0.35932618,-0.37465450,-0.11154371,-0.16139099,0.07000000,0.00366300,-0.26777777,-0.16082698,0.12428742,-0.01229746,-2.14850020,3.00371170,-0.12498933,-0.03312638,0.00122106,-0.21003973,
15166,-1.71647143,1.23072648,1.53995478,6.00000000,-0.24008790,0.22236328,-0.14231956,0.52411985,-0.22111703,0.07000000,0.00549451,-0.16933917,-0.05861031,0.03569847,-0.01229746,-4.00553083,4.54134703,0.51934570,-0.01893543,0.00122106,-0.28870845,
15173,-3.00694609,1.61978424,0.25905681,5.00000000,-0.09667969,0.06928711,0.07665139,1.00708628,-0.26196352,0.07000000,0.00549451,-0.09927222,0.23999999,-0.23999999,-0.01229746,-4.75078630,5.07192707,1.01185787,0.21583007,0.00122106,-0.29712343,
15182,-2.16179299,-0.36740315,0.86718404,6.00000000,0.33032227,-0.40927735,0.26439095,1.42908525,-0.26541838,0.07000000,0.00549451,0.09254493,0.23999999,-0.23999999,-0.01229746,-2.82045221,2.53421807,1.44069254,0.25238189,0.00122106,-0.09554550,
15190,-0.04172735,-2.03975296,-0.19703861,6.00000000,0.33354491,-0.42055663,0.29546881,1.31905949,-0.27333736,0.07000000,0.00549451,0.18008132,0.23999999,-0.23999999,-0.01229746,0.66846108,-1.21649444,1.33699620,0.19734550,0.00122106,0.17158012,
15198,1.22719955,-1.96672988,3.60495377,6.00000000,0.35771483,-0.43022460,-0.00913470,1.16663313,-0.18098922,0.07000000,0.00549451,0.13577527,0.23999999,-0.23999999,-0.01229746,3.51683855,-3.93222690,1.17524374,0.10221937,0.00122106,0.37676859,
15206,4.48091984,-2.83462811,9.22414494,6.00000000,0.37060547,-0.43022460,-0.17344628,0.36318073,-0.01435582,0.07000000,0.00549451,0.25720420,0.03262369,0.00070332,-0.01229746,5.69500923,-6.52404070,0.35930037,-0.20237187,0.00122106,0.49580306,
15214,7.08581114,1.60781324,14.84094238,6.00000000,0.06284180,-0.03867187,-0.46499401,-0.61877018,0.05305801,0.07000000,0.00549451,0.16967383,-0.23999999,0.23999999,-0.01229746,6.56941938,-7.11221647,-0.61736572,-0.28540069,0.00122106,0.47366521,
15222,7.79928303,2.06989408,19.76581573,6.00000000,-0.32871094,0.40283203,0.11058353,-1.38988745,0.06813278,0.07000000,0.00366300,-0.19499059,-0.23999999,0.23999999,-0.01229746,4.96720695,-4.31445408,-1.37444115,-0.70315218,0.00122106,0.24888247,
15230,-2.44909716,-0.92046374,20.53136063,6.00000000,-0.34482422,0.43183595,0.12060894,-1.29641819,-0.06324255,0.07000000,0.00366300,-0.03617287,0.12994456,-0.13625234,-0.01229746,3.05607152,-2.93913436,-1.28108382,0.20234352,0.00122106,0.13045481,
15238,3.21678114,-0.09566125,17.00410271,6.00000000,0.17241211,-0.23203126,-0.00659439,-0.68798047,-0.07455858,0.07000000,0.00549451,-0.04300775,-0.23999999,0.23999999,-0.01229746,2.52723670,-2.38761044,-0.68010628,-0.63593793,0.00122106,0.13527083,
15245,3.98891115,0.18924876,7.15316057,5.00000000,-0.32065430,0.39799803,-0.07830330,-0.57324994,-0.05011677,0.07000000,0.00549451,-0.13735160,-0.23999999,0.23999999,-0.01229746,1.18682384,-0.74525559,-0.57539332,-0.32012659,0.00122106,0.03120352,
15254,-2.59394646,-1.54894173,16.02367783,6.00000000,-0.35932618,0.42539063,-0.12317093,-0.86968189,-0.06136471,0.07000000,0.00549451,-0.22128969,-0.15349618,0.12255527,-0.01229746,-0.73303831,1.45036852,-0.86362624,0.04225522,0.00122106,-0.14826554,
15262,-2.11151481,1.64133203,6.50074053,6.00000000,-0.23203126,0.23041992,0.08857238,0.13989255,-0.09858981,0.07000000,0.00549451,-0.50699663,-0.03061517,-0.03862806,-0.01229746,-2.05076194,3.64948368,0.13331896,0.04047674,0.00122106,-0.20771821,
15270,-1.52254105,1.13016999,2.31807017,6.00000000,-0.04995117,-0.06767578,0.06378701,0.65658236,-0.06524108,0.07000000,0.00549451,-0.20643491,0.15562859,-0.18379018,-0.01229746,-2.58657789,3.26027513,0.65309942,0.08490873,0.00122106,-0.17232917,
15278,-2.26953197,0.49091816,1.14610851,6.00000000,0.20463867,-0.30131835,0.19270791,1.04922485,-0.07312904,0.07000000,0.00549451,0.00659887,0.23999999,-0.23999999,-0.01229746,-1.01927233,0.99658298,1.05613244,0.28347453,0.00122106,-0.00032188,
15286,-0.55528361,-0.44880599,-0.50110221,6.00000000,0.34160155,-0.42216796,0.17043813,1.09420240,-0.04105435,0.07000000,0.00549451,0.19774738,0.23999999,-0.23999999,-0.01229746,1.45036852,-2.08915901,1.10952878,0.23861304,0.00122106,0.21911949,
15294,1.41873562,-0.92166084,1.69198656,6.00000000,0.34804687,-0.41894531,-0.04337376,0.65005910,0.03507186,0.07000000,0.00549451,0.26662970,0.23999999,-0.23999999,-0.01229746,3.89557481,-4.79092884,0.66084057,0.09534854,0.00122106,0.38113034,
15302,3.40592313,-1.07369268,4.62608051,6.00000000,0.35771483,-0.41733399,-0.26000151,0.05707784,0.11037143,0.07000000,0.00549451,0.37465376,0.20056458,-0.15143088,-0.01229746,6.12261486,-7.33038282,0.05944449,-0.05527018,0.00122106,0.51550418,
15310,5.53556538,1.29656708,8.47835159,6.00000000,0.28520507,-0.28198242,-0.31133163,-0.75530249,0.16783924,0.07000000,0.00549451,0.40274170,-0.08849809,0.14091261,-0.01229746,7.85747242,-9.15948772,-0.75064015,-0.18946484,0.00122106,0.59046316,
15317,10.03187656,3.43578625,15.09831905,5.00000000,-0.10151367,0.22880860,-0.05637573,-1.46861732,0.13201299,0.07000000,0.00549451,0.07966858,-0.23999999,0.23999999,-0.01229746,7.57647419,-7.81732941,-1.44588530,-0.66426677,0.00122106,0.47694713,
15326,9.96962738,-0.43444079,20.53136063,6.00000000,-0.32548827,0.42539063,0.38051873,-2.02577162,0.01089835,0.07000000,0.00549451,0.22117791,-0.23999999,0.23999999,-0.01229746,3.79260063,-4.54832792,-1.99744081,-1.00879443,0.00122106,0.16568553,
15334,2.74392629,-0.50028133,20.53136063,6.00000000,-0.35771483,0.42861328,0.05771445,-1.32394302,-0.30440366,0.07000000,0.00366300,0.11548616,-0.23999999,0.23999999,-0.01229746,1.91288078,-2.29161739,-1.30130792,-0.31401235,0.00122106,0.06176464,
15342,1.80180800,-0.03221490,19.10381889,6.00000000,-0.35932618,0.43183595,0.08541162,-0.28412652,-0.13604423,0.07000000,0.00366300,-0.14761744,-0.23999999,0.23999999,-0.01229746,-0.04712389,0.51487213,-0.26725721,-0.39108270,0.00122106,-0.03576729,
15350,-0.93476456,-0.67745227,13.10275173,6.00000000,-0.35771483,0.42377931,-0.37155947,0.52940124,-0.05537980,0.07000000,0.00366300,-0.38072321,-0.17848438,0.12667446,-0.01229746,-1.49225652,2.72969484,0.53082776,-0.14977516,0.00122106,-0.12193348,
15358,-1.70330334,1.33726847,7.57094860,6.00000000,-0.26425782,0.23686524,-0.38103503,1.17911303,0.01005060,0.07000000,0.00366300,-0.33287230,-0.11261544,0.06777070,-0.01229746,-3.10668612,4.18529940,1.17611670,-0.16321340,0.00122106,-0.18939321,
15366,-1.53331506,3.10179520,3.17040610,6.00000000,-0.16596679,0.13696289,-0.10851450,1.77143741,-0.04673052,0.07000000,0.00366300,-0.26124972,0.19797133,-0.23276728,-0.01229746,-3.96189737,4.80489111,1.77431583,-0.01278743,0.00122106,-0.19869381,
15374,-2.09475541,1.10263669,1.75902414,6.00000000,0.26103514,-0.38994139,0.20957066,2.17625666,-0.11420630,0.07000000,0.00366300,0.08132105,0.23999999,-0.23999999,-0.01229746,-2.94087982,2.69129777,2.19299293,0.18937138,0.00122106,-0.04983497,
15382,0.83095914,0.15333574,-3.86495566,6.00000000,0.33676758,-0.41411132,0.43823949,2.13342929,-0.19289431,0.07000000,0.00366300,0.36103141,0.23999999,-0.23999999,-0.01229746,-0.19722220,-0.92153382,2.17598963,0.06074345,0.00122106,0.19542935,
15389,1.29782856,-1.17424917,0.39792052,5.00000000,0.34321290,-0.43022460,0.22371048,1.73138952,-0.16048270,0.07000000,0.00366300,0.36420974,0.23999999,-0.23999999,-0.01229746,2.35793996,-3.58316112,1.75392580,-0.02467463,0.00122106,0.35974646,
15398,3.38676953,-2.96870327,4.06104898,6.00000000,0.35288087,-0.43666992,-0.09122050,1.00896573,0.00356850,0.07000000,0.00366300,0.41069803,0.23999999,-0.21853778,-0.01229746,4.79616451,-6.15577650,1.01081848,-0.11520142,0.00122106,0.49204341,
15406,4.64372540,0.09707199,8.22456551,6.00000000,0.34965819,-0.38188475,-0.41077715,0.14491624,0.12967692,0.07000000,0.00366300,0.39257279,0.22678678,-0.17510566,-0.01229746,7.04065800,-8.32696629,0.14649117,-0.07372047,0.00122106,0.59660637,
15414,7.68196726,2.76660681,10.95395565,6.00000000,0.33032227,-0.32548827,-0.33806321,-0.84545988,0.20499647,0.07000000,0.00366300,0.33657706,-0.23999999,0.23999999,-0.01229746,8.96750164,-10.06182289,-0.83594823,-0.34633458,0.00122106,0.65935111,
15422,12.42009258,1.43064237,12.18936348,6.00000000,-0.32548827,0.39799803,0.17838757,-1.97310185,0.16514006,0.07000000,0.00366300,0.15789263,-0.23999999,0.23999999,-0.01229746,7.51189709,-8.03026009,-1.95889544,-1.00966811,0.00122106,0.44369507,
15430,6.57225466,-0.41289297,20.53136063,6.00000000,-0.34804687,0.42861328,0.20494579,-2.57026410,0.01475097,0.07000000,0.00366300,0.40604717,-0.23999999,0.23999999,-0.01229746,3.50636625,-4.80489111,-2.54068708,-0.60796845,0.00122106,0.12043676,
15438,0.65857667,-0.96954489,20.53136063,6.00000000,-0.35449219,0.43183595,0.07060617,-1.86925232,-0.17860851,0.07000000,0.00366300,0.08931175,-0.23999999,0.23999999,-0.01229746,1.87099290,-2.17118955,-1.83472562,-0.33520156,0.00122106,0.01451030,
15446,2.40275264,0.42627472,17.25549507,6.00000000,-0.35288087,0.43183595,0.05873790,-0.90938193,-0.07064764,0.07000000,0.00366300,-0.03729872,-0.23999999,0.23999999,-0.01229746,-0.40840703,0.53581607,-0.89022070,-0.44386056,0.00122106,-0.10372934,
15454,-1.08919060,-1.00426078,11.15506840,6.00000000,-0.36093751,0.41894531,-0.18001802,-0.05648149,-0.02329794,0.07000000,0.00366300,-0.30310217,-0.23201577,0.19069040,-0.01229746,-2.03854465,3.02640080,-0.01260281,-0.10108158,0.00122106,-0.19718918,
15461,-1.09038770,0.77463108,5.71065426,5.00000000,-0.33999023,0.34804687,-0.24058707,0.65282196,0.03380797,0.07000000,0.00366300,-0.34882739,-0.23395322,0.18691793,-0.01229746,-3.88684821,5.02480268,0.65075839,-0.15337136,0.00122106,-0.28980601,
15470,-2.94948530,1.99447680,3.65762615,6.00000000,-0.34160155,0.33032227,-0.12746768,1.31042480,0.02531119,0.07000000,0.00366300,-0.35006964,0.13086693,-0.17755963,-0.01229746,-5.80147409,6.92023039,1.31109262,0.05847494,0.00122106,-0.38176823,
15478,-2.28629136,0.61900795,2.83641505,6.00000000,0.17724609,-0.29970703,0.17106755,1.96061313,-0.04263116,0.07000000,0.00366300,-0.06246212,0.23999999,-0.23999999,-0.01229746,-5.81369162,6.01615000,1.97037220,0.13634545,0.00122106,-0.29979891,
15486,-0.99342251,0.32930955,-0.30597478,6.00000000,0.33999023,-0.41411132,0.37325779,2.09670591,-0.09708100,0.07000000,0.00366300,0.22036523,0.23999999,-0.23999999,-0.01229746,-3.11715817,2.41902637,2.12423921,0.24321669,0.00122106,-0.04730587,
15494,1.48697042,-2.63830352,0.29975826,6.00000000,0.34804687,-0.42700195,0.19749184,1.76431811,-0.05012296,0.07000000,0.00366300,0.32177141,0.23999999,-0.23999999,-0.01229746,-0.17278759,-0.86568326,1.78601432,0.03549255,0.00122106,0.16282414,
15502,3.28621292,-1.61957061,4.29208946,6.00000000,0.35610351,-0.42861328,-0.07637729,1.15935469,0.06937393,0.07000000,0.00366300,0.41108909,0.23999999,-0.19169384,-0.01229746,2.26543736,-3.58316112,1.16679358,-0.09554119,0.00122106,0.30834424,
15510,5.68400621,-0.38296545,8.22097492,6.00000000,0.35288087,-0.33837891,-0.27062175,0.32164016,0.17697358,0.07000000,0.00366300,0.34135008,-0.02283819,0.06806758,-0.01229746,4.42266417,-5.53443909,0.32150346,-0.21192229,0.00122106,0.40021726,
15518,8.31044483,2.70316052,12.98902702,6.00000000,-0.01289062,0.10957031,-0.22564740,-0.68372577,0.25815168,0.07000000,0.00366300,0.10954043,-0.23999999,0.23999999,-0.01229746,4.84328890,-5.19235468,-0.67648637,-0.45999837,0.00122106,0.33178097,
15526,10.09173107,1.22833228,16.48815346,6.00000000,-0.33032227,0.41733399,0.20863882,-1.50601637,0.22764923,0.07000000,0.00366300,0.13042438,-0.23999999,0.23999999,-0.01229746,1.79070783,-2.18689752,-1.49438119,-1.01488972,0.00122106,0.04137707,
15533,0.13065517,-0.75885510,20.53136063,5.00000000,-0.36093751,0.43989259,0.06537106,-1.37305009,-0.01004918,0.07000000,0.00366300,0.19447857,-0.05292292,0.07836771,-0.01229746,0.47298422,-1.09955740,-1.36236727,0.12304091,0.00122106,-0.04244374,
15542,3.89673448,0.22995019,18.24070930,6.00000000,-0.08701172,0.14663085,0.16228177,-0.25665021,-0.05723999,0.07000000,0.00366300,-0.02048722,-0.23999999,0.23999999,-0.01229746,-0.59515727,0.65973443,-0.24428594,-0.67419392,0.00122106,-0.06483991,
15550,4.12538052,0.11981691,9.50905514,6.00000000,-0.33032227,0.41088867,-0.08356147,-0.20785956,-0.02542488,0.07000000,0.00366300,-0.10927261,-0.23999999,0.23999999,-0.01229746,-2.45742369,2.87106657,-0.22400133,-0.47411495,0.00122106,-0.22094196,
15558,-4.46860647,-0.69900006,13.29548550,6.00000000,-0.35932618,0.43828124,-0.36470628,0.14528240,-0.01388450,0.07000000,0.00366300,-0.10830289,0.21478292,-0.22926255,-0.01229746,-4.01251173,4.36855936,0.14598337,0.22939384,0.00122106,-0.30959255,
15566,-2.58676386,2.76181841,5.94528580,6.00000000,0.28681642,-0.37382811,-0.10740210,1.00403750,-0.04928444,0.07000000,0.00366300,-0.08529198,0.21986657,-0.23109676,-0.01229746,-3.30914426,3.57967043,1.00248730,0.08580472,0.00122106,-0.18437192,
15574,-0.84977043,1.94659281,-2.47272730,6.00000000,0.30131835,-0.39960939,0.12552880,1.04479432,-0.10305130,0.07000000,0.00366300,0.26617011,0.23999999,-0.23999999,-0.01229746,-0.52010810,-0.33161256,1.06052148,0.26442617,0.00122106,0.06910706,
15582,0.08516534,-0.21178003,-0.95001501,6.00000000,0.34160155,-0.42377931,0.32545638,0.73494649,-0.10858266,0.07000000,0.00366300,0.34814942,0.23999999,-0.23999999,-0.01229746,2.30383468,-3.48891306,0.74970162,0.14020962,0.00122106,0.27916217,
15590,0.89560258,-2.29234123,2.25941229,6.00000000,0.34482422,-0.42861328,0.12162027,0.27712700,-0.06485169,0.07000000,0.00366300,0.41725391,0.23999999,-0.23999999,-0.01229746,4.89913940,-6.27620411,0.27772191,0.07469364,0.00122106,0.44639689,
15598,3.29339552,-2.17741966,4.56981707,6.00000000,0.34321290,-0.43183595,-0.05720392,-0.30853075,0.04032026,0.07000000,0.00366300,0.46292537,0.13517933,-0.07410830,-0.01229746,7.20297384,-8.73013687,-0.31527427,-0.08265565,0.00122106,0.58515531,
15605,5.84082603,-1.05693328,5.97281933,5.00000000,0.20786133,-0.14018555,-0.19551368,-0.81146866,0.08105046,0.07000000,0.00366300,0.35708302,-0.17857617,0.22490180,-0.01229746,8.52069759,-9.69355869,-0.81820589,-0.25709918,0.00122106,0.63099778,
15614,10.44727039,1.15052068,9.44800282,6.00000000,-0.23686524,0.38349611,-0.15679957,-1.38525403,0.08920066,0.07000000,0.00366300,0.09137258,-0.23999999,0.23999999,-0.01229746,6.88532400,-7.19075632,-1.37744761,-0.80951715,0.00122106,0.43044579,
15622,10.72260380,2.05074048,16.71560287,6.00000000,-0.33032227,0.40766603,0.09787682,-1.44460690,0.06076086,0.07000000,0.00366300,-0.31989279,-0.23999999,0.23999999,-0.01229746,3.31787109,-2.27416396,-1.42219877,-1.16902816,0.00122106,0.09881130,
15630,2.93905377,-1.45437074,20.53136063,6.00000000,-0.35610351,0.43828124,0.20854667,-1.13873327,-0.04496061,0.07000000,0.00366300,-0.02652830,-0.23999999,0.23999999,-0.01229746,0.44331363,-0.36128318,-1.12427974,-0.12148583,0.00122106,-0.05548559,
15638,2.54161620,1.02243090,17.39316177,6.00000000,-0.35771483,0.42377931,-0.23935652,-0.10774660,-0.08934604,0.07000000,0.00366300,-0.42383301,-0.23999999,0.23999999,-0.01229746,-0.98611104,2.34223175,-0.13880593,-0.47621280,0.00122106,-0.13482620,
15646,0.39521447,-2.37733555,15.36168098,6.00000000,-0.34965819,0.43989259,-0.14056344,0.51885635,-0.07155980,0.07000000,0.00366300,-0.40857989,-0.23999999,0.23999999,-0.01229746,-2.94262528,4.25685787,0.52728170,-0.28902456,0.00122106,-0.23400816,
15654,-0.10038529,2.16566229,10.90128326,6.00000000,-0.35932618,0.43989259,-0.13750723,1.13516581,-0.07773326,0.07000000,0.00366300,-0.64564908,-0.23999999,0.22663945,-0.01229746,-4.42091894,6.53451252,1.12801540,-0.24304840,0.00122106,-0.33045605,
15662,-1.35255277,-0.11002646,7.42849398,6.00000000,-0.35771483,0.41249999,-0.09644621,1.80550671,-0.12352462,0.07000000,0.00366300,-0.65217757,-0.10699348,0.01947999,-0.01229746,-6.26922274,8.33918285,1.81054449,-0.15028132,0.00122106,-0.41646603,
15670,-0.94793272,1.00686860,4.99478769,6.00000000,-0.15952149,0.06123047,0.07487267,2.46747160,-0.13635196,0.07000000,0.00366300,-0.58069634,0.10911593,-0.18652140,-0.01229746,-7.38099718,9.27816963,2.47431040,-0.06980841,0.00122106,-0.44711179,
15677,-0.94912982,-0.21297713,3.36673069,5.00000000,0.13857421,-0.31904298,0.16297275,2.77906704,-0.14600559,0.07000000,0.00366300,-0.16411865,0.23999999,-0.23999999,-0.01229746,-6.85565329,7.38274288,2.80014968,0.08782060,0.00122106,-0.32960612,
15686,-0.12911572,-0.99947238,1.37355769,6.00000000,0.34804687,-0.42377931,0.19250818,2.79528141,-0.13150899,0.07000000,0.00366300,0.28677630,0.23999999,-0.23999999,-0.01229746,-4.56403589,3.68264461,2.82530570,0.14237107,0.00122106,-0.10373576,
15694,0.93271273,-2.28396153,4.32321405,6.00000000,0.34321290,-0.41894531,-0.06369351,2.10837793,-0.05966340,0.07000000,0.00366300,0.42729074,0.23999999,-0.23999999,-0.01229746,-1.40149939,0.05410520,2.12145400,0.13352327,0.00122106,0.10441777,
15702,2.58950043,-0.53739148,6.12844229,6.00000000,0.34643555,-0.42539063,-0.26916602,1.38165009,0.03485420,0.07000000,0.00366300,0.40265387,0.23999999,-0.23999999,-0.01229746,1.27758098,-2.59879518,1.38871825,0.09263229,0.00122106,0.25596917,
15710,5.35121202,1.84364212,7.01309967,6.00000000,0.35932618,-0.43505859,-0.33833647,0.50768399,0.09690271,0.07000000,0.00366300,0.47009003,0.12016560,-0.05724227,-0.01229746,3.52556515,-5.06669044,0.51954126,-0.12855826,0.00122106,0.36678469,
15718,7.71309185,2.21474338,11.43159866,6.00000000,0.18369141,-0.12246094,0.00071894,-0.49418530,0.09426705,0.07000000,0.00366300,0.47827202,-0.23999999,0.23999999,-0.01229746,4.49422264,-6.01615000,-0.48623657,-0.45217517,0.00122106,0.36559922,
15726,9.38424492,-0.14713658,14.05803871,6.00000000,-0.32387695,0.40122071,0.20565592,-1.61965227,0.03347174,0.07000000,0.00549451,0.30915269,-0.23999999,0.23999999,-0.01229746,2.37888384,-3.37895751,-1.61418355,-0.82411033,0.00122106,0.09371623,
15734,1.92989779,-0.61999142,20.53136063,6.00000000,-0.36093751,0.42539063,0.29873747,-2.19480777,-0.03999923,0.07000000,0.00549451,0.07550851,-0.23999999,0.23999999,-0.01229746,0.73652893,-0.98087507,-2.17381215,-0.35531408,0.00122106,-0.09984460,
15742,1.61984861,-3.00461626,17.13099670,6.00000000,-0.35932618,0.42055663,-0.10212018,-1.22981501,-0.02706181,0.07000000,0.00549451,-0.18303661,-0.23999999,0.23999999,-0.01229746,-1.23918378,1.83434105,-1.21210194,-0.36133197,0.00122106,-0.20741829,
15749,-0.79590088,0.20720527,15.50653076,5.00000000,-0.34804687,0.43666992,-0.29638341,-0.71060634,0.03910394,0.07000000,0.00549451,-0.32530731,-0.23999999,0.23999999,-0.01229746,-2.57785130,3.64075685,-0.70177931,-0.16300632,0.00122106,-0.28995284,
15758,-1.94152641,1.45697856,10.20337391,6.00000000,-0.35610351,0.44311523,-0.28560802,0.12858325,0.04932223,0.07000000,0.00549451,-0.44964761,-0.23999999,0.23999999,-0.01229746,-4.60068798,6.05629253,0.12499237,-0.10713136,0.00122106,-0.39516917,
15766,-1.86491191,1.90948272,6.29723358,6.00000000,-0.35126954,0.43344727,-0.03245245,0.85089475,-0.03077566,0.07000000,0.00366300,-0.50399584,-0.14154744,0.07393837,-0.01229746,-6.51182365,8.15592384,0.84462547,-0.03746395,0.00122106,-0.49589631,
15774,-2.81421304,1.07510340,3.95570421,6.00000000,-0.20625000,0.14824219,0.23165204,1.57993126,-0.05809356,0.07000000,0.00366300,-0.40032828,0.23999999,-0.23999999,-0.01229746,-7.97615480,9.27642536,1.58279634,0.16476242,0.00122106,-0.53699875,
15782,-1.47226286,-0.37578285,2.18279791,6.00000000,0.31904298,-0.40927735,0.34658012,2.01439905,-0.14647505,0.07000000,0.00366300,-0.13564138,0.23999999,-0.23999999,-0.01229746,-6.89055967,7.32863760,2.03123140,0.21401721,0.00122106,-0.38558155,
15790,0.00615668,-2.55450630,-1.40251911,6.00000000,0.33032227,-0.42377931,0.38630015,1.93005228,-0.11208230,0.07000000,0.00366300,0.08551486,0.23999999,-0.23999999,-0.01229746,-3.78038335,3.53952789,1.96325612,0.22554070,0.00122106,-0.12251793,
15798,2.17650056,-2.65745711,1.38193738,6.00000000,0.33837891,-0.42377931,-0.06882015,1.45735908,-0.03642413,0.07000000,0.00549451,0.09568815,0.23999999,-0.23999999,-0.01229746,-0.43807766,0.13089970,1.47705507,0.01102197,0.00122106,0.09371109,
15806,2.44105983,-1.64231551,6.45764494,6.00000000,0.34643555,-0.43344727,-0.31055716,0.72761720,0.10041212,0.07000000,0.00549451,0.13189507,0.23999999,-0.22919086,-0.01229746,2.17991614,-2.61973929,0.73179781,-0.00603641,0.00122106,0.23862983,
15814,5.33804369,1.47613215,9.07331085,6.00000000,0.35610351,-0.41572267,-0.36311707,-0.09821307,0.18385714,0.07000000,0.00366300,0.17607594,-0.18044330,0.20308694,-0.01229746,4.42615509,-4.99687767,-0.09580266,-0.25084394,0.00122106,0.35164171,
15821,7.84477282,3.56267905,12.99142170,5.00000000,-0.22880860,0.32548827,0.00669776,-1.04051983,0.17363116,0.07000000,0.00366300,0.02488138,-0.23999999,0.23999999,-0.01229746,4.09279728,-4.16784620,-1.03276324,-0.51820278,0.00122106,0.23599848,
15830,7.93575287,-0.83786380,20.53136063,6.00000000,-0.33193359,0.42539063,0.25320688,-1.83001971,0.11660860,0.07000000,0.00366300,0.08868622,-0.23999999,0.23999999,-0.01229746,-0.01919862,-0.26878071,-1.81053960,-0.89573658,0.00122106,-0.12817584,
15838,2.27945113,-2.31628323,20.53136063,6.00000000,-0.35288087,0.43183595,0.12340254,-1.44828510,-0.17490223,0.07000000,0.00549451,0.25746158,-0.23999999,0.23999999,-0.01229746,-1.98793006,1.15191734,-1.42845118,-0.22435993,0.00122106,-0.22972807,
15846,3.79857206,1.88554060,17.04839706,6.00000000,-0.36093751,0.42216796,-0.11251993,-0.50055468,-0.16671528,0.07000000,0.00549451,-0.13595647,-0.23999999,0.23999999,-0.01229746,-3.89382958,4.32143545,-0.48108608,-0.53230667,0.00122106,-0.34327298,
15854,-1.08200800,-0.98989558,14.84333611,6.00000000,-0.36093751,0.44150391,0.12131622,0.05471045,-0.12181903,0.07000000,0.00366300,-0.22575299,-0.23999999,0.21925381,-0.01229746,-5.60599756,6.35474396,0.05797493,-0.04629716,0.00122106,-0.45000160,
15862,-1.79548013,0.76625139,7.42011404,6.00000000,-0.35932618,0.38671875,-0.30196446,0.95558518,-0.09855793,0.07000000,0.00366300,-0.25372809,-0.18077484,0.14737977,-0.01229746,-7.58171034,8.40026951,0.95405746,-0.07920448,0.00122106,-0.53614706,
15870,-1.92955542,2.24467087,3.88268113,6.00000000,-0.25781250,0.26103514,-0.20137651,1.63032901,-0.02284144,0.07000000,0.00366300,-0.37437904,-0.03449786,-0.01484153,-0.01229746,-9.03382397,10.25730038,1.63428688,-0.02810805,0.00122106,-0.61045223,
15878,-2.90399551,0.69203109,1.13294041,6.00000000,-0.05800781,-0.00966797,0.10988776,2.20886230,-0.05698207,0.07000000,0.00366300,-0.23308501,0.23999999,-0.23999999,-0.01229746,-9.56265926,10.30791378,2.22579551,0.19261362,0.00122106,-0.58574384,
15886,-1.89843082,0.03961115,-0.74411368,6.00000000,0.32226563,-0.40444335,0.32527474,2.55863929,-0.14643049,0.07000000,0.00366300,0.02785368,0.23999999,-0.23999999,-0.01229746,-7.57821989,7.48048115,2.58928490,0.28918740,0.00122106,-0.37679070,
15893,-0.13749543,-1.44718814,-2.94797635,5.00000000,0.33676758,-0.41572267,0.34875163,2.51722431,-0.17689133,0.07000000,0.00366300,0.26331469,0.23999999,-0.23999999,-0.01229746,-4.70191669,3.81878042,2.56200290,0.21990669,0.00122106,-0.13074450,
15902,1.36726034,-1.70935321,1.99724722,6.00000000,0.34643555,-0.41894531,-0.08478370,1.98061907,-0.07755023,0.07000000,0.00366300,0.48353818,0.23999999,-0.23999999,-0.01229746,-1.38928211,-0.15533429,2.00337839,0.12741521,0.00122106,0.09722491,
15910,2.65653801,-1.86976469,6.51869726,6.00000000,0.36093751,-0.43666992,-0.28168130,1.30705965,0.06783225,0.07000000,0.00366300,0.57257849,0.23999999,-0.23999999,-0.01229746,1.02276289,-2.86583066,1.30605364,0.09597895,0.00122106,0.24772620,
15918,5.58823776,1.43543077,10.79833317,6.00000000,0.34804687,-0.42216796,-0.50039446,0.52043921,0.14557780,0.07000000,0.00366300,0.58990139,0.23999999,-0.20880963,-0.01229746,2.89899206,-4.83107138,0.52461785,-0.00193668,0.00122106,0.33110607,
15926,8.75337219,2.43860126,15.15338516,6.00000000,0.36738282,-0.38188475,0.11075162,-0.33748177,0.15136623,0.07000000,0.00366300,0.74170172,-0.23999999,0.23999999,-0.01229746,4.09803295,-6.48738909,-0.32938480,-0.50136435,0.00122106,0.38141975,
15934,13.18623734,1.75745082,20.53136063,6.00000000,-0.31582031,0.38833007,0.23618175,-1.61261106,-0.01649038,0.07000000,0.00366300,0.68570369,-0.23999999,0.23999999,-0.01229746,2.34048653,-4.58148909,-1.59203649,-0.86184806,0.00122106,0.14618602,
15942,6.53753901,-2.26121664,20.53136063,6.00000000,-0.34160155,0.41411132,0.56946969,-1.98714352,-0.11615904,0.07000000,0.00366300,0.35460117,-0.23999999,0.23999999,-0.01229746,-1.63711894,0.49567351,-1.96432304,-1.00912476,0.00122106,-0.21793659,
15950,-2.56282163,-5.49698019,20.53136063,6.00000000,-0.36254883,0.42861328,-0.09678541,-1.30042827,-0.07640119,0.07000000,0.00366300,0.08505026,-0.08127242,0.09243917,-0.01229746,-2.84663200,2.57261515,-1.29868019,0.18338120,0.00122106,-0.30586776,
15958,1.03207207,2.02320719,13.50737190,6.00000000,-0.12890625,0.15791015,-0.51705837,-0.36892930,0.17318496,0.07000000,0.00366300,-0.32416064,-0.23999999,0.23999999,-0.01229746,-3.50811172,4.58148909,-0.36244440,-0.27638227,0.00122106,-0.33541924,
15965,-0.81026608,0.33529505,3.92817092,5.00000000,-0.33354491,0.41572267,-0.37987554,-0.01391792,0.20649892,0.07000000,0.00366300,-0.35899961,-0.23999999,0.23999999,-0.01229746,-5.15221214,6.31111050,-0.01704824,-0.16653794,0.00122106,-0.43696511,
15974,-4.89836550,2.31769395,4.73621416,6.00000000,-0.35449219,0.43989259,-0.45010084,0.68901336,0.15594856,0.07000000,0.00366300,-0.32650560,0.01914117,-0.06255922,-0.01229746,-7.29198551,8.36885357,0.68417811,0.10459794,0.00122106,-0.54104614,
15982,-4.14419174,3.07426190,0.83486235,6.00000000,0.01611328,-0.09506836,0.12290218,1.46893585,0.04048542,0.07000000,0.00366300,-0.33062887,0.23999999,-0.23999999,-0.01229746,-7.92728567,9.00240803,1.46935141,0.31178996,0.00122106,-0.53431612,
15990,-2.62746525,0.33290085,-2.25246072,6.00000000,0.33354491,-0.39155275,0.44064239,1.77953947,-0.08501349,0.07000000,0.00366300,-0.04876000,0.23999999,-0.23999999,-0.01229746,-5.90968513,6.04582024,1.80114734,0.50303167,0.00122106,-0.32134074,
15998,-0.87850082,-1.08925498,-3.11197925,6.00000000,0.34160155,-0.41894531,0.51366669,1.76658273,-0.11373094,0.07000000,0.00366300,0.28107467,0.23999999,-0.23999999,-0.01229746,-2.64417386,1.90589952,1.74506593,0.39953595,0.00122106,-0.03489932,
16006,-0.17460555,-2.15467477,1.22990561,6.00000000,0.34482422,-0.43183595,0.20774263,1.33116794,-0.02997454,0.07000000,0.00366300,0.25481224,0.23999999,-0.23999999,-0.01229746,0.46425760,-1.30027032,1.34774280,0.23290345,0.00122106,0.17438364,
16014,1.21762276,-2.26241374,5.99915552,6.00000000,0.35126954,-0.42055663,-0.25963563,0.76359689,0.10878304,0.07000000,0.00366300,0.28894004,0.23999999,-0.23999999,-0.01229746,2.92517185,-3.87637639,0.76497513,0.16463171,0.00122106,0.31517032,
16022,4.53359222,-0.78399426,9.38814831,6.00000000,0.34965819,-0.42216796,-0.52918565,0.07152817,0.23283182,0.07000000,0.00366300,0.42457429,0.16029298,-0.10391533,-0.01229746,4.85201550,-6.21860790,0.07046312,-0.06118640,0.00122106,0.42945012,
16030,7.97166586,3.47888184,16.42710114,6.00000000,0.24331054,-0.19335937,-0.09447578,-0.69454890,0.15824221,0.07000000,0.00366300,0.50334311,-0.23999999,0.23999999,-0.01229746,5.68977356,-7.31642056,-0.68133688,-0.40702155,0.00122106,0.44532439,
16037,10.54064369,1.54915535,20.53136063,5.00000000,-0.30776367,0.38188475,0.16673046,-1.92284441,-0.03668572,0.07000000,0.00366300,0.48529044,-0.23999999,0.23999999,-0.01229746,3.35277748,-4.91484737,-1.90174913,-0.78580928,0.00122106,0.16759926,
16046,3.04679275,-1.06172168,20.53136063,6.00000000,-0.35288087,0.43022460,0.76048124,-2.40310025,-0.16211216,0.07000000,0.00366300,0.53847945,-0.23999999,0.23999999,-0.01229746,-0.30892330,-1.42593396,-2.37120008,-0.76592481,0.00122106,-0.13930339,
16054,-0.26319101,-5.73759747,20.53136063,6.00000000,-0.35288087,0.41572267,-0.18559246,-1.54555058,-0.23923583,0.07000000,0.00366300,0.11830002,-0.23999999,0.23999999,-0.01229746,-1.96698606,1.60046685,-1.53735662,-0.26030940,0.00122106,-0.25286329,
16062,-0.08961139,2.38353467,13.71566772,6.00000000,-0.35771483,0.43183595,-0.26707914,-0.75347275,0.03760617,0.07000000,0.00366300,-0.37004825,-0.23999999,0.23999999,-0.01229746,-3.21140575,4.42790031,-0.74248630,-0.15252076,0.00122106,-0.35020894,
16070,-4.39438581,-1.60041702,7.33392286,6.00000000,-0.34321290,0.43344727,-0.47094452,0.06623324,0.07476390,0.07000000,0.00366300,-0.40835008,-0.14603516,0.09100449,-0.01229746,-5.37212324,6.67239332,0.06780380,0.03939153,0.00122106,-0.45885798,
16078,-3.01771998,4.47008133,1.57586777,6.00000000,-0.21269532,0.16918945,-0.34866843,0.90938121,0.05603552,0.07000000,0.00366300,-0.43264863,-0.05000788,-0.00784041,-0.01229746,-6.85041714,8.25017166,0.89560705,0.02243837,0.00122106,-0.50645876,
16086,-3.22362137,2.00884199,-1.92684937,6.00000000,-0.08540039,0.00322266,0.21158059,1.43462825,-0.02942555,0.07000000,0.00366300,-0.17776105,0.23999999,-0.23999999,-0.01229746,-7.43859339,8.00757027,1.44205034,0.31026724,0.00122106,-0.48024040,
16094,-3.11827660,0.64773840,-3.08564305,6.00000000,0.33515626,-0.39477539,0.44020018,1.81443405,-0.09914510,0.07000000,0.00366300,0.14223221,0.23999999,-0.23999999,-0.01229746,-5.82765436,5.32848978,1.83683801,0.47531250,0.00122106,-0.28637332,
16102,-0.45831844,0.05756766,-4.51498127,6.00000000,0.33354491,-0.41733399,0.46059960,1.81842756,-0.16663550,0.07000000,0.00366300,0.39447898,0.23999999,-0.23999999,-0.01229746,-2.57959676,1.39626336,1.85441279,0.30570140,0.00122106,-0.00727805,
16109,-1.17179060,-2.36775875,0.09505400,5.00000000,0.33999023,-0.43022460,0.23759447,1.53808987,0.00003589,0.07000000,0.00366300,0.36478189,0.23999999,-0.23999999,-0.01229746,0.47472957,-1.65631747,1.55440652,0.26302502,0.00122106,0.19873236,
16118,1.28466034,-3.32424235,5.39701366,6.00000000,0.35126954,-0.42539063,-0.30108649,0.98026168,0.08672158,0.07000000,0.00366300,0.39037338,0.23999999,-0.23999999,-0.01229746,3.08050609,-4.37030411,0.97752213,0.20518678,0.00122106,0.35496819,
16126,4.28339815,-1.13953316,10.23928642,6.00000000,0.35126954,-0.42861328,-0.58677572,0.27794242,0.22079866,0.07000000,0.00366300,0.58635515,0.23999999,-0.23999999,-0.01229746,4.82234430,-6.70730019,0.27322263,0.03854655,0.00122106,0.46209970,
16134,7.95849752,3.05031967,17.33809471,6.00000000,0.35610351,-0.43828124,-0.20458940,-0.53543383,0.13805635,0.07000000,0.00366300,0.88848311,-0.18577725,0.23999999,-0.01229746,6.00218725,-8.83660221,-0.52448338,-0.29062507,0.00122106,0.52181643,
16142,10.94287014,2.12496090,20.53136063,6.00000000,-0.24653320,0.39477539,0.09219758,-2.23472404,-0.05962580,0.07000000,0.00549451,1.03803468,-0.23999999,0.23999999,-0.01229746,3.84146976,-7.14014196,-2.20540619,-0.57275730,0.00122106,0.25804871,
16150,2.38240194,-3.13390326,20.53136063,6.00000000,-0.34321290,0.43344727,0.76861382,-2.95582628,-0.17318289,0.07000000,0.00549451,0.70725757,-0.23999999,0.23999999,-0.01229746,1.06639612,-3.36673999,-2.93457413,-0.86384571,0.00122106,-0.05870587,
16158,-0.70013285,-5.98180628,20.53136063,6.00000000,-0.35610351,0.41733399,0.08512971,-2.37688684,-0.17686491,0.07000000,0.00366300,0.30946815,-0.23999999,0.23999999,-0.01229746,-0.87964594,-0.10646509,-2.36269689,-0.43821150,0.00122106,-0.20501438,
16166,-0.91201967,-0.60083783,13.20091438,6.00000000,-0.36093751,0.42216796,-0.24797791,-1.35102534,0.06556685,0.07000000,0.00366300,-0.26287964,-0.23999999,0.23999999,-0.01229746,-1.96000481,2.80125356,-1.34494627,-0.07792524,0.00122106,-0.28650674,
16174,-4.52127886,-0.99827528,6.28047419,6.00000000,-0.34643555,0.43666992,-0.44204426,-0.61999136,0.17014068,0.07000000,0.00549451,-0.41280577,-0.11375971,0.05744030,-0.01229746,-4.11025047,5.42971945,-0.62365144,0.13328782,0.00122106,-0.40893108,
16181,-3.98138618,3.85956001,1.17603612,5.00000000,-0.16435547,0.11923828,-0.48735172,0.22308494,0.21132715,0.07000000,0.00549451,-0.40219337,-0.04203489,-0.01237655,-0.01229746,-5.41575623,6.71602678,0.20394224,0.09312967,0.00122106,-0.44433290,
16190,-3.27749085,3.26220655,-3.59321380,6.00000000,-0.05961914,-0.00966797,0.13218227,0.79712898,0.06656387,0.07000000,0.00549451,-0.07960469,0.23999999,-0.23999999,-0.01229746,-5.92888355,6.19242811,0.79002464,0.34383184,0.00122106,-0.40518683,
16198,-3.54923296,2.60260415,-4.73405075,6.00000000,0.33676758,-0.40122071,0.40108809,1.13044083,0.03893898,0.07000000,0.00366300,0.26805991,0.23999999,-0.23999999,-0.01229746,-4.46280670,3.56221700,1.14372599,0.52463341,0.00122106,-0.22012964,
16206,-1.67337584,0.65492100,-4.57004786,6.00000000,0.33515626,-0.41572267,0.58971113,1.23360097,-0.05585030,0.07000000,0.00366300,0.50846463,0.23999999,-0.23999999,-0.01229746,-1.05068827,-0.56025064,1.25744820,0.36780512,0.00122106,0.08082139,
16214,-1.42437887,-2.65745711,0.45897266,6.00000000,0.34482422,-0.42377931,0.39317256,0.97422934,0.10134683,0.07000000,0.00366300,0.50324327,0.23999999,-0.23999999,-0.01229746,1.80117977,-3.43480802,0.97852361,0.21914554,0.00122106,0.27247363,
16222,0.42274776,-3.21051764,6.19907141,6.00000000,0.35288087,-0.41894531,0.02158118,0.60268879,0.23233612,0.07000000,0.00366300,0.58716023,0.23999999,-0.23999999,-0.01229746,4.07883453,-5.98822498,0.59079456,0.14967747,0.00122106,0.42641497,
16230,6.05989552,-3.47747111,10.67622852,6.00000000,0.35932618,-0.43183595,-0.35038757,-0.00693633,0.29162246,0.07000000,0.00549451,0.64988941,0.13929881,-0.05279621,-0.01229746,6.12087011,-8.24318981,-0.02658379,-0.11165915,0.00122106,0.54384458,
16238,8.45289993,-2.90525699,17.67448044,6.00000000,0.20141602,-0.10634766,-0.43771136,-0.96005863,0.17244314,0.07000000,0.00549451,0.62267381,-0.17372304,0.23999999,-0.01229746,6.55545664,-8.56258583,-0.97778666,-0.20502725,0.00122106,0.49901795,
16246,10.30122375,1.83765662,20.53136063,6.00000000,-0.22880860,0.39477539,-0.21123850,-1.72189891,0.27972534,0.07000000,0.00549451,0.13193148,-0.23999999,0.23999999,-0.01229746,4.46978855,-4.88692188,-1.69030690,-0.52563572,0.00122106,0.23502260,
16253,0.50774193,0.35684288,20.53136063,5.00000000,-0.32226563,0.43183595,-0.23959060,-2.12494349,0.15745863,0.07000000,0.00549451,0.31722653,-0.23999999,0.23999999,-0.01229746,1.04545224,-2.07170582,-2.10010457,-0.09605083,0.00122106,-0.04009821,
16262,2.71998429,3.42740655,18.08508492,6.00000000,-0.35126954,0.42377931,-0.14417088,-1.33139789,-0.06474271,0.07000000,0.00549451,0.05893773,-0.23999999,0.23999999,-0.01229746,-1.39800870,1.19031453,-1.29625630,-0.38307673,0.00122106,-0.19931994,
16270,-3.10271430,1.82688272,12.23605061,6.00000000,-0.35610351,0.43505859,0.23821132,-0.49986252,-0.00675068,0.07000000,0.00549451,-0.27756846,-0.10174201,0.06362780,-0.01229746,-2.87455726,3.78561902,-0.49618638,0.08190045,0.00122106,-0.29031995,
16278,-2.84294343,-1.81230390,5.44489765,6.00000000,-0.15952149,0.11601563,0.27045092,0.39160484,-0.19919315,0.07000000,0.00549451,-0.15014553,0.15362757,-0.17391145,-0.01229746,-4.37030411,4.85899639,0.39271086,0.16034150,0.00122106,-0.32172340,
16286,-3.63063574,1.44620466,0.70198411,6.00000000,0.20786133,-0.29648438,0.21534351,0.89289588,-0.09488650,0.07000000,0.00549451,0.05383109,0.23999999,-0.23999999,-0.01229746,-3.42957187,3.24631238,0.89608037,0.37987453,0.00122106,-0.18498565,
16294,-0.80308348,0.91229767,-5.90122414,6.00000000,0.33032227,-0.41572267,0.34639719,1.13366425,-0.18158615,0.07000000,0.00549451,0.25377560,0.23999999,-0.23999999,-0.01229746,-0.78365284,-0.02268928,1.15399456,0.30650154,0.00122106,0.05724609,
16302,-3.25115466,-0.24649596,-2.84981418,6.00000000,0.34321290,-0.42539063,0.20690010,0.94809353,-0.12982705,0.07000000,0.00549451,0.22002538,0.23999999,-0.23999999,-0.01229746,2.36841178,-3.08225155,0.96766037,0.51045960,0.00122106,0.28990409,
16310,-0.99102831,-2.29473543,-0.98233676,6.00000000,0.34160155,-0.43183595,-0.01092487,0.78786653,-0.03306943,0.07000000,0.00549451,0.32102621,0.23999999,-0.23999999,-0.01229746,4.89913940,-5.96902609,0.79747260,0.40852839,0.00122106,0.47671646,
16318,0.43471879,0.02644304,3.09259462,6.00000000,0.35126954,-0.42055663,-0.40497050,0.43506095,0.07223307,0.07000000,0.00549451,0.29580688,0.23999999,-0.23999999,-0.01229746,7.23438978,-8.18733978,0.44194850,0.33627826,0.00122106,0.61960959,
16325,3.19762754,-0.10404095,7.57932854,5.00000000,0.35932618,-0.43989259,-0.47172126,-0.03918989,0.27931574,0.07000000,0.00549451,0.37365738,0.23999999,-0.23999999,-0.01229746,9.21184731,-10.40739822,-0.03785247,0.04592475,0.00122106,0.74601966,
16334,6.52556801,2.97609949,19.48689079,6.00000000,0.37382811,-0.44311523,-0.33720949,-0.94148499,0.23334846,0.07000000,0.00549451,0.47024408,-0.05057433,0.11160263,-0.01229746,10.81755066,-12.32726002,-0.93111730,-0.21241662,0.00122106,0.81017476,
16342,12.44283772,1.06432950,20.53136063,6.00000000,-0.04672851,0.17563477,0.14140061,-2.24443483,0.17083292,0.07000000,0.00549451,0.40809506,-0.23999999,0.23999999,-0.01229746,9.88205433,-11.20152283,-2.21935511,-0.80817479,0.00122106,0.63642699,
16350,8.94251442,1.87835801,20.53136063,6.00000000,-0.31743163,0.39477539,0.53627634,-3.07849908,0.01653526,0.07000000,0.00549451,0.31186882,-0.23999999,0.23999999,-0.01229746,5.84859848,-6.87310648,-3.02765059,-0.94434375,0.00122106,0.25498483,
16358,-1.23643398,-4.10475206,20.53136063,6.00000000,-0.35126954,0.41411132,0.28672263,-2.98365998,-0.13852833,0.07000000,0.00366300,0.20309833,-0.23999999,0.23999999,-0.01229746,3.38768411,-4.04218245,-2.96067500,-0.06373328,0.00122106,0.05465399,
16366,-3.17214608,-2.93638158,20.53136063,6.00000000,-0.35771483,0.41894531,-0.33971938,-1.92732704,-0.05845283,0.07000000,0.00366300,-0.14871851,-0.18116188,0.15968704,-0.01229746,1.25314641,-0.78016222,-1.89085412,0.11978190,0.00122106,-0.06481921,
16374,-3.48698354,0.28980523,10.27519989,6.00000000,-0.26748046,0.28520507,-0.31137604,-0.87765646,0.05617964,0.07000000,0.00366300,-0.28882772,-0.06242032,0.02250507,-0.01229746,-0.50265479,1.39975405,-0.87627625,0.10999288,0.00122106,-0.13818654,
16382,-2.83815503,1.15770340,0.33447418,6.00000000,-0.09506836,0.04995117,-0.34065226,0.03463994,0.06558938,0.07000000,0.00366300,-0.10877909,0.10296971,-0.11794003,-0.01229746,-1.73834789,2.09090447,0.02080613,0.11185170,0.00122106,-0.14542043,
16390,-2.18214369,3.49085283,-3.29513550,6.00000000,0.13212891,-0.19174805,0.01431571,0.55079097,-0.01815644,0.07000000,0.00549451,0.08422332,0.23999999,-0.23999999,-0.01229746,-1.10479343,0.81855947,0.54866308,0.24538171,0.00122106,-0.03183063,
16397,-3.51810813,1.51803064,-5.32901001,5.00000000,0.33515626,-0.40927735,0.43765020,0.79279828,-0.09270104,0.07000000,0.00549451,0.30674455,0.23999999,-0.23999999,-0.01229746,0.80110615,-1.81514239,0.80598885,0.46974742,0.00122106,0.16071206,
16406,-2.66337824,-0.20340033,-3.67701077,6.00000000,0.35288087,-0.42055663,0.43796754,0.80845219,-0.14917247,0.07000000,0.00549451,0.42688817,0.23999999,-0.23999999,-0.01229746,3.72453260,-5.09810686,0.82301009,0.46437979,0.00122106,0.39986718,
16414,-1.38846576,-1.86258209,0.51164508,6.00000000,0.35449219,-0.41733399,0.30844226,0.58172762,-0.09729831,0.07000000,0.00366300,0.54089153,0.23999999,-0.23999999,-0.01229746,6.23257065,-8.04596806,0.58506548,0.33220786,0.00122106,0.58839935,
16422,1.17452717,-1.60400832,3.87430143,6.00000000,0.33999023,-0.42539063,-0.05886243,0.24073392,0.05402685,0.07000000,0.00366300,0.60067499,0.23999999,-0.23999999,-0.01229746,8.59400082,-10.58367729,0.23643818,0.18264627,0.00122106,0.75087440,
16430,5.32846689,-0.80554205,8.54060078,6.00000000,0.36254883,-0.43344727,-0.43093836,-0.37834233,0.17162016,0.07000000,0.00549451,0.58540845,0.23999999,-0.23999999,-0.01229746,10.63603687,-12.54542637,-0.38489455,-0.00255670,0.00122106,0.85235959,
16438,7.74661064,0.65252680,19.16008186,6.00000000,0.36254883,-0.43505859,-0.40269807,-1.38331258,0.11321725,0.07000000,0.00549451,0.85415113,-0.01583081,0.12869918,-0.01229746,11.87522030,-14.64854813,-1.37736952,-0.18185715,0.00122106,0.90840197,
16446,13.69380760,1.65928864,18.56392670,6.00000000,0.00000000,0.20625000,0.04411664,-2.65073705,0.08548832,0.07000000,0.00366300,0.56494236,-0.23999999,0.23999999,-0.01229746,11.39525509,-13.24006748,-2.61272001,-0.66045702,0.00122106,0.73717725,
16454,6.94096184,2.25185347,20.53136063,6.00000000,-0.32065430,0.39638671,0.22836497,-3.27118516,0.02464832,0.07000000,0.00366300,0.18642417,-0.23999999,0.23999999,-0.01229746,8.04422283,-8.65683270,-3.21180606,-0.71152472,0.00122106,0.39156294,
16462,0.54126078,0.82131803,20.53136063,6.00000000,-0.34965819,0.42861328,0.46956959,-3.15056777,-0.05146557,0.07000000,0.00366300,-0.08760035,-0.23999999,0.23999999,-0.01229746,5.60774279,-5.32499981,-3.10358787,-0.26922026,0.00122106,0.18156494,
16469,-2.96265340,-5.83575964,19.07029915,5.00000000,-0.34643555,0.40927735,0.08752754,-1.99500799,-0.10296956,0.07000000,0.00366300,-0.25633767,-0.23999999,0.22808114,-0.01229746,3.32485223,-2.42949820,-1.96479881,0.03063929,0.00122106,0.07148022,
16478,-3.70605302,0.90870637,10.33385754,6.00000000,-0.35126954,0.40605468,-0.17571777,-0.95524520,0.04446573,0.07000000,0.00366300,-0.53546160,-0.03987688,-0.03383940,-0.01229746,1.05766952,0.67195177,-0.95472586,0.12201437,0.00122106,-0.05505074,
16486,-3.95624709,0.20241687,3.08062363,6.00000000,-0.06606445,-0.05639648,-0.32775754,0.04784942,0.10783816,0.07000000,0.00366300,-0.36923707,0.09072009,-0.14132972,-0.01229746,-0.24434610,1.44164193,0.03741801,0.08744028,0.00122106,-0.06213153,
16494,-1.55007446,3.03834867,-1.98909855,6.00000000,0.12084961,-0.24331054,0.03599181,0.47504050,0.05359831,0.07000000,0.00366300,-0.05866039,0.23999999,-0.23999999,-0.01229746,0.28972465,-0.09075712,0.46669605,0.19318911,0.00122106,0.04767901,
16502,-3.01412868,1.60302484,-2.30034471,6.00000000,0.33515626,-0.42377931,0.31427398,0.64833421,-0.02413508,0.07000000,0.00366300,0.17763758,0.23999999,-0.23999999,-0.01229746,2.20958686,-2.76634693,0.65552950,0.45269910,0.00122106,0.23963699,
16510,-0.64985460,-1.35860264,-2.23211002,6.00000000,0.35288087,-0.43505859,0.40365291,0.65791243,-0.03173117,0.07000000,0.00366300,0.38526243,0.23999999,-0.23999999,-0.01229746,4.73856878,-5.99869680,0.66661322,0.28662902,0.00122106,0.45919520,
16518,0.49936223,-1.41127503,1.46094608,6.00000000,0.34965819,-0.42216796,0.12784855,0.27788103,0.01453448,0.07000000,0.00366300,0.48607868,0.23999999,-0.23999999,-0.01229746,7.22042751,-8.87499905,0.27901074,0.15079141,0.00122106,0.63056272,
16526,2.34170055,-1.62076771,5.37067747,6.00000000,0.34965819,-0.42055663,-0.19434962,-0.22006890,0.12815735,0.07000000,0.00366300,0.58724564,0.23999999,-0.23999999,-0.01229746,9.54345989,-11.45983124,-0.22741684,0.07755914,0.00122106,0.77931386,
16534,6.17362022,-0.17466991,9.45398808,6.00000000,0.35288087,-0.43022460,-0.39038065,-0.98783463,0.21248172,0.07000000,0.00366300,0.64525831,0.13512084,-0.05021548,-0.01229746,11.60643959,-13.70432568,-0.99074519,-0.10325854,0.00122106,0.88677520,
16541,8.62887383,2.63732004,17.34647369,5.00000000,0.20786133,-0.11118164,-0.18989146,-1.70701551,0.17218189,0.07000000,0.00366300,0.60604799,-0.23999999,0.23999999,-0.01229746,12.41278172,-14.38674927,-1.67996669,-0.31860796,0.00122106,0.89440167,
16550,11.72457695,0.87399042,20.53136063,6.00000000,-0.32387695,0.40605468,0.08561085,-2.95051813,0.06281900,0.07000000,0.00366300,0.35404584,-0.23999999,0.23999999,-0.01229746,9.95186806,-11.07585907,-2.90901875,-0.80453080,0.00122106,0.58030182,
16558,4.98489904,2.77139521,20.53136063,6.00000000,-0.35126954,0.42216796,0.52539259,-3.04778576,-0.05737902,0.07000000,0.00366300,0.40261868,-0.23999999,0.23999999,-0.01229746,6.90103197,-8.21700954,-2.98905921,-0.75641811,0.00122106,0.34706563,
16566,1.07875907,-4.19333744,20.53136063,6.00000000,-0.35288087,0.41249999,-0.00578817,-1.90475321,-0.16904174,0.07000000,0.00366300,0.13314813,-0.23999999,0.23999999,-0.01229746,4.52563858,-4.94800854,-1.87744915,-0.34808186,0.00122106,0.21623425,
16574,-0.73844004,0.57710946,16.94185448,6.00000000,-0.34804687,0.42055663,-0.29572794,-1.03888643,-0.04896875,0.07000000,0.00366300,-0.13359445,-0.23930180,0.21994257,-0.01229746,2.38935566,-1.96000481,-1.02074456,-0.08038086,0.00122106,0.09005437,
16582,-2.25636387,0.85363972,8.47715378,6.00000000,-0.34482422,0.39155275,-0.25325719,-0.14551105,-0.00306030,0.07000000,0.00366300,-0.22443423,-0.05930226,0.02831873,-0.01229746,-0.25481808,0.97214842,-0.14830208,-0.00586237,0.00122106,-0.06107412,
16590,-1.56803095,1.81012332,2.39229059,6.00000000,-0.09506836,0.06606445,-0.15516303,0.62211984,-0.08044433,0.07000000,0.00366300,-0.11314230,0.02928510,-0.04470844,-0.01229746,-1.54636168,1.91288078,0.61730963,-0.03475508,0.00122106,-0.08483358,
16598,-2.60232615,1.67724514,-0.85304987,6.00000000,0.02900391,-0.07089844,0.20331515,1.08422863,-0.08328082,0.07000000,0.00366300,0.07320495,0.23999999,-0.23999999,-0.01229746,-1.35088491,1.11177480,1.09193933,0.24831754,0.00122106,-0.01033836,
16606,-2.12109160,0.29818493,-1.32710183,6.00000000,0.33193359,-0.41733399,0.25759456,1.35929549,-0.16389672,0.07000000,0.00366300,0.13863789,0.23999999,-0.23999999,-0.01229746,0.84823000,-1.30027032,1.37569523,0.29147205,0.00122106,0.18563843,
16613,0.19649571,-0.86060870,-1.80354798,5.00000000,0.35126954,-0.41894531,0.27415302,1.26878572,-0.11582045,0.07000000,0.00366300,0.24017701,0.23999999,-0.23999999,-0.01229746,3.41037321,-4.24464083,1.28974652,0.18253788,0.00122106,0.38693726,
16622,2.23156714,-2.24685144,1.63931406,6.00000000,0.34804687,-0.42216796,0.01789920,0.86442035,-0.07321168,0.07000000,0.00366300,0.42513448,0.23999999,-0.23999999,-0.01229746,5.81369162,-7.19075632,0.87315959,-0.00381045,0.00122106,0.55864704,
16630,2.87081909,-1.35022295,6.17632627,6.00000000,0.36254883,-0.42700195,-0.22401437,0.20860925,-0.00357513,0.07000000,0.00366300,0.49618268,0.23999999,-0.23999999,-0.01229746,8.03026009,-9.63945293,0.20582885,0.00669053,0.00122106,0.68915230,
16638,6.62373018,0.31853566,9.20379448,6.00000000,0.35126954,-0.42377931,-0.29663131,-0.66519052,0.07423152,0.07000000,0.00366300,0.47709134,-0.03906024,0.10146868,-0.01229746,10.09847450,-11.66403484,-0.66439015,-0.22707780,0.00122106,0.77677524,
16646,10.27488804,1.75864792,13.33858109,6.00000000,-0.03544922,0.16596679,0.13744575,-1.70172775,0.02705388,0.07000000,0.00366300,0.44491249,-0.23999999,0.23999999,-0.01229746,9.99375534,-11.40049076,-1.68776059,-0.71539599,0.00122106,0.68406981,
16654,8.46487141,0.24431539,20.53136063,6.00000000,-0.33032227,0.41411132,0.19113064,-2.64605045,-0.07134297,0.07000000,0.00366300,0.30955112,-0.23999999,0.23999999,-0.01229746,7.36179876,-8.34092808,-2.61126089,-0.82228392,0.00122106,0.40427807,
16662,-0.35057938,-1.08686078,20.53136063,6.00000000,-0.34482422,0.44311523,0.23206247,-2.22156596,-0.20813645,0.07000000,0.00366300,0.27326024,-0.23999999,0.23999999,-0.01229746,5.44019127,-6.33030939,-2.19206190,-0.19961351,0.00122106,0.28297380,
16670,4.49169350,0.07791837,16.68328094,6.00000000,-0.34643555,0.41249999,-0.07917435,-1.18950498,-0.12310528,0.07000000,0.00366300,-0.10669601,-0.23999999,0.23999999,-0.01229746,3.02640080,-2.68606162,-1.16842473,-0.59788024,0.00122106,0.12151644,
16678,-2.28509426,-0.67984647,14.49378300,6.00000000,-0.35288087,0.42861328,-0.28023836,-0.34767219,-0.08564647,0.07000000,0.00366300,-0.31332469,0.01126089,-0.05458841,-0.01229746,0.98087507,0.03141592,-0.34377843,0.05272019,0.00122106,0.00632360,
16685,-1.15024269,1.36360466,7.29561567,5.00000000,-0.00161133,-0.07412110,-0.13079642,0.41568753,-0.05638406,0.07000000,0.00366300,-0.32462767,-0.07519174,0.03066047,-0.01229746,0.28448865,0.75572753,0.41028893,-0.10531732,0.00122106,0.01296199,
16694,-1.72245693,1.49169445,0.38954082,6.00000000,-0.11118164,0.05478515,0.09815924,0.84139854,-0.09503091,0.07000000,0.00366300,0.03245217,0.23999999,-0.23999999,-0.01229746,-0.10821041,0.00000000,0.84322619,0.18686852,0.00122106,0.05887195,
16702,-3.05722451,0.65372390,1.55431998,6.00000000,0.33193359,-0.40444335,0.18633823,1.17349505,-0.15690371,0.07000000,0.00366300,0.14726317,0.23999999,-0.23999999,-0.01229746,1.48527515,-1.93207943,1.18291998,0.30793893,0.00122106,0.22143063,
16710,1.20565176,-0.40451327,-4.14866829,6.00000000,0.34643555,-0.43022460,0.31290445,1.14810407,-0.14239986,0.07000000,0.00366300,0.31222063,0.23999999,-0.23999999,-0.01229746,3.90255642,-4.94975376,1.17103887,0.09175548,0.00122106,0.42538881,
16718,2.44584823,-1.50824022,-1.40371621,6.00000000,0.35771483,-0.43505859,0.00735362,0.80869061,-0.11109623,0.07000000,0.00366300,0.44672924,0.23999999,-0.23999999,-0.01229746,6.27096796,-7.70911932,0.82100689,-0.04695987,0.00122106,0.59058964,
16726,2.82892036,-1.81230390,3.83120584,6.00000000,0.35610351,-0.43505859,-0.22104502,0.24470139,-0.01310828,0.07000000,0.00366300,0.62741524,0.23999999,-0.23999999,-0.01229746,8.41597748,-10.42485142,0.24287146,-0.01248377,0.00122106,0.74021375,
16734,4.77420950,0.65252680,8.21498871,6.00000000,0.35449219,-0.43344727,-0.36417562,-0.46375802,0.04543735,0.07000000,0.00366300,0.68139124,0.23999999,-0.23999999,-0.01229746,10.66396141,-12.83515167,-0.46151114,-0.02190066,0.00122106,0.86648917,
16742,8.76654053,1.98370290,10.20816231,6.00000000,0.36254883,-0.42216796,-0.22112350,-1.36474180,0.05056171,0.07000000,0.00366300,0.73352295,-0.21843410,0.23999999,-0.01229746,12.26966476,-14.68171024,-1.35391200,-0.33032888,0.00122106,0.92232245,
16750,13.06293583,1.39592636,12.95909977,6.00000000,-0.28198242,0.38994139,0.28050360,-2.29042363,-0.04919127,0.07000000,0.00366300,0.73709124,-0.23999999,0.23999999,-0.01229746,10.95019627,-13.36224079,-2.26537061,-0.91283119,0.00122106,0.75333637,
16757,12.22616196,-0.92644924,19.88193321,5.00000000,-0.33676758,0.39316407,0.31105655,-2.66458416,-0.16248433,0.07000000,0.00366300,0.39754015,-0.23999999,0.23999999,-0.01229746,6.95164633,-8.24144459,-2.62024307,-1.30020642,0.00122106,0.37889776,
16766,3.03601885,-2.92560768,20.53136063,6.00000000,-0.35126954,0.42216796,0.34943807,-2.24055457,-0.14927328,0.07000000,0.00366300,0.18256246,-0.23999999,0.23999999,-0.01229746,4.69493580,-5.28834772,-2.21805882,-0.37589097,0.00122106,0.20866917,
16774,3.95778656,-0.98510718,14.67933369,6.00000000,-0.35288087,0.42055663,-0.41279525,-1.00255406,-0.03254417,0.07000000,0.00366300,-0.06794229,-0.23999999,0.23999999,-0.01229746,2.31605196,-2.08566856,-0.98906994,-0.50462216,0.00122106,0.09049129,
16782,-1.17418480,0.46338484,11.55609798,6.00000000,-0.35449219,0.42539063,-0.43737558,-0.21716051,0.02231909,0.07000000,0.00366300,-0.28286061,-0.18617664,0.14713405,-0.01229746,0.26703537,0.64053583,-0.21727961,-0.09675020,0.00122106,-0.02859889,
16790,-0.47507787,2.46972585,5.94169474,6.00000000,-0.27875978,0.26909178,-0.33515736,0.54611862,0.00760573,0.07000000,0.00549451,-0.36732846,-0.23999999,0.22029528,-0.01229746,-1.30201554,2.48709416,0.53884405,-0.22447821,0.00122106,-0.10203277,
16798,-1.77153814,1.78977263,3.56784368,6.00000000,-0.34643555,0.39316407,0.00680934,1.04817033,-0.03754859,0.07000000,0.00549451,-0.36019233,0.08663633,-0.13547900,-0.01229746,-3.07352495,4.24464083,1.04753304,0.00320689,0.00122106,-0.20323205,
16806,-2.01933789,0.41909212,4.11132717,6.00000000,0.10957031,-0.22558594,0.14869402,1.71908450,-0.08757425,0.07000000,0.00549451,-0.23363647,0.23999999,-0.23999999,-0.01229746,-3.14682865,3.89906549,1.72555470,0.07125212,0.00122106,-0.13759062,
16814,-0.38170400,-0.62118852,2.06907320,6.00000000,0.33354491,-0.39799803,0.19911392,1.82756793,-0.10258261,0.07000000,0.00549451,0.09794259,0.23999999,-0.23999999,-0.01229746,-0.63879049,0.31415927,1.84716392,0.16426085,0.00122106,0.10762693,
16822,1.65456450,-2.00743127,3.23385239,6.00000000,0.35288087,-0.43022460,0.01124180,1.64201033,-0.08330218,0.07000000,0.00549451,0.17356043,0.23999999,-0.23999999,-0.01229746,2.32128787,-2.89375591,1.65662515,0.04121308,0.00122106,0.32478258,
16829,6.28854179,-1.96912408,3.84197974,5.00000000,0.35288087,-0.42055663,-0.05050719,0.90358257,0.00542667,0.07000000,0.00549451,0.20526563,-0.19160476,0.21826436,-0.01229746,4.41044712,-5.05621910,0.91295868,-0.41067690,0.00122106,0.43046138,
16838,8.98201847,-0.17227571,6.30561304,6.00000000,-0.26103514,0.36416015,-0.32193530,-0.32165495,0.03245629,0.07000000,0.00549451,0.00275385,-0.23999999,0.23999999,-0.01229746,3.61457705,-3.63901138,-0.32043833,-0.67002523,0.00122106,0.25024879,
16846,-0.81984293,2.26382446,20.53136063,6.00000000,-0.35449219,0.43666992,-0.12000496,-0.58097684,0.08390645,0.07000000,0.00366300,-0.06497920,0.09598337,-0.10595332,-0.01229746,2.75936556,-2.55516195,-0.58230197,0.08312923,0.00122106,0.15924506,
16854,3.92546487,1.51443934,20.53136063,6.00000000,0.12729493,-0.16274413,-0.24156919,0.58956414,-0.16274454,0.07000000,0.00366300,0.14610563,-0.23999999,0.23999999,-0.01229746,2.37015724,-2.83790541,0.59550124,-0.70095474,0.00122106,0.24342537,
16862,11.25052452,1.80533493,6.31758404,6.00000000,-0.32065430,0.39638671,0.25341105,-0.06821606,-0.28482056,0.07000000,0.00549451,-0.01237790,-0.23999999,0.23999999,-0.01229746,0.26354474,-0.20943952,-0.06859255,-1.27902222,0.00122106,0.01211384,
16870,-4.52486992,-3.06925964,20.53136063,6.00000000,-0.35288087,0.44472656,0.12477138,-0.21210431,-0.32631463,0.07000000,0.00549451,0.25211856,0.23999999,-0.23999999,-0.01229746,-0.84648466,0.03490658,-0.21237290,1.03376424,0.00122106,-0.04742477,
16878,1.13981116,0.13657631,12.30069447,6.00000000,0.31743163,-0.40444335,-0.50107932,0.79668450,-0.40266171,0.07000000,0.00549451,0.18796861,0.23320718,-0.20822780,-0.01229746,0.26005405,-0.86917394,0.79559100,0.01617837,0.00122106,0.10484112,
16886,4.64731646,3.49683833,0.39313212,6.00000000,0.34643555,-0.36899415,0.01780849,0.33358246,-0.35367042,0.07000000,0.00549451,0.15935460,-0.18954474,0.21014369,-0.01229746,2.42251706,-2.94087982,0.35005009,-0.27321357,0.00122106,0.22926144,
16894,4.99447584,0.96137881,-0.93684691,6.00000000,-0.25620118,0.35771483,-0.07152408,-0.23422462,-0.34006098,0.07000000,0.00366300,-0.05165182,-0.23999999,0.23999999,-0.01229746,2.12755632,-1.97571266,-0.22785059,-0.44598165,0.00122106,0.13812616,
16901,-1.65901065,1.22952938,9.86938286,5.00000000,-0.34160155,0.44150391,-0.04104831,-0.35103899,-0.20032941,0.07000000,0.00366300,-0.19297659,-0.07089426,0.04401178,-0.01229746,0.39968041,0.23736478,-0.35145468,-0.00294575,0.00122106,-0.02201012,
16910,-1.63028014,1.32888877,7.88458920,6.00000000,-0.10957031,0.09667969,-0.39913487,0.67142326,-0.17657308,0.07000000,0.00366300,0.01271696,-0.00163939,0.00316322,-0.01229746,-0.57246798,0.52883476,0.66803873,-0.09963778,0.00122106,0.00957183,
16918,1.03446627,2.30931425,6.32955503,6.00000000,-0.01611328,0.00966797,-0.38856971,0.87187368,-0.21487260,0.07000000,0.00549451,-0.21802610,-0.01524240,-0.01487517,-0.01229746,0.02268928,0.69115037,0.87622964,-0.13430201,0.00122106,0.04254522,
16926,2.65773511,-0.09326705,7.01788807,6.00000000,-0.01933594,-0.01933594,0.14705452,0.93276608,-0.20206673,0.07000000,0.00549451,-0.19984005,-0.14630625,0.11862844,-0.01229746,0.31939524,0.32463124,0.93567461,-0.24675985,0.00122106,0.07111583,
16934,4.78378630,-0.95278543,9.08767605,6.00000000,-0.21269532,0.20302734,0.12681377,0.75510973,-0.25130811,0.07000000,0.00549451,-0.06514838,-0.23999999,0.23999999,-0.01229746,-0.57421333,0.77318084,0.75631076,-0.46243334,0.00122106,0.00629682,
16942,1.96341658,-1.32388675,16.77186584,6.00000000,-0.35932618,0.42700195,0.08887415,0.74387503,-0.18341359,0.07000000,0.00549451,-0.31976503,-0.23999999,0.21142307,-0.01229746,-1.06465089,2.12755632,0.73684663,-0.25189543,0.00122106,-0.06543872,
16950,2.41352654,-1.64710391,17.16810608,6.00000000,-0.35771483,0.38349611,-0.37493998,1.39235759,-0.09612931,0.07000000,0.00366300,-0.24997637,-0.23999999,0.23999999,-0.01229746,-2.62322998,3.43306255,1.38791442,-0.52730107,0.00122106,-0.12607326,
16958,3.55196929,3.03236318,14.90917683,6.00000000,-0.36738282,0.44472656,-0.38823166,1.81855738,-0.04607545,0.07000000,0.00366300,-0.59209216,-0.23999999,0.23999999,-0.01229746,-3.96189737,5.88699532,1.80173671,-0.58090913,0.00122106,-0.23323599,
16966,0.33535942,0.25748351,17.07832336,6.00000000,-0.34965819,0.44472656,-0.15686354,2.25991130,-0.09433248,0.07000000,0.00366300,-0.38348466,-0.19002736,0.13905643,-0.01229746,-5.68628263,6.91324949,2.23994160,-0.31089741,0.00122106,-0.31020886,
16973,1.55640233,1.49049735,13.40920925,5.00000000,-0.29326171,0.24975586,-0.08322666,2.70032215,-0.27514032,0.07000000,0.00366300,-0.43489099,-0.20654948,0.14893560,-0.01229746,-6.91848516,8.32522011,2.68321252,-0.35424975,0.00122106,-0.37716961,
16982,1.44028354,-0.32670170,10.11239433,6.00000000,-0.30131835,0.27553710,0.34756789,3.01738644,-0.41421545,0.07000000,0.00366300,-0.26204360,0.09725685,-0.13103484,-0.01229746,-8.42644978,9.27118874,3.01545310,-0.16246806,0.00122106,-0.44404405,
16990,-0.34938228,-0.76484060,10.18781090,6.00000000,0.12246094,-0.20786133,0.29927751,3.28339887,-0.50868207,0.07000000,0.00549451,-0.10055768,0.23999999,-0.23999999,-0.01229746,-7.58869123,7.93426704,3.27990890,-0.08910233,0.00122106,-0.34404540,
16998,3.94102716,-1.87455308,0.27581623,6.00000000,0.33354491,-0.40605468,0.32638094,3.13375998,-0.43785661,0.07000000,0.00549451,0.18815845,-0.01656262,0.04330787,-0.01229746,-5.84510756,5.25518656,3.17144847,-0.37047368,0.00122106,-0.17946301,
17006,2.27226853,-0.24051045,0.68163341,6.00000000,-0.01772461,0.06123047,-0.14546542,2.39268064,-0.32873848,0.07000000,0.00549451,0.17217761,0.16452903,-0.14045842,-0.01229746,-4.17133713,3.60585046,2.43041110,-0.16798386,0.00122106,-0.11041442,
17014,2.75709438,0.90990347,3.70311594,6.00000000,0.24814454,-0.24169922,-0.30695453,2.01456666,-0.18434581,0.07000000,0.00549451,0.10539779,0.00001471,0.01471024,-0.01229746,-3.21664190,2.88328385,2.03670955,-0.24522252,0.00122106,-0.07850420,
17022,2.26269174,0.71118474,6.29843044,6.00000000,0.00322266,0.01772461,-0.16140634,1.26947439,-0.17423779,0.07000000,0.00549451,0.06983498,0.07004458,-0.06056068,-0.01229746,-2.16071773,1.94429684,1.28071022,-0.10548976,0.00122106,-0.05687528,
17030,4.60900927,2.45775485,6.17632627,6.00000000,0.09667969,-0.09506836,-0.11780994,0.79478103,-0.14137383,0.07000000,0.00549451,0.02139993,-0.23999999,0.23999999,-0.01229746,-1.89717281,1.82910514,0.80341405,-0.45683646,0.00122106,-0.08005460,
17038,4.29896021,0.87399042,8.01986122,6.00000000,-0.33676758,0.40605468,0.10835801,0.21891615,-0.14245661,0.07000000,0.00549451,-0.19792020,-0.23999999,0.23999999,-0.01229746,-2.77507353,3.41386414,0.22006631,-0.41444379,0.00122106,-0.22048673,
17045,-1.46986866,-0.54816538,20.53136063,5.00000000,-0.35932618,0.45439452,0.23137751,0.12101410,-0.08320912,0.07000000,0.00549451,-0.34390932,-0.09494571,0.04810205,-0.01229746,-3.44702530,4.58148909,0.11875205,0.01611796,0.00122106,-0.29806086,
17054,0.27550438,-0.17466991,18.31253433,6.00000000,-0.15629883,0.10957031,-0.20603840,1.11279845,-0.07181164,0.07000000,0.00549451,-0.30193594,-0.23999999,0.23999999,-0.01229746,-4.14166641,5.11730576,1.11115682,-0.32656863,0.00122106,-0.26806635,
17062,5.15488720,1.00686860,10.24287796,6.00000000,-0.34160155,0.42055663,-0.08193922,1.04405761,-0.03963928,0.07000000,0.00366300,-0.38712043,-0.23999999,0.23999999,-0.01229746,-6.20464563,7.43684816,1.03916514,-0.58706045,0.00122106,-0.44275934,
17070,-5.13778543,0.23354149,20.34760666,6.00000000,-0.36899415,0.43505859,-0.04211057,1.22484517,-0.03125948,0.07000000,0.00366300,-0.38318175,0.23999999,-0.23999999,-0.01229746,-7.03193140,8.25540733,1.21341908,0.29446244,0.00122106,-0.48922127,
17078,0.10910735,1.77540743,11.32505703,6.00000000,0.32709962,-0.38349611,-0.00117894,1.96940696,-0.00774924,0.07000000,0.00549451,-0.34442919,-0.10043220,0.05450651,-0.01229746,-6.06851006,7.20646429,1.96359229,-0.19843671,0.00122106,-0.35734549,
17086,6.10179424,0.10186039,-2.38533902,6.00000000,-0.14340821,0.09990235,0.11815772,1.51394391,-0.08410857,0.07000000,0.00549451,-0.01135370,-0.23999999,0.23999999,-0.01229746,-5.65661240,5.68977356,1.54176116,-0.47315332,0.00122106,-0.31445491,
17094,1.46063423,-1.11798537,1.54115188,6.00000000,-0.33515626,0.41088867,0.19674888,1.39040053,-0.13832130,0.07000000,0.00366300,-0.07843200,-0.23999999,0.23999999,-0.01229746,-7.50840664,7.75973415,1.40737486,-0.31696707,0.00122106,-0.47575271,
17102,-4.51888466,-0.45239729,12.21210861,6.00000000,-0.36254883,0.44311523,0.07664643,1.51344037,-0.05955053,0.07000000,0.00366300,-0.17660299,0.23999999,-0.23999999,-0.01229746,-8.96750164,9.51728058,1.50221968,0.23810741,0.00122106,-0.58962500,
17110,-4.19686460,-0.86180580,10.09084606,6.00000000,0.33676758,-0.40927735,-0.09951556,2.28757691,-0.00012621,0.07000000,0.00366300,-0.20594589,0.23999999,-0.23999999,-0.01229746,-7.59043694,8.25191689,2.28610754,0.18570647,0.00122106,-0.42770597,
17117,2.39676714,0.72674704,-1.56412780,5.00000000,0.34965819,-0.41572267,-0.04963862,2.28217983,0.04848374,0.07000000,0.00366300,0.05888893,0.23999999,-0.23999999,-0.01229746,-5.05621910,4.85899639,2.31775022,-0.01612899,0.00122106,-0.19835052,
17126,1.09192717,0.38198200,2.76698303,6.00000000,0.33999023,-0.41088867,-0.11015496,1.72846329,0.02208191,0.07000000,0.00366300,0.37835521,0.23999999,-0.23999999,-0.01229746,-2.19562435,0.97389370,1.75140333,0.08578155,0.00122106,0.00877380,
17134,1.70723701,-0.38416255,7.72537470,6.00000000,0.35126954,-0.42539063,-0.02648623,0.97050083,0.01257296,0.07000000,0.00549451,0.55619240,0.23999999,-0.23999999,-0.01229746,0.48694685,-2.28987193,0.97429317,0.05671493,0.00122106,0.18110839,
17142,2.82054067,0.74590063,11.38012409,6.00000000,0.35932618,-0.43022460,-0.11395309,0.06788503,0.04267650,0.07000000,0.00549451,0.73671389,0.23186687,-0.13292044,-0.01229746,2.55167127,-4.92008305,0.06840450,0.02119922,0.00122106,0.28551796,
17150,6.34001732,1.13615549,13.66898060,6.00000000,0.34804687,-0.23847656,0.05922462,-0.88174301,0.03526193,0.07000000,0.00366300,0.75332189,-0.23999999,0.23999999,-0.01229746,3.91302824,-6.40361309,-0.87479061,-0.27017039,0.00122106,0.32641619,
17158,8.14165401,-0.99947238,14.42315388,6.00000000,-0.31582031,0.40444335,0.10040112,-2.00771546,-0.03591356,0.07000000,0.00366300,0.55480129,-0.23999999,0.23999999,-0.01229746,2.33350515,-4.11723137,-2.00305367,-0.52942455,0.00122106,0.09293902,
17166,1.95862818,-0.30275971,20.53136063,6.00000000,-0.35449219,0.42700195,0.19164430,-2.63742971,-0.07532220,0.07000000,0.00366300,0.11126012,-0.23999999,0.23999999,-0.01229746,-0.50265479,0.14486232,-2.60447812,-0.48401040,0.00122106,-0.22617809,
17174,-3.72041821,-3.12193227,20.47569656,6.00000000,-0.35126954,0.43505859,0.21631791,-2.08280182,0.03478517,0.07000000,0.00366300,0.08845702,-0.23999999,0.23999999,-0.01229746,-2.15548158,1.86924756,-2.05339265,0.15486813,0.00122106,-0.30968103,
17182,1.29902565,0.06714447,12.51377869,6.00000000,-0.35449219,0.41733399,-0.37252772,-1.36059999,0.12932658,0.07000000,0.00366300,-0.26338089,-0.23999999,0.23999999,-0.01229746,-3.73849511,4.59894276,-1.35541725,-0.29762965,0.00122106,-0.41867560,
17189,-3.99096298,0.60943115,10.16267204,5.00000000,-0.36093751,0.42216796,-0.18157376,-0.62855160,0.22661878,0.07000000,0.00366300,-0.37113500,-0.18590119,0.13569716,-0.01229746,-5.25518656,6.49960613,-0.62989843,0.10715705,0.00122106,-0.49611950,
17198,-2.49219275,1.45458436,4.56622553,6.00000000,-0.27231446,0.25458986,-0.14528082,0.31025875,0.14529335,0.07000000,0.00366300,-0.35279998,-0.14159308,0.09446277,-0.01229746,-7.09476328,8.22224617,0.30177712,0.04310046,0.00122106,-0.56096494,
17206,-4.37164116,1.71555233,2.03076601,6.00000000,-0.20947266,0.16757813,0.34499943,0.85084403,0.11352889,0.07000000,0.00366300,-0.19009046,0.23999999,-0.23999999,-0.01229746,-8.39503384,9.01637077,0.84945047,0.41843694,0.00122106,-0.59702325,
17214,-3.12306499,-0.12199747,0.71036386,6.00000000,0.32709962,-0.39799803,0.42829645,1.42951238,0.01873043,0.07000000,0.00366300,0.08699274,0.23999999,-0.23999999,-0.01229746,-7.15061426,6.88008833,1.43885159,0.42502862,0.00122106,-0.42495441,
17222,0.99975038,-1.17784047,-3.84221077,6.00000000,0.33193359,-0.40766603,0.46159428,1.40109384,0.03243739,0.07000000,0.00366300,0.32972449,0.23999999,-0.23999999,-0.01229746,-3.94968009,2.91295433,1.42864013,0.13768536,0.00122106,-0.15662730,
17230,1.07995617,-1.87096179,0.21117279,6.00000000,0.34643555,-0.41894531,0.04075825,1.05144906,0.09883398,0.07000000,0.00366300,0.49193829,0.23999999,-0.23999999,-0.01229746,-0.94596845,-0.65973443,1.06452394,0.07544923,0.00122106,0.06585188,
17238,0.99017358,-1.72730970,6.81677532,6.00000000,0.35449219,-0.43183595,-0.31192598,0.46305326,0.26159626,0.07000000,0.00549451,0.58201224,0.23999999,-0.23999999,-0.01229746,1.56905103,-3.42957187,0.45919377,0.21648166,0.00122106,0.22414050,
17246,3.39874053,1.06911790,11.11077595,6.00000000,0.35288087,-0.43183595,-0.51989043,-0.30248535,0.35863486,0.07000000,0.00549451,0.70875329,0.23999999,-0.23999999,-0.01229746,3.72976851,-5.97949791,-0.29840922,0.15859847,0.00122106,0.34364897,
17254,6.78294468,3.06348801,16.04522514,6.00000000,0.35771483,-0.43344727,-0.04329982,-1.18649864,0.32358950,0.07000000,0.00549451,0.93037617,-0.23999999,0.23999999,-0.01229746,5.16442919,-8.19083023,-1.16564250,-0.23444909,0.00122106,0.41952193,
17261,9.72422123,1.36480176,20.20634842,5.00000000,-0.31582031,0.39477539,0.10670149,-2.48253155,0.17646383,0.07000000,0.00549451,1.06239295,-0.23999999,0.23999999,-0.01229746,3.74547672,-7.18202972,-2.44749117,-0.46005106,0.00122106,0.22940551,
17270,4.63295126,-1.25804615,20.53136063,6.00000000,-0.35288087,0.41088867,0.53089023,-3.34116960,0.05179006,0.07000000,0.00549451,0.60483992,-0.23999999,0.23999999,-0.01229746,-0.08552113,-1.87797427,-3.30012798,-0.76150215,0.00122106,-0.19321266,
17278,-3.36966777,-5.01574564,20.53136063,6.00000000,-0.35932618,0.43344727,0.19985060,-2.95981693,0.15670165,0.07000000,0.00549451,0.28101072,-0.23999999,0.23999999,-0.01229746,-1.42069805,0.51836282,-2.93971276,-0.10320240,0.00122106,-0.29536983,
17286,2.30099893,0.41550082,13.68095112,6.00000000,-0.35126954,0.41411132,-0.51491719,-1.86442876,0.27255753,0.07000000,0.00549451,-0.10403955,-0.23999999,0.23999999,-0.01229746,-2.96182370,3.30390835,-1.84705174,-0.21559960,0.00122106,-0.38164854,
17294,-3.46423864,0.50288916,10.13035011,6.00000000,-0.35126954,0.42055663,-0.32814029,-1.35786414,0.35724068,0.07000000,0.00366300,-0.23365387,-0.23999999,0.23999999,-0.01229746,-4.85201550,5.58679914,-1.31303239,0.10830322,0.00122106,-0.49747685,
17302,-2.15101910,2.70076632,2.71790195,6.00000000,-0.35288087,0.42055663,-0.35154694,-0.35191679,0.28479964,0.07000000,0.00366300,-0.39716923,-0.23999999,0.23999999,-0.01229746,-7.06334782,8.34790993,-0.36911237,0.00851926,0.00122106,-0.61647671,
17310,-2.80583310,2.45536065,1.01801872,6.00000000,-0.35610351,0.41572267,0.19928527,0.28704062,0.24870522,0.07000000,0.00366300,-0.50235248,-0.05520090,-0.01189139,-0.01229746,-9.22581005,10.80882359,0.27550840,0.17457251,0.00122106,-0.74443519,
17318,-3.92631960,0.23354149,0.41587704,6.00000000,-0.08217774,-0.00805664,0.38843703,1.06603086,0.15813065,0.07000000,0.00366300,-0.33637291,0.23999999,-0.23999999,-0.01229746,-10.40914440,11.50346470,1.06896675,0.43198001,0.00122106,-0.75046933,
17326,-1.25917888,0.24072409,-1.77481747,6.00000000,0.33515626,-0.41249999,0.49393284,1.48723471,0.11474451,0.07000000,0.00366300,-0.07418045,0.23999999,-0.23999999,-0.01229746,-8.85405540,9.08269405,1.50280845,0.43000400,0.00122106,-0.56885922,
17333,-2.36051178,-0.51943493,0.29496986,5.00000000,0.34160155,-0.41411132,0.45388085,1.47949517,0.10114428,0.07000000,0.00366300,0.15295477,0.23999999,-0.23999999,-0.01229746,-5.44891834,4.94800854,1.55822635,0.52049798,0.00122106,-0.27913496,
17342,-0.65823430,-2.30790353,2.84240055,6.00000000,0.34482422,-0.41733399,-0.00237643,1.30805969,0.25436249,0.07000000,0.00366300,0.34005427,0.23999999,-0.23999999,-0.01229746,-2.26543736,1.15366256,1.32096672,0.31626883,0.00122106,-0.02963424,
17350,3.68365049,-1.09524047,8.50468731,6.00000000,0.35126954,-0.42055663,-0.44393882,0.47345755,0.38030070,0.07000000,0.00366300,0.46156025,0.20560759,-0.14337079,-0.01229746,0.65973443,-2.15024567,0.47340465,0.00970870,0.00122106,0.14539187,
17358,5.66006422,0.16410963,13.37209988,6.00000000,0.30131835,-0.26586914,-0.69974291,-0.40683523,0.46819082,0.07000000,0.00366300,0.50241745,0.08812296,-0.02086409,-0.01229746,2.24274802,-3.86241364,-0.40811661,0.01340613,0.00122106,0.20417567,
17366,11.26967812,2.07587981,15.70644665,6.00000000,0.14985351,-0.05317383,-0.07552175,-1.36302018,0.36937594,0.07000000,0.00366300,0.46656561,-0.23999999,0.23999999,-0.01229746,2.25671077,-3.76816583,-1.34759772,-0.69877303,0.00122106,0.12654594,
17374,7.75618744,2.60978675,20.53136063,6.00000000,-0.31904298,0.40927735,0.24968238,-2.47732329,0.14236905,0.07000000,0.00366300,0.56068343,-0.23999999,0.23999999,-0.01229746,-0.62831855,-1.16937065,-2.44170809,-0.58102286,0.00122106,-0.16344665,
17382,-3.07996941,-2.92321348,20.53136063,6.00000000,-0.35288087,0.44311523,0.48802501,-2.58229375,-0.05567877,0.07000000,0.00366300,0.48725548,-0.23999999,0.23999999,-0.01229746,-2.03330851,0.44680429,-2.55916977,-0.25318962,0.00122106,-0.28821322,
17390,3.68245339,-1.92961979,14.92593670,6.00000000,-0.35771483,0.40927735,-0.11268058,-1.50941753,-0.03169983,0.07000000,0.00366300,0.09335583,-0.23999999,0.23999999,-0.01229746,-3.82925224,3.54650903,-1.49861288,-0.46969718,0.00122106,-0.39492464,
17398,-4.08433676,-0.47514221,12.60834885,6.00000000,-0.36254883,0.42861328,0.07463209,-0.86911476,0.12646480,0.07000000,0.00366300,-0.24166016,-0.08654271,0.05382134,-0.01229746,-5.00909472,5.81543732,-0.86804640,0.19763693,0.00122106,-0.48090333,
17405,-3.69767332,-1.79315031,4.69670963,5.00000000,-0.14179687,0.09990235,-0.33515731,0.00814158,0.11920546,0.07000000,0.00366300,-0.26755416,-0.02786389,-0.00792660,-0.01229746,-6.16101217,7.05113029,0.00554597,0.14010838,0.00122106,-0.50369233,
17414,-1.88167131,3.20354867,-0.57532245,6.00000000,-0.04833984,0.00000000,0.05671587,0.56731081,0.14760448,0.07000000,0.00366300,-0.14560427,0.19297944,-0.21203591,-0.01229746,-6.19940948,6.65668583,0.56081641,0.20749599,0.00122106,-0.44746074,
17422,-3.36487937,1.15530908,-3.17183423,6.00000000,0.26748046,-0.35449219,0.26326922,0.93718857,0.04755181,0.07000000,0.00366300,0.19012290,0.23999999,-0.23999999,-0.01229746,-4.81187296,4.22369671,0.94558835,0.44429335,0.00122106,-0.27083844,
17430,-1.32861078,1.04996431,-5.07283020,6.00000000,0.33676758,-0.41249999,0.34753025,0.97932440,-0.01222816,0.07000000,0.00366300,0.48451465,0.23999999,-0.23999999,-0.01229746,-2.00712872,0.45378560,0.99994248,0.35624024,0.00122106,-0.01679721,
17438,0.55562598,-1.39092433,-0.89016002,6.00000000,0.34321290,-0.41411132,0.28663418,0.73346484,0.02017295,0.07000000,0.00366300,0.51554459,0.23999999,-0.23999999,-0.01229746,1.16413450,-2.82743335,0.74220592,0.12068263,0.00122106,0.20903996,
17446,0.93510693,-2.28156734,3.89106083,6.00000000,0.35771483,-0.41572267,-0.05089377,0.27139279,0.13573700,0.07000000,0.00366300,0.63886470,0.23999999,-0.23999999,-0.01229746,3.51509309,-5.57981777,0.26581767,0.12157172,0.00122106,0.36431354,
17454,4.61978340,-0.80195075,7.69903851,6.00000000,0.35610351,-0.42216796,-0.39821187,-0.34856507,0.31007120,0.07000000,0.00366300,0.72745073,0.23999999,-0.16034573,-0.01229746,5.68628263,-8.05644035,-0.35346967,0.02597210,0.00122106,0.49627763,
17462,7.43895578,1.52401626,15.34971046,6.00000000,0.35771483,-0.29003906,-0.49307081,-1.23326802,0.37940848,0.07000000,0.00366300,0.66389900,-0.00299308,0.09108648,-0.01229746,7.36703491,-9.49284649,-1.22093320,-0.06893425,0.00122106,0.54926342,
17470,14.40249157,0.90391797,18.64413261,6.00000000,0.01127930,0.13374023,-0.01557817,-2.47538853,0.33228695,0.07000000,0.00366300,0.37028059,-0.23999999,0.23999999,-0.01229746,6.82249212,-8.01978779,-2.44658852,-0.78903866,0.00122106,0.37680969,
17477,10.71901226,2.25783896,20.53136063,5.00000000,-0.32065430,0.38188475,0.28164354,-3.32575440,0.15609579,0.07000000,0.00366300,0.33056381,-0.23999999,0.23999999,-0.01229746,3.43655324,-4.50469494,-3.26758647,-0.92777675,0.00122106,0.05042869,
17486,4.05954027,-0.71097106,20.53136063,6.00000000,-0.36738282,0.43183595,0.51478374,-3.44215488,-0.08660658,0.07000000,0.00366300,0.30711371,-0.23999999,0.23999999,-0.01229746,0.36651915,-1.36659288,-3.39093494,-0.62786734,0.00122106,-0.18592052,
17494,0.08277114,-4.55486202,18.73630905,6.00000000,-0.36416015,0.43022460,-0.06630330,-2.13700533,-0.13309015,0.07000000,0.00366300,-0.02763811,-0.23999999,0.23999999,-0.01229746,-1.15889859,1.26187313,-2.11201096,-0.24972925,0.00122106,-0.25049901,
17502,-1.54408896,-0.05855112,10.91445160,6.00000000,-0.34804687,0.42539063,-0.09911847,-1.20020258,-0.01415850,0.07000000,0.00366300,-0.26679993,-0.23999999,0.23999999,-0.01229746,-2.68780708,3.52207446,-1.21335578,-0.06355146,0.00122106,-0.32665434,
17510,-3.25594306,0.14016762,4.39863157,6.00000000,-0.35449219,0.41733399,-0.41822150,-0.33302402,0.07950339,0.07000000,0.00366300,-0.33883089,-0.21734992,0.17155223,-0.01229746,-4.93055534,6.02836704,-0.34228384,0.02928663,0.00122106,-0.44026321,
17518,-2.27432036,2.37754917,1.17843032,6.00000000,-0.31582031,0.30292970,-0.20275363,0.43361557,0.06871664,0.07000000,0.00366300,-0.47274047,-0.16909711,0.10567111,-0.01229746,-6.86612511,8.38456154,0.42294914,0.01083950,0.00122106,-0.55091453,
17526,-3.90357471,1.83047402,-0.02465608,6.00000000,-0.24975586,0.19013672,0.17365681,1.07722807,0.00724809,0.07000000,0.00549451,-0.28767189,0.23999999,-0.23999999,-0.01229746,-8.62192631,9.54869556,1.07572651,0.29524323,0.00122106,-0.61194873,
17534,-2.69809413,0.52323991,0.10582791,6.00000000,0.32548827,-0.39477539,0.36057770,1.64020884,-0.06882909,0.07000000,0.00549451,0.00046889,0.23999999,-0.23999999,-0.01229746,-7.66199541,7.66199541,1.65257621,0.35389924,0.00122106,-0.45690289,
17542,-0.15545194,-0.53739148,-2.44998240,6.00000000,0.33676758,-0.40122071,0.49300942,1.74360800,-0.10561124,0.07000000,0.00549451,0.19098079,0.23999999,-0.23999999,-0.01229746,-4.11897707,3.57617950,1.77165759,0.25590223,0.00122106,-0.16194624,
17549,0.53527528,-2.16544867,2.07984710,5.00000000,0.34643555,-0.41572267,0.03605277,1.43534243,0.01602580,0.07000000,0.00549451,0.39986020,0.23999999,-0.23999999,-0.01229746,-1.33343160,0.05585054,1.45033860,0.16327940,0.00122106,0.06052358,
17558,4.25227356,-2.75322509,6.97239828,6.00000000,0.35771483,-0.42377931,-0.25608239,0.64947581,0.20902064,0.07000000,0.00549451,0.51763016,0.15310805,-0.08356984,-0.01229746,1.32994080,-3.00371170,0.64597493,-0.07557398,0.00122106,0.21814680,
17566,6.37593031,-1.42683744,12.07204819,6.00000000,0.22880860,-0.15146485,-0.64892638,-0.30154434,0.27147791,0.07000000,0.00366300,0.50032389,0.04453604,0.02240383,-0.01229746,2.63544726,-4.24813128,-0.31016952,-0.04153201,0.00122106,0.23964694,
17574,10.48557758,2.27459836,15.93389511,6.00000000,0.08378907,0.01611328,-0.13512148,-1.10500240,0.22570285,0.07000000,0.00366300,0.15158042,-0.23999999,0.23999999,-0.01229746,2.97753191,-3.46273303,-1.08958757,-0.66106486,0.00122106,0.16228428,
17582,8.63007164,0.23354149,20.53136063,6.00000000,-0.32065430,0.43183595,0.25080782,-2.17026615,0.07382894,0.07000000,0.00366300,0.46762985,-0.23999999,0.23999999,-0.01229746,0.12217305,-1.63362813,-2.14883757,-0.69167066,0.00122106,-0.09682736,
17590,1.00693297,-1.30473316,20.53136063,6.00000000,-0.34965819,0.43022460,0.30691203,-1.85180068,-0.17881332,0.07000000,0.00366300,0.35156870,-0.23999999,0.23999999,-0.01229746,-1.42244339,0.27750733,-1.82353234,-0.45799273,0.00122106,-0.20666382,
17598,2.42549753,-1.57408082,16.84369278,6.00000000,-0.36416015,0.42861328,0.10379049,-1.04649615,-0.04823352,0.07000000,0.00366300,0.10196981,-0.23999999,0.23999999,-0.01229746,-3.29169106,2.97404099,-1.03303194,-0.47386459,0.00122106,-0.32029888,
17606,-2.10433221,-1.10122597,12.24443054,6.00000000,-0.35288087,0.43344727,-0.16739149,-0.22038595,-0.01468975,0.07000000,0.00366300,-0.09484106,-0.17112187,0.15849946,-0.01229746,-4.78045654,5.11032391,-0.22053808,0.02157512,0.00122106,-0.39596546,
17614,-2.73041582,-0.33867273,5.41257620,6.00000000,-0.25297850,0.29809570,-0.29871103,0.57273430,0.03921592,0.07000000,0.00366300,-0.15702775,-0.00725102,-0.01332556,-0.01229746,-6.34776258,6.84343624,0.57113373,0.06569287,0.00122106,-0.46081913,
17621,-1.60394394,2.87314892,0.69121021,5.00000000,-0.03222656,-0.01127930,-0.20288156,1.13833630,-0.03543560,0.07000000,0.00366300,-0.13797794,0.07453823,-0.09228744,-0.01229746,-6.78584003,7.23089886,1.14232981,0.04870997,0.00122106,-0.44698748,
17630,-2.27192616,1.24150038,-2.27041721,6.00000000,0.09184571,-0.15468749,0.21499079,1.52735543,-0.06900754,0.07000000,0.00366300,0.11667810,0.23999999,-0.23999999,-0.01229746,-5.87826872,5.51349497,1.54552889,0.27529815,0.00122106,-0.31571174,
17638,-2.21087408,1.62936103,-2.19499993,6.00000000,0.33032227,-0.41572267,0.23753245,1.69941330,-0.13515738,0.07000000,0.00366300,0.38313574,0.23999999,-0.23999999,-0.01229746,-3.86241364,2.63544726,1.72486830,0.34106767,0.00122106,-0.12421218,
17646,-0.02975635,-1.15748966,-0.18387049,6.00000000,0.34482422,-0.42216796,0.31566629,1.33465695,-0.07426935,0.07000000,0.00366300,0.50951511,0.23999999,-0.23999999,-0.01229746,-0.61261052,-0.97912967,1.35362971,0.17064895,0.00122106,0.11709379,
17654,0.87166059,-1.93919659,3.34398580,6.00000000,0.34643555,-0.42055663,0.03565083,0.90437335,-0.01747338,0.07000000,0.00366300,0.60140193,0.23999999,-0.23999999,-0.01229746,1.99491143,-3.98284125,0.90799820,0.11879186,0.00122106,0.30203241,
17662,4.24030256,-2.14030957,6.36666536,6.00000000,0.35610351,-0.42539063,-0.20929725,0.40808943,0.13722332,0.07000000,0.00366300,0.70003933,0.23999999,-0.18084282,-0.01229746,4.30747271,-6.57290983,0.39932829,-0.03687812,0.00122106,0.44296926,
17670,7.50120497,-0.06812793,11.00064278,6.00000000,0.35610351,-0.33676758,-0.46448568,-0.35597169,0.23822090,0.07000000,0.00366300,0.64036828,0.05257517,0.03277324,-0.01229746,6.20464563,-8.29205894,-0.35865337,-0.12635425,0.00122106,0.52307367,
17678,11.76168728,1.15530908,16.07395554,6.00000000,0.10312500,0.04189453,0.02907161,-1.13782084,0.21665481,0.07000000,0.00366300,0.49972618,-0.23999999,0.23999999,-0.01229746,6.21686316,-7.83129263,-1.12600994,-0.67984670,0.00122106,0.44805604,
17686,13.02941704,1.86159861,20.53136063,6.00000000,-0.31743163,0.39477539,0.27061340,-1.91830719,0.00547882,0.07000000,0.00366300,0.30586168,-0.23999999,0.23999999,-0.01229746,3.06828880,-4.05090952,-1.88426661,-1.11851799,0.00122106,0.12840006,
17693,6.53634167,-1.89370668,20.53136063,5.00000000,-0.34965819,0.42377931,0.65179402,-2.17812371,-0.06158742,0.07000000,0.00366300,0.42536470,-0.23999999,0.23999999,-0.01229746,-0.38222709,-1.00530958,-2.15086102,-0.71447599,0.00122106,-0.13759646,
17702,-0.55408651,-4.34656620,19.70476341,6.00000000,-0.35288087,0.41733399,-0.18868288,-0.95504004,-0.09230880,0.07000000,0.00366300,-0.00450224,-0.23999999,0.23999999,-0.01229746,-1.87622893,1.87797427,-0.94585526,-0.13248026,0.00122106,-0.21083587,
17710,-0.75160813,1.69280744,13.54448223,6.00000000,-0.36254883,0.42700195,-0.42241263,-0.27582285,0.13752279,0.07000000,0.00366300,-0.26327693,-0.23999999,0.23999999,-0.01229746,-3.33008838,4.19228077,-0.27885741,-0.12546788,0.00122106,-0.30936450,
17718,-2.51374054,0.44782254,6.63242197,6.00000000,-0.35449219,0.42216796,-0.34616432,0.62275839,0.14727765,0.07000000,0.00366300,-0.36126634,-0.14096232,0.09248790,-0.01229746,-5.40179396,6.59734440,0.62078249,-0.04361695,0.00122106,-0.40957808,
17726,-2.10193801,3.47050214,2.78254533,6.00000000,-0.21269532,0.16435547,-0.15351740,1.33542371,0.11923354,0.07000000,0.00366300,-0.27814209,-0.00200842,-0.03467599,-0.01229746,-7.06160212,7.95346546,1.33148575,-0.01498333,0.00122106,-0.47360429,
17734,-2.98539829,1.61499584,0.39313212,6.00000000,-0.00483398,-0.04350586,0.27276212,1.80551779,0.04378993,0.07000000,0.00366300,-0.10511136,0.23999999,-0.23999999,-0.01229746,-7.33387375,7.68468428,1.81913090,0.27762190,0.00122106,-0.43562293,
17742,-2.18693209,-0.14474238,-0.24013424,6.00000000,0.33515626,-0.40444335,0.39876908,2.15959525,-0.02369570,0.07000000,0.00549451,0.16395020,0.23999999,-0.23999999,-0.01229746,-5.40877533,4.85550642,2.18296766,0.32897499,0.00122106,-0.22210822,
17750,0.44908398,-2.28874993,-2.33146954,6.00000000,0.33999023,-0.41894531,0.30620500,2.04179716,-0.00751897,0.07000000,0.00549451,0.32315716,0.23999999,-0.23999999,-0.01229746,-2.22704005,1.16587996,2.07429123,0.14657046,0.00122106,0.02613027,
17758,1.11347497,-2.66583681,2.49643826,6.00000000,0.35126954,-0.43183595,-0.06663334,1.53166342,0.09988637,0.07000000,0.00549451,0.34384811,0.23999999,-0.23999999,-0.01229746,0.90931654,-2.02458191,1.54466128,0.11005037,0.00122106,0.22773992,
17765,2.69484520,-2.10679078,6.51749992,5.00000000,0.34804687,-0.41733399,-0.32947823,0.87340003,0.20439859,0.07000000,0.00549451,0.48433533,0.23999999,-0.23999999,-0.01229746,2.97753191,-4.55356407,0.87381774,0.05848797,0.00122106,0.35513625,
17774,6.02996826,1.18164539,11.16584301,6.00000000,0.35288087,-0.42539063,-0.48554620,-0.15173140,0.31102726,0.07000000,0.00549451,0.60557067,0.09836240,-0.01774636,-0.01229746,5.11905050,-7.09476328,-0.14893162,-0.09515690,0.00122106,0.45287764,
17782,12.00110722,1.43902206,13.06803608,6.00000000,0.15468749,-0.05800781,0.18566953,-1.20020711,0.27351007,0.07000000,0.00366300,0.59356385,-0.23999999,0.23999999,-0.01229746,5.47335243,-7.40194130,-1.19004595,-0.77989084,0.00122106,0.40114203,
17790,12.38896751,1.45338726,18.91946411,6.00000000,-0.31420898,0.39155275,0.49537265,-2.26924539,0.08641328,0.07000000,0.00366300,0.46311462,-0.23999999,0.23999999,-0.01229746,2.63021111,-4.12421322,-2.23763585,-1.08462071,0.00122106,0.08669692,
17798,1.03326917,-2.93877578,20.53136063,6.00000000,-0.35449219,0.43022460,0.75459445,-2.37879682,-0.01317893,0.07000000,0.00366300,0.47973472,-0.23999999,0.23999999,-0.01229746,0.35779250,-1.90066361,-2.35687733,-0.42274827,0.00122106,-0.08767424,
17806,1.85807168,-5.22044992,18.71475983,6.00000000,-0.35126954,0.41572267,-0.07592614,-0.95246661,0.04393880,0.07000000,0.00366300,0.16731721,-0.23999999,0.23999999,-0.01229746,-1.69646001,1.15017200,-0.94673538,-0.36630166,0.00122106,-0.18273875,
17814,-2.04447699,0.68843979,14.06402397,6.00000000,-0.36093751,0.43022460,-0.31488961,-0.26265547,0.22364274,0.07000000,0.00366300,-0.09143154,-0.06009227,0.04762784,-0.01229746,-3.09446883,3.39466548,-0.25765312,0.06581643,0.00122106,-0.26715904,
17822,-2.88723612,-0.46077701,6.82156372,6.00000000,-0.09184571,0.10634766,-0.55735201,0.63560295,0.25571963,0.07000000,0.00366300,-0.00950613,0.08583930,-0.08669723,-0.01229746,-4.34063387,4.38775778,0.63453734,0.06226204,0.00122106,-0.28460935,
17830,-0.56246620,3.14369369,-0.22936033,6.00000000,0.12084961,-0.14018555,-0.16821910,1.10842824,0.17446053,0.07000000,0.00366300,0.06988761,0.20074767,-0.19077563,-0.01229746,-3.75943899,3.55872631,1.11771500,0.05296668,0.00122106,-0.19403222,
17837,-2.22883058,3.11616039,-2.96593285,5.00000000,0.28037110,-0.32065430,0.21137357,1.26671314,0.08349684,0.07000000,0.00366300,0.26887196,0.23999999,-0.23999999,-0.01229746,-2.32477856,1.45734990,1.28995001,0.28379285,0.00122106,-0.04459669,
17846,-1.60753524,1.60422194,-1.55095971,6.00000000,0.33999023,-0.41411132,0.60973239,1.09568572,-0.06904955,0.07000000,0.00366300,0.42415008,0.23999999,-0.23999999,-0.01229746,0.79936081,-2.22180414,1.12097180,0.21033451,0.00122106,0.20118302,
17854,0.40119997,-1.79554451,0.15012065,6.00000000,0.35126954,-0.42216796,0.46390930,0.77796179,0.01790026,0.07000000,0.00366300,0.54621595,0.23999999,-0.23999999,-0.01229746,3.36673999,-5.13126802,0.78606343,0.00864747,0.00122106,0.38613248,
17862,2.48774672,-2.96152067,3.67079425,6.00000000,0.34965819,-0.41894531,0.10786899,0.35820726,0.14781615,0.07000000,0.00366300,0.62365758,0.21800202,-0.13465191,-0.01229746,5.78751183,-7.78591394,0.34716970,-0.10032215,0.00122106,0.54549503,
17870,5.43141794,-1.89729798,7.80917168,6.00000000,0.32709962,-0.25620118,-0.22995502,-0.19746694,0.29105252,0.07000000,0.00366300,0.52856231,0.08357331,-0.01362950,-0.01229746,7.68468428,-9.41256046,-0.20910865,-0.15248965,0.00122106,0.63545692,
17878,9.54705048,-0.63794792,14.06043243,6.00000000,0.13374023,-0.04028320,-0.28085208,-0.71937340,0.33551300,0.07000000,0.00366300,0.22831625,-0.23999999,0.23999999,-0.01229746,8.10879993,-8.83485699,-0.72031927,-0.47301984,0.00122106,0.59116703,
17886,12.54937935,2.81927943,18.87517166,6.00000000,-0.32226563,0.38349611,0.12788488,-1.02638924,0.22695448,0.07000000,0.00366300,-0.17111409,-0.23999999,0.23999999,-0.01229746,5.80845547,-5.20457220,-1.00606012,-1.08768344,0.00122106,0.34289792,
17894,6.98046637,-0.77800876,20.53136063,6.00000000,-0.33193359,0.43828124,0.33607244,-1.27896059,0.15614800,0.07000000,0.00366300,0.27991176,-0.23999999,0.23999999,-0.01229746,1.21823990,-2.12232041,-1.26329935,-0.55008483,0.00122106,0.03480706,
17902,2.37881064,-0.37099445,20.53136063,6.00000000,-0.35771483,0.42700195,-0.38918313,-0.52655989,-0.06615116,0.07000000,0.00366300,0.05901074,-0.23999999,0.23999999,-0.01229746,-0.67020649,0.48520151,-0.50949568,-0.28926811,0.00122106,-0.07874655,
17909,-0.95750952,2.61577225,17.10705376,5.00000000,-0.35126954,0.42861328,0.00323483,0.25652143,0.13873567,0.07000000,0.00366300,-0.27522206,-0.16041633,0.12292963,-0.01229746,-1.91113555,2.81870675,0.26345557,-0.09682512,0.00122106,-0.15928444,
17918,-0.92638487,-0.82469565,9.19062614,6.00000000,-0.24492188,0.23686524,-0.06533594,0.90720493,0.05371643,0.07000000,0.00366300,-0.15577018,-0.13380656,0.11307225,-0.01229746,-3.83623385,4.35634184,0.90835285,-0.13672891,0.00122106,-0.24420467,
17926,-2.34854078,1.65330315,4.87986612,6.00000000,-0.20786133,0.21430664,0.12757416,1.46070778,0.05032007,0.07000000,0.00366300,-0.16516444,0.23999999,-0.23999999,-0.01229746,-4.56403589,5.10857916,1.46518826,0.12562793,0.00122106,-0.25622112,
17934,-2.40241027,-0.04059461,2.25222969,6.00000000,0.33032227,-0.40444335,0.10768101,2.00337005,0.02413315,0.07000000,0.00366300,0.10321393,0.23999999,-0.23999999,-0.01229746,-3.44004416,3.11366725,2.01722527,0.19410595,0.00122106,-0.09800866,
17942,-0.35177648,0.98532081,-4.16782188,6.00000000,0.33032227,-0.41249999,0.27711457,1.98856497,0.00924534,0.07000000,0.00366300,0.30880529,0.23999999,-0.23999999,-0.01229746,-0.36128318,-0.62831855,2.02839684,0.20988438,0.00122106,0.16502109,
17950,1.07397068,-0.65351027,-1.54258001,6.00000000,0.34804687,-0.43022460,0.12476001,1.60047376,-0.01957359,0.07000000,0.00366300,0.37634787,0.23999999,-0.23999999,-0.01229746,2.44869709,-3.68264461,1.62974262,0.08708891,0.00122106,0.35515088,
17958,1.31817925,-1.91166329,2.25222969,6.00000000,0.34482422,-0.43344727,-0.01164265,1.08842349,0.09787467,0.07000000,0.00366300,0.58454162,0.23999999,-0.23999999,-0.01229746,4.68097305,-6.53102207,1.09763575,0.06119470,0.00122106,0.51207066,
17966,2.79779577,-0.65231317,6.51151466,6.00000000,0.35288087,-0.42539063,-0.22319995,0.42101237,0.19450836,0.07000000,0.00366300,0.65007222,0.23999999,-0.23999999,-0.01229746,6.82772827,-8.93434048,0.42079329,0.05547927,0.00122106,0.63087755,
17974,5.16925287,0.41909212,9.47673321,6.00000000,0.35449219,-0.42216796,-0.25177866,-0.40678844,0.25706151,0.07000000,0.00366300,0.75559062,0.20894405,-0.10839799,-0.01229746,8.82263947,-11.23992062,-0.40616575,-0.07863726,0.00122106,0.73139775,
17981,8.81203079,1.42226267,14.36688995,5.00000000,0.31420898,-0.19980469,0.12518388,-1.17868423,0.19552422,0.07000000,0.00366300,0.79140842,-0.23999999,0.23999999,-0.01229746,9.84016609,-12.41801739,-1.16689110,-0.46854660,0.00122106,0.75992864,
17990,11.93406963,-0.34226403,18.50407028,6.00000000,-0.32387695,0.40283203,0.22543688,-2.46152234,0.02658500,0.07000000,0.00366300,0.53070301,-0.23999999,0.23999999,-0.01229746,7.70213795,-9.43874073,-2.43927979,-0.82639802,0.00122106,0.46573251,
17998,6.37952137,-2.00982547,20.53136063,6.00000000,-0.33354491,0.42377931,0.48750761,-2.79613757,-0.04528752,0.07000000,0.00366300,0.61654371,-0.23999999,0.23999999,-0.01229746,3.37546659,-5.35467005,-2.75736070,-0.91184819,0.00122106,0.11863247,
18006,-1.02694130,-3.35536695,20.53136063,6.00000000,-0.35932618,0.42216796,-0.10876649,-1.78690064,-0.14957877,0.07000000,0.00366300,0.28464088,-0.23999999,0.23999999,-0.01229746,1.47131264,-2.32826900,-1.76723146,-0.27458662,0.00122106,0.01011195,
18014,-0.76238209,2.20875788,15.07557392,6.00000000,-0.35932618,0.43344727,-0.36589971,-0.70519263,0.06346180,0.07000000,0.00366300,-0.01678735,-0.18383910,0.18095654,-0.01229746,-0.56548673,0.61086524,-0.68795335,-0.02803805,0.00122106,-0.09710418,
18022,-3.20087647,0.56633550,7.74692249,6.00000000,-0.27231446,0.32065430,-0.25490665,0.18130130,0.04098158,0.07000000,0.00366300,-0.19577461,0.13758945,-0.16429621,-0.01229746,-1.96698606,2.59355927,0.19646400,0.12315750,0.00122106,-0.15712635,
18030,-1.27952969,2.34163618,1.13653171,6.00000000,0.19174805,-0.26264650,-0.02927653,0.78795129,0.04543539,0.07000000,0.00366300,-0.01619454,0.15765192,-0.15978236,-0.01229746,-1.97047675,2.02283669,0.78694946,0.03468481,0.00122106,-0.09170916,
18038,-1.79907143,1.90589142,-3.69377017,6.00000000,0.22075196,-0.27553710,0.30934989,1.00906861,-0.09630053,0.07000000,0.00366300,0.30715045,0.23999999,-0.23999999,-0.01229746,-0.16755162,-0.81855947,1.02476716,0.28570062,0.00122106,0.10447806,
18046,-1.13587749,-0.47035381,-1.54976261,6.00000000,0.35126954,-0.42861328,0.44264767,0.96574455,-0.14020707,0.07000000,0.00366300,0.37740234,0.23999999,-0.23999999,-0.01229746,2.01585531,-3.30390835,0.98040205,0.18042338,0.00122106,0.27951056,
18053,-0.61274445,-2.04334426,1.28616929,5.00000000,0.34643555,-0.43666992,0.34458905,0.68226808,-0.07399664,0.07000000,0.00366300,0.49648583,0.23999999,-0.23999999,-0.01229746,4.43837214,-6.07025480,0.68709505,0.14024316,0.00122106,0.45328039,
18062,1.63780510,-2.34980226,3.85754204,6.00000000,0.34804687,-0.42216796,-0.07402822,0.28552401,0.03620822,0.07000000,0.00366300,0.55441934,0.23999999,-0.23999999,-0.01229746,6.97084475,-8.77900600,0.27902386,0.08656091,0.00122106,0.61698109,
18070,4.16488504,-0.50985813,7.06696939,6.00000000,0.35449219,-0.43022460,-0.25143486,-0.19883704,0.14059207,0.07000000,0.00366300,0.64269477,0.23999999,-0.22517374,-0.01229746,9.06698513,-11.16312504,-0.20286351,-0.03226096,0.00122106,0.75530362,
18078,8.20510006,0.92666286,11.48905945,6.00000000,0.35288087,-0.40605468,-0.27334291,-0.80297768,0.15767966,0.07000000,0.00366300,0.68674886,-0.09710380,0.18783975,-0.01229746,10.80533314,-13.01317406,-0.79875815,-0.28468910,0.00122106,0.84561384,
18086,11.13201237,1.83885372,16.58272362,6.00000000,-0.10795899,0.30131835,0.33743522,-1.35058820,0.04802251,0.07000000,0.00366300,0.54302031,-0.23999999,0.23999999,-0.01229746,9.99550056,-11.70243263,-1.32739365,-0.78870744,0.00122106,0.72690278,
18094,9.46804142,-1.02461147,20.49963760,6.00000000,-0.32709962,0.39960939,0.36191362,-1.68930602,0.00889542,0.07000000,0.00366300,0.17723414,-0.23999999,0.23999999,-0.01229746,6.33379984,-6.90103197,-1.66618943,-1.00136805,0.00122106,0.38098559,
18102,4.24748516,-0.61161172,20.53136063,6.00000000,-0.34965819,0.41572267,0.22970413,-1.71196282,0.06625178,0.07000000,0.00549451,-0.02963206,-0.23999999,0.23999999,-0.01229746,3.47669578,-3.37197614,-1.69089413,-0.36514598,0.00122106,0.13298243,
18110,-0.43677065,-2.66344261,17.90192986,6.00000000,-0.35449219,0.42216796,-0.37025684,-0.60414934,0.11050509,0.07000000,0.00549451,-0.34623113,-0.23999999,0.23999999,-0.01229746,1.37008345,-0.24958208,-0.58697510,-0.14827846,0.00122106,0.01450486,
18118,-2.21566248,2.23868537,13.40920925,6.00000000,-0.35932618,0.42216796,-0.24421100,0.18356349,0.15796234,0.07000000,0.00366300,-0.51159084,-0.13698095,0.06709948,-0.01229746,-0.41015238,2.05425239,0.18013161,-0.08251236,0.00122106,-0.08103435,
18125,-2.49099565,1.90469432,6.91613483,5.00000000,-0.20786133,0.13696289,-0.05328377,0.96327120,0.17527390,0.07000000,0.00366300,-0.43081799,0.09590843,-0.15433952,-0.01229746,-1.87448359,3.30390835,0.95564038,-0.00061347,0.00122106,-0.12305561,
18134,-1.87808001,1.61858714,2.22948480,6.00000000,0.12729493,-0.26425782,0.19157675,1.44404888,0.07844180,0.07000000,0.00366300,-0.03405267,0.23999999,-0.23999999,-0.01229746,-1.46084058,1.57603240,1.44795835,0.17535499,0.00122106,-0.00788350,
18142,-1.84096992,0.73033834,-1.01944685,6.00000000,0.34321290,-0.41733399,0.48164034,1.55355680,0.03895883,0.07000000,0.00366300,0.34736276,0.23999999,-0.23999999,-0.01229746,0.37873647,-1.46782184,1.60795534,0.31559604,0.00122106,0.19497903,
18150,0.27670148,-1.41366923,-1.13317144,6.00000000,0.34965819,-0.42055663,0.25824937,1.29660785,-0.00098578,0.07000000,0.00366300,0.45736676,0.23999999,-0.23999999,-0.01229746,2.93564367,-4.42790031,1.31657934,0.14836246,0.00122106,0.38390219,
18158,0.03249290,-2.90884829,1.55312288,6.00000000,0.35610351,-0.42377931,0.02071046,0.92223209,0.11574686,0.07000000,0.00366300,0.56805921,0.23999999,-0.23999999,-0.01229746,5.34070730,-7.21868181,0.92389083,0.16912699,0.00122106,0.54820454,
18166,2.24353814,-0.06932503,5.57538176,6.00000000,0.35932618,-0.42377931,-0.41258037,0.37729341,0.21961035,0.07000000,0.00366300,0.65029389,0.23999999,-0.23999999,-0.01229746,7.60265446,-9.73021030,0.37963051,0.19731086,0.00122106,0.68935388,
18174,4.53119802,0.97095561,8.99430180,6.00000000,0.35126954,-0.43989259,-0.33475357,-0.39199117,0.27349028,0.07000000,0.00366300,0.73874283,0.23999999,-0.23999999,-0.01229746,9.53647900,-11.88918304,-0.38918865,0.02644329,0.00122106,0.78311849,
18182,8.46726513,2.67921853,13.90002060,6.00000000,0.35126954,-0.43505859,0.13651825,-1.33749294,0.22012790,0.07000000,0.00366300,0.87619722,-0.23999999,0.23999999,-0.01229746,10.94321442,-13.74795914,-1.31960189,-0.43555278,0.00122106,0.84259832,
18190,12.07053947,0.01447203,18.07550812,6.00000000,-0.32387695,0.38994139,0.33786598,-2.64515996,0.10283133,0.07000000,0.00549451,0.83252198,-0.23999999,0.23999999,-0.01229746,9.38463593,-12.10385799,-2.61941481,-0.79186106,0.00122106,0.61988163,
18197,5.98447847,-1.72730970,20.53136063,5.00000000,-0.34965819,0.42216796,0.51725191,-3.10445857,0.05417274,0.07000000,0.00549451,0.64933348,-0.23999999,0.23999999,-0.01229746,6.03185797,-8.13672543,-3.06315947,-0.90772033,0.00122106,0.30697876,
18206,-0.07883748,-2.70174980,20.53136063,6.00000000,-0.34965819,0.41733399,-0.01710833,-2.03645587,0.05960277,0.07000000,0.00549451,0.35725772,-0.23999999,0.23999999,-0.01229746,4.01425743,-5.18188238,-2.00967646,-0.30515242,0.00122106,0.19361663,
18214,0.86208379,0.32811245,15.24077415,6.00000000,-0.34643555,0.42861328,-0.25387481,-1.01192260,0.22072758,0.07000000,0.00549451,0.08166254,-0.23999999,0.23999999,-0.01229746,1.57603240,-1.83608627,-0.99640453,-0.18434492,0.00122106,0.05255308,
18222,-3.93829060,0.65731519,10.46912956,6.00000000,-0.34965819,0.43022460,-0.29339835,-0.17951199,0.29043588,0.07000000,0.00549451,-0.18788379,0.23509124,-0.23999999,-0.01229746,-0.50789082,1.10653877,-0.17881358,0.21434014,0.00122106,-0.07520995,
18230,-1.14425719,2.22432017,2.74543524,6.00000000,0.31904298,-0.39799803,-0.07930110,0.66394228,0.29956093,0.07000000,0.00549451,-0.07000344,0.11698762,-0.12702653,-0.01229746,-0.16057029,0.39618975,0.65890741,-0.01483478,0.00122106,0.03047372,
18238,-0.90842837,2.46254325,-5.33379841,6.00000000,0.17241211,-0.21430664,0.30954856,0.85898757,0.20864937,0.07000000,0.00549451,0.21831135,0.23999999,-0.23999999,-0.01229746,1.55508828,-2.24972939,0.87296760,0.23767903,0.00122106,0.21273807,
18246,-1.07003701,0.22157048,-1.62637699,6.00000000,0.33999023,-0.43183595,0.32119429,0.86950964,0.08799522,0.07000000,0.00549451,0.50361735,0.23999999,-0.23999999,-0.01229746,3.21489644,-4.79965544,0.88417846,0.17677709,0.00122106,0.37769115,
18254,-1.04370081,-1.41247213,1.20716071,6.00000000,0.33999023,-0.42377931,0.31318977,0.54771352,0.14718130,0.07000000,0.00549451,0.58808279,0.23999999,-0.23999999,-0.01229746,5.76656771,-7.70388317,0.55143285,0.14249691,0.00122106,0.55890393,
18262,2.39078164,-1.75723720,2.58622098,6.00000000,0.34321290,-0.42539063,-0.07658531,0.12567589,0.20959510,0.07000000,0.00549451,0.69327778,0.23999999,-0.23999999,-0.01229746,8.12974358,-10.37947369,0.11937523,0.03049506,0.00122106,0.71636915,
18269,3.97095466,-0.57330447,5.39102793,5.00000000,0.34643555,-0.43505859,-0.18205869,-0.34852797,0.27996609,0.07000000,0.00549451,0.77900100,0.23999999,-0.21228610,-0.01229746,10.00248146,-12.52971935,-0.35490298,-0.04152771,0.00122106,0.83506536,
18278,7.83878756,0.62259924,9.90769005,6.00000000,0.34643555,-0.37705079,-0.21047634,-1.02138925,0.24723935,0.07000000,0.00549451,0.95499033,-0.02040166,0.14707780,-0.01229746,11.91885376,-15.04299355,-1.02147913,-0.24660301,0.00122106,0.94687086,
18286,10.58972549,2.09503341,16.50970078,6.00000000,-0.01611328,0.23525390,0.16118477,-1.72818065,0.15163212,0.07000000,0.00549451,0.65899217,-0.23999999,0.23999999,-0.01229746,11.75304794,-13.88234901,-1.69759786,-0.56274605,0.00122106,0.84565222,
18294,11.83710480,0.26346901,19.84482384,6.00000000,-0.33032227,0.39960939,0.31579024,-2.19553375,0.05927862,0.07000000,0.00549451,0.26217729,-0.23999999,0.23999999,-0.01229746,8.44390297,-9.29736900,-2.15831041,-1.07463455,0.00122106,0.50749266,
18302,4.64492226,-0.16509309,20.53136063,6.00000000,-0.36577147,0.43505859,0.38472748,-2.18563485,0.01116788,0.07000000,0.00549451,0.24483399,-0.23999999,0.23999999,-0.01229746,5.51349497,-6.30412960,-2.15758824,-0.45110005,0.00122106,0.28551209,
18310,0.20966382,-2.62274122,18.72912598,6.00000000,-0.35449219,0.41894531,-0.36394495,-0.91791898,-0.04862980,0.07000000,0.00549451,-0.01711184,-0.23999999,0.23999999,-0.01229746,3.49763966,-3.43131733,-0.90099835,-0.13851932,0.00122106,0.19280532,
18318,-0.76118499,1.96215510,14.15260887,6.00000000,-0.35126954,0.42377931,-0.14928786,-0.30589402,0.03223089,0.07000000,0.00366300,-0.28489411,-0.21929556,0.17975515,-0.01229746,1.39277279,-0.47822019,-0.30031097,-0.13613759,0.00122106,0.05280838,
18326,-1.88526261,1.42465687,7.36265326,6.00000000,-0.32387695,0.33193359,-0.11872512,0.51063687,0.04001838,0.07000000,0.00366300,-0.29376835,-0.02167565,-0.01842674,-0.01229746,-0.90757120,1.84481299,0.50606537,-0.05404317,0.00122106,-0.06875353,
18334,-1.19932389,1.26663947,3.40982628,6.00000000,-0.03867187,-0.02416992,0.13631746,1.07581162,0.01031501,0.07000000,0.00366300,-0.18687883,0.15717059,-0.18245970,-0.01229746,-1.67726135,2.28289080,1.07732666,-0.00112427,0.00122106,-0.06700850,
18341,-1.94751191,0.25508931,0.26983073,5.00000000,0.21430664,-0.30454102,0.21784250,1.40943921,0.00993216,0.07000000,0.00366300,0.03286290,0.23999999,-0.23999999,-0.01229746,-0.47472957,0.36477381,1.42265403,0.22789492,0.00122106,0.07519497,
18350,-0.36374748,-0.78638846,-0.96078897,6.00000000,0.34160155,-0.42377931,0.14323050,1.44623530,-0.02072313,0.07000000,0.00366300,0.25885671,0.23999999,-0.23999999,-0.01229746,2.01760054,-2.85012269,1.46665788,0.20096344,0.00122106,0.29787737,
18358,1.67012691,-2.32586002,-0.23295163,6.00000000,0.35771483,-0.42539063,-0.09239828,1.08313739,0.00759742,0.07000000,0.00366300,0.41282910,0.23999999,-0.23999999,-0.01229746,4.44535351,-5.79623842,1.09693992,0.07998587,0.00122106,0.47225237,
18366,2.37521935,-0.66188997,4.49918795,6.00000000,0.36416015,-0.42377931,-0.21567906,0.47446993,0.03288428,0.07000000,0.00366300,0.58524871,0.23999999,-0.23999999,-0.01229746,6.62701559,-8.53291416,0.47930831,0.05924415,0.00122106,0.61610490,
18374,4.90589046,0.67527169,7.81994581,6.00000000,0.34965819,-0.43828124,-0.32398066,-0.33254740,0.03922615,0.07000000,0.00366300,0.77552533,0.23999999,-0.16216211,-0.01229746,8.54338646,-11.10727596,-0.33008796,-0.04420971,0.00122106,0.71926731,
18382,8.06144810,3.58422685,12.26597881,6.00000000,0.36254883,-0.28842774,-0.10003615,-1.30458975,-0.02034971,0.07000000,0.00366300,0.80911821,-0.22947508,0.23999999,-0.01229746,10.31140518,-12.93812561,-1.28078389,-0.30721167,0.00122106,0.78344935,
18390,12.61522007,0.09348068,13.38766193,6.00000000,-0.30615234,0.39960939,0.15415835,-2.55029035,-0.08873223,0.07000000,0.00366300,0.62612367,-0.23999999,0.23999999,-0.01229746,9.01811600,-10.98684788,-2.53329706,-0.81071389,0.00122106,0.57100773,
18398,5.80730724,-0.22614524,20.53136063,6.00000000,-0.36254883,0.42377931,0.34129733,-3.02153182,-0.18130121,0.07000000,0.00366300,0.35960966,-0.23999999,0.23999999,-0.01229746,7.14363241,-8.29380512,-2.97380710,-0.89309168,0.00122106,0.36470157,
18406,1.67491531,-3.77435207,20.53136063,6.00000000,-0.35449219,0.42700195,0.13746279,-1.84951103,-0.24586768,0.07000000,0.00366300,0.17779051,-0.23999999,0.23999999,-0.01229746,4.64781141,-5.21504354,-1.81915081,-0.40673971,0.00122106,0.24066807,
18413,0.95545763,-0.11481486,17.08071709,5.00000000,-0.34804687,0.41894531,-0.22915913,-0.99318671,-0.15796198,0.07000000,0.00366300,-0.01899797,-0.23999999,0.23999999,-0.01229746,2.71573234,-2.65813661,-0.97586572,-0.25575054,0.00122106,0.12916055,
18422,-0.66302270,0.18565746,10.56968689,6.00000000,-0.34321290,0.41733399,-0.36000407,-0.04647630,-0.10483261,0.07000000,0.00366300,-0.20281085,-0.21421094,0.18614557,-0.01229746,0.01221730,0.65449846,-0.04603934,-0.14245957,0.00122106,-0.02827115,
18430,-0.88089508,2.88871121,5.67952967,6.00000000,-0.31582031,0.33837891,-0.27449876,0.64932543,-0.16607523,0.07000000,0.00549451,-0.28890383,-0.16581328,0.12635377,-0.01229746,-2.06996036,3.01069307,0.64461792,-0.15267131,0.00122106,-0.14251837,
18438,-1.58000195,2.34283328,2.62692237,6.00000000,-0.24169922,0.22558594,0.13564196,1.27946150,-0.16629249,0.07000000,0.00549451,-0.25938144,0.15730397,-0.19230625,-0.01229746,-3.59014225,4.42266417,1.28078842,0.02152893,0.00122106,-0.20650077,
18446,-1.63746274,-0.06812793,2.05710220,6.00000000,0.20625000,-0.32226563,0.28775448,1.73611176,-0.23954469,0.07000000,0.00549451,-0.03446780,0.23999999,-0.23999999,-0.01229746,-3.17649913,3.28470969,1.74908841,0.12221264,0.00122106,-0.11581889,
18454,-0.39726630,-1.01623178,-0.33111390,6.00000000,0.33032227,-0.41733399,0.33905396,1.83845913,-0.23653111,0.07000000,0.00549451,0.13919823,0.23999999,-0.23999999,-0.01229746,-0.16929694,-0.28623399,1.86311102,0.17961234,0.00122106,0.14712721,
18462,1.83053839,-2.37374425,1.52439237,6.00000000,0.34482422,-0.42377931,-0.04732630,1.52279973,-0.17237796,0.07000000,0.00366300,0.13928276,0.23999999,-0.23999999,-0.01229746,2.59181404,-3.05607152,1.53988767,0.04171129,0.00122106,0.32995749,
18470,3.70519829,-1.33944905,5.85191202,6.00000000,0.35449219,-0.42861328,-0.25125059,0.77910709,-0.05612213,0.07000000,0.00366300,0.29027429,0.20864403,-0.17031698,-0.01229746,4.90612078,-5.82416391,0.78443044,-0.12194368,0.00122106,0.47284406,
18478,6.22270155,0.75906879,8.05338001,6.00000000,0.29648438,-0.29970703,-0.42353258,-0.13415222,-0.02056543,0.07000000,0.00366300,0.31645039,-0.11419463,0.15550175,-0.01229746,6.76140547,-7.78242302,-0.13124698,-0.26623619,0.00122106,0.54403913,
18485,9.77210522,4.10257149,12.00740433,5.00000000,-0.14824219,0.24814454,-0.13476430,-1.14108038,-0.00043654,0.07000000,0.00366300,0.11328419,-0.23999999,0.23999999,-0.01229746,6.54149389,-6.92546606,-1.12693751,-0.68717283,0.00122106,0.42591375,
18494,5.68161201,0.49211526,20.53136063,6.00000000,-0.36416015,0.43344727,0.29833350,-1.82882154,-0.08477305,0.07000000,0.00366300,0.23273215,-0.23999999,0.23999999,-0.01229746,4.36332321,-5.10683346,-1.80940986,-0.57123458,0.00122106,0.22095610,
18502,2.40035844,-0.15551630,20.53136063,6.00000000,-0.34965819,0.43505859,0.14935769,-1.03187859,-0.34314433,0.07000000,0.00366300,0.10385376,-0.23999999,0.23999999,-0.01229746,2.27241874,-2.59006858,-1.00543749,-0.46387380,0.00122106,0.10419784,
18510,0.32219130,-1.60759962,18.73990059,6.00000000,-0.35449219,0.43183595,-0.02533782,-0.35402682,-0.30379999,0.07000000,0.00366300,0.05228861,-0.23999999,0.23999999,-0.01229746,0.10297443,-0.28099802,-0.34454352,-0.21490020,0.00122106,-0.00627282,
18518,0.66097087,0.40472689,12.60715199,6.00000000,-0.35126954,0.43505859,-0.24097818,0.39194345,-0.25502303,0.07000000,0.00366300,-0.09419219,-0.23999999,0.23999999,-0.01229746,-1.69820547,2.00712872,0.39352965,-0.26341459,0.00122106,-0.10958333,
18526,-1.19812679,0.66928619,8.86022663,6.00000000,-0.35771483,0.42539063,-0.28107777,0.99498880,-0.31323332,0.07000000,0.00366300,-0.11644793,-0.06682437,0.05144013,-0.01229746,-3.74722195,4.11897707,0.99467850,-0.10692990,0.00122106,-0.22484347,
18534,-1.56563675,2.13812900,5.53587723,6.00000000,-0.10312500,0.09345703,-0.11575958,1.67864358,-0.31036261,0.07000000,0.00366300,-0.15766846,0.12094939,-0.14155895,-0.01229746,-4.77172995,5.29009295,1.68292296,-0.04460131,0.00122106,-0.25509447,
18542,-1.71288013,1.03799331,2.61973977,6.00000000,0.16918945,-0.24008790,0.05941187,2.00996828,-0.34668174,0.07000000,0.00366300,0.11905731,0.23999999,-0.23999999,-0.01229746,-3.92000961,3.51683855,2.02444577,0.13595314,0.00122106,-0.13074045,
18550,-1.11432970,0.21438788,0.49488568,6.00000000,0.33515626,-0.41411132,0.15386939,2.06960177,-0.36261567,0.07000000,0.00366300,0.18500639,0.23999999,-0.23999999,-0.01229746,-1.34041297,0.74351025,2.09439588,0.22182482,0.00122106,0.07517205,
18557,1.88321078,-2.02179646,0.23990321,5.00000000,0.34321290,-0.43344727,0.14723782,1.60518432,-0.27158776,0.07000000,0.00366300,0.28217965,0.23999999,-0.23999999,-0.01229746,1.30725169,-2.22529483,1.62886536,0.02056737,0.00122106,0.26071173,
18566,3.13896966,-2.37254715,3.91500282,6.00000000,0.35610351,-0.42055663,-0.22352271,0.93394154,-0.22555003,0.07000000,0.00366300,0.38210416,0.23999999,-0.23999999,-0.01229746,3.84845090,-5.07367229,0.93957859,-0.04981955,0.00122106,0.40690392,
18574,4.68203259,-0.46317121,6.59890270,6.00000000,0.36416015,-0.43183595,-0.31785572,0.23327774,-0.15919676,0.07000000,0.00366300,0.52583897,0.14768760,-0.07768682,-0.01229746,5.92364740,-7.62534332,0.23451257,-0.12961054,0.00122106,0.53638417,
18582,6.92539978,1.87117541,9.87417126,6.00000000,0.22236328,-0.14018555,-0.35529080,-0.78889674,-0.13190013,0.07000000,0.00366300,0.41641134,-0.18161434,0.23621154,-0.01229746,7.37227058,-8.74060822,-0.78136456,-0.24179447,0.00122106,0.55193895,
18590,10.28087330,0.86680782,12.96149349,6.00000000,-0.25136718,0.38510743,0.06982713,-1.83981669,-0.16778582,0.07000000,0.00366300,0.21857268,-0.23999999,0.23999999,-0.01229746,5.71071768,-6.35474396,-1.82746696,-0.84237045,0.00122106,0.32440355,
18598,5.70315981,0.44662544,20.53136063,6.00000000,-0.35771483,0.43183595,0.22056401,-2.57527971,-0.25932646,0.07000000,0.00366300,0.04744691,-0.23999999,0.23999999,-0.01229746,3.83797884,-4.00029469,-2.54320431,-0.66836166,0.00122106,0.10554577,
18606,3.15692616,-1.56450403,19.04875183,6.00000000,-0.35126954,0.41572267,0.13392852,-1.51011360,-0.37721515,0.07000000,0.00366300,-0.19187757,-0.23999999,0.23999999,-0.01229746,1.52541780,-0.91804314,-1.47882593,-0.47399974,0.00122106,-0.01588548,
18614,0.55682307,-1.86856759,16.81974983,6.00000000,-0.35449219,0.42216796,0.00197984,-0.70213914,-0.28790876,0.07000000,0.00366300,-0.33532310,-0.23999999,0.23999999,-0.01229746,-0.63355452,1.69471467,-0.68726218,-0.21614489,0.00122106,-0.14286035,
18622,0.25036526,-1.08805788,10.19499397,6.00000000,-0.35610351,0.43344727,-0.25085038,0.08173774,-0.18805534,0.07000000,0.00366300,-0.51301795,-0.23999999,0.23999999,-0.01229746,-2.45393300,4.10501432,0.08496261,-0.29730910,0.00122106,-0.24647152,
18629,-1.00180221,0.36641967,5.95965099,5.00000000,-0.35126954,0.43505859,-0.37388554,0.73046798,-0.20839813,0.07000000,0.00366300,-0.60734856,-0.23999999,0.23999999,-0.01229746,-4.44535351,6.36696100,0.72931880,-0.27063292,0.00122106,-0.35632235,
18638,-1.29748619,2.09024501,3.61333346,6.00000000,-0.35449219,0.42216796,-0.20525223,1.45114982,-0.19471127,0.07000000,0.00366300,-0.72263348,-0.23999999,0.16550183,-0.01229746,-6.63050556,8.93957710,1.44679260,-0.19264513,0.00122106,-0.48551679,
18646,-1.73442793,0.95419621,3.66121745,6.00000000,-0.35126954,0.29487306,0.01669122,2.03927422,-0.27688411,0.07000000,0.00366300,-0.69171524,-0.00115249,-0.09126034,-0.01229746,-8.61494541,10.82453251,2.04723620,-0.04811825,0.00122106,-0.58327758,
18654,-1.57880485,0.84166873,4.69431543,6.00000000,-0.02416992,-0.14018555,0.23189378,2.61934805,-0.29517913,0.07000000,0.00366300,-0.33644423,0.23999999,-0.23999999,-0.01229746,-9.23628235,10.32362270,2.62773776,0.09930111,0.00122106,-0.54660392,
18662,-0.71449804,-1.19579697,4.39025164,6.00000000,0.32709962,-0.39316407,0.12145682,2.77581143,-0.31354550,0.07000000,0.00366300,0.12688057,0.23999999,-0.23999999,-0.01229746,-7.17330313,6.77711344,2.79648352,0.13455142,0.00122106,-0.31703222,
18670,0.49457383,-2.17023706,6.21822500,6.00000000,0.34321290,-0.42539063,-0.03604910,2.70528865,-0.26543936,0.07000000,0.00366300,0.07742332,0.23999999,-0.23999999,-0.01229746,-3.26725626,3.01592898,2.71264601,0.16495639,0.00122106,-0.03271568,
18678,5.26262665,-1.46394753,7.28484154,6.00000000,0.35288087,-0.41894531,-0.04049386,1.77430844,-0.11051182,0.07000000,0.00366300,0.25859028,0.00154587,0.03369883,-0.01229746,-0.56548673,-0.28623399,1.78161311,-0.28615326,0.00122106,0.13016798,
18686,7.17319965,-0.24529885,8.86022663,6.00000000,0.01127930,0.04028320,-0.30553925,0.71097428,-0.04217020,0.07000000,0.00366300,0.16050869,-0.23999999,0.23999999,-0.01229746,0.37873647,-0.90058988,0.70969796,-0.42009372,0.00122106,0.10141599,
18694,6.41304064,2.89709091,16.46181679,6.00000000,-0.33676758,0.40444335,-0.04630649,-0.06324182,0.05750701,0.07000000,0.00366300,-0.11821078,-0.23999999,0.23999999,-0.01229746,-1.51843643,1.89891827,-0.06648475,-0.57760292,0.00122106,-0.13507771,
18701,-1.43395567,-0.22015974,20.53136063,5.00000000,-0.36416015,0.45117188,0.25491768,-0.28341141,-0.02071210,0.07000000,0.00366300,-0.05130062,-0.03927303,0.03211873,-0.01229746,-2.30732512,2.46615028,-0.28230765,0.06193900,0.00122106,-0.20379645,
18710,3.91947937,0.27903131,16.06318283,6.00000000,-0.06123047,0.05317383,-0.17787673,0.50241643,-0.11832779,0.07000000,0.00366300,0.07024175,-0.23999999,0.23999999,-0.01229746,-3.43131733,3.20791531,0.49875784,-0.66153687,0.00122106,-0.21408810,
18718,4.18044758,0.72914124,9.21337128,6.00000000,-0.34160155,0.41411132,0.06743908,0.30619863,-0.06110149,0.07000000,0.00366300,-0.27626523,-0.23999999,0.23999999,-0.01229746,-4.73856878,5.62170553,0.30708626,-0.47183949,0.00122106,-0.37455642,
18726,-3.94188190,-1.26522875,14.21844959,6.00000000,-0.35449219,0.42539063,-0.05209243,0.58292490,-0.07675885,0.07000000,0.00366300,-0.39221206,0.11889514,-0.17147900,-0.01229746,-6.03360367,7.33736420,0.58437002,0.16813722,0.00122106,-0.46359143,
18734,-2.57718706,0.94701362,7.76009083,6.00000000,0.16113281,-0.26425782,0.11787911,1.27122378,-0.03575756,0.07000000,0.00366300,-0.33087507,0.20210321,-0.23999999,-0.01229746,-5.87477827,6.93942928,1.26976228,0.11712452,0.00122106,-0.39049563,
18742,-1.62908304,0.82969773,1.16047370,6.00000000,0.28681642,-0.41733399,-0.03862936,1.41109133,-0.05684497,0.07000000,0.00366300,0.18405265,0.23999999,-0.23999999,-0.01229746,-4.04567337,3.44877076,1.42431068,0.27619857,0.00122106,-0.17964520,
18750,-0.42360252,0.14375892,0.44700167,6.00000000,0.34321290,-0.40766603,0.10982782,0.96099848,-0.01516222,0.07000000,0.00366300,0.42551804,0.23999999,-0.23999999,-0.01229746,-1.12573731,-0.24958208,0.98120463,0.24415179,0.00122106,0.04676716,
18758,-0.08123168,-1.29755056,1.36876929,6.00000000,0.35126954,-0.43344727,0.02889637,0.55547142,-0.01427064,0.07000000,0.00366300,0.53645456,0.23999999,-0.23999999,-0.01229746,1.48178458,-3.28121901,0.56214571,0.22312510,0.00122106,0.22437508,
18766,2.21361065,-1.16227806,3.64445806,6.00000000,0.34321290,-0.43022460,-0.04615199,0.02602252,0.04742266,0.07000000,0.00366300,0.63814783,0.23999999,-0.22987348,-0.01229746,3.88161206,-6.01615000,0.02369034,0.06400998,0.00122106,0.37455219,
18773,4.24868202,-0.67386097,6.06379890,5.00000000,0.34643555,-0.41733399,-0.25140470,-0.67681563,0.07550211,0.07000000,0.00366300,0.82002831,0.13750803,-0.02777192,-0.01229746,5.77180386,-8.35489178,-0.68176603,-0.02246482,0.00122106,0.48837686,
18782,6.73146915,0.68963689,8.83748150,6.00000000,0.19819336,-0.06284180,-0.22275718,-1.60636687,0.13343492,0.07000000,0.00366300,0.49200311,-0.23231868,0.23999999,-0.01229746,7.31118393,-8.89768791,-1.60097837,-0.16302317,0.00122106,0.49693605,
18790,9.74098110,0.69442528,12.70052624,6.00000000,-0.31098634,0.38671875,0.05290101,-2.53184366,0.11391796,0.07000000,0.00549451,0.05541688,-0.23999999,0.23999999,-0.01229746,5.46637154,-5.64264917,-2.51473880,-0.73104459,0.00122106,0.23153940,
18798,4.68442678,0.18206614,20.53136063,6.00000000,-0.35932618,0.43666992,0.22016852,-3.34794378,0.00325424,0.07000000,0.00549451,0.20964885,-0.23999999,0.23999999,-0.01229746,2.45218754,-3.13286591,-3.30690575,-0.55342740,0.00122106,-0.03915253,
18806,0.98538518,-1.71055031,20.53136063,6.00000000,-0.35771483,0.41249999,-0.10364320,-2.24810934,-0.24570829,0.07000000,0.00366300,0.19351435,-0.23999999,0.23999999,-0.01229746,0.05235988,-0.68242371,-2.20410252,-0.29398105,0.00122106,-0.13987139,
18814,2.20642805,1.69041324,15.77108955,6.00000000,-0.35771483,0.42700195,0.04601801,-1.46986914,-0.18821828,0.07000000,0.00366300,-0.19574392,-0.23999999,0.23999999,-0.01229746,-1.68773329,2.31605196,-1.44757509,-0.43655702,0.00122106,-0.26416636,
18822,-1.55486286,-1.70576191,11.85657024,6.00000000,-0.34643555,0.42539063,-0.17540064,-0.52784795,-0.21440548,0.07000000,0.00549451,-0.08348010,-0.23999999,0.23999999,-0.01229746,-3.78212833,4.03345585,-0.52362591,-0.07613289,0.00122106,-0.33885702,
18830,-1.49381065,2.11658120,6.45525074,6.00000000,-0.35126954,0.42539063,-0.27286294,0.24460781,-0.24112037,0.07000000,0.00549451,-0.26369184,-0.22889000,0.19333632,-0.01229746,-5.55189228,6.37743282,0.26044321,-0.05993773,0.00122106,-0.43307239,
18838,-2.47782755,1.19840479,2.89746714,6.00000000,-0.33515626,0.34160155,-0.10943566,1.03802478,-0.24742563,0.07000000,0.00549451,-0.32150090,-0.01167285,-0.03115551,-0.01229746,-7.57123804,8.62890816,1.03819430,0.03712355,0.00122106,-0.53808075,
18845,-1.86132061,1.28818738,2.40067029,5.00000000,-0.03706055,-0.03383789,0.09599252,1.64654446,-0.31595948,0.07000000,0.00549451,-0.22161698,0.14620870,-0.17516150,-0.01229746,-8.31125832,9.03033352,1.65365529,0.06904937,0.00122106,-0.53434575,
18854,-1.52732956,-0.43204659,0.31532055,6.00000000,0.20463867,-0.29487306,0.28884634,1.96059132,-0.34798250,0.07000000,0.00549451,-0.00262181,0.23999999,-0.23999999,-0.01229746,-6.69508314,6.71253633,1.98196697,0.21965784,0.00122106,-0.36149287,
18862,0.35092172,-2.09481978,1.36637509,6.00000000,0.35126954,-0.42377931,0.16089749,1.97763705,-0.30553031,0.07000000,0.00366300,0.08806500,0.23999999,-0.23999999,-0.01229746,-3.68089938,3.39466548,1.99961627,0.11522119,0.00122106,-0.11865285,
18870,3.38437533,-3.10636997,3.88387823,6.00000000,0.34160155,-0.41411132,-0.06918605,1.30493069,-0.18120135,0.07000000,0.00366300,0.29436460,0.11411357,-0.07407448,-0.01229746,-0.89186323,-0.03665191,1.31824923,-0.12898101,0.00122106,0.06813743,
18878,5.18840647,-1.30712736,6.72579575,6.00000000,0.17241211,-0.14663085,-0.47830880,0.48054254,-0.09579081,0.07000000,0.00366300,0.23520376,-0.06096248,0.09241548,-0.01229746,0.89709926,-1.65282679,0.48231971,-0.16953570,0.00122106,0.13243744,
18886,7.82083082,3.79731083,13.11472321,6.00000000,-0.06606445,0.14018555,-0.49946350,-0.27229837,-0.03365851,0.07000000,0.00366300,0.03480066,-0.23999999,0.23999999,-0.01229746,0.25132740,-0.37873647,-0.26575902,-0.51617289,0.00122106,0.00104168,
18894,6.86195326,1.36599886,20.53136063,6.00000000,-0.34482422,0.42377931,0.20861362,-1.00291336,-0.08598895,0.07000000,0.00366300,-0.14537664,-0.23999999,0.23999999,-0.01229746,-1.50796449,1.98094869,-0.99785143,-0.65737957,0.00122106,-0.20867728,
18902,1.70005441,-0.29437998,20.53136063,6.00000000,-0.35126954,0.44150391,0.32111737,-0.73178202,-0.25452468,0.07000000,0.00366300,-0.07859915,-0.23999999,0.23999999,-0.01229746,-3.19569802,3.45575190,-0.71837413,-0.19613731,0.00122106,-0.30772939,
18910,2.78582478,-2.09362268,17.10825157,6.00000000,-0.36254883,0.43666992,-0.04883748,-0.36904442,-0.21618330,0.07000000,0.00366300,-0.26874375,-0.23999999,0.23999999,-0.01229746,-4.84154320,5.71071768,-0.34237909,-0.50074995,0.00122106,-0.42682382,
18917,-0.63908070,0.13657631,15.90516472,5.00000000,-0.36093751,0.43505859,-0.24869584,0.22146614,-0.15330881,0.07000000,0.00366300,-0.63233227,-0.23999999,0.23999999,-0.01229746,-5.93935537,7.98313570,0.22370517,-0.15946373,0.00122106,-0.51485360,
18926,-1.22087169,1.19601059,8.91529274,6.00000000,-0.35126954,0.43183595,-0.13810693,0.87963730,-0.06286364,0.07000000,0.00366300,-0.85395730,-0.23999999,0.23999999,-0.01229746,-7.73180866,10.48419285,0.87518221,-0.16223590,0.00122106,-0.62283462,
18934,-3.28227925,0.86561072,6.09612036,6.00000000,-0.35610351,0.43828124,-0.13810012,1.64240956,-0.12721461,0.07000000,0.00366300,-0.94116366,-0.14097378,0.01471266,-0.01229746,-9.49110031,12.56637096,1.64341021,-0.04463028,0.00122106,-0.71714336,
18942,-2.18693209,1.66048574,2.94295692,6.00000000,-0.20302734,0.03061523,0.12222619,2.23429275,-0.11746754,0.07000000,0.00366300,-0.74320811,0.11687329,-0.21580008,-0.01229746,-11.07934952,13.50535774,2.23925209,0.07380661,0.00122106,-0.76515853,
18950,-2.44790006,0.98412371,0.34285387,6.00000000,0.16274413,-0.36254883,0.30261007,2.62503529,-0.20764251,0.07000000,0.00366300,-0.28315827,0.23999999,-0.23999999,-0.01229746,-10.45277691,11.37431049,2.64815164,0.31824926,0.00122106,-0.62728655,
18958,-0.75280523,-0.69421166,-1.40850461,6.00000000,0.33193359,-0.40927735,0.44127166,2.72664404,-0.22594553,0.07000000,0.00366300,0.14334816,0.23999999,-0.23999999,-0.01229746,-7.78765917,7.28500414,2.76858163,0.33915123,0.00122106,-0.36666697,
18966,1.41753852,-3.05609155,0.08068880,6.00000000,0.34804687,-0.41249999,0.13491309,2.30603194,-0.14866550,0.07000000,0.00549451,0.35760874,0.23999999,-0.23999999,-0.01229746,-4.68620920,3.52381968,2.33798790,0.09415838,0.00122106,-0.13862516,
18974,1.67970371,-1.55253303,4.06344318,6.00000000,0.34321290,-0.42539063,-0.32353151,1.67388177,-0.02051438,0.07000000,0.00549451,0.50899291,0.23999999,-0.23999999,-0.01229746,-1.75754654,0.13264503,1.68655181,0.15669376,0.00122106,0.06225461,
18982,3.92067647,0.19762845,8.38138580,6.00000000,0.35126954,-0.42216796,-0.60581124,0.86462134,0.12801854,0.07000000,0.00549451,0.53474647,0.23999999,-0.23999999,-0.01229746,0.80110615,-2.55516195,0.86939502,0.14869019,0.00122106,0.19882840,
18989,6.42620850,5.55345774,15.03008461,5.00000000,0.37382811,-0.43505859,-0.35611230,-0.03435888,0.10785457,0.07000000,0.00549451,0.80323058,0.01483366,0.09315689,-0.01229746,2.20086026,-4.81536341,-0.01359886,-0.12577991,0.00122106,0.27403846,
18998,10.44248199,1.77780163,18.28500175,6.00000000,0.03867187,0.13696289,0.10177694,-1.50328946,-0.04359943,0.07000000,0.00549451,0.89942467,-0.23999999,0.23999999,-0.01229746,1.73311198,-4.69319010,-1.48916662,-0.54370821,0.00122106,0.12654468,
19006,9.13165665,-1.52859092,20.02079773,6.00000000,-0.34321290,0.40122071,0.49112579,-2.63299870,-0.20849566,0.07000000,0.00366300,0.52547967,-0.23999999,0.23999999,-0.01229746,-1.02450824,-0.64926249,-2.60921144,-0.98502016,0.00122106,-0.20943488,
19014,-2.78189111,-3.74442458,20.53136063,6.00000000,-0.35771483,0.43666992,0.44620395,-2.96769905,-0.15464726,0.07000000,0.00366300,0.04460442,-0.23999999,0.23999999,-0.01229746,-1.39626336,1.25314641,-2.94868875,-0.21986449,0.00122106,-0.32528645,
19022,2.57274079,-3.98384476,16.39238548,6.00000000,-0.35771483,0.41249999,-0.34101561,-1.91643584,-0.07053756,0.07000000,0.00366300,-0.07987714,-0.23999999,0.23999999,-0.01229746,-3.48193192,3.71929669,-1.89391255,-0.45788282,0.00122106,-0.41583645,
19030,-3.90716600,1.50246835,13.38167667,6.00000000,-0.34804687,0.42055663,-0.35708848,-1.29838598,0.12094050,0.07000000,0.00366300,-0.45249090,-0.20197767,0.14044522,-0.01229746,-4.71238899,6.20813656,-1.26587987,0.18464860,0.00122106,-0.51523656,
19038,-2.34375238,1.60541904,5.53827143,6.00000000,-0.29487306,0.24975586,-0.43865958,-0.42048267,0.12486359,0.07000000,0.00366300,-0.36549962,-0.23999999,0.23999999,-0.01229746,-6.72998953,7.94299364,-0.43339568,-0.07209188,0.00122106,-0.59197593,
19046,-2.42754936,3.64408183,1.21793461,6.00000000,-0.35449219,0.41894531,0.07726835,0.15816252,0.09749894,0.07000000,0.00366300,-0.44035089,-0.13214974,0.07334283,-0.01229746,-8.65334225,10.06531429,0.14318809,0.11873982,0.00122106,-0.70222646,
19054,-4.40994835,0.74111223,1.39869678,6.00000000,-0.19819336,0.14018555,0.37858209,0.93745321,0.03597459,0.07000000,0.00366300,-0.35897645,0.23999999,-0.23999999,-0.01229746,-10.19621372,11.36383820,0.93677020,0.42005283,0.00122106,-0.75265098,
19061,-1.55127156,0.32571825,-1.32829893,5.00000000,0.32226563,-0.39477539,0.42219621,1.34829295,-0.02157207,0.07000000,0.00366300,-0.13331100,0.23999999,-0.23999999,-0.01229746,-9.32878494,9.75115490,1.36129439,0.37903979,0.00122106,-0.62331951,
19070,-0.99342251,-2.15826607,-0.71897459,6.00000000,0.33837891,-0.41894531,0.39027128,1.41128159,-0.07419883,0.07000000,0.00366300,0.20892939,0.23999999,-0.23999999,-0.01229746,-5.58505344,4.87470436,1.43191314,0.38499108,0.00122106,-0.29296052,
19078,1.04164886,-3.12193227,0.77620441,6.00000000,0.35126954,-0.41411132,-0.16865839,1.13143826,0.09150597,0.07000000,0.00549451,0.35944790,0.23999999,-0.23999999,-0.01229746,-2.52025533,1.35786617,1.14451051,0.18908210,0.00122106,-0.05438778,
19086,3.22875214,-0.90729564,7.24414015,6.00000000,0.35610351,-0.42377931,-0.48293743,0.47622901,0.18543658,0.07000000,0.00549451,0.50357527,0.23999999,-0.23025525,-0.01229746,0.35255653,-1.98967540,0.47774243,0.08045953,0.00122106,0.12573785,
19094,5.78336525,1.01165700,13.41758919,6.00000000,0.35288087,-0.40927735,-0.59885293,-0.21971150,0.27576467,0.07000000,0.00549451,0.67884862,0.10626529,-0.01521022,-0.01229746,2.12755632,-4.30572701,-0.21829811,-0.01456188,0.00122106,0.23221061,
19102,11.00511932,2.09623051,14.99297428,6.00000000,0.16757813,-0.05156250,0.17716312,-0.86064029,0.15398495,0.07000000,0.00549451,0.60593069,-0.23999999,0.23999999,-0.01229746,2.87630272,-4.81012774,-0.84441948,-0.65301847,0.00122106,0.22938938,
19110,10.83752537,2.19798398,19.88672256,6.00000000,-0.31743163,0.38833007,0.25599724,-1.58371937,0.03714034,0.07000000,0.00549451,0.43633175,-0.23999999,0.23999999,-0.01229746,0.26354474,-1.66329885,-1.55401170,-0.88099921,0.00122106,-0.04191114,
19118,4.36958933,-2.13432407,20.53136063,6.00000000,-0.34965819,0.43505859,0.61375266,-1.85511827,0.02947162,0.07000000,0.00549451,0.37013531,-0.23999999,0.23999999,-0.01229746,-2.81347060,1.61442959,-1.83551741,-0.69954836,0.00122106,-0.30508578,
19126,0.28986958,-4.72844172,19.68441200,6.00000000,-0.35610351,0.42055663,-0.16080914,-1.12628174,0.00353589,0.07000000,0.00549451,0.07619047,-0.23999999,0.23999999,-0.01229746,-4.13643026,3.90255642,-1.11955428,-0.15859306,0.00122106,-0.39334497,
19133,-0.16383164,2.03876948,15.23119736,5.00000000,-0.36093751,0.42539063,-0.50959134,-0.49238303,0.23595637,0.07000000,0.00549451,-0.18213552,-0.23999999,0.23999999,-0.01229746,-5.50476837,6.11214304,-0.48260319,-0.13361159,0.00122106,-0.48081636,
19142,-3.64619803,0.84047163,8.88416862,6.00000000,-0.34643555,0.42539063,-0.35166723,0.31975231,0.22588271,0.07000000,0.00549451,-0.35871968,-0.08529298,0.03718051,-0.01229746,-7.45430136,8.59225559,0.31852245,0.09151112,0.00122106,-0.59017509,
19150,-1.41599917,4.29291058,2.74543524,6.00000000,-0.14179687,0.06606445,-0.15680586,1.09144247,0.20734836,0.07000000,0.00366300,-0.32798195,-0.14611004,0.10287276,-0.01229746,-8.76678848,9.82096767,1.08254707,-0.03702066,0.00122106,-0.62874573,
19158,-2.88244772,2.00525069,-0.41730517,6.00000000,-0.21591797,0.18852539,0.24616061,1.48953938,0.14014168,0.07000000,0.00366300,-0.06641705,0.23999999,-0.23999999,-0.01229746,-9.67959595,9.90299892,1.49997807,0.29699773,0.00122106,-0.63242668,
19166,-2.64901304,-0.33986983,0.22314380,6.00000000,0.32387695,-0.40122071,0.33461010,1.98964620,0.05248866,0.07000000,0.00366300,0.26361394,0.23999999,-0.23999999,-0.01229746,-8.68126774,7.81034851,2.01488066,0.27059817,0.00122106,-0.47902301,
19174,0.01214218,-0.65590447,-3.34301972,6.00000000,0.34643555,-0.41411132,0.44961330,2.00714898,0.02767817,0.07000000,0.00366300,0.43379331,0.23999999,-0.23999999,-0.01229746,-5.34943438,3.93397212,2.04234529,0.11462381,0.00122106,-0.19466677,
19182,0.32458550,-3.46310592,1.23110271,6.00000000,0.34160155,-0.41894531,0.00294810,1.59819758,0.10978723,0.07000000,0.00549451,0.63574660,0.23999999,-0.23999999,-0.01229746,-2.28114533,0.25307274,1.60646045,0.13860601,0.00122106,0.03040187,
19190,1.28825164,-3.12552357,6.46602488,6.00000000,0.35126954,-0.42377931,-0.35218820,0.97391373,0.21132745,0.07000000,0.00549451,0.65790111,0.23999999,-0.23999999,-0.01229746,0.56897730,-2.71922302,0.96286452,0.24278173,0.00122106,0.20521671,
19198,4.61140347,0.12460531,10.02859688,6.00000000,0.34643555,-0.42216796,-0.69198966,0.16725829,0.33013299,0.07000000,0.00366300,0.69332397,0.23999999,-0.23999999,-0.01229746,2.73493099,-4.96720695,0.16681117,0.18565798,0.00122106,0.30564737,
19205,9.52909374,2.28058386,12.69214630,5.00000000,0.36416015,-0.42861328,0.01404935,-0.82158619,0.30813301,0.07000000,0.00366300,0.95163137,-0.23999999,0.23999999,-0.01229746,3.85194159,-6.84169054,-0.80898404,-0.44993669,0.00122106,0.34111643,
19214,11.50550747,2.36797237,19.87116051,6.00000000,-0.32065430,0.39316407,0.29234958,-2.35972261,0.07560946,0.07000000,0.00366300,1.12568736,-0.23999999,0.23999999,-0.01229746,1.66678941,-5.34594345,-2.32130980,-0.71374673,0.00122106,0.09091383,
19222,4.09545326,-3.04531765,20.53136063,6.00000000,-0.36093751,0.42861328,0.74265862,-3.09400582,-0.02150848,0.07000000,0.00366300,0.69610059,-0.23999999,0.23999999,-0.01229746,-0.72256637,-1.52716315,-3.06777668,-0.93654394,0.00122106,-0.20571868,
19230,-0.97786021,-5.21087313,20.53136063,6.00000000,-0.35610351,0.41894531,0.06150037,-2.25746727,0.04919986,0.07000000,0.00366300,0.33188298,-0.23999999,0.23999999,-0.01229746,-2.51851010,1.44338727,-2.24196196,-0.31418407,0.00122106,-0.32301816,
19238,0.83215624,0.39515010,14.23401260,6.00000000,-0.35449219,0.43183595,-0.49404767,-1.44546664,0.25593746,0.07000000,0.00549451,-0.17249727,-0.23999999,0.23999999,-0.01229746,-3.99331331,4.57799864,-1.43204486,-0.10626350,0.00122106,-0.43985569,
19246,-4.87083197,-0.01904679,8.72136307,6.00000000,-0.34482422,0.43505859,-0.48973328,-0.52067912,0.29294109,0.07000000,0.00549451,-0.24701527,-0.03281893,-0.00066212,-0.01229746,-5.78053093,6.56941938,-0.52265316,0.20232046,0.00122106,-0.50705475,
19254,-2.16897559,3.72428751,1.84521544,6.00000000,-0.05639648,0.00966797,-0.45732218,0.36545008,0.25859657,0.07000000,0.00549451,-0.12484095,-0.13744958,0.12101534,-0.01229746,-6.87834263,7.28325891,0.35232395,0.01255026,0.00122106,-0.51024342,
19262,-3.09912300,2.32128549,-1.93044066,6.00000000,-0.20625000,0.21591797,0.22151935,0.71610326,0.10461657,0.07000000,0.00549451,0.04928474,0.23999999,-0.23999999,-0.01229746,-7.53109550,7.37227058,0.71988809,0.33598328,0.00122106,-0.51309013,
19270,-4.04722691,1.33726847,-0.57412535,6.00000000,0.32548827,-0.40283203,0.39349055,1.25609612,0.00873694,0.07000000,0.00549451,0.21864578,0.23999999,-0.23999999,-0.01229746,-6.31809187,5.57458162,1.26590621,0.39854237,0.00122106,-0.35738289,
19277,-0.63070095,0.73273253,-4.92798138,5.00000000,0.32871094,-0.41411132,0.56124556,1.33564126,-0.06256805,0.07000000,0.00549451,0.50008136,0.23999999,-0.23999999,-0.01229746,-3.24805784,1.64235485,1.36440289,0.23866552,0.00122106,-0.07996982,
19286,1.60069501,-2.05651236,0.73071456,6.00000000,0.35288087,-0.42377931,0.25441495,0.95121098,0.05346495,0.07000000,0.00549451,0.56625068,0.23999999,-0.19499227,-0.01229746,-0.02617994,-1.79245305,0.96029234,-0.00558487,0.00122106,0.13737699,
19294,2.56795239,-3.99701285,7.08492565,6.00000000,0.35288087,-0.35610351,-0.05814962,0.46300629,0.13273241,0.07000000,0.00549451,0.60976344,0.22650443,-0.14467573,-0.01229746,2.32652402,-4.26034880,0.44435954,-0.02431923,0.00122106,0.28924227,
19302,6.10059690,-1.37296784,10.58764267,6.00000000,0.33999023,-0.26748046,-0.39320311,-0.11993054,0.28998494,0.07000000,0.00549451,0.33142853,0.01401980,0.02948925,-0.01229746,4.29525518,-5.36165190,-0.12828773,-0.11616600,0.00122106,0.36073455,
19310,9.21186256,1.08228600,15.91713619,6.00000000,0.03383789,0.03061523,-0.44282711,-0.69962275,0.35084710,0.07000000,0.00549451,0.09526312,-0.23999999,0.23999999,-0.01229746,4.33539772,-4.64083052,-0.69403148,-0.48264596,0.00122106,0.28974217,
19318,12.14835072,1.46655536,19.76940727,6.00000000,-0.32226563,0.39638671,0.08593953,-1.20921826,0.25607884,0.07000000,0.00549451,-0.04373967,-0.23999999,0.23999999,-0.01229746,0.95818579,-0.76270890,-1.19126868,-1.12769437,0.00122106,-0.02082157,
19326,1.49415302,1.02362800,20.53136063,6.00000000,-0.35126954,0.43183595,0.33271536,-1.44054186,0.12776366,0.07000000,0.00549451,0.35342395,-0.10549399,0.15269943,-0.01229746,-2.06821513,0.91629785,-1.43396473,0.14296067,0.00122106,-0.22234745,
19334,1.40317333,-2.14030957,19.41147423,6.00000000,-0.16596679,0.26909178,-0.24741712,-0.46986756,-0.09526924,0.07000000,0.00549451,0.08324793,-0.23999999,0.23999999,-0.01229746,-3.21140575,2.92342639,-0.46023202,-0.27096203,0.00122106,-0.26953185,
19342,2.00172377,1.22833228,10.99345970,6.00000000,-0.34160155,0.42377931,0.02897565,-0.10666307,0.01415749,0.07000000,0.00549451,-0.09237358,-0.23999999,0.23999999,-0.01229746,-4.85376072,5.18537331,-0.10489351,-0.31413230,0.00122106,-0.39361280,
19349,-4.15736008,-0.81152755,10.48708630,5.00000000,-0.34804687,0.42539063,-0.21009031,0.41295224,-0.07703505,0.07000000,0.00549451,-0.15745395,0.12722494,-0.14815627,-0.01229746,-6.33729076,6.85565329,0.41308451,0.18674994,0.00122106,-0.47250310,
19358,-3.94906449,2.74984741,5.45447445,6.00000000,0.15791015,-0.23686524,0.01678046,1.26930404,0.01452935,0.07000000,0.00549451,-0.18716291,0.23999999,-0.23999999,-0.01229746,-5.99346066,6.59734440,1.26821733,0.24101156,0.00122106,-0.38323337,
19366,-1.67457294,1.27023077,-3.33104873,6.00000000,0.33515626,-0.40766603,0.22301321,1.49421573,-0.05210894,0.07000000,0.00366300,0.14615339,0.23999999,-0.23999999,-0.01229746,-3.72976851,3.23758578,1.51524103,0.37055495,0.00122106,-0.15219916,
19374,-1.70210624,1.01883960,-3.28555870,6.00000000,0.33354491,-0.41088867,0.22911261,1.27758145,-0.05499029,0.07000000,0.00366300,0.34326357,0.23999999,-0.23999999,-0.01229746,-0.43633232,-0.69638640,1.30557430,0.40897292,0.00122106,0.11045758,
19382,-1.77991784,-1.98708057,0.19082206,6.00000000,0.34482422,-0.42861328,0.15838318,0.98970872,-0.03076831,0.07000000,0.00366300,0.44970578,0.23999999,-0.23999999,-0.01229746,2.44346094,-3.84845090,1.00051177,0.39314392,0.00122106,0.31302989,
19390,0.41676226,-2.69337010,2.85317445,6.00000000,0.34160155,-0.43666992,-0.17756009,0.56281352,0.05212383,0.07000000,0.00366300,0.53419214,0.23999999,-0.23999999,-0.01229746,4.89564848,-6.65494013,0.56173491,0.29527804,0.00122106,0.48301333,
19398,2.63499022,-1.16227806,5.29645729,6.00000000,0.34804687,-0.42055663,-0.37673196,0.06983469,0.17119345,0.07000000,0.00366300,0.57746899,0.23999999,-0.23999999,-0.01229746,7.01447821,-8.87150860,0.06643516,0.17133296,0.00122106,0.60889208,
19406,6.69316196,0.70998764,11.11556435,6.00000000,0.35932618,-0.42861328,-0.41402319,-0.64824378,0.20117714,0.07000000,0.00366300,0.61216670,0.08786613,-0.00687981,-0.01229746,8.77900600,-10.79835224,-0.64664108,-0.11845244,0.00122106,0.69651055,
19414,11.67549610,-0.38176835,14.76313114,6.00000000,0.14663085,-0.02900391,0.38501406,-1.62801194,0.09253298,0.07000000,0.00366300,0.73158985,-0.23999999,0.23999999,-0.01229746,8.61843586,-10.99382973,-1.62308764,-0.85238820,0.00122106,0.62102377,
19421,10.15637493,0.13777342,20.53136063,5.00000000,-0.32065430,0.38188475,0.42691094,-2.46250224,-0.11521006,0.07000000,0.00366300,0.53673512,-0.23999999,0.23999999,-0.01229746,5.87303305,-7.61487150,-2.42462635,-0.99677414,0.00122106,0.33207649,
19430,5.45655680,-2.60598183,20.53136063,6.00000000,-0.35288087,0.42539063,0.68859094,-2.78409696,-0.09406047,0.07000000,0.00366300,0.43250358,-0.23999999,0.23999999,-0.01229746,1.78198111,-3.17300868,-2.74798059,-0.89676011,0.00122106,-0.02098584,
19438,-1.74041343,-5.98300314,20.53136063,6.00000000,-0.35771483,0.41411132,-0.42103562,-1.79218030,-0.05432454,0.07000000,0.00366300,0.02805251,-0.23999999,0.23999999,-0.01229746,0.03490658,-0.10297443,-1.78425121,0.07292223,0.00122106,-0.13731387,
19446,-1.66858745,3.80688763,14.42195702,6.00000000,-0.35771483,0.43183595,-0.62619507,-0.73451614,0.21915378,0.07000000,0.00366300,-0.53395444,-0.22875279,0.15568830,-0.01229746,-1.08908546,2.83615994,-0.72091174,0.00349284,0.00122106,-0.20569962,
19454,-3.13743019,-0.11002646,6.46841908,6.00000000,-0.33032227,0.27553710,-0.54157162,0.08017630,0.17115241,0.07000000,0.00366300,-0.27855918,-0.23999999,0.23999999,-0.01229746,-3.61981273,4.51342154,0.07664633,-0.12819093,0.00122106,-0.30351830,
19462,-2.81062174,5.45529556,1.30652010,6.00000000,-0.34804687,0.41411132,-0.10707801,0.80991292,0.04556912,0.07000000,0.00366300,-0.39686215,0.07597786,-0.12921631,-0.01229746,-5.48731518,6.77885866,0.79917270,0.09339462,0.00122106,-0.40952235,
19470,-4.83611631,0.57112390,0.82887685,6.00000000,0.09990235,-0.19497070,0.48779714,1.53345561,-0.02845835,0.07000000,0.00549451,-0.14176919,0.23999999,-0.23999999,-0.01229746,-6.13483238,6.59385347,1.54024529,0.48084602,0.00122106,-0.37045050,
19478,-3.08715200,-0.34106693,-2.54455328,6.00000000,0.34482422,-0.40605468,0.62139869,1.86236155,-0.16695304,0.07000000,0.00549451,0.23921582,0.23999999,-0.23999999,-0.01229746,-3.93920803,3.15206480,1.88763976,0.59211653,0.00122106,-0.12647934,
19486,-0.52415901,-1.73209810,-1.49230170,6.00000000,0.34160155,-0.41733399,0.42200395,1.69804502,-0.11165377,0.07000000,0.00366300,0.45855731,0.23999999,-0.23999999,-0.01229746,-0.71558499,-0.74874628,1.72418654,0.31657255,0.00122106,0.12794122,
19493,-0.36733878,-3.31705952,2.31926727,5.00000000,0.35288087,-0.43022460,0.08076727,1.31304777,-0.03808555,0.07000000,0.00366300,0.43612865,0.23999999,-0.23999999,-0.01229746,1.90589952,-3.29692674,1.31731963,0.25324741,0.00122106,0.29799739,
19502,2.51408291,-2.04693556,5.54305983,6.00000000,0.34965819,-0.44311523,-0.34450850,0.76762509,0.11945585,0.07000000,0.00366300,0.47609672,0.23999999,-0.23999999,-0.01229746,4.23242331,-5.76482248,0.76601642,0.13570574,0.00122106,0.43483996,
19510,5.63013649,-0.76723480,11.18739033,6.00000000,0.35126954,-0.42700195,-0.52191204,-0.00668021,0.25545967,0.07000000,0.00366300,0.55212909,0.21103162,-0.13755825,-0.01229746,6.12610579,-7.92903042,-0.01256251,-0.05309527,0.00122106,0.53282046,
19518,9.51233482,3.25023556,15.90995312,6.00000000,0.32226563,-0.26425782,0.02698857,-0.86337483,0.16783868,0.07000000,0.00366300,0.62044746,-0.23999999,0.23999999,-0.01229746,7.14014196,-9.17519569,-0.84707421,-0.53268033,0.00122106,0.55622154,
19526,10.27608490,1.00567150,20.53136063,6.00000000,-0.31098634,0.39477539,0.18319450,-2.21892548,0.03115966,0.07000000,0.00549451,0.60217273,-0.23999999,0.23999999,-0.01229746,4.95324421,-6.88357830,-2.19574451,-0.69952470,0.00122106,0.28566897,
19534,3.64414620,-2.24445724,20.53136063,6.00000000,-0.35288087,0.42539063,0.68361682,-2.59535885,-0.13491960,0.07000000,0.00549451,0.66453117,-0.23999999,0.23999999,-0.01229746,1.79070783,-3.91128302,-2.56521702,-0.84245396,0.00122106,0.02403334,
19542,-0.54450971,-4.61232281,19.53357697,6.00000000,-0.36577147,0.42377931,0.03574746,-1.60599017,-0.16215359,0.07000000,0.00549451,0.26065016,-0.23999999,0.23999999,-0.01229746,-0.33161256,-0.50614548,-1.59549809,-0.39459571,0.00122106,-0.11260122,
19550,-0.83420813,-0.47035381,11.69735527,6.00000000,-0.35288087,0.42539063,-0.19711627,-0.53105658,0.06783077,0.07000000,0.00549451,-0.21768349,-0.23999999,0.23999999,-0.01229746,-1.48876595,2.17642546,-0.52939367,-0.09531420,0.00122106,-0.18043946,
19558,-4.52606726,-0.86898839,6.84789991,6.00000000,-0.35126954,0.43505859,-0.47027850,0.18741246,0.12023320,0.07000000,0.00549451,-0.36713591,0.09418128,-0.14415392,-0.01229746,-3.51509309,4.66526508,0.18616223,0.14647719,0.00122106,-0.29910466,
19565,-2.89202452,3.66922092,1.30891430,5.00000000,0.12246094,-0.23203126,-0.28303641,1.07255733,0.20683132,0.07000000,0.00549451,-0.32979351,0.18154798,-0.22613293,-0.01229746,-3.79085517,4.87121391,1.06353891,0.08437448,0.00122106,-0.25308046,
19574,-2.93751431,2.36677527,-4.64067698,6.00000000,0.25620118,-0.38671875,0.22712666,1.33205473,0.03878455,0.07000000,0.00549451,0.20469451,0.23999999,-0.23999999,-0.01229746,-1.92160749,1.25140107,1.34611773,0.44827303,0.00122106,-0.01978986,
19582,-2.10433221,2.44578385,-4.13909149,6.00000000,0.34160155,-0.41088867,0.43509057,1.31525302,-0.01961078,0.07000000,0.00549451,0.47711751,0.23999999,-0.23999999,-0.01229746,0.81681406,-2.37539315,1.34453881,0.40957117,0.00122106,0.21725363,
19590,-0.83899653,-1.30712736,-0.87220347,6.00000000,0.35610351,-0.42700195,0.47303054,1.11899185,-0.00158473,0.07000000,0.00549451,0.62687147,0.23999999,-0.23999999,-0.01229746,3.44527984,-5.50651360,1.13333440,0.18959352,0.00122106,0.42654961,
19598,1.23318505,-2.58922243,2.21033120,6.00000000,0.35449219,-0.41733399,0.10117082,0.73181540,0.10008664,0.07000000,0.00366300,0.64361304,0.23999999,-0.23999999,-0.01229746,5.95157290,-8.05294895,0.72639489,0.06304877,0.00122106,0.58874917,
19606,2.52006841,-2.29712963,7.58291960,6.00000000,0.36093751,-0.43989259,-0.23570916,0.24054182,0.29855859,0.07000000,0.00366300,0.73002189,0.23999999,-0.23999999,-0.01229746,7.97091913,-10.35503864,0.22634459,0.08483404,0.00122106,0.71698564,
19614,7.67358780,-2.54014111,14.30703545,6.00000000,0.35449219,-0.43022460,-0.46113789,-0.56061053,0.28954944,0.07000000,0.00366300,0.92096293,0.18202725,-0.05919807,-0.01229746,9.59232903,-12.61698532,-0.58293843,-0.10553086,0.00122106,0.79815376,
19622,10.87583256,1.87356961,17.09029388,6.00000000,0.27070314,-0.11279297,0.11798416,-1.48846197,0.17237043,0.07000000,0.00366300,0.80816072,-0.23999999,0.23999999,-0.01229746,10.29046059,-12.96605110,-1.46760249,-0.51497304,0.00122106,0.77410185,
19630,11.86583519,1.75625372,20.53136063,6.00000000,-0.32065430,0.39799803,0.19216077,-2.43450427,0.06508238,0.07000000,0.00366300,0.69565374,-0.23999999,0.23999999,-0.01229746,7.81034851,-9.99724579,-2.39006209,-0.80087477,0.00122106,0.49680156,
19637,5.98926687,-1.21495056,20.53136063,5.00000000,-0.33676758,0.41411132,0.70224059,-2.63214898,0.00344300,0.07000000,0.00366300,0.59465253,-0.23999999,0.23999999,-0.01229746,3.99331331,-5.91317511,-2.59096003,-0.98053610,0.00122106,0.18720666,
19646,-2.85371733,-4.01018095,20.53136063,6.00000000,-0.35288087,0.41894531,-0.12725642,-1.67553914,-0.05265627,0.07000000,0.00366300,0.25577378,-0.23999999,0.23999999,-0.01229746,2.08915901,-2.92691708,-1.66536713,-0.07653004,0.00122106,0.06346141,
19654,-1.08440220,3.21192837,13.72644138,6.00000000,-0.34643555,0.41894531,-0.42461529,-0.56874877,0.17165442,0.07000000,0.00366300,-0.09933525,-0.07388653,0.05974998,-0.01229746,-0.08726646,0.42236969,-0.55185235,0.02786607,0.00122106,-0.06215648,
19662,-5.62739992,0.20241687,7.21421289,6.00000000,-0.11601563,0.12246094,-0.16272317,0.41941169,0.14964086,0.07000000,0.00366300,-0.15661928,0.23999999,-0.23999999,-0.01229746,-1.13970006,1.64759088,0.41788769,0.35684639,0.00122106,-0.07536951,
19670,-2.71245933,4.02954817,-0.12521255,6.00000000,0.32871094,-0.40122071,-0.02603963,1.04244792,0.15000111,0.07000000,0.00366300,0.09924802,0.23999999,-0.23999999,-0.01229746,0.00698132,-0.32812190,1.04368615,0.34557071,0.00122106,0.09026061,
19678,-0.72168064,2.23030567,-6.37168455,6.00000000,0.34804687,-0.41572267,0.17019591,1.05899942,0.00908068,0.07000000,0.00366300,0.27335736,0.23999999,-0.23999999,-0.01229746,2.78205466,-3.70009804,1.08478367,0.32964575,0.00122106,0.32935774,
19686,-1.78350914,0.51126885,-2.77798796,6.00000000,0.34321290,-0.42055663,0.30937454,0.94829947,0.03563081,0.07000000,0.00366300,0.46031037,0.23999999,-0.23999999,-0.01229746,5.29532862,-6.83645487,0.96708512,0.34080979,0.00122106,0.53543425,
19694,0.14741458,-2.29712963,0.75824785,6.00000000,0.35288087,-0.41894531,0.18378161,0.61794353,0.07023767,0.07000000,0.00366300,0.58749753,0.23999999,-0.23999999,-0.01229746,7.90634155,-9.75115490,0.62021315,0.17241135,0.00122106,0.71745908,
19702,1.53006601,-2.69576430,3.00640321,6.00000000,0.34321290,-0.41894531,-0.17591810,0.20549108,0.12751976,0.07000000,0.00366300,0.70690739,0.23999999,-0.23999999,-0.01229746,10.00248146,-12.30457115,0.19491994,0.15047123,0.00122106,0.87107122,
19709,4.59464407,-1.26642585,7.49792576,5.00000000,0.34804687,-0.41411132,-0.38656709,-0.31472760,0.23642315,0.07000000,0.00366300,0.88147295,0.23999999,-0.23999999,-0.01229746,11.69719696,-14.57175446,-0.32627225,0.05318278,0.00122106,0.97498715,
19718,8.09017849,-0.60083783,13.75996017,6.00000000,0.35771483,-0.42539063,-0.30080041,-1.10811520,0.11404841,0.07000000,0.00366300,1.05905843,0.15504122,-0.01421767,-0.01229746,13.21214199,-16.60331726,-1.11768091,-0.14439039,0.00122106,1.04738021,
19726,11.12842083,0.15333574,16.21641159,6.00000000,0.24492188,-0.02900391,0.26230404,-2.01383567,-0.06809922,0.07000000,0.00366300,1.04218268,-0.23999999,0.23999999,-0.01229746,13.47219658,-16.86860657,-2.00247574,-0.58743155,0.00122106,1.00348461,
19734,10.22700405,1.09425700,19.91186142,6.00000000,-0.32871094,0.38994139,0.41482034,-2.69109702,-0.15298626,0.07000000,0.00366300,0.59110260,-0.23999999,0.23999999,-0.01229746,11.33940411,-13.18247128,-2.63747931,-0.91379368,0.00122106,0.74055016,
19742,5.40388441,-0.56612188,20.53136063,6.00000000,-0.33032227,0.40444335,0.51031184,-2.78679681,-0.06215909,0.07000000,0.00366300,0.07839286,-0.23999999,0.23999999,-0.01229746,7.66723108,-7.96393728,-2.74057913,-0.87037772,0.00122106,0.37803829,
19750,0.10192475,-5.12827301,20.53136063,6.00000000,-0.34482422,0.42861328,-0.13057937,-2.24644184,-0.01098859,0.07000000,0.00366300,0.08903159,-0.23999999,0.23999999,-0.01229746,4.93404579,-5.19409990,-2.22137046,0.00616777,0.00122106,0.21851279,
19758,-0.26199391,0.62379634,11.90924263,6.00000000,-0.34160155,0.41733399,-0.62007481,-1.17062306,0.09780148,0.07000000,0.00549451,-0.19394079,-0.23999999,0.23999999,-0.01229746,2.50105691,-1.85703039,-1.16409314,-0.08171536,0.00122106,0.07536136,
19766,-3.22242427,2.56190252,7.21421289,6.00000000,-0.34321290,0.42216796,-0.49102351,-0.27739701,0.00065935,0.07000000,0.00549451,-0.27763188,-0.01796893,-0.02055014,-0.01229746,-0.21642081,1.11526537,-0.28479993,0.04663996,0.00122106,-0.06993399,
19774,-2.70767093,4.00321198,3.09259462,6.00000000,-0.03867187,-0.01127930,-0.06569704,0.62694120,-0.02002122,0.07000000,0.00549451,-0.20755905,0.20439464,-0.23294839,-0.01229746,-1.26012766,1.92160749,0.61553484,0.09373541,0.00122106,-0.07350191,
19781,-2.19052339,2.04116368,-1.61560309,5.00000000,0.27070314,-0.39155275,0.24003145,0.98236066,-0.13091028,0.07000000,0.00549451,0.12972148,0.23999999,-0.23999999,-0.01229746,-0.13962634,-0.28099802,0.98905110,0.29489028,0.00122106,0.08374014,
19790,-0.83181393,-0.78160006,-2.16267824,6.00000000,0.34804687,-0.41894531,0.40998924,1.07433510,-0.17253870,0.07000000,0.00549451,0.34069416,0.23999999,-0.23999999,-0.01229746,2.88153863,-3.98109603,1.08948505,0.25540972,0.00122106,0.34064358,
19798,0.62625492,-3.22967124,0.49608278,6.00000000,0.34804687,-0.43022460,0.24592932,0.88177109,-0.17337728,0.07000000,0.00366300,0.47045541,0.23999999,-0.23999999,-0.01229746,5.37212324,-6.90277719,0.88550043,0.10679945,0.00122106,0.53780019,
19806,2.56914949,-2.41923404,4.33997345,6.00000000,0.35771483,-0.42539063,-0.05901923,0.31715992,-0.10648360,0.07000000,0.00366300,0.66328049,0.23999999,-0.23999999,-0.01229746,7.48920774,-9.62199974,0.31125468,0.00092258,0.00122106,0.67390233,
19814,4.85800648,-0.92764634,7.56975174,6.00000000,0.35610351,-0.42216796,-0.35415211,-0.44987053,-0.09867439,0.07000000,0.00366300,0.84304333,0.23999999,-0.18399033,-0.01229746,9.22232056,-12.00612068,-0.45892259,-0.02500432,0.00122106,0.76933509,
19822,7.84477282,3.10897779,14.41238022,6.00000000,0.36577147,-0.33032227,-0.35521695,-1.38511539,-0.13420497,0.07000000,0.00366300,0.83253771,0.02699226,0.08333230,-0.01229746,11.08982277,-13.76715660,-1.36129045,-0.13173498,0.00122106,0.84504104,
19830,11.60247231,1.81491172,16.13022041,6.00000000,0.06606445,0.12568359,0.42561311,-2.31016779,-0.21669155,0.07000000,0.00366300,0.70857692,-0.23999999,0.23999999,-0.01229746,10.98859215,-13.16850948,-2.27710056,-0.79210985,0.00122106,0.75020766,
19838,9.00715828,0.50049496,19.40069962,6.00000000,-0.32709962,0.40605468,0.49094805,-2.79028535,-0.30040497,0.07000000,0.00366300,0.40023109,-0.23999999,0.23999999,-0.01229746,8.32347488,-9.62898159,-2.73821235,-1.11146021,0.00122106,0.47292405,
19846,-0.98384571,-3.61154652,20.53136063,6.00000000,-0.34482422,0.43183595,0.23548754,-2.19655919,-0.35841244,0.07000000,0.00366300,0.23718745,-0.23999999,0.23999999,-0.01229746,6.08247232,-6.85216284,-2.17714310,-0.20525962,0.00122106,0.32593888,
19853,0.64899981,-2.94835258,16.62222862,5.00000000,-0.34643555,0.43183595,-0.19566087,-1.28272986,-0.16182616,0.07000000,0.00366300,-0.06229439,-0.23999999,0.23999999,-0.01229746,3.92699075,-3.72453260,-1.26979756,-0.25020137,0.00122106,0.19573450,
19862,-2.12827420,-0.26086116,10.69059372,6.00000000,-0.35449219,0.41733399,-0.39789799,-0.37882751,-0.19151965,0.07000000,0.00366300,-0.35593835,-0.06510635,0.01585355,-0.01229746,1.67028010,-0.52883476,-0.37696558,-0.01176666,0.00122106,0.05465486,
19870,-2.20369148,2.93060970,5.92972374,6.00000000,-0.09990235,0.04672851,-0.23660383,0.40842980,-0.15498286,0.07000000,0.00366300,-0.24949738,0.01630018,-0.05060299,-0.01229746,0.15184364,0.64926249,0.39794648,-0.04030158,0.00122106,0.01041379,
19878,-1.49021935,2.65886784,0.02203085,6.00000000,0.00966797,-0.07734375,0.02353813,0.79675883,-0.22721268,0.07000000,0.00366300,-0.02016594,0.23999999,-0.23999999,-0.01229746,0.15009832,-0.08901179,0.79702413,0.12316393,0.00122106,0.07126322,
19886,-2.23481607,0.60583985,-0.06655461,6.00000000,0.33837891,-0.41249999,0.34865302,1.12358141,-0.24516584,0.07000000,0.00549451,0.27231327,0.23999999,-0.23999999,-0.01229746,1.61442959,-2.50803804,1.10345590,0.28017062,0.00122106,0.23654172,
19894,0.04925231,-0.12798297,-1.27802062,6.00000000,0.34160155,-0.41572267,0.35622090,1.12345755,-0.23330681,0.07000000,0.00549451,0.32980689,0.23999999,-0.23999999,-0.01229746,4.48026037,-5.51524067,1.14023209,0.15932053,0.00122106,0.47240925,
19902,1.49774432,-2.60478473,0.71754646,6.00000000,0.34321290,-0.43183595,0.19243948,0.77776027,-0.14077041,0.07000000,0.00549451,0.46098948,0.23999999,-0.23999999,-0.01229746,6.72300863,-8.19955635,0.78377926,0.00786901,0.00122106,0.63028264,
19910,2.65534091,-1.73568940,5.67593813,6.00000000,0.35771483,-0.41572267,-0.17890938,0.16644230,-0.08611304,0.07000000,0.00549451,0.51638329,0.23999999,-0.23999999,-0.01229746,9.00415421,-10.68141460,0.16275567,0.01245705,0.00122106,0.76894534,
19918,5.82406664,-0.47873351,9.29956245,6.00000000,0.36254883,-0.43183595,-0.34672663,-0.66070575,-0.01356089,0.07000000,0.00366300,0.66580641,0.13438186,-0.04646167,-0.01229746,10.85071182,-13.02015591,-0.66475546,-0.13601106,0.00122106,0.85729831,
19925,10.35988235,4.45930767,14.76911640,5.00000000,0.20947266,-0.09990235,-0.14041950,-1.67720854,-0.01413818,0.07000000,0.00366300,0.61504757,-0.23999999,0.23999999,-0.01229746,12.04102707,-14.05164528,-1.64488530,-0.48190692,0.00122106,0.86598545,
19934,12.62479687,0.89434117,16.16493607,6.00000000,-0.32709962,0.41411132,0.14868589,-2.72142577,-0.04940193,0.07000000,0.00366300,0.33180487,-0.23999999,0.23999999,-0.01229746,9.51553535,-10.55226040,-2.68938994,-0.98775315,0.00122106,0.56309003,
19942,1.50492692,0.31494436,20.53136063,6.00000000,-0.34804687,0.41733399,0.45695636,-2.73502421,-0.14319508,0.07000000,0.00366300,0.11611515,-0.23999999,0.23999999,-0.01229746,7.70388317,-8.07389355,-2.70011950,-0.35282099,0.00122106,0.39499435,
19950,3.61062741,-3.53493190,19.66286469,6.00000000,-0.35126954,0.42377931,0.31877765,-1.56144977,-0.12811756,0.07000000,0.00366300,-0.03025511,-0.23999999,0.23999999,-0.01229746,5.09636164,-4.99862289,-1.52783728,-0.63037550,0.00122106,0.27033323,
19958,-0.83540523,-1.22931576,14.30942917,6.00000000,-0.34804687,0.41894531,-0.37525219,-0.64018732,-0.03712031,0.07000000,0.00366300,-0.24169619,-0.13723923,0.10318772,-0.01229746,3.10668612,-2.32128787,-0.61006427,-0.07530671,0.00122106,0.16363588,
19966,-1.99419880,1.09066570,9.85980606,6.00000000,-0.20786133,0.18369141,-0.42063758,0.28604189,0.02682271,0.07000000,0.00366300,-0.36388159,-0.05748569,0.00738035,-0.01229746,1.46782184,-0.27750733,0.28352779,-0.09890312,0.00122106,0.08921183,
19974,-2.81062174,2.14291739,3.83719134,6.00000000,-0.09667969,0.01933594,-0.27906051,0.92573440,-0.02712048,0.07000000,0.00366300,-0.18199034,0.23999999,-0.23999999,-0.01229746,0.50090951,0.08552113,0.92156208,0.07256772,0.00122106,0.08528701,
19982,-1.95948291,2.95096040,0.78817540,6.00000000,0.33354491,-0.41572267,0.17187111,1.36623335,-0.10222511,0.07000000,0.00366300,0.08384040,0.23999999,-0.23999999,-0.01229746,1.60744822,-1.87448359,1.37381148,0.22848363,0.00122106,0.23848513,
19990,0.38444054,-0.19262642,-3.28795290,6.00000000,0.34643555,-0.41572267,0.36273471,1.37939548,-0.18042709,0.07000000,0.00366300,0.37256628,0.23999999,-0.23999999,-0.01229746,3.95840669,-5.11730576,1.40464497,0.14675316,0.00122106,0.45152664,
19997,1.23677635,-0.98031878,-0.66989344,5.00000000,0.35771483,-0.43344727,0.34825319,1.11813891,-0.13415496,0.07000000,0.00366300,0.46483481,0.23999999,-0.23999999,-0.01229746,6.29365730,-7.76496983,1.13466024,-0.02743083,0.00122106,0.61955744,
20006,2.07714105,-2.96271777,4.72903156,6.00000000,0.34482422,-0.42861328,-0.04796997,0.45402807,-0.04352955,0.07000000,0.00366300,0.51701754,0.23999999,-0.23999999,-0.01229746,8.87499905,-10.51386356,0.44715106,-0.01214204,0.00122106,0.77075142,
20014,5.54514217,-1.63393581,7.51947355,6.00000000,0.35288087,-0.42216796,-0.30815327,-0.31934711,0.04877299,0.07000000,0.00366300,0.66369230,0.18682393,-0.09908125,-0.01229746,10.81755066,-12.98350430,-0.32787925,-0.14620134,0.00122106,0.87773502,
20022,8.23023987,1.09186280,9.97472763,6.00000000,0.26909178,-0.18208008,-0.36921990,-1.23478842,0.04133893,0.07000000,0.00366300,0.69137925,-0.10914224,0.20010430,-0.01229746,12.38660145,-14.67996407,-1.23034418,-0.26882911,0.00122106,0.93667656,
20030,12.63317680,1.36599886,11.85178185,6.00000000,-0.14179687,0.32709962,0.04051382,-2.14741111,-0.06130709,0.07000000,0.00366300,0.27562299,-0.23999999,0.23999999,-0.01229746,11.38303757,-12.26617336,-2.12565851,-0.83852237,0.00122106,0.74117136,
20038,8.26854706,1.23431778,18.86439896,6.00000000,-0.33515626,0.43666992,0.24733441,-2.77630019,-0.16871461,0.07000000,0.00366300,0.19260091,-0.23999999,0.23999999,-0.01229746,8.08611012,-8.71442890,-2.73698235,-0.91288418,0.00122106,0.43000892,
20046,2.48654962,0.57950366,20.53136063,6.00000000,-0.36254883,0.42055663,0.11143570,-1.81823552,-0.36186501,0.07000000,0.00366300,0.06956178,-0.23999999,0.23999999,-0.01229746,5.98647928,-6.22384405,-1.78271210,-0.36039746,0.00122106,0.33089584,
20054,2.66372061,-1.76801109,16.80777931,6.00000000,-0.34965819,0.42377931,0.14158478,-0.93161619,-0.29268962,0.07000000,0.00366300,0.03684925,-0.23999999,0.23999999,-0.01229746,3.41560936,-3.54825449,-0.91617280,-0.49403328,0.00122106,0.19782883,
20062,0.18811601,-0.89293039,10.91205692,6.00000000,-0.34643555,0.41733399,-0.35614282,-0.19046028,-0.30058983,0.07000000,0.00366300,-0.24959189,-0.23999999,0.23999999,-0.01229746,1.09781218,-0.30543262,-0.19023395,-0.21666849,0.00122106,0.03901201,
20069,-0.36374748,1.41029167,6.36187696,5.00000000,-0.35126954,0.42700195,-0.37834305,0.65742123,-0.30608693,0.07000000,0.00366300,-0.33965537,-0.23999999,0.21413039,-0.01229746,-1.17460668,2.26892805,0.65323085,-0.23932308,0.00122106,-0.08133233,
20078,-2.00257850,1.56112635,4.94810104,6.00000000,-0.34965819,0.37543947,-0.22207712,1.30074525,-0.29325420,0.07000000,0.00366300,-0.38605520,0.02807796,-0.08009140,-0.01229746,-3.24805784,4.49073172,1.30096316,-0.07196918,0.00122106,-0.19577795,
20086,-1.74161053,0.85244262,4.28251266,6.00000000,0.01289062,-0.12568359,-0.15359959,1.91686058,-0.34350911,0.07000000,0.00366300,-0.19536157,0.18865655,-0.21447843,-0.01229746,-3.83099771,4.47327852,1.92375612,-0.05067534,0.00122106,-0.16938300,
20094,-0.16263454,0.50887465,1.84401834,6.00000000,0.26425782,-0.35288087,0.03861523,2.14019275,-0.35211283,0.07000000,0.00366300,0.16624686,0.23999999,-0.23999999,-0.01229746,-2.01061916,1.46433127,2.16040540,0.05778614,0.00122106,0.03494781,
20102,1.04404306,-1.61957061,3.61572766,6.00000000,0.33999023,-0.43022460,-0.05759573,2.05926037,-0.41730025,0.07000000,0.00549451,0.35172021,0.23999999,-0.23999999,-0.01229746,1.09955740,-2.17642546,2.07314801,0.07296064,0.00122106,0.29110229,
20110,4.27262402,-0.65829867,6.09013510,6.00000000,0.34321290,-0.42539063,0.17567365,1.50542057,-0.26189870,0.07000000,0.00549451,0.11957854,0.15613046,-0.14087740,-0.01229746,3.96189737,-4.34412432,1.51334214,-0.23129942,0.00122106,0.43865079,
20118,6.45015049,-3.60556102,8.04739475,6.00000000,0.23203126,-0.24975586,-0.14262840,0.45465702,-0.18698639,0.07000000,0.00366300,0.19066912,-0.23999999,0.23999999,-0.01229746,5.34419823,-5.94982719,0.45039034,-0.45714760,0.00122106,0.46572313,
20126,8.97962475,1.66886544,9.60123158,6.00000000,-0.33676758,0.40444335,-0.22841755,-0.55072093,-0.00928891,0.07000000,0.00366300,-0.21907663,-0.23999999,0.23999999,-0.01229746,4.46280670,-3.74896717,-0.54822820,-0.73047996,0.00122106,0.27102047,
20134,-2.06482768,1.02482510,20.53136063,6.00000000,-0.34965819,0.42216796,0.05257805,-0.66146570,0.08295395,0.07000000,0.00549451,-0.44233710,0.14846677,-0.21011966,-0.01229746,3.61283159,-2.18515205,-0.65737432,0.14611995,0.00122106,0.16946432,
20141,5.01482677,-0.83307534,17.61103439,5.00000000,0.19497070,-0.34643555,0.10015582,0.00951423,0.02412556,0.07000000,0.00549451,-0.26651466,-0.23999999,0.23999999,-0.01229746,2.91469979,-2.03854465,0.01637006,-0.62341744,0.00122106,0.18991753,
20150,7.59697294,-0.89771885,6.01112652,6.00000000,-0.32387695,0.40605468,-0.02888546,-0.20516106,0.02080482,0.07000000,0.00549451,-0.13526675,-0.23999999,0.23999999,-0.01229746,1.16762531,-0.73827428,-0.20305215,-0.72369415,0.00122106,0.05833657,
20158,-2.45627975,-0.39134514,17.73194122,6.00000000,-0.35288087,0.43022460,-0.13292898,-0.24314961,0.02055469,0.07000000,0.00549451,-0.28830767,0.13993523,-0.17989121,-0.01229746,-0.23212880,1.16238928,-0.24132682,0.15589750,0.00122106,-0.06846505,
20166,-0.36015618,0.16530673,10.12675953,6.00000000,0.18852539,-0.29326171,0.20797873,0.47878808,0.02875841,0.07000000,0.00549451,-0.20380911,-0.06533322,0.03705888,-0.01229746,-0.13264503,0.77841681,0.47808969,-0.10883377,0.00122106,0.00140662,
20174,1.87004268,0.58309495,1.15927660,6.00000000,-0.08217774,0.05478515,0.05536968,0.49590203,-0.02497232,0.07000000,0.00549451,0.07626615,0.00284634,0.00693069,-0.01229746,-0.08028515,-0.16580628,0.50058794,-0.08875601,0.00122106,0.04157342,
20182,-1.71886563,-0.28600028,6.25174379,6.00000000,0.00000000,0.01450195,0.05817108,0.65100902,0.02658615,0.07000000,0.00549451,0.03655435,0.23999999,-0.23999999,-0.01229746,0.20943952,-0.32637659,0.65311182,0.11558902,0.00122106,0.06958176,
20190,-0.86772692,0.97215271,5.06421947,6.00000000,0.34643555,-0.41088867,0.03153174,0.94358516,0.09299622,0.07000000,0.00366300,0.10127772,0.23999999,-0.23999999,-0.01229746,1.59348571,-1.93207943,0.94808686,0.10198262,0.00122106,0.20510428,
20198,4.97532225,0.01327493,-0.60405290,6.00000000,0.33999023,-0.42861328,0.04700430,0.54407340,0.09747445,0.07000000,0.00366300,0.29916233,-0.13307601,0.17274638,-0.01229746,3.74198580,-4.72111559,0.55776668,-0.30863884,0.00122106,0.36683154,
20206,5.82646084,-0.67386097,1.87873423,6.00000000,-0.18208008,0.27714843,0.06014805,-0.11532076,0.10275265,0.07000000,0.00549451,0.19083975,-0.23999999,0.23999999,-0.01229746,3.54650903,-4.16435575,-0.11203778,-0.48659548,0.00122106,0.28605172,
20213,2.58112049,-0.61400592,12.72446823,5.00000000,-0.34482422,0.42377931,-0.11028091,-0.35110906,0.15286927,0.07000000,0.00549451,-0.07371338,-0.23999999,0.23999999,-0.01229746,1.89193690,-1.64060950,-0.35130751,-0.33890542,0.00122106,0.10599902,
20222,1.68090081,1.35283077,15.82615662,6.00000000,-0.34482422,0.43344727,-0.20972961,0.29861566,0.13092636,0.07000000,0.00549451,-0.19125110,-0.23999999,0.23999999,-0.01229746,-0.22689280,0.83775806,0.30042371,-0.37096682,0.00122106,-0.02245862,
20230,3.03482175,1.77540743,16.64257813,6.00000000,-0.35771483,0.42377931,0.12019445,0.79113954,0.11705937,0.07000000,0.00549451,-0.32237017,-0.23999999,0.23999999,-0.01229746,-1.88321030,2.94262528,0.78552020,-0.47334385,0.00122106,-0.12014294,
20238,2.33332062,0.50408626,17.45421410,6.00000000,-0.35288087,0.42700195,0.09593345,1.25807214,0.08832647,0.07000000,0.00549451,-0.46175560,-0.23999999,0.23999999,-0.01229746,-3.28470969,4.81885433,1.24848056,-0.39097464,0.00122106,-0.20994633,
20246,1.30501115,-1.11199987,16.90953255,6.00000000,-0.36577147,0.43183595,0.16025347,1.65663230,0.11826233,0.07000000,0.00549451,-0.62312931,-0.23999999,0.19995961,-0.01229746,-4.75776768,6.76838684,1.64783680,-0.29249775,0.00122106,-0.31356442,
20254,1.40197623,-0.25607276,13.48462677,6.00000000,-0.36416015,0.35932618,-0.07670241,2.15498161,0.15084337,0.07000000,0.00549451,-0.72665381,-0.23999999,0.23999999,-0.01229746,-6.24304295,8.60970879,2.14693022,-0.38391700,0.00122106,-0.40222347,
20262,-0.46310684,-0.38775384,11.12394428,6.00000000,-0.35771483,0.41733399,-0.03479277,2.61434078,0.18145594,0.07000000,0.00366300,-0.84146857,-0.16464633,0.05187687,-0.01229746,-7.59392786,10.24508286,2.61159587,-0.26206461,0.00122106,-0.48047408,
20270,-0.98025441,0.05397636,9.20977974,6.00000000,-0.25297850,0.09184571,0.01401728,3.20448971,0.16544040,0.07000000,0.00366300,-0.73229384,0.05090353,-0.14847851,-0.01229746,-8.73537254,11.12821865,3.20434666,-0.17678808,0.00122106,-0.50559121,
20278,-0.98983121,0.90870637,6.00274658,6.00000000,0.06767578,-0.24492188,0.22694600,3.54246402,0.12603392,0.07000000,0.00366300,-0.21350446,0.23999999,-0.23999999,-0.01229746,-8.72664642,9.41430664,3.55196738,0.05365996,0.00122106,-0.41741920,
20285,1.02608657,-0.12080037,1.25624180,5.00000000,0.33676758,-0.42055663,0.26544014,3.55490804,0.03417800,0.07000000,0.00366300,0.40136963,0.23999999,-0.23999999,-0.01229746,-7.47699022,6.19417334,3.59312868,0.00107297,0.00122106,-0.24835092,
20294,1.40437043,-0.91088694,2.05710220,6.00000000,0.33676758,-0.41894531,0.17120619,2.93359852,0.03606933,0.07000000,0.00366300,0.59323382,0.23999999,-0.23999999,-0.01229746,-4.11897707,2.23053074,2.96373153,-0.04225060,0.00122106,-0.01622032,
20302,1.61146891,-0.95877099,4.36750698,6.00000000,0.34321290,-0.42700195,-0.04626357,2.21991038,0.11537337,0.07000000,0.00366300,0.60133630,0.23999999,-0.23999999,-0.01229746,-1.02101767,-0.94073248,2.23398137,0.02526797,0.00122106,0.17262679,
20310,3.57232022,0.28860813,6.16794682,6.00000000,0.34160155,-0.42861328,-0.17184512,1.40025246,0.22158533,0.07000000,0.00366300,0.65319830,0.23999999,-0.23999999,-0.01229746,1.44513273,-3.59188771,1.41082966,-0.02074240,0.00122106,0.29504901,
20318,5.40029287,1.21875548,8.06295681,6.00000000,0.35449219,-0.42861328,-0.11707574,0.43797407,0.27736628,0.07000000,0.00366300,0.69055980,0.07362509,0.01923387,-0.01229746,3.55174494,-5.78227568,0.44711220,-0.17089587,0.00122106,0.38773566,
20326,7.22108364,2.03038979,11.04373837,6.00000000,0.11923828,0.00483398,0.04825065,-0.66810745,0.32398182,0.07000000,0.00366300,0.50463372,-0.23999999,0.23999999,-0.01229746,4.59021616,-6.20813656,-0.65638685,-0.37683392,0.00122106,0.36212224,
20334,9.16158390,-0.72294211,13.63905334,6.00000000,-0.32709962,0.40444335,0.23460706,-1.73108625,0.36217642,0.07000000,0.00549451,0.14601752,-0.23999999,0.23999999,-0.01229746,2.11708450,-2.55516195,-1.72571421,-0.79800916,0.00122106,0.04647824,
20342,-1.03891242,-0.86060870,20.53136063,6.00000000,-0.36416015,0.43828124,0.22209711,-2.17575455,0.31690693,0.07000000,0.00549451,0.19564264,-0.23999999,0.23999999,-0.01229746,0.21816616,-0.84823000,-2.15913439,0.09921581,0.00122106,-0.12523827,
20350,0.46344921,-1.55133593,17.01966667,6.00000000,-0.35610351,0.42700195,-0.47242177,-1.04123461,0.17475376,0.07000000,0.00549451,0.10398529,-0.23999999,0.23999999,-0.01229746,-1.64759088,1.30725169,-1.02549183,-0.16997725,0.00122106,-0.19045728,
20357,0.35092172,0.84765422,12.95071983,5.00000000,-0.35288087,0.43183595,-0.15048347,-0.67195004,0.14889525,0.07000000,0.00549451,-0.07368916,-0.23999999,0.23999999,-0.01229746,-3.40339208,3.63901138,-0.66655231,-0.22342908,0.00122106,-0.31711644,
20366,-2.62387395,2.63851714,9.51863194,6.00000000,-0.34643555,0.42861328,-0.12392031,0.28442982,0.04725133,0.07000000,0.00549451,0.00588064,-0.03969975,0.04078144,-0.01229746,-5.50476837,5.47335243,0.29525346,0.04814436,0.00122106,-0.39666805,
20374,-2.02173209,1.61020744,5.82198429,6.00000000,-0.06928711,0.07895508,0.22118534,0.92871046,-0.01135159,0.07000000,0.00549451,-0.16677016,-0.00080249,-0.02127828,-0.01229746,-6.13483238,6.67239332,0.93911409,0.01119367,0.00122106,-0.41659659,
20382,-2.62746525,-0.28959158,2.84838605,6.00000000,-0.00322266,-0.03061523,0.33065161,1.36484754,-0.03511678,0.07000000,0.00549451,0.08794341,0.23999999,-0.23999999,-0.01229746,-5.98997021,5.69500923,1.37378478,0.27862999,0.00122106,-0.34019098,
20390,-0.79111248,-0.90609854,0.87676084,6.00000000,0.33354491,-0.41411132,0.17958383,1.48630452,-0.08650172,0.07000000,0.00549451,0.31441811,0.23999999,-0.23999999,-0.01229746,-4.26209402,3.24456692,1.50249243,0.13354468,0.00122106,-0.16963032,
20398,1.95024848,-3.23445964,-1.72932768,6.00000000,0.33837891,-0.42539063,0.07315863,1.11884487,-0.10335588,0.07000000,0.00549451,0.40491918,0.23893285,-0.18410562,-0.01229746,-1.26012766,-0.07679449,1.13429189,-0.01081382,0.00122106,0.03623877,
20406,2.51647711,-1.61597931,2.41024709,6.00000000,0.33999023,-0.33354491,-0.20416053,0.58793086,-0.04103810,0.07000000,0.00366300,0.26766133,0.22759826,-0.19180065,-0.01229746,1.46084058,-2.34921336,0.59330785,0.00678628,0.00122106,0.18831131,
20414,3.77822137,-0.45838282,6.76290560,6.00000000,0.33837891,-0.35126954,-0.41996557,-0.06383087,0.03547760,0.07000000,0.00366300,0.23275214,0.05206243,-0.02154481,-0.01229746,3.46273303,-4.21497011,-0.06257236,-0.06887680,0.00122106,0.28794178,
20422,5.13214254,3.56986165,13.05007935,6.00000000,0.09023438,-0.05156250,-0.29724982,-0.88377392,0.04565483,0.07000000,0.00366300,0.18942875,-0.23999999,0.23999999,-0.01229746,4.24289560,-4.85201550,-0.87463099,-0.20422071,0.00122106,0.28088397,
20429,9.71344757,1.28818738,15.17613029,5.00000000,-0.31904298,0.39799803,0.20897289,-1.87830245,-0.01433856,0.07000000,0.00366300,0.11493579,-0.23999999,0.23999999,-0.01229746,1.77499974,-2.15722704,-1.86584437,-0.93612087,0.00122106,0.00830656,
20438,-0.03813605,-1.48549533,20.53136063,6.00000000,-0.36416015,0.43989259,0.39567778,-2.41644502,-0.17189434,0.07000000,0.00366300,-0.01338968,-0.23999999,0.23999999,-0.01229746,0.32986721,-0.27925268,-2.39951086,0.01810873,0.00122106,-0.16016908,
20446,2.19804835,-3.89645648,20.04114914,6.00000000,-0.34965819,0.42216796,-0.01834364,-1.39260292,-0.27529100,0.07000000,0.00366300,0.01395877,-0.23999999,0.23999999,-0.01229746,-2.07345128,2.09439516,-1.36455214,-0.51386636,0.00122106,-0.26272535,
20454,-0.34698808,-1.09763467,16.34569740,6.00000000,-0.36577147,0.43828124,-0.30303690,-1.12153518,-0.17912598,0.07000000,0.00366300,-0.37375611,-0.23999999,0.23999999,-0.01229746,-3.42259073,4.64955711,-1.11982870,-0.12340221,0.00122106,-0.39229631,
20462,-1.46268606,1.55633795,9.65270710,6.00000000,-0.35449219,0.42861328,-0.29729700,-0.19169292,-0.14250313,0.07000000,0.00366300,-0.50682062,-0.23999999,0.23999999,-0.01229746,-5.18537331,6.81376553,-0.19590247,-0.15436698,0.00122106,-0.47433493,
20470,-2.06363058,0.87279332,6.78565073,6.00000000,-0.35126954,0.42216796,-0.06737843,0.49792159,-0.16994108,0.07000000,0.00366300,-0.63901877,-0.23999999,0.17323764,-0.01229746,-7.02320480,9.08094788,0.49445242,-0.04629052,0.00122106,-0.57905614,
20478,-3.72400951,1.52521336,4.55305767,6.00000000,-0.34643555,0.30615234,0.06449824,1.21481717,-0.16408518,0.07000000,0.00366300,-0.59896505,0.09969005,-0.17963749,-0.01229746,-9.24326324,11.17883396,1.21224165,0.15611699,0.00122106,-0.68381661,
20486,-2.31502175,0.49570656,2.42820358,6.00000000,0.12568359,-0.30292970,0.31530875,1.77585435,-0.22296539,0.07000000,0.00366300,-0.34646949,0.23999999,-0.23999999,-0.01229746,-9.25548077,10.37598228,1.78514588,0.25203732,0.00122106,-0.61247611,
20494,-0.04651576,-1.35381424,-2.06810713,6.00000000,0.33837891,-0.41088867,0.40128314,1.94260001,-0.29794726,0.07000000,0.00366300,-0.01999119,0.23999999,-0.23999999,-0.01229746,-6.54498482,6.59385347,1.97514784,0.25611064,0.00122106,-0.35391474,
20501,0.39760867,-1.93919659,-0.49631381,5.00000000,0.34160155,-0.42539063,0.13086550,1.75617158,-0.18316169,0.07000000,0.00366300,0.16143006,0.23999999,-0.23999999,-0.01229746,-3.56047177,3.03163695,1.78444970,0.18000704,0.00122106,-0.10891250,
20510,2.16692376,-1.75005460,5.10013247,6.00000000,0.35610351,-0.42700195,-0.35620210,1.05861306,-0.03596977,0.07000000,0.00366300,0.22882237,0.23999999,-0.23999999,-0.01229746,-0.36826447,-0.36477381,1.06747556,0.07529296,0.00122106,0.08213796,
20518,4.23311996,0.43704864,7.27167368,6.00000000,0.35610351,-0.43022460,-0.49588913,0.22583759,0.13516606,0.07000000,0.00366300,0.29711941,0.05127933,-0.01161180,-0.01229746,1.63537347,-2.60403109,0.23041093,-0.07366455,0.00122106,0.17614065,
20526,7.49521971,5.78449821,12.87171173,6.00000000,0.08217774,-0.03383789,-0.44578189,-0.74832731,0.16902222,0.07000000,0.00366300,0.21599084,-0.23999999,0.23999999,-0.01229746,2.53596354,-3.23234963,-0.73242903,-0.31651655,0.00122106,0.16420597,
20534,10.42332840,0.90990347,15.53406334,6.00000000,-0.32226563,0.39638671,0.17338276,-1.80479062,0.13563628,0.07000000,0.00366300,0.11702836,-0.23999999,0.23999999,-0.01229746,-0.31066859,-0.06457718,-1.79253435,-0.98328936,0.00122106,-0.13998668,
20542,-3.47142124,-1.16706645,20.53136063,6.00000000,-0.35771483,0.43666992,0.40995693,-2.13289285,-0.06224647,0.07000000,0.00366300,0.17619069,0.18153059,-0.15851022,-0.01229746,-1.19555056,0.61261052,-2.12473869,0.44814134,0.00122106,-0.22958577,
20550,4.85920334,-2.07327175,18.20718956,6.00000000,0.24169922,-0.26264650,-0.06653773,-1.36423540,-0.19705358,0.07000000,0.00366300,0.23189314,-0.23999999,0.23999999,-0.01229746,-1.40499008,0.67020649,-1.35898769,-0.80635250,0.00122106,-0.18432651,
20558,8.80724239,0.57830656,3.86113334,6.00000000,-0.33193359,0.40927735,0.05102222,-1.89314723,-0.07876316,0.07000000,0.00366300,0.14607045,-0.23999999,0.23999999,-0.01229746,-2.41029978,1.93557012,-1.89170408,-0.98548400,0.00122106,-0.31082618,
20566,-3.83653712,0.06953867,12.88727379,6.00000000,-0.36738282,0.42377931,-0.29450566,-1.78045166,-0.08501995,0.07000000,0.00366300,0.00359210,-0.00375478,0.00384963,-0.01229746,-3.66868210,3.63028479,-1.78976762,0.33951592,0.00122106,-0.41571426,
20573,-1.60873234,2.98208499,6.71621895,5.00000000,-0.01933594,0.02094727,-0.18279366,-0.90268660,0.01518793,0.07000000,0.00366300,-0.02556758,-0.23999999,0.23999999,-0.01229746,-4.49073172,4.57974386,-0.91350067,0.01790693,0.00122106,-0.41507575,
20582,-0.10158240,1.22952938,-0.07373722,6.00000000,-0.34321290,0.42055663,-0.14452133,-0.36901408,-0.02950245,0.07000000,0.00366300,-0.05248438,-0.23978771,0.23299961,-0.01229746,-5.61646938,5.83812618,-0.42219463,0.01745201,0.00122106,-0.46778268,
20590,-4.33333397,1.81610882,4.08139992,6.00000000,-0.35932618,0.40605468,-0.03544668,0.23410229,-0.06685886,0.07000000,0.00366300,-0.19515225,0.13954416,-0.16520438,-0.01229746,-7.61312628,8.20130157,0.19989222,0.25973117,0.00122106,-0.58543074,
20598,-3.22003007,0.92666286,3.01238871,6.00000000,0.17885742,-0.25942382,0.26135236,0.91769671,-0.11863527,0.07000000,0.00366300,-0.26034299,0.23999999,-0.23999999,-0.01229746,-7.31816530,8.16115952,0.91807872,0.24503392,0.00122106,-0.51947647,
20606,-1.10954130,-1.83744299,0.38594952,6.00000000,0.33676758,-0.41249999,0.15071307,1.16565478,-0.13990022,0.07000000,0.00366300,0.07838582,0.23999999,-0.23999999,-0.01229746,-4.59196138,4.35285091,1.18087959,0.29528642,0.00122106,-0.25103691,
20614,2.43507433,-1.93440819,1.39630258,6.00000000,0.33837891,-0.42055663,-0.13357605,0.90833884,-0.03795696,0.07000000,0.00366300,0.22259328,0.18930879,-0.15901743,-0.01229746,-1.64933610,0.90582591,0.92060196,0.00800326,0.00122106,-0.02475797,
20622,4.43782425,-0.53499728,6.69945955,6.00000000,0.27714843,-0.29648438,-0.38750169,0.22805738,0.02977555,0.07000000,0.00366300,0.20864104,-0.07749228,0.10531116,-0.01229746,0.62482786,-1.30201554,0.23100317,-0.13501485,0.00122106,0.08836700,
20630,7.41621113,1.24269748,12.00141907,6.00000000,-0.08862305,0.16113281,-0.36734444,-0.44256407,0.08947923,0.07000000,0.00366300,0.00080076,-0.23999999,0.23999999,-0.01229746,0.48345622,-0.48345622,-0.44061673,-0.46126387,0.00122106,0.00404741,
20638,6.89666939,2.36557817,19.98129272,6.00000000,-0.33515626,0.41894531,0.21714607,-0.87541401,0.03283023,0.07000000,0.00366300,-0.10640934,-0.23999999,0.23999999,-0.01229746,-2.12581110,2.47836757,-0.86685669,-0.68938148,0.00122106,-0.24058539,
20645,0.47422311,-2.52338171,20.53136063,5.00000000,-0.35126954,0.44633788,0.18258031,-0.69006610,-0.17812786,0.07000000,0.00366300,0.17174466,-0.23999999,0.23999999,-0.01229746,-3.71406078,3.15904593,-0.67780650,-0.08492476,0.00122106,-0.31296015,
20654,5.51282072,-0.27043799,16.86643600,6.00000000,-0.35126954,0.43505859,-0.01047496,-0.04008920,-0.18844680,0.07000000,0.00366300,-0.21546657,-0.23999999,0.23999999,-0.01229746,-5.74736881,6.41583061,-0.03462011,-0.75959212,0.00122106,-0.46622735,
20662,-1.52852666,-0.59604943,17.04360771,6.00000000,-0.35126954,0.43183595,-0.15655857,0.37977049,-0.09376107,0.07000000,0.00366300,-0.24988697,-0.11734468,0.08424397,-0.01229746,-7.23264408,8.04422283,0.38096097,0.04317433,0.00122106,-0.55282861,
20670,-0.62710965,0.59147465,9.77960014,6.00000000,-0.18208008,0.17080078,-0.20561606,1.05914366,-0.06222028,0.07000000,0.00366300,-0.35100520,-0.23999999,0.23999999,-0.01229746,-8.39328861,9.53996944,1.05858850,-0.18718997,0.00122106,-0.60057831,
20678,-0.99102831,1.22234678,3.28293347,6.00000000,-0.33999023,0.42216796,-0.05774368,1.47830677,-0.08629794,0.07000000,0.00366300,-0.25483361,-0.08426648,0.05129765,-0.01229746,-10.05309677,10.86292934,1.48452187,-0.02833846,0.00122106,-0.68371415,
20686,-3.65457773,1.61379874,4.35553598,6.00000000,-0.12729493,0.10312500,-0.06685515,2.04666042,-0.11940269,0.07000000,0.00366300,-0.16991350,0.23999999,-0.23999999,-0.01229746,-11.00604630,11.55931568,2.05418873,0.16635372,0.00122106,-0.70319194,
20694,-2.34494948,1.39951766,0.94499558,6.00000000,0.33032227,-0.40444335,0.32623807,2.40730262,-0.14805682,0.07000000,0.00366300,0.00853864,0.23999999,-0.23999999,-0.01229746,-9.50680828,9.49284649,2.42909241,0.27397507,0.00122106,-0.53711021,
20702,-0.38888660,-1.02341437,-3.15507483,6.00000000,0.33999023,-0.40283203,0.32044926,2.37856603,-0.16691092,0.07000000,0.00366300,0.22229683,0.23999999,-0.23999999,-0.01229746,-6.39139605,5.59378004,2.42131686,0.25259316,0.00122106,-0.26917836,
20710,0.44908398,-1.46155334,1.78296626,6.00000000,0.34804687,-0.42539063,0.02602043,1.91827011,-0.07808173,0.07000000,0.00366300,0.37929165,0.23999999,-0.23999999,-0.01229746,-3.10144997,1.87622893,1.93979824,0.18574153,0.00122106,-0.04685925,
20717,0.94707793,-2.80470037,5.35152388,5.00000000,0.34482422,-0.42861328,-0.27223703,1.31811011,0.03677204,0.07000000,0.00366300,0.45635632,0.23999999,-0.23999999,-0.01229746,-0.37000981,-1.13446403,1.31869316,0.21844260,0.00122106,0.12942746,
20726,4.29177761,0.26825741,8.50947571,6.00000000,0.35449219,-0.41733399,-0.61724764,0.45414954,0.19143848,0.07000000,0.00366300,0.51088434,0.23999999,-0.23999999,-0.01229746,2.03679919,-3.70358872,0.45768774,0.09615207,0.00122106,0.25365555,
20734,6.75182009,4.64844942,15.11028957,6.00000000,0.35449219,-0.42377931,-0.29370821,-0.39122921,0.17816740,0.07000000,0.00366300,0.76505965,-0.12426579,0.22701791,-0.01229746,3.41560936,-5.92015696,-0.37401021,-0.19764279,0.00122106,0.32938483,
20742,11.79879761,1.56830895,18.15092659,6.00000000,-0.14340821,0.38188475,0.10065784,-1.88845038,-0.01270024,0.07000000,0.00366300,0.85742611,-0.23999999,0.23999999,-0.01229746,2.16071773,-4.92357397,-1.86795366,-0.65304089,0.00122106,0.12888975,
20750,8.40022755,-1.09045208,20.53136063,6.00000000,-0.33676758,0.41411132,0.51238811,-2.81597900,-0.21721353,0.07000000,0.00366300,0.49471766,-0.23999999,0.23999999,-0.01229746,-1.61093891,-0.00523599,-2.77892900,-1.06872487,0.00122106,-0.26805285,
20758,-5.35086966,-5.02771664,20.53136063,6.00000000,-0.35771483,0.43505859,0.39234519,-2.58786440,-0.23814107,0.07000000,0.00366300,0.32993829,-0.23999999,0.23999999,-0.01229746,-2.27416396,1.21474910,-2.57827282,0.01433778,0.00122106,-0.32862744,
20766,4.39712238,-0.49669003,13.85213661,6.00000000,-0.35126954,0.41249999,-0.32337293,-1.80974209,-0.01773067,0.07000000,0.00366300,-0.15480077,-0.23999999,0.23999999,-0.01229746,-4.07359838,4.55705500,-1.79767513,-0.44634494,0.00122106,-0.45747089,
20774,-3.57916045,-0.77920586,13.01775742,6.00000000,-0.34482422,0.42700195,-0.20744412,-1.15284896,0.10851002,0.07000000,0.00366300,-0.27107263,-0.23999999,0.23999999,-0.01229746,-5.74562407,6.67413902,-1.14726627,0.12027606,0.00122106,-0.56236005,
20782,-1.56683385,1.69520164,4.79367495,6.00000000,-0.34804687,0.42861328,-0.57288814,-0.22756748,0.10922882,0.07000000,0.00366300,-0.43141821,-0.23999999,0.23999999,-0.01229746,-7.98662663,9.45444870,-0.24015892,-0.13445832,0.00122106,-0.68656921,
20789,-3.68809652,2.36318398,2.09421253,5.00000000,-0.35771483,0.43666992,-0.08187182,0.45941749,0.08380706,0.07000000,0.00366300,-0.60271639,-0.15865259,0.07809356,-0.01229746,-9.97979259,11.92758083,0.44991177,0.09920593,0.00122106,-0.79629421,
20798,-4.62303209,1.81012332,1.11019552,6.00000000,-0.23041992,0.14501953,0.22880197,1.27434099,-0.02156967,0.07000000,0.00366300,-0.47085997,0.23999999,-0.23999999,-0.01229746,-11.72512150,13.22261429,1.27243471,0.37251472,0.00122106,-0.85352731,
20806,-1.74280763,0.49450946,-0.47955441,6.00000000,0.32548827,-0.39960939,0.54550540,1.76932633,-0.04287495,0.07000000,0.00549451,-0.29492867,0.23999999,-0.23999999,-0.01229746,-10.57843971,11.52266407,1.78420508,0.44344586,0.00122106,-0.70640016,
20814,-0.54091841,-1.73090100,-1.27802062,6.00000000,0.32709962,-0.40927735,0.52212429,1.83394969,-0.13591839,0.07000000,0.00549451,0.02108656,0.23999999,-0.23999999,-0.01229746,-6.97957134,6.92721176,1.86652374,0.43081066,0.00122106,-0.38833961,
20822,0.16776529,-2.24086595,2.79092503,6.00000000,0.33837891,-0.41572267,0.03768107,1.62601149,0.05391346,0.07000000,0.00366300,0.21247739,0.23999999,-0.23999999,-0.01229746,-3.92350030,3.25852966,1.64391041,0.23146814,0.00122106,-0.15167490,
20830,4.24030256,-2.03616166,8.36103535,6.00000000,0.34160155,-0.41894531,-0.28139672,0.95659733,0.15019533,0.07000000,0.00366300,0.35706764,0.05824143,-0.00979452,-0.01229746,-0.85695666,-0.29670596,0.95654500,-0.12220192,0.00122106,0.05087247,
20838,5.54753637,-0.70737976,12.70651150,6.00000000,0.09184571,-0.02578125,-0.43695393,0.23965234,0.22943065,0.07000000,0.00366300,0.21766643,-0.07307710,0.10215871,-0.01229746,0.38746309,-1.09432149,0.23299813,-0.12783837,0.00122106,0.07362480,
20846,9.99715996,3.36036897,18.32690048,6.00000000,-0.09184571,0.16918945,-0.14031862,-0.17379296,0.15856345,0.07000000,0.00366300,0.04448025,-0.23999999,0.23999999,-0.01229746,-0.89186323,0.74525559,-0.16911420,-0.85674834,0.00122106,-0.07487705,
20854,9.03708553,1.55514085,20.53136063,6.00000000,-0.32548827,0.42216796,0.14852439,-0.82507503,0.08306538,0.07000000,0.00366300,0.18852025,-0.23999999,0.23999999,-0.01229746,-3.97411466,3.36499476,-0.82122612,-0.72087312,0.00122106,-0.34240678,
20861,-2.57838416,-2.27558184,20.53136063,5.00000000,-0.34965819,0.43828124,0.15177123,-0.62016702,-0.11287870,0.07000000,0.00366300,0.20388493,-0.06447950,0.09240038,-0.01229746,-5.22551584,4.56927156,-0.61477184,0.14108926,0.00122106,-0.42096883,
20870,2.63858151,0.43944284,15.25992775,6.00000000,-0.09829102,0.17563477,-0.08380702,0.10542537,-0.02966303,0.07000000,0.00366300,-0.16509479,-0.23999999,0.23999999,-0.01229746,-6.03883934,6.56592894,0.10928714,-0.47921067,0.00122106,-0.47231293,
20878,1.53964281,-0.09326705,6.20385981,6.00000000,-0.34160155,0.41572267,0.06926683,0.29557863,-0.03543404,0.07000000,0.00366300,-0.17559882,-0.23999999,0.23999999,-0.01229746,-7.87492561,8.44041252,0.29652539,-0.25359336,0.00122106,-0.59694612,
20886,-4.21242666,-0.11002646,8.27364731,6.00000000,-0.35771483,0.43505859,-0.30023190,0.74853760,-0.06562693,0.07000000,0.00366300,-0.27368784,0.03641358,-0.07226342,-0.01229746,-9.44921303,10.33234882,0.74945021,0.15540865,0.00122106,-0.69583380,
20894,-4.20644140,3.21432257,4.18195629,6.00000000,0.03383789,-0.10795899,0.00604793,1.64604855,-0.02060971,0.07000000,0.00366300,-0.39184123,0.23999999,-0.23999999,-0.01229746,-9.55567741,10.83675003,1.64485443,0.27152112,0.00122106,-0.65250885,
20902,-2.24558997,0.76385719,-2.23809552,6.00000000,0.33354491,-0.40605468,0.20773511,1.96712565,-0.05363537,0.07000000,0.00366300,0.05540049,0.23999999,-0.23999999,-0.01229746,-7.79813099,7.62883425,1.99066937,0.40973938,0.00122106,-0.43419808,
20910,-0.69534445,0.48373556,-5.03691721,6.00000000,0.34321290,-0.41088867,0.17119068,1.90447199,-0.11912234,0.07000000,0.00366300,0.26926067,0.23999999,-0.23999999,-0.01229746,-4.58672523,3.74198580,1.94559932,0.35879725,0.00122106,-0.17005166,
20918,-1.06165731,-1.87934148,-0.02226188,6.00000000,0.34321290,-0.41249999,0.13632196,1.57705688,-0.09878659,0.07000000,0.00366300,0.46351066,0.23999999,-0.23999999,-0.01229746,-1.40499008,-0.10646509,1.59802604,0.33207378,0.00122106,0.07424414,
20926,0.31381160,-2.99384236,4.14005756,6.00000000,0.34482422,-0.43022460,-0.17126793,1.03217971,-0.02722337,0.07000000,0.00366300,0.54974693,0.23999999,-0.23999999,-0.01229746,1.48527515,-3.19744325,1.03188992,0.29585192,0.00122106,0.25957054,
20933,2.71878719,-1.71414161,6.50074053,5.00000000,0.35449219,-0.42539063,-0.44961274,0.57863981,0.09301174,0.07000000,0.00366300,0.59874231,0.23999999,-0.23999999,-0.01229746,3.44702530,-5.36339664,0.57459724,0.21093902,0.00122106,0.37788451,
20942,7.26896763,3.54951096,18.13057518,6.00000000,0.36254883,-0.43989259,-0.38621399,-0.28473687,0.13556929,0.07000000,0.00366300,0.80099446,0.02798764,0.07939084,-0.01229746,5.15395689,-7.74926186,-0.27347463,-0.14553656,0.00122106,0.46869615,
20950,12.85464001,1.01285410,20.53136063,6.00000000,0.06123047,0.12084961,0.17820470,-1.55920982,-0.05828290,0.07000000,0.00366300,0.99675226,-0.23999999,0.23999999,-0.01229746,4.28652859,-7.38972378,-1.54582822,-0.71845567,0.00122106,0.32328051,
20958,12.92646599,0.65132970,20.53136063,6.00000000,-0.32065430,0.39477539,0.74100238,-2.43229699,-0.29988831,0.07000000,0.00366300,0.69602978,-0.23999999,0.23999999,-0.01229746,0.57770395,-2.82568789,-2.38441086,-1.33836365,0.00122106,-0.04722452,
20966,1.20206046,-4.17298651,20.53136063,6.00000000,-0.36416015,0.43022460,0.77651113,-2.59412575,-0.30241340,0.07000000,0.00366300,0.37609762,-0.23999999,0.23999999,-0.01229746,-1.53763509,0.32463124,-2.56524873,-0.88953114,0.00122106,-0.27099982,
20974,-1.93913221,-4.95229959,20.53136063,6.00000000,-0.36738282,0.40766603,-0.37659976,-1.40672040,-0.08614574,0.07000000,0.00366300,-0.24026561,-0.23934391,0.20627363,-0.01229746,-2.75412965,3.54825449,-1.39780366,0.11110806,0.00122106,-0.35005543,
20982,-1.09996450,-0.42845529,11.18020821,6.00000000,-0.35610351,0.36254883,-0.48875400,-0.67250150,0.28805569,0.07000000,0.00366300,-0.46166527,-0.23999999,0.23999999,-0.01229746,-4.56927156,6.08072710,-0.67063510,-0.20200121,0.00122106,-0.45833641,
20990,-4.58472490,1.67963934,5.05823421,6.00000000,-0.35771483,0.42377931,-0.86887544,0.22332822,0.26331836,0.07000000,0.00366300,-0.39891392,-0.23999999,0.23999999,-0.01229746,-6.78060436,8.11578083,0.21231925,-0.14046215,0.00122106,-0.54755181,
20998,-2.71485353,5.71267223,-0.03782419,6.00000000,-0.35126954,0.41733399,-0.32537475,1.02428520,0.19564925,0.07000000,0.00366300,-0.60969818,-0.21511865,0.13360694,-0.01229746,-9.02160740,11.03222561,1.01017368,-0.04809996,0.00122106,-0.67939103,
21005,-4.28784418,2.40867376,-1.24929023,5.00000000,-0.32065430,0.24492188,0.26107600,1.71917868,0.07453407,0.07000000,0.00366300,-0.54148090,0.23999999,-0.23999999,-0.01229746,-11.12647438,12.87005806,1.72389567,0.30738804,0.00122106,-0.78408515,
21014,-3.67612553,0.87758172,-1.94959426,6.00000000,0.33354491,-0.39316407,0.57711822,2.28864503,-0.01164045,0.07000000,0.00366300,-0.18841073,0.23999999,-0.23999999,-0.01229746,-10.42310619,11.02873611,2.30866551,0.60813427,0.00122106,-0.64257622,
21022,-0.93476456,0.30536753,-4.08761644,6.00000000,0.33193359,-0.41733399,0.64913613,2.35795188,-0.08907407,0.07000000,0.00366300,0.12945165,0.23999999,-0.23999999,-0.01229746,-7.05113029,6.61305237,2.40094471,0.52354771,0.00122106,-0.34201247,
21030,-2.17496109,-2.71372080,2.22110510,6.00000000,0.33837891,-0.41088867,0.37576103,2.25608516,0.04632372,0.07000000,0.00366300,0.38905546,0.23999999,-0.23999999,-0.01229746,-3.64773822,2.44171548,2.27774334,0.42133933,0.00122106,-0.05221099,
21038,1.70484281,-3.12193227,5.29286575,6.00000000,0.33999023,-0.42216796,0.16172403,1.80516112,0.03011210,0.07000000,0.00366300,0.41707826,0.23999999,-0.23999999,-0.01229746,-0.67718774,-0.68067843,1.80900526,0.06934381,0.00122106,0.13996801,
21046,2.98454356,-2.57844830,13.50018978,6.00000000,0.35449219,-0.42539063,-0.50792098,0.96253055,0.15115096,0.07000000,0.00366300,0.41815227,0.23999999,-0.23999999,-0.01229746,1.76278257,-3.11541271,0.94309014,0.13828674,0.00122106,0.26096702,
21054,6.99722576,2.92821550,20.53136063,6.00000000,0.36254883,-0.42861328,-0.56344020,0.14432737,0.23166251,0.07000000,0.00366300,0.44867814,0.00102586,0.05887030,-0.01229746,3.60410500,-5.05970955,0.14118582,-0.15799078,0.00122106,0.33858159,
21062,10.18630219,4.42339468,20.53136063,6.00000000,0.01933594,0.08862305,-0.10020808,-1.11571145,0.36790454,0.07000000,0.00366300,0.52204782,-0.23999999,0.23999999,-0.01229746,3.23584032,-4.93404579,-1.09915257,-0.52632225,0.00122106,0.22655636,
21070,3.76625037,2.03876948,20.53136063,6.00000000,-0.31743163,0.39477539,0.15022168,-1.71725821,0.15029122,0.07000000,0.00366300,0.43369120,-0.23999999,0.23999999,-0.01229746,-0.13089970,-1.26361835,-1.68910050,-0.34913921,0.00122106,-0.08670844,
21077,0.91355914,-1.52978802,20.53136063,5.00000000,-0.35288087,0.42539063,0.39633128,-1.84801030,0.11320563,0.07000000,0.00366300,0.16434804,-0.23999999,0.23999999,-0.01229746,-2.04203534,1.51843643,-1.82659006,-0.42523599,0.00122106,-0.27855834,
21086,-2.34016109,-2.25523114,14.82418251,6.00000000,-0.35126954,0.42216796,-0.15559885,-0.61781365,0.04232862,0.07000000,0.00366300,-0.01477545,-0.18808323,0.18611050,-0.01229746,-4.12072229,4.16435575,-0.61251032,0.04426581,0.00122106,-0.36512938,
21094,-3.11109400,2.73189092,7.57094860,6.00000000,-0.27392578,0.33515626,-0.17842691,0.07016119,0.06013577,0.07000000,0.00366300,-0.14185093,-0.00192627,-0.01683891,-0.01229746,-5.70199108,6.20115471,0.08251590,0.12556860,0.00122106,-0.44822970,
21102,-5.39276838,1.38874376,1.60340106,6.00000000,-0.00483398,-0.02094727,-0.13857210,0.89904660,0.10440911,0.07000000,0.00366300,-0.06628894,0.23999999,-0.23999999,-0.01229746,-6.44201040,6.65668583,0.89813834,0.42972204,0.00122106,-0.43010843,
21110,-2.92554331,3.29572535,-3.77637005,6.00000000,0.33837891,-0.41894531,0.01740396,1.39556479,0.01919169,0.07000000,0.00366300,0.14902556,0.23999999,-0.23999999,-0.01229746,-4.53436518,4.05789042,1.38781714,0.47898978,0.00122106,-0.21868038,
21118,-1.87927711,1.32410038,-6.35731936,6.00000000,0.33837891,-0.41088867,0.33851039,1.40904737,0.01105326,0.07000000,0.00366300,0.39540577,0.23999999,-0.23999999,-0.01229746,-1.34041297,0.01919862,1.44109678,0.46537599,0.00122106,0.06095521,
21126,-1.93314672,-1.58485472,-2.09204936,6.00000000,0.34643555,-0.42861328,0.31747472,1.27884817,-0.10709587,0.07000000,0.00549451,0.49207717,0.23999999,-0.23999999,-0.01229746,1.60046685,-3.21140575,1.29508388,0.39815801,0.00122106,0.27845556,
21134,-1.06285441,-2.99743366,2.98485541,6.00000000,0.35932618,-0.44150391,0.14697534,0.98470628,-0.02051295,0.07000000,0.00549451,0.65463030,0.23999999,-0.23999999,-0.01229746,3.86415887,-5.99695158,0.98281741,0.31030595,0.00122106,0.45514542,
21142,0.68730706,-1.73928070,8.10605335,6.00000000,0.36093751,-0.42539063,-0.23131673,0.55208504,0.13178892,0.07000000,0.00366300,0.68185169,0.23999999,-0.23999999,-0.01229746,5.90095854,-8.15592384,0.54240584,0.28414530,0.00122106,0.57864010,
21149,5.65767002,-3.11594677,14.49019146,5.00000000,0.35932618,-0.43022460,-0.44021770,-0.07618383,0.11036283,0.07000000,0.00366300,0.95282388,0.23999999,-0.23999999,-0.01229746,7.17330313,-10.25555420,-0.10101455,0.03450936,0.00122106,0.65654773,
21158,7.29410648,3.18678927,20.53136063,6.00000000,0.36093751,-0.45761719,0.12799427,-0.95001936,0.00511483,0.07000000,0.00366300,1.03801179,-0.15831971,0.23999999,-0.01229746,8.19432068,-11.62563801,-0.92566079,-0.27792406,0.00122106,0.67875242,
21166,8.46726513,0.84166873,20.53136063,6.00000000,-0.19658203,0.38027343,0.31044614,-2.46941113,-0.03283035,0.07000000,0.00366300,1.11171913,-0.23999999,0.23999999,-0.01229746,6.54323912,-10.04436970,-2.44249511,-0.53474712,0.00122106,0.44148079,
21174,4.67604733,-3.65823340,20.53136063,6.00000000,-0.33032227,0.40605468,0.41616446,-2.93483758,-0.05697872,0.07000000,0.00366300,0.43824977,-0.23999999,0.23999999,-0.01229746,2.99323964,-4.41393757,-2.91599965,-0.75688761,0.00122106,0.06627908,
21182,-0.34818518,-4.48423290,20.53136063,6.00000000,-0.34482422,0.42377931,-0.00160830,-2.62712932,0.11493210,0.07000000,0.00366300,0.21258384,-0.23999999,0.23999999,-0.01229746,0.64926249,-1.32295966,-2.60474133,-0.15164059,0.00122106,-0.12251905,
21190,-5.27186108,-1.71414161,14.02691364,6.00000000,-0.34804687,0.43022460,-0.50609255,-1.28308713,0.15344323,0.07000000,0.00366300,-0.13647324,0.23732328,-0.23999999,-0.01229746,-1.17984259,1.61268425,-1.27389944,0.39083663,0.00122106,-0.20585103,
21198,-2.85371733,1.79695523,4.33279085,6.00000000,0.32387695,-0.39477539,-0.44871703,-0.48509744,0.21349405,0.07000000,0.00366300,0.05926837,0.06389402,-0.05632201,-0.01229746,-0.95469511,0.73827428,-0.49658453,0.12582809,0.00122106,-0.10228141,
21206,-3.97779489,4.80407238,-7.49815655,6.00000000,0.09506836,-0.09506836,-0.18961313,-0.07759143,0.14236777,0.07000000,0.00366300,0.20428118,0.23999999,-0.23999999,-0.01229746,0.54454273,-1.19729578,-0.08683890,0.59630334,0.00122106,0.05829931,
21214,-2.47303915,1.83286822,-1.76763487,6.00000000,0.35126954,-0.42216796,0.14956513,0.11405957,0.07779391,0.07000000,0.00366300,0.44800287,0.23999999,-0.23999999,-0.01229746,2.25671077,-3.68613529,0.11457625,0.44494700,0.00122106,0.22895953,
21221,-1.71886563,0.48373556,-4.63229704,5.00000000,0.34160155,-0.41733399,0.54606020,0.04355152,0.00700530,0.07000000,0.00366300,0.57215708,0.23999999,-0.23999999,-0.01229746,4.68271828,-6.56418324,0.04542679,0.27187848,0.00122106,0.42384136,
21230,-0.08123168,-1.56091273,-1.96036816,6.00000000,0.34965819,-0.42377931,0.33447629,0.06821680,0.01931019,0.07000000,0.00366300,0.71410549,0.23999999,-0.23999999,-0.01229746,7.22740841,-9.51553535,0.05865469,0.10145953,0.00122106,0.64273918,
21238,0.44549268,-3.80787086,6.26730585,6.00000000,0.35771483,-0.43828124,0.13600752,-0.25134972,0.15036123,0.07000000,0.00366300,0.80998683,0.23999999,-0.23999999,-0.01229746,9.38463593,-12.02008247,-0.27945393,0.05985812,0.00122106,0.79605770,
21246,4.56591368,-2.97708297,11.21612072,6.00000000,0.36416015,-0.42539063,-0.17794298,-0.81287408,0.14693481,0.07000000,0.00366300,0.74832529,0.23999999,-0.16526960,-0.01229746,11.30624294,-13.76890278,-0.83848530,-0.03596715,0.00122106,0.89432305,
21254,7.20312691,-3.14467716,16.01170731,6.00000000,0.34643555,-0.30937499,-0.19736403,-1.71049738,0.11824926,0.07000000,0.00366300,0.90687573,-0.10069659,0.22079411,-0.01229746,12.40929127,-15.37285995,-1.72684085,-0.20787178,0.00122106,0.92472476,
21262,8.95687962,0.75667453,17.71158981,6.00000000,-0.12246094,0.36416015,0.08287024,-2.36010504,0.12951636,0.07000000,0.00366300,0.35420156,-0.23999999,0.23999999,-0.01229746,11.54360771,-12.67807198,-2.32790613,-0.44966388,0.00122106,0.74414396,
21270,3.07432604,-0.34944662,20.53136063,6.00000000,-0.32387695,0.40927735,-0.01260619,-2.74919248,0.14323652,0.07000000,0.00366300,-0.10455781,-0.23999999,0.23999999,-0.01229746,7.83652830,-7.48222685,-2.71184397,-0.36333799,0.00122106,0.37243414,
21278,0.84771860,2.82646203,20.53136063,6.00000000,-0.35288087,0.43344727,0.18927839,-2.50218034,0.19054113,0.07000000,0.00366300,-0.14407179,-0.23999999,0.23999999,-0.01229746,4.99687767,-4.53436518,-2.46239138,-0.25038987,0.00122106,0.17674746,
21286,-4.46022654,-2.36416745,17.05198669,6.00000000,-0.34643555,0.41411132,-0.25698274,-1.22709370,0.07020096,0.07000000,0.00549451,-0.23358017,0.08966875,-0.12292910,-0.01229746,2.51676464,-1.72787595,-1.20207238,0.19241473,0.00122106,0.06967329,
21293,-3.22362137,4.56465244,10.26083469,5.00000000,0.11440430,-0.19335937,0.02068429,-0.54354620,-0.02236556,0.07000000,0.00549451,-0.14844987,0.11262196,-0.13395593,-0.01229746,1.52541780,-1.05592418,-0.55004638,0.12855670,0.00122106,0.05460248,
21302,-3.00215769,2.37874627,-1.65989590,6.00000000,0.15629883,-0.23041992,0.20134823,0.15755376,-0.02220713,0.07000000,0.00549451,0.13976921,0.23999999,-0.23999999,-0.01229746,2.12406564,-2.57959676,0.14605272,0.43564165,0.00122106,0.18967025,
21310,-1.06285441,0.14854732,-1.31393373,6.00000000,0.35288087,-0.41894531,0.38031220,0.14303397,-0.09366323,0.07000000,0.00549451,0.36079574,0.23999999,-0.23999999,-0.01229746,3.95142531,-5.13824940,0.14488894,0.26311907,0.00122106,0.35720760,
21318,-3.54444432,-1.31311285,-1.59285820,6.00000000,0.36416015,-0.41249999,0.37059838,0.01801012,-0.04029074,0.07000000,0.00549451,0.49567351,0.23999999,-0.23999999,-0.01229746,6.42979288,-8.08960152,0.01341712,0.42151821,0.00122106,0.54782683,
21326,0.38444054,-2.70534110,-0.28562406,6.00000000,0.33837891,-0.41733399,-0.03929909,-0.18257734,0.01177325,0.07000000,0.00549451,0.62214947,0.23999999,-0.23999999,-0.01229746,8.83485699,-10.87689209,-0.19583111,0.27811721,0.00122106,0.73866022,
21334,-0.08721719,-1.62795031,3.58939147,6.00000000,0.34965819,-0.43666992,-0.29410651,-0.57098502,0.03331870,0.07000000,0.00549451,0.67899740,0.23999999,-0.23999999,-0.01229746,10.89958096,-13.15105629,-0.58476579,0.36632681,0.00122106,0.86973935,
21342,4.19840384,0.20600817,8.40293407,6.00000000,0.33999023,-0.42861328,-0.48808163,-1.11089683,0.14960021,0.07000000,0.00366300,0.81084424,0.23999999,-0.23999999,-0.01229746,12.94161606,-15.54913902,-1.11618018,0.18093814,0.00122106,1.00050342,
21350,6.48486662,3.88350201,18.71715546,6.00000000,0.36738282,-0.43828124,-0.25842437,-1.83875740,0.12227894,0.07000000,0.00366300,1.00642979,0.18278009,-0.04948622,-0.01229746,14.20523548,-17.46725464,-1.80177402,-0.04326093,0.00122106,1.06843078,
21358,11.19904995,1.41508007,19.44499207,6.00000000,0.28198242,-0.09184571,0.30416095,-2.96843004,-0.03121825,0.07000000,0.00366300,1.00118315,-0.23999999,0.23999999,-0.01229746,14.94176292,-18.18807602,-2.92707300,-0.55515480,0.00122106,1.03881764,
21365,10.46043873,-0.15431920,19.98368835,5.00000000,-0.32387695,0.38510743,0.61186880,-3.98761964,-0.14495194,0.07000000,0.00366300,0.49217856,-0.23999999,0.23999999,-0.01229746,12.80199051,-14.41467476,-3.91783237,-0.99313384,0.00122106,0.73356426,
21374,2.17530346,-3.15305686,20.53136063,6.00000000,-0.35126954,0.42861328,0.45429641,-4.05257273,-0.12762193,0.07000000,0.00366300,0.26661730,-0.23999999,0.23999999,-0.01229746,9.88729000,-10.75297356,-4.00164652,-0.57838464,0.00122106,0.47857744,
21382,-0.42599672,-4.74639797,18.33168793,6.00000000,-0.35288087,0.40605468,-0.39667436,-2.80536819,-0.02974869,0.07000000,0.00549451,-0.11728093,-0.23999999,0.23999999,-0.01229746,7.52585983,-7.16108561,-2.77554512,-0.11420071,0.00122106,0.35522559,
21390,-2.53409123,1.35642207,11.67580795,6.00000000,-0.35126954,0.42055663,-0.53445947,-1.82449675,0.18022411,0.07000000,0.00549451,-0.40981781,-0.19074665,0.13288161,-0.01229746,5.26914883,-3.92873621,-1.81651497,0.02796464,0.00122106,0.21518531,
21398,-3.60908794,2.69238663,4.25737381,6.00000000,-0.27875978,0.22558594,-0.54786927,-0.85246706,0.13226739,0.07000000,0.00366300,-0.50584799,-0.14644197,0.07652518,-0.01229746,2.65464592,-0.99832833,-0.87559080,-0.00465354,0.00122106,0.06503236,
21406,-2.66577244,3.43458915,-0.11802994,6.00000000,-0.21269532,0.12890625,0.11967581,-0.06672426,0.06573173,0.07000000,0.00366300,-0.37975520,0.22123244,-0.23999999,-0.01229746,0.60911995,0.59341192,-0.09258038,0.18097533,0.00122106,-0.00569875,
21414,-4.35368443,1.53000176,-1.09606135,6.00000000,0.30454102,-0.41411132,0.50052810,0.52833122,-0.04985897,0.07000000,0.00366300,-0.06750393,0.23999999,-0.23999999,-0.01229746,1.25663710,-1.04196155,0.52203929,0.56408828,0.00122106,0.12659515,
21422,-0.93476456,-0.44760889,-4.95312023,6.00000000,0.34321290,-0.40927735,0.66929799,0.78700495,-0.09477413,0.07000000,0.00366300,0.19492748,0.23999999,-0.23999999,-0.01229746,3.76816583,-4.35285091,0.79811072,0.46437901,0.00122106,0.36587638,
21430,-0.91680807,-0.64513052,0.47333786,6.00000000,0.35126954,-0.42216796,0.30471322,0.60746360,-0.07659488,0.07000000,0.00549451,0.33654746,0.23999999,-0.23999999,-0.01229746,6.64446878,-7.76322412,0.61707401,0.31998366,0.00122106,0.59853917,
21437,1.19607496,-3.64745951,3.04231620,5.00000000,0.35288087,-0.42539063,0.09644696,0.34212843,0.04822974,0.07000000,0.00549451,0.46191978,0.23999999,-0.23999999,-0.01229746,8.58527470,-10.11418343,0.33649164,0.09777442,0.00122106,0.74319714,
21446,5.51162338,-1.60879672,7.29322147,6.00000000,0.35932618,-0.43183595,-0.41524994,-0.39887139,0.14010216,0.07000000,0.00549451,0.54838479,0.22037977,-0.14859739,-0.01229746,10.93099689,-12.69028854,-0.40611431,-0.10291588,0.00122106,0.86700678,
21454,7.02356195,-1.23889256,13.51694870,6.00000000,0.31904298,-0.26909178,-0.38310534,-1.38384354,0.12704992,0.07000000,0.00549451,0.60387629,-0.04552937,0.12430629,-0.01229746,12.42848873,-14.39023972,-1.38907707,-0.19126406,0.00122106,0.91383237,
21462,11.54979992,1.67604804,16.20084953,6.00000000,-0.04995117,0.20947266,0.15290472,-2.27032781,0.03464923,0.07000000,0.00549451,0.28864610,-0.23999999,0.23999999,-0.01229746,11.83856773,-12.74788570,-2.24093771,-0.77130532,0.00122106,0.76335382,
21470,5.23389626,1.61978424,20.53136063,6.00000000,-0.34482422,0.43344727,0.35021168,-3.01018262,-0.08368850,0.07000000,0.00366300,0.47334671,-0.23999999,0.23999999,-0.01229746,9.25897121,-10.80707932,-2.96909189,-0.53744769,0.00122106,0.53755134,
21478,3.49091721,-1.09763467,20.53136063,6.00000000,-0.34160155,0.40766603,0.32408047,-2.37974334,-0.26670673,0.07000000,0.00366300,0.02974230,-0.23999999,0.23999999,-0.01229746,7.09999895,-7.19948339,-2.33526945,-0.70035112,0.00122106,0.36215115,
21486,-1.09876740,-1.19340277,18.45139885,6.00000000,-0.34804687,0.41411132,0.15107973,-1.35810113,-0.04273675,0.07000000,0.00366300,-0.37505910,-0.13017398,0.07745549,-0.01229746,5.11206913,-3.86939478,-1.33875310,0.00272477,0.00122106,0.24040598,
21494,-2.28030586,-3.18298435,9.82987785,6.00000000,-0.19497070,0.14340821,-0.08981012,-0.50407690,0.01523562,0.07000000,0.00366300,-0.51097494,-0.07576977,0.00515230,-0.01229746,3.23234963,-1.58824956,-0.49573332,-0.02557849,0.00122106,0.14475244,
21502,-2.11869740,1.14573228,2.63290787,6.00000000,-0.10957031,0.01289062,-0.27774686,0.15758590,0.02447949,0.07000000,0.00366300,-0.30806530,0.06688211,-0.10954015,-0.01229746,2.06297922,-1.05417895,0.14701861,-0.00690760,0.00122106,0.12859067,
21509,-1.55486286,1.94659281,-0.42089647,5.00000000,0.08862305,-0.18691406,-0.07157138,0.61314827,-0.04071320,0.07000000,0.00366300,0.00698704,0.23999999,-0.23999999,-0.01229746,1.75754654,-1.78372645,0.61038911,0.10652879,0.00122106,0.18144545,
21518,-3.08356071,1.27382207,-1.57011330,6.00000000,0.34321290,-0.41411132,0.19817087,0.93303549,-0.10365777,0.07000000,0.00366300,0.26651078,0.23999999,-0.23999999,-0.01229746,3.57792497,-4.46280670,0.94274265,0.39805236,0.00122106,0.37721187,
21526,-0.76597339,0.94222522,-1.83347547,6.00000000,0.34643555,-0.42216796,0.24607813,0.86779219,-0.10553525,0.07000000,0.00366300,0.41924185,0.23999999,-0.23999999,-0.01229746,6.20289993,-7.48920774,0.88429517,0.30479631,0.00122106,0.58975208,
21534,1.01411557,-0.50387263,0.42904514,6.00000000,0.35932618,-0.43666992,0.26551828,0.56098408,-0.06486818,0.07000000,0.00366300,0.57082158,0.23999999,-0.23999999,-0.01229746,8.56607533,-10.36027431,0.56930697,0.07825200,0.00122106,0.76002699,
21542,3.08270597,-1.36817944,4.17357683,6.00000000,0.34965819,-0.42377931,0.04807571,0.12328526,-0.00401385,0.07000000,0.00366300,0.63090754,0.23999999,-0.23999999,-0.01229746,10.86816502,-12.86656761,0.11744380,-0.08480924,0.00122106,0.91319674,
21550,6.38670444,-0.66548127,8.75727558,6.00000000,0.36577147,-0.42861328,-0.18548013,-0.61962736,0.10343555,0.07000000,0.00366300,0.54706776,0.06438532,0.00703144,-0.01229746,13.00968456,-14.81610012,-0.62575233,-0.23603919,0.00122106,1.01605701,
21558,10.52029324,1.13016999,14.28069878,6.00000000,0.10795899,-0.00805664,-0.23967695,-1.55824852,0.19642384,0.07000000,0.00366300,0.47427392,-0.23999999,0.23999999,-0.01229746,13.52804661,-15.04822922,-1.54738069,-0.50798428,0.00122106,0.97231543,
21566,15.43678665,1.21037579,18.38316345,6.00000000,-0.33193359,0.38671875,0.11866384,-2.24992895,0.12571603,0.07000000,0.00366300,0.18699881,-0.23999999,0.23999999,-0.01229746,10.64301777,-11.27657223,-2.21272397,-1.24872017,0.00122106,0.66166741,
21574,4.44979525,2.01363039,20.53136063,6.00000000,-0.34965819,0.43666992,0.28626853,-2.36190295,0.03841668,0.07000000,0.00366300,0.20325875,-0.23999999,0.23999999,-0.01229746,8.12276268,-8.75980759,-2.34102440,-0.16061473,0.00122106,0.46665084,
21581,2.90433788,-0.30036551,18.75187111,5.00000000,-0.35932618,0.42055663,-0.01057145,-1.02644241,-0.04609258,0.07000000,0.00366300,-0.06169522,-0.23999999,0.23999999,-0.01229746,5.95506382,-5.75784111,-0.99941146,-0.48997009,0.00122106,0.36808655,
21590,-0.46789527,-0.36740315,15.67771530,6.00000000,-0.34643555,0.42539063,-0.06905640,-0.25540906,0.00247462,0.07000000,0.00366300,-0.32508945,-0.12929189,0.08393329,-0.01229746,3.64250207,-2.56563401,-0.24861354,-0.12744483,0.00122106,0.21764867,
21598,-0.66421980,2.08425951,8.65671921,6.00000000,-0.19658203,0.15468749,-0.01134851,0.48008564,0.12925968,0.07000000,0.00366300,-0.40581447,-0.07316083,0.01733363,-0.01229746,1.95127821,-0.61610121,0.47382113,-0.14615092,0.00122106,0.13434945,
21606,-1.47465706,0.77343398,2.79451632,6.00000000,-0.10634766,0.03383789,-0.02146748,1.07070291,0.09775832,0.07000000,0.00366300,-0.21839899,0.23999999,-0.23999999,-0.01229746,0.84473938,-0.12915437,1.07241678,0.01257719,0.00122106,0.12340163,
21614,-1.88167131,0.79977018,1.88471973,6.00000000,0.34643555,-0.41411132,0.05443846,1.51583564,0.09354211,0.07000000,0.00366300,0.06472309,0.23999999,-0.23999999,-0.01229746,1.77674520,-1.98618472,1.52621281,0.17235307,0.00122106,0.26057279,
21622,0.25754786,-0.31832200,-2.11599135,6.00000000,0.34160155,-0.41249999,0.09989118,1.48945975,0.05641820,0.07000000,0.00366300,0.28523999,0.23999999,-0.23999999,-0.01229746,4.27954721,-5.21155310,1.51358950,0.16780925,0.00122106,0.47730675,
21630,1.66174710,-2.22769785,-0.96557736,6.00000000,0.34482422,-0.43183595,-0.02303526,1.17234921,0.09337468,0.07000000,0.00366300,0.41066465,0.23999999,-0.23999999,-0.01229746,6.72998953,-8.07214737,1.18818069,0.04859680,0.00122106,0.65232372,
21638,2.25670624,-1.16108096,2.69515705,6.00000000,0.36093751,-0.41411132,-0.17283988,0.66312712,0.13111465,0.07000000,0.00366300,0.52498782,0.23999999,-0.23999999,-0.01229746,9.07047653,-10.78089905,0.66864496,0.03517145,0.00122106,0.80944377,
21646,4.47373724,-0.24290465,6.71143055,6.00000000,0.35288087,-0.43989259,-0.26672596,-0.05728014,0.13504823,0.07000000,0.00366300,0.65783995,0.23999999,-0.23999999,-0.01229746,11.27657223,-13.42158222,-0.05802411,-0.06850275,0.00122106,0.93456507,
21653,6.66562891,1.19601059,8.71178627,5.00000000,0.35288087,-0.42861328,-0.19676390,-0.88310248,0.09066839,0.07000000,0.00366300,0.91444039,0.05266365,0.06862679,-0.01229746,12.97303200,-15.92612934,-0.87930977,-0.23476437,0.00122106,1.02719343,
21662,11.64197731,1.70118713,12.03733253,6.00000000,0.07734375,0.09990235,0.25903815,-2.03984332,0.02164358,0.07000000,0.00366300,0.66882372,-0.23999999,0.23999999,-0.01229746,13.39540195,-15.52644825,-2.01992655,-0.71254551,0.00122106,0.94813251,
21670,13.04617596,-0.58886677,14.50216293,6.00000000,-0.32709962,0.39799803,0.32104895,-2.78716803,-0.04763846,0.07000000,0.00366300,0.17514515,-0.23999999,0.23999999,-0.01229746,10.78613472,-11.36034870,-2.75794387,-1.21963918,0.00122106,0.63906527,
21678,2.44345403,-1.76561689,20.53136063,6.00000000,-0.35610351,0.43344727,0.48148242,-2.54585338,-0.08351052,0.07000000,0.00366300,0.16376206,-0.23999999,0.23999999,-0.01229746,8.54513168,-9.08967495,-2.52733445,-0.03949487,0.00122106,0.47732154,
21686,4.62576866,-2.76759028,15.23957729,6.00000000,-0.35449219,0.41894531,-0.13608810,-1.19327664,-0.06651717,0.07000000,0.00366300,-0.01114383,-0.23999999,0.23999999,-0.01229746,5.83812618,-5.79449320,-1.18291974,-0.64306188,0.00122106,0.35524523,
21694,0.51133323,-0.65231317,12.58201313,6.00000000,-0.34643555,0.42700195,-0.40632778,-0.32197925,-0.01770915,0.07000000,0.00366300,-0.09822226,-0.23999999,0.23999999,-0.01229746,3.40688276,-3.13810205,-0.32335263,-0.22255933,0.00122106,0.22263597,
21702,-0.34219965,2.81089973,8.21259499,6.00000000,-0.34804687,0.42539063,-0.35204801,0.42905369,-0.03209098,0.07000000,0.00366300,-0.26874179,-0.16595109,0.12889904,-0.01229746,0.97738439,-0.13089970,0.42694592,-0.19542246,0.00122106,0.07421635,
21710,-2.57000446,1.56112635,5.99915552,6.00000000,-0.25136718,0.24331054,-0.23177718,1.27344370,-0.15892974,0.07000000,0.00366300,-0.06241129,0.22951750,-0.23797281,-0.01229746,-0.88313657,1.08559477,1.27212679,-0.00756234,0.00122106,0.02316724,
21718,-2.29227686,2.12615800,4.90380812,6.00000000,0.30615234,-0.38994139,0.09101951,1.86956382,-0.26992229,0.07000000,0.00366300,0.20170835,0.23999999,-0.23999999,-0.01229746,0.26354474,-0.91455257,1.88583708,0.12643300,0.00122106,0.18754785,
21725,0.82257944,-0.18185250,-0.17549078,5.00000000,0.33676758,-0.43344727,0.09593610,1.86323810,-0.32750741,0.07000000,0.00366300,0.39090312,0.23999999,-0.23999999,-0.01229746,2.81521606,-4.06661701,1.88861287,0.10131036,0.00122106,0.41066474,
21734,3.15453196,-1.31071866,1.83803284,6.00000000,0.35126954,-0.43505859,0.21614096,1.39504230,-0.26372313,0.07000000,0.00366300,0.31434357,0.23999999,-0.23999999,-0.01229746,5.53792953,-6.56243801,1.41133475,-0.15239568,0.00122106,0.57056850,
21742,4.23192263,-3.05250025,5.79205704,6.00000000,0.35449219,-0.42216796,-0.08131911,0.53010517,-0.19565420,0.07000000,0.00366300,0.39729187,0.11028494,-0.05796888,-0.01229746,7.68642998,-9.02335262,0.52681082,-0.23181607,0.00122106,0.67880297,
21750,7.42459059,-1.48908663,6.85149097,6.00000000,0.16435547,-0.11279297,-0.19057536,-0.43345433,-0.12691471,0.07000000,0.00366300,0.28560334,-0.23999999,0.23999999,-0.01229746,9.01811600,-9.99201012,-0.43808424,-0.45993331,0.00122106,0.68881732,
21758,10.01631355,1.47014666,8.63038349,6.00000000,-0.32226563,0.38349611,-0.30975968,-1.33453083,-0.06960785,0.07000000,0.00366300,-0.08371612,-0.23999999,0.23999999,-0.01229746,7.71260977,-7.42637587,-1.32798016,-0.84473342,0.00122106,0.47472700,
21766,1.50732112,1.45697856,20.53136063,6.00000000,-0.34643555,0.42539063,0.06290591,-1.50195873,-0.03631985,0.07000000,0.00366300,-0.12417518,-0.23999999,0.23999999,-0.01229746,5.87477827,-5.48731518,-1.48721576,-0.11936444,0.00122106,0.31979388,
21774,4.72512817,1.35043657,18.98051643,6.00000000,-0.34804687,0.43183595,-0.12734534,-0.28947386,-0.18592875,0.07000000,0.00549451,-0.11616237,-0.23999999,0.23999999,-0.01229746,3.36324930,-2.98625851,-0.27385581,-0.70342225,0.00122106,0.21637753,
21782,1.39239943,0.72076154,18.09705734,6.00000000,-0.34965819,0.41572267,0.04226175,0.65051097,-0.26883677,0.07000000,0.00549451,-0.15913045,-0.11115472,0.08877029,-0.01229746,1.19729578,-0.68940508,0.65278244,-0.20472986,0.00122106,0.12365258,
21790,1.77307749,0.22037338,14.00297165,6.00000000,-0.17080078,0.16596679,-0.11902107,1.37419283,-0.28823876,0.07000000,0.00549451,-0.15727144,-0.23999999,0.23999999,-0.01229746,-0.07853982,0.57944930,1.36995959,-0.39624906,0.00122106,0.07763882,
21797,-0.42958802,-1.01623178,10.25125790,5.00000000,-0.35288087,0.42539063,-0.21370672,1.80421710,-0.34758425,0.07000000,0.00549451,-0.17908368,0.23999999,-0.23999999,-0.01229746,-1.10130274,1.66155338,1.80434012,-0.05691075,0.00122106,0.03227883,
21806,-1.21009779,1.17685699,9.53539085,6.00000000,0.33354491,-0.39638671,-0.13776645,2.32299185,-0.33997247,0.07000000,0.00549451,0.01991136,0.23999999,-0.23999999,-0.01229746,0.13613568,-0.20769417,2.32209539,-0.09973544,0.00122106,0.18953174,
21814,4.67245579,2.04475498,-1.17267585,6.00000000,0.33837891,-0.42700195,-0.03665533,2.06693411,-0.35035247,0.07000000,0.00549451,0.17754242,0.10752398,-0.08396089,-0.01229746,2.51676464,-3.03163695,2.10099554,-0.32193026,0.00122106,0.37364489,
21822,4.73709917,0.09946619,-0.85185277,6.00000000,0.16113281,-0.15468749,0.09472807,1.32926583,-0.29159659,0.07000000,0.00549451,0.12077660,-0.20257519,0.21796171,-0.01229746,4.01949310,-4.39822960,1.35584807,-0.46608183,0.00122106,0.41962260,
21830,5.24107885,-0.59126103,1.80211985,6.00000000,-0.28037110,0.35449219,-0.08369675,0.78721452,-0.17722665,0.07000000,0.00549451,-0.18853091,-0.23999999,0.23999999,-0.01229746,2.83092403,-2.23925757,0.79839051,-0.58257878,0.00122106,0.25547069,
21838,0.07678563,-0.89652169,13.09556961,6.00000000,-0.35126954,0.43344727,-0.34209442,0.48901013,-0.10374038,0.07000000,0.00549451,-0.31323355,-0.17314875,0.12980479,-0.01229746,1.07512283,-0.04886922,0.48750350,-0.20775706,0.00122106,0.08015028,
21846,0.62984622,2.39311147,12.21091175,6.00000000,-0.25620118,0.23525390,-0.48745590,1.41224849,-0.06090790,0.07000000,0.00549451,-0.24807784,-0.23999999,0.23999999,-0.01229746,-0.59864789,1.40499008,1.40409279,-0.38438731,0.00122106,0.03080368,
21854,0.12466966,0.35205448,14.28788185,6.00000000,-0.36093751,0.43505859,-0.27470940,1.72099233,-0.19665757,0.07000000,0.00549451,-0.20561484,0.05018511,-0.07807359,-0.01229746,-1.72089458,2.38411975,1.71151233,-0.16981655,0.00122106,-0.02525771,
21862,1.69047761,0.77463108,15.13662624,6.00000000,0.04833984,-0.11118164,-0.03091860,2.31328797,-0.29424852,0.07000000,0.00366300,-0.05007036,-0.10038403,0.09404165,-0.01229746,-1.65282679,1.80292523,2.29897928,-0.38152102,0.00122106,0.04291644,
21869,5.77618265,1.26065397,7.80558062,5.00000000,-0.12890625,0.14824219,0.12891643,2.19705009,-0.36449364,0.07000000,0.00366300,-0.15367903,-0.23999999,0.23999999,-0.01229746,-1.95651412,2.46789551,2.20936608,-0.56415576,0.00122106,-0.00053841,
21878,2.79659867,-2.78913808,14.03529358,6.00000000,-0.36416015,0.44311523,0.19866613,1.45424235,-0.27991796,0.07000000,0.00366300,-0.13462090,-0.21704367,0.19917192,-0.01229746,-2.86233997,3.29692674,1.44385910,-0.30225164,0.00122106,-0.12581459,
21886,0.25635076,-1.97032118,12.70411682,6.00000000,-0.31743163,0.36416015,-0.28473511,2.11013246,-0.22366871,0.07000000,0.00366300,-0.15376267,-0.08389367,0.06388717,-0.01229746,-4.44011736,4.93404579,2.10510063,-0.26359594,0.00122106,-0.19935839,
21894,0.37007535,1.15530908,11.48307419,6.00000000,-0.12890625,0.12729493,-0.33311951,2.47389698,-0.18569392,0.07000000,0.00366300,-0.28456622,-0.00836144,-0.02926160,-0.01229746,-4.75602198,5.67581081,2.46705914,-0.24389501,0.00122106,-0.21009652,
21902,1.83173549,1.30374968,7.84508514,6.00000000,-0.01772461,-0.03222656,0.03842923,2.67291546,-0.19218838,0.07000000,0.00366300,-0.29056495,0.05207294,-0.09050424,-0.01229746,-4.44186306,5.37735939,2.67488575,-0.23798449,0.00122106,-0.17090897,
21910,3.10545087,-1.28438234,4.32680559,6.00000000,0.06767578,-0.15629883,0.33640629,2.39658213,-0.24232176,0.07000000,0.00366300,-0.07280219,-0.01659059,0.00763606,-0.01229746,-4.23940468,4.47851515,2.41594672,-0.27359414,0.00122106,-0.14825420,
21918,1.86166298,-1.64830101,4.49918795,6.00000000,-0.02416992,0.00161133,0.24043250,1.86423409,-0.19752137,0.07000000,0.00366300,-0.02991466,0.01873253,-0.02209567,-0.01229746,-3.73675013,3.86241364,1.89021564,-0.18522733,0.00122106,-0.14665468,
21926,1.17452717,-2.24086595,7.49194002,6.00000000,0.02094727,-0.02094727,0.09976436,1.60447741,-0.04945754,0.07000000,0.00366300,-0.16666815,0.02143785,-0.04366438,-0.01229746,-2.60577655,3.13461137,1.60947597,-0.15778254,0.00122106,-0.09547661,
21934,1.32057345,-1.72371840,6.42771769,6.00000000,0.02578125,-0.09023438,-0.19081365,1.58099723,0.09835538,0.07000000,0.00366300,-0.15952817,0.02980117,-0.05115825,-0.01229746,-2.03156328,2.56388855,1.58931220,-0.16272600,0.00122106,-0.05389426,
21941,2.90433788,1.22354388,7.41053724,5.00000000,0.03544922,-0.08056641,-0.14597641,1.14402413,0.22097027,0.07000000,0.00366300,-0.14099793,-0.21490932,0.19584101,-0.01229746,-1.45909524,1.91637158,1.14743733,-0.29048526,0.00122106,-0.04068860,
21950,3.51246500,0.14615312,8.61242676,6.00000000,-0.29970703,0.34160155,-0.13317008,0.76273209,0.17994246,0.07000000,0.00366300,0.02985889,-0.23999999,0.23999999,-0.01229746,-2.64068317,2.55341673,0.76357710,-0.35294104,0.00122106,-0.14008653,
21958,-3.14940119,0.91349477,19.74307060,6.00000000,-0.36416015,0.43989259,-0.00266959,0.77535415,0.11210804,0.07000000,0.00366300,0.03159757,0.23999999,-0.23999999,-0.01229746,-3.44527984,3.33706951,0.76607621,0.17619660,0.00122106,-0.19936416,
21966,0.39042604,0.43585151,15.38681984,6.00000000,0.33354491,-0.39638671,0.07329534,1.68156517,0.01565487,0.07000000,0.00366300,0.16060621,-0.16242816,0.18470488,-0.01229746,-2.68780708,2.16769886,1.67691779,-0.32790771,0.00122106,-0.05735129,
21974,9.46804142,2.15369129,0.68283051,6.00000000,-0.23364258,0.31259766,0.30933413,1.17324507,-0.06712666,0.07000000,0.00366300,0.17942731,-0.23999999,0.23999999,-0.01229746,-2.95658755,2.36666656,1.18877649,-0.94351375,0.00122106,-0.11169019,
21982,-1.47106576,-2.15228057,11.71411514,6.00000000,-0.35126954,0.42861328,0.16554713,0.78980714,-0.08523562,0.07000000,0.00366300,0.10266691,0.09843820,-0.08400397,-0.01229746,-4.36681366,4.03520107,0.79098356,0.03900880,0.00122106,-0.26129013,
21990,-1.90800762,0.96377301,13.40681553,6.00000000,0.13374023,-0.12246094,-0.04034696,1.33501136,0.00600999,0.07000000,0.00366300,0.12281584,0.11105525,-0.09374860,-0.01229746,-4.24987650,3.86066818,1.33194602,-0.03727897,0.00122106,-0.20700726,
21998,4.50007343,2.05193758,2.24744129,6.00000000,0.15952149,-0.16274413,-0.22689709,1.38987768,0.05031063,0.07000000,0.00366300,0.02943970,-0.23999999,0.23999999,-0.01229746,-3.12763000,3.03338218,1.40585780,-0.33745781,0.00122106,-0.12838271,
22006,2.73674369,0.08270678,3.37391329,6.00000000,-0.32226563,0.40444335,0.09642975,0.75094634,0.01710583,0.07000000,0.00366300,-0.09552629,-0.23999999,0.23999999,-0.01229746,-4.00203991,4.30398226,0.76276028,-0.26729929,0.00122106,-0.25650543,
22013,-3.99455428,-0.05495982,15.02768993,5.00000000,-0.34482422,0.44633788,0.05741552,0.68353897,0.02929304,0.07000000,0.00366300,-0.09590234,0.22662424,-0.23903970,-0.01229746,-5.35990620,5.68628263,0.67897707,0.18927413,0.00122106,-0.36697492,
22022,-4.50451946,0.35564578,13.03571415,6.00000000,0.31420898,-0.39316407,-0.32218987,1.75042832,-0.09073288,0.07000000,0.00366300,0.09220947,0.23999999,-0.23999999,-0.01229746,-4.28129292,3.98982286,1.74580407,0.18221492,0.00122106,-0.18446884,
22030,5.11418581,3.45972824,-0.53821236,6.00000000,0.33676758,-0.41249999,0.18555398,1.49281180,-0.07733145,0.07000000,0.00366300,0.30359152,-0.10379979,0.14530317,-0.01229746,-1.75580120,0.78365284,1.52265668,-0.29707170,0.00122106,0.01782371,
22038,3.85244179,0.17488354,0.25067711,6.00000000,-0.14340821,0.23041992,0.15046310,0.84823757,-0.13521937,0.07000000,0.00366300,-0.00621241,-0.23999999,0.23999999,-0.01229746,-0.96167642,0.97912967,0.86712486,-0.37107748,0.00122106,-0.00850936,
22046,0.54485208,-1.48070693,10.92642212,6.00000000,-0.33676758,0.43344727,0.14859377,0.42208126,0.03367100,0.07000000,0.00366300,-0.37333354,-0.23999999,0.20422360,-0.01229746,-2.43647981,3.63028479,0.42117420,-0.16795725,0.00122106,-0.19778103,
22054,-1.61830914,-1.42803454,17.54639053,6.00000000,-0.36093751,0.38027343,-0.30966637,0.62981427,0.02504761,0.07000000,0.00366300,-0.20276959,-0.23999999,0.22708249,-0.01229746,-4.24987650,4.90088415,0.62972188,-0.17027731,0.00122106,-0.29749155,
22062,-0.50859666,2.78456330,15.63940811,6.00000000,-0.35771483,0.40766603,-0.35561994,1.49228609,0.03392096,0.07000000,0.00366300,-0.38482791,-0.19984964,0.14849892,-0.01229746,-5.81892776,7.09999895,1.48361957,-0.20219377,0.00122106,-0.37884435,
22070,-1.58718455,0.62379634,14.99297428,6.00000000,-0.29970703,0.27392578,0.13526833,1.85079384,-0.04631920,0.07000000,0.00366300,-0.12831414,0.07861242,-0.09464478,-0.01229746,-7.95172024,8.37408924,1.83831835,-0.02428778,0.00122106,-0.48190930,
22078,-1.00180221,2.77977490,11.98465919,6.00000000,0.09667969,-0.14501953,0.06982881,2.42340159,-0.21374804,0.07000000,0.00366300,0.01563912,0.19074680,-0.18706264,-0.01229746,-7.88016176,7.82605648,2.41534877,-0.04291259,0.00122106,-0.41518956,
22085,2.94623637,1.16368890,2.43778038,5.00000000,0.26586914,-0.30615234,0.49076262,2.24844933,-0.20343909,0.07000000,0.00366300,0.36202937,-0.09552445,0.14610502,-0.01229746,-7.10698080,5.94982719,2.27245641,-0.27796921,0.00122106,-0.32711780,
22094,1.75751519,-1.04975057,2.02956891,6.00000000,-0.13374023,0.26264650,0.20437497,1.54765987,-0.20702912,0.07000000,0.00366300,0.28385049,-0.16209155,0.20173943,-0.01229746,-6.57116461,5.65486670,1.56805563,-0.22950712,0.00122106,-0.34391308,
22102,-1.09876740,-0.53499728,6.80480433,6.00000000,-0.24008790,0.36093751,-0.14439268,1.47592604,-0.06510046,0.07000000,0.00366300,-0.31158856,0.06972809,-0.11098830,-0.01229746,-6.66366673,7.65675974,1.48135543,0.00717326,0.00122106,-0.43276405,
22110,-4.39079475,-1.68780541,9.93043423,6.00000000,0.09345703,-0.18369141,-0.15384917,2.14298129,0.09349314,0.07000000,0.00366300,-0.33149844,0.23999999,-0.23999999,-0.01229746,-6.05803776,7.10523558,2.14481378,0.21715295,0.00122106,-0.34188920,
22118,3.19403625,2.37395787,0.58347118,6.00000000,0.34321290,-0.40927735,-0.32462013,2.17686987,0.05728018,0.07000000,0.00366300,-0.07669730,-0.01055770,0.00105507,-0.01229746,-4.53436518,4.80140066,2.20026374,-0.23058161,0.00122106,-0.18496981,
22126,0.68012446,-0.02982070,2.96450472,6.00000000,-0.00805664,-0.01289062,0.04048187,1.56725061,0.00194044,0.07000000,0.00366300,0.17795712,0.23999999,-0.23999999,-0.01229746,-3.63726616,3.08050609,1.58588719,0.07329145,0.00122106,-0.13357674,
22134,1.01650977,1.00926280,10.69777584,6.00000000,0.35126954,-0.42377931,0.10785092,1.12034738,-0.03202796,0.07000000,0.00366300,0.28569376,0.03136902,0.00772247,-0.01229746,-2.58308721,1.64410007,1.12078190,-0.11824880,0.00122106,-0.07652101,
22142,3.31374621,-0.17586701,11.52736759,6.00000000,0.05156250,0.00322266,0.19098362,0.26279467,0.00137843,0.07000000,0.00366300,0.21371835,-0.16320370,0.19198723,-0.01229746,-0.96865773,0.28274336,0.26003027,-0.16439556,0.00122106,-0.02749449,
22150,3.52683020,0.32212695,14.13465309,6.00000000,-0.22880860,0.33354491,0.07258210,-0.25908884,0.07932357,0.07000000,0.00366300,-0.13282712,-0.23999999,0.23999999,-0.01229746,-2.16769886,2.58134174,-0.25978333,-0.33356231,0.00122106,-0.20115878,
22157,-4.13222075,-2.06608915,20.53136063,5.00000000,-0.34482422,0.42377931,0.17191531,-0.51825511,0.10090247,0.07000000,0.00366300,-0.06507135,0.20538700,-0.21423733,-0.01229746,-3.72976851,3.94444418,-0.51264876,0.30923471,0.00122106,-0.33143437,
22166,-0.62232125,-1.27839684,18.09226799,6.00000000,0.29165038,-0.37866211,-0.31927785,0.21042717,-0.06649673,0.07000000,0.00366300,0.06145430,-0.23999999,0.23999999,-0.01229746,-3.39292002,3.20966029,0.22648287,-0.31593144,0.00122106,-0.23520353,
22174,5.29015970,1.92863631,3.13090181,6.00000000,-0.34643555,0.41572267,0.14680587,-0.30380410,0.01350235,0.07000000,0.00366300,0.03003837,-0.23999999,0.23999999,-0.01229746,-3.94444418,3.84321499,-0.30021393,-0.45429695,0.00122106,-0.31890756,
22182,-4.34171343,-0.09446415,7.84747934,6.00000000,-0.36416015,0.43666992,-0.02821698,-0.05761035,-0.07611454,0.07000000,0.00366300,-0.03751829,0.08364846,-0.08820501,-0.01229746,-6.15752125,6.24653339,-0.05919430,0.21001899,0.00122106,-0.47949564,
22190,-2.45029426,1.79456103,4.80444860,6.00000000,0.10151367,-0.13051757,0.07696656,0.80377954,-0.05202447,0.07000000,0.00366300,-0.05398281,0.08640127,-0.09290037,-0.01229746,-6.41932058,6.59210873,0.80292106,0.09139539,0.00122106,-0.43448740,
22198,-2.21207118,1.00686860,-1.34745252,6.00000000,0.11762695,-0.15791015,0.21076295,1.13653851,-0.10377471,0.07000000,0.00366300,0.02245316,0.23999999,-0.23999999,-0.01229746,-5.25693178,5.20282650,1.16275311,0.31558150,0.00122106,-0.31016541,
22206,-2.00138140,-0.02622940,0.21715829,6.00000000,0.34321290,-0.40766603,0.37831911,1.00990105,-0.10538941,0.07000000,0.00366300,0.17409873,0.23999999,-0.23999999,-0.01229746,-3.01243830,2.47836757,1.02555680,0.32605708,0.00122106,-0.12860043,
22214,-1.55845416,-1.66146910,0.99766803,6.00000000,0.34321290,-0.42216796,0.28235745,0.69856930,-0.14023550,0.07000000,0.00366300,0.34080613,0.23999999,-0.23999999,-0.01229746,-0.05410520,-1.08384943,0.70847297,0.34760854,0.00122106,0.09181020,
22222,-0.28713304,-1.50225472,4.75895882,6.00000000,0.34482422,-0.43022460,-0.07832938,0.31273261,-0.00657261,0.07000000,0.00366300,0.36985019,0.23999999,-0.23999999,-0.01229746,2.41553569,-3.61283159,0.31256843,0.29530665,0.00122106,0.25508860,
22229,0.06122332,-0.84863770,9.96993923,5.00000000,0.36093751,-0.43505859,-0.30566707,-0.13798474,0.10938723,0.07000000,0.00366300,0.49988955,0.23999999,-0.23999999,-0.01229746,4.12246752,-5.75784111,-0.14178124,0.30774447,0.00122106,0.35933259,
22238,3.11143637,3.90385270,18.35802460,6.00000000,0.37060547,-0.42861328,-0.23942907,-0.87345213,0.14660466,0.07000000,0.00366300,0.63246089,0.19383420,-0.10964451,-0.01229746,5.83463526,-7.86270809,-0.85450500,0.05913119,0.00122106,0.45698380,
22246,6.28734493,0.77463108,20.53136063,6.00000000,0.29809570,-0.20302734,0.19857414,-2.08852386,0.10376102,0.07000000,0.00366300,0.70965278,-0.23999999,0.23999999,-0.01229746,6.30762005,-8.56782150,-2.06963205,-0.32694477,0.00122106,0.40904248,
22254,6.52317381,0.19762845,20.53136063,6.00000000,-0.32387695,0.39477539,0.44440803,-3.29278135,-0.01588119,0.07000000,0.00366300,0.49927858,-0.23999999,0.23999999,-0.01229746,4.07359838,-5.66533899,-3.24819827,-0.59499764,0.00122106,0.12749499,
22262,-4.21960926,-3.55767679,20.53136063,6.00000000,-0.34804687,0.42216796,0.13693286,-3.64340734,0.00920149,0.07000000,0.00366300,0.30925384,-0.23999999,0.23999999,-0.01229746,1.30027032,-2.30034399,-3.61275101,-0.00101435,0.00122106,-0.14171916,
22270,-3.46184444,-0.06214242,19.29056549,6.00000000,-0.35771483,0.41733399,-0.66921735,-2.66304445,0.13621151,0.07000000,0.00366300,-0.22031626,-0.12137887,0.09030542,-0.01229746,-0.70336765,1.41371667,-2.61360168,0.32500577,0.00122106,-0.28093177,
22278,-3.97061229,2.09263921,9.00028706,6.00000000,-0.18369141,0.16918945,-0.25862697,-1.70385754,0.33288804,0.07000000,0.00366300,-0.33434257,-0.16196069,0.11588082,-0.01229746,-1.96698606,3.05956221,-1.70677686,0.20216970,0.00122106,-0.32422462,
22286,-4.43987608,2.89828801,-0.24971104,6.00000000,-0.23203126,0.21914062,-0.41513231,-1.01018107,0.24804746,0.07000000,0.00366300,-0.02227783,0.13057339,-0.13378125,-0.01229746,-3.65122867,3.72802329,-1.03917170,0.32681233,0.00122106,-0.35838261,
22294,-6.02124596,2.91025901,-2.12915945,6.00000000,0.17724609,-0.22880860,0.04732310,-0.30959755,0.06222479,0.07000000,0.00366300,0.07726029,0.23999999,-0.23999999,-0.01229746,-3.23234963,2.99673033,-0.32156569,0.65710294,0.00122106,-0.26127777,
22301,-3.54683876,-0.09805545,-7.53287268,5.00000000,0.34160155,-0.40766603,0.48908323,-0.02245287,0.05264144,0.07000000,0.00366300,0.27452323,0.23999999,-0.23999999,-0.01229746,-0.90757120,-0.00174533,-0.03023094,0.69996971,0.00122106,-0.03519042,
22310,-1.83259022,-0.08488734,-4.28992653,6.00000000,0.35126954,-0.43183595,0.40717152,0.04892844,-0.07640463,0.07000000,0.00366300,0.50631082,0.23999999,-0.23999999,-0.01229746,2.04378057,-3.61632204,0.04667712,0.51037753,0.00122106,0.21598986,
22318,-2.56401873,-2.16425157,-0.00789667,6.00000000,0.34965819,-0.43022460,0.41551411,-0.00061806,-0.03619182,0.07000000,0.00366300,0.68748122,0.23999999,-0.23999999,-0.01229746,4.43313646,-6.63748693,-0.01111114,0.38809025,0.00122106,0.42668819,
22326,-0.66421980,-1.79075611,4.97084570,6.00000000,0.35126954,-0.41411132,0.02881892,-0.32460532,0.14755607,0.07000000,0.00366300,0.76703662,0.23999999,-0.23999999,-0.01229746,6.71602678,-9.24500942,-0.33857858,0.28860778,0.00122106,0.58028632,
22334,4.05355453,-2.32825422,10.99345970,6.00000000,0.36254883,-0.42539063,-0.30706701,-0.89369118,0.15485556,0.07000000,0.00366300,0.90515876,0.23999999,-0.23999999,-0.01229746,8.48229980,-11.39700031,-0.91258538,0.11048257,0.00122106,0.69031668,
22342,5.20037746,-0.43922919,20.53136063,6.00000000,0.35288087,-0.45117188,-0.51151150,-1.93736327,0.16977398,0.07000000,0.00366300,0.72193205,0.23999999,-0.15093933,-0.01229746,9.99899197,-12.36565781,-1.92964303,0.14901695,0.00122106,0.70143676,
22350,9.53507900,2.78815460,20.53136063,6.00000000,0.36738282,-0.28842774,-0.02485913,-3.35015106,0.42905051,0.07000000,0.00366300,0.77182412,-0.23999999,0.23999999,-0.01229746,11.03222561,-13.55073643,-3.29829693,-0.37435722,0.00122106,0.68587637,
22358,3.87638378,2.86476922,20.09860992,6.00000000,-0.32871094,0.39316407,-0.25207815,-4.52113819,0.25035715,0.07000000,0.00366300,0.45112464,-0.23999999,0.23999999,-0.01229746,9.38114452,-10.83500385,-4.44564867,-0.01937729,0.00122106,0.43567225,
22366,-2.20847988,-1.09524047,20.53136063,6.00000000,-0.33999023,0.43183595,0.29215658,-4.58652830,0.35455939,0.07000000,0.00366300,0.30340692,-0.23999999,0.23999999,-0.01229746,6.20464563,-7.18552065,-4.51561069,-0.17864086,0.00122106,0.16484055,
22373,-3.95385289,-2.28755283,17.46259308,5.00000000,-0.34965819,0.41894531,-0.33740789,-3.94200635,0.22772874,0.07000000,0.00366300,0.10947260,-0.23999999,0.23999999,-0.01229746,3.87463093,-4.23591423,-3.89932394,0.19617037,0.00122106,0.01606935,
22382,-4.69485855,3.93617439,12.32583332,6.00000000,-0.34160155,0.41411132,-0.18968354,-2.71895623,0.21304807,0.07000000,0.00366300,-0.10236004,-0.01564017,0.00020232,-0.01229746,1.47305787,-1.12399209,-2.68865538,0.35034508,0.00122106,-0.10759640,
22390,-5.07673359,2.04236078,3.63368416,6.00000000,-0.02739258,0.00644531,-0.03973243,-1.73279548,0.24122585,0.07000000,0.00366300,-0.06754808,0.23999999,-0.23999999,-0.01229746,-0.02443461,0.27925268,-1.72286844,0.42638862,0.00122106,-0.14462858,
22398,-3.66295743,3.03356028,-3.21971822,6.00000000,0.33515626,-0.41411132,0.15475939,-1.00513840,0.14368661,0.07000000,0.00366300,0.09433509,0.23999999,-0.23999999,-0.01229746,1.27409041,-1.58650434,-1.04239595,0.54387981,0.00122106,0.02911891,
22406,-2.76632881,0.71597314,-5.76834583,6.00000000,0.33999023,-0.42377931,0.45950183,-0.84299296,0.10273403,0.07000000,0.00366300,0.30426967,0.23999999,-0.23999999,-0.01229746,3.94095349,-4.88168621,-0.86570883,0.56671125,0.00122106,0.26238051,
22414,-2.91596651,-1.36817944,-1.43723512,6.00000000,0.34321290,-0.43022460,0.38000485,-0.90797246,0.02626533,0.07000000,0.00366300,0.47887975,0.23999999,-0.23999999,-0.01229746,6.64970446,-8.15592384,-0.92677438,0.49381071,0.00122106,0.49102509,
22422,-0.22967219,-3.02496696,1.13054621,6.00000000,0.35126954,-0.42377931,0.18899757,-1.18242204,0.09736200,0.07000000,0.00366300,0.53915942,0.23999999,-0.23999999,-0.01229746,9.27118874,-11.00255585,-1.20833874,0.24100895,0.00122106,0.68070394,
22430,2.93306828,-2.34022546,3.43855667,6.00000000,0.35932618,-0.44633788,-0.22489542,-1.57854795,0.24599421,0.07000000,0.00366300,0.50010502,0.22628333,-0.16127306,-0.01229746,11.51393700,-13.15280056,-1.60255253,0.06747793,0.00122106,0.81946641,
22438,7.28572702,-1.69019961,9.98190975,6.00000000,0.33032227,-0.28842774,-0.52531910,-2.32509542,0.27492383,0.07000000,0.00366300,0.57372022,-0.17944950,0.23999999,-0.01229746,12.94161606,-14.77595711,-2.33237505,-0.15925513,0.00122106,0.88062030,
22445,6.78055048,1.54197276,18.41428757,5.00000000,-0.24814454,0.38510743,-0.48254821,-3.22164440,0.22542521,0.07000000,0.00366300,0.26787639,-0.23999999,0.23999999,-0.01229746,12.25570202,-13.10742283,-3.18122482,-0.08608440,0.00122106,0.72731119,
22454,5.16685867,2.18481588,20.53136063,6.00000000,-0.33999023,0.42700195,-0.10265719,-3.99704981,0.15959485,0.07000000,0.00366300,0.05298674,-0.23999999,0.23999999,-0.01229746,8.42470455,-8.59574699,-3.93752646,-0.57319301,0.00122106,0.34429869,
22462,0.39042604,3.78294539,20.53136063,6.00000000,-0.34965819,0.41733399,0.31561726,-3.84642053,-0.05213170,0.07000000,0.00366300,0.06051281,-0.23999999,0.23999999,-0.01229746,5.76482248,-5.94982719,-3.78356981,-0.21843550,0.00122106,0.15785584,
22470,2.50570321,-1.39810693,16.00213051,6.00000000,-0.35288087,0.40766603,0.12176973,-3.23018050,-0.02966934,0.07000000,0.00366300,-0.19248459,-0.23999999,0.23999999,-0.01229746,3.22362304,-2.60577655,-3.19657063,-0.50136542,0.00122106,-0.02012390,
22478,-4.92350483,-2.21213555,14.61828136,6.00000000,-0.34482422,0.41894531,0.02313021,-2.21160173,-0.02868202,0.07000000,0.00366300,-0.61876029,-0.08610041,0.00063662,-0.01229746,1.49051118,0.52534413,-2.19651794,0.27088523,0.00122106,-0.13051639,
22486,-2.49817824,-1.19579697,5.46883965,6.00000000,-0.12890625,0.01611328,-0.21059386,-1.37655187,-0.01316284,0.07000000,0.00366300,-0.37701851,-0.23999999,0.22594881,-0.01229746,-0.24434610,1.45734990,-1.38413477,0.03234813,0.00122106,-0.17392182,
22494,-2.13425970,0.55316740,-0.46399209,6.00000000,-0.35288087,0.40283203,-0.04102526,-0.79864061,-0.17061749,0.07000000,0.00366300,-0.27811122,-0.00901120,-0.02925858,-0.01229746,-1.48352981,2.38237453,-0.81985044,0.16385701,0.00122106,-0.20972067,
22502,-3.47142124,0.15812413,1.27060699,6.00000000,-0.01933594,-0.04350586,0.07019075,-0.10142374,-0.15083876,0.07000000,0.00366300,-0.11881359,0.22032025,-0.23657730,-0.01229746,-2.43473434,2.81696129,-0.11086351,0.23376910,0.00122106,-0.20821574,
22510,-2.35692048,1.12657869,-1.20499754,6.00000000,0.30937499,-0.39638671,0.25522947,0.22350566,-0.22148062,0.07000000,0.00366300,0.15136400,0.23999999,-0.23999999,-0.01229746,-0.87964594,0.39269909,0.22085778,0.33651733,0.00122106,-0.03095064,
22517,-2.08278441,0.96975851,0.22673510,5.00000000,0.34643555,-0.42055663,0.30030823,0.21269757,-0.21826009,0.07000000,0.00366300,0.46313101,0.23999999,-0.23999999,-0.01229746,1.78198111,-3.26202035,0.21806388,0.40809196,0.00122106,0.20623203,
22526,2.73315239,-0.41289297,1.57347357,6.00000000,0.34643555,-0.43022460,0.11606351,0.03995820,-0.13934900,0.07000000,0.00366300,0.39193720,0.23999999,-0.23438093,-0.01229746,4.58498001,-5.86779737,0.04050258,0.04291606,0.00122106,0.40648323,
22534,4.37916613,-0.75286961,7.05978680,6.00000000,0.35932618,-0.43022460,-0.03182278,-0.78785801,0.06408329,0.07000000,0.00366300,0.39924791,-0.12491657,0.17727426,-0.01229746,6.81376553,-8.06691170,-0.79038465,-0.18434463,0.00122106,0.50668317,
22542,9.05983067,-0.81990725,9.64313030,6.00000000,-0.15629883,0.29165038,-0.35374534,-1.84699106,0.22041954,0.07000000,0.00366300,-0.03174308,-0.23999999,0.23999999,-0.01229746,6.90975857,-6.79107618,-1.84618211,-0.46467960,0.00122106,0.38127154,
22550,5.88990736,1.76822472,20.53136063,6.00000000,-0.35288087,0.44633788,-0.18638565,-2.36263776,0.23853925,0.07000000,0.00366300,-0.23240839,-0.23999999,0.23999999,-0.01229746,5.66533899,-4.87295961,-2.29294205,-0.63897884,0.00122106,0.22788262,
22558,6.82604027,1.13016999,20.53136063,6.00000000,-0.33354491,0.41411132,-0.23042297,-1.43771791,-0.02255991,0.07000000,0.00366300,0.08398522,-0.23999999,0.23999999,-0.01229746,2.25845599,-2.50978351,-1.40151799,-0.82889098,0.00122106,0.07797278,
22566,2.83849740,2.13214350,20.53136063,6.00000000,-0.34965819,0.43183595,0.04334374,-1.06118262,-0.25165474,0.07000000,0.00366300,0.01463444,-0.23999999,0.23999999,-0.01229746,-0.16755162,0.14137168,-1.04139137,-0.31375217,0.00122106,-0.09283677,
22574,0.67892736,1.92983341,15.02290154,6.00000000,-0.35126954,0.42055663,0.09296741,-0.02858804,-0.30149990,0.07000000,0.00366300,0.01601131,-0.23999999,0.23999999,-0.01229746,-2.29685330,2.25496531,-0.02123356,-0.27450737,0.00122106,-0.17628562,
22582,-0.95032692,0.07672127,10.02021694,6.00000000,-0.35126954,0.43666992,0.03415344,0.54239869,-0.31373289,0.07000000,0.00366300,-0.05324011,-0.18635200,0.17947091,-0.01229746,-4.02822018,4.21497011,0.54219216,-0.12539907,0.00122106,-0.27270454,
22589,-1.77034104,-0.31832200,5.73818731,5.00000000,-0.27875978,0.33837891,-0.18489487,1.29264450,-0.31500888,0.07000000,0.00366300,-0.00943928,0.04323080,-0.04364429,-0.01229746,-5.72991562,5.82590866,1.29099774,-0.03182124,0.00122106,-0.34291464,
22598,-2.04327989,1.34804237,3.60495377,6.00000000,0.04833984,-0.05478515,-0.25210252,1.83591807,-0.32353157,0.07000000,0.00366300,0.02580976,0.23999999,-0.23999999,-0.01229746,-5.74038792,5.65661240,1.84679508,0.07896179,0.00122106,-0.29324964,
22606,-1.32262528,0.02644304,-1.34386122,6.00000000,0.32871094,-0.40605468,-0.02693104,2.09541535,-0.36303687,0.07000000,0.00366300,0.05935462,0.23999999,-0.23999999,-0.01229746,-3.50113058,3.28994560,2.12225795,0.19579437,0.00122106,-0.09965321,
22614,1.01411557,-1.08566368,-2.36379123,6.00000000,0.34643555,-0.41572267,0.16412777,1.85325456,-0.35335672,0.07000000,0.00366300,0.28180313,0.23999999,-0.23999999,-0.01229746,-0.43807766,-0.50614548,1.88783813,0.10118490,0.00122106,0.14057544,
22622,1.66773272,-2.20016456,1.78416336,6.00000000,0.34965819,-0.42861328,-0.14895254,1.35372186,-0.31688115,0.07000000,0.00366300,0.53639847,0.23999999,-0.23999999,-0.01229746,1.95127821,-3.62853932,1.36745298,0.08505349,0.00122106,0.31646949,
22630,3.44063902,-1.66266620,5.37187433,6.00000000,0.35449219,-0.42216796,-0.29112136,0.67616749,-0.23386262,0.07000000,0.00366300,0.63383758,0.23999999,-0.23999999,-0.01229746,4.25511265,-6.31809187,0.67480081,0.04783881,0.00122106,0.45662776,
22638,6.55310106,0.52683121,7.86543560,6.00000000,0.35126954,-0.43183595,-0.49803627,-0.23053923,-0.19680761,0.07000000,0.00366300,0.73976636,0.19064094,-0.09178303,-0.01229746,6.33903599,-8.78075123,-0.22672457,-0.05935400,0.00122106,0.56055886,
22646,9.87744999,2.69358373,12.08401871,6.00000000,0.29165038,-0.18208008,-0.11074749,-1.29462814,-0.21303686,0.07000000,0.00366300,0.62190002,-0.23999999,0.23999999,-0.01229746,7.70213795,-9.80176830,-1.27575731,-0.44006160,0.00122106,0.56536692,
22654,13.22574139,0.35325158,14.51652813,6.00000000,-0.32387695,0.40283203,0.03687847,-2.49885440,-0.29229113,0.07000000,0.00366300,0.46843177,-0.23999999,0.23999999,-0.01229746,5.77529430,-7.27802277,-2.47657967,-1.00099635,0.00122106,0.30639601,
22661,7.84716702,0.03123144,20.53136063,5.00000000,-0.35449219,0.42861328,0.31604865,-3.02685189,-0.34282956,0.07000000,0.00366300,-0.05056801,-0.23999999,0.23999999,-0.01229746,3.54301834,-3.37372160,-2.97660446,-1.05735660,0.00122106,0.03695981,
22670,3.39754343,-2.84659910,19.94298553,6.00000000,-0.35449219,0.42377931,0.24305785,-1.82064939,-0.27191147,0.07000000,0.00366300,-0.09911763,-0.23999999,0.23999999,-0.01229746,1.07686818,-0.75921822,-1.79282308,-0.20519418,0.00122106,-0.06660908,
22678,2.14298177,-2.41444564,13.58039474,6.00000000,-0.35771483,0.43666992,-0.31486192,-0.91473645,-0.18310735,0.07000000,0.00366300,-0.27926514,-0.23999999,0.23999999,-0.01229746,-0.90931654,1.80990636,-0.90530097,-0.45324290,0.00122106,-0.17040566,
22686,-0.00940563,-0.43444079,8.28681469,6.00000000,-0.34643555,0.42377931,-0.54874730,-0.07886005,-0.12520266,0.07000000,0.00366300,-0.39682257,-0.23999999,0.23999999,-0.01229746,-2.89026546,4.16959143,-0.08062285,-0.34634051,0.00122106,-0.27810407,
22694,-0.53493291,2.88392282,5.04865742,6.00000000,-0.35449219,0.42216796,-0.40506911,0.58927327,-0.15280482,0.07000000,0.00366300,-0.45782697,-0.23999999,0.23999999,-0.01229746,-4.90262985,6.40012264,0.57981795,-0.29858732,0.00122106,-0.38835847,
22702,-1.42677307,2.56669116,3.48045516,6.00000000,-0.34804687,0.44311523,-0.13221925,1.21178424,-0.18947762,0.07000000,0.00366300,-0.57592511,-0.22620682,0.14900593,-0.01229746,-6.98480797,8.85929108,1.20867944,-0.13607918,0.00122106,-0.51017857,
22710,-1.55127156,0.87279332,4.28610420,6.00000000,-0.32871094,0.26425782,0.11496636,1.84931517,-0.26294118,0.07000000,0.00366300,-0.57182199,0.02792957,-0.10406280,-0.01229746,-8.88198090,10.72155762,1.85536098,-0.00264917,0.00122106,-0.60365552,
22718,-1.56683385,-0.45120019,6.13323069,6.00000000,0.03222656,-0.16918945,0.26706594,2.30369139,-0.25792438,0.07000000,0.00366300,-0.21126309,0.23999999,-0.23999999,-0.01229746,-9.04604149,9.73021030,2.31332493,0.11086961,0.00122106,-0.54003942,
22726,0.75434470,-2.25882244,4.90739965,6.00000000,0.31743163,-0.39155275,0.04633629,2.45255756,-0.27330509,0.07000000,0.00366300,0.24359104,0.23999999,-0.23999999,-0.01229746,-6.72824430,5.92539263,2.46948195,-0.01833001,0.00122106,-0.29870281,
22733,2.19565415,-2.34261966,6.69706535,5.00000000,0.34482422,-0.41894531,-0.08879348,2.27481127,-0.21578833,0.07000000,0.00366300,0.08391230,0.23999999,-0.23999999,-0.01229746,-2.92517185,2.65988159,2.27747917,-0.00626187,0.00122106,-0.04375149,
22742,7.31086588,-1.45317364,7.01669121,6.00000000,0.34643555,-0.42377931,-0.00096976,1.31760442,-0.04518264,0.07000000,0.00366300,0.28167117,-0.23999999,0.23999999,-0.01229746,-0.07330383,-0.84648466,1.32062173,-0.52628314,0.00122106,0.12300919,
22750,8.59056664,0.93264836,9.71735096,6.00000000,-0.32387695,0.38994139,-0.34691244,0.11093867,0.03949250,0.07000000,0.00366300,0.07722612,-0.23999999,0.23999999,-0.01229746,-0.54454273,0.29321530,0.10986555,-0.52671629,0.00122106,-0.02284381,
22758,4.59464407,2.15608549,20.53136063,6.00000000,-0.36577147,0.44794923,-0.00400776,-0.56759858,0.14509548,0.07000000,0.00366300,-0.10004588,-0.23999999,0.23999999,-0.01229746,-1.64410007,1.97047675,-0.56731212,-0.57773632,0.00122106,-0.18003927,
22766,3.76026487,1.08348310,16.85326958,6.00000000,-0.34965819,0.42861328,0.15126857,0.04337563,0.08084465,0.07000000,0.00366300,0.08258427,-0.23999999,0.23999999,-0.01229746,-3.71231532,3.41909981,0.04809535,-0.51669979,0.00122106,-0.26933971,
22774,2.25670624,1.48810315,15.25992775,6.00000000,-0.35932618,0.43666992,-0.04270858,0.41973025,0.06469645,0.07000000,0.00366300,-0.12580070,-0.23999999,0.23999999,-0.01229746,-4.98640585,5.42099285,0.42004645,-0.38805136,0.00122106,-0.36497056,
22782,1.23438215,-1.77878499,12.69334316,6.00000000,-0.34643555,0.43022460,0.02890940,0.98804349,0.04803439,0.07000000,0.00366300,-0.23642614,-0.23999999,0.23999999,-0.01229746,-6.50658703,7.23264408,0.98811316,-0.33015063,0.00122106,-0.44709840,
22790,0.06840593,1.34923947,9.15830421,6.00000000,-0.35126954,0.43344727,-0.02092608,1.51799023,-0.02254449,0.07000000,0.00366300,-0.33658397,-0.23999999,0.23999999,-0.01229746,-8.16814137,9.27118874,1.51702499,-0.22668740,0.00122106,-0.54745275,
22798,-1.13108909,1.08946860,7.21660709,6.00000000,-0.35288087,0.42700195,-0.01755383,2.17270756,0.01907712,0.07000000,0.00366300,-0.34794712,-0.06896655,0.02353691,-0.01229746,-9.92743301,11.08109570,2.17570353,-0.11329745,0.00122106,-0.63714421,
22805,-1.71886563,0.94461942,6.07576990,5.00000000,-0.11923828,0.05317383,-0.05481327,2.74210215,0.03251566,0.07000000,0.00366300,-0.25120762,0.11914182,-0.15109131,-0.01229746,-10.95892239,11.76177406,2.74967027,-0.04677023,0.00122106,-0.65662116,
22814,-1.44832087,0.99010921,4.31722879,6.00000000,0.15629883,-0.24653320,0.04335437,3.06178093,0.06706893,0.07000000,0.00366300,0.02819690,0.23999999,-0.23999999,-0.01229746,-9.68134117,9.59756565,3.07887220,0.12004194,0.00122106,-0.49767730,
22822,1.27628064,-0.22614524,1.22032881,6.00000000,0.34482422,-0.41088867,0.05528796,2.94044924,0.05190829,0.07000000,0.00366300,0.27849352,0.23999999,-0.23999999,-0.01229746,-7.43161154,6.52578592,2.97434640,-0.00295688,0.00122106,-0.30673707,
22830,2.00770926,-1.32388675,4.21906662,6.00000000,0.35126954,-0.41088867,0.01156396,2.24153876,0.04140817,0.07000000,0.00366300,0.49288872,0.23999999,-0.23999999,-0.01229746,-4.38775778,2.77332807,2.25928330,-0.02177189,0.00122106,-0.09744973,
22838,3.84166789,-0.32430750,6.44687128,6.00000000,0.34160155,-0.41572267,-0.13570984,1.38028193,0.09809740,0.07000000,0.00366300,0.60352761,0.20899320,-0.12685549,-0.01229746,-1.34215820,-0.59864789,1.38799036,-0.08763111,0.00122106,0.07921382,
22846,5.87554216,-0.34824952,8.27963257,6.00000000,0.30454102,-0.23364258,-0.27716351,0.34844190,0.13949056,0.07000000,0.00366300,0.46263421,-0.04920734,0.11151443,-0.01229746,0.93200582,-2.43997025,0.34858322,-0.16237596,0.00122106,0.15366539,
22854,9.14362717,2.06151438,10.28357887,6.00000000,-0.05478515,0.17402343,-0.02057594,-0.67655599,0.16245361,0.07000000,0.00366300,0.04792070,-0.23999999,0.23999999,-0.01229746,1.06465089,-1.21125853,-0.66715109,-0.62663913,0.00122106,0.03591704,
22862,8.49599552,0.54837900,14.85530758,6.00000000,-0.33193359,0.40927735,0.12431947,-1.62534845,0.08725006,0.07000000,0.00366300,-0.07793330,-0.23999999,0.23999999,-0.01229746,-1.89542758,2.15897226,-1.61766231,-0.87988234,0.00122106,-0.27899534,
22870,-0.89286608,-1.86138499,20.53136063,6.00000000,-0.35932618,0.44633788,0.15168338,-1.72482324,-0.09580012,0.07000000,0.00366300,0.01537161,-0.19495864,0.19653659,-0.01229746,-2.84663200,2.79252672,-1.70982301,0.16789931,0.00122106,-0.34519708,
22877,4.73350811,0.24551250,15.02649307,5.00000000,-0.29809570,0.33999023,0.01319104,-0.71247858,-0.12711231,0.07000000,0.00366300,-0.19119485,-0.23999999,0.23999999,-0.01229746,-4.45582581,5.04225588,-0.70676184,-0.74787283,0.00122106,-0.41281635,
22886,0.31979710,-2.14988637,12.70172310,6.00000000,-0.36254883,0.42861328,0.09266607,-0.25585985,-0.10307164,0.07000000,0.00366300,-0.28445199,-0.23999999,0.23999999,-0.01229746,-6.16799355,7.13316107,-0.25232875,-0.12209797,0.00122106,-0.52872336,
22894,-0.04651576,0.05637056,8.29758930,6.00000000,-0.35932618,0.42216796,-0.15199025,0.57542998,-0.12315857,0.07000000,0.00366300,-0.58991450,-0.23999999,0.23999999,-0.01229746,-7.60439968,9.48062897,0.57438219,-0.23376204,0.00122106,-0.60718220,
22902,-1.46867156,0.48373556,6.61685944,6.00000000,-0.34804687,0.42700195,-0.00348312,1.18151486,-0.03540203,0.07000000,0.00366300,-0.79849547,-0.23999999,0.18698840,-0.01229746,-9.33227539,11.99390316,1.18280363,-0.10417585,0.00122106,-0.72137958,
22910,-2.28629136,0.42747182,4.91577911,6.00000000,-0.34643555,0.33193359,-0.04082761,1.89048851,-0.03518392,0.07000000,0.00366300,-0.91797662,-0.11752093,-0.00527641,-0.01229746,-10.90132618,13.87885857,1.89851809,-0.03383338,0.00122106,-0.80129182,
22918,-1.76196122,1.57788575,4.17716789,6.00000000,-0.18046875,0.01450195,0.22127280,2.48993635,0.00102911,0.07000000,0.00366300,-0.61586189,0.20227572,-0.23999999,-0.01229746,-12.13003826,14.14589405,2.49412775,0.11256511,0.00122106,-0.81184328,
22926,-1.79069173,-1.05334198,4.20110989,6.00000000,0.26425782,-0.41411132,0.25769666,2.89026713,-0.05787022,0.07000000,0.00366300,-0.22182506,0.23999999,-0.23999999,-0.01229746,-10.75821018,11.48252201,2.91151333,0.24742761,0.00122106,-0.62610197,
22934,2.13699627,-1.77519369,1.67762136,6.00000000,0.34965819,-0.41411132,0.21238936,2.78665686,-0.01902155,0.07000000,0.00366300,0.05759685,0.23999999,-0.23999999,-0.01229746,-7.89237928,7.64977789,2.82036734,0.01365733,0.00122106,-0.37994868,
22942,2.85405970,-1.97510958,6.25892639,6.00000000,0.35288087,-0.40927735,-0.13995385,1.99547291,0.04954639,0.07000000,0.00366300,0.30292207,0.19692296,-0.15484181,-0.01229746,-4.87470436,3.90081096,2.00425553,-0.07566118,0.00122106,-0.18116970,
22949,4.63654280,0.13537921,9.11161804,5.00000000,0.28681642,-0.27875978,-0.30001849,1.05460191,0.13319875,0.07000000,0.00366300,0.42584604,0.02260149,0.03548782,-0.01229746,-2.48185825,1.11875606,1.05648446,-0.13112777,0.00122106,-0.05264328,
22958,7.22706890,3.24305296,13.16260719,6.00000000,0.04189453,0.04995117,-0.33321214,0.07714389,0.18633795,0.07000000,0.00366300,0.23490681,-0.23999999,0.23999999,-0.01229746,-1.47305787,0.71558499,0.08456999,-0.32375699,0.00122106,-0.07720350,
22966,10.09771729,1.24269748,14.04247570,6.00000000,-0.33515626,0.41572267,0.11189902,-0.78472507,0.14096062,0.07000000,0.00366300,0.10039914,-0.23999999,0.23999999,-0.01229746,-3.86241364,3.54127288,-0.78180355,-0.97982836,0.00122106,-0.34157458,
22974,2.41232944,-0.14474238,20.53136063,6.00000000,-0.35610351,0.43022460,0.33243528,-1.19670987,0.00117160,0.07000000,0.00366300,0.06010838,-0.23999999,0.23999999,-0.01229746,-5.27089453,5.09636164,-1.18839478,-0.15756100,0.00122106,-0.48195142,
22982,2.48774672,-2.12953568,18.14015198,6.00000000,-0.36093751,0.43344727,0.14662316,-0.30687314,-0.06877823,0.07000000,0.00549451,-0.07839924,-0.23999999,0.23999999,-0.01229746,-7.30071211,7.57472897,-0.29592317,-0.49365783,0.00122106,-0.58993864,
22990,-0.40804023,-0.44521469,14.91276836,6.00000000,-0.35610351,0.42216796,-0.10468458,0.20504399,-0.01198692,0.07000000,0.00549451,-0.27785295,-0.23999999,0.23999999,-0.01229746,-8.87325382,9.71101284,0.15737295,-0.14053473,0.00122106,-0.69403410,
22998,-1.14306009,1.54556406,9.14274216,6.00000000,-0.35932618,0.42539063,-0.24728888,0.88584167,0.06797543,0.07000000,0.00366300,-0.49752161,-0.23999999,0.23999999,-0.01229746,-10.37947369,11.98692131,0.88377535,-0.15627035,0.00122106,-0.78510565,
23006,-2.39283347,1.82927692,5.67833233,6.00000000,-0.35610351,0.42216796,-0.18612103,1.62038970,0.09750048,0.07000000,0.00366300,-0.52570271,-0.22099805,0.15165068,-0.01229746,-12.32202435,14.02197552,1.61884689,-0.06917657,0.00122106,-0.87846535,
23014,-2.54845643,1.33966267,2.84000635,6.00000000,-0.31904298,0.28359374,0.07200344,2.25063229,0.13461943,0.07000000,0.00366300,-0.51477706,0.04065403,-0.10797238,-0.01229746,-14.39547539,16.08844566,2.26205969,0.07461965,0.00122106,-0.98716158,
23021,-2.01095819,1.67485094,1.38433158,5.00000000,0.04028320,-0.16596679,0.15770453,2.80239034,0.01824958,0.07000000,0.00366300,-0.29662630,0.23999999,-0.23999999,-0.01229746,-14.70614338,15.66258526,2.82150412,0.16198909,0.00122106,-0.94204611,
23030,-3.47381544,-0.81033045,2.32764697,6.00000000,0.33354491,-0.40283203,0.51812971,2.96203399,-0.00715109,0.07000000,0.00366300,0.19789390,0.23999999,-0.23999999,-0.01229746,-12.16145420,11.52440929,2.99061108,0.51769793,0.00122106,-0.66874540,
23038,1.09910977,-3.25481033,-1.88255656,6.00000000,0.34804687,-0.42539063,-0.00897402,2.87005043,0.01095938,0.07000000,0.00549451,0.41344354,0.23999999,-0.23999999,-0.01229746,-9.06174946,7.73878956,2.91141152,0.22053057,0.00122106,-0.41806442,
23046,1.57076752,-1.47232723,4.00837660,6.00000000,0.34482422,-0.43022460,-0.34835231,2.26332164,0.17249697,0.07000000,0.00549451,0.59148622,0.23999999,-0.23999999,-0.01229746,-5.96553516,4.01949310,2.28005219,0.21739016,0.00122106,-0.20501857,
23054,2.82173777,-0.79835945,9.52222347,6.00000000,0.35771483,-0.42055663,-0.56816024,1.41322756,0.29225445,0.07000000,0.00549451,0.84376699,0.23999999,-0.23999999,-0.01229746,-3.31961608,0.59690261,1.40991211,0.24528269,0.00122106,-0.04032880,
23062,6.18080282,5.68035030,17.56195259,6.00000000,0.35449219,-0.43828124,-0.43622285,0.47012571,0.29873571,0.07000000,0.00549451,0.93246442,0.23999999,-0.15182219,-0.01229746,-0.93200582,-2.08217788,0.49537706,0.05720794,0.00122106,0.07939871,
23070,10.49754810,2.42184186,18.45259476,6.00000000,0.36254883,-0.26909178,0.07483659,-0.97153366,0.21889134,0.07000000,0.00549451,1.01552987,-0.23999999,0.23999999,-0.01229746,0.31939524,-3.63901138,-0.95516622,-0.42752674,0.00122106,0.08008700,
23078,11.60845852,0.04918795,18.61540031,6.00000000,-0.33032227,0.39316407,0.56621855,-2.40657067,-0.01534327,0.07000000,0.00549451,0.85887861,-0.23999999,0.23999999,-0.01229746,-1.37357402,-1.39451814,-2.38032961,-0.89927018,0.00122106,-0.18062609,
23086,1.59949791,-4.82301235,20.53136063,6.00000000,-0.35288087,0.42539063,0.38728148,-2.97724962,-0.07709033,0.07000000,0.00549451,0.50369245,-0.23999999,0.23999999,-0.01229746,-3.85892320,2.23227620,-2.96010780,-0.70817322,0.00122106,-0.45698741,
23093,-2.18812919,-4.65541840,20.53136063,5.00000000,-0.35771483,0.42700195,-0.11789937,-2.52878976,0.07659864,0.07000000,0.00549451,0.19663504,-0.23999999,0.23999999,-0.01229746,-4.98815060,4.34237909,-2.51037121,-0.02604473,0.00122106,-0.54519987,
23102,0.90757364,0.76026589,12.85375500,6.00000000,-0.35126954,0.42539063,-0.34946552,-1.53091550,0.31593552,0.07000000,0.00549451,-0.14885038,-0.23999999,0.23999999,-0.01229746,-6.62876034,7.09127235,-1.51890755,-0.19037847,0.00122106,-0.63709801,
23110,-3.75513411,2.00046229,8.69861794,6.00000000,-0.34643555,0.43666992,-0.54429287,-0.83199137,0.34509993,0.07000000,0.00549451,-0.12512742,-0.23999999,0.23999999,-0.01229746,-8.80169487,9.24849987,-0.81964380,0.10022631,0.00122106,-0.75304317,
23118,-2.57120156,3.36276317,2.91302943,6.00000000,-0.34160155,0.42055663,-0.23280922,0.06449940,0.34846607,0.07000000,0.00549451,-0.29419768,-0.22985323,0.19106729,-0.01229746,-10.92925167,11.95725060,0.15333474,0.09127688,0.00122106,-0.86602581,
23126,-2.85611153,2.38473177,0.86718404,6.00000000,-0.33193359,0.34482422,0.21906787,0.70624417,0.23984997,0.07000000,0.00549451,-0.35531008,-0.03182223,-0.01475251,-0.01229746,-13.11091328,14.27330208,0.70288956,0.20880711,0.00122106,-0.98953444,
23134,-3.19010258,-0.05735402,-0.44005007,6.00000000,-0.04833984,-0.01611328,0.42125100,1.38957000,0.18029417,0.07000000,0.00549451,-0.13594301,0.23999999,-0.23999999,-0.01229746,-14.26981163,14.73057842,1.39868927,0.38582641,0.00122106,-0.99913388,
23142,-1.53211796,-0.54457408,-0.60405290,6.00000000,0.32709962,-0.40122071,0.56337219,1.80648088,0.16911581,0.07000000,0.00549451,-0.00028886,0.23999999,-0.23999999,-0.01229746,-12.02357388,12.00961018,1.78262556,0.31875822,0.00122106,-0.77760404,
23150,-1.56324255,-2.46232963,0.28419593,6.00000000,0.34482422,-0.40283203,0.41127759,1.85498714,0.18940309,0.07000000,0.00549451,0.14275026,0.23999999,-0.23999999,-0.01229746,-8.18384838,7.64628744,1.89057875,0.36456072,0.00122106,-0.45587593,
23158,0.92553014,-1.47352433,2.84718895,6.00000000,0.34965819,-0.40927735,0.00597129,1.63769591,0.31771365,0.07000000,0.00549451,0.35604054,0.23999999,-0.23999999,-0.01229746,-5.23947859,4.10501432,1.65530539,0.13610622,0.00122106,-0.22691730,
23165,4.30135441,-3.00461626,9.15950203,5.00000000,0.34965819,-0.42216796,-0.49479982,0.80917794,0.41103709,0.07000000,0.00549451,0.49686617,0.12491690,-0.05749071,-0.01229746,-2.43647981,0.82728606,0.80032140,-0.02334473,0.00122106,-0.06878251,
23174,6.69196510,0.07312997,13.63785553,6.00000000,0.19335937,-0.10795899,-0.60743535,-0.02592984,0.49804369,0.07000000,0.00549451,0.49480724,-0.07428324,0.14092608,-0.01229746,-0.96167642,-0.63704520,-0.02986711,-0.08130682,0.00122106,-0.01599730,
23182,9.82836914,2.40627956,16.99692154,6.00000000,-0.08701172,0.23525390,-0.17457609,-0.80313390,0.44047558,0.07000000,0.00549451,0.28614733,-0.23999999,0.23999999,-0.01229746,-1.98269403,1.05766952,-0.78976548,-0.61040342,0.00122106,-0.17601106,
23190,5.41106701,1.75146532,20.53136063,6.00000000,-0.33032227,0.41733399,0.29471827,-1.52125466,0.19301061,0.07000000,0.00549451,0.49309883,-0.23999999,0.23999999,-0.01229746,-4.96197081,3.37372160,-1.50332093,-0.54328394,0.00122106,-0.43220690,
23198,-0.00940563,-2.76759028,20.53136063,6.00000000,-0.34965819,0.42539063,0.29087189,-1.36322129,-0.13156490,0.07000000,0.00549451,0.55856389,-0.23999999,0.23999999,-0.01229746,-6.86612511,5.05447340,-1.35035419,-0.36589566,0.00122106,-0.55330342,
23206,0.61907232,-1.04376507,15.67292690,6.00000000,-0.36577147,0.41733399,0.10685853,-0.63370800,-0.09896731,0.07000000,0.00549451,0.10960871,-0.23999999,0.23999999,-0.01229746,-8.36361790,8.02153301,-0.62733042,-0.35299915,0.00122106,-0.67437065,
23214,-3.60070825,-1.31670415,9.96993923,6.00000000,-0.34804687,0.42377931,0.14712715,0.16694611,-0.02622998,0.07000000,0.00549451,-0.11533746,-0.14190771,0.12723459,-0.01229746,-9.90997887,10.27649879,0.16399914,0.11058450,0.00122106,-0.75762224,
23222,-3.69288492,0.37599650,3.43376827,6.00000000,-0.20947266,0.23364258,-0.21856205,1.00944436,0.04706345,0.07000000,0.00549451,-0.06483503,0.09714788,-0.10442907,-0.01229746,-11.59247684,11.83507729,1.01046646,0.19385207,0.00122106,-0.81295520,
23230,-2.83695793,2.31649685,-0.66151375,6.00000000,0.13696289,-0.17563477,-0.16966543,1.59995008,-0.00776588,0.07000000,0.00549451,0.12214853,0.23999999,-0.23999999,-0.01229746,-11.35685730,10.94670486,1.60541093,0.26209331,0.00122106,-0.72733998,
23237,-1.70569754,2.15369129,-6.72842073,5.00000000,0.33999023,-0.39477539,0.12964439,1.85548532,-0.09504184,0.07000000,0.00549451,0.30115169,0.23999999,-0.23999999,-0.01229746,-9.02160740,8.05469418,1.89507508,0.33458483,0.00122106,-0.50463885,
23246,-2.34494948,0.71956444,-3.93917584,6.00000000,0.34643555,-0.41088867,0.40524060,1.74995148,-0.14352801,0.07000000,0.00549451,0.53879213,0.23999999,-0.23999999,-0.01229746,-5.47160721,3.65297413,1.78807724,0.38062045,0.00122106,-0.21340683,
23254,-2.37607408,-1.73808360,0.05435257,6.00000000,0.34321290,-0.41572267,0.41090134,1.50560308,-0.19511430,0.07000000,0.00366300,0.75564325,0.23999999,-0.23999999,-0.01229746,-2.36666656,-0.04886922,1.52067065,0.33590862,0.00122106,0.02857043,
23262,-0.02616504,-2.50303102,4.19632149,6.00000000,0.35288087,-0.42055663,0.09670962,1.05098331,-0.04139103,0.07000000,0.00366300,0.79460829,0.23999999,-0.23999999,-0.01229746,0.54279739,-3.16428208,1.04424596,0.24041133,0.00122106,0.22047976,
23270,2.61224532,-0.54936248,9.37976837,6.00000000,0.35610351,-0.42539063,-0.28385919,0.43426672,0.13611604,0.07000000,0.00549451,0.91912735,0.23999999,-0.23999999,-0.01229746,2.42949820,-5.41924715,0.42823827,0.18965161,0.00122106,0.33486849,
23278,7.68795300,0.29100233,20.53136063,6.00000000,0.37382811,-0.42216796,-0.38788995,-0.59335518,0.07598430,0.07000000,0.00549451,1.16737878,0.12880644,0.02827373,-0.01229746,3.60934091,-7.30769396,-0.59897453,-0.01883401,0.00122106,0.37034202,
23286,14.23130608,1.84124792,20.53136063,6.00000000,0.20947266,0.02094727,0.02763007,-1.98385847,-0.01529440,0.07000000,0.00366300,1.07782352,-0.23999999,0.23999999,-0.01229746,3.08225155,-6.63050556,-1.95118141,-0.48164636,0.00122106,0.22032401,
23294,10.14440346,1.53479016,20.53136063,6.00000000,-0.31098634,0.39477539,0.32444227,-3.35547709,-0.19907968,0.07000000,0.00366300,0.89938217,-0.23999999,0.23999999,-0.01229746,-0.32637659,-2.59006858,-3.28956461,-0.82951748,0.00122106,-0.16164747,
23302,1.58034432,-4.07602167,20.53136063,6.00000000,-0.36416015,0.42216796,0.66271454,-3.74251580,-0.37108111,0.07000000,0.00366300,0.35014653,-0.23999999,0.23999999,-0.01229746,-1.76278257,0.63006383,-3.70109582,-0.94645929,0.00122106,-0.37272954,
23309,0.40359417,-4.12749672,17.57152939,5.00000000,-0.35771483,0.41894531,-0.03974749,-2.41583586,-0.28439444,0.07000000,0.00366300,-0.12828240,-0.23999999,0.23999999,-0.01229746,-3.37546659,3.80307245,-2.39606333,-0.31283039,0.00122106,-0.45500359,
23318,-4.17890787,-1.62196481,10.40209198,6.00000000,-0.35771483,0.43183595,-0.23320045,-1.60554111,-0.00059690,0.07000000,0.00366300,-0.52353400,-0.23999999,0.23999999,-0.01229746,-4.98989630,6.59909010,-1.63501120,0.16626251,0.00122106,-0.56650919,
23326,-4.19447041,0.40472689,1.29814041,6.00000000,-0.34482422,0.42216796,-0.47506630,-0.54686421,0.05114376,0.07000000,0.00366300,-0.57120496,-0.23999999,0.23292011,-0.01229746,-7.25707865,9.10538292,-0.56638098,0.07264107,0.00122106,-0.66506130,
23334,-3.93469930,3.31368208,-2.45477080,6.00000000,-0.35449219,0.40605468,-0.33072516,0.26205802,-0.06071023,0.07000000,0.00366300,-0.68149281,-0.22333196,0.13196307,-0.01229746,-9.72148418,11.88220119,0.23942554,0.08414751,0.00122106,-0.80199873,
23342,-3.23678946,3.33882117,-5.24042463,6.00000000,-0.33354491,0.24492188,0.14317724,0.98317653,-0.11653633,0.07000000,0.00549451,-0.63381708,0.08749253,-0.17200795,-0.01229746,-12.05848026,14.12843990,0.97251749,0.25479394,0.00122106,-0.92354840,
23350,-3.49296904,1.60422194,-3.78235555,6.00000000,0.10957031,-0.30937499,0.49953985,1.59070170,-0.21934071,0.07000000,0.00549451,-0.07128632,0.23999999,-0.23999999,-0.01229746,-12.66061878,12.91194534,1.59906936,0.53778815,0.00122106,-0.85109669,
23358,-1.44832087,0.75308323,-3.45195580,6.00000000,0.32226563,-0.42216796,0.76450801,1.74223208,-0.16626613,0.07000000,0.00366300,0.27369285,0.23999999,-0.23999999,-0.01229746,-10.23984718,9.28340626,1.67702842,0.43814635,0.00122106,-0.61788511,
23366,-5.23115969,-5.79505825,7.75051403,6.00000000,0.33354491,-0.42216796,0.64699155,1.98063242,-0.10318583,0.07000000,0.00366300,0.40035290,0.23999999,-0.23999999,-0.01229746,-5.71420765,4.45058966,1.96949244,0.55110890,0.00122106,-0.23900351,
23374,0.14621748,0.30057913,7.21540976,6.00000000,0.33515626,-0.41572267,0.32493228,1.82979226,-0.19202137,0.07000000,0.00549451,0.44927928,0.23999999,-0.23999999,-0.01229746,-2.57610607,1.13620937,1.83959770,0.22116020,0.00122106,0.00152622,
23381,0.35451302,-5.95068169,11.64947128,5.00000000,0.35288087,-0.43183595,-0.26800579,1.10027695,0.13252988,0.07000000,0.00549451,0.50978017,0.23999999,-0.23999999,-0.01229746,-0.10471976,-1.54112577,1.06987572,0.26575160,0.00122106,0.13963026,
23390,8.29129124,1.41029167,20.53136063,6.00000000,0.34965819,-0.44633788,-1.30570304,0.20175752,0.46718943,0.07000000,0.00549451,0.16857618,0.23292932,-0.21115014,-0.01229746,2.58134174,-3.09970474,0.19316572,0.05221881,0.00122106,0.22997087,
23398,10.14799500,4.20552206,20.53136063,6.00000000,0.36899415,-0.39316407,-0.54289931,-0.80833721,0.62728918,0.07000000,0.00366300,0.50729215,-0.23999999,0.23999999,-0.01229746,2.94262528,-4.56927156,-0.80354047,-0.61613667,0.00122106,0.22337316,
23406,10.97160053,2.65886784,20.53136063,6.00000000,-0.31743163,0.39477539,-0.03767224,-1.94598675,0.11050573,0.07000000,0.00366300,0.95762825,-0.23999999,0.23999999,-0.01229746,-0.12740904,-2.94262528,-1.91780901,-0.55112964,0.00122106,-0.04196838,
23414,-0.96948051,-4.02454615,20.53136063,6.00000000,-0.34965819,0.43022460,0.57512605,-2.20486498,-0.36410594,0.07000000,0.00366300,0.67400390,-0.23999999,0.23999999,-0.01229746,-2.70176983,0.55152404,-2.19835258,-0.66547954,0.00122106,-0.29178736,
23422,-5.18447256,1.08707440,19.10381889,6.00000000,-0.36093751,0.42539063,0.40753740,-1.25210214,-0.30683243,0.07000000,0.00366300,0.19063514,-0.23999999,0.23999999,-0.01229746,-4.14864779,3.53080106,-1.21957946,-0.24660519,0.00122106,-0.38578394,
23430,-2.17256689,-2.66703391,8.57292175,6.00000000,-0.35449219,0.43828124,0.30215177,-0.31178072,-0.07382091,0.07000000,0.00549451,-0.07672285,-0.23999999,0.23999999,-0.01229746,-5.90270376,6.13832331,-0.32061994,-0.09362257,0.00122106,-0.48403940,
23438,-5.04800320,0.47894716,3.03752780,6.00000000,-0.34643555,0.41572267,-0.26748401,0.53881520,-0.05030696,0.07000000,0.00549451,-0.25724730,0.23999999,-0.23999999,-0.01229746,-7.82431078,8.64636135,0.52933854,0.29909363,0.00122106,-0.58737069,
23446,-5.13658857,1.78378713,-0.14795747,6.00000000,0.31582031,-0.38671875,-0.19737341,1.45329452,0.07374321,0.07000000,0.00366300,-0.20459333,0.23999999,-0.23999999,-0.01229746,-7.15934086,7.80685759,1.45631516,0.40731204,0.00122106,-0.46007186,
23453,-1.24960208,3.69076872,-9.10346889,5.00000000,0.33193359,-0.40283203,0.21477546,1.72152269,-0.03619550,0.07000000,0.00366300,0.09568064,0.23999999,-0.23999999,-0.01229746,-4.20973396,3.90779209,1.75427675,0.48272145,0.00122106,-0.17304540,
23462,-2.18334079,1.86758411,-4.50301027,6.00000000,0.33676758,-0.42055663,0.27709165,1.57066643,-0.17372070,0.07000000,0.00366300,0.28626394,0.23999999,-0.23999999,-0.01229746,-0.49567351,-0.42935100,1.60731411,0.52369046,0.00122106,0.11792995,
23470,-3.29305315,-2.24565434,0.37158430,6.00000000,0.34804687,-0.42216796,0.43587354,1.37776101,-0.10629871,0.07000000,0.00549451,0.25702041,0.23999999,-0.23999999,-0.01229746,2.39459157,-3.23758578,1.39147437,0.51445097,0.00122106,0.32340568,
23478,0.51372743,-2.37972975,3.30567837,6.00000000,0.35932618,-0.41733399,0.10274459,1.09237087,0.04940597,0.07000000,0.00549451,0.44429445,0.23999999,-0.23999999,-0.01229746,4.50469494,-5.95855379,1.09962320,0.20349967,0.00122106,0.48422229,
23486,2.57992339,-0.50626683,9.83346939,6.00000000,0.35932618,-0.43344727,-0.41612485,0.54521036,0.20441251,0.07000000,0.00549451,0.58714002,0.23999999,-0.23999999,-0.01229746,6.35474396,-8.27111530,0.54148537,0.14460656,0.00122106,0.59993374,
23494,7.43297052,-3.61274362,18.50167656,6.00000000,0.34482422,-0.43344727,-0.34821853,-0.41949919,0.07762393,0.07000000,0.00549451,0.83031809,0.00664034,0.10405643,-0.01229746,7.24835205,-9.95535851,-0.44678056,-0.18946701,0.00122106,0.62225819,
23502,9.98518944,2.63372874,20.53136063,6.00000000,0.02416992,0.14824219,0.02201086,-1.67767155,0.02087567,0.07000000,0.00366300,0.35911655,-0.23999999,0.23999999,-0.01229746,6.97782612,-8.11578083,-1.64876461,-0.46273190,0.00122106,0.44440290,
23510,4.55514002,0.53640801,20.53136063,6.00000000,-0.32226563,0.39638671,0.11569576,-2.47754359,-0.01706601,0.07000000,0.00366300,0.02129173,-0.23999999,0.23999999,-0.01229746,3.46447849,-3.52032900,-2.44676614,-0.44294959,0.00122106,0.08847144,
23518,-0.10158240,2.23269987,20.53136063,6.00000000,-0.34160155,0.42861328,0.44167048,-2.48568392,0.00180740,0.07000000,0.00549451,0.10994491,-0.23999999,0.23999999,-0.01229746,0.13089970,-0.50090951,-2.44903684,-0.17466223,0.00122106,-0.16162556,
23525,-1.90561342,-4.13467932,15.23957729,5.00000000,-0.35449219,0.42055663,-0.09434584,-1.32589066,-0.26778406,0.07000000,0.00549451,-0.03939036,-0.23999999,0.23999999,-0.01229746,-2.04028988,2.17642546,-1.31520510,-0.05935176,0.00122106,-0.26342982,
23534,-3.78745580,4.24382925,8.60763836,6.00000000,-0.34965819,0.43828124,-0.05057401,-0.62276578,-0.05171557,0.07000000,0.00549451,-0.32991004,-0.02650523,-0.01858936,-0.01229746,-3.86764979,4.93230057,-0.63478506,0.18601048,0.00122106,-0.38405761,
23542,-4.65774822,0.02644304,1.84880674,6.00000000,-0.04350586,-0.01127930,-0.19788398,0.48199788,-0.13804400,0.07000000,0.00549451,-0.07613511,0.23999999,-0.23999999,-0.01229746,-5.00211382,5.24471426,0.47517341,0.26225871,0.00122106,-0.35484558,
23550,-2.73281002,4.71309280,-5.74799538,6.00000000,0.32548827,-0.40766603,-0.00744270,1.05515277,-0.15519409,0.07000000,0.00549451,0.05908834,0.23999999,-0.23999999,-0.01229746,-3.41037321,3.18697143,1.06277752,0.39806664,0.00122106,-0.17360017,
23558,-2.18094659,0.60583985,-8.02966976,6.00000000,0.33837891,-0.40927735,0.27021480,1.12818730,-0.16984427,0.07000000,0.00366300,0.34414458,0.23999999,-0.23999999,-0.01229746,-0.11170107,-1.01927233,1.15485847,0.50486714,0.00122106,0.12795196,
23566,-3.20207357,-3.10996127,-2.05733323,6.00000000,0.33837891,-0.42861328,0.28984299,1.03216660,-0.35737845,0.07000000,0.00366300,0.50558794,0.23999999,-0.23999999,-0.01229746,2.74365759,-4.43139076,1.04000592,0.58422065,0.00122106,0.35011250,
23574,-2.29826236,-2.52817011,1.17124772,6.00000000,0.35932618,-0.42216796,0.19345117,0.86493981,-0.16250710,0.07000000,0.00549451,0.56292373,0.23999999,-0.23999999,-0.01229746,5.05970955,-6.88881493,0.86455959,0.51263809,0.00122106,0.52675879,
23582,0.34373912,-3.53732610,7.08133459,6.00000000,0.35771483,-0.43505859,-0.13152505,0.54429531,-0.09536009,0.07000000,0.00549451,0.88389313,0.23999999,-0.23999999,-0.01229746,6.70904541,-9.59931087,0.52753341,0.35388160,0.00122106,0.65668547,
23590,7.35515881,-0.88574779,20.28296280,6.00000000,0.37221679,-0.42216796,-0.11738347,-0.27808025,-0.27133399,0.07000000,0.00366300,1.38579619,0.23999999,-0.11749639,-0.01229746,7.37576151,-11.94503403,-0.29867464,-0.04736844,0.00122106,0.70947993,
23597,7.83399916,0.49929789,20.53136063,5.00000000,0.35932618,-0.23847656,-0.04536431,-1.31605017,-0.46417785,0.07000000,0.00366300,1.15618742,-0.07484218,0.22956622,-0.01229746,8.66206932,-12.51575565,-1.31238413,-0.18357597,0.00122106,0.70546156,
23606,9.40818691,1.70238423,20.53136063,6.00000000,-0.09184571,0.37221679,0.31808996,-2.77240300,-0.19104862,0.07000000,0.00366300,0.54776055,-0.23999999,0.23999999,-0.01229746,7.03716755,-8.85231018,-2.72127819,-0.55402303,0.00122106,0.40495282,
23614,1.06559098,-2.17861676,20.53136063,6.00000000,-0.33837891,0.40283203,-0.18045588,-3.15788054,-0.30801189,0.07000000,0.00366300,0.04121310,-0.23999999,0.23999999,-0.01229746,3.90953755,-4.04741859,-3.12499118,-0.27956855,0.00122106,0.06690240,
23622,-2.96504760,-2.86575270,20.53136063,6.00000000,-0.34160155,0.42861328,-0.12690502,-2.52797985,-0.31878552,0.07000000,0.00366300,-0.23665135,-0.23999999,0.23999999,-0.01229746,1.72438538,-0.94945914,-2.48574042,0.05837381,0.00122106,-0.08955076,
23630,-3.69767332,0.51605731,12.63707924,6.00000000,-0.34804687,0.42055663,-0.18188804,-1.17857051,-0.37439290,0.07000000,0.00549451,-0.59789759,-0.14384250,0.06152573,-0.01229746,-0.05061455,1.96349537,-1.16858113,0.11139511,0.00122106,-0.16577391,
23638,-4.62303209,1.08228600,3.39546108,6.00000000,-0.21269532,0.12890625,0.22208327,-0.24200132,-0.36768341,0.07000000,0.00549451,-0.41275439,0.23999999,-0.23999999,-0.01229746,-1.82212377,3.15904593,-0.25506008,0.33912045,0.00122106,-0.20868993,
23646,-5.18088150,3.45374274,-3.77876425,6.00000000,0.32226563,-0.41088867,0.14918679,0.58985853,-0.44288635,0.07000000,0.00549451,-0.06663856,0.23999999,-0.23999999,-0.01229746,-0.83950335,1.08210409,0.57392132,0.57027131,0.00122106,-0.02816129,
23654,-1.60514104,0.00130392,-8.90355301,6.00000000,0.33354491,-0.41249999,0.44197914,0.76553589,-0.33104560,0.07000000,0.00549451,0.10636295,0.23999999,-0.23999999,-0.01229746,2.13977361,-2.44346094,0.78063703,0.56301612,0.00122106,0.23323272,
23662,-4.04962111,2.67921853,-4.15944242,6.00000000,0.34160155,-0.42539063,0.30026868,0.71245682,-0.39999872,0.07000000,0.00366300,0.31172705,0.23999999,-0.23999999,-0.01229746,4.75776768,-5.81892776,0.72901863,0.75271696,0.00122106,0.44999266,
23669,-3.12665629,-1.38015044,0.20159598,5.00000000,0.34804687,-0.42055663,0.46628028,0.72501183,-0.41982409,0.07000000,0.00366300,0.25878316,0.23999999,-0.23999999,-0.01229746,7.40019608,-8.29554939,0.73025817,0.66454017,0.00122106,0.65228367,
23678,-1.59915555,-1.71653581,2.94774532,6.00000000,0.35126954,-0.42055663,0.20271689,0.41728526,-0.22394159,0.07000000,0.00366300,0.51707584,0.23999999,-0.23999999,-0.01229746,9.70926666,-11.32020473,0.42035562,0.46382195,0.00122106,0.83117127,
23686,1.61506021,1.53838146,7.59010220,6.00000000,0.34804687,-0.42216796,-0.38150647,0.02131913,-0.09979343,0.07000000,0.00549451,0.59013510,0.23999999,-0.23999999,-0.01229746,11.35685730,-13.26799297,0.02648643,0.32380590,0.00122106,0.94162315,
23694,6.51359701,-3.87610579,17.49730873,6.00000000,0.36577147,-0.45278320,-0.52187282,-0.93704468,-0.20300825,0.07000000,0.00549451,0.93449718,0.23999999,-0.21161538,-0.01229746,12.03055477,-15.17912865,-0.96127158,0.00091180,0.00122106,0.96047848,
23702,10.76569939,2.89589381,20.53136063,6.00000000,0.36899415,-0.40122071,-0.33219615,-2.09506226,-0.41494256,0.07000000,0.00366300,0.90356547,-0.18768007,0.23999999,-0.01229746,12.90321922,-15.83886337,-2.05825424,-0.23345728,0.00122106,0.93681002,
23710,9.99835777,2.09263921,20.53136063,6.00000000,-0.24008790,0.38027343,-0.04020854,-3.79133654,-0.37851667,0.07000000,0.00366300,0.98604196,-0.23999999,0.23999999,-0.01229746,10.40914440,-13.64149284,-3.73303366,-0.47262180,0.00122106,0.62109518,
23718,5.03038883,-0.50985813,20.53136063,6.00000000,-0.35126954,0.41572267,0.58460867,-4.21226788,-0.52727407,0.07000000,0.00366300,0.16711611,-0.23999999,0.23999999,-0.01229746,7.69166613,-8.21875572,-4.13413334,-0.94884473,0.00122106,0.29306468,
23726,-4.70682955,-6.05602646,20.53136063,6.00000000,-0.35449219,0.42055663,0.46877351,-3.41888356,-0.45690250,0.07000000,0.00366300,-0.11189954,-0.06540088,0.04774956,-0.01229746,5.55014706,-5.18362808,-3.39693785,0.31996495,0.00122106,0.15391289,
23734,-3.33375478,-4.32860994,10.23689270,6.00000000,-0.09506836,0.08862305,-0.14419660,-1.90389132,-0.35719481,0.07000000,0.00366300,-0.43496457,-0.17944103,0.11857131,-0.01229746,4.23067808,-2.77158284,-1.90553856,0.07817991,0.00122106,0.12111270,
23741,-1.94751191,0.93264836,-0.37181532,5.00000000,-0.26103514,0.20786133,-0.48038962,-1.30772293,-0.20768571,0.07000000,0.00366300,-0.49797624,-0.22843857,0.15940647,-0.01229746,2.80998015,-1.20776784,-1.33783031,-0.00323348,0.00122106,0.05287711,
23750,-5.57472754,2.12496090,0.22673510,6.00000000,-0.31420898,0.28520507,-0.48862669,-0.59737545,-0.17673101,0.07000000,0.00366300,-0.21740216,0.12929177,-0.15952638,-0.01229746,0.09948377,0.60562927,-0.62275064,0.19133998,0.00122106,-0.06641602,
23758,-4.50212526,3.85357451,-3.02099943,6.00000000,0.17563477,-0.26103514,-0.21723738,0.16833714,-0.21021791,0.07000000,0.00366300,0.12307511,0.23999999,-0.23999999,-0.01229746,-0.49916416,0.10122910,0.15198272,0.36232480,0.00122106,-0.01058558,
23766,-1.28790939,2.67921853,-6.62427330,6.00000000,0.34482422,-0.41249999,0.32107455,0.42764890,-0.29785901,0.07000000,0.00366300,0.27842623,0.23999999,-0.23999999,-0.01229746,1.81165183,-2.75587487,0.43499660,0.33600184,0.00122106,0.20955756,
23774,-0.99102831,0.30417043,-2.26682591,6.00000000,0.33837891,-0.41572267,0.33035827,0.43276024,-0.35878810,0.07000000,0.00366300,0.41544250,0.23999999,-0.23999999,-0.01229746,4.63734007,-6.06327391,0.44085559,0.29767439,0.00122106,0.44160569,
23782,0.24916816,-1.93560529,1.96372843,6.00000000,0.33837891,-0.43022460,0.23739196,0.32584646,-0.13321048,0.07000000,0.00366300,0.28350186,0.23999999,-0.23999999,-0.01229746,7.73355389,-8.67428684,0.32229438,0.15031011,0.00122106,0.64896154,
23790,4.59823561,-0.17586701,6.86825085,6.00000000,0.35610351,-0.43022460,0.10342658,-0.03395708,0.05057657,0.07000000,0.00366300,0.25046539,0.03434628,-0.00251999,-0.01229746,9.92917824,-10.75821018,-0.03331301,-0.24392568,0.00122106,0.78592837,
23798,10.93808174,-1.96672988,20.53136063,6.00000000,0.07573242,-0.02578125,-0.24897452,-1.03047526,-0.01850505,0.07000000,0.00366300,0.25512505,-0.23999999,0.23999999,-0.01229746,10.20668507,-11.03222561,-1.03410161,-0.66277462,0.00122106,0.72981167,
23806,7.71907759,-3.17819595,20.53136063,6.00000000,-0.34321290,0.39799803,-0.41923282,-1.88416409,-0.03949558,0.07000000,0.00366300,-0.35422850,-0.23999999,0.23999999,-0.01229746,8.58003902,-7.41939497,-1.87266576,-0.44734612,0.00122106,0.46736261,
23813,-2.49937534,3.56627035,20.53136063,5.00000000,-0.33676758,0.43344727,-0.09599926,-1.94896102,0.25207421,0.07000000,0.00366300,-0.64037168,-0.23552085,0.14627886,-0.01229746,6.88357830,-4.84328890,-1.93203723,-0.00478366,0.00122106,0.29716951,
23822,3.27304482,0.99489760,16.85805702,6.00000000,-0.33676758,0.24008790,-0.73944128,-0.91331613,0.11982829,0.07000000,0.00366300,-0.35307145,-0.23999999,0.23999999,-0.01229746,3.05607152,-1.90240884,-0.90377581,-0.75628543,0.00122106,0.11650790,
23830,-4.44945288,3.34001827,16.59828568,6.00000000,-0.35288087,0.42055663,-0.12516378,-0.26813316,0.19577920,0.07000000,0.00366300,-0.62786806,0.23999999,-0.23999999,-0.01229746,1.52367246,0.47647488,-0.27290237,0.22678590,0.00122106,0.01797560,
23838,-3.01293159,0.52443701,6.44088554,6.00000000,0.32387695,-0.39960939,0.13783458,0.65014416,0.08895696,0.07000000,0.00366300,-0.32616878,0.23999999,-0.23999999,-0.01229746,1.44338727,-0.42935100,0.64550853,0.23111179,0.00122106,0.11880337,
23846,-0.09559689,1.87356961,-4.77594948,6.00000000,0.34643555,-0.41894531,0.48510063,0.82733274,-0.04344879,0.07000000,0.00366300,-0.23118302,0.23999999,-0.23999999,-0.01229746,3.90255642,-3.17126322,0.83632839,0.36095577,0.00122106,0.33761868,
23854,-1.79787433,0.20002267,-2.64391279,6.00000000,0.34804687,-0.42216796,0.42343107,0.60391438,-0.07500477,0.07000000,0.00366300,-0.04155822,0.23999999,-0.23999999,-0.01229746,6.54149389,-6.36696100,0.61818355,0.51208842,0.00122106,0.53914434,
23862,-2.32100749,-2.08763695,0.29137856,6.00000000,0.34160155,-0.42700195,0.41824856,0.29005930,-0.06198892,0.07000000,0.00366300,0.01964833,0.23999999,-0.23999999,-0.01229746,9.15774250,-9.34274769,0.31602949,0.52579039,0.00122106,0.72471309,
23870,0.38444054,-3.09080768,-0.34069070,6.00000000,0.35449219,-0.42216796,0.05734934,0.07695372,0.11303395,0.07000000,0.00366300,0.14410079,0.23999999,-0.23999999,-0.01229746,11.67276192,-12.11258507,0.07084870,0.24608091,0.00122106,0.91278577,
23878,1.16135895,-0.69660586,3.31884670,6.00000000,0.34321290,-0.43828124,-0.55047280,-0.38708800,0.22736111,0.07000000,0.00366300,0.01471524,0.23999999,-0.23999999,-0.01229746,14.10575104,-14.16858292,-0.38718086,0.18677461,0.00122106,1.04721773,
23885,4.32529640,-0.14115109,7.12682438,5.00000000,0.36738282,-0.43828124,-0.43495479,-0.90317583,0.38086396,0.07000000,0.00366300,0.18790874,0.10551175,-0.08341959,-0.01229746,15.74985123,-16.36944389,-0.87616694,-0.20106244,0.00122106,1.15443671,
23894,6.71231556,3.63929343,13.61271667,6.00000000,0.16596679,-0.15791015,-0.28132984,-1.70618010,0.28639954,0.07000000,0.00366300,0.04684603,-0.19203484,0.19449043,-0.01229746,17.07455635,-17.23338127,-1.69253957,-0.31606269,0.00122106,1.17828774,
23902,12.62838840,0.68604559,16.13261414,6.00000000,-0.24008790,0.31743163,0.24958578,-2.52692723,0.22531265,0.07000000,0.00366300,0.13170813,-0.23999999,0.23999999,-0.01229746,14.28028393,-14.78817463,-2.54103971,-1.16816854,0.00122106,0.91315603,
23910,10.76809311,1.10383379,20.53136063,6.00000000,-0.32548827,0.40605468,0.55499268,-2.96806979,-0.01024908,0.07000000,0.00366300,0.16665596,-0.23999999,0.23999999,-0.01229746,9.51902580,-10.06182289,-2.92130542,-0.87337893,0.00122106,0.52653658,
23918,0.73997951,-4.45071411,20.53136063,6.00000000,-0.36093751,0.43666992,0.35670611,-2.57156038,-0.15594837,0.07000000,0.00366300,-0.03769323,-0.23999999,0.23999999,-0.01229746,7.50840664,-7.37750673,-2.54181767,-0.18101835,0.00122106,0.37576038,
23926,1.07037938,-0.93961734,18.56991196,6.00000000,-0.35288087,0.42861328,-0.29718477,-1.24109745,0.00162342,0.07000000,0.00366300,-0.35783532,-0.23999999,0.23999999,-0.01229746,5.29183865,-4.13817596,-1.21201754,-0.32331234,0.00122106,0.26487523,
23934,-2.29945946,-1.99665737,11.10479069,6.00000000,-0.34965819,0.41411132,-0.46795073,-0.40826699,0.06045771,0.07000000,0.00366300,-0.49729750,-0.23999999,0.18914950,-0.01229746,2.64242840,-0.99832833,-0.40131241,-0.15888816,0.00122106,0.10937287,
23942,-1.47705126,3.03236318,4.07780838,6.00000000,-0.35126954,0.33676758,-0.42775589,0.53099120,0.04974800,0.07000000,0.00366300,-0.57470793,-0.23999999,0.19308670,-0.01229746,0.05410520,1.80641580,0.51419353,-0.23543841,0.00122106,-0.02773280,
23950,-2.78189111,1.88793480,1.59980977,6.00000000,-0.34804687,0.34160155,0.09310328,1.14102471,-0.00605691,0.07000000,0.00366300,-0.48891428,0.18935424,-0.23999999,-0.01229746,-2.18166161,3.73675013,1.13853788,0.05111662,0.00122106,-0.13496567,
23957,-3.61028504,0.62738764,1.99964142,5.00000000,0.25136718,-0.38994139,0.44016632,1.82109940,-0.09090542,0.07000000,0.00366300,-0.25013369,0.23999999,-0.23999999,-0.01229746,-2.22354960,3.02814627,1.82963729,0.36194253,0.00122106,-0.05949724,
23966,0.30662900,-1.05573618,-3.85059047,6.00000000,0.33515626,-0.40927735,0.62367243,1.87574542,-0.11064083,0.07000000,0.00366300,0.03791898,0.23999999,-0.23999999,-0.01229746,0.97214842,-1.11526537,1.91294503,0.32535309,0.00122106,0.22889015,
23974,-1.04130661,-1.50824022,2.29891658,6.00000000,0.34482422,-0.43344727,0.39913872,1.76971507,-0.06854894,0.07000000,0.00366300,0.14291292,0.23999999,-0.23999999,-0.01229746,4.24464083,-4.72635126,1.78937685,0.30435395,0.00122106,0.47862071,
23982,3.42986512,-3.56485963,3.28891897,6.00000000,0.35449219,-0.43183595,0.13345242,1.35007942,0.15290226,0.07000000,0.00366300,0.20363531,0.23999999,-0.23999999,-0.01229746,6.39139605,-7.08080101,1.36154902,-0.13730702,0.00122106,0.61696643,
23990,4.13735151,-1.56450403,8.38617420,6.00000000,0.35449219,-0.43022460,-0.47441605,0.46337089,0.29523414,0.07000000,0.00366300,0.41272545,0.23999999,-0.23999999,-0.01229746,8.28682327,-9.61327362,0.46155596,-0.09095716,0.00122106,0.71708798,
23998,8.25059032,2.36797237,15.69686985,6.00000000,0.35610351,-0.41572267,-0.50034487,-0.56067562,0.38598955,0.07000000,0.00366300,0.49387413,-0.07531244,0.13998801,-0.01229746,10.36027431,-11.93805218,-0.55646861,-0.27722943,0.00122106,0.80706853,
24006,12.34826660,0.82610643,14.93910408,6.00000000,-0.08540039,0.22719726,0.25973982,-1.87140179,0.30556563,0.07000000,0.00366300,0.45907882,-0.23999999,0.23999999,-0.01229746,9.68483257,-11.16138077,-1.85883737,-0.88618374,0.00122106,0.65481162,
24014,3.76265907,1.17925119,20.53136063,6.00000000,-0.34482422,0.43022460,0.44753945,-2.67107320,0.17460760,0.07000000,0.00366300,0.36067629,-0.23999999,0.23999999,-0.01229746,8.09134674,-9.26769829,-2.63893414,-0.42226854,0.00122106,0.45913285,
24022,1.17572427,-4.14784765,19.29535484,6.00000000,-0.34321290,0.41733399,0.22017577,-2.03686118,0.11106285,0.07000000,0.00366300,0.30412400,-0.23999999,0.23999999,-0.01229746,5.59378004,-6.57814598,-2.01515961,-0.39425451,0.00122106,0.31059211,
24029,-0.77914149,-0.40451327,17.39196396,5.00000000,-0.36416015,0.42055663,-0.25179610,-1.27029836,0.17540185,0.07000000,0.00366300,0.04219735,-0.17574248,0.17996612,-0.01229746,3.79609108,-3.93048143,-1.25219893,-0.04850677,0.00122106,0.19842708,
24038,-1.78949463,-0.05855112,9.32350445,6.00000000,-0.25297850,0.31259766,0.12685643,-0.12873495,0.24791087,0.07000000,0.00366300,-0.30470011,-0.04685973,0.00461504,-0.01229746,1.73660266,-0.79936081,-0.12995696,-0.04340066,0.00122106,0.09137006,
24046,-1.63626564,1.50366545,4.02513599,6.00000000,-0.06928711,0.00966797,-0.12253708,0.60222447,0.16593346,0.07000000,0.00366300,-0.15549535,0.11449177,-0.13600144,-0.01229746,0.32637659,0.16580628,0.59753817,-0.01225059,0.00122106,0.05379156,
24054,-2.16658139,2.00405359,0.91147679,6.00000000,0.15952149,-0.23203126,0.28426799,1.01309502,0.17655139,0.07000000,0.00366300,0.05862980,0.23999999,-0.23999999,-0.01229746,0.76969016,-0.96342176,1.01862037,0.23913799,0.00122106,0.14470153,
24062,-1.24002528,-0.12080037,-0.62679780,6.00000000,0.33676758,-0.40444335,0.36164585,1.22271407,0.08033779,0.07000000,0.00366300,0.32158518,0.23999999,-0.23999999,-0.01229746,2.77158284,-3.83797884,1.23658860,0.23810917,0.00122106,0.34790477,
24070,0.64181721,-0.72773051,-2.61518240,6.00000000,0.34804687,-0.41572267,0.24919756,1.11657810,0.11059948,0.07000000,0.00366300,0.50457919,0.23999999,-0.23999999,-0.01229746,5.09287071,-6.74046183,1.13612258,0.08457823,0.00122106,0.53696370,
24078,2.07354975,-1.03179407,1.50404167,6.00000000,0.34804687,-0.43989259,0.06685572,0.66993678,0.16819167,0.07000000,0.00366300,0.59718722,0.23999999,-0.23999999,-0.01229746,7.48048115,-9.43175983,0.67605841,-0.02996757,0.00122106,0.69732922,
24086,3.55675769,0.07073577,6.05063057,6.00000000,0.35932618,-0.45117188,-0.19237371,0.01200567,0.28220627,0.07000000,0.00366300,0.65754747,0.23999999,-0.23999999,-0.01229746,9.75115490,-11.85951233,0.01389182,-0.03410679,0.00122106,0.82778555,
24094,6.89906359,0.68724269,10.22372437,6.00000000,0.36577147,-0.43022460,-0.24393222,-0.79991943,0.32558396,0.07000000,0.00366300,0.81890112,0.05096677,0.05758488,-0.01229746,11.55408001,-14.24363136,-0.79886174,-0.20861283,0.00122106,0.92408228,
24101,10.46642399,3.48127604,15.16056824,5.00000000,0.09667969,0.07089844,0.03731378,-1.55970752,0.31383279,0.07000000,0.00366300,0.53194809,-0.23999999,0.23999999,-0.01229746,12.21904945,-13.95216274,-1.52590227,-0.50355291,0.00122106,0.88229299,
24110,13.09046936,-0.26924089,16.92270088,6.00000000,-0.32065430,0.38671875,0.21627039,-2.16401505,0.27429733,0.07000000,0.00366300,0.13497201,-0.23999999,0.23999999,-0.01229746,9.32354927,-9.76337242,-2.13903570,-1.08468270,0.00122106,0.56939852,
24118,4.41029072,-0.27642348,20.53136063,6.00000000,-0.36738282,0.43183595,0.32143834,-2.15995789,0.18296538,0.07000000,0.00366300,-0.07941505,-0.23999999,0.23999999,-0.01229746,6.92197609,-6.70904541,-2.13549709,-0.28132117,0.00122106,0.35663247,
24126,4.03679514,-1.26403165,16.32893944,6.00000000,-0.35610351,0.42216796,0.00956993,-0.92952162,0.18367828,0.07000000,0.00366300,-0.44565579,-0.23999999,0.23999999,-0.01229746,4.61290503,-3.20791531,-0.91051888,-0.61696869,0.00122106,0.23276037,
24134,0.91236204,-1.27001715,12.37850571,6.00000000,-0.33837891,0.42700195,-0.15325074,-0.13461150,0.24207814,0.07000000,0.00366300,-0.57051301,-0.23999999,0.23999999,-0.01229746,2.04028988,-0.20245820,-0.12808818,-0.43970573,0.00122106,0.07333660,
24142,-0.47268367,1.28459609,8.41490459,6.00000000,-0.34643555,0.42861328,-0.19459140,0.58427531,0.29267794,0.07000000,0.00366300,-0.53325403,-0.23999999,0.23999999,-0.01229746,-0.57770395,2.23053074,0.57770628,-0.36307737,0.00122106,-0.06064560,
24150,-2.52930284,0.93743676,5.88064241,6.00000000,-0.35288087,0.43344727,-0.07961045,1.21561646,0.24274406,0.07000000,0.00366300,-0.64179832,-0.06049584,-0.02638188,-0.01229746,-2.68780708,4.79965544,1.21489584,-0.11373276,0.00122106,-0.19304936,
24158,-1.82421052,1.36121047,3.51038265,6.00000000,-0.09345703,-0.01933594,0.08440751,1.92518413,0.22561583,0.07000000,0.00366300,-0.53345633,0.21491905,-0.23999999,-0.01229746,-3.65995550,5.35816097,1.92864525,-0.00702152,0.00122106,-0.19602814,
24166,-1.86012352,0.09228358,2.88549614,6.00000000,0.28520507,-0.40927735,0.24440433,2.20458722,0.17173757,0.07000000,0.00366300,-0.20562878,0.23999999,-0.23999999,-0.01229746,-1.88670087,2.54119945,2.22191620,0.24421546,0.00122106,-0.00819752,
24173,-0.23086929,-1.74526620,0.72832036,5.00000000,0.33837891,-0.41894531,0.27831158,2.24580264,0.16323832,0.07000000,0.00366300,0.04300696,0.23999999,-0.23999999,-0.01229746,1.11701071,-1.29154360,2.27608919,0.26935825,0.00122106,0.26530567,
24182,2.75709438,-1.57408082,2.49763536,6.00000000,0.35610351,-0.42377931,-0.11164812,1.81579459,0.18808849,0.07000000,0.00366300,0.17867225,0.23999999,-0.23999999,-0.01229746,3.53080106,-4.05614519,1.83834541,-0.03722253,0.00122106,0.43403369,
24190,4.08467913,-0.17347281,8.28681469,6.00000000,0.35932618,-0.42861328,-0.14387146,0.93599331,0.23494330,0.07000000,0.00366300,0.25517091,0.20970768,-0.17625207,-0.01229746,5.84336233,-6.66715765,0.93882012,-0.16177590,0.00122106,0.54595721,
24198,6.58661985,1.77421033,11.27956772,6.00000000,0.31420898,-0.32226563,-0.16113858,-0.11341656,0.26323411,0.07000000,0.00366300,0.31707636,-0.19774413,0.23897558,-0.01229746,7.74577093,-8.78773308,-0.11283708,-0.35314459,0.00122106,0.61968923,
24206,10.04863548,1.91427112,12.72087669,6.00000000,-0.27070314,0.41249999,0.18578929,-1.18973446,0.22792831,0.07000000,0.00366300,0.07227278,-0.23999999,0.23999999,-0.01229746,6.58861780,-6.85914373,-1.18188703,-0.79647762,0.00122106,0.42195430,
24214,0.47661731,-0.09685835,20.53136063,6.00000000,-0.36093751,0.43505859,0.19124167,-1.52472770,0.14683069,0.07000000,0.00366300,-0.17116500,-0.16945928,0.14437875,-0.01229746,5.23075199,-4.66875553,-1.51159406,-0.02024072,0.00122106,0.25882882,
24222,3.57351732,-2.34860516,17.88157845,6.00000000,-0.25136718,0.25297850,0.32431591,-0.81685787,0.17221309,0.07000000,0.00366300,-0.32885200,-0.23999999,0.23999999,-0.01229746,3.36499476,-2.29685330,-0.79970765,-0.57209760,0.00122106,0.15980804,
24230,0.48619413,-1.07129848,14.77151012,6.00000000,-0.35288087,0.41894531,-0.19855605,-0.14258806,0.21789752,0.07000000,0.00366300,-0.47990566,-0.23999999,0.23999999,-0.01229746,1.68947875,-0.16406095,-0.13535839,-0.25856069,0.00122106,0.06044511,
24238,-0.20812437,-0.40331617,11.34660530,6.00000000,-0.35126954,0.42216796,-0.33885896,0.61262459,0.29170406,0.07000000,0.00549451,-0.58273160,-0.23999999,0.23999999,-0.01229746,-0.37175512,2.24274802,0.61333340,-0.35352159,0.00122106,-0.05125698,
24245,-1.41719627,0.88596147,8.21618652,5.00000000,-0.35771483,0.43183595,-0.13027546,1.23547268,0.22658816,0.07000000,0.00549451,-0.76634485,-0.20152456,0.09737486,-0.01229746,-2.15199113,4.58847046,1.23188400,-0.22242665,0.00122106,-0.15989505,
24254,-1.61471784,1.99926519,5.92493534,6.00000000,-0.29003906,0.17724609,0.05811841,1.88035083,0.19841911,0.07000000,0.00549451,-0.64164078,0.05859393,-0.14528863,-0.01229746,-4.01251173,6.04058456,1.87461698,-0.09440202,0.00122106,-0.23992561,
24262,-2.77949691,0.81652957,5.28448629,6.00000000,0.07089844,-0.24008790,0.31402400,2.35774994,0.14026897,0.07000000,0.00549451,-0.21995538,0.23999999,-0.23999999,-0.01229746,-3.99680400,4.69319010,2.36510968,0.22925639,0.00122106,-0.14969015,
24270,-0.88209218,-0.60083783,2.53235126,6.00000000,0.33032227,-0.40766603,0.40834767,2.58170962,0.10069982,0.07000000,0.00549451,0.23896083,0.23999999,-0.23999999,-0.01229746,-1.68947875,0.90408051,2.60580873,0.26511034,0.00122106,0.10100541,
24278,2.04242516,-1.79913580,-0.55736595,6.00000000,0.33999023,-0.43666992,0.18441424,2.31372070,0.14878733,0.07000000,0.00366300,0.25214702,0.23999999,-0.23999999,-0.01229746,1.17809725,-2.00712872,2.34683919,-0.01350442,0.00122106,0.29785946,
24286,3.79976916,-0.95996809,4.02753019,6.00000000,0.35771483,-0.42377931,-0.15177731,1.60561228,0.25729924,0.07000000,0.00366300,0.39260089,0.23999999,-0.23999999,-0.01229746,3.34230542,-4.59196138,1.61957908,-0.13771719,0.00122106,0.42598680,
24294,4.53119802,0.18685456,8.72734833,6.00000000,0.36416015,-0.42861328,-0.32194924,0.70393127,0.33819759,0.07000000,0.00549451,0.53481048,0.23999999,-0.20758547,-0.01229746,5.41226625,-7.14537764,0.70545352,-0.09133232,0.00122106,0.52995127,
24302,6.81406927,3.39029646,13.14943886,6.00000000,0.36416015,-0.37866211,-0.19344878,-0.36565229,0.33146575,0.07000000,0.00549451,0.60154909,-0.08670202,0.16634288,-0.01229746,7.26580524,-9.19788551,-0.35425717,-0.25073701,0.00122106,0.60131156,
24310,10.59571075,1.23431778,13.16260719,6.00000000,-0.11118164,0.25942382,0.19196105,-1.44176447,0.24679004,0.07000000,0.00549451,0.52269918,-0.23999999,0.23999999,-0.01229746,6.65668583,-8.34441948,-1.43076062,-0.71624744,0.00122106,0.46359763,
24317,6.70393610,-1.05334198,19.11698723,5.00000000,-0.33676758,0.41894531,0.25626618,-2.05208254,0.12598062,0.07000000,0.00549451,0.51796740,-0.23999999,0.23999999,-0.01229746,3.92350030,-5.58854437,-2.03274870,-0.71787161,0.00122106,0.20819660,
24326,0.40598837,-0.59844363,20.53136063,6.00000000,-0.35126954,0.42055663,-0.13276313,-1.27345002,-0.03709476,0.07000000,0.00549451,0.21758947,-0.23999999,0.23999999,-0.01229746,2.04901648,-2.72794962,-1.24867988,-0.23274809,0.00122106,0.08689214,
24334,0.54844338,1.28459609,16.70482826,6.00000000,-0.35288087,0.42377931,-0.00669145,-0.32220799,0.11028510,0.07000000,0.00549451,-0.14489701,-0.23999999,0.23999999,-0.01229746,-0.01745329,0.49392816,-0.30855024,-0.25232950,0.00122106,-0.03993931,
24342,-0.95990372,-0.18424670,9.73770142,6.00000000,-0.35449219,0.43505859,-0.20433398,0.53371233,0.06261344,0.07000000,0.00549451,-0.26827636,-0.17533275,0.13863795,-0.01229746,-2.00014734,2.87804794,0.53203523,-0.14539699,0.00122106,-0.14633504,
24350,-0.93596166,1.26663947,5.33596134,6.00000000,-0.25620118,0.25297850,-0.01308474,1.15745568,0.10253716,0.07000000,0.00549451,-0.32123291,-0.07035016,0.02693274,-0.01229746,-3.68613529,4.74555016,1.15783763,-0.11654675,0.00122106,-0.23426162,
24358,-2.25277257,0.79977018,3.34877419,6.00000000,-0.11440430,0.05478515,-0.00340647,1.69377613,0.07442023,0.07000000,0.00549451,-0.20644787,0.23999999,-0.23999999,-0.01229746,-4.43313646,5.10508823,1.70224023,0.07712732,0.00122106,-0.23255119,
24366,-2.05525088,-0.63914502,2.47848177,6.00000000,0.32709962,-0.40927735,0.22801454,2.04149556,0.04231389,0.07000000,0.00366300,0.07901932,0.23999999,-0.23999999,-0.01229746,-2.85186791,2.59879518,2.05810905,0.21949387,0.00122106,-0.05255176,
24374,0.78187805,-0.47993061,-1.28640032,6.00000000,0.33676758,-0.43022460,0.21995506,1.96402264,0.03841728,0.07000000,0.00366300,0.14280082,0.23999999,-0.23999999,-0.01229746,0.32114059,-0.82030475,1.99472725,0.11429754,0.00122106,0.19285111,
24382,2.71759009,-1.80512130,1.74585605,6.00000000,0.34965819,-0.41894531,-0.05121565,1.45072722,0.09985856,0.07000000,0.00366300,0.25314987,0.23999999,-0.23999999,-0.01229746,2.74889350,-3.53429174,1.46948791,-0.06418490,0.00122106,0.35088807,
24389,2.67808580,-0.92046374,6.44088554,5.00000000,0.34482422,-0.42539063,-0.14626400,0.84695399,0.12821206,0.07000000,0.00366300,0.41358644,0.23999999,-0.23999999,-0.01229746,4.74205971,-6.05629253,0.85066617,-0.03574365,0.00122106,0.47371015,
24398,5.97370434,1.07390630,9.49708366,6.00000000,0.35126954,-0.42700195,-0.24184132,-0.15205601,0.16730732,0.07000000,0.00366300,0.61936378,-0.02993774,0.11238655,-0.01229746,6.81027508,-8.83834743,-0.14941216,-0.23058233,0.00122106,0.58425379,
24406,9.07419586,1.86878121,12.80347633,6.00000000,-0.01127930,0.18691406,0.15866117,-1.19116616,0.14553031,0.07000000,0.00366300,0.47747117,-0.23999999,0.23999999,-0.01229746,7.00749683,-8.51546097,-1.17874384,-0.58784205,0.00122106,0.50402737,
24414,8.07701015,-0.15312208,18.09705734,6.00000000,-0.32226563,0.42377931,0.12344984,-2.08211422,0.07788974,0.07000000,0.00366300,0.31043470,-0.23999999,0.23999999,-0.01229746,4.10850477,-5.11730576,-2.06260157,-0.76142871,0.00122106,0.19490507,
24422,-1.52732956,-0.75406671,20.53136063,6.00000000,-0.35610351,0.42700195,0.06414848,-1.91228044,-0.07243974,0.07000000,0.00366300,0.21393158,-0.23999999,0.23999999,-0.01229746,2.41379046,-3.11715817,-1.89056110,-0.01510537,0.00122106,0.06649696,
24430,2.16812086,0.96856141,17.02206039,6.00000000,-0.34965819,0.42861328,-0.11339667,-1.14188349,0.06190042,0.07000000,0.00366300,-0.07129508,-0.23999999,0.23999999,-0.01229746,0.24434610,-0.01221730,-1.12212837,-0.39455047,0.00122106,-0.07475007,
24438,-1.76555252,0.85962522,14.05085564,6.00000000,-0.35610351,0.42377931,-0.21861736,-0.40142086,0.06532150,0.07000000,0.00366300,-0.29698843,-0.18681312,0.14609984,-0.01229746,-1.43291533,2.37015724,-0.39653444,-0.02678671,0.00122106,-0.17842257,
24446,-0.44634745,0.92546576,7.50271416,6.00000000,-0.27714843,0.27070314,-0.12098256,0.27644002,0.12571327,0.07000000,0.00366300,-0.37513387,-0.23999999,0.23999999,-0.01229746,-3.08225155,4.30223656,0.27212256,-0.17945158,0.00122106,-0.26407745,
24454,-2.06482768,1.31811488,3.83000875,6.00000000,-0.36093751,0.43344727,-0.06953957,0.83449006,0.04621188,0.07000000,0.00366300,-0.40567183,-0.01352738,-0.04100649,-0.01229746,-4.87819529,6.19242811,0.83208346,0.00903355,0.00122106,-0.35978523,
24461,-2.59993196,0.32332405,3.38827848,5.00000000,-0.03867187,-0.03706055,0.17104071,1.50869358,0.06587332,0.07000000,0.00366300,-0.32440197,0.23999999,-0.23999999,-0.01229746,-5.71071768,6.77711344,1.51487374,0.13302563,0.00122106,-0.35818765,
24470,-1.80864823,-0.22015974,1.23349690,6.00000000,0.32226563,-0.39799803,0.19868878,1.80701506,-0.00579274,0.07000000,0.00366300,-0.06109244,0.23999999,-0.23999999,-0.01229746,-3.57617950,3.77863789,1.82456124,0.27139133,0.00122106,-0.14507456,
24478,-0.78752118,-0.78399426,1.03238392,6.00000000,0.33515626,-0.41894531,0.23995514,1.71956491,0.02359137,0.07000000,0.00366300,0.22192046,0.23999999,-0.23999999,-0.01229746,-0.21642081,-0.42935100,1.79929650,0.30828503,0.00122106,0.14701141,
24486,2.63139892,-1.41726053,3.75219703,6.00000000,0.34643555,-0.42377931,-0.10994474,1.14403117,0.08383655,0.07000000,0.00366300,0.27868447,0.23999999,-0.23999999,-0.01229746,2.39459157,-3.27423787,1.15576267,0.01372567,0.00122106,0.30334044,
24494,4.01405048,-0.70857686,7.55179501,6.00000000,0.34965819,-0.41572267,-0.21005152,0.38688061,0.16300920,0.07000000,0.00366300,0.45464820,0.13461736,-0.07399314,-0.01229746,4.47676945,-5.94459152,0.38734716,-0.11999495,0.00122106,0.42719185,
24502,7.10855579,2.07827401,9.99028969,6.00000000,0.19819336,-0.14179687,-0.23362403,-0.54392540,0.21528758,0.07000000,0.00366300,0.35767233,-0.23999999,0.23999999,-0.01229746,5.95331812,-7.11570740,-0.53546560,-0.31440067,0.00122106,0.45732462,
24510,10.26291656,0.91469187,13.27752876,6.00000000,-0.32065430,0.38671875,0.13769482,-1.45542026,0.18713567,0.07000000,0.00366300,0.18727677,-0.23999999,0.23999999,-0.01229746,3.85019636,-4.47327852,-1.44591904,-0.86489981,0.00122106,0.20280865,
24518,1.55281103,0.31733856,20.53136063,6.00000000,-0.35932618,0.43183595,0.25141740,-1.96870995,0.08442429,0.07000000,0.00366300,0.02036493,-0.23999999,0.23999999,-0.01229746,2.13279223,-2.18864298,-1.95079136,-0.17973882,0.00122106,0.01594402,
24526,3.31254911,-2.79871488,18.90150833,6.00000000,-0.35449219,0.43666992,0.13920218,-0.95480514,0.02594974,0.07000000,0.00366300,-0.08043185,-0.23999999,0.23999999,-0.01229746,-0.34732053,0.60388392,-0.93282926,-0.57418430,0.00122106,-0.10667741,
24533,-0.73365164,-0.54936248,17.76306534,5.00000000,-0.36093751,0.42539063,-0.24994633,-0.37904590,0.09354511,0.07000000,0.00366300,-0.19710386,-0.23999999,0.21791977,-0.01229746,-1.73660266,2.36492109,-0.37057042,-0.07511455,0.00122106,-0.18501535,
24542,-0.33980545,-0.16868439,10.04296207,6.00000000,-0.35126954,0.39960939,-0.24069934,0.44447696,0.17118011,0.07000000,0.00366300,-0.42718551,-0.23999999,0.23999999,-0.01229746,-3.44353461,4.84852457,0.44471148,-0.21968335,0.00122106,-0.28287184,
24550,-1.91399312,1.48451185,6.40856409,6.00000000,-0.34804687,0.43344727,-0.11795978,1.12434328,0.09537271,0.07000000,0.00366300,-0.53117287,-0.11248491,0.04105916,-0.01229746,-5.37910509,7.11396217,1.12160468,-0.08406933,0.00122106,-0.38659334,
24558,-2.24678707,1.16608310,3.66121745,6.00000000,-0.16435547,0.07573242,0.08247879,1.77103615,0.12071706,0.07000000,0.00366300,-0.43248332,0.16265719,-0.22024173,-0.01229746,-6.79805756,8.18384838,1.77660573,0.04365762,0.00122106,-0.43199077,
24566,-1.96068001,0.07312997,1.81528795,6.00000000,0.22236328,-0.35610351,0.29450884,2.17612553,0.00819709,0.07000000,0.00366300,-0.08649960,0.23999999,-0.23999999,-0.01229746,-5.82765436,6.09818029,2.19381237,0.24216798,0.00122106,-0.28810850,
24574,-0.04771286,-0.39493647,-1.28640032,6.00000000,0.34643555,-0.41894531,0.38762146,2.20075345,0.00786616,0.07000000,0.00366300,0.30291745,0.23999999,-0.23999999,-0.01229746,-3.22362304,2.23402143,2.23393703,0.20558830,0.00122106,-0.04124565,
24582,1.46302843,-2.43838763,1.51960397,6.00000000,0.34321290,-0.42377931,0.05268624,1.72844172,0.05952929,0.07000000,0.00366300,0.44573355,0.23999999,-0.23999999,-0.01229746,-0.29146999,-1.13446403,1.74516606,0.06079628,0.00122106,0.16830444,
24590,2.15734696,-1.97989798,5.82677269,6.00000000,0.35288087,-0.41733399,-0.25714207,1.09875488,0.17308876,0.07000000,0.00366300,0.53528661,0.23999999,-0.23999999,-0.01229746,2.02632713,-3.75245786,1.09913778,0.09352536,0.00122106,0.30531949,
24598,5.28058290,1.39712346,8.39934254,6.00000000,0.35126954,-0.42700195,-0.43954682,0.25381839,0.27476665,0.07000000,0.00366300,0.64922124,0.23992649,-0.15285385,-0.01229746,4.20973396,-6.31285620,0.26166052,-0.03524289,0.00122106,0.41978210,
24605,7.56824255,3.99602938,13.22844696,5.00000000,0.34643555,-0.26909178,-0.24474040,-0.59795582,0.28765503,0.07000000,0.00366300,0.61227429,-0.15827295,0.23978616,-0.01229746,5.90444851,-7.88714266,-0.57632625,-0.23817717,0.00122106,0.48282814,
24614,11.93406963,0.90152377,14.98100281,6.00000000,-0.20786133,0.39799803,0.18637490,-1.99718392,0.22640736,0.07000000,0.00366300,0.17944029,-0.23999999,0.23999999,-0.01229746,4.87470436,-5.46113491,-1.98199832,-0.80833173,0.00122106,0.24253058,
24622,5.36677408,-1.31430995,20.53136063,6.00000000,-0.34160155,0.43505859,0.26277375,-2.52643347,0.12806174,0.07000000,0.00366300,0.45184726,-0.23999999,0.23999999,-0.01229746,1.39800870,-2.85710382,-2.49600554,-0.55283296,0.00122106,-0.02945946,
24630,0.74955630,-0.29198578,20.53136063,6.00000000,-0.35932618,0.41894531,-0.34137699,-1.91929185,-0.14397523,0.07000000,0.00366300,0.00552094,-0.23999999,0.23999999,-0.01229746,-0.15533429,0.12915437,-1.88547683,-0.19828707,0.00122106,-0.15551630,
24638,-0.10038529,2.45536065,17.66011429,6.00000000,-0.35126954,0.43666992,0.02010693,-1.07204342,0.01278314,0.07000000,0.00366300,-0.11608511,-0.23999999,0.23999999,-0.01229746,-1.95476878,2.30907059,-1.05064106,-0.19788232,0.00122106,-0.24440432,
24646,-1.16460800,-0.25008726,10.48469257,6.00000000,-0.36416015,0.42700195,-0.09826417,-0.28078723,-0.05121305,0.07000000,0.00366300,-0.26907191,-0.23999999,0.23999999,-0.01229746,-3.83623385,4.74205971,-0.28009135,-0.10805073,0.00122106,-0.34717762,
24654,-1.98462200,0.29818493,5.52510357,6.00000000,-0.35449219,0.43022460,-0.06219416,0.44298297,-0.01629658,0.07000000,0.00366300,-0.37934405,-0.16999760,0.11910607,-0.01229746,-5.95680857,7.20122862,0.44109836,-0.02346443,0.00122106,-0.46639007,
24662,-3.16735768,0.82490933,3.36433649,6.00000000,-0.25781250,0.20947266,-0.00868343,1.16174531,-0.00017129,0.07000000,0.00366300,-0.47097629,0.11453208,-0.17742430,-0.01229746,-7.37401628,8.87849045,1.16385090,0.11748413,0.00122106,-0.52882534,
24670,-2.01215529,-0.20818873,1.15927660,6.00000000,0.15307617,-0.28359374,0.20662132,1.73863983,-0.04617466,0.07000000,0.00366300,-0.13596928,0.23999999,-0.23999999,-0.01229746,-7.12792444,7.56600237,1.75264645,0.20464768,0.00122106,-0.42497030,
24677,-0.90962547,-0.07171923,-1.42286992,5.00000000,0.33515626,-0.40766603,0.29214120,1.90174890,-0.11314421,0.07000000,0.00366300,0.14289948,0.23999999,-0.23999999,-0.01229746,-4.66177464,4.19926214,1.92880130,0.26983184,0.00122106,-0.18784781,
24686,0.74357080,-2.05651236,0.24349451,6.00000000,0.33837891,-0.41249999,0.15865305,1.64887047,-0.03784991,0.07000000,0.00366300,0.43207115,0.23999999,-0.23999999,-0.01229746,-1.42418861,0.04363323,1.67145395,0.12958421,0.00122106,0.07225259,
24694,2.69005680,-0.92644924,5.72023106,6.00000000,0.35126954,-0.42700195,-0.22772318,0.98149538,0.03910750,0.07000000,0.00366300,0.53848207,0.23999999,-0.23999999,-0.01229746,1.31946886,-3.07352495,0.98810738,0.06063797,0.00122106,0.24676305,
24702,4.92145300,0.03961115,9.15471363,6.00000000,0.35449219,-0.42055663,-0.37731829,0.15892832,0.17084287,0.07000000,0.00366300,0.65879297,0.19253296,-0.10405632,-0.01229746,3.43131733,-5.58156252,0.15880841,-0.03635689,0.00122106,0.35355672,
24710,8.31044483,4.16242647,14.47462940,6.00000000,0.29326171,-0.19174805,-0.21756844,-0.78526390,0.18835852,0.07000000,0.00366300,0.57547909,-0.23999999,0.23999999,-0.01229746,5.00211382,-6.89230490,-0.76184118,-0.29340026,0.00122106,0.39317781,
24718,11.84787846,0.00130392,15.58793354,6.00000000,-0.32548827,0.39316407,0.04990473,-1.91984022,0.12811564,0.07000000,0.00366300,0.41816750,-0.23999999,0.23999999,-0.01229746,3.06828880,-4.45058966,-1.90739894,-0.80652136,0.00122106,0.13929215,
24726,4.79575729,0.03362564,20.53136063,6.00000000,-0.35449219,0.43183595,0.29262531,-2.38366413,0.00280770,0.07000000,0.00366300,0.34424707,-0.23999999,0.23999999,-0.01229746,0.66846108,-1.77150917,-2.35082603,-0.66066712,0.00122106,-0.08626531,
24734,1.85208619,-2.52577591,19.68082047,6.00000000,-0.35771483,0.42216796,-0.01021895,-1.27796817,-0.10513198,0.07000000,0.00366300,0.09272256,-0.23999999,0.23999999,-0.01229746,-1.48527515,1.18158782,-1.25444806,-0.37432614,0.00122106,-0.19494085,
24742,0.25754786,0.49091816,15.25633621,6.00000000,-0.35771483,0.42377931,-0.26119053,-0.62358516,0.00947522,0.07000000,0.00366300,-0.14957654,-0.23999999,0.23999999,-0.01229746,-3.07177949,3.54301834,-0.61400831,-0.18992151,0.00122106,-0.29530644,
24749,-1.80385983,-0.40930167,10.03099060,5.00000000,-0.35932618,0.42377931,-0.25764626,0.06414124,0.02535856,0.07000000,0.00366300,-0.36707938,-0.23999999,0.21658409,-0.01229746,-4.69144487,5.85557985,0.06420004,-0.06815819,0.00122106,-0.39950508,
24758,-2.12348580,2.34403038,4.70149803,6.00000000,-0.36093751,0.39155275,-0.09693140,0.91760767,0.04449152,0.07000000,0.00366300,-0.52240354,-0.10089909,0.03080840,-0.01229746,-6.50484228,8.18559456,0.91104192,-0.01618346,0.00122106,-0.49313244,
24766,-2.93033171,0.88237017,2.13491392,6.00000000,-0.14985351,0.06445312,0.17421238,1.62863278,0.07147316,0.07000000,0.00366300,-0.38939512,0.23999999,-0.23999999,-0.01229746,-7.61836195,8.86801815,1.63484287,0.17291443,0.00122106,-0.50355262,
24774,-1.50697875,-0.13875687,-0.16232269,6.00000000,0.33354491,-0.39799803,0.36800781,2.03812337,-0.03659039,0.07000000,0.00366300,-0.15183757,0.23999999,-0.23999999,-0.01229746,-6.16275787,6.64621353,2.06027126,0.27099445,0.00122106,-0.32924837,
24782,0.13065517,-0.93482894,-2.56610107,6.00000000,0.34482422,-0.41733399,0.42409793,1.96970046,-0.04661038,0.07000000,0.00366300,0.08633555,0.23999999,-0.23999999,-0.01229746,-2.93215322,2.65988159,2.00472379,0.25246608,0.00122106,-0.06460968,
24790,1.93348908,-2.30790353,1.18681002,6.00000000,0.34482422,-0.42055663,-0.05326332,1.47524071,0.02783254,0.07000000,0.00366300,0.28337902,0.23999999,-0.23999999,-0.01229746,0.00872665,-0.92327923,1.49795914,0.03888643,0.00122106,0.14902258,
24798,1.99094987,-2.29473543,5.77888870,6.00000000,0.35449219,-0.42861328,-0.29200259,0.84422380,0.16569273,0.07000000,0.00366300,0.41390508,0.23999999,-0.23999999,-0.01229746,2.24100256,-3.60585046,0.84632486,0.08106470,0.00122106,0.28611887,
24806,5.31769323,1.11939609,8.04500103,6.00000000,0.35288087,-0.43183595,-0.49291748,0.12548509,0.27314037,0.07000000,0.00366300,0.52618420,0.14677934,-0.07649561,-0.01229746,4.38601255,-6.10341644,0.13044304,-0.07721202,0.00122106,0.40962306,
24814,7.77773523,3.93856859,14.95107555,6.00000000,0.22719726,-0.14663085,-0.19542997,-0.81866711,0.26059553,0.07000000,0.00366300,0.47501612,-0.23999999,0.23999999,-0.01229746,5.48556948,-7.02669573,-0.80103987,-0.31561700,0.00122106,0.41627744,
24821,11.86344051,0.41310662,17.52484322,5.00000000,-0.32065430,0.40122071,0.16871420,-2.09187675,0.16687018,0.07000000,0.00366300,0.41850743,-0.23999999,0.23999999,-0.01229746,3.46796918,-4.82059956,-2.07520127,-0.91992605,0.00122106,0.15963104,
24830,4.96454859,-0.52422333,20.53136063,6.00000000,-0.35771483,0.42377931,0.45154035,-2.78437996,0.00760105,0.07000000,0.00366300,0.47086239,-0.23999999,0.23999999,-0.01229746,0.62308258,-2.14500976,-2.75069094,-0.68854773,0.00122106,-0.10467868,
24838,1.00932717,-3.31705952,20.53136063,6.00000000,-0.35932618,0.41088867,-0.09589486,-1.75567651,-0.14425433,0.07000000,0.00366300,0.16200989,-0.23999999,0.23999999,-0.01229746,-1.30027032,0.80634212,-1.72937238,-0.33004808,0.00122106,-0.21470867,
24846,1.09671557,0.24551250,15.85847759,6.00000000,-0.35449219,0.43505859,-0.28836125,-1.09919930,-0.00243509,0.07000000,0.00366300,-0.15735044,-0.23999999,0.23999999,-0.01229746,-2.83441448,3.36499476,-1.08527207,-0.25588027,0.00122106,-0.31881064,
24854,-2.01454949,0.50408626,9.38096523,6.00000000,-0.35932618,0.42377931,-0.35303220,-0.21045357,0.00854166,0.07000000,0.00366300,-0.26439050,-0.23999999,0.23999999,-0.01229746,-4.73507786,5.56061888,-0.21271330,-0.05912536,0.00122106,-0.40855563,
24862,-1.29628909,2.87434602,4.09456778,6.00000000,-0.36093751,0.43666992,-0.16320604,0.49274737,-0.01792065,0.07000000,0.00366300,-0.45526406,-0.23999999,0.22374263,-0.01229746,-6.61654329,8.09483719,0.48511666,-0.09116849,0.00122106,-0.52115816,
24870,-3.16855478,0.79498178,2.07745290,6.00000000,-0.34160155,0.39960939,0.15544020,1.19495392,-0.02540915,0.07000000,0.00549451,-0.53131378,0.11191830,-0.18299098,-0.01229746,-8.81914806,10.53655338,1.19750977,0.15233129,0.00122106,-0.64835495,
24878,-2.68372893,0.05637056,1.36637509,6.00000000,0.14501953,-0.30776367,0.28224409,1.88189411,-0.14227445,0.07000000,0.00549451,-0.28046161,0.23999999,-0.23999999,-0.01229746,-9.07396698,9.98328304,1.89466405,0.25423244,0.00122106,-0.58047980,
24886,-0.40564603,-0.19023222,-2.35062313,6.00000000,0.34160155,-0.40605468,0.46182406,2.01575828,-0.18648349,0.07000000,0.00366300,0.07866292,0.23999999,-0.23999999,-0.01229746,-6.28143978,6.05454683,2.04655027,0.30154014,0.00122106,-0.31362957,
24893,0.41197386,-2.78075838,0.86478984,5.00000000,0.34160155,-0.42377931,0.22787191,1.84599125,-0.10198315,0.07000000,0.00366300,0.25630462,0.23999999,-0.23999999,-0.01229746,-3.22187781,2.38411975,1.86821830,0.16381863,0.00122106,-0.06650339,
24902,2.35606575,-2.73407149,5.62805414,6.00000000,0.35126954,-0.42539063,-0.20971796,1.10672164,-0.01461582,0.07000000,0.00366300,0.34354186,0.23999999,-0.23999999,-0.01229746,-0.02617994,-1.08734012,1.11173248,0.04515478,0.00122106,0.12358444,
24910,3.87518668,-0.46436831,7.92169952,6.00000000,0.34965819,-0.42377931,-0.49127889,0.35360491,0.19758525,0.07000000,0.00366300,0.38557303,0.21914992,-0.16751800,-0.01229746,2.13802838,-3.39990139,0.35529184,0.00907706,0.00122106,0.23670772,
24918,8.38346863,4.65204096,14.52490807,6.00000000,0.33354491,-0.30937499,-0.54031789,-0.54025501,0.24173786,0.07000000,0.00366300,0.37926006,-0.23999999,0.23999999,-0.01229746,4.01251173,-5.23424244,-0.52547741,-0.30463508,0.00122106,0.31387010,
24926,11.53663254,1.07270920,16.14219093,6.00000000,-0.32226563,0.38994139,0.01371270,-1.72307670,0.15237388,0.07000000,0.00366300,0.43865255,-0.23999999,0.23999999,-0.01229746,2.21482277,-3.61108613,-1.71090209,-0.81244981,0.00122106,0.09444052,
24934,4.40789652,1.12179029,20.53136063,6.00000000,-0.36254883,0.42861328,0.44888884,-2.23721242,-0.07932020,0.07000000,0.00366300,0.41348380,-0.23999999,0.23999999,-0.01229746,-0.46425760,-0.87091935,-2.20417380,-0.70920515,0.00122106,-0.15391195,
24942,1.55999362,-2.93518448,20.53136063,6.00000000,-0.35610351,0.41894531,0.11141184,-1.32953465,-0.26088595,0.07000000,0.00366300,0.25458756,-0.23999999,0.23999999,-0.01229746,-2.52898192,1.68424273,-1.30663657,-0.43738514,0.00122106,-0.26412076,
24950,1.73237610,-0.34585533,14.96065235,6.00000000,-0.36254883,0.43666992,-0.19075866,-0.73705029,-0.12725432,0.07000000,0.00366300,-0.15520263,-0.23999999,0.23999999,-0.01229746,-4.09977818,4.59370661,-0.72819197,-0.33784232,0.00122106,-0.38746032,
24958,-2.40719867,-0.47035381,10.25245476,6.00000000,-0.35449219,0.44311523,-0.31955588,0.15750277,-0.08410531,0.07000000,0.00366300,-0.23950934,-0.18685676,0.15482162,-0.01229746,-5.61472464,6.39314079,0.15772814,-0.01448339,0.00122106,-0.44402623,
24965,-2.04926538,2.75583291,5.09055567,5.00000000,-0.28037110,0.28037110,-0.34603217,0.84921336,-0.09179071,0.07000000,0.00366300,-0.13536274,-0.13221577,0.11480163,-0.01229746,-7.17504883,7.61312628,0.84503573,-0.04805261,0.00122106,-0.49895820,
24974,-3.11109400,1.87596381,1.33285630,6.00000000,-0.19658203,0.21591797,-0.09022551,1.59089744,-0.15296319,0.07000000,0.00366300,-0.14215317,0.23999999,-0.23999999,-0.01229746,-8.46310139,8.91339684,1.59851551,0.18066685,0.00122106,-0.54113865,
24982,-4.11905289,0.78420788,1.62255466,6.00000000,0.32871094,-0.39960939,0.28498569,2.04771018,-0.26267242,0.07000000,0.00366300,0.02395630,0.23999999,-0.23999999,-0.01229746,-7.17504883,7.07731009,2.06250548,0.40027070,0.00122106,-0.38805306,
24990,-0.37811270,-0.70737976,-3.40526891,6.00000000,0.34160155,-0.40927735,0.51401496,1.99165869,-0.29678163,0.07000000,0.00366300,0.29989406,0.23999999,-0.23999999,-0.01229746,-3.97236943,2.96531439,2.02850914,0.28995505,0.00122106,-0.10188839,
24998,1.12065756,-2.43120503,-0.22576903,6.00000000,0.33999023,-0.42539063,0.20886219,1.62207651,-0.27507949,0.07000000,0.00366300,0.37485111,0.23999999,-0.23999999,-0.01229746,-0.70336765,-0.57770395,1.64315426,0.10479113,0.00122106,0.11943921,
25006,0.38444054,-3.58760452,5.56580496,6.00000000,0.34482422,-0.42055663,-0.12065072,1.09494054,-0.15318662,0.07000000,0.00366300,0.46216750,0.23999999,-0.23999999,-0.01229746,1.95302343,-3.41211867,1.09166408,0.19664428,0.00122106,0.28710398,
25014,4.34205580,-0.67266387,8.54897976,6.00000000,0.35932618,-0.42539063,-0.49537072,0.35679862,0.00444740,0.07000000,0.00366300,0.53393710,0.23999999,-0.23999999,-0.01229746,4.11548662,-5.86954212,0.35566908,0.05538939,0.00122106,0.40765700,
25022,7.01877356,3.50880933,14.67813683,6.00000000,0.36093751,-0.42700195,-0.54443938,-0.55689418,0.07958803,0.07000000,0.00366300,0.61302042,0.03595488,0.04566997,-0.01229746,5.95855379,-7.94822931,-0.54308891,-0.10208396,0.00122106,0.48503089,
25030,12.91329765,1.91307402,16.13740158,6.00000000,0.08056641,0.06284180,0.12912998,-1.74827576,-0.00710029,0.07000000,0.00366300,0.68945539,-0.23999999,0.23999999,-0.01229746,5.64788580,-7.85223627,-1.72873235,-0.80468720,0.00122106,0.37955976,
25037,11.85266685,1.93941021,19.60420609,5.00000000,-0.31904298,0.39316407,0.38693362,-2.69665575,-0.18354848,0.07000000,0.00366300,0.40428421,-0.23999999,0.23999999,-0.01229746,2.83790541,-4.13119411,-2.64622545,-1.16015220,0.00122106,0.06669796,
25046,2.68646550,-1.46993303,20.53136063,6.00000000,-0.35449219,0.42861328,0.44840822,-2.88436460,-0.22518601,0.07000000,0.00366300,0.32222733,-0.23999999,0.23999999,-0.01229746,-0.00349066,-1.03323495,-2.85272884,-0.48676342,0.00122106,-0.17818436,
25054,0.95066923,-3.48345661,17.99171257,6.00000000,-0.35449219,0.42377931,-0.18628663,-1.50477350,-0.18431477,0.07000000,0.00366300,-0.02310693,-0.23999999,0.23999999,-0.01229746,-1.96000481,2.02283669,-1.48451424,-0.29500037,0.00122106,-0.26907593,
25062,-1.16939640,-0.24410175,12.00261593,6.00000000,-0.35932618,0.42377931,-0.27542421,-0.80467075,0.00384435,0.07000000,0.00366300,-0.36131003,-0.23999999,0.23999999,-0.01229746,-3.40862799,4.53436518,-0.78846627,-0.09293194,0.00122106,-0.36338606,
25070,-3.55521846,1.40310907,5.50355577,6.00000000,-0.36254883,0.42377931,-0.55849349,0.19057330,0.05742560,0.07000000,0.00366300,-0.36727533,-0.22148746,0.17207956,-0.01229746,-5.44542742,6.65843105,0.18169123,-0.03472508,0.00122106,-0.44887471,
25078,-2.20488858,2.85279822,1.93260384,6.00000000,-0.33354491,0.31743163,-0.32477066,0.90655637,0.06511526,0.07000000,0.00366300,-0.43276912,-0.17822170,0.12045725,-0.01229746,-7.41764927,8.78249741,0.90023577,-0.05736107,0.00122106,-0.55010873,
25086,-4.32495403,2.40268826,0.59903347,6.00000000,-0.26425782,0.23041992,0.14950559,1.56495678,-0.03915339,0.07000000,0.00366300,-0.30110368,0.23999999,-0.23999999,-0.01229746,-9.03207874,10.00073624,1.56797576,0.30219504,0.00122106,-0.60560399,
25094,-2.16299009,0.68484849,0.25307131,6.00000000,0.33193359,-0.40605468,0.41382784,2.11883950,-0.11539263,0.07000000,0.00366300,-0.04405944,0.23999999,-0.23999999,-0.01229746,-7.98313570,8.12101650,2.13532066,0.30589914,0.00122106,-0.45235825,
25102,0.62146652,-1.49866343,-2.34463763,6.00000000,0.34482422,-0.42377931,0.49829668,2.08235860,-0.15805133,0.07000000,0.00366300,0.12387447,0.23999999,-0.23999999,-0.01229746,-4.41742849,4.00203991,2.11874509,0.16891330,0.00122106,-0.15793481,
25109,0.61428392,-2.23488045,1.56629097,5.00000000,0.34321290,-0.41572267,0.11399073,1.83025062,-0.03941747,0.07000000,0.00366300,0.32964078,0.23999999,-0.23999999,-0.01229746,-1.71565866,0.65100777,1.85066247,0.12062649,0.00122106,0.05560346,
25118,3.59386802,-2.93398738,7.42250824,6.00000000,0.34804687,-0.43344727,-0.32457617,0.94996482,0.07500824,0.07000000,0.00366300,0.45361310,0.23999999,-0.22141752,-0.01229746,1.19729578,-2.66162705,0.94733000,-0.01763766,0.00122106,0.22342232,
25126,5.48648453,0.35325158,12.26597881,6.00000000,0.36093751,-0.38833007,-0.62398565,0.05110172,0.19572619,0.07000000,0.00366300,0.48587117,0.18298618,-0.11801650,-0.01229746,3.25678444,-4.82059956,0.04935986,-0.00890177,0.00122106,0.31502190,
25134,11.16313648,1.86040151,13.43434906,6.00000000,0.27875978,-0.20947266,-0.06712405,-0.98402172,0.13504277,0.07000000,0.00366300,0.58688331,-0.23999999,0.23999999,-0.01229746,4.10850477,-6.03360367,-0.97517949,-0.67215419,0.00122106,0.31467694,
25142,11.47198868,3.45493984,19.16127968,6.00000000,-0.32387695,0.39799803,0.23707983,-2.27254200,-0.06490487,0.07000000,0.00366300,0.52471924,-0.23999999,0.23999999,-0.01229746,1.94953275,-3.65821028,-2.23656917,-0.88197231,0.00122106,0.04122734,
25150,0.97820258,-1.76322269,20.53136063,6.00000000,-0.36093751,0.42377931,0.70641905,-2.63466430,-0.15571867,0.07000000,0.00366300,0.42711228,-0.23999999,0.23999999,-0.01229746,-0.15184364,-1.23045707,-2.60538578,-0.60186660,0.00122106,-0.15905353,
25158,1.93827748,-4.17418385,18.47653770,6.00000000,-0.35449219,0.41894531,-0.01154052,-1.37400496,-0.18244274,0.07000000,0.00549451,-0.02660775,-0.23999999,0.23999999,-0.01229746,-1.91113555,2.00712872,-1.35708880,-0.44814998,0.00122106,-0.25301859,
25166,0.15340008,-0.74568701,12.47427368,6.00000000,-0.35449219,0.41894531,-0.38061780,-0.76756394,-0.02357160,0.07000000,0.00549451,-0.32504863,-0.23999999,0.23999999,-0.01229746,-3.57967043,4.59545183,-0.78366125,-0.21630006,0.00122106,-0.37213016,
25174,-3.31699538,1.22474098,6.77846813,6.00000000,-0.34321290,0.41894531,-0.42054310,0.17790370,0.02067449,0.07000000,0.00366300,-0.49427819,-0.21527916,0.14859022,-0.01229746,-5.35117960,6.93768358,0.17123181,-0.02053656,0.00122106,-0.45545882,
25181,-1.49141645,2.80730820,2.26539779,5.00000000,-0.31098634,0.27714843,-0.26545200,0.74811679,0.03394390,0.07000000,0.00366300,-0.43233290,-0.23999999,0.23999999,-0.01229746,-7.38448811,8.78249741,0.73892677,-0.12251175,0.00122106,-0.56115294,
25190,-4.07116890,2.32367969,1.15688241,6.00000000,-0.34804687,0.42861328,0.18943481,1.46966565,-0.03953865,0.07000000,0.00366300,-0.36476919,0.23999999,-0.23999999,-0.01229746,-9.57313061,10.77217197,1.47176468,0.27837929,0.00122106,-0.65796793,
25198,-2.77351141,0.30057913,0.51403928,6.00000000,0.32871094,-0.39799803,0.31319582,2.09190679,-0.07690894,0.07000000,0.00549451,-0.28720504,0.23999999,-0.23999999,-0.01229746,-9.04778767,9.97630119,2.10801506,0.29250836,0.00122106,-0.56308538,
25206,0.81300265,0.05637056,-4.51737547,6.00000000,0.34482422,-0.40122071,0.44341010,2.20502567,-0.14897342,0.07000000,0.00549451,-0.13296604,0.23999999,-0.23999999,-0.01229746,-5.44019127,5.86256075,2.24741197,0.25135463,0.00122106,-0.25687337,
25214,-0.27157071,-2.27917314,1.98647332,6.00000000,0.34321290,-0.42539063,0.15363461,1.98902988,-0.07669966,0.07000000,0.00549451,0.11637962,0.23999999,-0.23999999,-0.01229746,-2.46091413,2.09614038,2.01471949,0.24847192,0.00122106,-0.01993942,
25222,2.55239010,-3.00461626,6.38581896,6.00000000,0.34804687,-0.42861328,-0.16529681,1.28667223,0.05605539,0.07000000,0.00549451,0.14630932,0.23999999,-0.23999999,-0.01229746,0.65798914,-1.13970006,1.29273272,-0.00888631,0.00122106,0.16385506,
25230,4.05355453,-1.58126342,9.47912788,6.00000000,0.35288087,-0.42700195,-0.56062639,0.49678257,0.15722339,0.07000000,0.00366300,0.23023951,0.11364518,-0.08316753,-0.01229746,2.67733502,-3.42608142,0.49489897,-0.08720359,0.00122106,0.26846832,
25238,8.84195805,4.42818308,16.08353233,6.00000000,0.17563477,-0.16435547,-0.32477176,-0.31351119,0.18534017,0.07000000,0.00366300,0.32965520,-0.23999999,0.23999999,-0.01229746,3.45749736,-4.53436518,-0.30824405,-0.49366409,0.00122106,0.28361344,
25246,10.78126144,2.20636368,20.53136063,6.00000000,-0.32226563,0.39316407,0.05489005,-1.50696039,0.06785680,0.07000000,0.00366300,0.37720942,-0.23999999,0.23999999,-0.01229746,0.71907568,-1.93207943,-1.49331439,-0.80380470,0.00122106,-0.00997710,
25253,1.99094987,-0.18664092,20.53136063,5.00000000,-0.35610351,0.42861328,0.74807662,-1.89422047,-0.09223399,0.07000000,0.00366300,0.29890701,-0.23999999,0.23999999,-0.01229746,-1.10479343,0.12915437,-1.87002468,-0.55663043,0.00122106,-0.18928701,
25262,2.17051506,-5.47782660,19.49766541,6.00000000,-0.35449219,0.42861328,-0.05759081,-0.73931020,-0.24086197,0.07000000,0.00366300,0.08486760,-0.23999999,0.23999999,-0.01229746,-3.35626817,3.09970474,-0.72964859,-0.41860831,0.00122106,-0.30610937,
