TimeStamp,acc_x,acc_y,acc_z,cal_time,current_LW,current_RW,gyr_x,gyr_y,gyr_z,h_d,psi_dot_d,psi_dot_hat,tau_LW,tau_RW,theta_d,theta_dot_LW,theta_dot_RW,theta_dot_hat,theta_hat,v_d,v_hat,
550,-0.53253871,-0.19023222,9.68024063,6.00000000,0.00000000,-0.00322266,0.00279097,-0.07884611,-0.05883918,0.07000000,0.00549451,-0.00149713,0.23999999,-0.23999999,-0.01229746,0.00000000,0.00000000,-0.07888096,0.26741377,0.00122106,-0.00504895,
558,-0.73006034,-0.18304960,9.69221115,6.00000000,0.34965819,-0.42216796,0.00142289,-0.08211169,-0.06233532,0.07000000,0.00549451,0.08348341,0.15009132,-0.13972223,-0.01229746,1.19904113,-1.48352981,-0.08207174,0.07325530,0.00122106,0.09506103,
566,3.18445945,-0.22973654,5.84472942,6.00000000,0.22075196,-0.24169922,0.07260876,-0.47571170,-0.06535584,0.07000000,0.00549451,0.30435014,-0.13170530,0.17174663,-0.01229746,2.49058485,-3.46622396,-0.47631511,-0.12363900,0.00122106,0.19121806,
574,2.26628304,-0.31233650,8.02105904,6.00000000,-0.17563477,0.28198242,-0.06511461,-0.98260885,-0.06336364,0.07000000,0.00549451,0.08361313,-0.23999999,0.23999999,-0.01229746,1.78721714,-2.06297922,-0.98350370,-0.09457754,0.00122106,0.07015383,
581,-4.96061468,-0.67745227,19.34563255,5.00000000,-0.34160155,0.42700195,-0.25118750,-1.00062716,-0.02529006,0.07000000,0.00549451,-0.19883406,0.23999999,-0.23999999,-0.01229746,0.72431165,-0.07853982,-0.98802221,0.37649217,0.00122106,-0.04295927,
590,-1.72125983,1.68083644,11.40047455,6.00000000,0.33999023,-0.40444335,-0.14768562,-0.03320008,-0.05846090,0.07000000,0.00549451,-0.07086610,-0.10578028,0.09521929,-0.01229746,1.04545224,-0.81855947,-0.03512853,-0.10191810,0.00122106,0.06756157,
598,3.65132880,-0.09326705,0.25905681,6.00000000,-0.13696289,0.16435547,0.33043689,-0.20069064,-0.14540376,0.07000000,0.00549451,0.21764678,-0.23999999,0.23999999,-0.01229746,0.73129296,-1.42244339,-0.20104307,-0.21827084,0.00122106,0.06770296,
606,-2.97342730,-0.42486399,6.21822500,6.00000000,-0.34804687,0.42216796,0.07644216,-0.11961101,-0.23775305,0.07000000,0.00549451,0.02657452,0.14637044,-0.14331037,-0.01229746,-1.32121420,1.21649444,-0.12200783,0.14293844,0.00122106,-0.10895383,
614,-3.59352565,0.41909212,9.72692776,6.00000000,0.19335937,-0.22719726,0.10471991,0.44957840,-0.10286903,0.07000000,0.00549451,-0.03281195,0.23999999,-0.23999999,-0.01229746,-1.03498018,1.13970006,0.44951314,0.14378051,0.00122106,-0.04928976,
622,1.07995617,-0.96954489,2.98365831,6.00000000,0.34965819,-0.41249999,-0.14465076,0.76008946,-0.08124220,0.07000000,0.00549451,0.16735961,0.23999999,-0.22083867,-0.01229746,0.80983281,-1.37182879,0.72424096,0.02249239,0.00122106,0.13837050,
630,0.55323178,0.77822238,7.49433422,6.00000000,0.35449219,-0.39477539,-0.13850515,0.17181864,-0.04935851,0.07000000,0.00549451,0.35526320,0.23999999,-0.23999999,-0.01229746,2.79950809,-3.93222690,0.17621469,0.17369244,0.00122106,0.27107504,
638,2.93067408,0.22635888,10.47870636,6.00000000,0.36416015,-0.42539063,-0.17591843,-0.55226922,-0.04178013,0.07000000,0.00549451,0.45416641,0.13335888,-0.07339313,-0.01229746,4.85550642,-6.34078074,-0.55185378,0.00899245,0.00122106,0.38608706,
646,3.77343297,0.40472689,12.08162498,6.00000000,0.21269532,-0.15307617,-0.08478900,-1.35568869,-0.03620705,0.07000000,0.00549451,0.44856399,-0.11845756,0.17721419,-0.01229746,6.11039782,-7.58694649,-1.35199809,-0.08469576,0.00122106,0.41986045,
653,3.76026487,-0.06453662,13.01895523,5.00000000,-0.14501953,0.28842774,-0.10064544,-1.93744552,-0.04883573,0.07000000,0.00549451,0.06238076,-0.23999999,0.23999999,-0.01229746,5.33547163,-5.53792953,-1.92888188,-0.19508772,0.00122106,0.26594308,
662,0.38922894,-0.82349855,17.03403091,6.00000000,-0.34965819,0.42377931,-0.10727551,-2.21433854,-0.06219451,0.07000000,0.00549451,-0.10337760,-0.23999999,0.23999999,-0.01229746,2.97404099,-2.63719249,-2.19456863,-0.15583473,0.00122106,0.04661191,
670,-4.20524406,1.40909457,15.11028957,6.00000000,-0.34482422,0.41572267,-0.13557711,-1.32060754,-0.20103179,0.07000000,0.00549451,-0.33858949,0.00000814,-0.04726206,-0.01229746,0.72256637,0.39095375,-1.30522656,0.19490096,0.00122106,-0.08674077,
678,-2.09236121,0.96856141,6.66234922,6.00000000,-0.00644531,-0.06767578,0.32743251,-0.43852037,-0.22690485,0.07000000,0.00549451,-0.34038824,0.05006695,-0.09712210,-0.01229746,-0.42411500,1.52890837,-0.44609219,0.13088733,0.00122106,-0.10690246,
686,-2.27910876,-1.48310113,1.28736651,6.00000000,0.07734375,-0.15791015,0.46691513,0.12718061,-0.27865645,0.07000000,0.00549451,0.02079546,0.23999999,-0.23999999,-0.01229746,0.03665191,-0.10122910,0.12581098,0.38631687,0.00122106,0.01341014,
694,-1.44472957,-0.66787547,1.33644760,6.00000000,0.34643555,-0.42700195,0.07441098,0.27521172,-0.23946355,0.07000000,0.00549451,0.13138795,0.23999999,-0.23999999,-0.01229746,1.58301353,-2.00712872,0.27610207,0.28419447,0.00122106,0.16088387,
702,1.33254445,-2.45155573,5.07140207,6.00000000,0.34321290,-0.42700195,-0.03944304,0.06974820,-0.09245086,0.07000000,0.00549451,0.19300300,0.23999999,-0.23999999,-0.01229746,3.94793463,-4.57101727,0.06913696,0.10024729,0.00122106,0.32975191,
710,4.10862112,-0.05495982,9.92444897,6.00000000,0.34482422,-0.42055663,-0.43356928,-0.45844948,0.01105836,0.07000000,0.00549451,0.30876318,0.03713667,0.00290930,-0.01229746,6.00393248,-7.02495003,-0.45848465,-0.08885453,0.00122106,0.46067253,
718,5.98687267,1.25466847,13.24161530,6.00000000,0.06767578,-0.01772461,-0.44152460,-1.17735255,0.03054190,0.07000000,0.00549451,0.28635600,-0.22679026,0.23999999,-0.01229746,6.49262476,-7.43510246,-1.17071474,-0.18415812,0.00122106,0.43989924,
725,6.54113007,1.70597553,15.24436569,5.00000000,-0.30615234,0.38188475,-0.18467647,-1.72449231,-0.02661163,0.07000000,0.00549451,0.16083625,-0.23999999,0.23999999,-0.01229746,4.11548662,-4.61814117,-1.70813823,-0.51817805,0.00122106,0.20635927,
734,-0.88688058,0.33290085,20.53136063,6.00000000,-0.34804687,0.43344727,0.07926104,-1.81737721,-0.14240773,0.07000000,0.00549451,-0.08356901,-0.23999999,0.23999999,-0.01229746,1.98967540,-1.71914935,-1.79278755,-0.07881293,0.00122106,0.00573941,
742,0.21205802,-0.02144100,10.55053329,6.00000000,-0.34804687,0.42700195,0.41184741,-0.53789526,-0.20558836,0.07000000,0.00549451,-0.21594885,-0.23999999,0.23999999,-0.01229746,-0.74176490,1.41895270,-0.53775287,-0.22372392,0.00122106,-0.12083350,
750,-4.41473675,-0.37937415,6.51390886,6.00000000,-0.35288087,0.41894531,0.41110781,0.18009152,-0.20678636,0.07000000,0.00549451,-0.47656637,0.23999999,-0.23999999,-0.01229746,-2.50629282,4.05789042,0.17758787,0.28710142,0.00122106,-0.23935825,
758,-3.02609968,-2.48028612,2.00921822,6.00000000,0.31904298,-0.41088867,0.30199566,1.10024643,-0.09605523,0.07000000,0.00549451,-0.51514435,0.23999999,-0.23999999,-0.01229746,-2.00538325,3.65122867,1.11100721,0.31944633,0.00122106,-0.12938705,
766,-0.93476456,-1.92602849,-2.41766071,6.00000000,0.33999023,-0.41733399,0.09444587,1.29265285,-0.04574325,0.07000000,0.00549451,-0.27890629,0.23999999,-0.23999999,-0.01229746,1.04021621,-0.14137168,1.31985748,0.36344177,0.00122106,0.14673021,
774,1.47739363,-0.30994231,1.48608518,6.00000000,0.34643555,-0.43183595,-0.24161941,1.02819443,-0.00173338,0.07000000,0.00549451,-0.22394527,0.23999999,-0.23999999,-0.01229746,3.52207446,-2.79078126,1.04503167,0.06724486,0.00122106,0.31894973,
782,3.90870547,-0.37817705,7.44764757,6.00000000,0.35126954,-0.43666992,-0.42921349,0.48104769,0.08031695,0.07000000,0.00549451,-0.05791165,-0.05720194,0.04780765,-0.01229746,5.40877533,-5.23424244,0.48475856,-0.25029999,0.00122106,0.44136992,
790,7.35515881,1.63893783,13.92755413,6.00000000,-0.06767578,0.05478515,-0.43961498,-0.35498315,0.14294040,0.07000000,0.00549451,0.02962089,-0.23999999,0.23999999,-0.01229746,5.30230999,-5.41226625,-0.36091363,-0.49312037,0.00122106,0.38059697,
797,7.02715302,2.54514313,19.92742348,5.00000000,-0.32226563,0.40283203,-0.23362991,-0.94944739,0.11708204,0.07000000,0.00549451,-0.06792375,-0.23999999,0.23999999,-0.01229746,2.36143064,-2.13977361,-0.94192588,-0.62502152,0.00122106,0.09912923,
806,-4.32974243,1.14333808,20.53136063,6.00000000,-0.35449219,0.43183595,0.07491604,-0.80257368,-0.01315398,0.07000000,0.00549451,-0.20471707,0.23999999,-0.23999999,-0.01229746,0.42411500,0.23212880,-0.79337430,0.36947989,0.00122106,-0.04904105,
814,1.01650977,-0.25966406,11.12035275,6.00000000,0.32871094,-0.39638671,0.33651817,0.18196192,-0.15605278,0.07000000,0.00549451,0.02820374,-0.23999999,0.23999999,-0.01229746,0.50963616,-0.60039330,0.18098313,-0.29708940,0.00122106,0.05697832,
822,3.49929690,-0.97912169,-2.68102288,6.00000000,-0.34160155,0.40283203,0.59001714,-0.05188718,-0.24840091,0.07000000,0.00549451,0.07617248,-0.23999999,0.23999999,-0.01229746,-0.13264503,-0.12042772,-0.04974236,-0.36321476,0.00122106,-0.00358035,
830,-4.64697409,-1.17065775,4.76015615,6.00000000,-0.35288087,0.43505859,0.14237899,0.25844142,-0.22840475,0.07000000,0.00549451,-0.16077557,0.23999999,-0.23999999,-0.01229746,-2.12057495,2.63719249,0.25672281,0.20004755,0.00122106,-0.16415718,
838,-3.25594306,-2.51021361,4.15083170,6.00000000,0.32387695,-0.39799803,0.10028877,1.14119506,-0.13936760,0.07000000,0.00549451,-0.09296302,0.23999999,-0.23999999,-0.01229746,-1.66853476,1.96000481,1.14544630,0.17871562,0.00122106,-0.05070746,
846,-0.14587513,0.23473859,-0.94163531,6.00000000,0.34804687,-0.42700195,-0.10972386,1.39991915,-0.09150277,0.07000000,0.00549451,0.01836796,0.23999999,-0.23999999,-0.01229746,1.39102733,-1.44687796,1.41770971,0.21818881,0.00122106,0.21319979,
854,3.13896966,-0.41887847,3.96049261,6.00000000,0.34965819,-0.42055663,-0.22296245,0.95049036,-0.07249397,0.07000000,0.00549451,0.18218553,0.23999999,-0.21723604,-0.01229746,3.35103226,-3.93746281,0.96287471,-0.07755476,0.00122106,0.35383835,
862,5.33924103,-0.61280882,10.68101692,6.00000000,0.36254883,-0.38833007,-0.34239244,0.20887177,-0.04043485,0.07000000,0.00549451,0.26631302,-0.05962430,0.09423743,-0.01229746,5.18013716,-6.04931116,0.20590049,-0.23418432,0.00122106,0.44364190,
869,7.07982540,1.28699028,14.99297428,5.00000000,-0.05317383,0.14985351,-0.35986120,-0.66883320,0.00292502,0.07000000,0.00549451,0.18545996,-0.23999999,0.23999999,-0.01229746,5.23249674,-5.81543732,-0.66686285,-0.32295972,0.00122106,0.37048852,
878,4.86518908,1.95497251,19.39232063,6.00000000,-0.33354491,0.41088867,-0.12905863,-1.31993532,0.01195085,0.07000000,0.00549451,-0.15577900,-0.23999999,0.23999999,-0.01229746,2.31779718,-1.81165183,-1.30662870,-0.46075743,0.00122106,0.05671036,
886,-4.04363537,-0.79476815,20.53136063,6.00000000,-0.34482422,0.43666992,0.08815759,-1.02387667,-0.07502872,0.07000000,0.00549451,-0.22541103,0.15809695,-0.18983820,-0.01229746,0.43807766,0.28623399,-1.00673294,0.26206747,0.00122106,-0.07144910,
894,0.11868416,0.26945451,9.53060246,6.00000000,0.21269532,-0.31098634,0.32747099,0.06095900,-0.17716117,0.07000000,0.00549451,-0.08262249,-0.19285208,0.18085283,-0.01229746,0.26179940,0.00000000,0.05799174,-0.15930480,0.00122106,0.01450202,
902,0.65498537,-2.16066027,-3.39928341,6.00000000,-0.26748046,0.30937499,0.60302591,0.18566039,-0.25547546,0.07000000,0.00549451,0.14569026,0.06596993,-0.04674548,-0.01229746,-0.71034902,0.22863814,0.18778229,0.01239787,0.00122106,-0.02125634,
910,-4.62303209,-0.69660586,3.67558265,6.00000000,0.07895508,-0.06767578,0.09931395,0.40516809,-0.21984002,0.07000000,0.00549451,0.00207642,0.23999999,-0.23999999,-0.01229746,-0.58293998,0.56199604,0.40531430,0.29928997,0.00122106,-0.01273573,
918,-1.13707459,-2.45275283,0.50326538,6.00000000,0.35126954,-0.41733399,0.13469890,0.92224228,-0.09423281,0.07000000,0.00549451,-0.03469031,0.23999999,-0.23999999,-0.01229746,1.72613060,-1.62315619,0.92617929,0.21739516,0.00122106,0.19610710,
926,1.27867484,-0.59245813,3.11653662,6.00000000,0.34482422,-0.43344727,-0.20807171,0.62280685,0.01438873,0.07000000,0.00549451,0.11559742,0.23999999,-0.23999999,-0.01229746,3.98109603,-4.34412432,0.66396570,0.08944049,0.00122106,0.36522406,
934,4.32769060,-1.26522875,8.14076900,6.00000000,0.35126954,-0.43344727,-0.35022074,0.03725192,0.08642641,0.07000000,0.00549451,0.22201969,0.01487090,0.01354745,-0.01229746,5.87826872,-6.58861780,0.03761965,-0.16917688,0.00122106,0.48209724,
941,6.19397116,0.38437620,13.10754013,5.00000000,0.03383789,-0.00322266,-0.44170749,-0.71576810,0.09327511,0.07000000,0.00549451,0.21767586,-0.23511192,0.23999999,-0.01229746,6.25875092,-6.97957134,-0.71480179,-0.24656937,0.00122106,0.44967008,
950,7.54310369,1.83047402,17.54040527,6.00000000,-0.32065430,0.39799803,-0.29233578,-1.52973545,0.08604968,0.07000000,0.00549451,-0.02075714,-0.23999999,0.23999999,-0.01229746,3.46273303,-3.40164661,-1.51559186,-0.60946012,0.00122106,0.14371663,
958,-3.91315150,1.85920441,20.53136063,6.00000000,-0.34804687,0.43183595,0.10017713,-1.42296052,0.02415620,0.07000000,0.00549451,-0.27090091,0.19294991,-0.23124696,-0.01229746,1.91637158,-1.03323495,-1.42194724,0.31725734,0.00122106,0.00429968,
966,1.22839665,0.13537921,12.53532600,6.00000000,0.26586914,-0.38671875,0.35167253,-0.40268070,-0.06871109,0.07000000,0.00549451,-0.01895683,-0.23999999,0.23999999,-0.01229746,1.33343160,-1.27409041,-0.40190458,-0.27925631,0.00122106,0.06779614,
974,3.04559565,-1.26403165,-1.56173360,6.00000000,-0.32871094,0.39799803,0.60960871,-0.45714095,-0.16735943,0.07000000,0.00549451,0.13115892,-0.23999999,0.23999999,-0.01229746,0.05235988,-0.49392816,-0.46350837,-0.27683401,0.00122106,-0.01503624,
982,-5.08511305,-1.33825195,5.49876738,6.00000000,-0.35288087,0.42539063,0.07610336,-0.06942519,-0.15025984,0.07000000,0.00549451,-0.13678494,0.23999999,-0.23999999,-0.01229746,-2.01760054,2.45742369,-0.07521698,0.24826562,0.00122106,-0.17515075,
990,-3.83174872,-2.23488045,3.88866663,6.00000000,0.32387695,-0.39638671,0.13428134,0.74910611,-0.04702291,0.07000000,0.00549451,-0.12616462,0.23999999,-0.23999999,-0.01229746,-1.42593396,1.83085036,0.75007081,0.25492164,0.00122106,-0.06703731,
998,-0.01060273,0.32332405,-1.23372793,6.00000000,0.34321290,-0.41411132,-0.11711371,0.97468472,-0.02819485,0.07000000,0.00549451,0.02811401,0.23999999,-0.23999999,-0.01229746,1.78721714,-1.87273836,0.98550010,0.22044158,0.00122106,0.21413177,
1006,3.39514923,0.36522257,2.41024709,6.00000000,0.35932618,-0.43183595,-0.13139786,0.59611470,0.01044613,0.07000000,0.00549451,0.18081284,0.14290407,-0.11957118,-0.01229746,3.89033890,-4.48375082,0.60678983,-0.10812855,0.00122106,0.36571187,
1013,4.93701506,0.22875308,9.89571857,5.00000000,0.21914062,-0.23041992,-0.25307268,-0.15774019,0.06295577,0.07000000,0.00549451,0.20691295,-0.12120670,0.14765200,-0.01229746,5.14872122,-5.82939959,-0.15774047,-0.21831827,0.00122106,0.40447226,
1022,7.91181087,1.10383379,15.13303471,6.00000000,-0.15307617,0.23203126,-0.40126649,-0.97603083,0.17019291,0.07000000,0.00549451,0.00829911,-0.23999999,0.23999999,-0.01229746,4.06312656,-4.08232498,-0.97151434,-0.51101059,0.00122106,0.23826548,
1030,2.72357559,1.77061903,20.53136063,6.00000000,-0.35610351,0.42861328,-0.27900922,-1.29481936,0.17537786,0.07000000,0.00549451,-0.22251321,-0.23999999,0.23999999,-0.01229746,2.63021111,-1.90415418,-1.27992630,-0.26242402,0.00122106,0.07366033,
1038,1.93348908,1.42465687,17.91270256,6.00000000,-0.34965819,0.42861328,0.01765279,-0.39815867,0.02954646,0.07000000,0.00549451,-0.15649055,-0.23999999,0.23999999,-0.01229746,-0.36477381,0.87440991,-0.38598156,-0.38859025,0.00122106,-0.07145993,
1046,-2.08278441,1.54676116,11.39448929,6.00000000,-0.35771483,0.41894531,0.40178606,0.21100082,-0.15247893,0.07000000,0.00549451,-0.36352965,0.01592158,-0.06562543,-0.01229746,-2.14850020,3.32310677,0.20983762,0.05360615,0.00122106,-0.19503224,
1054,-2.08757281,-1.69259381,5.27850056,6.00000000,0.00644531,-0.09990235,0.61716473,0.98002863,-0.18149181,0.07000000,0.00549451,-0.36260819,0.23999999,-0.23999999,-0.01229746,-2.79078126,3.96364284,0.98602283,0.21237253,0.00122106,-0.18284868,
1062,-2.39881897,-2.80709457,0.37637269,6.00000000,0.33354491,-0.40283203,0.39006132,1.38280642,-0.12752566,0.07000000,0.00549451,-0.15572321,0.23999999,-0.23999999,-0.01229746,-0.80459678,1.30725169,1.40281630,0.41422778,0.00122106,0.02566190,
1070,0.49098253,-3.18418145,-1.49709010,6.00000000,0.33837891,-0.42700195,-0.17627113,1.20347440,-0.01925758,0.07000000,0.00549451,-0.02426421,0.23999999,-0.23999999,-0.01229746,2.17118955,-2.10137653,1.22945487,0.20031627,0.00122106,0.25330487,
1078,1.94067168,-0.51943493,2.20075440,6.00000000,0.34643555,-0.41733399,-0.39301988,0.79785103,0.08479656,0.07000000,0.00549451,0.12562206,0.23999999,-0.23999999,-0.01229746,4.37030411,-4.75078630,0.81099391,0.02803583,0.00122106,0.41066751,
1085,3.51366210,1.73949432,6.34392023,5.00000000,0.35932618,-0.42216796,-0.48488685,0.29716054,0.07050095,0.07000000,0.00549451,0.30302316,0.22611117,-0.18663931,-0.01229746,6.13308668,-7.11745262,0.30298334,-0.06664123,0.00122106,0.52556050,
1094,7.44613838,2.03996658,11.59919357,6.00000000,0.33032227,-0.34160155,-0.29416749,-0.72177142,0.03199245,0.07000000,0.00549451,0.44049281,-0.23999999,0.23999999,-0.01229746,7.60090876,-9.04255009,-0.71683550,-0.37837037,0.00122106,0.58076429,
1102,10.49635124,1.02482510,15.88601112,6.00000000,-0.31582031,0.39638671,0.02807937,-1.78707337,0.01431267,0.07000000,0.00549451,0.23216131,-0.23999999,0.23999999,-0.01229746,6.19591904,-6.96735477,-1.77216935,-0.71616268,0.00122106,0.36269900,
1110,4.44979525,-1.07010138,20.53136063,6.00000000,-0.36254883,0.43022460,0.07508806,-2.20736480,-0.01774966,0.07000000,0.00549451,0.00022778,-0.23999999,0.23999999,-0.01229746,3.35103226,-3.36150432,-2.18179274,-0.54981124,0.00122106,0.08713359,
1118,-0.48944306,-1.10840857,16.53244591,6.00000000,-0.33999023,0.42216796,0.21295941,-1.20801365,-0.05162523,0.07000000,0.00549451,-0.16347042,-0.23999999,0.23999999,-0.01229746,1.01229095,-0.54105204,-1.19134140,-0.12371165,0.00122106,-0.03569256,
1126,-1.32142818,-0.27163509,7.35187912,6.00000000,-0.35126954,0.42861328,0.16238062,-0.34350288,-0.09922634,0.07000000,0.00549451,-0.26387575,-0.21275678,0.17629069,-0.01229746,-1.44338727,2.30558014,-0.34688026,-0.05824224,0.00122106,-0.16293950,
1134,-2.52571154,-1.63633001,2.30011368,6.00000000,-0.31420898,0.31259766,0.33255255,0.50605130,-0.06105332,0.07000000,0.00549451,-0.39792791,0.14067613,-0.19476780,-0.01229746,-3.35452271,4.64781141,0.50542629,0.13147992,0.00122106,-0.26571071,
1142,-3.39839816,-1.23290706,1.14610851,6.00000000,0.17563477,-0.33354491,0.16935144,1.08992338,-0.07619201,0.07000000,0.00549451,-0.16030732,0.23999999,-0.23999999,-0.01229746,-3.32834291,3.84670568,1.09904265,0.27752385,0.00122106,-0.19069585,
1150,-1.10834420,0.26945451,-1.28041482,6.00000000,0.33032227,-0.40927735,0.23914954,1.37355840,-0.05248995,0.07000000,0.00549451,0.04447413,0.23999999,-0.23999999,-0.01229746,-0.37524578,0.23212880,1.39075744,0.32919246,0.00122106,0.08317685,
1157,1.43429804,-0.50387263,1.96253133,5.00000000,0.33999023,-0.43183595,0.00506811,1.08528233,0.03119465,0.07000000,0.00549451,0.13580312,0.23999999,-0.23999999,-0.01229746,2.06646991,-2.47138643,1.10187697,0.09873123,0.00122106,0.25650978,
1166,4.84483814,0.34726608,7.74213409,6.00000000,0.34965819,-0.42539063,-0.32542685,0.38688654,0.27268440,0.07000000,0.00549451,0.08795717,-0.03819557,0.04876581,-0.01229746,4.39299345,-4.67224646,0.39047194,-0.21099117,0.00122106,0.37496471,
1174,8.24340725,0.93145126,11.95952034,6.00000000,-0.03544922,0.07089844,-0.48328367,-0.60279369,0.44652039,0.07000000,0.00549451,0.05232928,-0.23999999,0.23999999,-0.01229746,4.58498001,-4.75776768,-0.60363472,-0.51939881,0.00122106,0.30885231,
1182,6.30290699,2.36677527,20.53136063,6.00000000,-0.34160155,0.41572267,-0.44115347,-1.35662758,0.44740009,0.07000000,0.00549451,-0.04861878,-0.23999999,0.23999999,-0.01229746,2.67384434,-2.51501966,-1.34481621,-0.47818974,0.00122106,0.09351356,
1190,-0.71928644,1.22713518,20.53136063,6.00000000,-0.34321290,0.43505859,-0.09073967,-0.81325561,0.23862483,0.07000000,0.00549451,0.11635965,-0.21856327,0.23333910,-0.01229746,0.32812190,-0.71558499,-0.79579914,-0.07031399,0.00122106,-0.02139360,
1198,1.64977610,3.08264160,12.79389954,6.00000000,-0.31904298,0.41733399,0.38806617,-0.08162966,-0.00103223,0.07000000,0.00549451,0.09568989,-0.23999999,0.23999999,-0.01229746,-2.12232041,1.81863308,-0.07530934,-0.43060350,0.00122106,-0.15232407,
1206,-1.71886563,-0.18065540,7.78283548,6.00000000,-0.34965819,0.43022460,0.62002689,0.63348883,-0.13630036,0.07000000,0.00549451,-0.10127342,-0.16074371,0.14705856,-0.01229746,-3.72104192,4.04567337,0.63253534,-0.12363073,0.00122106,-0.24725799,
1214,-2.70767093,-2.74364829,4.18195629,6.00000000,-0.24492188,0.26586914,0.48070952,1.30846131,-0.07213518,0.07000000,0.00549451,-0.17767860,0.21446157,-0.23806027,-0.01229746,-5.28834772,5.86605167,1.31450605,0.09212810,0.00122106,-0.32449773,
1222,-2.43712616,-2.75921059,1.99006462,6.00000000,0.28359374,-0.39638671,0.01872588,1.94050276,0.02775680,0.07000000,0.00549451,-0.04902871,0.23999999,-0.23999999,-0.01229746,-4.32841635,4.49073172,1.95637977,0.14709689,0.00122106,-0.18719533,
1229,-0.08003458,-1.01144338,-0.93086141,5.00000000,0.34643555,-0.41572267,-0.14133008,2.01574516,0.07477341,0.07000000,0.00549451,0.18218775,0.23999999,-0.23999999,-0.01229746,-1.34215820,0.73478359,2.04514980,0.19935146,0.00122106,0.07659024,
1238,2.51887131,-1.26522875,2.81007862,6.00000000,0.35610351,-0.42055663,-0.23858795,1.50404096,0.08164787,0.07000000,0.00549451,0.36544466,0.23999999,-0.23999999,-0.01229746,1.25314641,-2.42077160,1.52226663,0.02540867,0.00122106,0.26000842,
1246,4.82209349,0.88835567,7.45842123,6.00000000,0.34804687,-0.42861328,-0.37167105,0.72701705,0.14332893,0.07000000,0.00549451,0.50134528,0.18982387,-0.12276772,-0.01229746,3.13286591,-4.73856878,0.73378724,-0.10219558,0.00122106,0.35445207,
1254,7.87470055,1.52042484,11.49624252,6.00000000,0.29003906,-0.22719726,-0.27327308,-0.35287982,0.21129571,0.07000000,0.00549451,0.48350140,-0.23999999,0.23999999,-0.01229746,4.38950300,-5.94808197,-0.34863573,-0.33024275,0.00122106,0.36625576,
1262,10.10968781,0.82850063,15.32217693,6.00000000,-0.31582031,0.38833007,-0.07955393,-1.53145778,0.24874398,0.07000000,0.00549451,0.19375554,-0.23999999,0.23999999,-0.01229746,2.85535884,-3.48891306,-1.52220678,-0.63816082,0.00122106,0.12494278,
1270,-3.47261834,-0.96834779,20.53136063,6.00000000,-0.35610351,0.43828124,-0.06213771,-1.73473656,0.16999528,0.07000000,0.00549451,0.16400255,0.09922625,-0.07844046,-0.01229746,1.44862330,-1.98269403,-1.71920788,0.26607257,0.00122106,-0.00025460,
1278,2.81814647,0.55197030,14.57159424,6.00000000,0.13212891,-0.12568359,0.20308441,-0.68367934,0.05431772,0.07000000,0.00549451,0.11355964,-0.23999999,0.23999999,-0.01229746,0.45204026,-0.82205003,-0.67824888,-0.58433318,0.00122106,-0.00368958,
1286,3.70400119,-0.11960326,0.44819877,6.00000000,-0.33676758,0.41249999,0.42099527,-0.71565473,-0.08178754,0.07000000,0.00549451,0.08155511,-0.23999999,0.23999999,-0.01229746,-1.29852498,1.03498018,-0.72246695,-0.56145966,0.00122106,-0.14269505,
1294,-4.44945288,-0.87138259,5.62206841,6.00000000,-0.35288087,0.43022460,0.26147422,-0.24986051,-0.12059136,0.07000000,0.00549451,-0.00462300,0.08856270,-0.08949783,-0.01229746,-3.00894761,3.01069307,-0.25662056,0.16369206,0.00122106,-0.24925798,
1301,-2.50176954,-2.54253531,2.31926727,5.00000000,0.11118164,-0.13535157,0.26598084,0.51616991,-0.06006045,0.07000000,0.00549451,-0.04972861,0.13389638,-0.14066610,-0.01229746,-3.40513754,3.56919837,0.51268107,0.09606330,0.00122106,-0.22677526,
1310,-1.49021935,-0.93482894,0.06752069,6.00000000,0.18046875,-0.23525390,0.02123430,0.92577106,-0.03324483,0.07000000,0.00549451,0.07143863,0.23999999,-0.23999999,-0.01229746,-1.41720724,1.20951319,0.94835508,0.23483822,0.00122106,-0.02914669,
1318,0.33057100,-0.23572205,3.52714205,6.00000000,0.35288087,-0.42216796,-0.04660810,0.94596285,0.04320978,0.07000000,0.00549451,0.09023648,0.23999999,-0.23999999,-0.01229746,0.94596845,-1.23918378,0.95361024,0.11555184,0.00122106,0.15792075,
1326,4.11460686,-1.12995636,8.24731064,6.00000000,0.35932618,-0.43505859,-0.16867217,0.31648499,0.18030310,0.07000000,0.00549451,0.22150370,-0.03927761,0.06821239,-0.01229746,2.95135188,-3.66344595,0.31694078,-0.17863670,0.00122106,0.27825791,
1334,7.49162817,0.63457024,11.84819031,6.00000000,-0.03222656,0.10312500,-0.32478356,-0.56034929,0.32820156,0.07000000,0.00549451,0.11670050,-0.23999999,0.23999999,-0.01229746,3.43655324,-3.81179905,-0.55989480,-0.40309554,0.00122106,0.23370866,
1342,6.09580851,1.80294073,18.60103607,6.00000000,-0.33837891,0.41894531,-0.38401285,-1.18486905,0.36785227,0.07000000,0.00549451,0.00183633,-0.23999999,0.23999999,-0.01229746,1.27932644,-1.27932644,-1.17473316,-0.50237560,0.00122106,0.00806080,
1350,-2.08517861,1.11939609,20.53136063,6.00000000,-0.35288087,0.43022460,-0.16015613,-0.68898618,0.21548250,0.07000000,0.00549451,-0.00927978,-0.01722318,0.01510401,-0.01229746,-0.44505897,0.48694685,-0.67389625,0.08865672,0.00122106,-0.09016588,
1358,1.98855567,2.32727098,12.28393459,6.00000000,-0.02900391,0.04511719,0.22677682,0.07182430,0.01473246,0.07000000,0.00549451,0.12600332,-0.23999999,0.23999999,-0.01229746,-1.84132230,1.43989658,0.07316726,-0.43714285,0.00122106,-0.12042432,
1366,1.10509527,0.13298501,4.42975616,6.00000000,-0.33999023,0.42377931,0.45203468,0.37898993,-0.18135582,0.07000000,0.00549451,0.24330357,-0.23999999,0.23999999,-0.01229746,-3.42782664,2.64068317,0.37907523,-0.27242905,0.00122106,-0.20218113,
1373,-4.17172527,-2.27917314,9.24689007,5.00000000,-0.34482422,0.42216796,0.34659788,0.58777952,-0.23162486,0.07000000,0.00549451,0.09997328,0.07432242,-0.06049435,-0.01229746,-4.76998472,4.44011736,0.58263946,0.06267825,0.00122106,-0.30880207,
1382,-2.62028265,-1.88173568,4.66558504,6.00000000,0.10151367,-0.09829102,0.07687108,1.48897183,-0.13133177,0.07000000,0.00549451,0.09188503,0.23999999,-0.23999999,-0.01229746,-5.05970955,4.78045654,1.49047875,0.07057342,0.00122106,-0.26223660,
1390,-2.17136979,-0.50626683,3.50080585,6.00000000,0.32709962,-0.41249999,-0.22250313,1.73332143,-0.07807550,0.07000000,0.00549451,0.11607955,0.23999999,-0.23999999,-0.01229746,-2.43124366,2.05250716,1.74560702,0.31248277,0.00122106,-0.04107520,
1398,2.08791494,-0.11720906,3.84916234,6.00000000,0.34643555,-0.42216796,0.02000781,1.44467270,0.00480676,0.07000000,0.00549451,0.25282505,0.23999999,-0.23999999,-0.01229746,0.34382987,-1.15191734,1.45999420,0.03313309,0.00122106,0.17623238,
1406,4.03320408,-0.40451327,7.64277506,6.00000000,0.34482422,-0.42861328,-0.31163323,0.62218720,0.01885509,0.07000000,0.00549451,0.41368765,0.13790160,-0.08263808,-0.01229746,2.26194692,-3.58490610,0.62459087,-0.09481861,0.00122106,0.26874775,
1414,6.76139688,0.50887465,10.86177921,6.00000000,0.21108398,-0.15629883,-0.24784823,-0.43876410,0.11131772,0.07000000,0.00549451,0.32124621,-0.23999999,0.23999999,-0.01229746,3.57792497,-4.62686777,-0.43795019,-0.29531434,0.00122106,0.27783480,
1422,8.96885109,1.09904540,13.46906471,6.00000000,-0.33032227,0.39477539,-0.21395940,-1.54297566,0.15186688,0.07000000,0.00549451,0.04635635,-0.23999999,0.23999999,-0.01229746,1.77150917,-1.91811693,-1.53403258,-0.63525689,0.00122106,0.02516004,
1430,-4.66014242,-0.02742650,20.53136063,6.00000000,-0.35932618,0.43989259,-0.06302322,-1.65512669,0.08069186,0.07000000,0.00549451,-0.05052993,0.23999999,-0.23999999,-0.01229746,0.66322511,-0.50440013,-1.63981783,0.40340221,0.00122106,-0.07983633,
1438,1.63181961,1.01764250,13.77432537,6.00000000,0.33676758,-0.40444335,0.10643653,-0.55793422,-0.03383601,0.07000000,0.00549451,0.16934380,-0.23999999,0.23999999,-0.01229746,0.89186323,-1.40673530,-0.54645753,-0.48962495,0.00122106,0.04546350,
1445,5.80730724,0.67527169,-1.26245832,5.00000000,-0.32871094,0.40122071,0.38611075,-0.85916060,-0.19104378,0.07000000,0.00549451,0.23987627,-0.23999999,0.23999999,-0.01229746,0.17104226,-0.97389370,-0.86328894,-0.73080927,0.00122106,-0.02234218,
1454,-1.56204545,-1.10481727,6.40257835,6.00000000,-0.36416015,0.43183595,0.29411700,-0.67772037,-0.22911850,0.07000000,0.00549451,0.00596783,-0.23999999,0.23999999,-0.01229746,-1.87797427,1.85877562,-0.68524730,-0.23894775,0.00122106,-0.19435281,
1462,-1.70928884,-1.99665737,3.51995945,6.00000000,-0.34965819,0.42216796,0.04790087,0.14831629,-0.16397737,0.07000000,0.00549451,-0.13471822,-0.18180762,0.16346374,-0.01229746,-3.87986708,4.38775778,0.14084643,-0.05879807,0.00122106,-0.30198947,
1470,-1.88167131,-0.57689577,5.52510357,6.00000000,-0.27231446,0.28842774,-0.19110921,0.87287331,-0.10329255,0.07000000,0.00549451,-0.27257335,-0.05782714,0.02121757,-0.01229746,-5.32499981,6.19940948,0.87397939,-0.03013128,0.00122106,-0.37464085,
1478,-0.68457049,0.49450946,7.47877216,6.00000000,-0.09345703,0.05317383,-0.21423638,1.54093707,-0.08113549,0.07000000,0.00549451,-0.18579333,-0.05025715,0.02570191,-0.01229746,-5.74213314,6.33205414,1.54236889,-0.12198937,0.00122106,-0.34322309,
1486,-0.33501706,0.33768925,10.35899639,6.00000000,-0.08056641,0.06123047,-0.08174843,1.95465648,-0.11696610,0.07000000,0.00549451,0.00521541,0.22600450,-0.22457036,-0.01229746,-5.26740360,5.23947859,1.95258999,-0.01098071,0.00122106,-0.25159273,
1494,2.45303082,0.83089483,11.63989449,6.00000000,0.30776367,-0.39960939,-0.02164992,2.15470815,-0.10058215,0.07000000,0.00549451,-0.06727905,-0.04851747,0.03984246,-0.01229746,-3.40862799,3.63028479,2.14987731,-0.27794424,0.00122106,-0.10379554,
1502,6.74583435,-1.29755056,7.74213409,6.00000000,-0.06284180,0.06123047,0.25232694,1.33859849,-0.00636103,0.07000000,0.00549451,0.03212394,-0.23999999,0.23999999,-0.01229746,-2.63195658,2.53596354,1.32975578,-0.52303028,0.00122106,-0.09618143,
1510,4.64372540,0.16770095,11.27597618,6.00000000,-0.34643555,0.41411132,-0.17884438,0.60488009,0.09165847,0.07000000,0.00549451,-0.11086768,-0.23999999,0.23999999,-0.01229746,-4.28303766,4.63734007,0.60073197,-0.48739970,0.00122106,-0.29403847,
1517,-5.10187244,-0.29557708,20.53136063,5.00000000,-0.36577147,0.42861328,-0.19603391,0.71247739,0.13164990,0.07000000,0.00549451,-0.25024623,0.23999999,-0.23999999,-0.01229746,-4.96022606,5.76831341,0.70545053,0.35071027,0.00122106,-0.35417184,
1526,0.56999117,1.48331475,10.17464352,6.00000000,0.33193359,-0.40444335,-0.05710408,1.52912438,0.08904296,0.07000000,0.00549451,-0.06475173,-0.20379192,0.19540961,-0.01229746,-4.16610098,4.37728596,1.52770734,-0.27994478,0.00122106,-0.20947216,
1534,5.71872187,0.26466611,-0.92487592,6.00000000,-0.28198242,0.33032227,0.28285441,1.09875166,-0.05038298,0.07000000,0.00549451,0.11988734,-0.23999999,0.23999999,-0.01229746,-4.17308235,3.78910995,1.11731660,-0.50624233,0.00122106,-0.21780095,
1542,-1.05447471,-2.18460226,7.10767078,6.00000000,-0.35610351,0.42861328,0.21340673,0.99383515,-0.11919882,0.07000000,0.00549451,0.04477823,-0.18291940,0.18963726,-0.01229746,-6.33729076,6.19242811,0.99670148,-0.14285168,0.00122106,-0.40325353,
1550,-2.37128568,-0.14593948,7.57454014,6.00000000,-0.28681642,0.34482422,0.00659923,1.59810996,-0.06091144,0.07000000,0.00549451,-0.19359678,0.10121574,-0.12651029,-0.01229746,-7.53458643,8.16115952,1.60058546,0.02295293,0.00122106,-0.47543794,
1558,-1.03771532,-0.62717402,6.52228832,6.00000000,0.12890625,-0.19497070,-0.08544774,2.26905799,0.00816364,0.07000000,0.00549451,-0.21184766,0.14251508,-0.17019358,-0.01229746,-6.94117451,7.61661673,2.27634978,-0.06020368,0.00122106,-0.38063693,
1566,0.99376488,-0.23213075,2.97288442,6.00000000,0.21430664,-0.28681642,-0.04670276,2.37302518,-0.02582737,0.07000000,0.00549451,0.17107198,0.23999999,-0.23999999,-0.01229746,-5.90270376,5.35641527,2.39361215,-0.03015578,0.00122106,-0.24564797,
1574,3.32212615,0.94461942,6.38103056,6.00000000,0.34965819,-0.41249999,-0.02359371,1.70947063,-0.06171431,0.07000000,0.00549451,0.45300478,0.03535774,0.02662563,-0.01229746,-3.99156785,2.48883963,1.72144008,-0.18638964,0.00122106,-0.11394727,
1582,5.05792236,-1.71893001,9.64432716,6.00000000,0.05156250,0.04350586,-0.02730410,0.67657804,-0.08437475,0.07000000,0.00549451,0.52412331,-0.23999999,0.23999999,-0.01229746,-2.74191236,0.99483770,0.66840529,-0.27453434,0.00122106,-0.09138718,
1589,3.62259841,-0.29557708,13.12669373,5.00000000,-0.33515626,0.39799803,-0.19207999,0.01770418,-0.05553342,0.07000000,0.00549451,0.06817749,-0.23999999,0.23999999,-0.01229746,-3.53254628,3.31787109,0.01460218,-0.24895211,0.00122106,-0.25685403,
1598,-5.37241745,-0.53260309,20.53136063,6.00000000,-0.35932618,0.43183595,0.00601686,0.00856251,0.07540305,0.07000000,0.00549451,-0.11262048,0.23999999,-0.23999999,-0.01229746,-4.57974386,4.96720695,0.00801885,0.32373592,0.00122106,-0.36231452,
1606,2.01728606,0.47655296,11.85537243,6.00000000,0.32065430,-0.39638671,-0.11642761,0.73693568,0.00805213,0.07000000,0.00549451,0.14320157,-0.23999999,0.23999999,-0.01229746,-4.62861347,4.15737438,0.73619395,-0.49287194,0.00122106,-0.27921993,
1614,5.01243258,0.96018171,-0.54060656,6.00000000,-0.34804687,0.42055663,0.39160031,0.33300298,-0.10872378,0.07000000,0.00549451,0.23926803,-0.23999999,0.23999999,-0.01229746,-5.04225588,4.26034880,0.34251505,-0.60535538,0.00122106,-0.32887357,
1622,-4.48895693,-0.68702906,7.59967947,6.00000000,-0.36416015,0.43505859,0.19537008,0.49054414,-0.21223953,0.07000000,0.00549451,0.01714338,0.03379309,-0.03092465,-0.01229746,-6.73173523,6.67762995,0.49130943,0.09950644,0.00122106,-0.46918005,
1630,-1.83857572,-0.98750138,3.77733612,6.00000000,0.02900391,-0.04028320,0.19434926,1.30431437,-0.19079055,0.07000000,0.00549451,-0.08071016,0.03691426,-0.04700302,-0.01229746,-7.29373074,7.55902100,1.29118323,0.00635006,0.00122106,-0.46657357,
1638,-1.07362831,-0.05136852,2.58382678,6.00000000,0.04995117,-0.09345703,0.14669608,1.63091040,-0.11476232,0.07000000,0.00549451,-0.08233880,0.23999999,-0.23999999,-0.01229746,-6.07549143,6.35299826,1.64362252,0.14197668,0.00122106,-0.34741727,
1646,0.43831009,-0.61041462,3.34997129,6.00000000,0.34321290,-0.42539063,0.04523605,1.56649268,-0.05762343,0.07000000,0.00549451,0.00531801,0.20798406,-0.20677212,-0.01229746,-4.50993061,4.46106148,1.58126926,0.01306862,0.00122106,-0.22306138,
1654,2.85046840,-0.58886677,6.61087370,6.00000000,0.29487306,-0.36093751,-0.11365035,0.96261054,0.02904626,0.07000000,0.00549451,0.13877600,0.05361834,-0.03488561,-0.01229746,-2.01236463,1.56032443,0.96911120,-0.08105668,0.00122106,-0.06013383,
1661,4.11340952,-0.60921752,11.09880543,5.00000000,0.08056641,-0.06606445,-0.21873486,0.11529326,0.07590128,0.07000000,0.00549451,0.14655180,-0.21242522,0.23174483,-0.01229746,-0.71383971,0.23911010,0.11255133,-0.17861408,0.00122106,-0.02669304,
1670,4.48929930,0.88237017,14.85291290,6.00000000,-0.29487306,0.39155275,-0.41416797,-0.70709181,0.07521013,0.07000000,0.00549451,-0.12305565,-0.23999999,0.23999999,-0.01229746,-2.13628292,2.53945398,-0.70630848,-0.30371255,0.00122106,-0.23341955,
1678,-4.01011658,1.72632623,20.53136063,6.00000000,-0.34643555,0.43828124,-0.15058255,-0.91082656,0.07934463,0.07000000,0.00549451,-0.22146034,-0.01021934,-0.02030884,-0.01229746,-3.35277748,4.04218245,-0.90220982,0.21518242,0.00122106,-0.35083622,
1686,2.33212352,1.98490000,14.48540306,6.00000000,-0.01933594,-0.02094727,0.09705330,-0.16407210,-0.09493405,0.07000000,0.00549451,0.03732969,-0.23999999,0.23999999,-0.01229746,-5.00211382,4.86772299,-0.16472089,-0.47248062,0.00122106,-0.38909510,
1694,-0.79111248,1.68203354,4.78050661,6.00000000,-0.32548827,0.40605468,0.60166687,-0.02111717,-0.31835559,0.07000000,0.00549451,0.01431099,-0.21915928,0.22148700,-0.01229746,-6.63748693,6.56418324,-0.02191450,-0.00847360,0.00122106,-0.50597209,
1702,-5.23953915,-2.07207465,8.30357456,6.00000000,-0.33354491,0.41411132,0.59315437,0.13158950,-0.37475327,0.07000000,0.00549451,-0.05839256,0.14830980,-0.15551153,-0.01229746,-8.39852428,8.59574699,0.13059720,0.28506848,0.00122106,-0.63928276,
1710,-4.89956284,-1.74885750,3.80846095,6.00000000,0.21108398,-0.25620118,0.34233615,1.19771445,-0.31968805,0.07000000,0.00549451,-0.21033520,0.23999999,-0.23999999,-0.01229746,-7.60090876,8.28682327,1.19849110,0.38458517,0.00122106,-0.51516253,
1718,-2.48381305,-1.67344022,-0.68665284,6.00000000,0.34482422,-0.40927735,0.13067822,1.42568099,-0.20203011,0.07000000,0.00549451,-0.00471160,0.23999999,-0.23999999,-0.01229746,-4.81361771,4.84677935,1.44515932,0.46069467,0.00122106,-0.25803789,
1726,-0.21530698,-0.73850441,0.70677257,6.00000000,0.33837891,-0.41572267,-0.17001516,1.15861082,-0.12338696,0.07000000,0.00549451,0.16334602,0.23999999,-0.23999999,-0.01229746,-1.84306765,1.28805304,1.17776465,0.30611700,0.00122106,-0.02608325,
1733,1.03805757,0.14375892,6.10809135,5.00000000,0.35126954,-0.42377931,-0.43045548,0.63075054,-0.09436898,0.07000000,0.00549451,0.34268951,0.23999999,-0.23999999,-0.01229746,0.41713369,-1.53763509,0.63751894,0.21641159,0.00122106,0.12428982,
1742,4.67484999,1.25347137,12.41920757,6.00000000,0.35932618,-0.43666992,-0.55974442,-0.40441754,-0.08412751,0.07000000,0.00549451,0.62373847,0.06633994,0.01720316,-0.01229746,1.96524072,-3.97411466,-0.40241373,-0.00712872,0.00122106,0.19814859,
1750,6.65126371,2.23150277,17.52843285,6.00000000,0.11923828,0.00644531,-0.34834480,-1.62397051,-0.19279507,0.07000000,0.00549451,0.56237513,-0.23999999,0.23999999,-0.01229746,2.23402143,-4.09454250,-1.60643971,-0.11703880,0.00122106,0.11908238,
1758,4.04637194,0.91110057,20.53136063,6.00000000,-0.32871094,0.39316407,0.07972202,-2.46414828,-0.23277636,0.07000000,0.00549451,-0.12252915,-0.23999999,0.23999999,-0.01229746,1.05766952,-0.66671580,-2.43133926,-0.33075473,0.00122106,-0.11520910,
1766,-3.45825315,-1.68301702,20.53136063,6.00000000,-0.35610351,0.42055663,0.23281561,-2.55605483,-0.24877363,0.07000000,0.00549451,-0.24371025,-0.23999999,0.23999999,-0.01229746,-0.61435592,1.39800870,-2.51958990,0.16634396,0.00122106,-0.26779091,
1774,1.30022275,0.04918795,11.56567478,6.00000000,-0.34482422,0.43505859,0.31990269,-1.72464705,-0.34859598,0.07000000,0.00549451,-0.36479804,-0.23999999,0.23999999,-0.01229746,-3.19395256,4.39473915,-1.72165775,-0.30219507,0.00122106,-0.42014515,
1782,-6.37199688,0.54837900,5.90219021,6.00000000,-0.34804687,0.43989259,0.39926627,-0.90361506,-0.44779047,0.07000000,0.00549451,-0.42158997,0.23999999,-0.23999999,-0.01229746,-4.95498943,6.32856417,-0.91542172,0.48930603,0.00122106,-0.50044489,
1790,-3.33016348,-2.19058776,-2.08366942,6.00000000,0.32548827,-0.40605468,0.51216447,-0.11401892,-0.47554174,0.07000000,0.00549451,-0.44291893,0.23999999,-0.23999999,-0.01229746,-4.43139076,5.86256075,-0.11868542,0.48953104,0.00122106,-0.39984077,
1798,-2.70767093,-1.09284627,-7.06959438,6.00000000,0.33032227,-0.40927735,0.64672822,0.22616525,-0.50495207,0.07000000,0.00549451,-0.23249663,0.23999999,-0.23999999,-0.01229746,-1.17460668,1.93207943,0.22725874,0.71070015,0.00122106,-0.09813848,
1805,-0.31945476,-1.09883177,-3.25443411,5.00000000,0.34321290,-0.42216796,0.21953386,0.07713930,-0.42070177,0.07000000,0.00549451,-0.08273554,0.23999999,-0.23999999,-0.01229746,1.75405586,-1.50098312,0.08226946,0.40154025,0.00122106,0.12788537,
1814,0.51612163,-1.74766040,3.50200295,6.00000000,0.34321290,-0.43505859,-0.20134604,-0.28163549,-0.24923122,0.07000000,0.00549451,-0.10095304,0.23999999,-0.23999999,-0.01229746,4.37554026,-4.07010794,-0.27941221,0.17411032,0.00122106,0.30279672,
1822,3.56034899,3.63330793,9.32709599,6.00000000,0.34482422,-0.43989259,-0.86494905,-0.91038901,0.03643352,0.07000000,0.00549451,-0.08617841,-0.22378495,0.20996015,-0.01229746,6.44550085,-6.14704990,-0.91232628,-0.18682659,0.00122106,0.41209686,
1830,8.77851200,1.48211765,13.15422726,6.00000000,-0.30615234,0.33837891,-0.93718821,-1.99147129,0.16953407,0.07000000,0.00549451,0.01290438,-0.23999999,0.23999999,-0.01229746,5.06843615,-5.04400158,-1.98414838,-0.69287795,0.00122106,0.23281997,
1838,3.33409715,2.71872282,20.53136063,6.00000000,-0.35126954,0.41411132,-0.72680235,-2.69501400,-0.05088387,0.07000000,0.00549451,-0.57621855,-0.23999999,0.23999999,-0.01229746,2.68606162,-0.82903141,-2.66561174,-0.35411546,0.00122106,-0.06814337,
1846,-1.54049766,1.39832056,20.53136063,6.00000000,-0.34482422,0.44150391,0.57519925,-2.13195586,-0.08524673,0.07000000,0.00549451,-0.37219664,-0.23999999,0.23801278,-0.01229746,-0.19896753,1.36659288,-2.09932280,0.12711108,0.00122106,-0.22008735,
1854,0.36887825,0.76026589,14.10951328,6.00000000,-0.34965819,0.41572267,0.07671829,-1.56671643,-0.41027844,0.07000000,0.00549451,-0.41816348,-0.23999999,0.23999999,-0.01229746,-2.43822503,3.77689242,-1.55819345,-0.23906916,0.00122106,-0.35947925,
1862,-4.55958605,-1.23649836,10.62954140,6.00000000,-0.35932618,0.42539063,0.68112361,-0.76125330,-0.44661731,0.07000000,0.00549451,-0.63450354,0.23988560,-0.23999999,-0.01229746,-3.94444418,6.01789522,-0.75487638,0.42731726,0.00122106,-0.44071674,
1870,-3.02969098,-3.37811184,1.52199817,6.00000000,0.31582031,-0.40605468,0.45661098,0.00535791,-0.41292381,0.07000000,0.00549451,-0.64133668,0.23999999,-0.23999999,-0.01229746,-3.35975885,5.42622852,0.01681489,0.42648366,0.00122106,-0.33195400,
1877,-2.78308821,-2.06010365,-5.41639853,5.00000000,0.33354491,-0.40283203,0.34989235,0.35197291,-0.39240316,0.07000000,0.00549451,-0.38599223,0.23999999,-0.23999999,-0.01229746,-0.34906584,1.60570288,0.36301458,0.60187757,0.00122106,-0.03976122,
1886,-1.30107749,-0.20579453,-1.06134546,6.00000000,0.34482422,-0.42055663,-0.13864613,0.05911056,-0.37797409,0.07000000,0.00549451,-0.20320664,0.23999999,-0.23999999,-0.01229746,2.60054064,-1.94429684,0.06621659,0.35879657,0.00122106,0.17825687,
1894,0.93271273,-0.74568701,2.79930472,6.00000000,0.34321290,-0.43022460,-0.28561637,-0.34263042,-0.26382589,0.07000000,0.00549451,-0.06402238,0.22788119,-0.23826967,-0.01229746,4.94975376,-4.74555016,-0.34095880,0.09083122,0.00122106,0.34261429,
1902,2.72357559,2.58225346,8.74291039,6.00000000,0.33676758,-0.43022460,-0.57194483,-0.97625679,-0.13986948,0.07000000,0.00549451,0.12023914,-0.03959638,0.05376655,-0.01229746,6.68984699,-7.08603668,-0.95000464,-0.07142268,0.00122106,0.45226747,
1910,8.93533230,2.54993153,12.99860382,6.00000000,-0.03544922,0.06767578,-0.60522991,-2.01998401,-0.08211506,0.07000000,0.00549451,0.17164537,-0.23999999,0.23999999,-0.01229746,6.68112040,-7.21868181,-2.00929403,-0.54776603,0.00122106,0.37651008,
1918,8.45768833,1.47613215,18.10423851,6.00000000,-0.33515626,0.40927735,-0.32045472,-2.93700957,-0.14469443,0.07000000,0.00549451,-0.11542565,-0.23999999,0.23999999,-0.01229746,3.58316112,-3.22013235,-2.90325642,-0.74394619,0.00122106,0.03578818,
1926,-3.21404457,0.60224855,20.53136063,6.00000000,-0.34965819,0.42377931,0.04116613,-2.82549500,-0.22237507,0.07000000,0.00549451,-0.42389929,-0.13332392,0.07379139,-0.01229746,2.19038820,-0.81681406,-2.79766440,0.29187512,0.00122106,-0.09922779,
1934,1.01291847,-0.42606109,16.50251770,6.00000000,-0.19497070,0.14179687,0.20547222,-1.92262900,-0.36937198,0.07000000,0.00549451,-0.18291114,-0.23999999,0.23999999,-0.01229746,-0.30717796,0.89011794,-1.90199709,-0.29893571,0.00122106,-0.18877454,
1942,-0.00102593,1.84723341,5.11330080,6.00000000,-0.34482422,0.42377931,0.32468122,-1.44257987,-0.46012935,0.07000000,0.00549451,-0.38892442,-0.23999999,0.23999999,-0.01229746,-1.72263992,2.97578645,-1.45794058,-0.05396470,0.00122106,-0.28821933,
1949,-4.94864368,-2.08165145,5.62805414,5.00000000,-0.36093751,0.42700195,0.53324264,-0.90736794,-0.39127412,0.07000000,0.00549451,-0.64128375,0.23153464,-0.23999999,-0.01229746,-3.17824459,5.26042223,-0.90675443,0.42463484,0.00122106,-0.39068601,
1958,-3.13503599,-1.41007793,1.15329111,6.00000000,0.32065430,-0.39316407,0.36018261,0.08064657,-0.25509566,0.07000000,0.00549451,-0.70116889,0.23999999,-0.23999999,-0.01229746,-2.26718259,4.53785610,0.08007544,0.42904550,0.00122106,-0.25295597,
1966,-0.78752118,-2.68379331,-3.60279059,6.00000000,0.34160155,-0.41411132,0.03137869,0.28999230,-0.15812612,0.07000000,0.00549451,-0.38467342,0.23999999,-0.23999999,-0.01229746,0.65973443,0.58992130,0.30590296,0.36369994,0.00122106,0.02652259,
1974,1.45584583,-1.05813038,0.22074959,6.00000000,0.34482422,-0.41733399,-0.28026661,-0.03098248,-0.11564985,0.07000000,0.00549451,-0.16091013,0.14287749,-0.16600646,-0.01229746,3.00022078,-2.49407530,-0.02357334,0.03727016,0.00122106,0.20748228,
1982,3.30297232,-0.26924089,4.41658831,6.00000000,0.22075196,-0.30776367,-0.67680639,-0.55333149,-0.02833735,0.07000000,0.00549451,-0.00623995,-0.23999999,0.23999999,-0.01229746,4.60243368,-4.57625341,-0.55282587,-0.22536615,0.00122106,0.30929834,
1990,6.55429840,3.07067060,10.42244339,6.00000000,-0.32226563,0.39155275,-0.75976652,-1.27211809,0.05579482,0.07000000,0.00549451,0.05772154,-0.23999999,0.23999999,-0.01229746,2.84314132,-3.00196624,-1.25326419,-0.49572909,0.00122106,0.12694068,
1998,2.40993524,2.24107957,20.53136063,6.00000000,-0.35288087,0.42861328,-0.52734745,-1.67202353,0.03519212,0.07000000,0.00549451,-0.45382485,-0.23999999,0.23999999,-0.01229746,1.19555056,0.26354474,-1.65181231,-0.33122373,0.00122106,-0.08984514,
2006,3.98172855,2.06630278,20.47330093,6.00000000,-0.34321290,0.43183595,0.26641026,-0.75324869,-0.00362041,0.07000000,0.00549451,-0.34848472,-0.23999999,0.23999999,-0.01229746,-1.65457213,2.73318577,-0.73660719,-0.45135558,0.00122106,-0.22362468,
2014,1.64857900,0.37839070,15.89917946,6.00000000,-0.36093751,0.41894531,0.10743000,-0.36763072,-0.19302045,0.07000000,0.00549451,-0.53003013,-0.23999999,0.23999999,-0.01229746,-3.47145987,5.14348555,-0.36257389,-0.29819241,0.00122106,-0.35987157,
2021,-1.58957875,-1.10242307,10.73368931,5.00000000,-0.35449219,0.42216796,0.47493616,0.29900455,-0.22324888,0.07000000,0.00549451,-0.71114928,-0.03471090,-0.06171489,-0.01229746,-5.05621910,7.29722166,0.30489728,0.10148963,0.00122106,-0.44520473,
2030,-3.07398391,-0.71097106,5.05105162,6.00000000,-0.06767578,-0.08217774,0.22350715,0.95618439,-0.17566693,0.07000000,0.00549451,-0.61074042,0.23999999,-0.23999999,-0.01229746,-5.69675446,7.70039272,0.96366572,0.22047427,0.00122106,-0.43685114,
2038,-1.69372654,-1.76441979,0.36559880,6.00000000,0.33032227,-0.40283203,0.18982513,1.36565506,-0.06101999,0.07000000,0.00549451,-0.37799221,0.23999999,-0.23999999,-0.01229746,-3.79085517,4.96197081,1.38509214,0.30642474,0.00122106,-0.22846372,
2046,0.38803184,-2.48627162,-2.24048972,6.00000000,0.33676758,-0.41572267,-0.01185546,1.15789139,-0.01429623,0.07000000,0.00549451,-0.13880900,0.23999999,-0.23999999,-0.01229746,-0.70860362,1.16413450,1.18759835,0.20501089,0.00122106,0.01914679,
2054,1.99094987,-0.61400592,1.22032881,6.00000000,0.34160155,-0.43022460,-0.27708304,0.66305995,0.02530366,0.07000000,0.00549451,0.00657268,0.20933171,-0.20930760,-0.01229746,1.89193690,-1.90764487,0.67761320,-0.00633420,0.00122106,0.19595259,
2062,4.10981846,0.57112390,5.96683359,6.00000000,0.31420898,-0.36738282,-0.44067389,0.01088589,0.03352089,0.07000000,0.00549451,0.18272765,-0.10907729,0.13253263,-0.01229746,3.74547672,-4.29874611,0.01443273,-0.19823992,0.00122106,0.30504078,
2070,7.30727482,1.60901034,11.13352108,6.00000000,-0.13857421,0.22075196,-0.36696708,-0.94722235,0.03165933,0.07000000,0.00549451,0.10010484,-0.23999999,0.23999999,-0.01229746,3.39815593,-3.72104192,-0.94370395,-0.44033700,0.00122106,0.19987473,
2078,6.90983725,1.22833228,17.15254402,6.00000000,-0.33676758,0.40283203,-0.26959419,-1.76370287,0.03985075,0.07000000,0.00549451,-0.17900549,-0.23999999,0.23999999,-0.01229746,0.35081118,0.22340214,-1.75138009,-0.70843822,0.00122106,-0.13438323,
2086,-2.37846828,2.14650869,20.53136063,6.00000000,-0.35610351,0.44150391,0.06010798,-1.66197872,0.03432500,0.07000000,0.00549451,-0.37103152,-0.14271316,0.09119078,-0.01229746,-0.66671580,1.89891827,-1.64540422,0.17841887,0.00122106,-0.22316119,
2093,3.69921279,-1.22093606,16.41632652,5.00000000,-0.21108398,0.16113281,0.22329985,-0.90980524,-0.01811260,0.07000000,0.00549451,-0.15351436,-0.23999999,0.23999999,-0.01229746,-2.46615028,2.96531439,-0.89629185,-0.51361430,0.00122106,-0.27702820,
2102,0.79145485,0.69681954,7.84508514,6.00000000,-0.34804687,0.43022460,0.29593423,-0.60625601,-0.13606654,0.07000000,0.00549451,-0.28607789,-0.23999999,0.23999999,-0.01229746,-3.86590433,4.81361771,-0.61074334,-0.15677637,0.00122106,-0.37835738,
2110,-2.26354647,-0.98630428,5.59812641,6.00000000,-0.35126954,0.42700195,0.20381190,0.10794836,-0.12636235,0.07000000,0.00549451,-0.32266527,-0.11604948,0.07247785,-0.01229746,-5.73689747,6.78758526,0.10652858,0.05569078,0.00122106,-0.46994364,
2118,-1.48423386,-1.34782875,2.18998051,6.00000000,-0.16918945,0.13374023,0.03882836,0.79255611,-0.11312716,0.07000000,0.00549451,-0.45090240,-0.11647661,0.05591963,-0.01229746,-7.16283131,8.61843586,0.79780841,-0.00260690,0.00122106,-0.53816438,
2126,-1.98581910,-0.34106693,3.12611341,6.00000000,-0.18208008,0.10795899,0.06464919,1.27362013,-0.07578299,0.07000000,0.00549451,-0.20456634,0.17770590,-0.20452894,-0.01229746,-7.86794424,8.53291416,1.28232598,0.13450472,0.00122106,-0.52573740,
2134,-2.04208279,0.13298501,7.31476927,6.00000000,0.23203126,-0.34321290,-0.08275639,1.65854311,-0.05495020,0.07000000,0.00549451,0.02105445,0.23999999,-0.23999999,-0.01229746,-6.28842115,6.23780680,1.66219532,0.13131875,0.00122106,-0.35060063,
2142,2.24114394,-0.16030470,4.87507772,6.00000000,0.33837891,-0.41572267,-0.06903064,1.66804755,0.00007248,0.07000000,0.00549451,0.12357266,0.19488081,-0.17775941,-0.01229746,-3.42433596,3.03861833,1.67930901,-0.04780707,0.00122106,-0.11784939,
2150,6.06707811,-0.94919413,7.71938944,6.00000000,0.29326171,-0.31259766,-0.19041501,0.74924016,0.10456248,0.07000000,0.00549451,0.24087435,-0.23999999,0.23999999,-0.01229746,-1.16762531,0.38397244,0.75096273,-0.36929709,0.00122106,0.00010924,
2158,8.03152084,1.46056986,11.25921631,6.00000000,-0.32548827,0.40122071,-0.45620358,-0.39943311,0.21090953,0.07000000,0.00549451,0.07312763,-0.23999999,0.23999999,-0.01229746,-1.93382490,1.69471467,-0.39883018,-0.46287173,0.00122106,-0.16918021,
2165,1.66773272,0.94581652,20.53136063,5.00000000,-0.36577147,0.44472656,-0.38809451,-0.92418605,0.22588331,0.07000000,0.00549451,-0.25627983,-0.23999999,0.23999999,-0.01229746,-2.58308721,3.43480802,-0.91757095,-0.26579091,0.00122106,-0.29915097,
2174,2.91630888,1.67724514,16.40196228,6.00000000,-0.34482422,0.43989259,0.18767722,-0.22831020,0.15562291,0.07000000,0.00549451,-0.23278426,-0.23999999,0.23999999,-0.01229746,-5.02480268,5.79623842,-0.22336876,-0.45250094,0.00122106,-0.42748904,
2182,-0.30269533,1.82209432,12.50180721,6.00000000,-0.35932618,0.42861328,0.13122006,0.15054633,-0.03924079,0.07000000,0.00549451,-0.38124049,-0.23999999,0.23999999,-0.01229746,-6.75093317,7.98139048,0.14856818,-0.14749831,0.00122106,-0.55332756,
2190,-0.64626330,-1.15868676,7.60925627,6.00000000,-0.36093751,0.44150391,0.55064875,0.80369788,-0.09728280,0.07000000,0.00549451,-0.58578348,-0.13946593,0.06081055,-0.01229746,-8.45088482,10.38819981,0.80874300,0.02275208,0.00122106,-0.65411985,
2198,-2.43114066,-2.55570340,5.23779917,6.00000000,-0.21752930,0.13212891,0.27409989,1.41055477,-0.07735249,0.07000000,0.00549451,-0.44488218,0.14420700,-0.20329261,-0.01229746,-9.85412884,11.29228020,1.42791653,0.15877376,0.00122106,-0.69870329,
2206,-1.79787433,-1.24966645,3.41820598,6.00000000,0.20141602,-0.33354491,0.04306053,1.87048900,0.00668172,0.07000000,0.00549451,-0.16972168,0.23999999,-0.23999999,-0.01229746,-9.00589848,9.56440449,1.88630569,0.15042545,0.00122106,-0.56210417,
2214,-0.68576759,-0.24170755,2.26779199,6.00000000,0.33193359,-0.41411132,-0.10186628,1.88545454,0.03264082,0.07000000,0.00549451,0.10537262,0.23999999,-0.23999999,-0.01229746,-6.00916862,5.72642517,1.90592170,0.21874297,0.00122106,-0.29627019,
2222,2.92588568,-0.40451327,4.36750698,6.00000000,0.34321290,-0.40927735,-0.08078390,1.32131982,0.13984139,0.07000000,0.00549451,0.32182544,0.14776470,-0.10385442,-0.01229746,-3.15031934,2.09788561,1.33499789,-0.05507293,0.00122106,-0.09874475,
2230,5.76062059,0.57591236,7.07894039,6.00000000,0.20947266,-0.17885742,-0.27673990,0.42595884,0.19515710,0.07000000,0.00549451,0.36348140,-0.22571610,0.23999999,-0.01229746,-0.96865773,-0.21118484,0.43256450,-0.24852547,0.00122106,0.00400960,
2237,6.44655943,0.82490933,11.04014683,5.00000000,-0.30454102,0.40444335,-0.39602107,-0.43523428,0.21519580,0.07000000,0.00549451,0.11978588,-0.23999999,0.23999999,-0.01229746,-1.86052096,1.47480321,-0.43264928,-0.32828349,0.00122106,-0.15785992,
2246,2.37761354,1.63295233,20.53136063,6.00000000,-0.36093751,0.43344727,-0.26401511,-1.15691590,0.20550114,0.07000000,0.00549451,-0.22314292,-0.23999999,0.23999999,-0.01229746,-3.08399677,3.79085517,-1.14860976,-0.36111498,0.00122106,-0.34813914,
2254,2.74871469,0.34487188,17.31175804,6.00000000,-0.34160155,0.42377931,0.16276404,-0.51797730,0.13483070,0.07000000,0.00549451,-0.12705660,-0.23999999,0.23999999,-0.01229746,-5.44193649,5.86430645,-0.50665152,-0.44015104,0.00122106,-0.46601772,
2262,-1.67936134,1.58746254,14.52730179,6.00000000,-0.35771483,0.43183595,0.12693225,-0.14397588,-0.04834627,0.07000000,0.00549451,-0.11734389,-0.23999999,0.23999999,-0.01229746,-7.17155790,7.57123804,-0.14280725,-0.00431702,0.00122106,-0.57183784,
2270,-1.04370081,0.88835567,8.04739475,6.00000000,-0.36093751,0.42377931,0.38699919,0.57163149,-0.11656223,0.07000000,0.00549451,-0.31287381,-0.23999999,0.23999999,-0.01229746,-8.96750164,9.99026489,0.57044911,-0.06410436,0.00122106,-0.67717350,
2278,-2.96504760,-1.45317364,4.64283991,6.00000000,-0.36738282,0.42377931,0.39752594,1.17417049,-0.10096801,0.07000000,0.00549451,-0.38385063,0.11439818,-0.16510844,-0.01229746,-10.76868153,12.02357388,1.18218207,0.19011195,0.00122106,-0.77906924,
2286,-2.15580750,-1.47113013,2.86155415,6.00000000,0.13696289,-0.27231446,0.01699018,1.93751991,-0.03026105,0.07000000,0.00549451,-0.23172393,0.14438570,-0.17418754,-0.01229746,-10.84023952,11.59945774,1.95237374,0.08594242,0.00122106,-0.70759350,
2294,-1.05208051,-0.69900006,0.09385690,6.00000000,0.19819336,-0.30454102,-0.03710184,2.12512541,-0.00014707,0.07000000,0.00549451,0.07237925,0.23999999,-0.23999999,-0.01229746,-8.66905022,8.45088482,2.15204334,0.21550870,0.00122106,-0.49113175,
2302,1.28226614,0.43944284,2.33722401,6.00000000,0.33193359,-0.41733399,-0.03749189,1.87287855,0.06847797,0.07000000,0.00549451,0.23760408,0.23999999,-0.23999999,-0.01229746,-6.28143978,5.49953270,1.89614773,0.04623125,0.00122106,-0.30271256,
2309,2.49732351,-0.24529885,7.25252008,5.00000000,0.34643555,-0.41733399,-0.33601174,1.14984512,0.18545707,0.07000000,0.00549451,0.37200654,0.23999999,-0.19824922,-0.01229746,-3.63203025,2.42600775,1.15689754,0.05104424,0.00122106,-0.13977334,
2318,5.43620634,1.08587730,12.02176952,6.00000000,0.34643555,-0.35288087,-0.48958024,0.12248500,0.34544584,0.07000000,0.00549451,0.38549748,-0.07277309,0.12457216,-0.01229746,-0.73478359,-0.51138145,0.12235785,-0.09828120,0.00122106,-0.00158099,
2326,7.26417923,1.92743921,14.18014240,6.00000000,-0.09345703,0.19980469,-0.47939694,-1.09711909,0.37960517,0.07000000,0.00549451,0.12675214,-0.23999999,0.23999999,-0.01229746,-0.37000981,-0.03665191,-1.08979988,-0.24524111,0.00122106,-0.09561215,
2334,6.73266649,1.18523669,16.80298996,6.00000000,-0.33354491,0.41411132,-0.18211095,-1.98244488,0.29764822,0.07000000,0.00549451,-0.03033255,-0.23999999,0.23999999,-0.01229746,-2.94437051,3.02989173,-1.96842241,-0.68688560,0.00122106,-0.38043666,
2342,-3.12785339,1.88075221,20.53136063,6.00000000,-0.36093751,0.44633788,0.09190092,-2.01286077,0.10658059,0.07000000,0.00549451,-0.20777892,-0.17678355,0.14790285,-0.01229746,-3.93222690,4.60243368,-1.97221279,0.26631671,0.00122106,-0.47610119,
2350,2.77624798,-1.16706645,10.80072689,6.00000000,-0.26425782,0.27875978,0.51996160,-1.12666869,-0.00247364,0.07000000,0.00549451,-0.06420044,-0.23999999,0.23999999,-0.01229746,-6.16624784,6.35474396,-1.12900066,-0.42862451,0.00122106,-0.56487536,
2358,-2.25756097,-0.87377679,6.86944771,6.00000000,-0.35449219,0.41894531,0.37997833,-0.61180824,-0.09546783,0.07000000,0.00549451,-0.07652816,-0.23999999,0.23999999,-0.01229746,-7.63406992,7.92554045,-0.63862139,0.07605368,0.00122106,-0.64187044,
2366,-1.79667723,-1.56929243,2.71670485,6.00000000,-0.36093751,0.42539063,0.16648777,0.10786074,-0.00683062,0.07000000,0.00549451,-0.19681889,-0.23999999,0.23999999,-0.01229746,-10.04960537,10.70410442,0.09836757,0.02063172,0.00122106,-0.78475809,
2374,-2.99377799,-0.96355939,2.17082691,6.00000000,-0.35610351,0.43344727,-0.11610866,0.81690401,0.03453572,0.07000000,0.00549451,-0.49969780,-0.12442085,0.05804694,-0.01229746,-11.88743687,13.50361252,0.81922120,0.10668428,0.00122106,-0.90231460,
2381,-3.10032010,0.20959947,5.12886286,5.00000000,-0.19013672,0.10957031,-0.04061172,1.48127127,0.08281577,0.07000000,0.00549451,-0.37988260,0.00366691,-0.05335420,-0.01229746,-13.09695148,14.37976837,1.48628211,0.11995871,0.00122106,-0.93134749,
2390,-1.83139312,1.24868298,7.77086449,6.00000000,-0.00161133,-0.06928711,-0.15177572,2.00406432,0.07961571,0.07000000,0.00549451,0.01820412,0.10677761,-0.10223949,-0.01229746,-13.03586483,12.97128677,2.00402856,0.08067942,0.00122106,-0.83659911,
2398,-2.24918127,-0.35303792,12.60595512,6.00000000,0.14340821,-0.16757813,-0.19575186,2.35067511,0.12990971,0.07000000,0.00549451,0.25683850,0.23999999,-0.23999999,-0.01229746,-11.09331226,10.28173447,2.34094405,0.26528326,0.00122106,-0.63504457,
2406,4.04996347,2.71752572,10.04775047,6.00000000,0.35288087,-0.40766603,-0.13246852,2.17932558,0.24213357,0.07000000,0.00549451,0.01788044,-0.11368334,0.11743428,-0.01229746,-8.31823921,8.26064301,2.18726897,-0.21910760,0.00122106,-0.46700770,
2414,6.15566397,-2.58323693,10.02740002,6.00000000,-0.15791015,0.19819336,-0.01576150,1.15037954,0.31885496,0.07000000,0.00549451,0.16592628,-0.23999999,0.23999999,-0.01229746,-7.96742821,7.44033861,1.14392793,-0.41941440,0.00122106,-0.49843028,
2422,2.42190623,0.73752093,15.85249233,6.00000000,-0.35126954,0.42377931,-0.26828671,0.52758694,0.41020095,0.07000000,0.00549451,-0.03420362,-0.23999999,0.23999999,-0.01229746,-9.34972858,9.48411942,0.52005720,-0.22280404,0.00122106,-0.67960507,
2430,-2.69929123,0.73991513,19.52759171,6.00000000,-0.34965819,0.42539063,-0.14474088,0.88843125,0.39039686,0.07000000,0.00549451,0.00486319,-0.08593503,0.08799446,-0.01229746,-10.97113895,10.99557400,0.90589917,0.05634674,0.00122106,-0.76817560,
2438,1.19846916,2.09144211,10.90726852,6.00000000,-0.13051757,0.16757813,-0.04098939,1.45474112,0.25657925,0.07000000,0.00549451,-0.03746055,-0.23999999,0.23999999,-0.01229746,-12.26268291,12.39532852,1.45491028,-0.33804649,0.00122106,-0.82828480,
2446,-1.41959047,-0.10164675,5.91655540,6.00000000,-0.34482422,0.43666992,0.50677776,1.78622651,0.13423018,0.07000000,0.00549451,0.13498478,-0.00661016,0.02712622,-0.01229746,-14.00277615,13.56818962,1.79833877,0.04273713,0.00122106,-0.91418523,
2453,-3.74436021,-1.42923164,6.23259020,5.00000000,-0.03867187,0.06123047,0.26067644,2.20744896,0.01786987,0.07000000,0.00549451,-0.00609779,0.16756567,-0.16605368,-0.01229746,-14.26108456,14.28202915,2.21205783,0.12641554,0.00122106,-0.91959530,
2462,-1.22805429,-2.72928309,1.42144179,6.00000000,0.23041992,-0.27875978,0.36683518,2.84565282,0.12556256,0.07000000,0.00549451,-0.02395485,0.23999999,-0.23999999,-0.01229746,-12.49306679,12.55066204,2.87325525,0.10295845,0.00122106,-0.73740077,
2470,-0.87969798,-2.45993543,2.37193990,6.00000000,0.34321290,-0.41249999,-0.10665283,2.54247046,0.15445556,0.07000000,0.00549451,0.23752299,0.23999999,-0.23999999,-0.01229746,-9.93615913,9.22232056,2.56829238,0.22494633,0.00122106,-0.53713328,
2478,2.23874974,-1.67583442,5.57059336,6.00000000,0.33837891,-0.40122071,-0.18994486,2.03708839,0.20590392,0.07000000,0.00549451,0.53618902,0.23999999,-0.23999999,-0.01229746,-6.95164633,5.23249674,2.04773140,0.05484860,0.00122106,-0.31082118,
2486,2.35008025,1.26304817,9.43244076,6.00000000,0.34482422,-0.41733399,-0.20179360,1.29417300,0.20085587,0.07000000,0.00549451,0.75164926,0.23999999,-0.23999999,-0.01229746,-4.45058966,2.03854465,1.30160570,0.08848235,0.00122106,-0.14847408,
2494,4.78618050,0.76026589,13.34576321,6.00000000,0.34965819,-0.43344727,-0.22296925,0.25989529,0.17994590,0.07000000,0.00549451,0.87158298,0.07621820,0.04190822,-0.01229746,-2.11708450,-0.68765974,0.25884032,-0.01910827,0.00122106,-0.03984625,
2502,6.14249563,-0.08847864,16.49892616,6.00000000,0.11601563,0.04995117,-0.00682978,-0.91278124,0.21569341,0.07000000,0.00549451,0.44802919,-0.23999999,0.23999999,-0.01229746,-1.01752698,-0.42062435,-0.91294861,-0.19972493,0.00122106,-0.08824556,
2510,5.78216839,-0.35782632,16.14697838,6.00000000,-0.33193359,0.40122071,-0.05189011,-1.95351577,0.25693280,0.07000000,0.00549451,-0.20015892,-0.23999999,0.23999999,-0.01229746,-2.63719249,3.30739903,-1.94470763,-0.42923206,0.00122106,-0.37718543,
2518,-0.75998789,0.24670960,20.53136063,6.00000000,-0.35932618,0.42861328,0.00071819,-2.44276714,0.20774527,0.07000000,0.00549451,-0.03684458,-0.23999999,0.23999999,-0.01229746,-5.34594345,5.44368172,-2.41445112,-0.10860333,0.00122106,-0.59613746,
2525,-2.54366803,0.43465441,15.55321693,5.00000000,-0.35932618,0.42377931,-0.15005867,-1.65104687,-0.02413663,0.07000000,0.00549451,-0.08062015,-0.23999999,0.23999999,-0.01229746,-7.26929617,7.50666142,-1.61098647,0.02940057,0.00122106,-0.68727607,
2534,-3.45107055,1.36001337,6.66953182,6.00000000,-0.34965819,0.42055663,0.62548167,-0.91902584,-0.13453490,0.07000000,0.00549451,-0.15713657,-0.23999999,0.23999999,-0.01229746,-9.49808216,9.96233940,-0.93507725,0.17767654,0.00122106,-0.81230950,
2542,-3.44747925,-1.82786620,0.58347118,6.00000000,-0.34321290,0.41894531,0.57674605,-0.04808385,-0.19024064,0.07000000,0.00549451,-0.25282997,-0.00981149,-0.02331513,-0.01229746,-11.61691093,12.43547058,-0.05689412,0.29274642,0.00122106,-0.92189193,
2550,-3.26671696,-1.39092433,1.22392011,6.00000000,-0.02739258,-0.01933594,0.40352926,0.69350475,-0.13333069,0.07000000,0.00549451,-0.41924661,0.13777906,-0.19317293,-0.01229746,-12.33598709,13.70257950,0.69615668,0.32023162,0.00122106,-0.94004226,
2558,-3.75752831,-1.66386342,0.84084785,6.00000000,0.17402343,-0.31743163,0.11174233,1.19727170,-0.07040802,0.07000000,0.00549451,-0.14263061,0.23999999,-0.23999999,-0.01229746,-10.89085484,11.32195091,1.21046805,0.47451717,0.00122106,-0.75219584,
2566,-2.08517861,0.49331236,3.65164065,6.00000000,0.33515626,-0.41894531,-0.14754787,1.30958033,0.06973075,0.07000000,0.00549451,0.06501921,0.23999999,-0.23999999,-0.01229746,-7.84525490,7.57472897,1.31868804,0.40878567,0.00122106,-0.48995000,
2574,1.28106904,0.00848653,6.20505667,6.00000000,0.34804687,-0.41894531,-0.42920348,0.91630155,0.32210252,0.07000000,0.00549451,0.09688859,0.23999999,-0.23682718,-0.01229746,-4.76300335,4.46629763,0.92407376,0.14085242,0.00122106,-0.28583017,
2582,2.98214936,1.75505662,12.00501060,6.00000000,0.34160155,-0.42216796,-0.74723220,0.07609801,0.47848129,0.07000000,0.00549451,0.14637659,0.00764663,0.01186955,-0.01229746,-2.04727125,1.60744822,0.07565093,0.01930922,0.00122106,-0.13284537,
2590,5.72351027,1.64731765,16.18648338,6.00000000,0.02578125,0.00322266,-0.57503408,-0.91635996,0.56266469,0.07000000,0.00549451,0.13984641,-0.23999999,0.23999999,-0.01229746,-1.07512283,0.64053583,-0.91430420,-0.21405183,0.00122106,-0.13424663,
2597,5.48887873,1.79934943,19.87594795,5.00000000,-0.32387695,0.39960939,-0.25564879,-1.83380008,0.46738216,0.07000000,0.00549451,0.01140264,-0.23999999,0.23999999,-0.01229746,-3.25329351,3.19220710,-1.81582165,-0.42690820,0.00122106,-0.38269752,
2606,-0.46789527,0.33529505,20.53136063,6.00000000,-0.34643555,0.43022460,-0.03143008,-2.19342232,0.29905596,0.07000000,0.00549451,0.31608441,-0.23999999,0.23999999,-0.01229746,-5.74911451,4.77522087,-2.19045615,-0.10426977,0.00122106,-0.56743789,
2614,1.37683713,2.08425951,13.76953697,6.00000000,-0.35449219,0.42539063,0.31673661,-1.33685410,0.04414106,0.07000000,0.00549451,0.19879793,-0.23999999,0.23999999,-0.01229746,-8.31474876,7.66548634,-1.31803513,-0.42232564,0.00122106,-0.70932466,
2622,-4.60747004,-0.46676251,9.52461720,6.00000000,-0.34321290,0.42377931,0.67495239,-0.70663041,-0.12862474,0.07000000,0.00549451,0.25726032,-0.23999999,0.23999999,-0.01229746,-10.37249184,9.51902580,-0.70963389,0.05523995,0.00122106,-0.80909425,
2630,-1.95828581,-2.34261966,0.40630022,6.00000000,-0.35449219,0.41572267,0.59511203,0.09919063,-0.12508139,0.07000000,0.00549451,0.02051222,-0.23999999,0.23999999,-0.01229746,-12.63443851,12.53670025,0.08425677,-0.12724762,0.00122106,-0.95067734,
2638,-4.16214848,-2.35459065,0.07949169,6.00000000,-0.36254883,0.41733399,0.33150923,0.79441023,-0.08341528,0.07000000,0.00549451,-0.25061956,-0.06805122,0.03598997,-0.01229746,-14.58920765,15.41474819,0.79335088,0.19690064,0.00122106,-1.08688915,
2646,-4.26988745,-1.56570113,0.85401595,6.00000000,-0.11279297,0.06767578,0.13181353,1.54757512,-0.00988953,0.07000000,0.00549451,-0.28919348,0.23999999,-0.23999999,-0.01229746,-15.69225502,16.63822365,1.55918622,0.33526003,0.00122106,-1.11233675,
2654,-2.52212024,-0.63196242,2.38031960,6.00000000,0.33354491,-0.40766603,-0.04297174,2.09551549,0.04909705,0.07000000,0.00549451,0.00517038,0.23999999,-0.23999999,-0.01229746,-13.93470955,13.93470955,2.11100531,0.28436178,0.00122106,-0.90083009,
2662,-3.45466185,1.18284249,6.39898729,6.00000000,0.32871094,-0.42216796,-0.29833892,2.25663352,0.16681123,0.07000000,0.00549451,0.11998492,0.23999999,-0.23999999,-0.01229746,-9.84365654,9.41430664,2.26611185,0.59496188,0.00122106,-0.56062233,
2669,0.70286936,1.04397881,8.81593323,5.00000000,0.34160155,-0.41733399,-0.42306900,1.92578316,0.34584209,0.07000000,0.00549451,0.26776332,0.23999999,-0.23999999,-0.01229746,-7.18202972,6.33205414,1.93380082,0.21210438,0.00122106,-0.36824983,
2678,1.77666879,-0.02982070,13.36252308,6.00000000,0.34804687,-0.42861328,-0.62259018,1.04692423,0.42093068,0.07000000,0.00549451,0.43085694,0.23999999,-0.23999999,-0.01229746,-4.51167631,3.13112068,1.03741097,0.20753095,0.00122106,-0.21482706,
2686,4.56591368,1.53000176,16.46061897,6.00000000,0.35610351,-0.42539063,-0.35584444,-0.00286577,0.46350664,0.07000000,0.00549451,0.65695190,-0.06269924,0.15159331,-0.01229746,-2.29510808,0.16580628,-0.00456667,-0.06090167,0.00122106,-0.08921961,
2694,6.47648668,-0.39014804,17.83608818,6.00000000,-0.08217774,0.24331054,0.01067297,-1.16728079,0.31477016,0.07000000,0.00549451,0.40680352,-0.23999999,0.23999999,-0.01229746,-1.90066361,0.59166664,-1.16722023,-0.27018502,0.00122106,-0.18548769,
2702,4.16847610,-2.43838763,19.01283836,6.00000000,-0.33193359,0.42055663,0.12841940,-1.93937683,0.26403472,0.07000000,0.00549451,0.13161159,-0.23999999,0.23999999,-0.01229746,-4.53611040,4.09279728,-1.93166614,-0.47049308,0.00122106,-0.47207254,
2710,-4.62063789,-0.29318288,20.53136063,6.00000000,-0.34804687,0.43505859,-0.13036989,-1.85946870,0.15917808,0.07000000,0.00549451,0.15059340,-0.10203409,0.12230033,-0.01229746,-6.36696100,5.86430645,-1.83547163,0.32713073,0.00122106,-0.60665530,
2718,-0.94314432,0.73153543,8.83149624,6.00000000,-0.16435547,0.21108398,0.25466311,-1.02590394,0.17269088,0.07000000,0.00549451,0.00870161,-0.23999999,0.23999999,-0.01229746,-7.83303738,7.82954693,-1.03015041,-0.16327813,0.00122106,-0.67564446,
2726,-3.47022414,-1.70097351,1.07188833,6.00000000,-0.33515626,0.43505859,0.51679713,-0.54886454,0.02848493,0.07000000,0.00549451,0.05712456,-0.13859296,0.14715287,-0.01229746,-9.96932125,9.76686192,-0.54689866,0.20451275,0.00122106,-0.79453760,
2734,-4.38600636,-1.49626923,-0.25090814,6.00000000,-0.20463867,0.26748046,0.29514360,0.01642256,-0.01991052,0.07000000,0.00549451,-0.10945717,0.04304451,-0.05669728,-0.01229746,-11.53313541,11.88569260,-0.00939298,0.30853096,0.00122106,-0.89169806,
2741,-4.50571632,-2.07087755,0.52241904,5.00000000,0.05478515,-0.07089844,0.49117279,0.67871070,-0.04099656,0.07000000,0.00549451,-0.25355574,0.23999999,-0.23999999,-0.01229746,-11.11076546,11.93805218,0.68009204,0.48162851,0.00122106,-0.82705396,
2750,-3.50613713,-0.61879432,1.72789955,6.00000000,0.32709962,-0.39799803,0.10275266,1.09784353,0.06515011,0.07000000,0.00549451,-0.09713947,0.23999999,-0.23999999,-0.01229746,-8.24493504,8.57829285,1.10641468,0.53128976,0.00122106,-0.55574507,
2758,-1.02933550,0.17009515,4.15442276,6.00000000,0.34804687,-0.41894531,-0.19777596,1.16931140,0.23042776,0.07000000,0.00549451,0.10183217,0.23999999,-0.23999999,-0.01229746,-5.13824940,4.89739418,1.17912424,0.36469465,0.00122106,-0.29002380,
2766,2.35845995,0.19044586,9.00148392,6.00000000,0.34482422,-0.42539063,-0.72305387,0.58647376,0.43584141,0.07000000,0.00549451,0.17965132,0.17592700,-0.15171596,-0.01229746,-2.17991614,1.65457213,0.58941883,0.06555447,0.00122106,-0.10013618,
2774,3.53760409,1.67125964,12.86692333,6.00000000,0.25297850,-0.27392578,-0.76121199,-0.20522438,0.52886814,0.07000000,0.00549451,0.23119913,0.04076231,-0.01011366,-0.01229746,-0.22514747,-0.53232545,-0.20402658,0.03352249,0.00122106,-0.00529227,
2782,3.69562149,2.56669116,17.84446907,6.00000000,0.06767578,-0.03867187,-0.50419408,-1.10149944,0.36540279,0.07000000,0.00549451,0.21087834,-0.23999999,0.23999999,-0.01229746,-0.13264503,-0.55501467,-1.09290957,-0.05365339,0.00122106,-0.06677098,
2790,4.17685604,-0.18185250,19.91784668,6.00000000,-0.33032227,0.40122071,0.03504462,-1.81737399,0.15486884,0.07000000,0.00549451,0.11786807,-0.23999999,0.23999999,-0.01229746,-2.38411975,2.00363803,-1.80063391,-0.36590096,0.00122106,-0.30354697,
2798,-1.48543096,-0.53619438,20.53136063,6.00000000,-0.35610351,0.43344727,0.20508927,-2.05484223,-0.06466971,0.07000000,0.00549451,0.27818781,-0.23999999,0.23999999,-0.01229746,-4.85550642,3.91128302,-2.02895808,-0.07226416,0.00122106,-0.48515716,
2806,-0.64027780,-0.78519136,13.35773468,6.00000000,-0.35771483,0.42861328,0.46674913,-1.27211249,-0.25374269,0.07000000,0.00549451,0.15241989,-0.23999999,0.23999999,-0.01229746,-7.20297384,6.72300863,-1.26521063,-0.30738586,0.00122106,-0.62898362,
2813,-4.12024975,-1.35620844,6.81078959,5.00000000,-0.34643555,0.41572267,0.57916266,-0.62944001,-0.29015025,0.07000000,0.00549451,0.04228772,-0.23999999,0.23999999,-0.01229746,-9.03557014,8.88372612,-0.63795000,0.04592681,0.00122106,-0.73176140,
2822,-2.76872301,-3.50739861,-0.19344731,6.00000000,-0.34482422,0.41733399,0.41186497,0.20048158,-0.23378009,0.07000000,0.00549451,-0.23204064,-0.23308146,0.20277201,-0.01229746,-11.21024990,11.96074104,0.16439956,0.08573768,0.00122106,-0.87001020,
2830,-3.75273991,-1.75364590,-1.32351053,6.00000000,-0.34160155,0.36577147,0.32261881,0.93077767,-0.19685706,0.07000000,0.00549451,-0.39245600,0.12387609,-0.17535764,-0.01229746,-13.53851891,14.78817463,0.93621576,0.30064887,0.00122106,-1.00852180,
2838,-4.60507584,0.56154710,1.56748807,6.00000000,0.15629883,-0.29165038,0.21151718,1.67319131,-0.13653582,0.07000000,0.00549451,-0.24596411,0.23999999,-0.23999999,-0.01229746,-13.55073643,14.33962440,1.68050456,0.43862811,0.00122106,-0.93453437,
2846,-2.64422464,0.30297333,1.40587938,6.00000000,0.32871094,-0.39477539,0.02620021,1.91627395,-0.07158508,0.07000000,0.00549451,0.16505513,0.23999999,-0.23999999,-0.01229746,-10.75471878,10.17352486,1.93428409,0.47761804,0.00122106,-0.64727640,
2854,-4.29622364,1.15770340,7.33272552,6.00000000,0.32548827,-0.43183595,-0.55213600,2.08451557,0.06806266,0.07000000,0.00549451,0.02358361,0.23999999,-0.23999999,-0.01229746,-6.77885866,6.71253633,2.09046578,0.76802719,0.00122106,-0.34711450,
2862,-0.09080849,2.42184186,11.61236095,6.00000000,0.34482422,-0.42539063,-0.31804916,1.58022261,0.38428810,0.07000000,0.00549451,0.23703104,0.23999999,-0.23999999,-0.01229746,-3.97935081,3.22013235,1.58108068,0.19312751,0.00122106,-0.15457977,
2870,2.30219603,0.90631217,14.83375931,6.00000000,0.34965819,-0.42539063,-0.54184914,0.66720724,0.33418769,0.07000000,0.00549451,0.52483988,0.23999999,-0.23999999,-0.01229746,-1.61792016,-0.08726646,0.65837133,0.12946796,0.00122106,-0.01541711,
2878,4.03080988,0.20481107,16.45583153,6.00000000,0.35932618,-0.42216796,-0.28709015,-0.29204547,0.22020316,0.07000000,0.00549451,0.75247431,0.06856012,0.03278365,-0.01229746,0.34732053,-2.78030944,-0.29660153,0.00668140,0.00122106,0.09790981,
2885,3.39634633,-0.02024389,17.39076614,5.00000000,0.11440430,0.02739258,-0.00569584,-1.13927472,0.06690452,0.07000000,0.00549451,0.86255020,-0.16200230,0.23999999,-0.01229746,0.46251225,-3.23409510,-1.13644350,-0.04700099,0.00122106,0.05152110,
2894,3.82610559,-1.84821689,16.93107986,6.00000000,-0.21752930,0.40766603,0.13519576,-1.99900401,-0.10070090,0.07000000,0.00549451,0.31944764,-0.23999999,0.23999999,-0.01229746,-1.50447381,0.48171088,-1.99764526,-0.29208487,0.00122106,-0.22606690,
2902,-1.88406551,-2.27318764,18.93023872,6.00000000,-0.35449219,0.42700195,0.26769453,-2.21447396,-0.15710618,0.07000000,0.00549451,0.13642181,-0.23999999,0.23999999,-0.01229746,-3.79434562,3.36324930,-2.19534016,-0.12044539,0.00122106,-0.44257140,
2910,-4.83132792,-0.71097106,12.85255814,6.00000000,-0.34965819,0.42377931,0.19770874,-1.33438587,-0.26528418,0.07000000,0.00549451,0.01455814,-0.17769866,0.17952961,-0.01229746,-5.78925753,5.73689747,-1.32606971,0.19429491,0.00122106,-0.53927577,
2918,-2.91117811,-1.44718814,4.87747192,6.00000000,-0.26748046,0.31259766,0.41666111,-0.67719007,-0.26969734,0.07000000,0.00549451,-0.15925112,-0.23999999,0.22825944,-0.01229746,-7.47699022,8.01106167,-0.66894060,0.10097139,0.00122106,-0.64006543,
2926,-4.40276575,-1.84582269,0.05914098,6.00000000,-0.34804687,0.39799803,0.48000619,0.08891972,-0.26620451,0.07000000,0.00549451,-0.38863099,0.23864514,-0.23999999,-0.01229746,-9.01288033,10.28697109,0.08325207,0.40142292,0.00122106,-0.72939503,
2934,-3.59113145,-0.40211907,-0.03542999,6.00000000,0.32387695,-0.40766603,0.46057019,0.86821860,-0.23199561,0.07000000,0.00549451,-0.36498564,0.23999999,-0.23999999,-0.01229746,-8.60621834,9.78257084,0.87073308,0.46859831,0.00122106,-0.63366067,
2942,-3.24995756,-0.28121188,-3.06888366,6.00000000,0.33515626,-0.40766603,0.31385523,1.08489847,-0.21136190,0.07000000,0.00549451,-0.03971007,0.23999999,-0.23999999,-0.01229746,-5.20457220,5.35641527,1.10107768,0.66947365,0.00122106,-0.31855592,
2950,-1.85413802,0.82371223,0.95337534,6.00000000,0.33032227,-0.41411132,-0.23358352,1.09222126,-0.02059019,0.07000000,0.00549451,-0.04164457,0.23999999,-0.23999999,-0.01229746,-1.91113555,2.08043242,1.06759238,0.51045233,0.00122106,-0.07042563,
2957,0.62864912,0.89194697,9.05894470,5.00000000,0.34804687,-0.42700195,-0.62450969,0.57599634,0.22814752,0.07000000,0.00549451,0.00852260,0.23999999,-0.23999999,-0.01229746,0.76794487,-0.73129296,0.56308776,0.15746489,0.00122106,0.10082459,
2966,3.55795479,1.62576973,15.61546612,6.00000000,0.36416015,-0.42700195,-0.80284655,-0.25456446,0.34056222,0.07000000,0.00549451,0.14404705,-0.06267657,0.08097875,-0.01229746,2.63719249,-3.05432630,-0.25750488,-0.09504102,0.00122106,0.19830403,
2974,4.20558643,3.51479483,18.88594627,6.00000000,-0.07734375,0.12407227,-0.49191213,-1.21734154,0.25176454,0.07000000,0.00549451,0.19066156,-0.17206003,0.19648212,-0.01229746,2.25322008,-2.86583066,-1.20817637,-0.02827448,0.00122106,0.10271705,
2982,2.83131480,0.67048329,20.53136063,6.00000000,-0.23364258,0.33515626,-0.04511964,-1.81730640,0.09197368,0.07000000,0.00549451,0.12426861,-0.23999999,0.23999999,-0.01229746,-0.89535391,0.49741885,-1.79878950,-0.32781151,0.00122106,-0.19649318,
2990,-0.74562263,0.69203109,20.53136063,6.00000000,-0.34643555,0.42055663,0.22046506,-2.06699276,-0.07715610,0.07000000,0.00549451,0.17575045,-0.23999999,0.23999999,-0.01229746,-2.94786096,2.36492109,-2.03871942,-0.09295152,0.00122106,-0.36048633,
2998,-1.86251771,-0.81033045,14.55603218,6.00000000,-0.35449219,0.43183595,0.49812353,-1.33842039,-0.33792350,0.07000000,0.00549451,0.11472788,-0.23999999,0.23999999,-0.01229746,-5.31801844,4.97069740,-1.32719064,-0.16959329,0.00122106,-0.49563137,
3006,-4.53684092,0.68724269,5.27371216,6.00000000,-0.34804687,0.43022460,0.67812932,-0.58690125,-0.40150940,0.07000000,0.00549451,0.02391852,-0.18748185,0.19109076,-0.01229746,-7.49269819,7.43510246,-0.59519696,0.11909001,0.00122106,-0.61264014,
3014,-3.55162716,-2.84061360,-0.63876879,6.00000000,-0.28037110,0.33515626,0.53166902,0.23469940,-0.37996894,0.07000000,0.00549451,-0.19274552,-0.01279739,-0.01249203,-0.01229746,-9.30086040,9.99201012,0.17675048,0.19480017,0.00122106,-0.72054780,
3022,-4.05440950,-1.99186897,-3.07008076,6.00000000,-0.01611328,-0.01289062,0.50342834,0.94622147,-0.25290528,0.07000000,0.00549451,-0.28501359,0.23999999,-0.23999999,-0.01229746,-10.00073624,10.91005230,0.95177919,0.43595660,0.00122106,-0.72516716,
3029,-4.74633360,-0.14833368,-2.35541153,5.00000000,0.31743163,-0.39960939,0.21906954,1.34164035,-0.26230067,0.07000000,0.00549451,-0.13135292,0.23999999,-0.23999999,-0.01229746,-8.22922707,8.66730499,1.35569847,0.65219563,0.00122106,-0.53939104,
3038,-1.93554091,-0.76484060,1.27180409,6.00000000,0.33676758,-0.41733399,0.06605861,1.56087983,-0.10550061,0.07000000,0.00549451,0.02312646,0.23999999,-0.23999999,-0.01229746,-4.25511265,4.12595844,1.57715070,0.50929534,0.00122106,-0.19931489,
3046,-0.57324016,-0.68104357,6.66354656,6.00000000,0.35126954,-0.41894531,-0.56654042,1.30531120,0.13037285,0.07000000,0.00549451,-0.04205388,0.23999999,-0.23999999,-0.01229746,-1.16064394,1.28281701,1.31243801,0.33204764,0.00122106,0.00642574,
3054,3.20121884,0.55795580,12.99501324,6.00000000,0.36254883,-0.42700195,-0.96580923,0.60697955,0.38853595,0.07000000,0.00549451,0.12590538,0.02360968,-0.00726367,-0.01229746,0.88488197,-1.40324473,0.51398546,-0.10540378,0.00122106,0.12870938,
3062,4.45338631,2.37635207,18.60821915,6.00000000,0.05800781,-0.02900391,-0.82256329,-0.38640702,0.35158783,0.07000000,0.00549451,0.39661330,-0.00907565,0.06199009,-0.01229746,0.67544246,-1.95476878,-0.38914591,-0.01168795,0.00122106,0.07004667,
3070,1.59111822,2.11777830,20.53136063,6.00000000,0.00161133,0.09506836,-0.29163486,-1.04053426,0.09252577,0.07000000,0.00549451,0.22863859,-0.18016939,0.21024296,-0.01229746,-0.34906584,-0.39618975,-1.02571774,-0.00274454,0.00122106,-0.07409623,
3078,1.43070674,-1.55732143,20.53136063,6.00000000,-0.24008790,0.36093751,0.38743341,-1.40140963,-0.01267482,0.07000000,0.00549451,0.17218173,-0.23999999,0.23999999,-0.01229746,-2.43298888,1.86750233,-1.38909256,-0.27721119,0.00122106,-0.26736665,
3086,-2.83216953,-0.89053619,20.53136063,6.00000000,-0.35126954,0.42539063,0.37273630,-1.32715261,-0.25552836,0.07000000,0.00549451,0.03993443,-0.23999999,0.23999999,-0.01229746,-4.00029469,3.84845090,-1.30827856,0.02541065,0.00122106,-0.39660114,
3094,-2.11151481,-1.97032118,9.21815968,6.00000000,-0.35610351,0.43022460,0.68799043,-0.55316579,-0.37143067,0.07000000,0.00549451,-0.04600046,-0.23999999,0.23999999,-0.01229746,-6.31111050,6.49786043,-0.55659622,-0.06554708,0.00122106,-0.53027487,
3101,-5.25749588,-2.69217300,2.02238631,5.00000000,-0.34643555,0.42216796,0.59002531,0.18702953,-0.38974705,0.07000000,0.00549451,-0.27568817,0.21388608,-0.23999999,-0.01229746,-7.99884367,8.85754585,0.13729256,0.33980173,0.00122106,-0.63043594,
3110,-3.76830220,-2.26361084,-1.96276236,6.00000000,0.28520507,-0.39960939,0.58478743,1.09284818,-0.31066063,0.07000000,0.00549451,-0.30114993,0.23999999,-0.23999999,-0.01229746,-7.49269819,8.46310139,1.09967041,0.47231549,0.00122106,-0.52448529,
3118,-1.87329161,-1.60400832,-7.08994532,6.00000000,0.32871094,-0.41249999,0.50559801,1.26334178,-0.22727478,0.07000000,0.00549451,-0.03406297,0.23999999,-0.23999999,-0.01229746,-4.33714342,4.40172052,1.29144752,0.59428978,0.00122106,-0.23162037,
3126,-2.09954381,1.16608310,-0.90213102,6.00000000,0.34804687,-0.42861328,0.17660803,1.17323506,-0.15269144,0.07000000,0.00549451,0.00102755,0.23999999,-0.23999999,-0.01229746,-1.01054561,1.05592418,1.21685171,0.54176974,0.00122106,0.01553130,
3134,-0.09320269,-1.07488978,6.14280748,6.00000000,0.34965819,-0.43828124,-0.48846325,0.88558143,0.17024575,0.07000000,0.00549451,0.01880010,0.23999999,-0.23999999,-0.01229746,1.55334306,-1.61268425,0.89202857,0.26702917,0.00122106,0.18677881,
3142,2.30459023,1.25706267,13.22126484,6.00000000,0.34965819,-0.42377931,-1.07575583,0.28188756,0.36023948,0.07000000,0.00549451,0.07841571,0.23999999,-0.23721939,-0.01229746,3.28121901,-3.60061431,0.27839941,0.03883591,0.00122106,0.28431886,
3150,3.55316639,3.26340365,18.24789047,6.00000000,0.36093751,-0.41894531,-1.08421242,-0.75057620,0.39507577,0.07000000,0.00549451,0.41271573,0.08968703,-0.03530475,-0.01229746,4.24464083,-5.55538273,-0.75006485,0.02542689,0.00122106,0.31840459,
3158,5.08665276,4.24502659,19.12775993,6.00000000,0.15952149,-0.06123047,-0.35452127,-1.83635640,0.09322887,0.07000000,0.00549451,0.84001899,-0.19799143,0.23999999,-0.01229746,3.91826415,-6.65319538,-1.80953836,-0.05505864,0.00122106,0.26231289,
3166,1.08354747,-1.18622017,20.53136063,6.00000000,-0.26909178,0.40605468,0.19703363,-2.43934035,-0.29336292,0.07000000,0.00549451,0.65756059,-0.23999999,0.23999999,-0.01229746,1.74707460,-3.90255642,-2.41652489,-0.15399720,0.00122106,0.02428208,
3173,-1.71048594,-2.65386581,20.53136063,5.00000000,-0.35288087,0.41572267,0.69672674,-2.58202171,-0.33438766,0.07000000,0.00549451,0.16113430,-0.23999999,0.23999999,-0.01229746,-0.03316126,-0.50265479,-2.55878544,-0.45039850,0.00122106,-0.17392811,
3182,-1.98222780,-4.93194866,11.88170910,6.00000000,-0.35449219,0.43183595,0.68835306,-1.60207713,-0.43016154,0.07000000,0.00549451,-0.07619731,-0.23999999,0.23999999,-0.01229746,-2.50454736,2.76460147,-1.60503542,-0.22271314,0.00122106,-0.32605577,
3190,-5.20482349,-3.80547667,3.97126651,6.00000000,-0.36254883,0.41894531,0.38490447,-0.86371845,-0.42390436,0.07000000,0.00549451,-0.36049539,0.05709332,-0.10635124,-0.01229746,-4.33190727,5.41226625,-0.90304530,0.29925793,0.00122106,-0.43998042,
3198,-5.55317974,-1.55373013,-1.04698026,6.00000000,0.06445312,-0.17402343,0.35571331,0.16910358,-0.29290426,0.07000000,0.00549451,-0.41968587,0.23999999,-0.23999999,-0.01229746,-4.70715332,6.06501913,0.16305017,0.56957293,0.00122106,-0.39834541,
3206,-3.25354886,1.23192358,-5.62110233,6.00000000,0.33837891,-0.41249999,0.36700702,0.65063649,-0.21268301,0.07000000,0.00549451,-0.21154343,0.23999999,-0.23999999,-0.01229746,-2.50978351,3.20442462,0.65030766,0.69826865,0.00122106,-0.16459274,
3214,-1.97743940,2.56190252,-1.81312478,6.00000000,0.34804687,-0.41733399,0.29315683,0.59738517,-0.18654443,0.07000000,0.00549451,-0.01624528,0.23999999,-0.23999999,-0.01229746,0.72605693,-0.69813168,0.60384583,0.59840429,0.00122106,0.10020310,
3222,-1.20650649,-0.63076532,4.39144897,6.00000000,0.34160155,-0.43183595,-0.14031515,0.38337326,0.05586471,0.07000000,0.00549451,-0.07314716,0.23999999,-0.23999999,-0.01229746,3.22362304,-2.99498510,0.41824082,0.38832957,0.00122106,0.26990691,
3230,3.88955188,0.18446036,9.32709599,6.00000000,0.34965819,-0.43666992,-0.78877896,-0.11079470,0.40981910,0.07000000,0.00549451,-0.13065898,-0.11487815,0.09543698,-0.01229746,5.40528488,-4.90786600,-0.10998216,-0.19579974,0.00122106,0.38197219,
3238,3.04559565,1.51204515,15.79263783,6.00000000,-0.14663085,0.14985351,-1.03768826,-0.84238005,0.47008270,0.07000000,0.00549451,-0.09247801,-0.20641209,0.19205345,-0.01229746,4.72460651,-4.42091894,-0.84268928,-0.14138791,0.00122106,0.28205049,
3245,1.28466034,4.24382925,20.53136063,5.00000000,-0.28842774,0.32387695,-0.93569845,-1.53146601,0.36745253,0.07000000,0.00549451,-0.42003733,-0.23999999,0.23999999,-0.01229746,3.04385400,-1.67726135,-1.52075279,-0.25662717,0.00122106,0.06143971,
3254,0.05404072,1.33367717,20.53136063,6.00000000,-0.33032227,0.43022460,0.12644079,-1.02188718,0.25681138,0.07000000,0.00549451,-0.10414463,-0.23999999,0.23999999,-0.01229746,-0.71907568,1.11177480,-1.00198340,-0.15704115,0.00122106,-0.13548829,
3262,-3.61267924,2.54514313,17.34048843,6.00000000,-0.35771483,0.42539063,0.35649791,-0.42498866,-0.09324186,0.07000000,0.00549451,-0.00685474,0.04710393,-0.04832487,-0.01229746,-3.39466548,3.39466548,-0.41661632,0.16662158,0.00122106,-0.29036349,
3270,-2.47184205,-1.68062282,7.48834896,6.00000000,0.05639648,-0.07734375,0.88659215,0.25708905,-0.23157790,0.07000000,0.00549451,-0.06200345,-0.03745022,0.02905427,-0.01229746,-4.08057976,4.24289560,0.25938621,0.02669701,0.00122106,-0.29905897,
3278,-3.86167622,-4.64703846,-1.91128707,6.00000000,-0.04833984,0.05478515,0.76946181,0.71333116,-0.31921524,0.07000000,0.00549451,0.19466381,0.23999999,-0.23999999,-0.01229746,-4.06836271,3.44702530,0.71873933,0.44155300,0.00122106,-0.23043856,
3286,-3.36009097,-2.97229457,0.34165677,6.00000000,0.32065430,-0.40766603,0.01954483,0.92276138,-0.30788013,0.07000000,0.00549451,0.16822973,0.23999999,-0.23999999,-0.01229746,-1.94255149,1.38404620,0.92632538,0.46369687,0.00122106,-0.05405653,
3294,-2.88843322,-0.30754811,-2.06451583,6.00000000,0.33515626,-0.42700195,0.22233073,1.22674012,-0.15165220,0.07000000,0.00549451,0.24628332,0.23999999,-0.23999999,-0.01229746,1.03498018,-1.82910514,1.23982835,0.55347103,0.00122106,0.20214556,
3302,-0.53134161,1.06672370,3.94253612,6.00000000,0.35771483,-0.42055663,-0.43060508,0.87747091,-0.06982534,0.07000000,0.00549451,0.19558574,0.23999999,-0.23999999,-0.01229746,3.50636625,-4.15388346,0.88849360,0.45505601,0.00122106,0.35374624,
3310,1.05721128,1.06552660,11.12992954,6.00000000,0.35771483,-0.42539063,-0.53480709,0.36768037,0.13970035,0.07000000,0.00549451,0.31865633,0.23999999,-0.23999999,-0.01229746,5.36514187,-6.39139605,0.36858737,0.21382527,0.00122106,0.47488904,
3317,3.49450850,2.24826217,16.20683479,5.00000000,0.36416015,-0.43828124,-0.62670714,-0.49715260,0.12496845,0.07000000,0.00549451,0.51798272,0.23999999,-0.23999999,-0.01229746,6.49611568,-8.18210316,-0.49438119,0.08976001,0.00122106,0.51835126,
3326,5.32727003,2.37515497,19.27260971,6.00000000,0.36254883,-0.41894531,-0.37779564,-1.58381724,0.00623592,0.07000000,0.00549451,0.86783314,-0.00047299,0.11592966,-0.01229746,7.31642056,-10.16305161,-1.56756628,-0.03281453,0.00122106,0.54542446,
3334,5.95095968,1.16608310,19.31690216,6.00000000,0.02094727,0.18852539,0.04709431,-2.71220207,-0.19107369,0.07000000,0.00549451,0.91445738,-0.23999999,0.23999999,-0.01229746,6.51531410,-9.52251625,-2.67810202,-0.21094787,0.00122106,0.40502989,
3342,0.16297689,-1.41965485,20.53136063,6.00000000,-0.34160155,0.40122071,0.20124774,-3.19974828,-0.32272235,0.07000000,0.00549451,0.14576441,-0.23999999,0.23999999,-0.01229746,4.77871132,-5.24995041,-3.16483569,-0.27554053,0.00122106,0.14836380,
3350,-4.21960926,-0.76124930,20.53136063,6.00000000,-0.33999023,0.42377931,0.55644649,-2.74401379,-0.26581359,0.07000000,0.00549451,-0.16352290,-0.23999999,0.23999999,-0.01229746,2.53072739,-2.00887394,-2.69764137,0.04869014,0.00122106,-0.02927846,
3358,-3.26671696,-4.44592571,7.11724758,6.00000000,-0.34965819,0.42861328,0.47366315,-1.57411802,-0.32973769,0.07000000,0.00549451,-0.35049099,-0.15458427,0.10575240,-0.01229746,0.05410520,1.04894280,-1.58046758,0.14148737,0.00122106,-0.16244608,
3366,-4.86963511,-1.66146910,0.09864531,6.00000000,-0.22880860,0.19335937,0.29283628,-0.75222778,-0.23756641,0.07000000,0.00549451,-0.44797727,0.23999999,-0.23999999,-0.01229746,-1.61966562,3.07701564,-0.76607758,0.41842943,0.00122106,-0.23885804,
3374,-4.85646677,-0.82948405,-3.29274130,6.00000000,0.32709962,-0.40605468,0.34998962,0.11098588,-0.22953272,0.07000000,0.00549451,-0.35408372,0.23999999,-0.23999999,-0.01229746,-0.68242371,1.82735968,0.10250401,0.65159851,0.00122106,-0.08679755,
3382,-0.77435309,0.16171543,-5.23204470,6.00000000,0.34482422,-0.41411132,0.38650686,0.21626571,-0.16464138,0.07000000,0.00549451,-0.09763260,0.23999999,-0.23999999,-0.01229746,2.19911480,-1.89019167,0.21812247,0.55667388,0.00122106,0.16862220,
3389,-1.61112654,1.91427112,1.35200989,5.00000000,0.34160155,-0.43666992,-0.01494301,0.23474719,-0.08431555,0.07000000,0.00549451,-0.07428952,0.23999999,-0.23999999,-0.01229746,4.92357397,-4.66351986,0.23614261,0.45150548,0.00122106,0.38319510,
3398,2.25550914,0.46338484,8.17189312,6.00000000,0.35610351,-0.43183595,-0.65348399,-0.13607934,0.36353108,0.07000000,0.00549451,-0.21088992,0.17752285,-0.20822291,-0.01229746,7.39146948,-6.78234959,-0.13491857,-0.02221319,0.00122106,0.52631009,
3406,4.57549047,1.87955511,13.77073383,6.00000000,0.27070314,-0.37866211,-0.91740704,-0.71888471,0.43116784,0.07000000,0.00549451,-0.02266675,-0.23999999,0.23999999,-0.01229746,8.60621834,-8.52593327,-0.72053552,-0.37538341,0.00122106,0.59773153,
3414,5.51880598,2.44338965,18.26824188,6.00000000,-0.31582031,0.38188475,-0.84266961,-1.62414086,0.41916752,0.07000000,0.00549451,0.08054311,-0.23999999,0.23999999,-0.01229746,6.99353456,-7.14363241,-1.58524227,-0.22984152,0.00122106,0.41473740,
3422,0.12706387,2.72470832,20.53136063,6.00000000,-0.34965819,0.41249999,-0.36401397,-1.88532102,0.18418172,0.07000000,0.00549451,-0.43612248,-0.23999999,0.23999999,-0.01229746,4.68620920,-3.30041766,-1.85954618,-0.16509750,0.00122106,0.15712076,
3430,-0.37811270,0.69681954,20.04234505,6.00000000,-0.33676758,0.43183595,0.46329921,-0.89217520,0.10077755,0.07000000,0.00549451,-0.05813920,-0.19056061,0.18151613,-0.01229746,0.91106188,-0.72431165,-0.86865902,-0.03639647,0.00122106,-0.00839102,
3438,-3.56120396,0.58429205,11.25323105,6.00000000,-0.27875978,0.32065430,0.41438088,-0.09402198,-0.26000631,0.07000000,0.00549451,-0.17064328,0.14665355,-0.17044052,-0.01229746,-1.02450824,1.57952297,-0.09197354,0.14769763,0.00122106,-0.10424281,
3446,-4.29622364,-2.62752962,2.98844671,6.00000000,0.19335937,-0.28359374,0.86832631,0.61217290,-0.26194966,0.07000000,0.00549451,-0.09423529,0.23999999,-0.23999999,-0.01229746,-0.88837260,1.19205987,0.61446071,0.43741199,0.00122106,-0.03393646,
3454,-3.63302994,-3.97187376,-3.66863108,6.00000000,0.34160155,-0.42377931,0.54240030,1.01279223,-0.30504414,0.07000000,0.00549451,0.17312995,0.23999999,-0.23999999,-0.01229746,1.31074226,-1.86924756,1.02450180,0.63385570,0.00122106,0.19748655,
3461,-2.39403057,-1.94757628,-2.10880876,5.00000000,0.34160155,-0.41733399,0.00768347,1.00446773,-0.22699459,0.07000000,0.00549451,0.27486062,0.23999999,-0.23999999,-0.01229746,3.73675013,-4.65828371,1.01794934,0.61941671,0.00122106,0.39657050,
3470,-0.70252705,-1.51183152,2.85556865,6.00000000,0.34482422,-0.42377931,-0.25932282,0.73615742,-0.09991233,0.07000000,0.00549451,0.32926050,0.23999999,-0.23999999,-0.01229746,6.36521578,-7.44557476,0.74231315,0.46264371,0.00122106,0.58256626,
3478,1.41394722,1.46894956,7.93007898,6.00000000,0.34804687,-0.43183595,-0.61998594,0.27193996,0.05979468,0.07000000,0.00549451,0.33945909,0.23999999,-0.23999999,-0.01229746,8.63065338,-9.71275711,0.27776557,0.30296361,0.00122106,0.72287112,
3486,4.86279488,3.10418940,12.42998123,6.00000000,0.35126954,-0.43183595,-0.58711076,-0.42964926,0.18322496,0.07000000,0.00549451,0.42577475,0.23999999,-0.21497279,-0.01229746,10.21192074,-11.59422207,-0.42155567,-0.03724983,0.00122106,0.79909015,
3494,6.78294468,2.42902446,17.73433495,6.00000000,0.35288087,-0.38671875,-0.33774039,-1.46962190,0.15962809,0.07000000,0.00549451,0.45737606,-0.12048617,0.17945725,-0.01229746,11.70243263,-13.17374516,-1.45543087,-0.20611557,0.00122106,0.83792657,
3502,7.98124266,0.13777342,18.90270615,6.00000000,-0.15629883,0.27875978,-0.04574681,-2.58248138,0.12023415,0.07000000,0.00549451,0.16777137,-0.23999999,0.23999999,-0.01229746,11.11774731,-11.65181732,-2.55850077,-0.40664038,0.00122106,0.67202306,
3510,3.52683020,-1.89969218,20.50442696,6.00000000,-0.32709962,0.41733399,0.06610481,-3.05254364,0.06750987,0.07000000,0.00549451,-0.05055925,-0.23999999,0.23999999,-0.01229746,7.37052536,-7.18552065,-3.01336932,-0.44119167,0.00122106,0.32467189,
3518,-3.85090232,0.74470353,20.53136063,6.00000000,-0.35610351,0.43183595,-0.02532158,-2.54752207,-0.07684666,0.07000000,0.00549451,-0.36051637,-0.07485761,0.02348340,-0.01229746,5.24820518,-4.08057976,-2.54878092,0.21741191,0.00122106,0.16230541,
3526,-1.96546841,-2.55091500,8.30955982,6.00000000,-0.10151367,0.04028320,0.54584503,-1.24559069,-0.13552627,0.07000000,0.00549451,-0.36189571,0.05546213,-0.10636877,-0.01229746,3.62853932,-2.45567822,-1.24355197,0.15686677,0.00122106,0.13992238,
3533,-3.73717761,-2.02419066,-0.13000095,5.00000000,0.06767578,-0.17402343,0.49841204,-0.75029874,-0.17002344,0.07000000,0.00549451,-0.13571331,0.23999999,-0.23999999,-0.01229746,3.04909015,-2.61450338,-0.76050520,0.50347400,0.00122106,0.15686108,
3542,-3.13144469,-1.59562862,-2.00106955,6.00000000,0.34160155,-0.43022460,0.26330295,-0.20879531,-0.16819443,0.07000000,0.00549451,-0.01508018,0.23999999,-0.23999999,-0.01229746,5.00734949,-4.96371651,-0.21934837,0.54763520,0.00122106,0.36474168,
3550,-1.44113827,-1.39571273,-0.42089647,6.00000000,0.33999023,-0.42055663,0.26152638,-0.18665096,-0.10818595,0.07000000,0.00549451,0.06511110,0.23999999,-0.23999999,-0.01229746,7.60614491,-7.87841606,-0.23181373,0.44343445,0.00122106,0.57618588,
3558,1.62463701,0.15094152,3.32722640,6.00000000,0.35288087,-0.43666992,-0.04978296,-0.33790278,0.03560824,0.07000000,0.00549451,0.03697642,0.23999999,-0.23999999,-0.01229746,10.18399620,-10.29046059,-0.34052569,0.09442532,0.00122106,0.74978673,
3566,3.69562149,0.63816160,7.75410509,6.00000000,0.35610351,-0.45117188,-0.38010281,-0.62814802,0.24618809,0.07000000,0.00549451,0.01302917,0.11199865,-0.11324823,-0.01229746,12.20857811,-12.25570202,-0.63280475,-0.13256630,0.00122106,0.88508707,
3574,7.19355011,2.00644779,13.00578690,6.00000000,0.16113281,-0.21269532,-0.55780351,-1.26803100,0.46187249,0.07000000,0.00549451,0.01340760,-0.23999999,0.23999999,-0.01229746,13.25053978,-13.27672005,-1.27191949,-0.44610277,0.00122106,0.91193569,
3582,7.70950079,1.68442774,16.10149002,6.00000000,-0.31743163,0.40927735,-0.46965823,-2.00126648,0.46848416,0.07000000,0.00549451,-0.19580519,-0.23999999,0.23999999,-0.01229746,11.33765793,-10.73028374,-1.96997714,-0.55393493,0.00122106,0.68783152,
3590,2.11903977,-0.34705243,20.53136063,6.00000000,-0.35126954,0.42700195,-0.27892235,-2.27763462,0.34067997,0.07000000,0.00549451,-0.08677305,-0.23999999,0.23999999,-0.01229746,7.81907511,-7.52935028,-2.24668455,-0.41978520,0.00122106,0.41193527,
3598,0.24078844,3.57105875,16.76468277,6.00000000,-0.35771483,0.41572267,0.04879917,-1.38534081,0.09592158,0.07000000,0.00549451,-0.41342503,-0.23999999,0.23999999,-0.01229746,5.25169563,-3.88510299,-1.36663735,-0.20108205,0.00122106,0.24374104,
3605,-0.42479962,-1.45437074,10.12197113,5.00000000,-0.33999023,0.42700195,0.64973003,-0.54390568,0.00259450,0.07000000,0.00549451,-0.59244704,-0.03372433,-0.04816264,-0.01229746,2.79252672,-0.89884454,-0.53864932,0.02738820,0.00122106,0.10373931,
3614,-3.30861568,-2.83103681,6.64439297,6.00000000,-0.05800781,-0.07250977,0.46679613,0.35098097,0.01617720,0.07000000,0.00549451,-0.37927806,0.23999999,-0.23999999,-0.01229746,1.38404620,-0.15882497,0.36283648,0.30780444,0.00122106,0.08410902,
3622,-0.86413562,-2.53654981,0.65529722,6.00000000,0.33193359,-0.40766603,0.27236134,0.80232185,0.09830829,0.07000000,0.00549451,-0.17100897,0.23999999,-0.23999999,-0.01229746,2.66860843,-2.10661244,0.81428790,0.27473170,0.00122106,0.24408063,
3630,-0.84139073,-1.32029545,0.05914098,6.00000000,0.33837891,-0.42216796,0.02342944,0.91456604,0.13462764,0.07000000,0.00549451,-0.03427338,0.23999999,-0.23999999,-0.01229746,5.27263975,-5.15395689,0.92754728,0.31940219,0.00122106,0.46514118,
3638,1.09910977,-1.15988386,2.82564116,6.00000000,0.34643555,-0.42216796,-0.24994124,0.58958584,0.20280772,0.07000000,0.00549451,0.06498834,0.23999999,-0.23999999,-0.01229746,7.65850449,-7.87667084,0.57947028,0.12376617,0.00122106,0.63851488,
3646,3.69083309,1.50366545,7.20583296,6.00000000,0.35610351,-0.43183595,-0.34141713,0.10946713,0.31129491,0.07000000,0.00549451,0.17462899,0.21292274,-0.19156052,-0.01229746,9.75639057,-10.25206470,0.11294556,-0.12264380,0.00122106,0.76693493,
3654,6.62851858,2.07587981,12.22527695,6.00000000,0.32387695,-0.36416015,-0.22725542,-0.63375646,0.35499918,0.07000000,0.00549451,0.26547804,-0.20270380,0.23593056,-0.01229746,11.19977760,-12.03579044,-0.63053447,-0.35896906,0.00122106,0.83837014,
3662,10.18869686,0.51366311,15.66215324,6.00000000,-0.26425782,0.39477539,-0.10055663,-1.47611713,0.33277950,0.07000000,0.00549451,0.10317934,-0.23999999,0.23999999,-0.01229746,10.08102131,-10.40041733,-1.46596479,-0.66843998,0.00122106,0.66778952,
3670,5.12855101,-1.36219394,20.53136063,6.00000000,-0.35449219,0.42216796,-0.08522481,-1.62148857,0.23195596,0.07000000,0.00549451,0.06283469,-0.23999999,0.23999999,-0.01229746,6.81551075,-7.08603668,-1.59971118,-0.55003738,0.00122106,0.40440071,
3677,0.62984622,1.71794653,18.68602943,5.00000000,-0.35449219,0.42377931,-0.07728698,-0.80740476,0.03859993,0.07000000,0.00549451,-0.29523677,-0.23999999,0.23999999,-0.01229746,4.68271828,-3.75420332,-0.78845358,-0.19186026,0.00122106,0.26358426,
3686,-0.47028947,-0.11481486,9.23611641,6.00000000,-0.34321290,0.41249999,0.46318227,0.21104011,-0.01992085,0.07000000,0.00549451,-0.47282106,-0.01598900,-0.04925542,-0.01229746,1.86052096,-0.31066859,0.20925194,-0.05738097,0.00122106,0.09970213,
3694,-2.42395806,-1.49148083,5.16717052,6.00000000,-0.02578125,-0.06928711,0.38177562,1.08299911,-0.01059485,0.07000000,0.00549451,-0.31611547,0.23999999,-0.23999999,-0.01229746,0.34906584,0.68591440,1.08951902,0.16796382,0.00122106,0.07112815,
3702,-1.52852666,-2.02897906,0.53199583,6.00000000,0.33193359,-0.41249999,0.33979461,1.48325241,0.00123177,0.07000000,0.00549451,-0.00203195,0.23999999,-0.23999999,-0.01229746,1.53065372,-1.51669109,1.50131512,0.28873628,0.00122106,0.22840893,
3710,-1.34656727,-1.32029545,0.38834372,6.00000000,0.34965819,-0.42539063,0.11507251,1.56957483,0.06722373,0.07000000,0.00549451,0.05703732,0.23999999,-0.23999999,-0.01229746,4.37379503,-4.59545183,1.58027303,0.36071989,0.00122106,0.46534875,
3718,1.35050094,-0.99588108,3.58939147,6.00000000,0.35126954,-0.42700195,-0.26997539,1.20514250,0.19800983,0.07000000,0.00549451,0.07771254,0.23999999,-0.23999999,-0.01229746,6.90103197,-7.14014196,1.21882200,0.12771219,0.00122106,0.62592804,
3726,3.72794318,0.65372390,7.55897760,6.00000000,0.34965819,-0.44150391,-0.36446923,0.70954257,0.31597215,0.07000000,0.00549451,0.24360609,0.23999999,-0.23999999,-0.01229746,8.89245224,-9.63770866,0.71374571,-0.11646613,0.00122106,0.75655496,
3734,6.80449247,1.81491172,12.07683659,6.00000000,0.36416015,-0.44472656,-0.42974365,-0.13053069,0.37866658,0.07000000,0.00549451,0.37416303,-0.01849911,0.06672591,-0.01229746,10.71806622,-11.88918304,-0.12930363,-0.29710487,0.00122106,0.85136324,
3742,8.93533230,1.41388297,15.08754539,6.00000000,-0.00161133,0.09990235,-0.17175469,-1.05216050,0.30414057,0.07000000,0.00549451,0.30841592,-0.23999999,0.23999999,-0.01229746,10.85943890,-11.85253048,-1.04585969,-0.46509132,0.00122106,0.78584629,
3749,8.86709690,0.08749519,16.52406693,5.00000000,-0.32226563,0.39316407,0.03702084,-1.63356113,0.20102999,0.07000000,0.00549451,0.16681379,-0.23999999,0.23999999,-0.01229746,7.87318039,-8.39503384,-1.61870801,-0.81189793,0.00122106,0.49650180,
3758,0.48978543,0.09587489,20.53136063,6.00000000,-0.34482422,0.41572267,0.09641691,-1.52190113,0.05573937,0.07000000,0.00549451,-0.13349590,-0.22261015,0.20229442,-0.01229746,5.78402090,-5.32674503,-1.50313258,-0.07836044,0.00122106,0.31162483,
3766,1.37204874,-1.15629256,11.89607430,6.00000000,-0.31582031,0.35449219,0.54970998,-0.27565622,0.02824990,0.07000000,0.00549451,-0.37067762,-0.23999999,0.23999999,-0.01229746,3.28820014,-2.08566856,-0.27199090,-0.31043777,0.00122106,0.18774098,
3774,-2.51613474,-1.85539949,7.34469652,6.00000000,-0.33837891,0.41733399,0.31516269,0.44616872,-0.00779314,0.07000000,0.00549451,-0.48833925,0.22053204,-0.23999999,-0.01229746,0.82205003,0.80110615,0.45033437,0.10511577,0.00122106,0.03638776,
3782,-1.64464533,-0.94081444,3.37271619,6.00000000,0.30454102,-0.38994139,0.22581805,1.28039181,0.10728687,0.07000000,0.00549451,-0.35620672,0.23999999,-0.23999999,-0.01229746,0.72256637,0.44680429,1.28816748,0.11323905,0.00122106,0.11104562,
3790,-0.86892402,-0.54337698,-1.49828720,6.00000000,0.33676758,-0.42055663,0.11150116,1.48423755,0.08308239,0.07000000,0.00549451,-0.08097379,0.23999999,-0.23999999,-0.01229746,3.37197614,-3.12588477,1.50772071,0.28978997,0.00122106,0.36548573,
3798,-0.29431564,0.94821072,2.03076601,6.00000000,0.33354491,-0.42539063,-0.01326949,1.37090993,0.13926977,0.07000000,0.00549451,0.01888395,0.23999999,-0.23999999,-0.01229746,5.90444851,-5.98997021,1.46051657,0.26977897,0.00122106,0.56288540,
3806,3.29938102,1.00088310,6.71861315,6.00000000,0.34643555,-0.43505859,-0.12991256,0.77975059,0.25477320,0.07000000,0.00549451,0.06279005,0.23999999,-0.23999999,-0.01229746,8.34790993,-8.56607533,0.74999261,-0.09490821,0.00122106,0.70236123,
3814,6.65724897,0.98412371,10.56848907,6.00000000,0.34965819,-0.43828124,-0.24694502,-0.03085233,0.37004423,0.07000000,0.00549451,0.14649510,-0.20948109,0.22690555,-0.01229746,10.11069202,-10.61160183,-0.01983768,-0.41789258,0.00122106,0.78776413,
3821,9.08975792,0.96616721,13.01296902,5.00000000,-0.27070314,0.36093751,-0.21918668,-0.86992896,0.39723229,0.07000000,0.00549451,0.11320555,-0.23999999,0.23999999,-0.01229746,9.51204395,-9.87856388,-0.86768413,-0.56856662,0.00122106,0.67296499,
3830,4.88075113,0.12340821,20.53136063,6.00000000,-0.35610351,0.42377931,-0.19912693,-1.26305926,0.32290095,0.07000000,0.00549451,0.14256722,-0.23999999,0.23999999,-0.01229746,6.52753162,-7.02145958,-1.24873376,-0.53045994,0.00122106,0.42299682,
3838,1.30860245,2.02201009,17.32372856,6.00000000,-0.35610351,0.41411132,0.06191573,-0.21199901,0.10353167,0.07000000,0.00549451,-0.13903758,-0.23999999,0.23999999,-0.01229746,4.18879032,-3.71580577,-0.19805229,-0.28838837,0.00122106,0.28645128,
3846,-0.77914149,0.17847484,11.46032906,6.00000000,-0.34643555,0.42539063,0.38842916,0.57389742,-0.03572962,0.07000000,0.00549451,-0.25966185,0.02603946,-0.06217374,-0.01229746,1.62490153,-0.77318084,0.57345557,-0.09395660,0.00122106,0.13515730,
3854,-1.88885391,-0.55534798,6.62883043,6.00000000,0.02578125,-0.09184571,0.50263280,1.38549435,-0.05434838,0.07000000,0.00549451,-0.19894668,0.23999999,-0.23999999,-0.01229746,0.47123891,0.17976892,1.38854742,0.08719114,0.00122106,0.11682262,
3862,-1.85294092,-1.84701979,1.79254305,6.00000000,0.33999023,-0.40927735,0.38217923,1.75246859,0.00377871,0.07000000,0.00549451,0.08116318,0.23999999,-0.23999999,-0.01229746,1.80816102,-2.07345128,1.77028596,0.28756690,0.00122106,0.28687489,
3870,-0.31227216,-2.21213555,-0.54419786,6.00000000,0.34643555,-0.43022460,0.03620045,1.75512183,0.08088519,0.07000000,0.00549451,0.21457838,0.23999999,-0.23999999,-0.01229746,4.37728596,-5.00560427,1.77835310,0.25530058,0.00122106,0.49229109,
3878,1.98496437,-0.89053619,2.66044116,6.00000000,0.35771483,-0.42700195,-0.41618505,1.26917207,0.19833991,0.07000000,0.00549451,0.27630532,0.23999999,-0.23999999,-0.01229746,6.69508314,-7.59043694,1.28471005,0.12888856,0.00122106,0.64222282,
3886,3.90391707,0.84765422,7.63918352,6.00000000,0.35449219,-0.43666992,-0.43808296,0.64697617,0.25248137,0.07000000,0.00549451,0.39151886,0.23999999,-0.23999999,-0.01229746,8.71442890,-10.01818943,0.65226966,-0.03302030,0.00122106,0.76183629,
3893,7.09179640,1.98609710,10.61397934,5.00000000,0.36577147,-0.43989259,-0.23265530,-0.25758526,0.22965589,0.07000000,0.00549451,0.49843299,-0.08013389,0.14524278,-0.01229746,10.49117374,-12.13178349,-0.25223500,-0.32986569,0.00122106,0.84236699,
3902,10.17313385,1.98011160,13.79707050,6.00000000,-0.08701172,0.22880860,0.04220588,-1.23185527,0.15228492,0.07000000,0.00549451,0.25987694,-0.23999999,0.23999999,-0.01229746,10.29918766,-11.13520050,-1.21992648,-0.65027165,0.00122106,0.72435641,
3910,8.73541641,-0.90131015,16.83411598,6.00000000,-0.33837891,0.42055663,0.16008902,-1.68642330,0.10878216,0.07000000,0.00549451,0.15222685,-0.23999999,0.23999999,-0.01229746,6.93419313,-7.45953703,-1.67135453,-0.90036160,0.00122106,0.42078289,
3918,-1.20770359,-0.85103190,20.53136063,6.00000000,-0.35932618,0.42377931,-0.22450294,-1.08414996,-0.08610285,0.07000000,0.00549451,0.06308217,0.22897716,-0.22236040,-0.01229746,5.22202539,-5.44891834,-1.07162201,0.18172991,0.00122106,0.32504636,
3926,1.47619653,1.99567389,9.34385490,6.00000000,0.30776367,-0.36577147,0.22145207,0.06701579,-0.13038936,0.07000000,0.00549451,-0.09562117,-0.23999999,0.23999999,-0.01229746,5.11730576,-4.81187296,0.06523430,-0.37682188,0.00122106,0.38333875,
3934,2.19804835,-0.81392175,-2.32548380,6.00000000,-0.33837891,0.41733399,0.41097012,0.30151901,-0.19854340,0.07000000,0.00549451,-0.05104781,-0.02556165,0.01722875,-0.01229746,4.35110569,-4.17308235,0.30308795,-0.17525379,0.00122106,0.34713691,
3942,-4.00413132,-1.05334198,6.42053509,6.00000000,-0.04028320,0.03706055,0.04985946,0.59720492,-0.22668687,0.07000000,0.00549451,-0.10088893,0.23999999,-0.23999999,-0.01229746,3.16079140,-2.83790541,0.58159816,0.18681985,0.00122106,0.27340287,
3950,0.03488710,-0.57689577,2.48686147,6.00000000,0.33837891,-0.40122071,-0.02596276,1.28489375,-0.12105632,0.07000000,0.00549451,-0.17252411,0.23999999,-0.23999999,-0.01229746,4.76125813,-4.17831802,1.29085064,0.01156399,0.00122106,0.43997496,
3958,3.01566815,-1.18741727,1.08745062,6.00000000,0.34643555,-0.41572267,-0.16347891,1.12498724,-0.09703412,0.07000000,0.00549451,0.07178563,0.23999999,-0.23999999,-0.01229746,6.74395227,-7.02495003,1.14125764,-0.15276156,0.00122106,0.60970509,
3965,5.95933914,1.14573228,6.50552893,5.00000000,0.35771483,-0.44311523,-0.20599844,0.44992140,-0.05241660,0.07000000,0.00549451,0.13036597,-0.12440106,0.14000934,-0.01229746,8.74235439,-9.13505363,0.45469397,-0.39178175,0.00122106,0.71650255,
3974,9.43212891,0.04080825,10.42244339,6.00000000,-0.16274413,0.22558594,-0.24253684,-0.47970089,-0.01500129,0.07000000,0.00549451,-0.08167341,-0.23999999,0.23999999,-0.01229746,8.43692112,-8.15941429,-0.48140329,-0.69715977,0.00122106,0.59344697,
3982,5.91744089,0.81533247,18.33288574,6.00000000,-0.34482422,0.42377931,-0.18486463,-0.90709168,0.02266641,0.07000000,0.00549451,-0.20574832,-0.23999999,0.23999999,-0.01229746,6.31460094,-5.64963102,-0.90112925,-0.58629453,0.00122106,0.38691115,
3990,1.06918228,1.43183947,19.55871582,6.00000000,-0.33676758,0.42700195,-0.17916271,-0.07127281,-0.05924730,0.07000000,0.00549451,-0.31313890,-0.23999999,0.19745663,-0.01229746,4.30747271,-3.27947354,-0.06255394,-0.25368810,0.00122106,0.28452066,
3998,0.97221708,0.91349477,12.98423862,6.00000000,-0.35771483,0.34482422,0.22539163,0.57575023,-0.13980259,0.07000000,0.00549451,-0.44886875,-0.18814465,0.12628204,-0.01229746,1.66504419,-0.21642081,0.57364804,-0.23568469,0.00122106,0.12139724,
4006,-0.50859666,0.47415876,8.69981480,6.00000000,-0.28037110,0.22880860,0.43768695,1.24187088,-0.16782662,0.07000000,0.00549451,-0.43707815,0.21556962,-0.23999999,-0.01229746,-0.28099802,1.70518661,1.24037981,0.00628664,0.00122106,0.01888804,
4014,-2.09355831,-2.64189482,5.57897282,6.00000000,0.28681642,-0.40122071,0.35326630,1.73375344,-0.13823898,0.07000000,0.00549451,-0.27072424,0.23999999,-0.23999999,-0.01229746,0.63180918,0.23911010,1.74853039,0.18853764,0.00122106,0.14704500,
4022,0.87166059,-2.48986292,1.32208240,6.00000000,0.34804687,-0.42216796,0.07336877,1.71386170,-0.05518138,0.07000000,0.00549451,0.01905259,0.23999999,-0.23999999,-0.01229746,3.11541271,-3.14857388,1.73898160,0.12274820,0.00122106,0.36866868,
4030,1.28466034,-0.98989558,3.62171316,6.00000000,0.34643555,-0.41572267,-0.32066402,1.24205005,0.04455488,0.07000000,0.00549451,0.04471768,0.23999999,-0.23999999,-0.01229746,5.44717264,-5.66010237,1.22349906,0.09547412,0.00122106,0.52116156,
4037,3.48732591,0.71956444,4.43693876,5.00000000,0.34965819,-0.43022460,-0.34698316,0.74723494,0.09310914,0.07000000,0.00549451,0.19879454,0.23999999,-0.23999999,-0.01229746,7.59043694,-8.16988659,0.80017209,-0.11387958,0.00122106,0.66223967,
4046,5.55831051,2.25664186,7.92050219,6.00000000,0.34482422,-0.42055663,-0.17056176,-0.07842651,0.09121633,0.07000000,0.00549451,0.31417027,-0.06047755,0.10077456,-0.01229746,9.48062897,-10.51386356,-0.07243586,-0.30179557,0.00122106,0.75702322,
4054,8.46726513,0.47056746,11.97747707,6.00000000,-0.05961914,0.16435547,-0.02965710,-1.06514657,0.04882088,0.07000000,0.00549451,0.29179060,-0.23999999,0.23999999,-0.01229746,9.45794010,-10.42834187,-1.06264174,-0.56622529,0.00122106,0.67536533,
4062,9.31361580,-0.52422333,15.72919083,6.00000000,-0.33193359,0.40283203,0.01512808,-1.68950713,0.03072853,0.07000000,0.00549451,0.02226841,-0.23999999,0.23999999,-0.01229746,6.55371141,-6.64097786,-1.67688060,-0.91983730,0.00122106,0.36535078,
4070,-0.19256206,-0.47274801,20.53136063,6.00000000,-0.35449219,0.42861328,-0.04541655,-1.41207004,-0.06048039,0.07000000,0.00549451,-0.10507220,0.02752057,-0.04376113,-0.01229746,4.70017147,-4.35808706,-1.39785409,0.11085451,0.00122106,0.24156611,
4078,2.03284836,1.14094388,11.42202187,6.00000000,0.02739258,-0.06123047,0.03705492,-0.24441719,-0.10019648,0.07000000,0.00549451,-0.14807922,-0.23999999,0.23999999,-0.01229746,3.44353461,-2.96531439,-0.24525571,-0.42816329,0.00122106,0.22529234,
4086,0.43711299,-0.26325536,5.08696461,6.00000000,-0.33032227,0.40605468,0.28892818,0.25141269,-0.17688861,0.07000000,0.00549451,-0.16785999,0.10013720,-0.12399754,-0.01229746,2.24274802,-1.69122410,0.24940418,-0.01489991,0.00122106,0.16818258,
4094,-2.41557837,-1.64830101,6.80839539,6.00000000,0.13535157,-0.20786133,0.01918562,0.82307273,-0.20166406,0.07000000,0.00549451,-0.12577915,0.23999999,-0.23999999,-0.01229746,1.38404620,-0.97563910,0.82571447,0.04052630,0.00122106,0.15198837,
4102,-0.36733878,0.61421955,1.76860094,6.00000000,0.33354491,-0.41088867,0.07161096,1.22722912,-0.14434411,0.07000000,0.00549451,-0.04782076,0.23999999,-0.23999999,-0.01229746,3.39466548,-3.24631238,1.23544729,0.13575143,0.00122106,0.34280056,
4109,1.84610069,-0.80195075,1.86197484,5.00000000,0.34321290,-0.42055663,-0.08454297,1.02909696,-0.11975099,0.07000000,0.00549451,0.11019249,0.23999999,-0.23999999,-0.01229746,5.52047634,-5.77529430,1.06495082,0.01500475,0.00122106,0.51289892,
4118,4.41029072,0.10545170,5.86268568,6.00000000,0.34643555,-0.42539063,-0.20268777,0.42058471,-0.04026580,0.07000000,0.00549451,0.18635446,0.09662595,-0.07326457,-0.01229746,7.84700060,-8.42295933,0.42664862,-0.21033736,0.00122106,0.65231180,
4126,7.46289778,0.68125719,10.26203156,6.00000000,0.14824219,-0.13374023,-0.33652100,-0.43059930,0.02895294,0.07000000,0.00549451,0.15326530,-0.23999999,0.23999999,-0.01229746,8.97797394,-9.46666622,-0.42990026,-0.44512808,0.00122106,0.67145365,
4134,9.97561264,1.55873215,12.82622147,6.00000000,-0.32548827,0.38994139,-0.24925204,-1.17838776,0.03435147,0.07000000,0.00549451,0.01386937,-0.23999999,0.23999999,-0.01229746,6.98829842,-7.01971436,-1.17153251,-0.84915036,0.00122106,0.44440284,
4142,1.78624558,0.75068903,20.53136063,6.00000000,-0.35771483,0.42377931,-0.07873563,-1.29206908,-0.03992087,0.07000000,0.00549451,-0.23649904,-0.23999999,0.23999999,-0.01229746,5.35467005,-4.62512255,-1.28123093,-0.14782369,0.00122106,0.28161746,
4150,2.42669463,0.53760511,14.96663761,6.00000000,-0.35449219,0.42861328,0.14946355,-0.12735823,-0.10626394,0.07000000,0.00549451,-0.37992328,-0.23999999,0.23999999,-0.01229746,2.57261515,-1.36484742,-0.12108171,-0.41903102,0.00122106,0.13809323,
4158,-1.21967459,-0.15431920,10.98148918,6.00000000,-0.34965819,0.43022460,0.20532314,0.55898947,-0.17760876,0.07000000,0.00549451,-0.49457246,0.03035692,-0.09821308,-0.01229746,0.41189772,1.15366256,0.55884641,-0.03964543,0.00122106,0.01604878,
4166,-0.62232125,-0.97313619,6.17752361,6.00000000,0.02739258,-0.16274413,0.19496079,1.22500122,-0.17182480,0.07000000,0.00549451,-0.38752025,0.15010771,-0.20309675,-0.01229746,-0.28099802,1.52541780,1.23087049,-0.04429546,0.00122106,0.02456745,
4174,-1.75956702,-0.65351027,3.37989879,6.00000000,0.20302734,-0.35610351,0.08607916,1.48167109,-0.14057955,0.07000000,0.00549451,-0.07874069,0.23999999,-0.23999999,-0.01229746,1.21998513,-0.96167642,1.49420488,0.22159320,0.00122106,0.19235641,
4181,0.09593924,-0.99468398,2.85197735,5.00000000,0.35449219,-0.41733399,0.03692151,1.45379329,-0.10815084,0.07000000,0.00549451,0.04971579,0.23999999,-0.23999999,-0.01229746,3.22885919,-3.41037321,1.47216189,0.16152880,0.00122106,0.36458236,
4190,2.98334646,-1.04376507,5.42813826,6.00000000,0.35610351,-0.42216796,-0.21858485,0.82902062,0.01159899,0.07000000,0.00549451,0.23615804,0.23999999,-0.23999999,-0.01229746,5.62868690,-6.31285620,0.83780801,-0.06592539,0.00122106,0.52094179,
4198,5.34642363,0.46458194,8.50468731,6.00000000,0.36416015,-0.42377931,-0.25936344,-0.00189501,0.08136570,0.07000000,0.00549451,0.34939301,-0.02480677,0.07023089,-0.01229746,7.58869123,-8.71093845,-0.00005895,-0.24453571,0.00122106,0.62400436,
4206,7.97166586,1.60661614,10.23090649,6.00000000,-0.03222656,0.10957031,-0.23844865,-1.05378437,0.07794128,0.07000000,0.00549451,0.28002584,-0.23999999,0.23999999,-0.01229746,7.90634155,-8.83311176,-1.04816830,-0.44692022,0.00122106,0.55803555,
4214,7.18756485,1.01524830,15.76390743,6.00000000,-0.32871094,0.41733399,-0.05221146,-1.72780991,0.06693289,0.07000000,0.00549451,-0.02083811,-0.23999999,0.23999999,-0.01229746,5.90619421,-5.85557985,-1.71269011,-0.66653854,0.00122106,0.31727114,
4222,-0.10517370,-0.25726986,20.53136063,6.00000000,-0.35126954,0.43505859,0.15194376,-1.37275469,-0.04192909,0.07000000,0.00549451,-0.07653095,-0.21140440,0.19916913,-0.01229746,4.10326910,-3.91302824,-1.32837296,-0.06034386,0.00122106,0.20286317,
4230,2.63499022,0.90631217,12.86692333,6.00000000,-0.30776367,0.34643555,0.20267390,-0.33382094,-0.07560176,0.07000000,0.00549451,-0.27041617,-0.23999999,0.23999999,-0.01229746,1.75929189,-0.88488197,-0.33041835,-0.47760648,0.00122106,0.07219885,
4238,-0.77555019,-1.86617339,9.72932148,6.00000000,-0.35126954,0.42055663,0.24163318,0.41152391,-0.09545241,0.07000000,0.00549451,-0.38718796,-0.05013519,-0.00301665,-0.01229746,-0.42411500,1.72613060,0.41504338,-0.06419802,0.00122106,-0.05125491,
4246,-0.91321677,-1.29156494,6.02908278,6.00000000,-0.08056641,0.01450195,0.13095747,1.03527343,-0.04502524,0.07000000,0.00549451,-0.40378913,0.04224177,-0.09729663,-0.01229746,-1.41720724,2.72445917,1.04083109,-0.06466581,0.00122106,-0.08116788,
4253,-1.08919060,-0.33627853,3.36194229,5.00000000,0.04995117,-0.16274413,0.03963065,1.47568631,-0.03482383,0.07000000,0.00549451,-0.18941712,0.23999999,-0.23999999,-0.01229746,-0.92153382,1.53414440,1.48624349,0.07997765,0.00122106,0.02128178,
4262,-1.30945718,-0.56731898,5.64840508,6.00000000,0.33999023,-0.41733399,0.00915702,1.62808657,-0.02890144,0.07000000,0.00549451,0.07053132,0.23999999,-0.23999999,-0.01229746,1.55508828,-1.79070783,1.63741970,0.19727735,0.00122106,0.25388205,
4270,5.12615681,0.58070076,2.62333107,6.00000000,0.33999023,-0.41572267,-0.02589807,1.23440707,0.05251530,0.07000000,0.00549451,0.27053067,0.03663623,-0.00086860,-0.01229746,3.58839703,-4.43313646,1.25215471,-0.28118101,0.00122106,0.40121657,
4278,7.17319965,0.47894716,5.79923964,6.00000000,0.06606445,-0.01127930,-0.15041929,0.35820231,0.11854962,0.07000000,0.00549451,0.17498955,-0.23999999,0.23999999,-0.01229746,4.39822960,-4.97942400,0.36344814,-0.48961043,0.00122106,0.38339961,
4286,6.52197647,0.45979354,11.77396965,6.00000000,-0.32871094,0.40444335,-0.28202501,-0.47663635,0.21987504,0.07000000,0.00549451,-0.17469750,-0.23999999,0.23999999,-0.01229746,2.86757612,-2.28812671,-0.47718796,-0.54063451,0.00122106,0.15865459,
4294,-1.39445126,0.29459363,20.53136063,6.00000000,-0.35126954,0.43989259,-0.18114612,-0.41777372,0.19083084,0.07000000,0.00549451,-0.10740750,-0.08799870,0.07237778,-0.01229746,0.96865773,-0.62133718,-0.41202277,-0.02764392,0.00122106,0.02745782,
4302,2.64815831,3.12454009,13.57680416,6.00000000,-0.13696289,0.14179687,0.14105909,0.35094371,0.10804345,0.07000000,0.00549451,-0.18469459,-0.23999999,0.23999999,-0.01229746,-0.20769417,0.80285144,0.34988049,-0.47576463,0.00122106,-0.01211827,
4310,1.24036765,-1.23889256,10.00944328,6.00000000,-0.33837891,0.41411132,0.37348703,0.72755569,-0.00936439,0.07000000,0.00549451,-0.07656370,-0.08667871,0.07600746,-0.01229746,-1.53938031,1.79768908,0.72912407,-0.13887504,0.00122106,-0.07114313,
4318,-1.02694130,-1.44120264,9.88494492,6.00000000,-0.13696289,0.14824219,0.16977304,1.13314402,-0.06670925,0.07000000,0.00549451,-0.13757712,-0.00300402,-0.01567308,-0.01229746,-2.52549148,2.96531439,1.13367724,-0.10940836,0.00122106,-0.12171662,
4325,-0.57563436,-1.07608688,4.84155893,5.00000000,-0.01450195,-0.01933594,0.15222442,1.53567708,0.00198811,0.07000000,0.00549451,-0.10525690,0.23003253,-0.23999999,-0.01229746,-2.31779718,2.65988159,1.54396474,-0.00854807,0.00122106,-0.07228556,
4334,-1.09278190,-1.18143177,4.73741102,6.00000000,0.32548827,-0.41411132,-0.02670024,1.76861453,0.00752786,0.07000000,0.00549451,0.08235384,0.23999999,-0.23999999,-0.01229746,-0.34208453,0.07330383,1.77921164,0.11021627,0.00122106,0.11770991,
4342,3.44183612,-0.20220323,4.23941708,6.00000000,0.35126954,-0.42861328,-0.07504241,1.27518582,0.05192124,0.07000000,0.00549451,0.33332258,0.20336603,-0.15876365,-0.01229746,1.86575699,-2.89550114,1.28815770,-0.12969935,0.00122106,0.28098571,
4350,5.67921782,-0.15910760,6.56777811,6.00000000,0.29326171,-0.29003906,-0.07047337,0.46985197,0.06026572,0.07000000,0.00549451,0.29742220,-0.18190779,0.22108017,-0.01229746,3.71406078,-4.67399168,0.47342622,-0.32956204,0.00122106,0.35466233,
4358,8.40980434,0.03721695,8.30117989,6.00000000,-0.24492188,0.37543947,-0.12229114,-0.49560934,0.09855747,0.07000000,0.00549451,0.03738663,-0.23999999,0.23999999,-0.01229746,2.85884929,-2.99323964,-0.49525547,-0.63323981,0.00122106,0.18523277,
4366,0.59393322,0.27663711,20.53136063,6.00000000,-0.35449219,0.42861328,-0.19649211,-0.83449388,0.12304391,0.07000000,0.00549451,-0.17162558,-0.22963819,0.20509246,-0.01229746,1.41022611,-0.88837260,-0.82809174,-0.07398224,0.00122106,0.02258915,
4374,1.57675302,1.82927692,16.81496239,6.00000000,-0.33676758,0.37221679,-0.16256268,0.03411572,0.05751418,0.07000000,0.00549451,-0.16568428,-0.23999999,0.23999999,-0.01229746,-0.87615532,1.42069805,0.03933245,-0.40687570,0.00122106,-0.08525410,
4382,-0.41163152,1.13615549,13.56722736,6.00000000,-0.35610351,0.43344727,0.20311506,0.49374491,-0.08347814,0.07000000,0.00549451,-0.11920923,-0.13064533,0.11430871,-0.01229746,-2.69478822,3.07701564,0.49190930,-0.10378700,0.00122106,-0.18291217,
4390,-0.86772692,-0.11242066,9.92325211,6.00000000,-0.20141602,0.21914062,0.37449771,1.11547852,-0.16265960,0.07000000,0.00549451,-0.20359093,-0.03721885,0.00978348,-0.01229746,-3.79434562,4.45058966,1.11550772,-0.09515174,0.00122106,-0.22769479,
4397,-1.33459628,-2.31388903,5.57179022,5.00000000,-0.05961914,0.03061523,0.32268783,1.61734784,-0.16594979,0.07000000,0.00549451,-0.12220898,0.23999999,-0.23999999,-0.01229746,-4.09279728,4.48724174,1.62679458,0.06929143,0.00122106,-0.20301971,
4406,-1.30227458,-1.71055031,3.72586083,6.00000000,0.32709962,-0.41894531,-0.06173160,1.93470979,-0.10742598,0.07000000,0.00549451,0.00090755,0.23999999,-0.23999999,-0.01229746,-2.00712872,2.00538325,1.94864178,0.11507317,0.00122106,-0.00409544,
4414,2.24832654,-1.32029545,1.70515466,6.00000000,0.34482422,-0.42861328,-0.11103442,1.52974403,0.00268869,0.07000000,0.00549451,0.13219877,0.23999999,-0.23999999,-0.01229746,0.85346603,-1.31074226,1.55041075,-0.02295043,0.00122106,0.19499345,
4422,4.35522413,0.96377301,4.78649235,6.00000000,0.34321290,-0.42539063,-0.23203881,0.83968645,0.02536663,0.07000000,0.00549451,0.25922811,0.04991856,-0.01572219,-0.01229746,3.09272337,-3.94968009,0.85187262,-0.19956964,0.00122106,0.33285791,
4430,6.61175919,0.67886299,7.09091139,6.00000000,0.07573242,-0.03867187,-0.15603901,-0.05517344,0.03579174,0.07000000,0.00549451,0.26914147,-0.23999999,0.23999999,-0.01229746,3.78038335,-4.67224646,-0.05146623,-0.41479987,0.00122106,0.31779692,
4438,7.84357595,0.34367475,11.02338791,6.00000000,-0.32226563,0.38833007,-0.09879790,-0.94187081,0.06922498,0.07000000,0.00549451,0.01315764,-0.23999999,0.23999999,-0.01229746,1.43989658,-1.47305787,-0.93942297,-0.69978416,0.00122106,0.04110184,
4446,-2.01215529,0.09587489,20.53136063,6.00000000,-0.35126954,0.43505859,-0.12093909,-1.31790173,0.06843758,0.07000000,0.00549451,-0.08044270,-0.02376281,0.01169372,-0.01229746,0.03839725,0.20769417,-1.30780864,0.17086685,0.00122106,-0.10473478,
4454,2.05918455,1.24628878,15.73996544,6.00000000,-0.04189453,0.02739258,-0.05416133,-0.20571314,0.02049224,0.07000000,0.00549451,-0.06058295,-0.23999999,0.23999999,-0.01229746,-0.86219269,1.06988680,-0.19940484,-0.48744702,0.00122106,-0.08842279,
4462,3.36761594,0.63935870,5.67713547,6.00000000,-0.34160155,0.42055663,0.29157344,-0.19027261,-0.09788831,0.07000000,0.00549451,0.00905664,-0.23999999,0.23999999,-0.01229746,-2.86233997,2.83092403,-0.19126950,-0.39774245,0.00122106,-0.23294097,
4469,-3.35530257,-0.67984647,11.04373837,5.00000000,-0.35288087,0.42539063,0.16966607,-0.08761429,-0.18464434,0.07000000,0.00549451,-0.02754381,0.01653077,-0.02032328,-0.01229746,-4.22020626,4.30921793,-0.08769223,0.11763006,0.00122106,-0.33163041,
4478,-2.15580750,-0.87377679,5.21984291,6.00000000,0.01772461,-0.02739258,0.24998359,0.88095260,-0.13956848,0.07000000,0.00549451,-0.10829984,0.07237910,-0.08674981,-0.01229746,-4.87121391,5.19759035,0.87974650,0.03732561,0.00122106,-0.31723291,
4486,-2.10672641,-0.92644924,4.09815931,6.00000000,0.08862305,-0.13857421,-0.02361284,1.20415127,-0.11873146,0.07000000,0.00549451,-0.01969393,0.23999999,-0.23999999,-0.01229746,-3.44702530,3.52381968,1.21187317,0.22974671,0.00122106,-0.17312200,
4494,0.34613332,-0.34106693,4.23582602,6.00000000,0.34160155,-0.42055663,-0.06618227,1.26144648,-0.02367549,0.07000000,0.00549451,-0.08990412,0.23999999,-0.23999999,-0.01229746,-1.10304809,1.39626336,1.27187204,0.06261227,0.00122106,0.00613171,
4502,3.94342136,-1.55732143,6.85867357,6.00000000,0.35610351,-0.43344727,-0.15267593,0.56367046,0.08685523,0.07000000,0.00549451,0.00866301,-0.09339680,0.09373780,-0.01229746,1.55334306,-1.55857909,0.56898856,-0.20104612,0.00122106,0.15934674,
4510,7.06665754,0.04080825,9.66587543,6.00000000,-0.11279297,0.14985351,-0.29852241,-0.38342655,0.19194685,0.07000000,0.00549451,0.01641616,-0.23999999,0.23999999,-0.01229746,1.46084058,-1.52890837,-0.38421237,-0.49182343,0.00122106,0.08469462,
4518,4.10862112,1.30973518,16.89516640,6.00000000,-0.35288087,0.43022460,-0.39283621,-1.01046443,0.21726286,0.07000000,0.00549451,-0.00718895,-0.23999999,0.23999999,-0.01229746,-0.60039330,0.62308258,-1.00609481,-0.39878604,0.00122106,-0.12184232,
4526,-1.36452377,1.31452358,20.53136063,6.00000000,-0.34482422,0.43183595,-0.10157134,-0.41397575,0.13811627,0.07000000,0.00549451,0.04716487,-0.15832195,0.16421634,-0.01229746,-2.03679919,1.90589952,-0.40441173,-0.02130619,0.00122106,-0.18094501,
4534,2.21241355,1.50605965,13.84495449,6.00000000,-0.23686524,0.30776367,0.06870350,0.01414058,-0.02941549,0.07000000,0.00549451,0.11346768,-0.23999999,0.23999999,-0.01229746,-3.96887851,3.58490610,0.01734880,-0.45455036,0.00122106,-0.28294387,
4541,-0.14946643,0.08270678,9.78678226,5.00000000,-0.35610351,0.42539063,0.37997454,0.51168936,-0.18530200,0.07000000,0.00549451,0.13385531,-0.23999999,0.23999999,-0.01229746,-5.48207951,5.05098295,0.51161957,-0.19435135,0.00122106,-0.36187327,
4550,-2.53289413,-0.83068115,8.24491692,6.00000000,-0.35932618,0.42861328,0.33192939,1.05071557,-0.24080287,0.07000000,0.00549451,-0.02483861,-0.05267343,0.05009872,-0.01229746,-7.24835205,7.31816530,1.05096030,-0.02894318,0.00122106,-0.47487417,
4558,-1.52134395,-1.69498801,4.04069853,6.00000000,-0.07573242,0.09506836,0.12728471,1.78732944,-0.15925963,0.07000000,0.00549451,-0.16176428,0.03929077,-0.06010419,-0.01229746,-8.08087444,8.57480240,1.80924296,-0.04240130,0.00122106,-0.49788877,
4566,-1.98821330,-1.08566368,3.08062363,6.00000000,0.03061523,-0.09345703,-0.11705068,2.16225743,-0.08101522,0.07000000,0.00549451,-0.05476146,0.23999999,-0.23999999,-0.01229746,-7.54680347,7.71959114,2.17932487,0.13875332,0.00122106,-0.41477293,
4574,-1.34776437,0.29698783,4.45130396,6.00000000,0.33032227,-0.41088867,-0.18826099,2.40569639,-0.04731756,0.07000000,0.00549451,-0.06543127,0.23999999,-0.23999999,-0.01229746,-5.11730576,5.30405569,2.42046499,0.20595554,0.00122106,-0.21236002,
4582,3.36522174,-1.04735637,4.86310673,6.00000000,0.33999023,-0.42377931,-0.00143473,1.86766636,0.06795165,0.07000000,0.00549451,0.18321770,0.17754446,-0.15248138,-0.01229746,-2.26020145,1.68773329,1.83000803,-0.11720856,0.00122106,-0.00691211,
4590,5.43979740,-0.57091027,8.66869068,6.00000000,0.25458986,-0.27714843,-0.22844817,0.96735877,0.09669750,0.07000000,0.00549451,0.16182822,-0.15424198,0.17577410,-0.01229746,-0.02094395,-0.51836282,0.96656358,-0.28052211,0.00122106,0.09078671,
4598,6.80209827,0.12819661,11.26520157,6.00000000,-0.21108398,0.28520507,-0.41584527,-0.05630730,0.14657269,0.07000000,0.00549451,-0.02589163,-0.23999999,0.23999999,-0.01229746,-0.64402652,0.72256637,-0.05919564,-0.43083084,0.00122106,-0.05520955,
4606,3.24790573,0.93504256,17.66011429,6.00000000,-0.34482422,0.43666992,-0.25320137,-0.73516297,0.14193952,0.07000000,0.00549451,-0.15911412,-0.23999999,0.23999999,-0.01229746,-2.81696129,3.37546659,-0.76335436,-0.41762522,0.00122106,-0.29236740,
4613,-2.63704205,1.59225094,20.53136063,5.00000000,-0.35771483,0.42700195,-0.06881189,-0.34647951,-0.05063924,0.07000000,0.00549451,-0.00628541,-0.06640328,0.06544437,-0.01229746,-4.33888865,4.36332321,-0.33800888,0.09531844,0.00122106,-0.35629553,
4622,0.61667812,1.29896128,12.18218136,6.00000000,-0.10634766,0.12246094,0.32134014,0.22606249,-0.20509565,0.07000000,0.00549451,0.12586534,-0.23999999,0.23999999,-0.01229746,-5.76133204,5.32674503,0.25029758,-0.30442899,0.00122106,-0.40257636,
4630,0.77110410,-0.85582030,4.03710699,6.00000000,-0.34965819,0.41411132,0.54220021,0.50085449,-0.36863178,0.07000000,0.00549451,0.10922185,-0.23999999,0.23999999,-0.01229746,-7.33038282,6.97957134,0.50145292,-0.28085127,0.00122106,-0.50677907,
4638,-5.23953915,-2.32226872,6.73178101,6.00000000,-0.34804687,0.44633788,0.33863875,0.84233975,-0.35946423,0.07000000,0.00549451,-0.03716777,0.19654453,-0.20054704,-0.01229746,-8.99717236,9.17345047,0.84122199,0.22784576,0.00122106,-0.63036329,
4646,-2.12468290,-1.90208638,1.77698076,6.00000000,0.26103514,-0.33193359,0.05974961,1.73469186,-0.24927881,0.07000000,0.00549451,-0.06736562,0.18952534,-0.19741462,-0.01229746,-8.80518627,8.98146343,1.74436903,0.08449726,0.00122106,-0.54362619,
4654,-1.37529767,-0.54577118,1.07547963,6.00000000,0.27231446,-0.33193359,-0.09403407,1.79132628,-0.17545566,0.07000000,0.00549451,0.06563054,0.23999999,-0.23999999,-0.01229746,-5.71420765,5.49604177,1.72860169,0.29703087,0.00122106,-0.29616195,
4662,1.72639060,0.35684288,4.03950119,6.00000000,0.34321290,-0.41733399,-0.10771435,1.41106021,-0.10890093,0.07000000,0.00549451,0.19060621,0.23999999,-0.23999999,-0.01229746,-3.08574224,2.48883963,1.42561960,0.04740325,0.00122106,-0.10472418,
4670,3.11263347,0.12580241,8.34427643,6.00000000,0.35126954,-0.42539063,-0.29261291,0.64255422,-0.03358069,0.07000000,0.00549451,0.32806763,0.13752906,-0.09344334,-0.01229746,-0.38920841,-0.65973443,0.64570820,-0.02719974,0.00122106,0.05944981,
4678,6.19157696,0.84765422,13.12669373,6.00000000,0.20947266,-0.18208008,-0.35549012,-0.38029674,0.09798725,0.07000000,0.00549451,0.26311219,-0.23999999,0.23999999,-0.01229746,1.00880027,-1.86750233,-0.38059211,-0.22559460,0.00122106,0.07965574,
4685,6.77935314,1.12059319,16.14219093,5.00000000,-0.31904298,0.38994139,-0.35951123,-1.27526891,0.11936852,0.07000000,0.00549451,0.04791598,-0.23999999,0.23999999,-0.01229746,-0.54628801,0.39269909,-1.26695752,-0.39129201,0.00122106,-0.13060781,
4694,-0.25720552,0.64773840,20.53136063,6.00000000,-0.35126954,0.43505859,-0.23541845,-1.82468653,0.06627558,0.07000000,0.00549451,-0.19045883,-0.23999999,0.23999999,-0.01229746,-1.89542758,2.48185825,-1.80553114,-0.12163690,0.00122106,-0.30401960,
4702,2.15614986,1.17925119,15.05402660,6.00000000,-0.34643555,0.41733399,0.12398758,-0.91282588,-0.08168972,0.07000000,0.00549451,-0.06589560,-0.23999999,0.23999999,-0.01229746,-4.79616451,4.99687767,-0.90331876,-0.41139668,0.00122106,-0.44164145,
4710,-3.40558076,1.61499584,11.23288059,6.00000000,-0.35126954,0.42539063,0.46808401,-0.51445812,-0.29984745,0.07000000,0.00549451,-0.13705403,-0.10255696,0.08415188,-0.01229746,-6.47168064,6.94291973,-0.50460303,0.15766177,0.00122106,-0.55016649,
4718,-1.38607156,-0.77202320,2.67241216,6.00000000,-0.15146485,0.16596679,0.68976521,0.31849295,-0.34448227,0.07000000,0.00549451,-0.25610194,-0.12899072,0.09489828,-0.01229746,-7.94299364,8.77202511,0.31427211,0.06243316,0.00122106,-0.61290097,
4726,-2.73041582,-2.66463971,0.11660182,6.00000000,-0.19980469,0.16113281,0.41747358,0.74346763,-0.28729987,0.07000000,0.00549451,-0.16906141,0.23999999,-0.23999999,-0.01229746,-8.80344105,9.33751106,0.75280166,0.30275285,0.00122106,-0.63427836,
4734,-3.93948770,-1.90088928,2.61973977,6.00000000,0.33193359,-0.40605468,0.10818942,1.31554079,-0.21202472,0.07000000,0.00549451,-0.17665862,0.23999999,-0.23999999,-0.01229746,-7.00749683,7.59916353,1.32386684,0.38063562,0.00122106,-0.45387766,
4742,-0.43916485,-2.06608915,0.88394344,6.00000000,0.34643555,-0.41572267,-0.05470971,1.35463905,-0.06854397,0.07000000,0.00549451,-0.02182367,0.23999999,-0.23999999,-0.01229746,-3.60410500,3.64948368,1.37432539,0.28520620,0.00122106,-0.17168844,
4750,1.70005441,-0.73132181,4.71227217,6.00000000,0.33999023,-0.42216796,-0.39582586,0.91268843,0.03385927,0.07000000,0.00549451,0.14520092,0.23999999,-0.23999999,-0.01229746,-0.71209431,0.23736478,0.92294836,0.06608695,0.00122106,0.03412907,
4757,4.15889931,1.17087150,9.55095387,5.00000000,0.34965819,-0.42700195,-0.67048472,0.14860287,0.16884245,0.07000000,0.00549451,0.17300597,0.01840976,0.00413318,-0.01229746,1.49574709,-2.03854465,0.15143478,-0.07313912,0.00122106,0.14987630,
4766,6.71351290,2.50204754,14.69250202,6.00000000,0.04672851,-0.01289062,-0.51667380,-0.91087508,0.20811132,0.07000000,0.00549451,0.22223261,-0.23999999,0.23999999,-0.01229746,1.83085036,-2.54469013,-0.90704507,-0.29485935,0.00122106,0.09764642,
4774,7.33241367,1.48331475,18.33049202,6.00000000,-0.32548827,0.39799803,-0.18936177,-1.80284655,0.15180297,0.07000000,0.00549451,0.08611228,-0.23999999,0.23999999,-0.01229746,-0.93724179,0.66147983,-1.78580761,-0.58888054,0.00122106,-0.19753718,
4782,-3.12067080,0.28621393,20.53136063,6.00000000,-0.34643555,0.43828124,-0.00263850,-2.00090170,0.00486001,0.07000000,0.00549451,-0.00180737,-0.17739016,0.17619208,-0.01229746,-2.19911480,2.19736958,-1.97953737,0.20626944,0.00122106,-0.31722569,
4790,3.13298416,0.77582818,13.66179752,6.00000000,-0.25620118,0.31098634,0.32662722,-1.22105384,-0.15797518,0.07000000,0.00549451,-0.00384620,-0.23999999,0.23999999,-0.01229746,-4.56403589,4.54832792,-1.22777355,-0.59723163,0.00122106,-0.44134089,
4798,-3.96821809,-0.13396847,8.33948803,6.00000000,-0.34804687,0.41894531,0.52084470,-0.73377144,-0.31265932,0.07000000,0.00549451,0.06303322,-0.00280681,0.01149784,-0.01229746,-6.29540300,6.04582024,-0.70434213,0.23761070,0.00122106,-0.52693355,
4806,-2.96744180,-1.73928070,1.34841859,6.00000000,-0.01127930,0.02900391,0.38499868,0.00669282,-0.32201937,0.07000000,0.00549451,-0.09942392,-0.02872817,0.01567934,-0.01229746,-7.07207441,7.37227058,-0.00358611,0.14719734,0.00122106,-0.55052096,
4814,-3.09672880,-2.32825422,-0.99191356,6.00000000,-0.04833984,0.04350586,0.38413757,0.48038062,-0.26161879,0.07000000,0.00549451,-0.13873771,0.23999999,-0.23999999,-0.01229746,-6.65668583,7.08080101,0.48149744,0.36998814,0.00122106,-0.48710644,
4822,-3.63781834,-0.74089861,1.09822452,6.00000000,-0.04833984,-0.40444335,0.15273984,0.85121995,-0.18489380,0.07000000,0.00549451,0.38094765,0.23999999,-0.23999999,-0.01229746,-6.20639086,4.98291492,0.85682213,0.45460790,0.00122106,-0.36266756,
4829,-0.38409820,-1.79674160,-0.58250505,5.00000000,0.33676758,-0.42055663,0.04437346,0.86622143,-0.06352242,0.07000000,0.00549451,-0.07841116,0.23999999,-0.23999999,-0.01229746,-1.43116999,1.68424273,0.87396979,0.33360708,0.00122106,-0.04764599,
4838,2.51528001,0.26107481,5.74896145,6.00000000,0.34321290,-0.43183595,-0.57001877,0.26625118,0.17275150,0.07000000,0.00549451,-0.05387040,0.05795791,-0.06618805,-0.01229746,1.47654855,-1.30027032,0.27139819,-0.03967744,0.00122106,0.12326871,
4846,6.83322287,1.46775246,11.37294102,6.00000000,0.09506836,-0.13051757,-0.76060855,-0.56503350,0.34838763,0.07000000,0.00549451,-0.07531703,-0.23999999,0.23999999,-0.01229746,2.34223175,-2.09788561,-0.56606698,-0.47596449,0.00122106,0.12746127,
4854,7.02116776,2.63013744,18.26704407,6.00000000,-0.31420898,0.40444335,-0.60302860,-1.32109284,0.33282825,0.07000000,0.00549451,-0.09766297,-0.23999999,0.23999999,-0.01229746,-0.16057029,0.47996554,-1.31419992,-0.57499975,0.00122106,-0.11920896,
4862,1.44148064,2.30572295,20.53136063,6.00000000,-0.35449219,0.43344727,-0.18314387,-1.67690921,0.18365657,0.07000000,0.00549451,-0.01338765,-0.23999999,0.23999999,-0.01229746,-2.15897226,2.15373635,-1.65950620,-0.27196485,0.00122106,-0.29179502,
4870,3.16530585,1.53718436,18.03839874,6.00000000,-0.33515626,0.43666992,0.21046104,-0.83495367,-0.04204627,0.07000000,0.00549451,0.06529374,-0.23999999,0.23999999,-0.01229746,-5.04923725,4.82758093,-0.81742519,-0.52058005,0.00122106,-0.43821406,
4878,-2.94828820,1.52281904,12.90642738,6.00000000,-0.34804687,0.44311523,0.48108673,-0.38066077,-0.26650450,0.07000000,0.00549451,0.15062991,-0.19578329,0.21659064,-0.01229746,-7.02145958,6.50309706,-0.37765384,0.05802524,0.00122106,-0.54407489,
4886,-2.72562742,0.05876476,3.08182073,6.00000000,-0.29648438,0.37866211,0.58002216,0.50320536,-0.34431794,0.07000000,0.00549451,-0.00867422,-0.17278865,0.17250490,-0.01229746,-8.78424168,8.77377033,0.49905998,0.00056449,0.00122106,-0.62920272,
4894,-3.38523006,-2.27558184,-0.11204445,6.00000000,-0.26264650,0.30454102,0.46118030,1.11495984,-0.29636723,0.07000000,0.00549451,-0.17060259,0.13828078,-0.16011164,-0.01229746,-10.35329342,10.86292934,1.12897015,0.18529837,0.00122106,-0.72162700,
4901,-4.58352804,-2.93398738,-0.14436616,5.00000000,0.19335937,-0.25297850,0.27754036,1.87391245,-0.25635019,0.07000000,0.00549451,-0.13409701,0.23999999,-0.23999999,-0.01229746,-10.06007862,10.49641037,1.89028573,0.41990530,0.00122106,-0.63958484,
4910,-1.70809174,-1.24846935,-1.45160031,6.00000000,0.32548827,-0.41249999,-0.00063065,2.09426832,-0.20067868,0.07000000,0.00549451,0.08597408,0.23999999,-0.23999999,-0.01229746,-6.93768358,6.66017675,2.12271976,0.38708177,0.00122106,-0.35953468,
4918,-1.96307421,-0.87257969,4.07780838,6.00000000,0.33837891,-0.42700195,-0.18828444,1.92751563,-0.07736077,0.07000000,0.00549451,0.16835991,0.23999999,-0.23999999,-0.01229746,-3.73500466,3.18173528,1.94325638,0.47149703,0.00122106,-0.11339925,
4926,2.19086576,-0.90131015,9.46715641,6.00000000,0.35288087,-0.41894531,-0.68091404,1.26682508,0.17406842,0.07000000,0.00549451,0.22665648,0.23999999,-0.23999999,-0.01229746,-0.71907568,-0.01745329,1.26828456,0.14072394,0.00122106,0.06866857,
4934,5.54035378,2.14650869,14.81221199,6.00000000,0.35449219,-0.44150391,-0.81731910,0.27948552,0.33979490,0.07000000,0.00549451,0.38272718,0.01356504,0.03759298,-0.01229746,1.08210409,-2.32128787,0.27560335,-0.10181768,0.00122106,0.14774464,
4942,6.99363422,2.74865031,18.73271751,6.00000000,0.03222656,0.05156250,-0.46885997,-0.85832089,0.24581745,0.07000000,0.00549451,0.33257863,-0.23999999,0.23999999,-0.01229746,1.20602250,-2.27590919,-0.85149539,-0.17992428,0.00122106,0.06723116,
4950,6.76738214,0.44303414,20.53136063,6.00000000,-0.33515626,0.41411132,0.01440734,-1.74092376,0.09449013,0.07000000,0.00549451,0.16698204,-0.23999999,0.23999999,-0.01229746,-1.53588974,1.00007367,-1.72496462,-0.59120160,0.00122106,-0.23160347,
4958,-3.60310245,-0.08129604,20.53136063,6.00000000,-0.34482422,0.42539063,0.18820706,-1.80559325,-0.08392886,0.07000000,0.00549451,0.15198493,-0.17183164,0.19174384,-0.01229746,-3.09446883,2.61101270,-1.78481221,0.19001734,0.00122106,-0.35370481,
4966,1.31339085,-0.23572205,11.95592880,6.00000000,-0.24814454,0.35126954,0.56322026,-1.05860639,-0.19831975,0.07000000,0.00549451,0.03180465,-0.23999999,0.23999999,-0.01229746,-5.13824940,5.03876591,-1.05853391,-0.46893856,0.00122106,-0.46990949,
4973,-4.04962111,-0.72653341,5.74058151,5.00000000,-0.35449219,0.43022460,0.54278386,-0.50486565,-0.29937902,0.07000000,0.00549451,0.03661454,-0.07641445,0.08168322,-0.01229746,-6.94990110,6.81725597,-0.52762324,0.17657778,0.00122106,-0.56814629,
4982,-3.14700699,-2.44916153,-0.57891375,6.00000000,-0.12729493,0.14501953,0.32686141,0.26182809,-0.26799580,0.07000000,0.00549451,-0.17711544,0.01756722,-0.04091150,-0.01229746,-8.22748184,8.75806236,0.22534174,0.18102199,0.00122106,-0.62896097,
4990,-4.07236576,-2.00503707,-2.93241405,6.00000000,0.01450195,-0.06445312,0.49183118,0.85506672,-0.24427012,0.07000000,0.00549451,-0.23315528,0.23999999,-0.23999999,-0.01229746,-7.93775702,8.68650436,0.86136508,0.48707062,0.00122106,-0.56799716,
4998,-3.48937774,-0.34346113,-0.33231100,6.00000000,0.32871094,-0.41249999,0.25428417,1.21970940,-0.20319097,0.07000000,0.00549451,-0.15913647,0.23999999,-0.23999999,-0.01229746,-5.51698589,6.03185797,1.23101878,0.54434013,0.00122106,-0.34908730,
5006,-1.76315832,-0.69780296,1.27898669,6.00000000,0.33837891,-0.42216796,0.08182490,1.22489703,-0.06824459,0.07000000,0.00549451,-0.07298137,0.23999999,-0.23999999,-0.01229746,-2.17118955,2.40680885,1.24016464,0.47236010,0.00122106,-0.08302894,
5014,2.57393789,-0.45957991,6.28885365,6.00000000,0.34804687,-0.43022460,-0.55103070,0.75896442,0.19920672,0.07000000,0.00549451,-0.08900841,0.14374688,-0.15649818,-0.01229746,0.76619959,-0.51138145,0.76642525,-0.03251973,0.00122106,0.10842083,
5022,4.67484999,1.08348310,13.12430000,6.00000000,0.21914062,-0.28520507,-0.88296795,0.02412100,0.41370356,0.07000000,0.00549451,-0.05221508,-0.23999999,0.23999999,-0.01229746,2.06297922,-1.90764487,0.01944721,-0.27849510,0.00122106,0.15320697,
5030,6.02517986,2.99884439,19.14691353,6.00000000,-0.31582031,0.39960939,-0.71913904,-0.89025342,0.41187873,0.07000000,0.00549451,0.00876071,-0.23999999,0.23999999,-0.01229746,0.21467550,-0.23387411,-0.89032310,-0.38808978,0.00122106,-0.04639970,
5038,0.22043774,-0.05136852,20.53136063,6.00000000,-0.35449219,0.43666992,-0.30329594,-1.27066886,0.21398161,0.07000000,0.00549451,-0.08852014,-0.23999999,0.23999999,-0.01229746,-2.10835791,2.38586497,-1.25737095,-0.17538813,0.00122106,-0.26423681,
5045,0.38204634,3.14010239,19.65209007,5.00000000,-0.33837891,0.42216796,0.36306179,-0.62478250,0.00521053,0.07000000,0.00549451,0.09174660,-0.23999999,0.23999999,-0.01229746,-5.05796385,4.78918314,-0.55168921,-0.23289855,0.00122106,-0.41732794,
5054,-2.88963032,0.45859644,13.42357445,6.00000000,-0.35288087,0.43666992,0.53442204,-0.14172141,-0.28655845,0.07000000,0.00549451,0.16341884,-0.23615344,0.23999999,-0.01229746,-7.34434509,6.80678415,-0.13890952,0.00018568,0.00122106,-0.54968482,
5062,-3.49775743,-0.27043799,3.51277685,6.00000000,-0.34482422,0.42216796,0.77735066,0.71211320,-0.37011859,0.07000000,0.00549451,-0.03984679,-0.13472188,0.13036488,-0.01229746,-9.34798336,9.43874073,0.70998698,0.01382741,0.00122106,-0.66178054,
5070,-3.18172288,-2.13432407,0.23870611,6.00000000,-0.20947266,0.22558594,0.61208224,1.35552597,-0.28917399,0.07000000,0.00549451,-0.25407210,0.12644288,-0.15945837,-0.01229746,-10.77915287,11.66927052,1.37822270,0.15886204,0.00122106,-0.75006944,
5078,-4.86604357,-3.55169129,-2.13873625,6.00000000,0.16918945,-0.26103514,0.51818746,1.97770643,-0.19084911,0.07000000,0.00549451,-0.13494152,0.23999999,-0.23999999,-0.01229746,-10.35503864,10.81755066,2.00412703,0.54024982,0.00122106,-0.65325367,
5086,-2.93392301,-0.64273632,-2.80073285,6.00000000,0.32871094,-0.40766603,-0.01034731,2.27713609,-0.17746247,0.07000000,0.00549451,0.08424345,0.23999999,-0.23999999,-0.01229746,-7.49968004,7.25009775,2.30932665,0.56618845,0.00122106,-0.38522086,
5094,-3.73478341,0.22037338,3.76416802,6.00000000,0.35126954,-0.41249999,-0.16033302,2.22520804,0.01312792,0.07000000,0.00549451,0.02657180,0.23999999,-0.23999999,-0.01229746,-3.82052565,3.73325920,2.24186015,0.68024564,0.00122106,-0.11393994,
5102,2.49852061,-1.77878499,7.66432285,6.00000000,0.34482422,-0.41894531,-0.62141663,1.80402291,0.30639675,0.07000000,0.00549451,0.11633620,0.23999999,-0.23999999,-0.01229746,-0.79587013,0.41364303,1.81648421,0.01241499,0.00122106,0.09703581,
5110,2.51408291,1.31452358,14.35013103,6.00000000,0.35288087,-0.42377931,-1.04481292,0.94998318,0.48759401,0.07000000,0.00549451,0.24658847,0.23999999,-0.23999999,-0.01229746,1.28281701,-2.04552579,0.94160587,0.16311170,0.00122106,0.19534507,
5117,4.52281809,3.27417755,18.22754097,5.00000000,0.36738282,-0.43183595,-0.88221478,0.05982729,0.42950231,0.07000000,0.00549451,0.51354909,0.19824894,-0.12962526,-0.01229746,2.46440482,-4.12944889,0.05673897,0.01857644,0.00122106,0.25627601,
5126,4.29177761,1.39832056,20.53136063,6.00000000,0.29487306,-0.24169922,-0.01672400,-1.13510692,0.18308616,0.07000000,0.00549451,0.75142246,-0.17030111,0.23999999,-0.01229746,3.15730047,-5.58679914,-1.12837327,-0.11105076,0.00122106,0.24902289,
5134,4.74069071,-0.84504640,18.81651497,6.00000000,-0.21752930,0.38510743,0.33485115,-2.09306192,-0.02986614,0.07000000,0.00549451,0.55213523,-0.23999999,0.23999999,-0.01229746,1.65282679,-3.45575190,-2.07930970,-0.37953192,0.00122106,0.03864001,
5142,-1.60873234,-2.93159318,20.53136063,6.00000000,-0.33676758,0.41894531,0.38889492,-2.40486932,-0.10841249,0.07000000,0.00549451,0.23771578,-0.23999999,0.23999999,-0.01229746,-1.56032443,0.77667153,-2.38527966,-0.28048185,0.00122106,-0.27350014,
5150,-4.97019148,-1.60879672,15.16056824,6.00000000,-0.35932618,0.42539063,0.22600202,-1.67984033,-0.19815962,0.07000000,0.00549451,-0.02695528,-0.23183374,0.22750831,-0.01229746,-3.31787109,3.42084527,-1.66722059,0.15056577,0.00122106,-0.38478801,
5158,-2.78548241,-2.50542521,3.68755364,6.00000000,-0.33999023,0.40122071,0.43113431,-0.81039023,-0.13533713,0.07000000,0.00549451,-0.20557398,-0.21355265,0.18555760,-0.01229746,-5.38084984,6.09468985,-0.80345833,0.10031224,0.00122106,-0.49537182,
5166,-4.01490498,-1.28079104,-1.31034243,6.00000000,-0.32226563,0.33032227,0.31048420,-0.15096509,-0.11824285,0.07000000,0.00549451,-0.38711315,0.14613470,-0.19826461,-0.01229746,-7.39670515,8.64810658,-0.16030425,0.33041036,0.00122106,-0.62176096,
5174,-4.53324986,-0.27881768,-2.02979994,6.00000000,0.19335937,-0.33515626,0.47767490,0.68633068,-0.07570466,0.07000000,0.00549451,-0.32463685,0.23999999,-0.23999999,-0.01229746,-7.18377542,8.22399139,0.68552250,0.59795707,0.00122106,-0.53628153,
5182,-2.05764508,1.34085977,-4.06846285,6.00000000,0.33676758,-0.40766603,0.44763893,1.00676310,-0.07189919,0.07000000,0.00549451,0.01936683,0.23999999,-0.23999999,-0.01229746,-4.35983229,4.31619930,1.01612329,0.64553845,0.00122106,-0.26155958,
5189,-2.29945946,0.28621393,2.70712805,5.00000000,0.33676758,-0.42539063,-0.13908002,0.95140898,0.09504890,0.07000000,0.00549451,0.12519254,0.23999999,-0.23999999,-0.01229746,-1.08734012,0.70685834,0.96096462,0.53332853,0.00122106,0.00479467,
5198,1.16135895,-0.45000309,8.82551098,6.00000000,0.35126954,-0.42861328,-0.62888706,0.58705604,0.49314040,0.07000000,0.00549451,0.07897527,0.23999999,-0.23999999,-0.01229746,1.69995070,-1.91288078,0.58889699,0.15972835,0.00122106,0.18229088,
5206,3.07552338,2.33086228,13.55884743,6.00000000,0.35449219,-0.43344727,-0.95657611,-0.05285742,0.55967903,0.07000000,0.00549451,0.19791138,0.16477653,-0.13921997,-0.01229746,3.36848545,-4.01774788,-0.05354345,0.01754551,0.00122106,0.27554673,
5214,3.40472603,1.20319319,17.52484322,6.00000000,0.25458986,-0.26586914,-0.72803962,-0.97301257,0.52464336,0.07000000,0.00549451,0.37967294,0.11533576,-0.06549396,-0.01229746,4.20973396,-5.43146467,-0.96986234,0.08150873,0.00122106,0.29155469,
5222,3.49929690,3.13172269,19.84961128,6.00000000,0.18691406,-0.13374023,-0.21983314,-1.78665149,0.30305728,0.07000000,0.00549451,0.53801262,-0.23999999,0.23999999,-0.01229746,4.09279728,-5.84685278,-1.76092339,-0.07303181,0.00122106,0.24401155,
5230,3.32452035,-0.12558877,18.61779594,6.00000000,-0.32871094,0.39477539,0.22561750,-2.41970587,0.07715642,0.07000000,0.00549451,0.45801049,-0.23999999,0.23999999,-0.01229746,1.73485732,-3.21838713,-2.39380980,-0.27961165,0.00122106,0.01037022,
5238,-2.87287092,-1.70217061,20.53136063,6.00000000,-0.36093751,0.42055663,0.40632585,-2.40496111,-0.01947958,0.07000000,0.00549451,0.25545922,-0.23999999,0.23999999,-0.01229746,-0.36477381,-0.44505897,-2.37501001,-0.16765031,0.00122106,-0.17761435,
5246,-1.92955542,-2.43838763,8.65911388,6.00000000,-0.34643555,0.41411132,0.45575812,-1.20451820,-0.14454807,0.07000000,0.00549451,0.02557614,-0.23999999,0.23999999,-0.01229746,-2.79601741,2.72096825,-1.21614969,-0.19263160,0.00122106,-0.30070817,
5254,-5.63099146,-1.83265460,2.90584683,6.00000000,-0.35932618,0.42055663,0.32371721,-0.56155342,-0.14529310,0.07000000,0.00549451,-0.16162586,0.15337861,-0.17542388,-0.01229746,-4.87470436,5.35816097,-0.57446009,0.31632274,0.00122106,-0.43335027,
5261,-4.80618858,-0.76124930,-0.53701526,5.00000000,0.20141602,-0.29165038,0.39518934,0.32557788,-0.14212093,0.07000000,0.00549451,-0.20384340,0.23999999,-0.23999999,-0.01229746,-4.90786600,5.56410933,0.31947529,0.47722504,0.00122106,-0.37543494,
5270,-2.70288253,-0.43803209,-5.56124735,6.00000000,0.33354491,-0.41088867,0.43020853,0.72360605,-0.07833289,0.07000000,0.00549451,0.05970776,0.23999999,-0.23999999,-0.01229746,-2.03854465,1.84306765,0.73124552,0.62022650,0.00122106,-0.09455931,
5278,-2.40360737,0.66928619,0.33567128,6.00000000,0.34643555,-0.42377931,0.22978263,0.62372798,-0.00831086,0.07000000,0.00549451,0.14287792,0.23999999,-0.23999999,-0.01229746,1.02625358,-1.48876595,0.63336116,0.54500383,0.00122106,0.13759403,
5286,1.03686047,-1.96672988,6.16315842,6.00000000,0.34804687,-0.44150391,-0.45946610,0.36631179,0.25312230,0.07000000,0.00549451,0.16303323,0.23999999,-0.23999999,-0.01229746,3.47320533,-4.00727606,0.36739194,0.19135070,0.00122106,0.31213224,
5294,1.66773272,1.53000176,13.27513409,6.00000000,0.36577147,-0.44311523,-0.88098466,-0.14472321,0.49436975,0.07000000,0.00549451,0.21972975,0.23999999,-0.23999999,-0.01229746,5.35292482,-6.05280161,-0.14440012,0.20249476,0.00122106,0.42516974,
5302,5.19558907,1.61379874,18.25267982,6.00000000,0.36738282,-0.42861328,-1.04588556,-1.15464127,0.54190332,0.07000000,0.00549451,0.34760442,-0.02191783,0.06690769,-0.01229746,6.76664162,-7.88888836,-1.14969635,-0.05104847,0.00122106,0.47124633,
5310,6.03834772,3.45254564,19.65568161,6.00000000,-0.00966797,0.09829102,-0.39355358,-2.17203069,0.34666690,0.07000000,0.00549451,0.50753117,-0.23999999,0.23999999,-0.01229746,6.19068289,-7.83129263,-2.14298701,-0.12511325,0.00122106,0.37115377,
5318,1.44866323,0.95299911,20.53136063,6.00000000,-0.32065430,0.39799803,0.10086399,-2.60965705,0.10033213,0.07000000,0.00549451,0.49916258,-0.23999999,0.23999999,-0.01229746,2.87804794,-4.51865721,-2.56899309,-0.18857193,0.00122106,0.08951300,
5326,-1.64823675,0.54598480,20.53136063,6.00000000,-0.35449219,0.42216796,0.41628528,-2.49668050,-0.08511822,0.07000000,0.00549451,0.29558623,-0.23999999,0.23999999,-0.01229746,0.71558499,-1.67377079,-2.45217872,-0.27561140,0.00122106,-0.09043260,
5333,-1.68893814,-3.48944211,11.08324242,5.00000000,-0.35126954,0.41894531,0.84640032,-1.35013413,-0.18349427,0.07000000,0.00549451,0.08602232,-0.23999999,0.23999999,-0.01229746,-1.59697628,1.31597829,-1.35674644,-0.37098318,0.00122106,-0.21759027,
5342,-4.99772501,-3.02376986,2.41144419,6.00000000,-0.35288087,0.42377931,0.51022476,-0.67942595,-0.16145039,0.07000000,0.00549451,-0.21468823,-0.04777686,0.01830830,-0.01229746,-3.78561902,4.45931625,-0.69860327,0.16836140,0.00122106,-0.37005913,
5350,-4.49374533,-3.01898146,-2.42843461,6.00000000,-0.06928711,0.04189453,0.39439377,0.34939772,-0.09692855,0.07000000,0.00549451,-0.31124640,0.23999999,-0.23999999,-0.01229746,-4.98989630,5.98298836,0.34349436,0.42144403,0.00122106,-0.39206427,
5358,-3.19608808,-1.09643757,-4.40245390,6.00000000,0.33837891,-0.40766603,0.23318551,0.87004864,-0.02788023,0.07000000,0.00549451,-0.23051934,0.23999999,-0.23999999,-0.01229746,-3.33881497,4.09105158,0.87932944,0.53244090,0.00122106,-0.21456854,
5366,-2.58197546,1.28938448,-2.32787800,6.00000000,0.33515626,-0.40444335,0.20290528,0.97179478,0.01335234,0.07000000,0.00549451,0.04551375,0.23999999,-0.23999999,-0.01229746,-0.06457718,-0.08377581,0.98361355,0.61767048,0.00122106,0.07539080,
5374,-2.34973788,0.29100233,4.48602009,6.00000000,0.35288087,-0.43666992,-0.33193606,0.93315375,0.17860024,0.07000000,0.00549451,0.00524992,0.23999999,-0.23999999,-0.01229746,2.81347060,-2.82568789,0.94028890,0.52507800,0.00122106,0.28346193,
5382,2.33571482,0.62978184,10.66784859,6.00000000,0.35932618,-0.42055663,-0.69991642,0.47632343,0.53799325,0.07000000,0.00549451,0.01538409,0.23999999,-0.23999999,-0.01229746,5.07367229,-5.09810686,0.54021323,-0.01520866,0.00122106,0.42738920,
5390,4.65330219,1.19002509,15.96980858,6.00000000,0.36577147,-0.42377931,-0.95048463,-0.39221284,0.59472477,0.07000000,0.00549451,0.12292609,-0.06780857,0.08249076,-0.01229746,6.61828852,-7.09825420,-0.45960557,-0.16448990,0.00122106,0.48854879,
5398,5.40867281,2.91983581,18.79137421,6.00000000,-0.07250977,0.12084961,-0.74094224,-1.43609262,0.49761647,0.07000000,0.00549451,0.28492337,-0.16608883,0.20260791,-0.01229746,6.03360367,-6.95688248,-1.42611372,-0.09123811,0.00122106,0.38607764,
5405,1.25233865,1.53479016,20.53136063,5.00000000,-0.22236328,0.33676758,-0.15483044,-1.93270087,0.28942961,0.07000000,0.00549451,0.13289283,-0.23999999,0.23999999,-0.01229746,3.76467514,-4.19402647,-1.90595365,-0.11375067,0.00122106,0.15788722,
5414,-2.21326828,1.63654363,20.53136063,6.00000000,-0.34643555,0.43183595,0.25237644,-1.68062294,-0.01164678,0.07000000,0.00549451,0.34457311,-0.23999999,0.23999999,-0.01229746,0.61261052,-1.72263992,-1.64799666,-0.00000939,0.00122106,-0.03677863,
5422,-2.18453789,0.00369812,12.60595512,6.00000000,-0.34482422,0.42377931,0.65791774,-0.75526881,-0.26115373,0.07000000,0.00549451,0.17834596,-0.23999999,0.23999999,-0.01229746,-1.74009323,1.15191734,-0.74998629,-0.24251616,0.00122106,-0.16793719,
5430,-4.40635729,-2.25283694,3.34039450,6.00000000,-0.35449219,0.41411132,0.86688709,-0.07977983,-0.30270818,0.07000000,0.00549451,0.01485662,-0.12046045,0.12236696,-0.01229746,-3.91651869,3.86066818,-0.09105593,0.00630823,0.00122106,-0.29936290,
5438,-3.52050233,-2.96750617,-0.86142957,6.00000000,-0.18691406,0.20947266,0.61897522,0.79605997,-0.24174128,0.07000000,0.00549451,-0.24284250,0.18646953,-0.21903443,-0.01229746,-5.50825930,6.31983709,0.79358011,0.16059770,0.00122106,-0.39014781,
5446,-3.94547319,-3.40085673,-3.07008076,6.00000000,0.24331054,-0.36738282,0.40911281,1.37087262,-0.13886085,0.07000000,0.00549451,-0.13790308,0.23999999,-0.23999999,-0.01229746,-4.78394747,5.23598766,1.38951385,0.44615024,0.00122106,-0.27712643,
5454,-2.98539829,0.14735022,-3.42083120,6.00000000,0.33676758,-0.40605468,0.06299361,1.59212482,-0.11323248,0.07000000,0.00549451,0.09414512,0.23999999,-0.23999999,-0.01229746,-1.64410007,1.31946886,1.61705828,0.58117926,0.00122106,0.00896779,
5462,-3.45466185,1.36240757,4.10414457,6.00000000,0.34321290,-0.42539063,-0.26606229,1.56127930,0.06785540,0.07000000,0.00549451,-0.03632398,0.23999999,-0.23999999,-0.01229746,1.77674520,-1.66853476,1.57424080,0.65752089,0.00122106,0.25163889,
5470,2.53443360,-0.52901173,9.11520863,6.00000000,0.35449219,-0.43505859,-0.60316652,1.18093443,0.44685894,0.07000000,0.00549451,-0.14102222,0.23999999,-0.23999999,-0.01229746,4.30223656,-3.96887851,1.19952810,-0.04564387,0.00122106,0.41377828,
5477,3.35803914,0.95419621,14.38604355,5.00000000,0.35610351,-0.43828124,-1.04325604,0.44172406,0.60420787,0.07000000,0.00549451,-0.06773265,0.02223934,-0.03305946,-0.01229746,5.81718206,-5.61996031,0.43222809,-0.19469827,0.00122106,0.47001755,
5486,5.04355717,2.04236078,19.54195786,6.00000000,0.05800781,-0.07895508,-0.91370720,-0.60856456,0.59940219,0.07000000,0.00549451,0.08729257,-0.21084639,0.22078972,-0.01229746,5.81194639,-6.10690689,-0.61192524,-0.22177412,0.00122106,0.40700153,
5494,2.65294671,1.59703934,20.53136063,6.00000000,-0.28681642,0.36093751,-0.25577798,-1.37369394,0.36116728,0.07000000,0.00549451,0.09884846,-0.23999999,0.23999999,-0.01229746,3.29518175,-3.60235953,-1.36242938,-0.12721132,0.00122106,0.15802518,
5502,-3.01293159,2.13214350,20.53136063,6.00000000,-0.33999023,0.42861328,0.18457550,-1.40954685,0.06950912,0.07000000,0.00549451,0.40848595,-0.10467647,0.15894815,-0.01229746,0.40142572,-1.71740401,-1.38598740,0.07095657,0.00122106,-0.02052556,
5510,-0.22488378,1.07390630,13.05965614,6.00000000,-0.15629883,0.28842774,0.69861019,-0.47680241,-0.23254383,0.07000000,0.00549451,0.31371978,-0.23999999,0.23999999,-0.01229746,-1.69995070,0.66846108,-0.46829730,-0.42998949,0.00122106,-0.12641732,
5518,-4.09391356,-0.93123764,3.23145819,6.00000000,-0.34482422,0.41894531,0.90346265,0.04642892,-0.34719011,0.07000000,0.00549451,0.37542960,-0.23999999,0.23999999,-0.01229746,-3.70882463,2.52374625,0.03937364,-0.15007991,0.00122106,-0.23119761,
5526,-4.15257168,-3.63548851,0.02801636,6.00000000,-0.35288087,0.42055663,0.45762745,0.58802402,-0.40054145,0.07000000,0.00549451,0.04324692,-0.08411806,0.09040376,-0.01229746,-5.80671072,5.67231989,0.57572198,-0.02271445,0.00122106,-0.39067116,
5534,-5.24073648,-2.09242535,-2.31710410,6.00000000,-0.12729493,0.16274413,0.58248121,1.46880555,-0.25399852,0.07000000,0.00549451,-0.30921981,0.23999999,-0.23999999,-0.01229746,-6.96386385,7.94822931,1.47630072,0.31726262,0.00122106,-0.45510843,
5542,-3.84970522,-2.17622256,-2.42125201,6.00000000,0.33193359,-0.39799803,0.20481901,2.02556539,-0.18239900,0.07000000,0.00549451,-0.22938207,0.23999999,-0.23999999,-0.01229746,-5.56061888,6.30412960,2.05206728,0.47031522,0.00122106,-0.29249799,
5549,-3.91554570,0.22037338,1.95175743,5.00000000,0.33032227,-0.41411132,-0.13603169,2.29990792,-0.16025200,0.07000000,0.00549451,0.01844263,0.23999999,-0.23999999,-0.01229746,-2.00712872,1.94778740,2.32130647,0.63585758,0.00122106,0.02971831,
5558,-2.31502175,1.70836973,5.71065426,6.00000000,0.34643555,-0.43022460,-0.56911874,2.30265617,0.12245147,0.07000000,0.00549451,-0.35723904,0.23999999,-0.23999999,-0.01229746,1.98443925,-0.81506878,2.31539416,0.55537516,0.00122106,0.28673401,
5566,2.69723940,0.13897052,11.36097050,6.00000000,0.36416015,-0.43022460,-0.73412752,1.72244430,0.47100443,0.07000000,0.00549451,-0.27570397,0.23999999,-0.23999999,-0.01229746,3.91477346,-2.97753191,1.72289467,-0.11063659,0.00122106,0.39646202,
5574,3.42028832,2.44817805,18.07670593,6.00000000,0.36899415,-0.42861328,-0.89730048,0.75187695,0.48402029,0.07000000,0.00549451,0.00184499,-0.03071423,0.02958660,-0.01229746,4.97767925,-4.97593403,0.72604913,-0.26133192,0.00122106,0.43281829,
5582,4.02482414,2.20995498,20.21831894,6.00000000,-0.01289062,0.03706055,-0.36570936,-0.30315626,0.23457806,0.07000000,0.00549451,0.29686856,0.09395435,-0.05520006,-0.01229746,4.36681366,-5.31452751,-0.31544459,-0.02788672,0.00122106,0.34404576,
5590,0.63463461,-0.39134514,20.53136063,6.00000000,0.13857421,-0.10634766,0.16948433,-0.97024161,0.01308531,0.07000000,0.00549451,0.29806358,-0.22499225,0.23999999,-0.01229746,3.32136154,-4.29350996,-0.96644008,-0.13745612,0.00122106,0.21447469,
5598,2.18966866,-0.01186419,17.12620735,6.00000000,-0.30131835,0.39638671,0.50479740,-1.39314401,-0.14605258,0.07000000,0.00549451,0.33605286,-0.23999999,0.23999999,-0.01229746,1.18856919,-2.28114533,-1.38237762,-0.28525662,0.00122106,0.02317396,
5606,-6.34446335,-1.43282294,19.55632210,6.00000000,-0.34321290,0.41733399,0.34751070,-1.13116038,-0.23162778,0.07000000,0.00549451,0.10433468,0.06563947,-0.05240181,-0.01229746,-0.76270890,0.44680429,-1.11920559,0.21200112,0.00122106,-0.13272576,
5614,-4.43508768,-1.37775624,3.65044355,6.00000000,0.07734375,-0.07412110,0.60139000,0.03090522,-0.21360241,0.07000000,0.00549451,-0.03658810,0.23999999,-0.23999999,-0.01229746,-1.32645023,1.45211387,0.01996422,0.20982823,0.00122106,-0.10286911,
5621,-4.05081797,-2.31149483,-5.36971140,5.00000000,0.33032227,-0.40444335,0.51412565,0.36259773,-0.22630079,0.07000000,0.00549451,0.20869014,0.23999999,-0.23999999,-0.01229746,0.09250245,-0.79587013,0.36272213,0.52553976,0.00122106,0.06469650,
5630,-4.03405857,-2.01341677,-5.28950548,6.00000000,0.34804687,-0.42700195,0.36271861,0.50849622,-0.27026927,0.07000000,0.00549451,0.34638593,0.23999999,-0.23999999,-0.01229746,3.27423787,-4.44011736,0.51191479,0.68877405,0.00122106,0.33759356,
5638,-2.93871140,-0.85941160,-0.60405290,6.00000000,0.34482422,-0.42861328,0.07752066,0.51149541,-0.17175806,0.07000000,0.00549451,0.41123936,0.23999999,-0.23999999,-0.01229746,5.93062878,-7.27278709,0.51557213,0.66992480,0.00122106,0.54375994,
5646,-1.29389489,-0.65231317,6.19907141,6.00000000,0.35610351,-0.42700195,-0.25981924,0.31622478,-0.01470846,0.07000000,0.00549451,0.35367703,0.23999999,-0.23999999,-0.01229746,8.42121410,-9.55218697,0.31598639,0.51867187,0.00122106,0.71341532,
5654,2.25191784,0.57232100,12.36414051,6.00000000,0.35449219,-0.43666992,-0.76226187,-0.17928614,0.21958895,0.07000000,0.00549451,0.33572507,0.23999999,-0.23999999,-0.01229746,10.31140518,-11.39874458,-0.17921042,0.22799671,0.00122106,0.81496972,
5662,4.21636057,1.68562484,18.24908829,6.00000000,0.35771483,-0.43828124,-0.95567644,-1.09439218,0.30258149,0.07000000,0.00549451,0.54557174,0.23999999,-0.23999999,-0.01229746,11.33765793,-13.08473396,-1.08780348,0.12487487,0.00122106,0.84851652,
5670,3.65372300,3.20115447,20.53136063,6.00000000,0.37060547,-0.43666992,-0.46151379,-2.17434239,0.17715515,0.07000000,0.00549451,0.64329022,0.23999999,-0.17790329,-0.01229746,12.33075142,-14.41292858,-2.14400196,0.14212118,0.00122106,0.85566324,
5678,3.59626222,0.77582818,19.69758034,6.00000000,0.37060547,-0.33515626,0.19676609,-3.18284798,-0.04994788,0.07000000,0.00549451,0.82168531,-0.23999999,0.23999999,-0.01229746,13.19468880,-15.88075161,-3.14777851,-0.11717711,0.00122106,0.86443073,
5686,4.69041252,-1.84582269,16.35168266,6.00000000,-0.33354491,0.40122071,0.45590076,-4.07825232,-0.19896272,0.07000000,0.00549451,0.48628935,-0.23999999,0.23999999,-0.01229746,11.65530872,-13.20865154,-4.04853201,-0.44017732,0.00122106,0.63973892,
5693,-2.98420119,-2.57126570,18.95298386,5.00000000,-0.34160155,0.43183595,0.35504785,-4.28550529,-0.18277790,0.07000000,0.00549451,0.16347590,-0.23999999,0.23999999,-0.01229746,8.81216717,-9.33751106,-4.24062824,-0.23421143,0.00122106,0.37072897,
5702,-4.85167837,-2.41085434,10.89888954,6.00000000,-0.35449219,0.40605468,0.12631276,-3.08262634,-0.18895392,0.07000000,0.00549451,-0.15730983,-0.23935606,0.21527176,-0.01229746,6.27969456,-5.76656771,-3.08245468,0.13613734,0.00122106,0.21967877,
5710,-3.65457773,-1.16826355,2.67360926,6.00000000,-0.34482422,0.37382811,0.23628546,-2.07130408,-0.07710040,0.07000000,0.00549451,-0.41640246,-0.03974350,-0.01879424,-0.01229746,3.50636625,-2.17991614,-2.09757185,0.22288594,0.00122106,0.05707753,
5718,-4.30460358,1.01285410,-1.57370460,6.00000000,-0.06284180,-0.02739258,0.33745366,-1.12285566,-0.10497213,0.07000000,0.00549451,-0.40771002,0.23999999,-0.23999999,-0.01229746,1.71565866,-0.38048175,-1.15398526,0.45693892,0.00122106,-0.00901630,
5726,-3.25833726,0.38796750,-3.45554709,6.00000000,0.33999023,-0.41572267,0.51710963,-0.45291063,-0.09979928,0.07000000,0.00549451,-0.23243587,0.23999999,-0.23999999,-0.01229746,2.63893771,-1.88321030,-0.47254401,0.65500325,0.00122106,0.13409272,
5734,-2.21805668,-0.19861192,0.08068880,6.00000000,0.33999023,-0.40283203,0.30376613,-0.28584892,-0.01820394,0.07000000,0.00549451,-0.00320810,0.23999999,-0.23999999,-0.01229746,5.51000452,-5.50476837,-0.29194152,0.60845220,0.00122106,0.39702761,
5742,-1.76914394,-0.60083783,6.70903635,6.00000000,0.33999023,-0.43989259,-0.53870547,-0.14666659,0.15288624,0.07000000,0.00549451,-0.04473837,0.23999999,-0.23999999,-0.01229746,8.70221138,-8.55211353,-0.10713232,0.42776498,0.00122106,0.65253329,
5750,3.76984167,1.94180441,10.77558804,6.00000000,0.35932618,-0.42861328,-0.50028509,-0.49709514,0.46560243,0.07000000,0.00549451,-0.09370419,0.02502704,-0.04048243,-0.01229746,10.69712353,-10.53306198,-0.49716380,-0.17020735,0.00122106,0.76807219,
5758,5.97849274,-0.06453662,13.78629684,6.00000000,0.05800781,-0.07895508,-0.62253362,-1.27340484,0.36191246,0.07000000,0.00549451,-0.05638994,-0.23999999,0.23999999,-0.01229746,11.15788937,-10.97986603,-1.27947187,-0.39503145,0.00122106,0.74642843,
5765,4.33966160,2.06749988,19.61258698,5.00000000,-0.32709962,0.40444335,-0.37645364,-1.80025446,0.27947950,0.07000000,0.00549451,-0.02182977,-0.23999999,0.23999999,-0.01229746,8.71268368,-8.66032410,-1.77533162,-0.30347067,0.00122106,0.52462161,
5774,-4.39797735,4.35875082,20.53136063,6.00000000,-0.33999023,0.43344727,-0.11652206,-1.57494771,0.07313154,0.07000000,0.00549451,-0.17586546,0.23999999,-0.23999999,-0.01229746,6.17148447,-5.60076141,-1.53832960,0.26199943,0.00122106,0.33340704,
5782,0.87285769,2.02560139,12.49582195,6.00000000,0.34160155,-0.39960939,0.42386934,-0.53768516,-0.01911694,0.07000000,0.00549451,0.00069405,-0.23999999,0.23999999,-0.01229746,5.69675446,-5.70024538,-0.53806782,-0.27217585,0.00122106,0.39259499,
5790,2.26388884,-0.61520302,-0.47955441,6.00000000,-0.33354491,0.41411132,0.74306846,-0.73179704,-0.14549398,0.07000000,0.00549451,0.09526427,-0.20897156,0.22013091,-0.01229746,4.80140066,-5.12079573,-0.74381262,-0.17730932,0.00122106,0.32140568,
5798,-3.58035755,-2.13432407,3.99042010,6.00000000,-0.30776367,0.38671875,0.23631305,-0.35775205,-0.16662028,0.07000000,0.00549451,0.01006018,0.15247466,-0.15232602,-0.01229746,2.16595364,-2.20609617,-0.36773449,0.10119489,0.00122106,0.13595322,
5806,-4.36685276,-1.70815611,2.93338013,6.00000000,0.20463867,-0.25458986,0.07326197,0.61782748,-0.13628243,0.07000000,0.00549451,-0.32050437,0.23999999,-0.23999999,-0.01229746,2.35619450,-1.31772363,0.61380649,0.29459745,0.00122106,0.18699223,
5814,-1.71766853,-1.98947477,-0.89614552,6.00000000,0.33515626,-0.42377931,0.12423158,1.01492906,-0.04534493,0.07000000,0.00549451,-0.12400234,0.23999999,-0.23999999,-0.01229746,4.52214813,-4.11548662,1.02842510,0.37514344,0.00122106,0.41190773,
5822,-1.00898480,0.57950366,1.20596361,6.00000000,0.34482422,-0.43666992,-0.18696089,1.05242968,-0.02122944,0.07000000,0.00549451,-0.06005773,0.23999999,-0.23999999,-0.01229746,6.84169054,-6.64272308,1.06415582,0.34145188,0.00122106,0.59248275,
5830,1.48577332,-0.65829867,7.84388781,6.00000000,0.35932618,-0.42861328,-0.44204712,0.49650097,0.11263499,0.07000000,0.00549451,0.03976902,0.23999999,-0.23999999,-0.01229746,9.05302334,-9.14901638,0.47502530,0.06660873,0.00122106,0.73128623,
5838,5.23389626,0.69083399,12.87290859,5.00000000,0.35610351,-0.43828124,-0.48332551,-0.29598063,0.19110163,0.07000000,0.00549451,0.17643383,-0.02542597,0.04676083,-0.01229746,10.56971359,-11.18057919,-0.28182524,-0.25940377,0.00122106,0.80727243,
5846,7.47846031,1.40191197,16.65694427,6.00000000,-0.03383789,0.06445312,-0.38543940,-1.39862442,0.13287094,0.07000000,0.00549451,0.14074595,-0.23999999,0.23999999,-0.01229746,10.31664085,-10.75821018,-1.39256442,-0.34866643,0.00122106,0.69733608,
5854,4.16129351,0.74350643,20.53136063,6.00000000,-0.33032227,0.41249999,-0.10904185,-2.12060070,0.02057287,0.07000000,0.00549451,0.00507653,-0.23999999,0.23999999,-0.01229746,8.36710835,-8.39503384,-2.09713864,-0.34348559,0.00122106,0.47715595,
5862,-4.04602957,0.69562238,20.53136063,6.00000000,-0.35610351,0.42055663,0.08104084,-1.67806649,-0.16305202,0.07000000,0.00549451,0.04248355,0.17808598,-0.17457721,-0.01229746,6.05454683,-6.19417334,-1.64825165,0.21240532,0.00122106,0.34116802,
5870,-0.79829508,2.25185347,12.29590607,6.00000000,0.23686524,-0.29487306,0.38889027,-0.75836366,-0.28096157,0.07000000,0.00549451,0.11271469,-0.19988348,0.21330003,-0.01229746,5.44717264,-5.81718206,-0.75344694,-0.18649381,0.00122106,0.37229437,
5878,0.85609829,-0.11720906,-3.70933247,6.00000000,-0.28198242,0.35771483,0.70309854,-0.47919163,-0.40533790,0.07000000,0.00549451,0.21972072,-0.16156259,0.18980083,-0.01229746,4.28129292,-4.97418833,-0.49354592,-0.17755210,0.00122106,0.31307545,
5886,-5.55317974,-1.53697062,3.24582338,6.00000000,-0.23364258,0.33354491,0.22396584,-0.22453913,-0.42087349,0.07000000,0.00549451,0.03102051,0.23999999,-0.23999999,-0.01229746,2.41902637,-2.55690742,-0.23225275,0.26253012,0.00122106,0.17332895,
5894,-3.58993435,-1.68541121,0.64811462,6.00000000,0.33032227,-0.41733399,0.27072084,0.78377479,-0.37052596,0.07000000,0.00549451,-0.22590391,0.23999999,-0.23999999,-0.01229746,3.07876062,-2.33699584,0.77999836,0.29547641,0.00122106,0.26510513,
5902,-1.54289186,-1.13953316,0.07829459,6.00000000,0.34321290,-0.42539063,-0.00611325,0.95534772,-0.27202615,0.07000000,0.00549451,-0.12818158,0.23999999,-0.23999999,-0.01229746,5.98473406,-5.59727097,0.96767497,0.36911803,0.00122106,0.51175785,
5909,0.10671315,-0.30874521,2.59938908,5.00000000,0.33837891,-0.44633788,-0.15516303,0.81521749,-0.21441083,0.07000000,0.00549451,-0.08339832,0.23999999,-0.23999999,-0.01229746,8.19083023,-7.94822931,0.82580525,0.21608013,0.00122106,0.67555165,
5918,4.14692831,-0.12199747,8.70699787,6.00000000,0.34643555,-0.42539063,-0.54996127,0.11824415,-0.04201938,0.07000000,0.00549451,-0.07576401,0.07496312,-0.08775878,-0.01229746,10.48942852,-10.19272327,0.11321986,-0.22003125,0.00122106,0.79740018,
5926,7.75139904,0.89314407,14.36928463,6.00000000,0.12407227,-0.16918945,-0.50710607,-0.81468350,0.09937285,0.07000000,0.00549451,0.03002711,-0.23999999,0.23999999,-0.01229746,10.91179848,-11.02000904,-0.81590509,-0.54564351,0.00122106,0.77260697,
5934,8.69710922,2.35480428,18.83806229,6.00000000,-0.31259766,0.40283203,-0.26619530,-1.66495490,0.05339835,0.07000000,0.00549451,-0.20754759,-0.23999999,0.23999999,-0.01229746,8.79820442,-8.12276268,-1.62768269,-0.63293284,0.00122106,0.52107012,
5942,-3.65457773,0.43465441,20.53136063,6.00000000,-0.35288087,0.43344727,0.10345271,-1.51925445,-0.06487918,0.07000000,0.00549451,-0.21791768,0.23999999,-0.23999999,-0.01229746,6.70730019,-5.99869680,-1.50270677,0.28306711,0.00122106,0.36559460,
5950,2.09270334,1.44500756,13.94191933,6.00000000,0.32226563,-0.39960939,0.28013799,-0.47348011,-0.18714510,0.07000000,0.00549451,-0.11545553,-0.23999999,0.23999999,-0.01229746,6.33554506,-5.95506382,-0.47263479,-0.42948097,0.00122106,0.43217760,
5958,5.06869602,-0.76124930,-2.97910094,6.00000000,-0.34482422,0.41572267,0.63236290,-0.58208942,-0.33071688,0.07000000,0.00549451,0.01309234,-0.23999999,0.23999999,-0.01229746,5.11905050,-5.17839193,-0.58829719,-0.46669558,0.00122106,0.34856498,
5966,-5.22038555,-1.11678827,7.22019815,6.00000000,-0.34804687,0.42377931,0.22670503,-0.29164329,-0.39434949,0.07000000,0.00549451,-0.06187341,0.23999999,-0.23999999,-0.01229746,2.54119945,-2.34746790,-0.29568496,0.27825180,0.00122106,0.16079219,
5974,-2.07560182,-1.49148083,1.96971393,6.00000000,0.32709962,-0.40122071,0.18683629,0.65294343,-0.32021880,0.07000000,0.00549451,-0.19659057,0.23999999,-0.23999999,-0.01229746,2.64068317,-2.00712872,0.64978337,0.09301855,0.00122106,0.22680552,
5981,-1.05806601,-0.57450157,-2.98987484,5.00000000,0.33999023,-0.42216796,0.12884016,0.90479314,-0.27090937,0.07000000,0.00549451,-0.10505255,0.23999999,-0.23999999,-0.01229746,5.24471426,-4.90088415,0.91703147,0.29287148,0.00122106,0.45577109,
5990,0.66935056,0.76385719,0.06752069,6.00000000,0.34321290,-0.42216796,-0.05029099,0.80099279,-0.23515548,0.07000000,0.00549451,-0.08504794,0.23999999,-0.23999999,-0.01229746,7.74577093,-7.52236891,0.84978557,0.16613819,0.00122106,0.64755732,
5998,2.88159299,-0.05017142,7.20104456,6.00000000,0.36093751,-0.44633788,-0.31613585,0.25408772,-0.11203200,0.07000000,0.00549451,-0.06932592,0.23999999,-0.23999999,-0.01229746,9.94139481,-9.73719215,0.24216521,-0.08843264,0.00122106,0.77126437,
6006,6.27537394,1.09784830,12.63348866,6.00000000,0.36577147,-0.43666992,-0.40468931,-0.56442225,0.05654982,0.07000000,0.00549451,-0.05667615,-0.23999999,0.23999999,-0.01229746,11.80017090,-11.60818481,-0.60418594,-0.40891171,0.00122106,0.84486228,
6014,9.31122112,2.24706507,15.90037632,6.00000000,-0.32709962,0.38510743,-0.31405953,-1.56366074,0.09025393,0.07000000,0.00549451,-0.11184432,-0.23999999,0.23999999,-0.01229746,10.56098652,-10.14559841,-1.57700002,-0.63431519,0.00122106,0.66900343,
6022,3.11981606,0.43465441,20.53136063,6.00000000,-0.34804687,0.44150391,-0.12843795,-1.80371010,0.00902258,0.07000000,0.00549451,-0.13269688,-0.23999999,0.23999999,-0.01229746,7.83478308,-7.32340145,-1.78054571,-0.41897863,0.00122106,0.44165492,
6030,1.16495025,0.94222522,17.34647369,6.00000000,-0.34321290,0.42539063,0.06796866,-0.71080285,-0.20148183,0.07000000,0.00549451,-0.39493424,-0.23999999,0.23999999,-0.01229746,5.15221214,-3.86590433,-0.69556773,-0.28194982,0.00122106,0.28869003,
6038,-2.35332918,0.52802831,10.99944592,6.00000000,-0.35932618,0.41894531,0.40590057,0.01779140,-0.32494748,0.07000000,0.00549451,-0.51959074,0.23789856,-0.23999999,-0.01229746,2.66162705,-0.94596845,0.01627171,0.14086190,0.00122106,0.13863596,
6046,-2.50296664,-1.14192736,4.77571821,6.00000000,0.34160155,-0.41088867,0.49550241,0.86563593,-0.30801332,0.07000000,0.00549451,-0.50334787,0.23999999,-0.23999999,-0.01229746,2.82568789,-1.19904113,0.86998528,0.28093541,0.00122106,0.22106826,
6054,-0.87730372,-2.37613845,-2.55772138,6.00000000,0.34160155,-0.41733399,0.39016959,1.04157031,-0.25588393,0.07000000,0.00549451,-0.34453902,0.23999999,-0.23999999,-0.01229746,5.16792011,-4.05439997,1.06475329,0.42526376,0.00122106,0.43225655,
6062,-0.18298526,-1.21495056,-0.98712516,6.00000000,0.35288087,-0.42377931,-0.14263459,0.83070469,-0.19372563,0.07000000,0.00549451,-0.30971253,0.23999999,-0.23999999,-0.01229746,7.87318039,-6.88706923,0.85008126,0.24362007,0.00122106,0.62925279,
6070,1.54083991,-1.01742887,1.71473145,6.00000000,0.33999023,-0.43022460,-0.35241002,0.47840840,-0.07317747,0.07000000,0.00549451,-0.09390825,0.23999999,-0.23999999,-0.01229746,9.98153877,-9.71450233,0.49013308,-0.01003224,0.00122106,0.79021901,
6078,4.13376045,1.71315813,6.26132059,6.00000000,0.34160155,-0.43344727,-0.48985070,-0.08658102,-0.02368629,0.07000000,0.00549451,0.07985426,0.06728691,-0.05923945,-0.01229746,11.88045597,-12.11607552,-0.08454299,-0.24431856,0.00122106,0.90979642,
6086,8.12968349,2.01602459,10.88691807,6.00000000,0.11279297,-0.13535157,-0.40454099,-0.97445774,-0.03103344,0.07000000,0.00549451,0.04461684,-0.23999999,0.23999999,-0.01229746,12.54542637,-12.68679905,-0.97144824,-0.54450059,0.00122106,0.88653755,
6094,11.07335377,1.40310907,15.32337379,6.00000000,-0.31743163,0.39960939,-0.17394269,-1.79196000,-0.09265576,0.07000000,0.00549451,-0.01007784,-0.23999999,0.23999999,-0.01229746,9.80700588,-9.81224155,-1.80592728,-0.99818295,0.00122106,0.61051404,
6102,1.58154142,-0.25248146,20.53136063,6.00000000,-0.35288087,0.42539063,-0.08559097,-1.81417942,-0.20098427,0.07000000,0.00549451,-0.13950099,-0.12465562,0.10308917,-0.01229746,7.89586926,-7.42812157,-1.78529882,-0.01455230,0.00122106,0.44636303,
6110,2.52126551,0.34247765,15.64778805,6.00000000,-0.18852539,0.18530273,0.07467467,-0.58117342,-0.29041132,0.07000000,0.00549451,-0.27970815,-0.23999999,0.23999999,-0.01229746,5.86256075,-4.94800854,-0.57041097,-0.48096126,0.00122106,0.36928380,
6118,-0.25002289,0.20121977,8.10605335,6.00000000,-0.34643555,0.42377931,0.15407196,-0.12218510,-0.33748680,0.07000000,0.00549451,-0.38716134,0.02285571,-0.07687271,-0.01229746,3.68788075,-2.42775321,-0.12487572,-0.03139994,0.00122106,0.22447070,
6125,-1.94392061,-0.25846696,5.02830648,5.00000000,0.01611328,-0.11762695,0.07686449,0.53934246,-0.38106874,0.07000000,0.00549451,-0.41144231,0.19971398,-0.23999999,-0.01229746,2.59355927,-1.26885426,0.53888643,0.02659054,0.00122106,0.18986173,
6134,-2.06961608,-1.12516797,-0.69742674,6.00000000,0.27553710,-0.42216796,0.22456960,1.07145238,-0.34456363,0.07000000,0.00549451,-0.15409595,0.23999999,-0.23999999,-0.01229746,3.96015191,-3.46447849,1.08241022,0.29323697,0.00122106,0.36544624,
6142,-0.58880246,-1.38493884,-0.00430537,6.00000000,0.34965819,-0.43022460,0.01605880,1.15292501,-0.29062843,0.07000000,0.00549451,0.00887808,0.23999999,-0.23999999,-0.01229746,6.28318548,-6.32856417,1.16940594,0.27151805,0.00122106,0.57126820,
6150,2.30459023,-1.79434741,3.82761455,6.00000000,0.34321290,-0.42539063,-0.27363673,0.67719018,-0.17615221,0.07000000,0.00549451,0.07387738,0.23999999,-0.23999999,-0.01229746,8.66730499,-8.88372612,0.71066660,0.00802585,0.00122106,0.72103709,
6158,4.83645868,0.12460531,7.84628201,6.00000000,0.34160155,-0.42861328,-0.47253254,0.01154324,-0.04693735,0.07000000,0.00549451,0.23128779,0.09258291,-0.06372797,-0.01229746,10.67094326,-11.40223598,0.01345646,-0.22516577,0.00122106,0.84508967,
6166,8.38706017,2.12855220,10.82107735,6.00000000,0.14018555,-0.12084961,-0.53957641,-0.83143198,0.00217045,0.07000000,0.00549451,0.17294009,-0.23999999,0.23999999,-0.01229746,11.65879917,-12.21904945,-0.82633668,-0.44942975,0.00122106,0.84641749,
6174,11.01948452,2.63372874,14.87685490,6.00000000,-0.33032227,0.38994139,-0.26212928,-1.55184782,-0.04077118,0.07000000,0.00549451,-0.10648492,-0.23999999,0.23999999,-0.01229746,9.38288975,-9.04604149,-1.53665352,-0.92441595,0.00122106,0.58530664,
6182,3.89314318,-0.20818873,20.53136063,6.00000000,-0.34321290,0.42861328,0.08337561,-1.66495097,-0.13295643,0.07000000,0.00549451,-0.24869642,-0.23999999,0.23999999,-0.01229746,7.41066790,-6.59385347,-1.64496553,-0.31675357,0.00122106,0.40842038,
6190,1.88919628,-1.39571273,16.29781342,6.00000000,-0.34643555,0.42700195,0.09328830,-0.37932858,-0.24731505,0.07000000,0.00549451,-0.46980873,-0.23999999,0.23999999,-0.01229746,4.82409000,-3.31088948,-0.36398566,-0.35637489,0.00122106,0.28251168,
6197,-2.35452628,-0.18185250,10.91205692,5.00000000,-0.35126954,0.42216796,0.04590338,0.33750004,-0.28959864,0.07000000,0.00549451,-0.62583935,0.11757302,-0.20370525,-0.01229746,2.63021111,-0.63879049,0.33692139,0.01517406,0.00122106,0.15052444,
6206,-1.14425719,-0.34346113,4.42736197,6.00000000,0.16274413,-0.33999023,0.03360102,1.13968670,-0.26846248,0.07000000,0.00549451,-0.32395932,0.22986980,-0.23999999,-0.01229746,1.95127821,-0.90408051,1.14295971,-0.03352534,0.00122106,0.19794264,
6214,-1.65901065,-0.74808121,1.36637509,6.00000000,0.32065430,-0.42377931,0.10321820,1.33242595,-0.30177993,0.07000000,0.00549451,-0.01095474,0.23999999,-0.23999999,-0.01229746,3.94444418,-3.90081096,1.34884083,0.28221625,0.00122106,0.40599430,
6222,0.87884319,-0.52542043,1.00844193,6.00000000,0.34643555,-0.42539063,0.01634045,1.16641557,-0.20470557,0.07000000,0.00549451,0.04670995,0.23999999,-0.23999999,-0.01229746,6.40710402,-6.62177896,1.19624019,0.14359765,0.00122106,0.58665508,
6230,3.02644205,-1.09883177,4.40341997,6.00000000,0.34160155,-0.42377931,-0.28336930,0.60782242,-0.11261044,0.07000000,0.00549451,0.08302651,0.23999999,-0.23999999,-0.01229746,8.82612991,-9.08792973,0.61979163,-0.06967191,0.00122106,0.72876155,
6238,6.27657080,0.56753260,7.94444418,6.00000000,0.35126954,-0.41733399,-0.45889282,-0.16789365,-0.02680205,0.07000000,0.00549451,0.17872065,-0.14726418,0.16890249,-0.01229746,10.79835224,-11.40747166,-0.16653562,-0.37097925,0.00122106,0.83476400,
6246,10.34192562,1.57668865,11.05690670,6.00000000,-0.19335937,0.27070314,-0.43815482,-1.15891862,-0.03342298,0.07000000,0.00549451,0.24178416,-0.23999999,0.23999999,-0.01229746,9.96757507,-10.77566338,-1.15469193,-0.70848560,0.00122106,0.70451754,
6254,8.18355274,2.19798398,17.75348854,6.00000000,-0.33515626,0.40605468,-0.10159090,-1.54431403,-0.07471221,0.07000000,0.00549451,-0.27186900,-0.23999999,0.23999999,-0.01229746,7.60963535,-6.70380974,-1.52287960,-0.83552128,0.00122106,0.42815328,
6262,0.95665473,-1.19938827,19.04396248,6.00000000,-0.34321290,0.41733399,0.37618127,-0.71379703,-0.14436124,0.07000000,0.00549451,-0.64016402,-0.08261528,-0.00632197,-0.01229746,5.86256075,-3.83797884,-0.69903201,-0.05350739,0.00122106,0.31761900,
6269,2.02566576,-2.36775875,12.69932842,5.00000000,-0.12084961,0.01127930,0.23465440,0.00876220,-0.09858338,0.07000000,0.00549451,-0.63933730,-0.22297901,0.13464160,-0.01229746,4.35983229,-2.30383468,0.02192783,-0.22351368,0.00122106,0.24958809,
6278,0.19769281,-1.47232723,6.38941050,6.00000000,-0.31904298,0.23041992,0.01731866,0.63250881,-0.04067145,0.07000000,0.00549451,-0.48719341,0.04180243,-0.10906214,-0.01229746,2.95484257,-1.42942464,0.63883585,-0.10453300,0.00122106,0.21465264,
6286,-1.98103070,-1.43282294,6.15238428,6.00000000,0.05478515,-0.19013672,-0.16102783,1.14102030,0.01439106,0.07000000,0.00549451,-0.27695605,0.23400435,-0.23999999,-0.01229746,2.37713838,-1.47305787,1.14900255,-0.04511298,0.00122106,0.23428272,
6294,-0.29551274,0.12221111,1.63811696,6.00000000,0.32226563,-0.41249999,-0.02542558,1.62133896,0.06602419,0.07000000,0.00549451,-0.18932240,0.23999999,-0.23999999,-0.01229746,4.12770367,-3.49065852,1.63368392,0.06621466,0.00122106,0.41575432,
6302,2.55239010,-1.19100857,0.06752069,6.00000000,0.33999023,-0.42539063,0.01873600,1.37780464,0.05413828,0.07000000,0.00549451,0.00060903,0.23999999,-0.23999999,-0.01229746,6.20289993,-6.18719196,1.40027046,-0.07372844,0.00122106,0.57445252,
6310,5.73069286,0.13178791,3.54868984,6.00000000,0.35449219,-0.42377931,-0.15470660,0.69485110,0.05112145,0.07000000,0.00549451,0.21317992,-0.09872457,0.12578151,-0.01229746,8.04771328,-8.74759007,0.70799738,-0.40077406,0.00122106,0.69132161,
6318,8.28530598,0.19044586,7.79001808,6.00000000,-0.12729493,0.19658203,-0.30518204,-0.24194570,0.05597647,0.07000000,0.00549451,0.21139991,-0.23999999,0.23999999,-0.01229746,7.75100708,-8.45612049,-0.24136519,-0.57012963,0.00122106,0.60013491,
6326,6.87392426,1.25466847,16.19366646,6.00000000,-0.35449219,0.42700195,-0.25871056,-0.83580208,0.05291459,0.07000000,0.00549451,-0.23733410,-0.23999999,0.23999999,-0.01229746,5.92190170,-5.16442919,-0.83007491,-0.65016603,0.00122106,0.35731983,
6334,1.60069501,1.56112635,19.99565887,6.00000000,-0.35932618,0.42216796,0.18210471,-0.14846136,0.03446194,0.07000000,0.00549451,-0.59631878,-0.23999999,0.18502004,-0.01229746,4.31445408,-2.30907059,-0.14163208,-0.23438802,0.00122106,0.23925118,
6341,2.27945113,-0.76244640,13.35653687,5.00000000,-0.34482422,0.33354491,0.12864338,0.55932820,0.04037523,0.07000000,0.00549451,-0.60913932,-0.23999999,0.23999999,-0.01229746,1.88321030,0.04712389,0.56267923,-0.34167182,0.00122106,0.10384357,
6350,-0.21650408,0.68484849,10.53616714,6.00000000,-0.34804687,0.41894531,0.07129414,1.26328146,0.04003520,0.07000000,0.00549451,-0.70027870,-0.06609318,-0.02942327,-0.01229746,-0.07504916,2.35793996,1.25818300,-0.18340236,0.00122106,0.00660650,
6358,-1.52373827,-2.09841108,7.15675211,6.00000000,-0.10634766,-0.02900391,0.16805962,1.93009138,0.05295991,0.07000000,0.00549451,-0.57259792,0.23999999,-0.23999999,-0.01229746,-1.12050128,2.99847579,1.94443417,-0.02981903,0.00122106,-0.01254276,
6366,-0.65344590,0.03721695,3.30567837,6.00000000,0.32709962,-0.40927735,0.11390290,2.30489802,0.04945211,0.07000000,0.00549451,-0.39850914,0.23999999,-0.23999999,-0.01229746,0.80459678,0.49741885,2.32109857,0.08462130,0.00122106,0.19240375,
6374,1.99932957,-1.82307780,0.03639606,6.00000000,0.34643555,-0.42377931,0.07121120,2.15884423,0.07189333,0.07000000,0.00549451,-0.11005259,0.23999999,-0.23999999,-0.01229746,2.89550114,-2.54818082,2.19346619,0.01193085,0.00122106,0.37576395,
6382,4.18882704,0.11861981,3.30687547,6.00000000,0.35126954,-0.43344727,-0.10585728,1.46544981,0.11496865,0.07000000,0.00549451,0.03948032,0.17320074,-0.16898324,-0.01229746,4.94451761,-5.11730576,1.53039360,-0.23660702,0.00122106,0.50038975,
6390,6.57824039,0.54478770,6.77966499,6.00000000,0.25942382,-0.30776367,-0.33200026,0.53159475,0.13203464,0.07000000,0.00549451,0.18993935,-0.23999999,0.23999999,-0.01229746,6.38441420,-6.98655272,0.56939167,-0.46030691,0.00122106,0.55172908,
6398,8.67675781,1.31811488,8.95838833,6.00000000,-0.31420898,0.40605468,-0.28032249,-0.53402358,0.09747609,0.07000000,0.00549451,0.17628992,-0.23999999,0.23999999,-0.01229746,4.72984219,-5.27787542,-0.53208649,-0.66674232,0.00122106,0.34329256,
6406,-0.82822263,2.76660681,20.53136063,6.00000000,-0.35771483,0.42055663,-0.12321058,-0.74421090,0.05232786,0.07000000,0.00549451,-0.31901377,-0.00983761,-0.03511386,-0.01229746,3.82227111,-2.77681899,-0.73394871,0.02710122,0.00122106,0.19326288,
6413,3.10664797,0.18924876,17.17049980,5.00000000,-0.02416992,-0.04511719,0.40720761,0.04888518,0.06703065,0.07000000,0.00549451,-0.33878353,-0.23999999,0.23999999,-0.01229746,2.54818082,-1.43815136,0.05407882,-0.41411418,0.00122106,0.15576972,
6422,2.99651456,-0.91447824,9.87177658,6.00000000,-0.34160155,0.42216796,0.28103569,0.35882258,-0.00050489,0.07000000,0.00549451,-0.14084621,-0.21074238,0.19086845,-0.01229746,0.57595867,-0.15533429,0.36039373,-0.21943313,0.00122106,0.05377223,
6430,-1.97863650,-0.42486399,11.02219009,6.00000000,-0.31904298,0.34160155,-0.18631990,0.87079477,-0.03571299,0.07000000,0.00549451,-0.26338902,0.07571620,-0.11183063,-0.01229746,-0.92153382,1.79245305,0.86996472,-0.03952704,0.00122106,-0.03872990,
6438,-0.99821091,-0.46556541,6.30681038,6.00000000,0.09506836,-0.18208008,0.14406998,1.42220116,0.00272242,0.07000000,0.00549451,-0.27208406,0.19521235,-0.23235108,-0.01229746,-0.91978854,1.79943442,1.42693424,-0.03555175,0.00122106,0.00526993,
6446,-0.74801683,0.32691535,2.31208467,6.00000000,0.27392578,-0.40605468,0.09608991,1.66545868,-0.04296202,0.07000000,0.00549451,-0.01429713,0.23999999,-0.23999999,-0.01229746,1.00530958,-0.95469511,1.67912924,0.15596056,0.00122106,0.20330182,
6454,2.99172616,-0.96475649,2.24025869,6.00000000,0.34482422,-0.42377931,0.14494029,1.34169388,-0.03969933,0.07000000,0.00549451,0.15439990,0.23999999,-0.22895175,-0.01229746,2.97927690,-3.47145987,1.35686660,-0.11787531,0.00122106,0.34944886,
6462,4.59105301,-1.18382597,5.70945692,6.00000000,0.34482422,-0.41411132,-0.00261423,0.62609476,0.01377977,0.07000000,0.00549451,0.21895459,-0.05108732,0.07942921,-0.01229746,4.98640585,-5.70373583,0.63002312,-0.28123838,0.00122106,0.45269614,
6470,7.45691252,0.05876476,8.36462688,6.00000000,-0.05800781,0.11601563,-0.22271067,-0.26365858,0.08583238,0.07000000,0.00549451,0.12759544,-0.23999999,0.23999999,-0.01229746,5.15221214,-5.56236458,-0.26327240,-0.48995003,0.00122106,0.38808426,
6478,5.74745226,1.35402787,14.80981731,6.00000000,-0.33999023,0.41249999,-0.25883928,-0.86504030,0.15637843,0.07000000,0.00549451,-0.26885200,-0.23999999,0.23999999,-0.01229746,3.45575190,-2.53596354,-0.85996139,-0.53253222,0.00122106,0.16561073,
6485,-0.66421980,-0.51704073,20.53136063,5.00000000,-0.35449219,0.42377931,0.06851981,-0.25366199,0.13603903,0.07000000,0.00549451,-0.34244451,-0.13953115,0.09190749,-0.01229746,1.63886416,-0.48520151,-0.24078113,-0.08639243,0.00122106,0.06445230,
6494,1.37324584,1.77540743,12.62630558,6.00000000,-0.21108398,0.16918945,0.09816148,0.54677236,0.06356252,0.07000000,0.00549451,-0.32865098,-0.23999999,0.23999999,-0.01229746,-0.18325958,1.24616516,0.54213011,-0.30521771,0.00122106,-0.01462634,
6502,0.07199723,-0.73012471,8.32991028,6.00000000,-0.35610351,0.42861328,0.34177843,1.07012236,0.00754891,0.07000000,0.00549451,-0.38633916,0.07878475,-0.13144611,-0.01229746,-1.51669109,2.76111078,1.07360601,-0.04271299,0.00122106,-0.08234318,
6510,-1.88885391,-2.05770946,7.65474606,6.00000000,0.09990235,-0.21752930,0.16483475,1.55867779,-0.01044135,0.07000000,0.00549451,-0.30668476,0.23999999,-0.23999999,-0.01229746,-1.54287112,2.53945398,1.56740224,0.02579167,0.00122106,-0.03730928,
6518,1.19607496,-0.74209571,1.05632603,6.00000000,0.34965819,-0.41894531,0.16235317,1.77051675,0.02178599,0.07000000,0.00549451,0.01869428,0.23999999,-0.23999999,-0.01229746,0.19024087,-0.24958208,1.79047632,0.00328187,0.00122106,0.15504274,
6526,1.67491531,-0.81033045,3.45172477,6.00000000,0.35126954,-0.42377931,-0.11741266,1.25936604,0.03411840,0.07000000,0.00549451,0.18477291,0.23999999,-0.23999999,-0.01229746,2.45044208,-3.05258083,1.27456713,0.02078941,0.00122106,0.30230275,
6534,4.38156033,0.00728943,6.02549171,6.00000000,0.35771483,-0.43022460,-0.11700341,0.61349720,0.05758536,0.07000000,0.00549451,0.38576692,0.05906889,-0.00798941,-0.01229746,4.50818539,-5.77704000,0.61950141,-0.20376107,0.00122106,0.43849781,
6542,6.18439436,0.95539331,8.27484417,6.00000000,0.09667969,-0.03222656,-0.10477743,-0.23474850,0.06150213,0.07000000,0.00549451,0.32296526,-0.23999999,0.23999999,-0.01229746,5.39132214,-6.41583061,-0.23100650,-0.34738773,0.00122106,0.43328938,
6550,7.75618744,0.56753260,11.27358150,6.00000000,-0.32871094,0.39316407,-0.16290230,-1.00111473,0.08078869,0.07000000,0.00549451,0.01130140,-0.23999999,0.23999999,-0.01229746,3.20616984,-3.25154853,-0.99691749,-0.64228302,0.00122106,0.16824821,
6557,0.09354504,0.64654130,20.53136063,5.00000000,-0.34804687,0.43666992,0.02902074,-1.19530165,0.09219442,0.07000000,0.00549451,-0.14277142,-0.23999999,0.23999999,-0.01229746,1.93557012,-1.46433127,-1.18212640,-0.08280045,0.00122106,0.03868042,
6566,1.81737030,0.94222522,15.47540569,6.00000000,-0.35126954,0.43344727,0.04156566,0.05996172,0.02794089,0.07000000,0.00549451,-0.12831306,-0.23999999,0.23999999,-0.01229746,-0.69638640,1.12748265,0.06718218,-0.40248802,0.00122106,-0.06215134,
6574,-1.56324255,0.33649215,11.32146549,6.00000000,-0.35288087,0.42539063,0.26083711,0.83217257,-0.01095380,0.07000000,0.00549451,-0.24972786,0.03592619,-0.06994117,-0.01229746,-2.42775321,3.24980307,0.83138144,-0.02793890,0.00122106,-0.15352136,
6582,-1.89603662,-1.07129848,7.14238691,6.00000000,0.03544922,-0.10151367,0.25327259,1.45210755,-0.03498871,0.07000000,0.00549451,-0.26046005,0.23999999,-0.23999999,-0.01229746,-2.75587487,3.58665156,1.45663941,0.03633661,0.00122106,-0.13116528,
6590,-0.42719382,-0.73970151,-0.00191116,6.00000000,0.34321290,-0.41733399,0.24719319,1.77313066,-0.02737273,0.07000000,0.00549451,0.02766459,0.23999999,-0.23999999,-0.01229746,-1.13620937,1.05068827,1.79387915,0.13779321,0.00122106,0.05487107,
6598,1.11227787,-1.58844602,0.33926257,6.00000000,0.35126954,-0.43022460,-0.02750452,1.41124570,-0.00720690,0.07000000,0.00549451,0.21563366,0.23999999,-0.23999999,-0.01229746,1.47654855,-2.16246295,1.43318748,0.08677089,0.00122106,0.24708833,
6606,3.28381872,-0.24649596,3.83120584,6.00000000,0.34482422,-0.42700195,-0.14002961,0.86705452,0.03728782,0.07000000,0.00549451,0.39188260,0.23999999,-0.19172058,-0.01229746,3.50985718,-4.77871132,0.87739515,-0.08372238,0.00122106,0.38076684,
6614,5.04355717,0.95778751,6.90296650,6.00000000,0.34965819,-0.33999023,-0.20742744,0.08563276,0.04755063,0.07000000,0.00549451,0.45877439,-0.00498529,0.06569366,-0.01229746,5.29881954,-6.79805756,0.09115535,-0.19746912,0.00122106,0.46783912,
6622,8.03391457,1.17326570,10.39012146,6.00000000,0.00644531,0.08540039,-0.22716530,-0.86274099,0.06847889,0.07000000,0.00549451,0.29885051,-0.23999999,0.23999999,-0.01229746,5.49604177,-6.46295404,-0.85787237,-0.42761612,0.00122106,0.38989195,
6629,7.93694973,0.38796750,15.15697670,5.00000000,-0.32548827,0.40283203,-0.07837473,-1.61449099,0.07901673,0.07000000,0.00549451,-0.15627068,-0.23999999,0.23999999,-0.01229746,3.41211867,-2.90771866,-1.60230684,-0.72027808,0.00122106,0.12019473,
6638,-2.06722188,-0.29557708,20.53136063,6.00000000,-0.35771483,0.42700195,0.13785884,-1.31809866,0.02444374,0.07000000,0.00549451,-0.25055885,0.00478962,-0.04023584,-0.01229746,1.59872162,-0.80459678,-1.30160999,0.16827643,0.00122106,-0.00689950,
6646,2.10347748,0.84526002,12.01099586,6.00000000,-0.00644531,-0.05800781,0.13811804,-0.23540729,-0.00825688,0.07000000,0.00549451,-0.21660201,-0.23999999,0.23999999,-0.01229746,0.44331363,0.25481808,-0.23676896,-0.39662004,0.00122106,-0.01074366,
6654,1.36726034,-0.97553039,2.95492792,6.00000000,-0.34160155,0.40605468,0.31421337,0.13699499,-0.07693581,0.07000000,0.00549451,-0.12050069,-0.19503243,0.17816883,-0.01229746,-1.27059972,1.66678941,0.13592206,-0.13247839,0.00122106,-0.09989055,
6662,-4.19566727,-2.05651236,7.64038086,6.00000000,-0.28520507,0.32871094,0.11507167,0.40929183,-0.10637119,0.07000000,0.00549451,-0.27042845,0.23999999,-0.23999999,-0.01229746,-2.63893771,3.49763966,0.41134912,0.21174540,0.00122106,-0.20236576,
6670,-1.66260195,-0.76723480,3.50798845,6.00000000,0.32387695,-0.39477539,0.12407731,1.23649120,-0.04917808,0.07000000,0.00549451,-0.20678893,0.23999999,-0.23999999,-0.01229746,-1.79594386,2.45393300,1.24126935,0.09531566,0.00122106,-0.06682983,
6678,0.89081419,-0.41409007,0.31771475,6.00000000,0.34643555,-0.41894531,-0.04739912,1.26842988,-0.05148146,0.07000000,0.00549451,0.01141751,0.23999999,-0.23999999,-0.01229746,1.21300387,-1.24441981,1.28541124,0.09138495,0.00122106,0.18586066,
6686,4.46535730,-0.12918007,4.59016752,6.00000000,0.35771483,-0.42377931,-0.04740674,0.65599954,-0.00837061,0.07000000,0.00549451,0.12961671,-0.05619860,0.07270211,-0.01229746,3.24282169,-3.69486189,0.66532475,-0.24137613,0.00122106,0.31521270,
6694,6.84639072,0.12460531,7.99352551,6.00000000,-0.06284180,0.10312500,-0.19349469,-0.20225564,0.06305536,0.07000000,0.00549451,0.08119901,-0.23999999,0.23999999,-0.01229746,3.46098804,-3.72627807,-0.20153213,-0.46301532,0.00122106,0.25869858,
6701,4.12657785,0.69083399,16.81376457,5.00000000,-0.34482422,0.42216796,-0.34197950,-0.81073123,0.14403714,0.07000000,0.00549451,-0.26620987,-0.23999999,0.23999999,-0.01229746,1.90589952,-1.05068827,-0.80756104,-0.35447586,0.00122106,0.05097187,
6710,-0.49303436,1.60182774,20.53136063,6.00000000,-0.35449219,0.43828124,-0.03389629,-0.22823705,0.17845559,0.07000000,0.00549451,-0.25087643,-0.23999999,0.23964939,-0.01229746,0.12042772,0.69638640,-0.21994680,-0.15837175,0.00122106,-0.04024405,
6718,2.12981367,1.61020744,14.59912777,6.00000000,-0.34965819,0.42216796,-0.04190291,0.35999107,0.04112642,0.07000000,0.00549451,-0.23320858,-0.23999999,0.23999999,-0.01229746,-2.23925757,2.99149418,0.35805559,-0.42625409,0.00122106,-0.17092696,
6726,-1.08679640,0.86321652,11.35259056,6.00000000,-0.35610351,0.42377931,0.27026033,1.00683808,-0.10362304,0.07000000,0.00549451,-0.39894247,-0.02593498,-0.02804911,-0.01229746,-3.89557481,5.20108128,1.00416017,-0.04941171,0.00122106,-0.27197406,
6734,-2.85611153,-0.57928997,7.14597797,6.00000000,-0.04995117,-0.03383789,0.49796113,1.65615165,-0.15033925,0.07000000,0.00549451,-0.30490416,0.23999999,-0.23999999,-0.01229746,-4.56229067,5.54316568,1.66076183,0.22684830,0.00122106,-0.25933778,
6742,-0.63788360,-1.45676494,0.45777556,6.00000000,0.34482422,-0.40605468,0.32901523,2.03767443,-0.15068235,0.07000000,0.00549451,0.03734472,0.23999999,-0.23999999,-0.01229746,-3.16253662,3.04909015,2.06136131,0.19412681,0.00122106,-0.07907650,
6750,0.54485208,-2.63590932,-0.91769332,6.00000000,0.34482422,-0.42055663,-0.03008622,1.74273396,-0.11059795,0.07000000,0.00549451,0.23320436,0.23999999,-0.23999999,-0.01229746,-0.12391838,-0.62133718,1.77253485,0.15509357,0.00122106,0.15793134,
6758,2.23276424,-0.76005220,3.06865263,6.00000000,0.35610351,-0.42055663,-0.26575476,1.22927523,-0.02029014,0.07000000,0.00549451,0.37720212,0.23999999,-0.23999999,-0.01229746,2.18864298,-3.40339208,1.24349737,0.06655838,0.00122106,0.30905545,
6766,4.28698921,1.21875548,5.96324253,6.00000000,0.34643555,-0.42377931,-0.28926122,0.53592688,-0.00640632,0.07000000,0.00549451,0.54799199,0.22205204,-0.14886940,-0.01229746,4.04043722,-5.78053093,0.54656088,-0.07723874,0.00122106,0.41571516,
6773,6.88709259,1.28579319,9.50905514,5.00000000,0.32065430,-0.27553710,-0.27346194,-0.42205676,-0.02730356,0.07000000,0.00549451,0.61367774,-0.16234013,0.23999999,-0.01229746,5.41401148,-7.37576151,-0.41571826,-0.25317201,0.00122106,0.45786458,
6782,9.60570812,0.46577904,13.55525589,6.00000000,-0.22719726,0.39799803,-0.09455410,-1.51888025,-0.01831642,0.07000000,0.00549451,0.18664411,-0.23999999,0.23999999,-0.01229746,4.33365250,-4.95149946,-1.51025820,-0.56327140,0.00122106,0.24123721,
6790,4.62576866,-0.36620605,20.53136063,6.00000000,-0.34482422,0.43505859,-0.00827867,-2.01566815,-0.01812731,0.07000000,0.00549451,-0.19089891,-0.23999999,0.23999999,-0.01229746,2.17817092,-1.53588974,-1.99195778,-0.54499525,0.00122106,-0.00784527,
6798,-0.92638487,-0.04897432,19.25704765,6.00000000,-0.34482422,0.43183595,0.03650225,-1.09769571,-0.09631164,0.07000000,0.00549451,-0.20449236,-0.23999999,0.23999999,-0.01229746,-0.08552113,0.73827428,-1.07574189,-0.04401898,0.00122106,-0.11552051,
6806,-0.90244287,0.85723102,9.65989017,6.00000000,-0.34804687,0.42377931,0.18779622,-0.29112473,-0.19545296,0.07000000,0.00549451,-0.25502986,-0.23999999,0.23626702,-0.01229746,-2.31954241,3.13112068,-0.29340208,-0.08605041,0.00122106,-0.23179951,
6814,-2.35931468,-0.54577118,4.55425453,6.00000000,-0.34965819,0.41733399,0.31913537,0.54856765,-0.27032959,0.07000000,0.00549451,-0.45083833,0.07701130,-0.13813840,-0.01229746,-4.17831802,5.61646938,0.54728401,0.10368223,0.00122106,-0.33199495,
6822,-3.41276336,-1.80871260,2.61854267,6.00000000,0.09023438,-0.23203126,0.34926105,1.26331186,-0.24290770,0.07000000,0.00549451,-0.39620402,0.23999999,-0.23999999,-0.01229746,-4.40346575,5.69326401,1.27464712,0.29234666,0.00122106,-0.28833678,
6830,-1.15981960,-1.55971563,-0.72496009,6.00000000,0.33193359,-0.40927735,0.24920313,1.65498555,-0.20368144,0.07000000,0.00549451,-0.12513234,0.23999999,-0.23999999,-0.01229746,-2.05425239,2.44695163,1.67774749,0.32661104,0.00122106,-0.04093245,
6838,0.55562598,-1.19220567,0.89471740,6.00000000,0.34160155,-0.42377931,-0.00708884,1.33914542,-0.11083163,0.07000000,0.00549451,-0.05002501,0.23999999,-0.23999999,-0.01229746,0.94073248,-0.76096350,1.36216390,0.18438241,0.00122106,0.16848114,
6845,2.96778417,-0.22614524,5.61728001,5.00000000,0.35288087,-0.42216796,-0.35626069,0.83402187,0.00300555,0.07000000,0.00549451,0.09515350,0.17703509,-0.16511357,-0.01229746,2.89724660,-3.16777253,0.80774689,-0.08183071,0.00122106,0.29539275,
6854,6.32206059,1.46056986,9.81910419,6.00000000,0.26586914,-0.29648438,-0.50608355,-0.15323417,0.16746740,0.07000000,0.00549451,0.12470042,-0.23999999,0.23999999,-0.01229746,4.56229067,-4.98116970,-0.15280098,-0.34395510,0.00122106,0.35206378,
6862,9.38065338,2.56190252,13.66299534,6.00000000,-0.32226563,0.39799803,-0.38541538,-1.22324717,0.20261107,0.07000000,0.00549451,0.01689164,-0.23999999,0.23999999,-0.01229746,2.91644526,-3.00022078,-1.21765065,-0.66746467,0.00122106,0.13288940,
6870,0.43831009,0.63935870,20.53136063,6.00000000,-0.34643555,0.43828124,-0.15359646,-1.51920927,0.11290666,0.07000000,0.00549451,-0.08576399,-0.23999999,0.23999999,-0.01229746,1.12050128,-0.84124869,-1.50352025,-0.10109258,0.00122106,-0.03992182,
6878,2.71878719,0.42627472,18.15212250,6.00000000,-0.34482422,0.42861328,0.36716947,-0.56753069,-0.01202841,0.07000000,0.00549451,-0.04760274,-0.23999999,0.23999999,-0.01229746,-1.73485732,1.89542758,-0.55181885,-0.48945603,0.00122106,-0.17809691,
6886,-2.20010018,1.27980769,12.44195175,6.00000000,-0.35449219,0.42700195,0.26927179,-0.01088347,-0.16327257,0.07000000,0.00549451,-0.16656619,-0.06994288,0.04716163,-0.01229746,-3.50985718,4.01949310,-0.01501048,0.03926876,0.00122106,-0.28911766,
6894,-2.25875807,-0.51105523,5.21505451,6.00000000,-0.12246094,0.08701172,0.47503278,0.77320153,-0.17902435,0.07000000,0.00549451,-0.28251344,0.14238214,-0.18055691,-0.01229746,-4.27431107,5.18886375,0.77349257,0.10487814,0.00122106,-0.30112153,
6902,-2.80942440,-1.64111841,0.00886274,6.00000000,0.19335937,-0.31582031,0.41867867,1.23394573,-0.13850507,0.07000000,0.00549451,0.01213530,0.23999999,-0.23999999,-0.01229746,-3.59537816,3.54999948,1.24670243,0.35703892,0.00122106,-0.17879070,
6910,-1.24960208,-2.12714148,-1.66707850,6.00000000,0.33354491,-0.41249999,0.07401453,1.29596877,-0.07194649,0.07000000,0.00549451,0.18521991,0.23999999,-0.23999999,-0.01229746,-0.82379544,0.24783675,1.31491327,0.32938188,0.00122106,0.05605696,
6917,0.39760867,-1.47591853,0.65888852,5.00000000,0.34160155,-0.43183595,-0.19019915,0.93369550,-0.03119312,0.07000000,0.00549451,0.27093992,0.23999999,-0.23999999,-0.01229746,1.72962129,-2.60752177,0.94814855,0.24937172,0.00122106,0.23647127,
6926,3.13298416,0.06235606,4.42736197,6.00000000,0.35449219,-0.42700195,-0.31758040,0.40680075,0.03572375,0.07000000,0.00549451,0.37509513,0.23999999,-0.23999999,-0.01229746,4.06312656,-5.26914883,0.41415244,0.02194601,0.00122106,0.38922775,
6934,5.46373940,1.41029167,9.21217442,6.00000000,0.36254883,-0.43989259,-0.38439426,-0.38517129,0.10736833,0.07000000,0.00549451,0.48226607,-0.01023176,0.07389982,-0.01229746,5.81718206,-7.40368700,-0.38011694,-0.14667737,0.00122106,0.47677463,
6942,8.07581329,1.43064237,14.66137695,6.00000000,0.00966797,0.10795899,-0.27125823,-1.48471856,0.13150880,0.07000000,0.00549451,0.40110013,-0.23999999,0.23999999,-0.01229746,5.88525057,-7.20820999,-1.47447920,-0.33576104,0.00122106,0.38814983,
6950,8.31523323,0.39155880,19.50125504,6.00000000,-0.32226563,0.40122071,-0.12047691,-2.31544375,0.12048677,0.07000000,0.00549451,0.05379856,-0.23999999,0.23999999,-0.01229746,3.08225155,-3.25503898,-2.28864574,-0.66853470,0.00122106,0.06617254,
6958,-1.51535845,-0.20579453,20.53136063,6.00000000,-0.35610351,0.42700195,0.04233357,-2.31664181,0.04267308,0.07000000,0.00549451,-0.13397747,-0.23999999,0.23999999,-0.01229746,1.41895270,-0.97389370,-2.28975725,0.07361317,0.00122106,-0.08260317,
6966,2.16452956,-0.32789880,13.83896923,6.00000000,-0.35126954,0.43344727,0.30772370,-1.11927402,-0.03622209,0.07000000,0.00549451,-0.26725104,-0.23999999,0.23999999,-0.01229746,-1.00880027,1.81863308,-1.11040127,-0.43764684,0.00122106,-0.19373025,
6974,-3.39600396,-0.76364350,7.36265326,6.00000000,-0.34482422,0.41894531,0.35645419,-0.45305574,-0.13969582,0.07000000,0.00549451,-0.37937182,0.01084709,-0.06277698,-0.01229746,-2.89550114,4.18529940,-0.45671129,0.16747397,0.00122106,-0.30207592,
6982,-2.11510611,-1.45676494,1.56150258,6.00000000,0.00322266,-0.10312500,0.36720994,0.32237503,-0.11612642,0.07000000,0.00549451,-0.40653706,0.18756171,-0.23999999,-0.01229746,-3.69660735,5.01433086,0.32190934,0.20224042,0.00122106,-0.30831575,
6990,-2.95547080,-1.40528953,-1.70658278,6.00000000,0.24653320,-0.10151367,0.29985297,0.74621487,-0.13511348,0.07000000,0.00549451,-0.75314403,0.23999999,-0.23999999,-0.01229746,-2.07345128,4.55530930,0.75632501,0.44998696,0.00122106,-0.19471271,
6998,-0.42240542,-0.52542043,-0.93684691,6.00000000,0.33837891,-0.42216796,0.18826975,0.74624538,-0.06577881,0.07000000,0.00549451,0.10647327,0.23999999,-0.23999999,-0.01229746,0.86742866,-1.21649444,0.76012707,0.42708427,0.00122106,0.14276920,
7006,1.72160220,-1.17544627,3.96887231,6.00000000,0.35932618,-0.43022460,-0.17816816,0.31518164,0.08737291,0.07000000,0.00549451,0.18406107,0.23999999,-0.23999999,-0.01229746,3.30565357,-3.89033890,0.32153744,0.09622118,0.00122106,0.29864371,
7014,4.32769060,0.71238184,9.11161804,6.00000000,0.35771483,-0.42700195,-0.46375179,-0.34457928,0.30786064,0.07000000,0.00549451,0.22067697,-0.00386734,0.03207469,-0.01229746,5.42099285,-6.12610579,-0.34243727,-0.11454326,0.00122106,0.41604567,
7022,8.15721607,2.10939860,13.63785553,6.00000000,0.01772461,0.02578125,-0.52529246,-1.30307019,0.42403954,0.07000000,0.00549451,0.15992069,-0.23999999,0.23999999,-0.01229746,5.80845547,-6.33379984,-1.29537404,-0.39640799,0.00122106,0.36322856,
7030,9.42135525,1.92504501,17.33929253,6.00000000,-0.32387695,0.40283203,-0.31382784,-1.99307835,0.38024262,0.07000000,0.00549451,-0.01482663,-0.23999999,0.23999999,-0.01229746,2.93215322,-2.90771866,-1.97105575,-0.79560757,0.00122106,0.07438686,
7038,-2.58915806,1.92384791,20.53136063,6.00000000,-0.34965819,0.41894531,-0.10624789,-1.80749202,0.17402358,0.07000000,0.00549451,-0.20073725,0.04928253,-0.07803462,-0.01229746,1.30027032,-0.60039330,-1.76974225,0.27443463,0.00122106,-0.06417565,
7046,2.20163965,1.16009760,14.06641769,6.00000000,0.06445312,-0.12084961,0.62649959,-0.85121524,0.06448558,0.07000000,0.00549451,-0.11170080,-0.23999999,0.23999999,-0.01229746,0.05934120,0.29496065,-0.84806240,-0.38284910,0.00122106,-0.07366826,
7054,2.22079325,-1.96433568,3.21709299,6.00000000,-0.33193359,0.40927735,0.56838149,-0.62448198,-0.06498081,0.07000000,0.00549451,0.16473833,-0.23999999,0.23999999,-0.01229746,-1.80990636,1.27409041,-0.63127393,-0.19781418,0.00122106,-0.16551119,
7061,-4.12623549,-2.59760213,8.06415462,5.00000000,-0.36416015,0.43666992,0.08605331,-0.40967581,-0.05857903,0.07000000,0.00549451,0.01091725,0.03544037,-0.03425173,-0.01229746,-3.32659769,3.29692674,-0.41649616,0.15583324,0.00122106,-0.28585547,
7070,-2.51374054,-1.90567768,3.01837420,6.00000000,0.04028320,-0.03867187,0.05301194,0.55353045,0.03916110,0.07000000,0.00549451,-0.18121137,0.11405395,-0.13862711,-0.01229746,-3.70009804,4.29176474,0.54868817,0.09509513,0.00122106,-0.26274607,
7078,-2.70767093,-0.39134514,2.34081531,6.00000000,0.14824219,-0.23847656,-0.14622423,0.89333433,0.03755119,0.07000000,0.00549451,-0.11019158,0.23999999,-0.23999999,-0.01229746,-2.02109122,2.38411975,0.89934456,0.29396859,0.00122106,-0.09764664,
7086,-0.02616504,0.48972106,4.52911568,6.00000000,0.35288087,-0.42700195,-0.02294166,1.03180945,0.05859462,0.07000000,0.00549451,-0.03381332,0.23999999,-0.23999999,-0.01229746,0.50789082,-0.39095375,1.03822708,0.14525451,0.00122106,0.11329258,
7094,3.96616626,-0.99827528,7.91092539,6.00000000,0.35449219,-0.42861328,0.02089909,0.36591631,0.14969309,0.07000000,0.00549451,0.08563935,-0.05801727,0.06857014,-0.01229746,2.64242840,-2.89026546,0.40272897,-0.18548049,0.00122106,0.24451035,
7102,7.01997042,0.30656463,10.98029232,6.00000000,-0.06284180,0.09184571,-0.24305204,-0.56151646,0.27442843,0.07000000,0.00549451,0.04402396,-0.23999999,0.23999999,-0.01229746,2.94786096,-3.07876062,-0.56209862,-0.44507441,0.00122106,0.18732479,
7110,4.72393131,0.69083399,18.87636948,6.00000000,-0.35126954,0.42216796,-0.40929684,-1.24137270,0.33320269,0.07000000,0.00549451,-0.17457947,-0.23999999,0.23999999,-0.01229746,1.13795459,-0.59515727,-1.23359203,-0.40036550,0.00122106,-0.03205296,
7118,-1.14425719,1.86040151,20.53136063,6.00000000,-0.35126954,0.42539063,-0.18248086,-0.66651553,0.21950227,0.07000000,0.00549451,-0.18589225,-0.23999999,0.23999999,-0.01229746,-0.62657320,1.22522104,-0.65186369,-0.09084088,0.00122106,-0.12451538,
7126,1.66174710,1.68562484,13.78629684,6.00000000,-0.34321290,0.44311523,0.17211832,-0.03180208,0.01111569,0.07000000,0.00549451,-0.13832210,-0.23999999,0.23999999,-0.01229746,-3.07527018,3.52381968,-0.03105122,-0.35489824,0.00122106,-0.25369933,
7133,-1.68774104,1.06552660,10.27639675,5.00000000,-0.35449219,0.42216796,0.35374832,0.68092513,-0.19982988,0.07000000,0.00549451,-0.24407479,-0.03266880,-0.00023964,-0.01229746,-4.68970013,5.47858858,0.67999798,-0.00170130,0.00122106,-0.33505720,
7142,-3.10510850,-1.68301702,6.59770584,6.00000000,-0.05961914,0.01933594,0.54990029,1.36981022,-0.21767458,0.07000000,0.00549451,-0.24411416,0.23999999,-0.23999999,-0.01229746,-5.37561417,6.16275787,1.37521195,0.21620201,0.00122106,-0.33531290,
7150,-1.22087169,-2.29353833,1.07308543,6.00000000,0.32387695,-0.40927735,0.25764397,1.77953768,-0.14852521,0.07000000,0.00549451,-0.07387337,0.23999999,-0.23999999,-0.01229746,-3.53603721,3.77689242,1.79898989,0.20087476,0.00122106,-0.13966164,
7158,0.29226378,-2.84899330,-0.95719767,6.00000000,0.33676758,-0.41249999,-0.06942589,1.58203101,-0.04572070,0.07000000,0.00549451,0.04740890,0.23999999,-0.23999999,-0.01229746,-0.26005405,0.15009832,1.51072538,0.17390251,0.00122106,0.10087454,
7166,2.13819337,-0.51225233,3.34278870,6.00000000,0.34160155,-0.42539063,-0.35247681,1.06393456,0.01427431,0.07000000,0.00549451,0.14266880,0.23999999,-0.23999999,-0.01229746,2.26718259,-2.72794962,1.07801318,0.03179598,0.00122106,0.27219874,
7174,4.29177761,1.15052068,6.87303925,6.00000000,0.36254883,-0.42700195,-0.34253564,0.34955662,0.04472602,0.07000000,0.00549451,0.28058732,0.05034772,-0.01359192,-0.01229746,4.25685787,-5.16617441,0.35632950,-0.15546395,0.00122106,0.38578376,
7182,7.13489246,1.44261336,11.05570984,6.00000000,0.09023438,-0.03061523,-0.22548716,-0.66000277,0.03700130,0.07000000,0.00549451,0.29031649,-0.23999999,0.23999999,-0.01229746,4.79092884,-5.72118902,-0.65682900,-0.39090401,0.00122106,0.35034841,
7190,9.42494583,0.87039912,14.43273067,6.00000000,-0.33032227,0.40122071,-0.09597254,-1.64546120,0.05870804,0.07000000,0.00549451,0.01552919,-0.23999999,0.23999999,-0.01229746,2.25147462,-2.28638124,-1.63437939,-0.80459154,0.00122106,0.05408597,
7198,-2.66098404,-0.53140599,20.53136063,6.00000000,-0.35449219,0.43989259,-0.09452938,-1.86232054,0.02750676,0.07000000,0.00549451,-0.10240065,0.06361839,-0.07896604,-0.01229746,0.83950335,-0.51138145,-1.84813321,0.29714638,0.00122106,-0.08766539,
7205,3.48852301,1.07630050,15.40118504,5.00000000,0.07573242,-0.11601563,0.05191920,-0.83893710,-0.04061937,0.07000000,0.00549451,-0.07227772,-0.23999999,0.23999999,-0.01229746,-0.25830874,0.50265479,-0.83446681,-0.66380894,0.00122106,-0.09256696,
7214,3.53042150,1.54316986,1.95175743,6.00000000,-0.35126954,0.42055663,0.45184791,-0.87165493,-0.16607936,0.07000000,0.00549451,0.04301289,-0.23999999,0.23999999,-0.01229746,-2.05599785,1.93033409,-0.87960958,-0.41972625,0.00122106,-0.21698651,
7222,-4.52247572,-1.67583442,8.40772247,6.00000000,-0.35288087,0.43022460,0.23932458,-0.60971993,-0.24947403,0.07000000,0.00549451,-0.07862554,0.04078276,-0.05179268,-0.01229746,-3.48716784,3.74024057,-0.61425436,0.20061320,0.00122106,-0.32336098,
7230,-1.91279602,-0.75646091,2.84718895,6.00000000,0.03867187,-0.07573242,0.14079224,0.39205155,-0.17252697,0.07000000,0.00549451,-0.23264739,0.01192866,-0.04349914,-0.01229746,-3.92873621,4.66351986,0.38921511,0.05454981,0.00122106,-0.29809937,
7238,-1.70090914,-0.87018549,0.66367692,6.00000000,0.00644531,-0.06928711,-0.01159926,0.80326617,-0.12839802,0.07000000,0.00549451,-0.10532048,0.23999999,-0.23999999,-0.01229746,-3.01243830,3.35277748,0.80961812,0.20645145,0.00122106,-0.17966543,
7246,-1.19692969,-0.13636267,5.38623953,6.00000000,0.32709962,-0.41249999,-0.08981367,1.00620270,-0.07482377,0.07000000,0.00549451,-0.17887087,0.23999999,-0.23999999,-0.01229746,-0.47123891,1.04196155,1.01144254,0.16170932,0.00122106,0.02178913,
7254,4.90110207,-0.47753641,4.11731291,6.00000000,0.34321290,-0.43022460,0.01584029,0.60658544,0.04605848,0.07000000,0.00549451,-0.08751634,-0.16528493,0.15245447,-0.01229746,2.16071773,-1.88670087,0.61622709,-0.26831961,0.00122106,0.20355380,
7262,7.41261959,0.24910380,8.18625832,6.00000000,-0.21752930,0.24331054,-0.30764079,-0.22043648,0.15747887,0.07000000,0.00549451,-0.12406215,-0.23999999,0.23999999,-0.01229746,1.58824956,-1.17111588,-0.22099823,-0.58691204,0.00122106,0.08679634,
7270,3.86082149,0.86561072,18.43823051,6.00000000,-0.34804687,0.42539063,-0.44163021,-0.66575027,0.23068720,0.07000000,0.00549451,-0.17181231,-0.23999999,0.23999999,-0.01229746,-0.60213858,1.16937065,-0.66370702,-0.48506668,0.00122106,-0.11975345,
7277,0.25515366,1.47134376,20.53136063,5.00000000,-0.34482422,0.43183595,-0.17360249,0.02313983,0.20423719,0.07000000,0.00549451,-0.22028434,-0.23999999,0.23999999,-0.01229746,-2.38411975,3.08050609,0.03056157,-0.20505592,0.00122106,-0.20604974,
7286,0.73878241,2.25903606,14.92114830,6.00000000,-0.34804687,0.43022460,0.00506649,0.44625804,0.02559692,0.07000000,0.00549451,-0.16853765,-0.23999999,0.23999999,-0.01229746,-4.74729538,5.29358339,0.44146642,-0.28069809,0.00122106,-0.34802309,
7294,-1.85892642,1.29536998,11.39568615,6.00000000,-0.34321290,0.42861328,0.36767426,1.18729424,-0.15516195,0.07000000,0.00549451,-0.19343558,0.05406885,-0.07964797,-0.01229746,-6.46469927,7.11396217,1.18515265,0.02428904,0.00122106,-0.42462039,
7302,-2.91596651,-1.11559117,6.32117558,6.00000000,0.05961914,-0.11923828,0.49239403,1.82763481,-0.24246334,0.07000000,0.00549451,-0.16398668,0.23999999,-0.23999999,-0.01229746,-6.71951771,7.25533390,1.83379436,0.16676870,0.00122106,-0.39228615,
7310,-0.14228383,-1.31550705,-1.54617131,6.00000000,0.33354491,-0.40605468,0.39298582,2.13373232,-0.18869190,0.07000000,0.00549451,0.08289581,0.23999999,-0.23999999,-0.01229746,-4.91484737,4.63035822,2.16275406,0.14272469,0.00122106,-0.19776434,
7318,-0.49662569,-2.37494135,0.36919010,6.00000000,0.34482422,-0.42377931,-0.11961290,1.74585140,-0.09659947,0.07000000,0.00549451,0.20160867,0.23999999,-0.23999999,-0.01229746,-1.62141085,0.95644039,1.77213836,0.25902483,0.00122106,0.03687526,
7326,2.33451772,-1.60400832,4.26814747,6.00000000,0.35288087,-0.42861328,-0.32696357,1.18721843,-0.02340037,0.07000000,0.00549451,0.32569647,0.23999999,-0.23999999,-0.01229746,1.05243349,-2.09963107,1.19836307,0.08135647,0.00122106,0.21403287,
7334,3.77223587,1.43902206,7.15196371,6.00000000,0.34965819,-0.42377931,-0.35143879,0.51335621,-0.00684097,0.07000000,0.00549451,0.48013487,0.23999999,-0.18671042,-0.01229746,3.02814627,-4.61465025,0.52157408,-0.02325477,0.00122106,0.33162236,
7342,6.56028366,1.73470592,11.17901039,6.00000000,0.35449219,-0.34160155,-0.29889458,-0.48722249,-0.00797291,0.07000000,0.00549451,0.56351602,-0.16809297,0.23999999,-0.01229746,4.55705500,-6.35125303,-0.48085386,-0.22158962,0.00122106,0.37836447,
7349,8.20869160,0.84286582,14.71524715,5.00000000,-0.21430664,0.38349611,-0.05633026,-1.52682328,0.00041035,0.07000000,0.00549451,0.28035676,-0.23999999,0.23999999,-0.01229746,3.89906549,-4.79441977,-1.51651633,-0.45675129,0.00122106,0.21192281,
7358,3.82490849,-0.70857686,20.53136063,6.00000000,-0.36093751,0.42377931,-0.08003245,-2.34923840,-0.02169375,0.07000000,0.00549451,-0.23782921,-0.23999999,0.23999999,-0.01229746,1.04545224,-0.28099802,-2.32661128,-0.47512645,0.00122106,-0.12562345,
7366,-2.51014924,-0.25846696,20.53136063,6.00000000,-0.35288087,0.42539063,0.03304963,-1.53459799,-0.11018782,0.07000000,0.00549451,-0.22185467,-0.22118044,0.18999162,-0.01229746,-0.81157809,1.54287112,-1.50397396,0.09056178,0.00122106,-0.20443736,
7374,1.75751519,0.11263430,10.08007240,6.00000000,-0.31904298,0.35288087,0.15141717,-0.88198119,-0.20353043,0.07000000,0.00549451,-0.21953258,-0.23999999,0.23999999,-0.01229746,-3.03687286,3.75245786,-0.88370317,-0.35658038,0.00122106,-0.32774803,
7382,-3.11827660,0.02644304,5.15519953,6.00000000,-0.35288087,0.43022460,0.29794437,-0.06666262,-0.35488829,0.07000000,0.00549451,-0.32696041,0.03347020,-0.07785004,-0.01229746,-4.70017147,5.77180386,-0.07375544,0.16713110,0.00122106,-0.40772271,
7390,-1.95349741,-1.32149255,1.33405340,6.00000000,0.02578125,-0.11440430,0.47973871,0.66589421,-0.31044734,0.07000000,0.00549451,-0.42305773,0.19101866,-0.23999999,-0.01229746,-5.40179396,6.76315069,0.66863811,0.19581012,0.00122106,-0.41364685,
7398,-2.37846828,-1.60161412,-1.85143197,6.00000000,0.25781250,-0.40444335,0.37284288,1.22778261,-0.29932722,0.07000000,0.00549451,-0.14167646,0.23999999,-0.23999999,-0.01229746,-3.44353461,3.91477346,1.24335682,0.42177856,0.00122106,-0.18546844,
7406,0.31860000,-1.68660831,-0.53462106,6.00000000,0.33676758,-0.42377931,0.10741134,1.09695888,-0.19412519,0.07000000,0.00549451,0.01846240,0.23999999,-0.23999999,-0.01229746,-0.48694685,0.42760566,1.11732697,0.22366278,0.00122106,0.04963896,
7414,2.67090321,-1.55612433,4.60932112,6.00000000,0.34321290,-0.42539063,-0.36218587,0.59309423,-0.00871473,0.07000000,0.00549451,0.03688546,0.17600089,-0.17193794,-0.01229746,2.21831346,-2.34921336,0.60147530,-0.03003000,0.00122106,0.21954262,
7421,5.15129614,1.92025661,9.41568089,5.00000000,0.27231446,-0.32226563,-0.67665893,-0.16432559,0.18241733,0.07000000,0.00549451,0.12449618,-0.22250842,0.23800087,-0.01229746,3.71929669,-4.10675955,-0.16324914,-0.24890384,0.00122106,0.28394508,
7430,8.59774971,3.41902685,13.98980331,6.00000000,-0.29809570,0.39960939,-0.54076183,-1.11488891,0.23188052,0.07000000,0.00549451,0.01697724,-0.23999999,0.23999999,-0.01229746,2.06123376,-2.12232041,-1.10807371,-0.56032026,0.00122106,0.07577175,
7438,3.64773750,1.28339899,20.53136063,6.00000000,-0.35449219,0.43989259,-0.19726345,-1.48355842,0.12976167,0.07000000,0.00549451,-0.12145651,-0.23999999,0.23999999,-0.01229746,-0.14137168,0.53581607,-1.46546125,-0.45953947,0.00122106,-0.13267781,
7446,1.90236437,1.01165700,19.47372246,6.00000000,-0.35126954,0.43022460,0.32327339,-0.68793195,-0.03457607,0.07000000,0.00549451,-0.11027227,-0.23999999,0.23999999,-0.01229746,-2.63195658,2.99149418,-0.67009795,-0.31766278,0.00122106,-0.26452988,
7454,-0.79111248,1.26065397,13.23443317,6.00000000,-0.35449219,0.44633788,0.30326116,-0.26154685,-0.17863922,0.07000000,0.00549451,-0.15482444,-0.23999999,0.23999999,-0.01229746,-4.59545183,5.11032391,-0.25964850,-0.09810050,0.00122106,-0.38773179,
7462,-1.78111494,0.00130392,6.13562489,6.00000000,-0.35126954,0.43183595,0.40564659,0.58001965,-0.23599294,0.07000000,0.00549451,-0.35752633,-0.08396292,0.03588429,-0.01229746,-6.27096796,7.39670515,0.57827604,0.02493795,0.00122106,-0.47905326,
7470,-3.14940119,-1.57527792,2.38750219,6.00000000,-0.14501953,0.06606445,0.29848781,1.24434602,-0.17237279,0.07000000,0.00549451,-0.25878352,0.23999999,-0.23999999,-0.01229746,-7.53109550,8.36187267,1.25465453,0.21953359,0.00122106,-0.50723481,
7478,-2.52690864,-1.06172168,0.30694085,6.00000000,0.32709962,-0.39638671,0.15821587,1.76567006,-0.09614630,0.07000000,0.00549451,-0.23875338,0.23999999,-0.23999999,-0.01229746,-5.60076141,6.37219715,1.78306651,0.29745996,0.00122106,-0.32044223,
7486,-0.20932147,-2.09242535,-1.13197434,6.00000000,0.33515626,-0.41572267,0.15329726,1.70171750,-0.05531950,0.07000000,0.00549451,-0.08106496,0.23999999,-0.23999999,-0.01229746,-2.39808226,2.65813661,1.73332357,0.27853087,0.00122106,-0.05669649,
7493,2.13819337,-1.72371840,1.62135756,5.00000000,0.33999023,-0.42055663,-0.15431893,1.28894758,-0.00522645,0.07000000,0.00549451,0.02797220,0.23999999,-0.23999999,-0.01229746,0.52708948,-0.59341192,1.24814463,0.01134673,0.00122106,0.13687404,
7502,3.84885049,0.31614146,7.92050219,6.00000000,0.35771483,-0.43505859,-0.53042293,0.45949280,0.16671526,0.07000000,0.00549451,0.07600693,0.01878091,-0.00953741,-0.01229746,2.75412965,-2.98625851,0.46323448,-0.14044571,0.00122106,0.25605756,
7510,6.86434746,2.07827401,12.85495186,6.00000000,0.03867187,-0.03383789,-0.52118778,-0.58772236,0.25594276,0.07000000,0.00549451,0.06255833,-0.23999999,0.23999999,-0.01229746,3.16079140,-3.35801339,-0.58794200,-0.37955335,0.00122106,0.20287634,
7518,8.38825703,1.82089722,17.05438232,6.00000000,-0.32387695,0.39638671,-0.30761436,-1.62693882,0.24511918,0.07000000,0.00549451,-0.17335385,-0.23999999,0.23999999,-0.01229746,0.71034902,-0.15707964,-1.61749911,-0.73144794,0.00122106,-0.09378576,
7526,-5.89315653,0.81772667,20.53136063,6.00000000,-0.35449219,0.43344727,-0.09732749,-1.67893696,0.12227130,0.07000000,0.00549451,-0.16821031,0.23999999,-0.23999999,-0.01229746,-0.39793506,0.95120442,-1.66687918,0.51960129,0.00122106,-0.17714012,
7534,4.49767923,1.72393203,14.99057961,6.00000000,0.32871094,-0.39960939,0.26259205,-0.94337302,-0.02667692,0.07000000,0.00549451,0.04681212,-0.23999999,0.23999999,-0.01229746,-0.66497040,0.51661748,-0.94859040,-0.82169068,0.00122106,-0.11764855,
7542,5.07228756,0.84047163,-0.60644710,6.00000000,-0.34482422,0.41572267,0.61121821,-1.37174296,-0.25372133,0.07000000,0.00549451,0.10916764,-0.23999999,0.23999999,-0.01229746,-1.04196155,0.68940508,-1.37931371,-0.77313673,0.00122106,-0.17071375,
7550,-2.68492603,-1.18741727,5.55742502,6.00000000,-0.35449219,0.42700195,0.43312740,-1.27598929,-0.28324133,0.07000000,0.00549451,0.04322727,-0.23999999,0.23999999,-0.01229746,-2.94437051,2.82743335,-1.29002690,-0.06899434,0.00122106,-0.31888968,
7558,-2.26713777,-2.72329760,2.62931657,6.00000000,-0.35771483,0.43183595,0.10929327,-0.38836777,-0.21768311,0.07000000,0.00549451,-0.17234273,-0.23601170,0.21259892,-0.01229746,-5.03003931,5.60599756,-0.40367073,0.01464806,0.00122106,-0.43848753,
7565,-1.97145391,-1.28198814,2.99323511,5.00000000,-0.35449219,0.37382811,-0.22505659,0.32049468,-0.13176800,0.07000000,0.00549451,-0.37685543,-0.21110065,0.16041547,-0.01229746,-6.84169054,8.05294895,0.31803867,-0.01346973,0.00122106,-0.54395044,
7574,-1.82421052,0.51246595,5.15400219,6.00000000,-0.30292970,0.29970703,-0.11465736,1.07280171,-0.12021980,0.07000000,0.00549451,-0.55399656,-0.15155621,0.07727207,-0.01229746,-8.26937008,10.07054996,1.07374048,-0.03175203,0.00122106,-0.61872733,
7582,-1.16341090,0.22516178,8.60284996,6.00000000,-0.22719726,0.15468749,-0.00774449,1.69554484,-0.14755423,0.07000000,0.00549451,-0.28769034,-0.04614228,0.00842768,-0.01229746,-9.49459076,10.42485142,1.69630063,-0.04240508,0.00122106,-0.62962919,
7590,-2.08039021,0.52563411,13.15901566,6.00000000,-0.08701172,0.03061523,-0.01691208,2.25025487,-0.11833360,0.07000000,0.00549451,-0.00631335,0.23999999,-0.23999999,-0.01229746,-9.36718273,9.38288975,2.23991609,0.09374361,0.00122106,-0.54439318,
7598,-1.02933550,0.45859644,13.84495449,6.00000000,0.33032227,-0.40927735,-0.08888789,2.69168234,-0.07501341,0.07000000,0.00549451,0.00371580,0.23999999,-0.23999999,-0.01229746,-6.80852938,6.81027508,2.67728567,0.07833108,0.00122106,-0.31843770,
7606,4.36480093,0.66928619,7.52545881,6.00000000,0.34643555,-0.42055663,0.43159124,2.21552277,0.04860275,0.07000000,0.00549451,0.17654011,0.00535417,0.01926267,-0.01229746,-4.23765945,3.67566347,2.22231293,-0.25099897,0.00122106,-0.13204494,
7614,3.66090560,-0.79596525,7.62840986,6.00000000,0.00322266,0.01611328,-0.13342002,1.20700359,0.02934605,0.07000000,0.00549451,0.21313225,-0.03013480,0.05922844,-0.01229746,-3.08225155,2.38237453,1.21123588,-0.15796307,0.00122106,-0.11593381,
7622,2.50211191,-0.57928997,10.15548992,6.00000000,-0.03222656,0.10312500,-0.13898668,0.55319071,0.05344988,0.07000000,0.00549451,0.08651532,-0.23999999,0.23999999,-0.01229746,-3.74722195,3.46796918,0.55152595,-0.22049952,0.00122106,-0.23362148,
7630,1.69526601,-0.08847864,13.39364719,6.00000000,-0.34804687,0.42539063,-0.05669052,0.01924911,0.05395899,0.07000000,0.00549451,-0.33072475,-0.23999999,0.23999999,-0.01229746,-4.61988688,5.70548105,0.01626128,-0.18955889,0.00122106,-0.39328033,
7637,-3.68809652,-0.84025800,20.44816208,5.00000000,-0.35610351,0.44150391,0.17577690,0.40997154,0.06498275,0.07000000,0.00549451,-0.37537199,0.08288428,-0.13352066,-0.01229746,-5.80496502,6.99702501,0.41198042,0.16043645,0.00122106,-0.45646924,
7646,-1.01736450,0.67646879,10.53975868,6.00000000,0.11118164,-0.21591797,0.00667199,1.17828000,-0.07307354,0.07000000,0.00549451,-0.08270264,-0.08895299,0.07838108,-0.01229746,-6.24653339,6.51182365,1.17566419,-0.09292519,0.00122106,-0.39586246,
7654,2.87919879,0.69801664,-0.62799489,6.00000000,-0.11440430,0.13051757,0.49751574,1.19501030,-0.16355708,0.07000000,0.00549451,0.18216954,-0.23742546,0.23999999,-0.01229746,-6.70380974,6.10690689,1.21113169,-0.21844028,0.00122106,-0.39517465,
7662,-3.16855478,-0.06932503,4.19033623,6.00000000,-0.35449219,0.40766603,0.20095521,1.11281729,-0.18657990,0.07000000,0.00549451,-0.14745486,0.18741387,-0.20655297,-0.01229746,-7.69515657,8.16464996,1.12272739,0.15608791,0.00122106,-0.51792610,
7670,-3.99575138,-1.76920819,8.99310493,6.00000000,0.24331054,-0.33515626,0.24138623,1.71963358,-0.04346303,0.07000000,0.00549451,-0.19057864,0.23999999,-0.23999999,-0.01229746,-6.95513725,7.57123804,1.72105169,0.21565424,0.00122106,-0.42405915,
7678,1.80659640,-0.60562623,0.69240731,6.00000000,0.33837891,-0.40766603,-0.02251199,1.82160521,-0.03641907,0.07000000,0.00549451,0.10226984,0.23999999,-0.23999999,-0.01229746,-4.41393757,4.10501432,1.84385002,0.00885470,0.00122106,-0.18448155,
7686,1.81737030,0.99250340,5.39342260,6.00000000,0.34804687,-0.42861328,-0.20482069,1.17403853,0.04739139,0.07000000,0.00549451,0.30840886,0.23999999,-0.23999999,-0.01229746,-1.77849054,0.78539819,1.18733764,0.04843233,0.00122106,-0.00388460,
7694,3.52683020,-0.27762058,10.33984280,6.00000000,0.35288087,-0.43505859,-0.26686105,0.43044844,0.07378206,0.07000000,0.00549451,0.33445901,0.11262140,-0.06787704,-0.01229746,0.49567351,-1.58126831,0.42874831,-0.03428494,0.00122106,0.10892886,
7702,3.91349387,1.55035245,12.68855476,6.00000000,0.18369141,-0.12729493,-0.31269440,-0.52871823,0.07639199,0.07000000,0.00549451,0.41463032,-0.04940316,0.10463098,-0.01229746,1.22173047,-2.56912470,-0.52498603,-0.03578077,0.00122106,0.10422246,
7709,4.52880383,1.88194931,15.35689259,5.00000000,-0.04511719,0.15629883,-0.17636296,-1.40484571,0.06009304,0.07000000,0.00549451,0.24077919,-0.23999999,0.23999999,-0.01229746,0.24434610,-1.03498018,-1.39176130,-0.22967455,0.00122106,-0.05563585,
7718,1.09671557,-0.35543212,20.53136063,6.00000000,-0.34804687,0.42539063,0.01848934,-1.99774420,-0.00181390,0.07000000,0.00549451,-0.20334318,-0.23999999,0.23999999,-0.01229746,-1.24092913,1.90939021,-1.97701597,-0.15004426,0.00122106,-0.26816374,
7726,-3.52529073,0.95778751,20.18480110,6.00000000,-0.35126954,0.42377931,0.18803009,-1.38380909,-0.06844141,0.07000000,0.00549451,-0.16052586,-0.18969405,0.16731024,-0.01229746,-3.32136154,3.86590433,-1.35636675,0.14666176,0.00122106,-0.37701362,
7734,-1.43874407,0.35205448,9.74129295,6.00000000,-0.27875978,0.30615234,0.35991254,-0.74203724,-0.19490880,0.07000000,0.00549451,-0.15986504,-0.23999999,0.23999999,-0.01229746,-5.19933558,5.68453741,-0.74338156,-0.02500510,0.00122106,-0.47267804,
7742,-3.82336903,0.69322819,2.90464973,6.00000000,-0.35288087,0.41411132,0.52914059,0.02293310,-0.27096856,0.07000000,0.00549451,-0.22825339,0.18766791,-0.21820660,-0.01229746,-7.09825420,7.84700060,0.01573104,0.31405899,0.00122106,-0.56892270,
7750,-3.87005591,-0.69421166,0.66487402,6.00000000,0.24331054,-0.35610351,0.42597228,0.69207984,-0.21220937,0.07000000,0.00549451,-0.17935251,0.23999999,-0.23999999,-0.01229746,-6.99702501,7.57821989,0.69349921,0.38817561,0.00122106,-0.50177717,
7758,-3.49536324,-1.43162584,-3.07008076,6.00000000,0.33032227,-0.40605468,0.40903065,1.04967117,-0.24183737,0.07000000,0.00549451,0.07097152,0.23999999,-0.23999999,-0.01229746,-3.85543227,3.61632204,1.06354165,0.63967794,0.00122106,-0.20298973,
7766,-1.29269779,-1.08326948,-0.00191116,6.00000000,0.34482422,-0.41411132,-0.02754207,0.84588498,-0.08553901,0.07000000,0.00549451,0.16574785,0.23999999,-0.23999999,-0.01229746,-0.61959189,0.09250245,0.86017179,0.46419936,0.00122106,0.04042947,
7774,1.34451544,-1.42204905,6.62045097,6.00000000,0.34804687,-0.42700195,-0.43287715,0.38768506,0.07784455,0.07000000,0.00549451,0.22383597,0.23999999,-0.23999999,-0.01229746,1.87448359,-2.59879518,0.39081907,0.18017283,0.00122106,0.19963679,
7781,3.60703611,1.63893783,12.04571152,5.00000000,0.35288087,-0.43022460,-0.76134282,-0.27554300,0.26776424,0.07000000,0.00549451,0.21379486,0.17656076,-0.14897740,-0.01229746,3.72278738,-4.40695620,-0.27275395,0.04776773,0.00122106,0.29069722,
7790,6.81885767,3.66922092,17.26148033,6.00000000,0.26264650,-0.27070314,-0.69939905,-1.55946887,0.33566946,0.07000000,0.00549451,0.26540983,-0.23999999,0.23999999,-0.01229746,4.72984219,-5.58679914,-1.54804242,-0.23620561,0.00122106,0.27514932,
7798,7.99441051,2.56669116,19.26662445,6.00000000,-0.31743163,0.39316407,-0.21151939,-2.67987299,0.21463050,0.07000000,0.00549451,0.24033654,-0.23999999,0.23999999,-0.01229746,3.05432630,-3.82925224,-2.64739513,-0.44646674,0.00122106,0.06030996,
7806,-1.23763108,-1.01144338,20.53136063,6.00000000,-0.35771483,0.43505859,0.11221024,-3.05553269,0.01987972,0.07000000,0.00549451,0.02586925,-0.23999999,0.23999999,-0.01229746,0.69289571,-0.77841681,-3.01951241,-0.10201940,0.00122106,-0.17591403,
7814,-0.12911572,1.58506835,14.85530758,6.00000000,-0.35126954,0.42700195,0.62152082,-2.10894704,-0.08782868,0.07000000,0.00549451,-0.01228627,-0.23999999,0.23999999,-0.01229746,-2.11882973,2.07694173,-2.08568454,-0.27244434,0.00122106,-0.31598914,
7822,-3.46423864,-2.19178486,7.46680117,6.00000000,-0.35126954,0.42216796,0.43576944,-1.36829901,-0.25021100,0.07000000,0.00549451,-0.07216116,-0.23999999,0.23999999,-0.01229746,-4.16784620,4.37903118,-1.44162011,0.09293592,0.00122106,-0.43057513,
7830,-4.34171343,-1.73090100,0.73191166,6.00000000,-0.35288087,0.43183595,0.53217691,-0.50791645,-0.21561436,0.07000000,0.00549451,-0.41341993,0.07003745,-0.12606204,-0.01229746,-6.13832331,7.43859339,-0.52398694,0.30129188,0.00122106,-0.55729204,
7838,-4.17890787,-1.60161412,-2.68820548,6.00000000,0.08378907,-0.20786133,0.36187226,0.35593578,-0.13520858,0.07000000,0.00549451,-0.35332647,0.23999999,-0.23999999,-0.01229746,-6.68984699,7.82780170,0.35397261,0.49194521,0.00122106,-0.52505636,
7846,-2.92793751,-0.76843190,-4.09479904,6.00000000,0.33032227,-0.41411132,0.29113710,0.62858349,-0.14502020,0.07000000,0.00549451,-0.03230047,0.23999999,-0.23999999,-0.01229746,-4.48549604,4.58323479,0.63584208,0.59880292,0.00122106,-0.29645991,
7853,-1.81223953,0.20600817,0.86957824,5.00000000,0.33999023,-0.41088867,0.07631558,0.60355538,-0.04776017,0.07000000,0.00549451,0.03618553,0.23999999,-0.23999999,-0.01229746,-0.93375117,0.84823000,0.63376993,0.48893306,0.00122106,-0.02494729,
7862,1.90834987,-0.87736809,4.35314178,6.00000000,0.34321290,-0.43022460,-0.39459872,0.26813495,0.22737670,0.07000000,0.00549451,-0.00631535,0.23999999,-0.23999999,-0.01229746,2.03330851,-2.02807260,0.27438810,0.07596529,0.00122106,0.17814708,
7870,3.92905617,1.54316986,11.24724579,6.00000000,0.36577147,-0.42377931,-0.92245924,-0.43531042,0.45261985,0.07000000,0.00549451,-0.01073136,-0.14244996,0.13944313,-0.01229746,3.99331331,-3.93048143,-0.43530357,-0.14493959,0.00122106,0.26710513,
7878,7.02715302,1.39592636,16.41393280,6.00000000,-0.18046875,0.21591797,-0.97912234,-1.57534719,0.54172617,0.07000000,0.00549451,0.06639065,-0.23999999,0.23999999,-0.01229746,3.26900172,-3.50113058,-1.58448291,-0.40473914,0.00122106,0.13614698,
7886,1.65576160,3.14728498,20.53136063,6.00000000,-0.34321290,0.42539063,-0.55378604,-2.18732929,0.33544707,0.07000000,0.00549451,-0.34646767,-0.23999999,0.23999999,-0.01229746,1.59348571,-0.45029494,-2.16084433,-0.13870618,0.00122106,-0.08778259,
7894,-0.09559689,1.26903367,20.53136063,6.00000000,-0.34160155,0.43989259,0.49808025,-1.63944721,0.18712093,0.07000000,0.00549451,0.03165945,-0.23999999,0.23999999,-0.01229746,-1.70169604,1.62141085,-1.60980844,-0.08725520,0.00122106,-0.24564254,
7902,-0.90124577,0.13059081,14.18253708,6.00000000,-0.35932618,0.42539063,0.41178909,-0.92746520,-0.16109379,0.07000000,0.00549451,-0.00974818,-0.23999999,0.23999999,-0.01229746,-3.87637639,3.89906549,-0.91793203,-0.17058232,0.00122106,-0.36475581,
7910,-4.09989929,-1.61957061,7.85705614,6.00000000,-0.35932618,0.42055663,0.78859878,-0.24359562,-0.21562852,0.07000000,0.00549451,-0.19120762,-0.01027782,-0.01554790,-0.01229746,-5.67406559,6.25351429,-0.23306096,0.16903715,0.00122106,-0.47272414,
7918,-3.04525328,-3.95870566,0.85521305,6.00000000,-0.02739258,-0.00966797,0.45371044,0.58193505,-0.18278950,0.07000000,0.00549451,-0.22921106,0.22602916,-0.23999999,-0.01229746,-6.52055025,7.25882435,0.58455443,0.24317773,0.00122106,-0.48034108,
7925,-3.39959526,-2.75322509,-2.69658518,5.00000000,0.30292970,-0.39477539,0.31210232,1.07531071,-0.11475528,0.07000000,0.00549451,-0.14868498,0.23999999,-0.23999999,-0.01229746,-4.68620920,5.15046692,1.08949399,0.47132212,0.00122106,-0.29002374,
7934,-1.35734117,-0.79835945,-3.49385428,6.00000000,0.34321290,-0.42377931,0.14719313,1.12406766,-0.05332771,0.07000000,0.00549451,0.05954923,0.23999999,-0.23999999,-0.01229746,-1.31946886,1.13097346,1.14532959,0.44949770,0.00122106,-0.00549579,
7942,0.06960303,-0.67984647,1.29574621,6.00000000,0.35126954,-0.42700195,-0.21381895,0.80642772,0.04467355,0.07000000,0.00549451,0.05079534,0.23999999,-0.23999999,-0.01229746,1.53239918,-1.68773329,0.82021952,0.27974764,0.00122106,0.18511775,
7950,1.98496437,1.55753505,8.07253361,6.00000000,0.34643555,-0.43022460,-0.64148986,0.27134615,0.27621543,0.07000000,0.00549451,0.10103709,0.23999999,-0.23999999,-0.01229746,3.82401657,-4.16610098,0.27481002,0.07406157,0.00122106,0.32464650,
7958,5.92462349,2.68999243,13.08599281,6.00000000,0.34965819,-0.43183595,-0.69139498,-0.61659813,0.40811613,0.07000000,0.00549451,0.17171922,-0.23999999,0.23999999,-0.01229746,5.56236458,-6.14181376,-0.61491466,-0.26435459,0.00122106,0.39772767,
7966,8.14644241,2.61457515,16.72158813,6.00000000,-0.32387695,0.39477539,-0.44596615,-1.81535327,0.37666631,0.07000000,0.00549451,0.13468212,-0.23999999,0.23999999,-0.01229746,4.34761524,-4.78918314,-1.80323315,-0.38132620,0.00122106,0.20950612,
7974,0.76511860,-0.61041462,20.53136063,6.00000000,-0.34804687,0.42055663,-0.24008533,-2.38311148,0.23928639,0.07000000,0.00549451,-0.21123973,-0.23999999,0.23999999,-0.01229746,1.50970984,-0.84648466,-2.35692382,-0.20130078,0.00122106,-0.09246927,
7982,-1.15503120,2.79533720,20.53136063,6.00000000,-0.34321290,0.42216796,0.23341437,-1.69461668,0.06498545,0.07000000,0.00549451,-0.11943944,-0.23999999,0.23999999,-0.01229746,-1.19205987,1.56905103,-1.66399443,-0.06375654,0.00122106,-0.22965738,
7990,-0.59359086,0.04080825,11.24365425,6.00000000,-0.35288087,0.43183595,0.34336060,-1.01598263,-0.17652293,0.07000000,0.00549451,-0.09289301,-0.23999999,0.23999999,-0.01229746,-3.43655324,3.74722195,-1.01308620,-0.13368142,0.00122106,-0.35271820,
7997,-4.05321217,0.54837900,5.98359299,5.00000000,-0.36093751,0.43666992,0.71366024,-0.39700475,-0.28253534,0.07000000,0.00549451,-0.27702561,0.05666544,-0.09426546,-0.01229746,-5.27438498,6.18893766,-0.38942552,0.23879398,0.00122106,-0.46475479,
8006,-2.25875807,-2.57485700,-0.68066734,6.00000000,0.06767578,-0.14501953,0.55372226,0.45477089,-0.20490767,0.07000000,0.00549451,-0.23422827,0.23999999,-0.23999999,-0.01229746,-5.85208893,6.60432577,0.45495120,0.26810876,0.00122106,-0.44005704,
8014,-3.28227925,-2.81188297,-3.41484571,6.00000000,0.32709962,-0.40605468,0.44579235,0.88680160,-0.22041848,0.07000000,0.00549451,-0.09372593,0.23999999,-0.23999999,-0.01229746,-3.40862799,3.69835258,0.89976227,0.53342783,0.00122106,-0.20147243,
8022,-1.70210624,-1.16586936,-1.48990750,6.00000000,0.33676758,-0.41894531,0.11268012,0.87376803,-0.10844339,0.07000000,0.00549451,-0.00815330,0.23999999,-0.23999999,-0.01229746,-0.08203048,0.09075712,0.88804924,0.48225585,0.00122106,0.06084609,
8030,0.33655652,-1.74526620,3.32363510,6.00000000,0.33999023,-0.42377931,-0.40149420,0.49195352,0.07434659,0.07000000,0.00549451,-0.03696455,0.23999999,-0.23999999,-0.01229746,2.72271371,-2.65988159,0.50012362,0.23078081,0.00122106,0.23706622,
8038,2.63977861,1.68203354,9.11281490,6.00000000,0.34965819,-0.43183595,-0.80571902,-0.12652352,0.32361603,0.07000000,0.00549451,0.00854237,0.08801183,-0.08847977,-0.01229746,4.85550642,-4.89215755,-0.15056404,-0.04465547,0.00122106,0.36379683,
8046,6.98405743,3.30290818,13.12070847,6.00000000,0.13857421,-0.17080078,-0.82482505,-1.13376868,0.41055644,0.07000000,0.00549451,0.04740218,-0.23999999,0.23999999,-0.01229746,5.60076141,-5.75085974,-1.13104117,-0.42064124,0.00122106,0.34636626,
8054,7.96687746,3.05031967,17.56913567,6.00000000,-0.31582031,0.39316407,-0.41249925,-2.18546104,0.29391980,0.07000000,0.00549451,0.11151961,-0.23999999,0.23999999,-0.01229746,2.91819048,-3.24631238,-2.16642046,-0.57585841,0.00122106,0.07326645,
8062,-2.79386210,0.48253846,20.53136063,6.00000000,-0.35449219,0.43344727,-0.07253534,-2.49019408,0.05940535,0.07000000,0.00549451,-0.03846177,-0.20980468,0.20287097,-0.01229746,1.42069805,-1.29677963,-2.46227360,0.17094094,0.00122106,-0.08464758,
8069,3.81652880,0.96975851,17.04959297,5.00000000,-0.30454102,0.36254883,0.42674851,-1.49950480,-0.15909243,0.07000000,0.00549451,-0.00013960,-0.23999999,0.23999999,-0.01229746,-1.50447381,1.52192700,-1.51438832,-0.68319470,0.00122106,-0.23149467,
8078,-3.00934029,0.90631217,11.31667709,6.00000000,-0.34804687,0.42377931,0.53429419,-0.98460126,-0.31465891,0.07000000,0.00549451,-0.10012397,-0.07870746,0.06463628,-0.01229746,-3.20093369,3.51683855,-0.94036925,0.15786511,0.00122106,-0.33081266,
8086,-3.41276336,-2.10798788,3.13209891,6.00000000,-0.12084961,0.11440430,0.58994657,-0.11945958,-0.34931314,0.07000000,0.00549451,-0.27705136,0.12827536,-0.16599730,-0.01229746,-4.13119411,5.03352928,-0.12648463,0.22414997,0.00122106,-0.35761130,
8094,-3.11947370,-2.56168890,-0.52743846,6.00000000,0.16435547,-0.28198242,0.45058692,0.47974804,-0.21897209,0.07000000,0.00549451,-0.11959347,0.23999999,-0.23999999,-0.01229746,-3.38593864,3.75943899,0.48354870,0.41937566,0.00122106,-0.23450841,
8102,-2.66098404,-2.60239053,-2.64271569,6.00000000,0.33999023,-0.41088867,0.15465705,0.68814671,-0.16733614,0.07000000,0.00549451,0.05537336,0.23999999,-0.23999999,-0.01229746,-0.86568326,0.68242371,0.69881421,0.49901891,0.00122106,-0.00640287,
8110,0.48739123,-1.41726053,0.04716997,6.00000000,0.34321290,-0.43344727,-0.21069689,0.43772882,-0.10422953,0.07000000,0.00549451,0.15002906,0.23999999,-0.23999999,-0.01229746,2.01411009,-2.50629282,0.44643670,0.25687492,0.00122106,0.20367742,
8118,2.51887131,-0.60802042,3.78212452,6.00000000,0.35126954,-0.42539063,-0.48222655,0.06140603,0.05415370,0.07000000,0.00549451,0.15973699,0.23999999,-0.23999999,-0.01229746,4.50993061,-5.02654839,0.06416073,0.05767722,0.00122106,0.36777282,
8126,5.31769323,2.40508246,10.17344570,6.00000000,0.35771483,-0.43344727,-0.71304834,-0.67440099,0.17213379,0.07000000,0.00549451,0.21160394,-0.10917832,0.13588873,-0.01229746,6.42630243,-7.11221647,-0.67037475,-0.16525453,0.00122106,0.46501443,
8134,9.29446220,2.80491400,15.34252739,6.00000000,-0.12890625,0.20947266,-0.48892263,-1.73969471,0.20755297,0.07000000,0.00549451,0.11735415,-0.23999999,0.23999999,-0.01229746,6.01440477,-6.38441420,-1.72594357,-0.50098103,0.00122106,0.33995786,
8141,7.47127771,1.75146532,20.53136063,5.00000000,-0.32065430,0.39638671,-0.18204565,-2.29176283,0.17452206,0.07000000,0.00549451,-0.12576777,-0.23999999,0.23999999,-0.01229746,2.95658755,-2.54818082,-2.25812078,-0.71771717,0.00122106,0.03826603,
8150,-1.66020775,2.16566229,20.53136063,6.00000000,-0.34804687,0.42377931,-0.03826017,-1.98071563,-0.04471851,0.07000000,0.00549451,-0.25918260,-0.23925130,0.20258710,-0.01229746,0.69813168,0.15707964,-1.95734656,0.10980940,0.00122106,-0.12277469,
8158,2.14777017,-0.32311040,13.23323536,6.00000000,-0.33999023,0.36416015,0.37362677,-0.82771379,-0.18216474,0.07000000,0.00549451,-0.20535585,-0.23999999,0.23999999,-0.01229746,-1.92509818,2.53596354,-0.82253075,-0.36370823,0.00122106,-0.23685277,
8166,-3.32537508,0.46338484,7.70741844,6.00000000,-0.35449219,0.41894531,0.47948566,-0.31446421,-0.30324471,0.07000000,0.00549451,-0.25511050,0.08606964,-0.12094200,-0.01229746,-3.68613529,4.49247742,-0.31920654,0.20957473,0.00122106,-0.33607864,
8174,-2.36889148,-2.64668322,1.06231153,6.00000000,0.09990235,-0.19013672,0.43186000,0.51176411,-0.24551389,0.07000000,0.00549451,-0.20058838,0.23999999,-0.23999999,-0.01229746,-4.17831802,4.83281660,0.51307631,0.20778996,0.00122106,-0.30466452,
8182,-3.15299249,-2.19896746,-2.54455328,6.00000000,0.33676758,-0.40283203,0.27181271,0.91705453,-0.25457066,0.07000000,0.00549451,-0.00255381,0.23999999,-0.23999999,-0.01229746,-1.78023589,1.77849054,0.92841208,0.47459915,0.00122106,-0.06947270,
8190,-0.51817352,-1.07967818,-2.03219414,6.00000000,0.34804687,-0.42055663,0.02367408,0.80619544,-0.17035058,0.07000000,0.00549451,0.12386541,0.23999999,-0.23999999,-0.01229746,1.23569322,-1.64060950,0.82284552,0.34776539,0.00122106,0.17288254,
8198,1.60548341,-1.40169823,2.60776877,6.00000000,0.34160155,-0.42700195,-0.25347155,0.39393640,-0.06220227,0.07000000,0.00549451,0.12320387,0.23999999,-0.23999999,-0.01229746,3.77514720,-4.21497011,0.40091071,0.12428181,0.00122106,0.33265004,
8206,3.88835478,0.67168039,7.65833712,6.00000000,0.35126954,-0.42700195,-0.59491342,-0.25930762,0.13167073,0.07000000,0.00549451,0.17703202,0.07130194,-0.04909290,-0.01229746,5.96379042,-6.53974915,-0.25686499,-0.08199242,0.00122106,0.45877105,
8213,8.15601921,2.73907351,11.64228916,5.00000000,0.11762695,-0.09829102,-0.58188772,-1.21131146,0.26217648,0.07000000,0.00549451,0.11752283,-0.23999999,0.23999999,-0.01229746,6.86437988,-7.24660730,-1.20460010,-0.43700746,0.00122106,0.44557834,
8222,10.77168465,2.25783896,16.44505692,6.00000000,-0.32387695,0.40283203,-0.39697799,-2.17038703,0.22351755,0.07000000,0.00549451,-0.12131023,-0.23999999,0.23999999,-0.01229746,4.31270885,-3.92699075,-2.15050244,-0.87899232,0.00122106,0.14688706,
8230,3.48134041,0.47655296,20.53136063,6.00000000,-0.35126954,0.42700195,-0.06077363,-2.30367637,0.06909793,0.07000000,0.00549451,-0.10929841,-0.23999999,0.23999999,-0.01229746,2.08392310,-1.73311198,-2.27568913,-0.35477990,0.00122106,-0.02796833,
8238,3.01686525,0.74230933,16.48336411,6.00000000,-0.34965819,0.42377931,0.31111622,-1.02708805,-0.15691549,0.07000000,0.00549451,-0.27229652,-0.23999999,0.23999999,-0.01229746,-0.71034902,1.54985237,-1.00729632,-0.47524396,0.00122106,-0.15977013,
8246,-2.56042743,0.48134136,10.71692944,6.00000000,-0.34804687,0.43989259,0.32519284,-0.28736058,-0.32163286,0.07000000,0.00549451,-0.28437135,0.00647767,-0.04549178,-0.01229746,-2.62672043,3.56570768,-0.28999430,0.12537798,0.00122106,-0.25948274,
8254,-2.40719867,-1.06890428,2.94175982,6.00000000,-0.00644531,-0.05961914,0.37076581,0.56744546,-0.35039762,0.07000000,0.00549451,-0.37271285,0.21390495,-0.23999999,-0.01229746,-3.23409510,4.43488169,0.56726515,0.17029862,0.00122106,-0.24869376,
8262,-2.52930284,-1.78596759,-0.96078897,6.00000000,0.29326171,-0.41572267,0.28122768,0.97747910,-0.26655748,0.07000000,0.00549451,-0.12698498,0.23999999,-0.23999999,-0.01229746,-1.47480321,1.87099290,0.99173790,0.37586087,0.00122106,-0.05355245,
8270,-0.41522282,-2.64309192,-1.85143197,6.00000000,0.34321290,-0.42539063,0.06508950,0.93869865,-0.18932147,0.07000000,0.00549451,0.09519604,0.23999999,-0.23999999,-0.01229746,1.24267435,-1.53763509,0.95702654,0.29132026,0.00122106,0.18190926,
8278,1.78863990,-1.11798537,1.48249388,6.00000000,0.34160155,-0.42216796,-0.31652361,0.55971128,-0.13737276,0.07000000,0.00549451,0.20241483,0.23999999,-0.23999999,-0.01229746,3.70009804,-4.35110569,0.57027000,0.10080247,0.00122106,0.35335487,
8285,3.34965944,-0.05136852,6.44567394,5.00000000,0.34965819,-0.42216796,-0.49786246,0.04991317,-0.02756364,0.07000000,0.00549451,0.32518885,0.23999999,-0.21184877,-0.01229746,5.83289051,-6.86437988,0.05313641,-0.00616955,0.00122106,0.49380702,
8294,7.67119360,2.11179280,11.06528664,6.00000000,0.34804687,-0.37866211,-0.51515859,-0.87003219,0.03679491,0.07000000,0.00549451,0.32624292,-0.23999999,0.23999999,-0.01229746,7.80162191,-8.87325382,-0.86328477,-0.31361553,0.00122106,0.56780320,
8302,11.72218227,2.47451425,14.36569309,6.00000000,-0.32065430,0.38833007,-0.27963892,-1.85099113,0.00665073,0.07000000,0.00549451,0.17163368,-0.23999999,0.23999999,-0.01229746,6.46819019,-7.02669573,-1.83297253,-0.74849087,0.00122106,0.37314868,
8310,7.29410648,0.62738764,19.36478615,6.00000000,-0.35126954,0.41733399,0.04810010,-2.16041541,-0.06395329,0.07000000,0.00549451,-0.19795030,-0.23999999,0.23999999,-0.01229746,2.89201045,-2.25845599,-2.12884116,-0.83416897,0.00122106,0.03855726,
8318,0.70286936,0.16889805,20.53136063,6.00000000,-0.34321290,0.43344727,0.22666226,-1.55080998,-0.09175744,0.07000000,0.00549451,-0.50262135,-0.23999999,0.23999999,-0.01229746,1.16413450,0.45553094,-1.52822602,-0.04489040,0.00122106,-0.08765769,
8326,1.73836160,-2.86694980,12.13908577,6.00000000,-0.34804687,0.43505859,0.15144412,-0.49724400,-0.13902450,0.07000000,0.00549451,-0.43849444,-0.23999999,0.23999999,-0.01229746,-1.17286122,2.59181404,-0.48281109,-0.28178480,0.00122106,-0.18409899,
8334,-1.99300170,-0.87497389,6.98796082,6.00000000,-0.36416015,0.43022460,0.10016409,0.24781869,-0.11404192,0.07000000,0.00549451,-0.60726500,-0.13311346,0.05046248,-0.01229746,-3.07003403,5.09636164,0.24943388,-0.01663801,0.00122106,-0.29216337,
8342,-1.07841671,-0.53619438,2.40426159,6.00000000,-0.19980469,0.09829102,-0.05889926,0.98878121,-0.06367888,0.07000000,0.00366300,-0.59355861,-0.11999411,0.03993042,-0.01229746,-4.60068798,6.55196571,0.99467123,-0.08272249,0.00122106,-0.34844545,
8350,-1.79548013,0.78540498,2.04034281,6.00000000,-0.17402343,0.07895508,0.04937587,1.55172110,-0.08304204,0.07000000,0.00366300,-0.38729125,0.23339961,-0.23999999,-0.01229746,-5.18711853,6.42804766,1.55900121,0.08503969,0.00122106,-0.32216758,
8357,-1.77872074,-0.01306129,5.91176701,5.00000000,0.31420898,-0.38671875,0.07155903,1.90201342,-0.09881131,0.07000000,0.00366300,-0.08128810,0.23999999,-0.23999999,-0.01229746,-3.89208412,4.15737438,1.91041934,0.14284296,0.00122106,-0.15535404,
8366,2.14896727,0.21917628,4.31603146,6.00000000,0.34804687,-0.42377931,-0.07146716,1.96221375,-0.04063385,0.07000000,0.00549451,0.05068389,0.23999999,-0.23999999,-0.01229746,-0.64053583,0.49392816,1.97640634,-0.00566868,0.00122106,0.10696711,
8374,4.99806738,-0.83666670,8.52862930,6.00000000,0.35932618,-0.42377931,-0.24932654,1.03463507,0.10306378,0.07000000,0.00549451,0.11792763,-0.06954830,0.08484766,-0.01229746,1.65631747,-2.02807260,1.03645420,-0.26625758,0.00122106,0.21929482,
8382,7.46050358,1.66766834,11.50222778,6.00000000,-0.08701172,0.12729493,-0.43374237,-0.12155500,0.22166426,0.07000000,0.00549451,0.06963558,-0.23999999,0.23999999,-0.01229746,1.97396731,-2.19038820,-0.12357032,-0.43457890,0.00122106,0.15008472,
8390,5.19798326,1.52641046,16.47618294,6.00000000,-0.35449219,0.41733399,-0.37580138,-0.97374380,0.24573186,0.07000000,0.00549451,-0.35635543,-0.23999999,0.23999999,-0.01229746,0.32986721,0.82554072,-0.96992320,-0.48544952,0.00122106,-0.08487159,
8398,-2.39163637,2.34762168,20.53136063,6.00000000,-0.35932618,0.44794923,0.06229612,-0.49863291,0.14873195,0.07000000,0.00549451,-0.26702413,-0.08879631,0.05177276,-0.01229746,-0.89186323,1.72787595,-0.49235922,0.04134163,0.00122106,-0.13570388,
8406,3.28142452,0.06355316,11.32505703,6.00000000,-0.13051757,0.09990235,0.12068265,0.24659377,-0.07910385,0.07000000,0.00549451,0.00372128,-0.23999999,0.23999999,-0.01229746,-2.62148452,2.60752177,0.24608782,-0.49745113,0.00122106,-0.17960203,
8414,2.28184533,0.84047163,5.63044834,6.00000000,-0.36093751,0.42216796,0.53647077,0.45525011,-0.23260252,0.07000000,0.00549451,-0.27679986,-0.23999999,0.23999999,-0.01229746,-3.85368705,4.73682356,0.45641232,-0.35894358,0.00122106,-0.29246396,
8422,-3.18651128,-1.99426317,8.58130169,6.00000000,-0.35932618,0.43989259,0.38503575,1.00735676,-0.17335436,0.07000000,0.00549451,-0.21915567,0.23682715,-0.23999999,-0.01229746,-5.65661240,6.35823441,1.01222265,0.16677049,0.00122106,-0.38378197,
8429,-0.71449804,-2.63471222,3.42060018,5.00000000,0.30937499,-0.38994139,-0.04782956,1.75296164,-0.13869256,0.07000000,0.00549451,-0.17131697,0.04576422,-0.06837273,-0.01229746,-5.25344086,5.81194639,1.76636243,-0.09892605,0.00122106,-0.28619432,
8438,1.42232704,-0.23213075,0.06153518,6.00000000,0.07573242,-0.10473633,-0.13087419,1.81954563,-0.06420147,0.07000000,0.00549451,-0.01551564,0.23999999,-0.23999999,-0.01229746,-3.11541271,3.16602707,1.84413409,-0.02010858,0.00122106,-0.09877951,
8446,1.94186878,1.77660453,4.14724016,6.00000000,0.33837891,-0.41572267,-0.21760131,1.49343264,-0.07796337,0.07000000,0.00549451,0.06924345,0.10456705,-0.09524655,-0.01229746,-1.28805304,1.07337749,1.50838840,-0.13532457,0.00122106,0.02717144,
8454,5.68640041,-1.69379091,7.42849398,6.00000000,0.15791015,-0.17241211,-0.03434458,0.77307379,-0.05993634,0.07000000,0.00549451,0.17573063,-0.23999999,0.23999999,-0.01229746,0.37699112,-0.94945914,0.77448893,-0.38344175,0.00122106,0.10778897,
8462,8.10693836,1.08946860,11.22689438,6.00000000,-0.33032227,0.40444335,-0.20453635,0.04009362,0.00703537,0.07000000,0.00549451,-0.02976097,-0.23999999,0.23999999,-0.01229746,-1.06290555,1.15017200,0.03843915,-0.67199874,0.00122106,-0.08209809,
8470,2.62780762,0.16650383,20.53136063,6.00000000,-0.35610351,0.43344727,-0.22213571,-0.17156240,0.06846626,0.07000000,0.00549451,-0.28108761,-0.23999999,0.23999999,-0.01229746,-2.08915901,3.00720239,-0.17213157,-0.33720645,0.00122106,-0.20444418,
8478,2.66012931,0.69562238,17.96537590,6.00000000,-0.35449219,0.42700195,-0.09998123,0.74382746,0.05846995,0.07000000,0.00549451,-0.41093421,-0.23999999,0.23999999,-0.01229746,-4.14166641,5.51698589,0.74365532,-0.47375017,0.00122106,-0.31063318,
8486,-0.69055599,1.21875548,14.16338348,6.00000000,-0.35126954,0.42861328,0.09468800,1.19762373,-0.06123154,0.07000000,0.00549451,-0.46693555,-0.15668438,0.09384133,-0.01229746,-5.88525057,7.36528921,1.19028330,-0.12009218,0.00122106,-0.41087478,
8494,-1.11552680,0.87518752,8.14914894,6.00000000,-0.24814454,0.19335937,0.23311853,1.94610190,-0.20905998,0.07000000,0.00549451,-0.36658430,0.11216147,-0.16088004,-0.01229746,-7.41066790,8.60447311,1.94556165,-0.00800379,0.00122106,-0.46094909,
8502,-1.80146563,-0.36740315,3.84197974,6.00000000,0.14501953,-0.27231446,0.43703660,2.42825699,-0.28763196,0.07000000,0.00549451,-0.05515988,0.23999999,-0.23999999,-0.01229746,-7.01971436,7.20646429,2.44396162,0.20122784,0.00122106,-0.35596177,
8510,0.28986958,-1.69977641,-1.74249578,6.00000000,0.33676758,-0.42055663,0.36445871,2.52299285,-0.26082557,0.07000000,0.00549451,0.25448635,0.23999999,-0.23999999,-0.01229746,-4.61116028,3.78736448,2.56140757,0.10765936,0.00122106,-0.12343572,
8518,0.74117661,-1.83265460,1.95056033,6.00000000,0.33999023,-0.41572267,-0.11598913,2.00132179,-0.14201140,0.07000000,0.00549451,0.37201288,0.23999999,-0.23999999,-0.01229746,-1.69995070,0.48694685,2.02397346,0.15668204,0.00122106,0.06813344,
8526,3.48253751,-0.65590447,6.13921642,6.00000000,0.34804687,-0.43183595,-0.32199901,1.26500201,-0.01740251,0.07000000,0.00549451,0.34215862,0.23999999,-0.23999999,-0.01229746,1.11177480,-2.24972939,1.27231133,0.02564658,0.00122106,0.22261333,
8534,5.15488720,1.75146532,9.33308125,6.00000000,0.35932618,-0.42700195,-0.40274075,0.38245878,0.05827379,0.07000000,0.00549451,0.38948995,0.07485693,-0.02308311,-0.01229746,3.02116513,-4.25685787,0.38780171,-0.12201919,0.00122106,0.30691946,
8542,8.22305679,2.28297806,11.97987080,6.00000000,0.11923828,-0.05478515,-0.22755161,-0.74370599,0.08595725,0.07000000,0.00549451,0.22173323,-0.23999999,0.23999999,-0.01229746,3.81703496,-4.52912951,-0.73669529,-0.42916918,0.00122106,0.26081446,
8550,9.73858643,1.17565989,14.95945549,6.00000000,-0.32387695,0.39155275,0.00650543,-1.74816644,0.11907037,0.07000000,0.00549451,-0.14177185,-0.23999999,0.23999999,-0.01229746,1.53588974,-1.06988680,-1.73614144,-0.85601693,0.00122106,-0.03156537,
8558,-0.09799109,-0.41648427,20.53136063,6.00000000,-0.35932618,0.43505859,0.06638972,-1.93976414,0.06858404,0.07000000,0.00549451,-0.16402495,-0.23999999,0.23999999,-0.01229746,-0.11868239,0.66147983,-1.92108083,0.02898365,0.00122106,-0.17394552,
8566,4.24628782,1.65928864,11.74404240,6.00000000,-0.34643555,0.42539063,0.07905821,-0.64714426,-0.06670131,0.07000000,0.00549451,-0.36264122,-0.23999999,0.23999999,-0.01229746,-2.63544726,3.82576156,-0.64802337,-0.62798840,0.00122106,-0.29329169,
8573,-3.82097483,0.54957610,9.88135338,5.00000000,-0.36093751,0.43666992,0.33600998,-0.13754198,-0.16955777,0.07000000,0.00549451,-0.31167650,0.11345148,-0.15585056,-0.01229746,-4.30921793,5.32150888,-0.14162171,0.22319633,0.00122106,-0.37721097,
8582,-1.85653222,-0.03939751,1.18202162,6.00000000,0.14501953,-0.24975586,0.29320157,0.96338338,-0.23129295,0.07000000,0.00549451,-0.19266203,0.23999999,-0.23999999,-0.01229746,-4.47676945,5.09461594,0.96145713,0.15134439,0.00122106,-0.29126459,
8590,-2.22643638,-1.68900251,-1.15232503,6.00000000,0.34965819,-0.41894531,0.40181202,1.18929708,-0.22549257,0.07000000,0.00549451,0.08837660,0.23999999,-0.23999999,-0.01229746,-2.10312176,1.80990636,1.20662498,0.40232480,0.00122106,-0.05801627,
8598,-0.09439979,-0.99707818,1.26940989,6.00000000,0.34804687,-0.42861328,-0.00157269,0.90878761,-0.16979776,0.07000000,0.00549451,0.11856348,0.23999999,-0.23999999,-0.01229746,0.95294976,-1.32295966,0.92298943,0.27769899,0.00122106,0.15414780,
8606,1.77068329,-1.90208638,5.06900787,6.00000000,0.34965819,-0.41894531,-0.26575270,0.47152945,-0.04801666,0.07000000,0.00549451,0.23102656,0.23999999,-0.23999999,-0.01229746,3.14508319,-3.90430140,0.47480395,0.08881177,0.00122106,0.30270100,
8614,5.17882967,1.41627717,8.93085575,6.00000000,0.35771483,-0.42216796,-0.52150649,-0.16763122,0.05752229,0.07000000,0.00549451,0.29840827,-0.01319946,0.05206004,-0.01229746,5.21155310,-6.18719196,-0.16374546,-0.14915076,0.00122106,0.42161515,
8622,10.03427029,2.33445358,12.81784153,6.00000000,0.00161133,0.08217774,-0.45959425,-1.11031568,0.08574405,0.07000000,0.00549451,0.20915914,-0.23999999,0.23999999,-0.01229746,5.35641527,-6.03883934,-1.10167837,-0.55343658,0.00122106,0.35046059,
8630,10.72619438,1.94778991,17.77862740,6.00000000,-0.31904298,0.39960939,-0.18202856,-1.68522215,0.04192318,0.07000000,0.00549451,-0.14699005,-0.23999999,0.23999999,-0.01229746,2.23053074,-1.79594386,-1.66267622,-0.95216095,0.00122106,0.02321678,
8638,2.19924545,-0.00348448,20.53136063,6.00000000,-0.35126954,0.43505859,0.05494133,-1.80207348,-0.07659287,0.07000000,0.00549451,-0.21966338,-0.23999999,0.23999999,-0.01229746,0.40317106,0.31415927,-1.78401935,-0.12872368,0.00122106,-0.13272236,
8645,2.42908883,0.71477604,14.18493080,5.00000000,-0.34804687,0.42055663,0.23268597,-0.49892306,-0.20169075,0.07000000,0.00549451,-0.43929359,-0.23999999,0.23999999,-0.01229746,-1.83608627,3.23409510,-0.49026000,-0.40971956,0.00122106,-0.23052350,
8654,-3.96582389,-0.64034212,10.31231022,6.00000000,-0.35288087,0.42861328,0.32016614,0.07982570,-0.23690519,0.07000000,0.00549451,-0.45082387,0.18227501,-0.23999999,-0.01229746,-3.64424753,5.08065367,0.08208662,0.23536950,0.00122106,-0.32395744,
8662,-1.30945718,-0.36740315,1.22870851,6.00000000,0.23686524,-0.40283203,0.18456131,0.93628675,-0.25228131,0.07000000,0.00549451,-0.37933666,0.18371272,-0.23513460,-0.01229746,-3.44353461,4.67573690,0.93846875,0.09918377,0.00122106,-0.23802003,
8670,-1.90202212,-0.82589275,-3.80150938,6.00000000,0.25781250,-0.40283203,0.31532997,1.17131233,-0.23257990,0.07000000,0.00549451,0.06324133,0.23999999,-0.23999999,-0.01229746,-0.96342176,0.73827428,1.19219577,0.41184905,0.00122106,0.02796325,
8678,-0.02496794,-0.74688411,-0.49032831,6.00000000,0.34321290,-0.42700195,-0.03199907,0.93634158,-0.21700056,0.07000000,0.00549451,0.30642140,0.23999999,-0.23999999,-0.01229746,1.46956718,-2.44171548,0.95379454,0.26556706,0.00122106,0.21692014,
8686,1.58393562,-1.82307780,3.68037105,6.00000000,0.35449219,-0.42539063,-0.20432778,0.47644380,-0.13370155,0.07000000,0.00549451,0.30269730,0.23999999,-0.23999999,-0.01229746,3.95666146,-4.94626284,0.47994006,0.15464355,0.00122106,0.38173351,
8694,4.54197168,1.27741337,8.17069626,6.00000000,0.34965819,-0.42861328,-0.47978261,-0.25095350,-0.00227826,0.07000000,0.00549451,0.32262117,0.12881200,-0.08682571,-0.01229746,6.03534842,-7.09999895,-0.24621731,-0.05570884,0.00122106,0.48059776,
8702,8.45529461,1.73470592,12.00141907,6.00000000,0.20625000,-0.17080078,-0.46814999,-1.29933619,0.09499134,0.07000000,0.00549451,0.24253750,-0.23999999,0.23999999,-0.01229746,7.08778238,-7.87318039,-1.29252756,-0.39636776,0.00122106,0.47219029,
8710,10.38502121,1.99088550,16.44026947,6.00000000,-0.31582031,0.40122071,-0.33632514,-2.35814619,0.07446741,0.07000000,0.00549451,0.00418851,-0.23999999,0.23999999,-0.01229746,4.93579102,-4.93579102,-2.33536625,-0.73727775,0.00122106,0.20045415,
8717,4.83885288,0.66449779,20.53136063,5.00000000,-0.35610351,0.42539063,-0.10168073,-2.67918038,-0.02470197,0.07000000,0.00549451,-0.32192719,-0.23999999,0.23999999,-0.01229746,3.11366725,-2.10661244,-2.64197826,-0.55166435,0.00122106,-0.00320557,
8726,2.67210031,0.44183704,16.10029221,6.00000000,-0.33999023,0.42700195,0.47941571,-1.42964625,-0.15640064,0.07000000,0.00549451,-0.37249404,-0.23999999,0.23999999,-0.01229746,0.07155850,1.11177480,-1.41038430,-0.31305385,0.00122106,-0.15101710,
8734,-1.27114987,0.10066329,8.68185806,6.00000000,-0.35288087,0.42539063,0.23944378,-0.59128332,-0.24497120,0.07000000,0.00549451,-0.53391677,-0.23999999,0.19714424,-0.01229746,-1.90589952,3.65995550,-0.59486407,-0.02516153,0.00122106,-0.25958589,
8742,-1.98581910,-2.50901651,3.21948719,6.00000000,-0.35126954,0.34965819,0.28503954,0.21898778,-0.19893624,0.07000000,0.00549451,-0.68271375,0.01106730,-0.10383011,-0.01229746,-3.96538806,6.16101217,0.22585946,0.11888868,0.00122106,-0.36864418,
8750,-3.44269085,-0.97672749,2.09421253,6.00000000,-0.00322266,-0.17241211,0.02137075,0.87695962,-0.17768340,0.07000000,0.00549451,-0.45648634,0.23808020,-0.23999999,-0.01229746,-4.68795443,6.16973877,0.88477218,0.18332820,0.00122106,-0.34598884,
8758,-1.82061923,-0.32550460,0.93302459,6.00000000,0.31904298,-0.40444335,0.11689086,1.27407646,-0.16890846,0.07000000,0.00549451,-0.13339466,0.23999999,-0.23999999,-0.01229746,-2.67384434,3.09970474,1.28565574,0.28718418,0.00122106,-0.12108897,
8766,0.20248123,-0.36500895,1.25265050,6.00000000,0.33837891,-0.42216796,0.08504293,1.16538155,-0.13435560,0.07000000,0.00549451,-0.08196043,0.23999999,-0.23999999,-0.01229746,0.76619959,-0.49567351,1.18045163,0.21742111,0.00122106,0.13162109,
8774,4.39113712,-0.62238562,6.07217836,6.00000000,0.35449219,-0.42539063,-0.30784643,0.52740514,0.07090375,0.07000000,0.00549451,-0.00851730,-0.09904408,0.09675027,-0.01229746,3.16777253,-3.06654334,0.48742330,-0.23058289,0.00122106,0.27440768,
8782,7.86392689,0.75547743,10.91086006,6.00000000,-0.13051757,0.14985351,-0.53475571,-0.40827563,0.24123892,0.07000000,0.00549451,-0.14146678,-0.23999999,0.23999999,-0.01229746,3.28645492,-2.81696129,-0.42194653,-0.55873048,0.00122106,0.20018634,
8789,5.40747595,1.94778991,19.08705902,5.00000000,-0.34482422,0.42539063,-0.61509013,-1.05042994,0.34761423,0.07000000,0.00549451,-0.47485250,-0.23999999,0.23999999,-0.01229746,1.52541780,0.01396263,-1.04500461,-0.61583126,0.00122106,-0.01912832,
8798,-0.85216463,3.05510807,20.53136063,6.00000000,-0.34160155,0.43183595,-0.06559465,-0.50780678,0.24889632,0.07000000,0.00549451,-0.29898888,-0.23999999,0.23999999,-0.01229746,-0.50090951,1.43815136,-0.50462049,-0.19875690,0.00122106,-0.11572045,
8806,3.72076058,1.90230012,15.12465477,6.00000000,-0.36254883,0.43022460,0.16709104,0.09286399,0.00573830,0.07000000,0.00549451,-0.25396991,-0.23999999,0.23999999,-0.01229746,-3.13461137,3.95317078,0.09151947,-0.51587152,0.00122106,-0.26300287,
8814,-1.69252944,0.76984268,12.04092312,6.00000000,-0.34643555,0.42055663,0.47984895,0.79447711,-0.18610054,0.07000000,0.00549451,-0.36193478,0.07752165,-0.12641123,-0.01229746,-4.70366240,5.90793943,0.79291737,0.07188910,0.00122106,-0.34078977,
8822,-1.74280763,-0.92764634,5.99436712,6.00000000,0.09990235,-0.19980469,0.55022252,1.39311206,-0.18829618,0.07000000,0.00549451,-0.32603863,0.23999999,-0.23999999,-0.01229746,-4.91310167,5.96728039,1.39935422,0.15661439,0.00122106,-0.30841571,
8830,-0.60197055,-1.96194148,-1.52222919,6.00000000,0.33999023,-0.41572267,0.34035602,1.76444817,-0.11557822,0.07000000,0.00549451,-0.03357445,0.23999999,-0.23999999,-0.01229746,-2.83790541,2.93913436,1.79021037,0.24973688,0.00122106,-0.08371507,
8838,-0.35417068,-2.92919898,0.20638439,6.00000000,0.34965819,-0.42055663,-0.18459874,1.40602529,-0.02202918,0.07000000,0.00549451,0.09841338,0.23999999,-0.23999999,-0.01229746,0.38222709,-0.73303831,1.42922151,0.25622624,0.00122106,0.14773189,
8846,1.46422553,-1.01024628,3.27575088,6.00000000,0.34965819,-0.42055663,-0.29587173,0.95306760,0.02685781,0.07000000,0.00549451,0.19824691,0.23999999,-0.23999999,-0.01229746,2.84663200,-3.48716784,0.96550024,0.11969393,0.00122106,0.31457260,
8854,3.38317823,1.39592636,5.56221342,6.00000000,0.35449219,-0.43344727,-0.36438754,0.37761098,-0.01110058,0.07000000,0.00549451,0.38323033,0.23999999,-0.20292430,-0.01229746,4.79965544,-5.98473406,0.38704777,-0.03408256,0.00122106,0.44004476,
8861,7.11214733,2.17284489,10.19978237,5.00000000,0.36093751,-0.36738282,-0.21990058,-0.47654840,0.00398756,0.07000000,0.00549451,0.33207342,-0.23999999,0.23999999,-0.01229746,6.48040724,-7.54854918,-0.46924412,-0.34360859,0.00122106,0.49697423,
8870,10.89618301,0.89673537,14.71883774,6.00000000,-0.33032227,0.38994139,-0.00526593,-1.56475782,0.02663366,0.07000000,0.00549451,0.05756283,-0.23999999,0.23999999,-0.01229746,5.14523029,-5.32848978,-1.55431259,-0.77458656,0.00122106,0.28285128,
8878,6.86075592,-0.33029300,20.53136063,6.00000000,-0.34804687,0.41894531,-0.03216953,-1.96320724,0.02922982,0.07000000,0.00549451,-0.35777777,-0.23999999,0.23999999,-0.01229746,1.93382490,-0.73827428,-1.93677592,-0.73753232,0.00122106,-0.04753089,
8886,-0.77555019,-0.47873351,20.53136063,6.00000000,-0.34482422,0.42377931,0.06297368,-1.02546680,-0.02425255,0.07000000,0.00549451,-0.37564582,-0.23999999,0.23999999,-0.01229746,-0.13962634,1.36135685,-1.00203693,-0.04011363,0.00122106,-0.13059321,
8894,1.07277358,1.23910618,9.26125526,6.00000000,-0.35126954,0.44150391,0.01191316,-0.07471606,-0.07980279,0.07000000,0.00549451,-0.47432935,-0.23999999,0.23999999,-0.01229746,-2.37713838,3.88510299,-0.08060646,-0.28270805,0.00122106,-0.24569416,
8902,-3.67253423,-0.83187824,5.49517584,6.00000000,-0.34965819,0.43505859,0.16368000,0.82335353,-0.18649693,0.07000000,0.00549451,-0.57091069,0.18198840,-0.23999999,-0.01229746,-4.10326910,5.95680857,0.82612234,0.14861810,0.00122106,-0.32398283,
8910,-2.67654634,0.09348068,0.98090863,6.00000000,0.23525390,-0.39799803,0.21230291,1.58607590,-0.19479120,0.07000000,0.00549451,-0.42020854,0.23999999,-0.23999999,-0.01229746,-3.80132723,5.16792011,1.59455585,0.22228292,0.00122106,-0.22176430,
8918,-0.84857333,-1.61717641,-2.25365782,6.00000000,0.34321290,-0.42055663,0.37605232,1.75903356,-0.20366195,0.07000000,0.00549451,-0.06554654,0.23999999,-0.23999999,-0.01229746,-1.03672564,1.24441981,1.79129362,0.37731478,0.00122106,0.05274183,
8926,1.44267774,-1.09404337,1.05752313,6.00000000,0.34643555,-0.43183595,0.02372557,1.35941458,-0.19944854,0.07000000,0.00549451,0.01444132,0.23999999,-0.23999999,-0.01229746,1.63886416,-1.64759088,1.37895393,0.10986316,0.00122106,0.23132320,
8933,2.56555820,-1.51302862,6.09133196,5.00000000,0.34482422,-0.42216796,-0.24107471,0.87549818,-0.04210997,0.07000000,0.00549451,0.03272508,0.23999999,-0.23999999,-0.01229746,3.77514720,-3.89557481,0.88215292,-0.03883543,0.00122106,0.36333424,
8942,6.33283472,1.77899873,10.82107735,6.00000000,0.34804687,-0.42861328,-0.58801901,-0.13006003,0.12982622,0.07000000,0.00549451,0.04919979,-0.23999999,0.23999999,-0.01229746,5.88350487,-6.11039782,-0.13114917,-0.36679658,0.00122106,0.44370630,
8950,9.55423260,2.66964173,13.47624683,6.00000000,-0.32709962,0.39638671,-0.44506761,-1.18946433,0.20605187,0.07000000,0.00549451,-0.05595368,-0.23999999,0.23999999,-0.01229746,4.63908482,-4.45058966,-1.18583727,-0.65092105,0.00122106,0.25545508,
8958,5.69597721,1.71914363,20.53136063,6.00000000,-0.35126954,0.42377931,-0.16421908,-1.84820688,0.13354844,0.07000000,0.00549451,-0.37516132,-0.23999999,0.23999999,-0.01229746,2.05076194,-0.83426738,-1.82911086,-0.67012632,0.00122106,-0.02765833,
8966,1.48816752,1.65689445,20.53136063,6.00000000,-0.34643555,0.42377931,0.32886481,-0.83257771,-0.04855738,0.07000000,0.00549451,-0.23994556,-0.23999999,0.23999999,-0.01229746,-0.69289571,1.47131264,-0.81333518,-0.18279707,0.00122106,-0.14682707,
8974,0.98658228,0.76026589,11.82185364,6.00000000,-0.35288087,0.43183595,0.24477273,-0.04472322,-0.20839339,0.07000000,0.00549451,-0.27104318,-0.23999999,0.23999999,-0.01229746,-2.87804794,3.75420332,-0.04490066,-0.25180870,0.00122106,-0.25800017,
8982,-2.21685958,-0.66428417,5.93092060,6.00000000,-0.34482422,0.43022460,0.43995738,0.77658153,-0.27905381,0.07000000,0.00549451,-0.55041987,0.09401491,-0.16854484,-0.01229746,-4.54832792,6.30063868,0.77770102,0.09908316,0.00122106,-0.35337809,
8990,-2.39043927,-0.49669003,1.25743890,6.00000000,0.12084961,-0.27875978,0.27451295,1.51432788,-0.18136701,0.07000000,0.00549451,-0.34194696,0.23999999,-0.23999999,-0.01229746,-4.90437508,6.00916862,1.52530694,0.20404637,0.00122106,-0.29885957,
8998,-2.31741595,-1.29276204,-1.84544647,6.00000000,0.32709962,-0.40605468,0.20345023,1.88230228,-0.15677598,0.07000000,0.00549451,-0.07484435,0.23999999,-0.23999999,-0.01229746,-2.24623871,2.47662210,1.90913355,0.40949377,0.00122106,-0.03496096,
9005,0.26951885,-1.55133593,-0.64714855,5.00000000,0.33515626,-0.41733399,0.01404218,1.67551804,-0.09379835,0.07000000,0.00549451,-0.02189446,0.23999999,-0.23999999,-0.01229746,0.79063416,-0.69813168,1.72877443,0.24097167,0.00122106,0.18924506,
9014,2.12382817,-1.46275043,4.13287497,6.00000000,0.35288087,-0.43344727,-0.26585650,1.20516622,0.00805434,0.07000000,0.00549451,0.03331871,0.23999999,-0.23999999,-0.01229746,3.45226121,-3.56396222,1.21659756,0.01610292,0.00122106,0.35983950,
9022,4.91307306,1.39832056,9.56172752,6.00000000,0.35288087,-0.42861328,-0.61336297,0.51435858,0.15887606,0.07000000,0.00549451,0.12218268,0.00305386,0.01204096,-0.01229746,5.35816097,-5.71420765,0.51564991,-0.22558029,0.00122106,0.46107629,
9030,9.26932335,2.93898940,14.41238022,6.00000000,0.02094727,-0.00805664,-0.44496697,-0.44699529,0.22243273,0.07000000,0.00549451,0.09823184,-0.23999999,0.23999999,-0.01229746,5.52396727,-5.84510756,-0.44749892,-0.57758522,0.00122106,0.39882222,
9038,11.24094772,2.25903606,18.47533989,6.00000000,-0.32871094,0.40283203,-0.08055342,-1.14655447,0.13432179,0.07000000,0.00549451,-0.10112812,-0.23999999,0.23999999,-0.01229746,2.52025533,-2.16769886,-1.13497353,-1.00801468,0.00122106,0.09922943,
9046,2.29740763,-0.44162339,20.53136063,6.00000000,-0.35932618,0.43505859,0.12754576,-1.17381001,-0.03142742,0.07000000,0.00549451,-0.24406818,-0.23999999,0.23999999,-0.01229746,0.62657320,0.14137168,-1.16242528,-0.07562554,0.00122106,-0.06956603,
9054,1.79103410,-0.47753641,13.89882374,6.00000000,-0.35449219,0.42700195,0.39890462,0.01425454,-0.12683097,0.07000000,0.00549451,-0.41401207,-0.23999999,0.23999999,-0.01229746,-1.65806282,3.01243830,0.02039087,-0.31269914,0.00122106,-0.17667454,
9062,-3.48339224,-0.97792459,8.56095123,6.00000000,-0.34804687,0.43344727,0.30880654,0.59029919,-0.14672525,0.07000000,0.00549451,-0.53736138,0.21236046,-0.23999999,-0.01229746,-3.41037321,5.23424244,0.59434819,0.18382794,0.00122106,-0.27981246,
9070,-3.60070825,-1.07608688,1.94816613,6.00000000,0.27875978,-0.39477539,0.17257044,1.45321989,-0.11102676,0.07000000,0.00549451,-0.53450191,0.23999999,-0.23999999,-0.01229746,-2.75063896,4.52214813,1.46364331,0.28429964,0.00122106,-0.16560264,
9077,-1.59197295,-0.80913335,-5.17338705,5.00000000,0.33837891,-0.41572267,0.34665143,1.65399814,-0.08608079,0.07000000,0.00549451,-0.19762355,0.23999999,-0.23999999,-0.01229746,-0.10297443,0.73827428,1.68727469,0.49464017,0.00122106,0.09665886,
9086,-0.47028947,-0.43563789,-1.46835971,6.00000000,0.33999023,-0.42055663,-0.00586431,1.36014616,-0.09878636,0.07000000,0.00549451,-0.12421624,0.23999999,-0.23999999,-0.01229746,2.87106657,-2.44171548,1.38816643,0.34447008,0.00122106,0.30809867,
9094,1.70603991,-1.79793870,3.20631909,6.00000000,0.34643555,-0.43183595,-0.10800288,0.92494875,-0.04008966,0.07000000,0.00549451,-0.04565503,0.23999999,-0.23999999,-0.01229746,5.28136635,-5.14348555,0.93975902,0.05775356,0.00122106,0.46875972,
9102,3.36282754,1.21636128,8.55735970,6.00000000,0.34804687,-0.43183595,-0.30628076,0.35018143,0.08942845,0.07000000,0.00549451,-0.02885571,0.16295549,-0.16878274,-0.01229746,7.41066790,-7.29547644,0.36134225,-0.12337852,0.00122106,0.58905369,
9110,7.76337004,1.52281904,12.94233990,6.00000000,0.25781250,-0.30776367,-0.40131411,-0.60519791,0.20264477,0.07000000,0.00549451,-0.02887002,-0.23999999,0.23999999,-0.01229746,8.72141075,-8.65683270,-0.61197436,-0.53899610,0.00122106,0.61595720,
9118,10.32516575,1.83645952,17.75109482,6.00000000,-0.33515626,0.38510743,-0.34273845,-1.66620994,0.19312786,0.07000000,0.00549451,-0.12364561,-0.23999999,0.23999999,-0.01229746,6.76140547,-6.30063868,-1.67352843,-0.75048470,0.00122106,0.37175068,
9126,5.56908417,0.45739934,20.53136063,6.00000000,-0.34804687,0.41249999,-0.07622546,-2.01512504,0.09416848,0.07000000,0.00549451,-0.29633191,-0.23999999,0.23999999,-0.01229746,3.01418352,-2.08043242,-1.98804080,-0.63350892,0.00122106,0.04233587,
9134,-1.60873234,2.49845624,20.53136063,6.00000000,-0.35449219,0.42700195,0.28044745,-1.15565002,-0.04681275,0.07000000,0.00549451,-0.46501464,-0.11253464,0.04810397,-0.01229746,1.00530958,0.47996554,-1.13703239,0.09254426,0.00122106,-0.06767505,
9142,0.81779104,-1.04376507,8.55616283,6.00000000,-0.17563477,0.09829102,0.25615656,-0.11736037,-0.17952889,0.07000000,0.00549451,-0.27748674,-0.23999999,0.21649233,-0.01229746,-0.64926249,1.54985237,-0.11617541,-0.13906905,0.00122106,-0.09263431,
9149,-1.92117572,-0.49908423,0.53199583,5.00000000,-0.35126954,0.38027343,0.51981354,0.35274065,-0.21476670,0.07000000,0.00549451,-0.31718171,0.23999999,-0.23999999,-0.01229746,-1.91637158,2.93389869,0.35242799,0.22187938,0.00122106,-0.15904269,
9158,-3.69647622,-0.78878266,1.35799539,6.00000000,0.32548827,-0.39960939,0.20880014,0.93894190,-0.14256947,0.07000000,0.00549451,-0.24087876,0.23999999,-0.23999999,-0.01229746,-1.19904113,1.98269403,0.94457543,0.31234574,0.00122106,-0.04928365,
9166,-1.29868329,-2.82624817,-3.28196740,6.00000000,0.34804687,-0.41572267,0.31934983,1.21809065,-0.10268400,0.07000000,0.00549451,0.01071495,0.23999999,-0.23999999,-0.01229746,1.58650434,-1.62141085,1.23989296,0.42072749,0.00122106,0.21433362,
9174,0.76990700,0.42986602,0.40869442,6.00000000,0.34160155,-0.42216796,-0.15791266,0.95766938,-0.07183421,0.07000000,0.00549451,0.01050992,0.23999999,-0.23999999,-0.01229746,4.06138134,-4.11025047,0.97468531,0.20290326,0.00122106,0.38530332,
9182,2.43028593,-0.78638846,6.43609715,6.00000000,0.33837891,-0.43022460,-0.43411550,0.41693047,0.09511228,0.07000000,0.00549451,0.11629501,0.23999999,-0.23999999,-0.01229746,6.14006805,-6.52578592,0.41662931,-0.00823888,0.00122106,0.51369905,
9190,5.44338894,2.46493745,12.66341591,6.00000000,0.35449219,-0.42539063,-0.60919243,-0.40843090,0.22365507,0.07000000,0.00549451,0.25338334,-0.05965590,0.09184337,-0.01229746,8.05992985,-8.86278152,-0.40649095,-0.21126764,0.00122106,0.61368620,
9198,9.36748505,3.67640352,16.66891479,6.00000000,-0.06606445,0.14985351,-0.45233548,-1.44502485,0.22077113,0.07000000,0.00549451,0.20295459,-0.23999999,0.23999999,-0.01229746,7.87492561,-8.53291416,-1.43038750,-0.46794984,0.00122106,0.51562041,
9206,9.01553726,1.52401626,20.24226189,6.00000000,-0.33193359,0.40766603,0.03130653,-1.98040378,0.09800032,0.07000000,0.00549451,-0.04853857,-0.23999999,0.23999999,-0.01229746,4.59894276,-4.41742849,-1.95096183,-0.85743284,0.00122106,0.19618180,
9214,-1.49500775,0.21797918,20.53136063,6.00000000,-0.35126954,0.41894531,0.31958088,-1.65086710,-0.04437448,0.07000000,0.00549451,-0.29659051,0.02897276,-0.07097156,-0.01229746,2.80299878,-1.81863308,-1.63435602,0.21096265,0.00122106,0.05158485,
9221,-0.00222303,-1.96194148,14.81340885,5.00000000,0.03061523,-0.11601563,0.42871425,-0.54936033,-0.12984319,0.07000000,0.00549451,-0.30418205,-0.23999999,0.23999999,-0.01229746,1.52192700,-0.53058010,-0.53616810,-0.14878374,0.00122106,0.03841104,
9230,-0.55767781,-0.45239729,0.21356699,6.00000000,-0.34160155,0.41411132,0.40234795,-0.14118862,-0.14836396,0.07000000,0.00549451,-0.27973929,0.14521009,-0.18392846,-0.01229746,-0.44505897,1.35612082,-0.14793795,0.15160789,0.00122106,-0.08083972,
9238,-5.18088150,-1.80990970,2.60896587,6.00000000,0.19335937,-0.30131835,-0.08188801,0.36588675,-0.11197548,0.07000000,0.00549451,-0.24560243,0.23999999,-0.23999999,-0.01229746,-0.19722220,0.98960167,0.36822751,0.33636266,0.00122106,-0.01716237,
9246,-1.60274684,-1.11080277,-2.05015063,6.00000000,0.33193359,-0.41894531,0.29181913,0.72120804,-0.07595922,0.07000000,0.00549451,-0.14920318,0.23999999,-0.23999999,-0.01229746,2.46265960,-1.97745812,0.73029566,0.41816291,0.00122106,0.22188650,
9254,0.24078844,0.47176456,-0.81234843,6.00000000,0.34965819,-0.41572267,0.04552935,0.62515777,-0.06266001,0.07000000,0.00549451,-0.06147350,0.23999999,-0.23999999,-0.01229746,4.93230057,-4.72111559,0.63555902,0.25358108,0.00122106,0.41390416,
9262,2.88997269,-0.66428417,4.70748377,6.00000000,0.35126954,-0.42377931,-0.04903162,0.19953191,0.04934635,0.07000000,0.00549451,-0.02801077,0.20149699,-0.20723322,-0.01229746,7.25707865,-7.21170092,0.20183498,-0.06854999,0.00122106,0.56673229,
9270,5.30093384,0.94821072,10.17464352,6.00000000,0.30615234,-0.37543947,-0.44734162,-0.54239076,0.23957480,0.07000000,0.00549451,-0.02837365,-0.22214574,0.21584576,-0.01229746,9.18915844,-8.97797394,-0.51585537,-0.31250486,0.00122106,0.64804804,
9278,9.55782413,1.95736670,14.66137695,6.00000000,-0.30937499,0.35288087,-0.54229563,-1.45600271,0.37549293,0.07000000,0.00549451,-0.10432284,-0.23999999,0.23999999,-0.01229746,7.81034851,-7.41764927,-1.46611631,-0.72896183,0.00122106,0.47028217,
9286,4.93821239,1.73829722,20.53136063,6.00000000,-0.36093751,0.42216796,-0.42879751,-1.84516180,0.30312419,0.07000000,0.00549451,-0.44453815,-0.23999999,0.23999999,-0.01229746,5.36863279,-3.92524529,-1.82323730,-0.58664411,0.00122106,0.21663018,
9293,1.63181961,2.69956923,19.61976814,5.00000000,-0.33676758,0.42055663,0.19423959,-0.82648778,0.16533788,0.07000000,0.00549451,-0.46108010,-0.23999999,0.23999999,-0.01229746,2.50280213,-1.01578164,-0.81236756,-0.30888921,0.00122106,0.07427634,
9302,0.33176813,0.91349477,11.40047455,6.00000000,-0.35288087,0.41572267,0.22742724,-0.09375777,-0.07837083,0.07000000,0.00549451,-0.58180511,-0.23999999,0.23352008,-0.01229746,-0.21642081,2.15024567,-0.09657675,-0.16662008,0.00122106,-0.09959528,
9310,-2.88244772,-0.94799703,6.27209425,6.00000000,-0.34482422,0.40927735,0.70636052,0.70808470,-0.09880342,0.07000000,0.00549451,-0.72570270,0.23999999,-0.23999999,-0.01229746,-2.38411975,4.76125813,0.71266842,0.31747121,0.00122106,-0.22157942,
9318,-2.35811758,-2.68020201,1.45256639,6.00000000,0.31743163,-0.39960939,0.31487417,1.32950222,-0.04205575,0.07000000,0.00549451,-0.66291422,0.23999999,-0.23999999,-0.01229746,-2.03854465,4.21497011,1.35206902,0.35142472,0.00122106,-0.13581267,
9326,-1.12630069,-1.80871260,-4.00501633,6.00000000,0.33999023,-0.41249999,0.23814316,1.59361720,-0.02581881,0.07000000,0.00549451,-0.56856668,0.23999999,-0.23999999,-0.01229746,1.40499008,0.46425760,1.62810338,0.46260411,0.00122106,0.15663198,
9334,0.26353335,-0.88933909,-0.42568487,6.00000000,0.34965819,-0.43022460,-0.10027540,1.32749856,-0.00660090,0.07000000,0.00549451,-0.48868087,0.23999999,-0.23999999,-0.01229746,3.89033890,-2.35619450,1.35468888,0.26278475,0.00122106,0.33962092,
9342,2.36683965,-0.57091027,4.27054167,6.00000000,0.35771483,-0.43022460,-0.31953704,0.84202534,0.14250070,0.07000000,0.00549451,-0.33837757,0.23999999,-0.23999999,-0.01229746,6.09818029,-5.00560427,0.85496467,-0.06331405,0.00122106,0.49246031,
9350,4.41148758,1.84124792,10.18182564,6.00000000,0.36093751,-0.43828124,-0.54005140,0.07278419,0.25844482,0.07000000,0.00549451,-0.15291232,-0.22978099,0.20694226,-0.01229746,7.80685759,-7.30245733,0.06598908,-0.36348912,0.00122106,0.58260041,
9358,8.07820797,1.93103051,15.08754539,6.00000000,-0.31420898,0.34160155,-0.51927334,-1.04812777,0.30058554,0.07000000,0.00549451,-0.18275970,-0.23999999,0.23999999,-0.01229746,6.71951771,-6.12261486,-1.05054808,-0.60735685,0.00122106,0.40752578,
9365,2.43746853,1.10622799,20.53136063,5.00000000,-0.36093751,0.41894531,-0.37540793,-1.58387971,0.23720138,0.07000000,0.00549451,-0.48589134,-0.23999999,0.23999999,-0.01229746,5.04923725,-3.49938512,-1.56867552,-0.40201181,0.00122106,0.20523211,
9374,1.63660800,1.37198436,20.53136063,6.00000000,-0.33354491,0.42861328,0.24930942,-0.67116457,0.07438847,0.07000000,0.00549451,-0.37787983,-0.23999999,0.23999999,-0.01229746,1.60395765,-0.36302847,-0.65264398,-0.26706415,0.00122106,0.02543364,
9382,-1.47106576,1.98130870,12.97585869,6.00000000,-0.34965819,0.41894531,0.27061984,-0.00254627,-0.20387059,0.07000000,0.00549451,-0.47521839,-0.04769458,-0.01749176,-0.01229746,-0.68765974,2.24274802,-0.00682467,0.01503530,0.00122106,-0.11646075,
9390,-2.65140724,-0.88215649,5.41975880,6.00000000,-0.07412110,-0.00161133,0.74680465,0.81681484,-0.24617957,0.07000000,0.00549451,-0.36463672,0.23999999,-0.23999999,-0.01229746,-1.90415418,3.08225155,0.82010090,0.34691533,0.00122106,-0.12810308,
9398,-2.08637571,-2.68499041,-1.93882036,6.00000000,0.32387695,-0.41249999,0.51067454,1.17017829,-0.22168906,0.07000000,0.00549451,-0.20199838,0.23999999,-0.23999999,-0.01229746,-0.31241393,0.95644039,1.18998623,0.44366270,0.00122106,0.04185389,
9406,-0.95391822,-3.74681878,-2.85819387,6.00000000,0.34482422,-0.41733399,0.27461499,1.19412518,-0.18038374,0.07000000,0.00549451,-0.07977706,0.23999999,-0.23999999,-0.01229746,2.62322998,-2.35793996,1.21961427,0.40448859,0.00122106,0.28012180,
9414,-0.40205470,-2.34501386,-0.29520088,6.00000000,0.34160155,-0.43183595,-0.08809141,0.94871777,-0.12761441,0.07000000,0.00549451,0.02784402,0.23999999,-0.23999999,-0.01229746,5.11556005,-5.18537331,0.95478010,0.29581669,0.00122106,0.46398193,
9422,1.38282263,-0.71456242,4.24659967,6.00000000,0.34965819,-0.42377931,-0.37575346,0.57377356,0.01899546,0.07000000,0.00549451,0.02600021,0.23999999,-0.23999999,-0.01229746,7.55204010,-7.66374063,0.56848574,0.11301856,0.00122106,0.62208986,
9430,4.11101532,2.00405359,9.57010746,6.00000000,0.35932618,-0.43344727,-0.58657187,-0.03839170,0.14199643,0.07000000,0.00549451,0.22842708,0.13168481,-0.10297969,-0.01229746,9.27293396,-10.00073624,-0.02675891,-0.15515351,0.00122106,0.72983569,
9437,7.90941668,2.85998082,14.65658855,5.00000000,0.21269532,-0.18852539,-0.45067409,-0.99217248,0.15800987,0.07000000,0.00549451,0.35057360,-0.23999999,0.23999999,-0.01229746,10.00422764,-11.11949253,-0.98522168,-0.38235861,0.00122106,0.73029774,
9446,9.82477760,2.22432017,17.58709145,6.00000000,-0.33032227,0.39960939,-0.12433030,-1.89748657,0.06511007,0.07000000,0.00549451,0.22383501,-0.23999999,0.23999999,-0.01229746,7.53109550,-8.25540733,-1.87513149,-0.68068492,0.00122106,0.45536849,
9454,3.25628543,-0.67026967,20.53136063,6.00000000,-0.35771483,0.42377931,0.07951357,-2.14741659,-0.03993826,0.07000000,0.00549451,-0.32177544,-0.23999999,0.23999999,-0.01229746,5.16268349,-4.13293982,-2.12029815,-0.44971871,0.00122106,0.19399424,
9462,-0.59837925,-0.71575952,17.29619598,6.00000000,-0.34804687,0.42216796,0.49020267,-1.13770831,0.00405925,0.07000000,0.00549451,-0.40916967,-0.21794485,0.16086364,-0.01229746,2.46091413,-1.15017200,-1.11787593,-0.02620926,0.00122106,0.04950298,
9470,-1.48064256,-2.67541361,7.75530243,6.00000000,-0.32709962,0.28359374,-0.00112589,-0.24178015,-0.08987490,0.07000000,0.00549451,-0.52536994,-0.16853984,0.09628750,-0.01229746,0.38048175,1.33517683,-0.23664981,-0.06020463,0.00122106,-0.05772224,
9478,-4.40276575,-0.61759722,3.08421493,6.00000000,-0.25297850,0.18369141,0.39906356,0.59085411,-0.06947636,0.07000000,0.00549451,-0.66900885,0.23999999,-0.23999999,-0.01229746,-0.63879049,2.78030944,0.59168601,0.38136405,0.00122106,-0.08363055,
9486,-2.35093498,-1.12756217,-1.04578316,6.00000000,0.32871094,-0.40444335,0.47128776,1.23139143,0.00474735,0.07000000,0.00549451,-0.58798414,0.23999999,-0.23999999,-0.01229746,0.51836282,1.38753676,1.24393904,0.53233778,0.00122106,0.06263454,
9494,-0.60675895,-1.52140832,-3.47110939,6.00000000,0.34160155,-0.42216796,0.35264242,1.29451668,0.03712217,0.07000000,0.00549451,-0.36872357,0.23999999,-0.23999999,-0.01229746,3.20791531,-2.00887394,1.32327068,0.56034243,0.00122106,0.29442361,
9502,0.97461128,-0.69780296,0.55114943,6.00000000,0.34321290,-0.43344727,-0.08176811,0.98842388,0.13888434,0.07000000,0.00549451,-0.30922478,0.23999999,-0.23999999,-0.01229746,5.47858858,-4.46804285,1.00825584,0.23721406,0.00122106,0.45359921,
9509,2.55358720,-0.22255394,6.30202198,5.00000000,0.34482422,-0.43828124,-0.42728952,0.49527794,0.34355316,0.07000000,0.00549451,-0.24410167,0.20201319,-0.23705271,-0.01229746,7.44557476,-6.68984699,0.50131637,-0.09784834,0.00122106,0.57669276,
9518,6.36515617,1.71315813,11.66263962,6.00000000,0.31259766,-0.43022460,-0.78214514,-0.59700269,0.48290050,0.07000000,0.00549451,0.04152130,-0.23999999,0.23999999,-0.01229746,8.65159702,-8.75806236,-0.60288465,-0.57005078,0.00122106,0.61738563,
9526,8.52472591,3.15446758,16.31816483,6.00000000,-0.32226563,0.39155275,-0.70487547,-1.88058531,0.37553728,0.07000000,0.00549451,0.10721955,-0.23999999,0.23999999,-0.01229746,7.11745262,-7.48222685,-1.90538681,-0.40693307,0.00122106,0.41190434,
9534,-2.67415214,1.89990592,20.53136063,6.00000000,-0.34643555,0.42700195,-0.10093290,-2.02318883,0.23506588,0.07000000,0.00549451,-0.18439104,-0.04934184,0.02195901,-0.01229746,5.82939959,-5.24645996,-1.99436486,0.12373427,0.00122106,0.27136561,
9542,1.87602818,0.70998764,19.25584984,6.00000000,-0.07734375,0.05639648,0.31729928,-1.19067872,-0.03894463,0.07000000,0.00549451,0.05680764,-0.23999999,0.23999999,-0.01229746,3.33357882,-3.52905560,-1.16944242,-0.43013486,0.00122106,0.17473254,
9550,1.57675302,3.60457754,7.40694618,6.00000000,-0.33515626,0.40283203,0.61259830,-0.95705271,-0.19082847,0.07000000,0.00549451,-0.10154907,-0.23999999,0.23999999,-0.01229746,1.32121420,-0.99309236,-0.95782739,-0.27242234,0.00122106,0.02154198,
9558,-6.28341103,-4.45071411,9.13436222,6.00000000,-0.35126954,0.42377931,0.55910999,-0.39748397,-0.24021539,0.07000000,0.00549451,-0.26521510,0.23999999,-0.23999999,-0.01229746,-0.68765974,1.54461634,-0.39673662,0.43497330,0.00122106,-0.11413526,
9566,-3.28946185,-1.05932748,2.58262968,6.00000000,0.32226563,-0.39477539,0.33252004,0.46015182,-0.12853470,0.07000000,0.00549451,-0.32720438,0.23999999,-0.23999999,-0.01229746,-0.12740904,1.19031453,0.45867783,0.32876509,0.00122106,-0.01542560,
9574,-2.26594067,-1.83624589,-3.58124280,6.00000000,0.34965819,-0.41733399,0.06885687,0.76806432,-0.05910143,0.07000000,0.00549451,-0.09829408,0.23999999,-0.23999999,-0.01229746,2.76809239,-2.44695163,0.78129160,0.47744000,0.00122106,0.25216949,
9581,0.26473045,-0.88574779,-0.54659206,5.00000000,0.34321290,-0.41572267,-0.08800932,0.54869825,-0.03594834,0.07000000,0.00549451,-0.04970103,0.23999999,-0.23999999,-0.01229746,5.08239889,-4.92008305,0.56151503,0.25177097,0.00122106,0.42596191,
9590,2.01489186,-0.69181746,3.04710460,6.00000000,0.36416015,-0.41733399,-0.40881434,0.12988566,0.06669550,0.07000000,0.00549451,-0.05647680,0.23999999,-0.23999999,-0.01229746,7.63057947,-7.54331303,0.17570618,0.01437645,0.00122106,0.59133369,
9598,4.67125893,2.35480428,8.43046761,6.00000000,0.34482422,-0.43344727,-0.54838115,-0.50609773,0.22244784,0.07000000,0.00549451,0.06378540,-0.13109362,0.13723877,-0.01229746,9.52600670,-9.67261505,-0.50606990,-0.26722142,0.00122106,0.69545639,
9606,8.38706017,2.68161273,14.28907871,6.00000000,-0.16435547,0.20947266,-0.38742661,-1.48740149,0.28600556,0.07000000,0.00549451,-0.05355356,-0.23999999,0.23999999,-0.01229746,9.16821480,-8.99193668,-1.47992194,-0.52114820,0.00122106,0.57998854,
9614,6.62851858,0.04320245,20.53136063,6.00000000,-0.34321290,0.41733399,-0.15308899,-2.06709886,0.20894262,0.07000000,0.00549451,-0.32485411,-0.23999999,0.23999999,-0.01229746,6.35823441,-5.34768867,-2.07556272,-0.69479203,0.00122106,0.28586581,
9622,-1.18136740,0.56872970,20.53136063,6.00000000,-0.35126954,0.42216796,0.07251427,-1.49760115,0.01771037,0.07000000,0.00549451,-0.37444898,-0.19452237,0.14172143,-0.01229746,4.33539772,-3.10144997,-1.47491646,-0.00624543,0.00122106,0.17490092,
9630,1.45943713,0.66330069,13.54687595,6.00000000,-0.27875978,0.25297850,0.12272243,-0.55762935,-0.08565602,0.07000000,0.00549451,-0.29188827,-0.23999999,0.23999999,-0.01229746,1.65108144,-0.71558499,-0.55378979,-0.30173838,0.00122106,0.05180878,
9638,-2.25756097,0.03841405,7.05739260,6.00000000,-0.34643555,0.41411132,0.32297879,0.21802586,-0.23262577,0.07000000,0.00549451,-0.29819566,0.19664153,-0.23775706,-0.01229746,-0.51487213,1.47654855,0.21492559,0.13730726,0.00122106,-0.05738287,
9646,-3.16735768,-1.21255636,2.16364431,6.00000000,0.26748046,-0.39477539,0.42799997,0.90864253,-0.20079973,0.07000000,0.00549451,-0.15649216,0.23999999,-0.23999999,-0.01229746,-0.37699112,0.88313657,0.91317260,0.27554709,0.00122106,0.02103184,
9653,-1.95708871,-1.31790125,-4.58561039,5.00000000,0.34321290,-0.42055663,0.28754205,1.21218765,-0.23252687,0.07000000,0.00549451,0.16200654,0.23999999,-0.23999999,-0.01229746,1.88670087,-2.40157318,1.23261333,0.44213533,0.00122106,0.25924322,
9662,0.47063181,-2.07446885,-0.47237179,6.00000000,0.35126954,-0.42377931,-0.03974096,0.90109509,-0.18796663,0.07000000,0.00549451,0.16229352,0.23999999,-0.23999999,-0.01229746,4.73333311,-5.29009295,0.91584265,0.25784388,0.00122106,0.45958310,
9670,2.04362226,-1.52978802,4.07301998,6.00000000,0.35449219,-0.43344727,-0.23553351,0.42958483,-0.06210111,0.07000000,0.00549451,0.25423920,0.23999999,-0.23999999,-0.01229746,6.95513725,-7.80685759,0.43420768,0.07075322,0.00122106,0.59429365,
9678,4.83047295,1.81491172,8.50947571,6.00000000,0.34321290,-0.42216796,-0.58105415,-0.29640377,0.06886643,0.07000000,0.00549451,0.30209279,0.16746759,-0.12878232,-0.01229746,8.93608570,-9.88205433,-0.29096892,-0.08961435,0.00122106,0.69707292,
9686,7.83519602,2.66964173,12.23365688,6.00000000,0.26103514,-0.24008790,-0.42787623,-1.38006222,0.16608132,0.07000000,0.00549451,0.24776307,-0.23999999,0.23999999,-0.01229746,10.24857330,-11.06538773,-1.37026036,-0.36039451,0.00122106,0.70854777,
9694,9.77569675,1.40191197,15.13901997,6.00000000,-0.32065430,0.39960939,-0.19618595,-2.59506035,0.12808877,0.07000000,0.00549451,-0.00291929,-0.23999999,0.23999999,-0.01229746,8.65683270,-8.64810658,-2.57518673,-0.68845475,0.00122106,0.45853814,
9702,-0.02736214,-0.67625517,20.53136063,6.00000000,-0.35610351,0.43505859,-0.08948372,-2.91483521,0.01837726,0.07000000,0.00549451,-0.19473410,-0.23999999,0.23999999,-0.01229746,6.90103197,-6.26573181,-2.86718416,-0.06991428,0.00122106,0.28622541,
9710,0.85609829,0.64175290,17.16930389,6.00000000,-0.35288087,0.42700195,0.34237403,-1.99743164,-0.06174175,0.07000000,0.00549451,-0.49882445,-0.23999999,0.23999999,-0.01229746,4.50993061,-2.87804794,-1.96916389,-0.27547920,0.00122106,0.13121277,
9718,-1.71647143,-0.31113940,8.97155666,6.00000000,-0.34321290,0.42861328,0.32891160,-1.21234083,-0.12287111,0.07000000,0.00549451,-0.72879386,-0.19342539,0.09292024,-0.01229746,2.16420817,0.13089970,-1.21392512,0.03861254,0.00122106,-0.01124933,
9725,-1.57641065,-1.43162584,4.57340813,5.00000000,-0.27553710,0.16918945,0.34684083,-0.46937123,-0.07645047,0.07000000,0.00549451,-0.56790513,0.06436414,-0.14239813,-0.01229746,-0.09424778,1.90939021,-0.46814203,0.15626764,0.00122106,-0.10999992,
9734,-2.82498693,-1.99186897,2.09062123,6.00000000,0.07895508,-0.24492188,0.25905889,0.14283378,-0.06885774,0.07000000,0.00549451,-0.22628531,0.23999999,-0.23999999,-0.01229746,-0.27925268,1.01403630,0.14731377,0.30523923,0.00122106,-0.03627779,
9742,-1.22087169,-0.90011305,1.02520132,6.00000000,0.33999023,-0.42700195,0.23295300,0.47412151,-0.02298151,0.07000000,0.00549451,0.00055189,0.23999999,-0.23999999,-0.01229746,1.80816102,-1.80641580,0.47779143,0.30878752,0.00122106,0.17779255,
9750,-0.29910403,-1.02700567,2.75740623,6.00000000,0.34160155,-0.42055663,-0.04490465,0.38880756,0.09026150,0.07000000,0.00549451,-0.07304239,0.23999999,-0.23999999,-0.01229746,4.67573690,-4.42964554,0.39808264,0.26098436,0.00122106,0.37618536,
9758,4.49049664,0.05517346,5.55024242,6.00000000,0.34965819,-0.42700195,-0.27358162,-0.17398511,0.35187730,0.07000000,0.00549451,0.00236076,-0.12355062,0.12186518,-0.01229746,6.92546606,-6.93419313,-0.24988544,-0.23217928,0.00122106,0.51109523,
9766,8.01835251,1.28220189,9.57369900,6.00000000,-0.15468749,0.18691406,-0.52511460,-1.05361092,0.49686903,0.07000000,0.00549451,-0.02969300,-0.23999999,0.23999999,-0.01229746,6.79107618,-6.72126293,-1.05076551,-0.58053339,0.00122106,0.43710399,
9774,5.40029287,1.64971185,19.84003448,6.00000000,-0.34804687,0.42055663,-0.45804530,-1.57064307,0.45999423,0.07000000,0.00549451,-0.16262320,-0.23999999,0.23999999,-0.01229746,4.95498943,-4.41219234,-1.57937145,-0.53200459,0.00122106,0.23997225,
9782,1.97419047,2.82526493,20.53136063,6.00000000,-0.35126954,0.43344727,0.16739838,-0.79588556,0.34019610,0.07000000,0.00549451,-0.37471825,-0.23999999,0.23999999,-0.01229746,2.72969484,-1.54985237,-0.77640903,-0.33059177,0.00122106,0.10368830,
9790,1.68090081,0.32930955,14.49737453,6.00000000,-0.35126954,0.43505859,0.21268101,-0.17034687,0.14431635,0.07000000,0.00549451,-0.31756505,-0.23999999,0.23999999,-0.01229746,0.13788101,0.93026048,-0.16720444,-0.31796420,0.00122106,-0.04252791,
9797,-1.21488619,0.01207783,11.10718441,5.00000000,-0.35771483,0.42216796,0.47493452,0.62700516,0.10165878,0.07000000,0.00549451,-0.61458999,0.03570752,-0.11957042,-0.01229746,-1.15366256,3.17300868,0.62668127,0.00436139,0.00122106,-0.11851465,
9806,-2.74717522,-2.83941650,7.55179501,6.00000000,0.03222656,-0.19013672,0.37621433,1.32981920,0.18156420,0.07000000,0.00549451,-0.53538698,0.23999999,-0.23999999,-0.01229746,-1.26885426,3.02465558,1.34478092,0.21593766,0.00122106,-0.06077076,
9814,0.55323178,-1.84223139,0.94738978,6.00000000,0.34160155,-0.42055663,0.10641128,1.54687905,0.26834822,0.07000000,0.00549451,-0.17393467,0.23999999,-0.23999999,-0.01229746,0.40491641,0.18325958,1.57064259,0.14361125,0.00122106,0.12778251,
9822,0.98418808,-2.30910063,2.31687307,6.00000000,0.34482422,-0.42055663,-0.33547887,1.07396245,0.25605080,0.07000000,0.00549451,0.02695256,0.23999999,-0.23999999,-0.01229746,2.85186791,-2.97055030,1.09299946,0.06402659,0.00122106,0.30471098,
9830,3.56992602,0.50767756,3.90303183,6.00000000,0.34804687,-0.43022460,-0.17233589,0.50528920,0.21169361,0.07000000,0.00549451,0.30688992,0.11622874,-0.07596823,-0.01229746,4.90612078,-5.92539263,0.51450771,-0.14973836,0.00122106,0.45247656,
9838,5.96771908,1.53838146,6.23498440,6.00000000,0.16918945,-0.14018555,-0.04165501,-0.26063511,0.13190377,0.07000000,0.00549451,0.31244484,-0.23999999,0.23999999,-0.01229746,6.11737919,-7.12792444,-0.25404948,-0.37091720,0.00122106,0.48438549,
9846,8.56542778,0.56633550,9.88255024,6.00000000,-0.33354491,0.40283203,-0.01061188,-1.11357319,0.11801285,0.07000000,0.00549451,0.07135835,-0.23999999,0.23999999,-0.01229746,4.20449829,-4.43662691,-1.11008120,-0.73113716,0.00122106,0.24463142,
9854,-0.62950385,-0.72413921,20.53136063,6.00000000,-0.35126954,0.43022460,-0.05298019,-1.40949464,0.16970481,0.07000000,0.00549451,0.02811062,-0.11519688,0.11740722,-0.01229746,2.65988159,-2.74540305,-1.39754915,0.04556614,0.00122106,0.09966244,
9862,1.56957042,2.43022156,18.09466171,6.00000000,-0.17402343,0.21269532,-0.21296777,-0.39734301,0.14254045,0.07000000,0.00549451,-0.14290747,-0.23999999,0.23999999,-0.01229746,1.17460668,-0.71383971,-0.38202405,-0.39748812,0.00122106,0.04106471,
9869,1.56358492,0.82610643,10.75523663,5.00000000,-0.34482422,0.42377931,0.22178744,-0.03370715,0.08913934,0.07000000,0.00549451,-0.14832307,-0.23999999,0.23999999,-0.01229746,-0.68940508,1.16413450,-0.03469738,-0.23381716,0.00122106,-0.07430364,
9878,-1.79787433,0.66808909,10.21534443,6.00000000,-0.34965819,0.42700195,0.24390256,0.46072584,-0.03521300,0.07000000,0.00549451,-0.30835742,-0.02057343,-0.02151281,-0.01229746,-2.47313142,3.49240398,0.45946324,-0.00802858,0.00122106,-0.19068408,
9886,-1.81583083,-0.26325536,5.68431807,6.00000000,-0.04028320,-0.02416992,0.36632821,1.18113267,0.01009828,0.07000000,0.00549451,-0.34308353,0.23007496,-0.23999999,-0.01229746,-3.04385400,4.17308235,1.18389869,0.08416931,0.00122106,-0.18638319,
9894,-1.12630069,-1.57527792,2.35039210,6.00000000,0.31582031,-0.40122071,0.17383668,1.64604187,0.06651538,0.07000000,0.00549451,-0.12860896,0.23999999,-0.23999999,-0.01229746,-1.19380522,1.61093891,1.66142964,0.17474508,0.00122106,0.02218266,
9902,2.42549753,-1.48429823,-0.72136879,6.00000000,0.34643555,-0.42216796,-0.03953868,1.43959165,0.14897195,0.07000000,0.00549451,0.10435379,0.23999999,-0.23999999,-0.01229746,1.35961151,-1.73311198,1.46497154,-0.04072610,0.00122106,0.23169261,
9910,4.13735151,0.43106312,4.13646650,6.00000000,0.34321290,-0.43666992,-0.26678771,0.74628580,0.22706759,0.07000000,0.00549451,0.23055267,0.05360278,-0.02339859,-0.01229746,3.49763966,-4.24289560,0.75754052,-0.19000772,0.00122106,0.35263580,
9918,6.16524076,0.42627472,7.91092539,6.00000000,0.08540039,-0.06123047,-0.37045720,-0.14732401,0.27452633,0.07000000,0.00549451,0.24232671,-0.23999999,0.23999999,-0.01229746,4.37554026,-5.15395689,-0.14476639,-0.30234486,0.00122106,0.35356152,
9926,8.47325134,1.17565989,10.71932411,6.00000000,-0.32226563,0.39477539,-0.20749645,-1.00576913,0.28794047,0.07000000,0.00549451,0.03133026,-0.23999999,0.23999999,-0.01229746,2.06821513,-2.16071773,-1.00118840,-0.71001005,0.00122106,0.08553916,
9934,-0.07764038,0.86441362,20.53136063,6.00000000,-0.34804687,0.42861328,0.04829288,-1.24260032,0.21758828,0.07000000,0.00549451,0.01844322,-0.23999999,0.23999999,-0.01229746,0.32986721,-0.38222709,-1.23061705,-0.02670729,0.00122106,-0.06740467,
9941,2.11903977,1.02602220,17.02684784,5.00000000,-0.35126954,0.43183595,0.09311648,-0.10613498,0.11542994,0.07000000,0.00549451,-0.15827185,-0.23999999,0.23999999,-0.01229746,-1.47480321,1.97047675,-0.09466445,-0.45924795,0.00122106,-0.13867649,
9950,-1.07961380,-1.29874766,13.29189396,6.00000000,-0.35610351,0.41733399,0.30761498,0.55941796,0.04826739,0.07000000,0.00549451,-0.21310586,-0.08115956,0.05217737,-0.01229746,-3.25154853,3.93920803,0.56089818,-0.05679756,0.00122106,-0.23027618,
9958,-0.99821091,-0.16269889,8.32631969,6.00000000,-0.12890625,0.09667969,0.25042677,1.19214821,0.04214536,0.07000000,0.00549451,-0.30085933,-0.00169756,-0.03887428,-0.01229746,-4.10152388,5.05970955,1.19323850,-0.06429071,0.00122106,-0.25903338,
9966,-1.52254105,-1.47831273,4.50876474,6.00000000,-0.00644531,-0.05156250,0.23376000,1.66614497,0.08854927,0.07000000,0.00549451,-0.13988231,0.23999999,-0.23999999,-0.01229746,-3.92524529,4.37554026,1.67738235,0.13625568,0.00122106,-0.18805894,
9974,-0.12911572,-0.70857686,2.14089942,6.00000000,0.33032227,-0.40927735,-0.04151813,1.77527654,0.10067450,0.07000000,0.00549451,-0.00604780,0.23999999,-0.23999999,-0.01229746,-2.22180414,2.23053074,1.79361331,0.05275424,0.00122106,-0.02856568,
9982,2.37641644,-1.83385170,3.02795100,6.00000000,0.34321290,-0.42216796,-0.03764104,1.27362657,0.16344868,0.07000000,0.00549451,0.13012585,0.23999999,-0.22869878,-0.01229746,0.73652893,-1.14319062,1.28934073,-0.05348988,0.00122106,0.16911732,
9990,4.68921518,-0.29677418,6.89937544,6.00000000,0.34643555,-0.40927735,-0.14952773,0.48457652,0.14904429,0.07000000,0.00549451,0.21858025,-0.09750783,0.12610562,-0.01229746,2.90771866,-3.62853932,0.48798406,-0.24462059,0.00122106,0.28647786,
9998,8.05905437,0.56872970,8.12999535,6.00000000,-0.12407227,0.19335937,-0.21357355,-0.49164298,0.15032890,0.07000000,0.00549451,0.23015907,-0.23999999,0.23999999,-0.01229746,2.79427218,-3.53952789,-0.49010730,-0.54509014,0.00122106,0.20250395,
10006,5.15249300,0.93264836,15.06958866,6.00000000,-0.35126954,0.41894531,-0.13516723,-1.19231701,0.18927185,0.07000000,0.00549451,-0.12132606,-0.23999999,0.23999999,-0.01229746,0.45902157,-0.08203048,-1.18558788,-0.50028646,0.00122106,-0.06676015,
10013,-1.94631481,1.33128297,20.53136063,5.00000000,-0.36577147,0.43183595,0.00266026,-0.89223862,0.17306469,0.07000000,0.00549451,-0.24935201,-0.13470277,0.09989476,-0.01229746,-0.42062435,1.25140107,-0.87765729,0.05338454,0.00122106,-0.13043395,
10022,2.31895542,1.33607137,11.88170910,6.00000000,-0.19658203,0.19497070,0.11696413,-0.12553532,0.10760829,0.07000000,0.00549451,-0.14486766,-0.23999999,0.23999999,-0.01229746,-2.21482277,2.66337252,-0.12750041,-0.41092595,0.00122106,-0.19448414,
10030,0.63463461,-0.22973654,8.35026169,6.00000000,-0.35771483,0.41894531,0.15425572,0.24573286,-0.04241006,0.07000000,0.00549451,-0.05509770,-0.23999999,0.23999999,-0.01229746,-3.68439007,3.85019636,0.24554458,-0.16198182,0.00122106,-0.26854047,
10038,-2.42754936,0.61062825,8.97395134,6.00000000,-0.35771483,0.42539063,0.30175304,0.73617411,-0.06684341,0.07000000,0.00549451,-0.34285644,0.01007919,-0.05633888,-0.01229746,-4.98640585,6.11737919,0.73623562,0.03731705,0.00122106,-0.36691785,
10046,-1.77512944,-1.16826355,5.08935881,6.00000000,-0.00161133,-0.08378907,0.33438423,1.56406677,-0.01594799,0.07000000,0.00549451,-0.35553458,0.23895843,-0.23999999,-0.01229746,-5.37386847,6.53276730,1.57118988,0.09021916,0.00122106,-0.33525723,
10054,-0.35417068,-1.08326948,2.67959476,6.00000000,0.33999023,-0.41894531,0.04806146,1.96682191,0.04448678,0.07000000,0.00549451,-0.08755532,0.23999999,-0.23999999,-0.01229746,-3.48542237,3.76118445,1.98514271,0.09235568,0.00122106,-0.12821099,
10062,3.42387962,-1.38134754,1.92661834,6.00000000,0.33837891,-0.41733399,-0.17015818,1.50297463,0.14944747,0.07000000,0.00549451,0.12408185,0.10566282,-0.08898842,-0.01229746,-0.63006383,0.23736478,1.52464962,-0.15616992,0.00122106,0.08054538,
10070,5.61098289,-0.29916838,5.53827143,6.00000000,0.15791015,-0.16757813,-0.27216783,0.70908159,0.19140121,0.07000000,0.00549451,0.11736114,-0.23999999,0.23999999,-0.01229746,1.00007367,-1.38753676,0.71577215,-0.33847618,0.00122106,0.14437222,
10078,6.98525476,1.64971185,8.94043255,6.00000000,-0.32548827,0.39638671,-0.38129389,-0.13864827,0.19229721,0.07000000,0.00549451,-0.00522552,-0.23999999,0.23999999,-0.01229746,-0.93898714,0.95120442,-0.13715172,-0.56421143,0.00122106,-0.08432819,
10085,-0.13749543,1.20319319,20.53136063,5.00000000,-0.37060547,0.44956055,-0.19896263,-0.51877552,0.14651385,0.07000000,0.00549451,-0.12993142,-0.23999999,0.23999999,-0.01229746,-1.68424273,2.09963107,-0.51647806,-0.08633438,0.00122106,-0.18355140,
10094,4.96694279,1.38156116,14.77510166,6.00000000,-0.34321290,0.41733399,0.11939055,0.33260646,0.05792481,0.07000000,0.00549451,-0.09505302,-0.23999999,0.23999999,-0.01229746,-4.39299345,4.72460651,0.33350533,-0.70495832,0.00122106,-0.32422638,
10102,-2.59035516,0.88476437,17.60863876,6.00000000,-0.35288087,0.42700195,0.23122248,0.63038939,-0.07800895,0.07000000,0.00549451,-0.09707770,0.22389954,-0.23668167,-0.01229746,-5.67057467,5.99346066,0.62789381,0.20317167,0.00122106,-0.39658302,
10110,-0.01658824,0.37479940,9.06732464,6.00000000,0.30454102,-0.39960939,0.30782145,1.39745295,-0.14796703,0.07000000,0.00549451,0.02463527,-0.13339564,0.13727805,-0.01229746,-5.08065367,5.01607609,1.39820278,-0.19526586,0.00122106,-0.27870306,
10118,3.24072313,-1.70695901,-2.83904028,6.00000000,-0.18369141,0.23525390,0.40658602,1.22919834,-0.19905461,0.07000000,0.00549451,0.23221943,-0.23999999,0.23999999,-0.01229746,-4.69493580,3.93920803,1.25101697,-0.29086444,0.00122106,-0.23285159,
10126,-0.82463133,0.16650383,2.13730812,6.00000000,-0.34643555,0.41249999,-0.02030938,1.13239062,-0.14010903,0.07000000,0.00549451,-0.19957483,-0.10488290,0.07842483,-0.01229746,-6.26398659,6.90975857,1.14759779,-0.08976647,0.00122106,-0.41302752,
10134,-3.98378038,-2.97708297,9.86339664,6.00000000,-0.15146485,0.15791015,-0.09051237,1.49465299,0.02357262,0.07000000,0.00549451,-0.03957245,0.23999999,-0.23999999,-0.01229746,-7.24311638,7.37227058,1.49824417,0.15152603,0.00122106,-0.44167352,
10142,0.08396824,2.01243329,7.30279827,6.00000000,0.32548827,-0.40283203,-0.49586326,2.12407923,-0.01092612,0.07000000,0.00549451,-0.05110086,0.18291795,-0.18908167,-0.01229746,-5.26391315,5.48556948,2.12554646,-0.06250125,0.00122106,-0.24673051,
10150,3.84765339,0.57232100,5.22343397,6.00000000,0.26103514,-0.33999023,0.25527394,1.76736629,0.06160221,0.07000000,0.00549451,0.21508570,0.02826333,0.00125189,-0.01229746,-2.95484257,2.25496531,1.77875316,-0.20142084,0.00122106,-0.06797981,
10157,5.48289299,-0.02862360,8.92367268,5.00000000,0.04028320,-0.01127930,-0.03456786,0.93579984,-0.03023365,0.07000000,0.00549451,0.27548343,-0.23999999,0.23999999,-0.01229746,-2.06821513,1.19205987,0.93550205,-0.38157839,0.00122106,-0.05367977,
10166,6.08024645,-1.16227806,10.60320568,6.00000000,-0.33032227,0.41088867,-0.17031345,0.00271320,0.06577183,0.07000000,0.00549451,0.03384063,-0.23999999,0.23999999,-0.01229746,-3.83972430,3.72802329,-0.00232553,-0.53381407,0.00122106,-0.28899637,
10174,-4.57514811,1.26185107,20.53136063,6.00000000,-0.37543947,0.45117188,-0.25217474,-0.15240143,0.11991426,0.07000000,0.00549451,-0.23662627,0.23999999,-0.23999999,-0.01229746,-4.36506844,5.12603235,-0.15158671,0.36396521,0.00122106,-0.37131742,
10182,3.41190863,1.44500756,12.08162498,6.00000000,0.32226563,-0.38994139,-0.03440946,0.79422998,0.10696709,0.07000000,0.00549451,-0.06753324,-0.23999999,0.23999999,-0.01229746,-4.08581591,4.32667112,0.79091376,-0.59672499,0.00122106,-0.26060051,
10190,5.46733093,1.61260164,-0.98951936,6.00000000,-0.32226563,0.41411132,0.34567165,0.35263252,-0.03627738,0.07000000,0.00549451,0.10475780,-0.23999999,0.23999999,-0.01229746,-4.38426685,4.05265427,0.36093324,-0.59878850,0.00122106,-0.29467478,
10198,-0.53014451,-1.96553278,7.62840986,6.00000000,-0.34804687,0.42377931,0.24076308,0.20921354,-0.14845741,0.07000000,0.00549451,-0.01069441,-0.23999999,0.23999999,-0.01229746,-6.43153811,6.45597267,0.20859289,-0.22328889,0.00122106,-0.47719726,
10206,-3.31340408,0.31853566,8.25928211,6.00000000,-0.36577147,0.44633788,0.23564018,0.98335361,-0.15573484,0.07000000,0.00549451,-0.27514809,0.07462367,-0.11112465,-0.01229746,-7.83827400,8.76504326,0.98357910,0.11020239,0.00122106,-0.55689687,
10214,-2.35213208,-0.39373937,6.63481617,6.00000000,0.09023438,-0.17241211,0.07715439,1.83286905,-0.03533825,0.07000000,0.00549451,-0.15777394,0.21064930,-0.23098534,-0.01229746,-7.65152311,8.16988659,1.83756840,0.06712961,0.00122106,-0.46279296,
10222,1.14340246,-0.04418591,1.42503309,6.00000000,0.30776367,-0.39316407,0.05069947,2.17041993,0.01296530,0.07000000,0.00549451,0.12491603,0.23999999,-0.22524354,-0.01229746,-6.09643507,5.69850016,2.19040632,-0.02390505,0.00122106,-0.28359002,
10229,2.33930635,0.53999931,4.72783422,5.00000000,0.35126954,-0.39638671,-0.12599608,1.58630240,0.02772336,0.07000000,0.00549451,0.39564496,0.21877158,-0.16464822,-0.01229746,-3.77340174,2.48011303,1.60184014,-0.03483904,0.00122106,-0.11623561,
10238,4.18284178,-1.11319697,7.98275137,6.00000000,0.31743163,-0.29003906,-0.12654610,0.79998362,0.03406177,0.07000000,0.00549451,0.48629913,-0.00759884,0.07339356,-0.01229746,-1.31772363,-0.28972465,0.79885441,-0.14598484,0.00122106,0.01704045,
10246,5.98088694,0.31614146,10.86417294,6.00000000,0.00161133,0.10795899,-0.30877349,-0.00643647,0.00996299,0.07000000,0.00549451,0.16663390,-0.23999999,0.23999999,-0.01229746,-0.59690261,0.04712389,-0.00573301,-0.23015323,0.00122106,-0.02407023,
10254,6.70034456,2.06510568,14.41836548,6.00000000,-0.33354491,0.41249999,-0.30926132,-0.54381347,-0.05851283,0.07000000,0.00549451,-0.10300593,-0.23999999,0.23999999,-0.01229746,-2.86583066,3.20093369,-0.54039782,-0.61796111,0.00122106,-0.27491847,
10262,-0.73125744,0.94342232,20.53136063,6.00000000,-0.35449219,0.43183595,0.09432368,-0.55803359,-0.18262437,0.07000000,0.00549451,-0.28977433,-0.23999999,0.21978606,-0.01229746,-4.04218245,4.97942400,-0.55191034,0.00505584,0.00122106,-0.38514310,
10270,3.11981606,0.26706031,13.52173710,6.00000000,-0.34482422,0.39477539,0.37338516,0.45520735,-0.26054481,0.07000000,0.00549451,-0.31521958,-0.23999999,0.23999999,-0.01229746,-6.74569750,7.75449753,0.45691049,-0.42117763,0.00122106,-0.51762265,
10278,-4.21841240,0.22396468,10.72530937,6.00000000,-0.35932618,0.41894531,0.38957426,0.93011594,-0.35799897,0.07000000,0.00549451,-0.41337979,0.23999999,-0.23999999,-0.01229746,-8.30427647,9.66912365,0.93053353,0.31150338,0.00122106,-0.61118793,
10286,-2.79745340,-0.31832200,2.78015113,6.00000000,0.32871094,-0.40122071,0.46346071,1.79861188,-0.34974200,0.07000000,0.00549451,-0.38228115,0.23999999,-0.23999999,-0.01229746,-7.62185287,8.85754585,1.80742133,0.31277019,0.00122106,-0.48980588,
10294,-1.18376160,-1.64590681,-4.42400169,6.00000000,0.33354491,-0.42700195,0.46392506,1.88370156,-0.28944159,0.07000000,0.00549451,-0.12403849,0.23999999,-0.23999999,-0.01229746,-4.45058966,4.83630753,1.92439759,0.46114260,0.00122106,-0.20332009,
10301,-0.72646904,-0.93602604,-1.64074218,5.00000000,0.33515626,-0.41249999,0.05927755,1.70235622,-0.25921169,0.07000000,0.00549451,-0.02696049,0.23999999,-0.23999999,-0.01229746,-1.44338727,1.52716315,1.73353660,0.36107546,0.00122106,0.01606897,
10310,0.54604918,-0.98869848,3.24103498,6.00000000,0.34643555,-0.42055663,-0.26071969,1.18910754,-0.13835761,0.07000000,0.00549451,0.06565993,0.23999999,-0.23999999,-0.01229746,1.53239918,-1.79768908,1.19204795,0.19687150,0.00122106,0.21784598,
10318,2.88997269,1.29058158,9.11760330,6.00000000,0.36254883,-0.42377931,-0.50295055,0.59408766,-0.06621414,0.07000000,0.00549451,0.29438296,0.23999999,-0.23210508,-0.01229746,3.34579611,-4.30223656,0.59747535,-0.01031029,0.00122106,0.33616751,
10326,6.64647532,1.87476671,14.04726410,6.00000000,0.36093751,-0.41249999,-0.48958024,-0.34647694,-0.06420092,0.07000000,0.00549451,0.51737106,-0.16373695,0.23240435,-0.01229746,4.58323479,-6.25525999,-0.34522855,-0.23542660,0.00122106,0.38602093,
10334,9.65119839,2.11418700,18.21557045,6.00000000,-0.21269532,0.38349611,-0.19919264,-1.51598430,-0.14567453,0.07000000,0.00549451,0.51376051,-0.23999999,0.23999999,-0.01229746,3.03687286,-4.66526508,-1.49925292,-0.47960913,0.00122106,0.17970726,
10342,5.65168428,1.34205687,20.53136063,6.00000000,-0.34482422,0.39960939,-0.07708079,-2.01232338,-0.24802445,0.07000000,0.00549451,-0.08399135,-0.23999999,0.23999999,-0.01229746,-0.37175512,0.65624380,-1.98109972,-0.64315850,0.00122106,-0.20476538,
10350,-0.52296191,1.35283077,20.53136063,6.00000000,-0.35126954,0.42700195,0.48326805,-1.66874778,-0.23960437,0.07000000,0.00549451,-0.29941845,-0.23999999,0.23999999,-0.01229746,-1.97047675,2.89899206,-1.64519548,0.00638777,0.00122106,-0.30689690,
10358,1.71801090,-2.46232963,11.00902271,6.00000000,-0.35449219,0.43022460,0.31169322,-0.76564890,-0.35589707,0.07000000,0.00549451,-0.28957227,-0.23999999,0.23999999,-0.01229746,-4.53436518,5.45938969,-0.75880539,-0.30076200,0.00122106,-0.43426806,
10366,-5.57472754,0.84166873,5.03189802,6.00000000,-0.35449219,0.42539063,0.38488969,0.01224699,-0.38434160,0.07000000,0.00549451,-0.58821213,0.23999999,-0.23999999,-0.01229746,-6.11912441,8.06167603,0.00578713,0.40791315,0.00122106,-0.53935701,
10373,-3.14341569,-1.61478221,-1.72214508,5.00000000,0.30937499,-0.39155275,0.49307173,1.00955713,-0.30447799,0.07000000,0.00549451,-0.64183170,0.23999999,-0.23999999,-0.01229746,-5.86605167,7.93252134,1.01824999,0.50505179,0.00122106,-0.44841465,
10382,-1.84096992,-1.44599104,-7.40717697,6.00000000,0.33676758,-0.40927735,0.47747433,1.22134233,-0.32469577,0.07000000,0.00549451,-0.47105595,0.23999999,-0.23999999,-0.01229746,-2.29510808,3.81354451,1.25097036,0.64041287,0.00122106,-0.14093098,
10390,-0.83181393,0.77582818,-2.91685176,6.00000000,0.34321290,-0.41733399,0.16996823,1.10718203,-0.22601987,0.07000000,0.00549451,-0.36724284,0.23999999,-0.23999999,-0.01229746,0.75049156,0.42586035,1.12719166,0.48102674,0.00122106,0.09558047,
10398,-0.03215055,-1.36578524,5.54186296,6.00000000,0.34643555,-0.42861328,-0.26945114,0.72341418,-0.02878043,0.07000000,0.00549451,-0.21319367,0.23999999,-0.23999999,-0.01229746,3.01941967,-2.35619450,0.73386371,0.19272628,0.00122106,0.25561774,
10406,2.35845995,1.67724514,12.66461277,6.00000000,0.36254883,-0.43183595,-0.75814128,0.07833816,0.24823046,0.07000000,0.00549451,-0.25027376,-0.00139095,-0.03419685,-0.01229746,5.09112549,-4.28129292,0.07304609,-0.12266862,0.00122106,0.35799170,
10414,7.25819349,2.62056065,16.86763382,6.00000000,0.02578125,-0.07734375,-0.84534562,-1.02477479,0.37171972,0.07000000,0.00549451,-0.12276200,-0.23999999,0.23999999,-0.01229746,5.18886375,-4.78569317,-1.03054178,-0.63235956,0.00122106,0.29924333,
10422,6.88350105,3.20474577,20.53136063,6.00000000,-0.32387695,0.39155275,-0.50217772,-1.95645249,0.22549351,0.07000000,0.00549451,-0.16427006,-0.23999999,0.23999999,-0.01229746,2.39808226,-1.86575699,-1.93964386,-0.54303873,0.00122106,0.01803613,
10430,-3.59232855,0.76146299,20.53136063,6.00000000,-0.33999023,0.42539063,0.11875942,-1.90289855,0.03853422,0.07000000,0.00549451,-0.21219319,-0.06003710,0.02988493,-0.01229746,0.13788101,0.57944930,-1.87997913,0.23909438,0.00122106,-0.15805356,
10438,0.57717377,2.58584476,15.51850128,6.00000000,-0.09506836,0.07734375,0.53459471,-1.09049308,-0.12174744,0.07000000,0.00549451,0.01956078,-0.23999999,0.23999999,-0.01229746,-1.97047675,1.89542758,-1.08257127,-0.23531532,0.00122106,-0.23045635,
10445,-0.86054432,-0.61759722,4.30645466,5.00000000,-0.33032227,0.40444335,0.64092600,-0.70401520,-0.30058351,0.07000000,0.00549451,-0.00159724,-0.23999999,0.23999999,-0.01229746,-3.41909981,3.39815593,-0.71289659,-0.02451868,0.00122106,-0.31396869,
10454,-5.89674759,-3.68337250,4.15921116,6.00000000,-0.34804687,0.42539063,0.47185418,-0.31453577,-0.29997233,0.07000000,0.00549451,-0.16484955,0.23999999,-0.23999999,-0.01229746,-5.58854437,6.10341644,-0.29605147,0.37509108,0.00122106,-0.47111270,
10462,-5.11982918,-2.10679078,0.58347118,6.00000000,0.32548827,-0.40283203,0.48627898,0.75485849,-0.18617679,0.07000000,0.00549451,-0.46442676,0.23999999,-0.23999999,-0.01229746,-4.42440987,5.94284630,0.75423461,0.52205175,0.00122106,-0.33964127,
10470,-0.86652982,-2.18819356,-4.62032604,6.00000000,0.33515626,-0.41088867,0.25237706,0.92818028,-0.08413880,0.07000000,0.00549451,-0.23314936,0.23999999,-0.23999999,-0.01229746,-1.12224674,1.85877562,0.95071661,0.49744484,0.00122106,-0.04532781,
10478,-0.63908070,-0.26564956,-0.05697780,6.00000000,0.34643555,-0.42216796,-0.08262148,0.75076622,0.00396075,0.07000000,0.00549451,-0.08037953,0.23999999,-0.23999999,-0.01229746,1.52541780,-1.25314641,0.76510048,0.34463754,0.00122106,0.16373114,
10486,1.51689792,0.41550082,6.14041328,6.00000000,0.34482422,-0.43344727,-0.64841247,0.33843660,0.19829111,0.07000000,0.00549451,-0.02800732,0.23999999,-0.23999999,-0.01229746,3.87986708,-3.83623385,0.34362122,0.05504695,0.00122106,0.31885338,
10494,3.10066247,1.84723341,12.98783016,6.00000000,0.35610351,-0.43022460,-0.79003298,-0.28576431,0.38668746,0.07000000,0.00549451,0.13080484,0.05645224,-0.04044588,-0.01229746,5.54840136,-5.92539263,-0.27857423,-0.07351030,0.00122106,0.41370898,
10502,6.22868681,3.05031967,17.91988564,6.00000000,0.09667969,-0.09667969,-0.77768230,-1.41933000,0.35628289,0.07000000,0.00549451,0.25181913,-0.23999999,0.23999999,-0.01229746,5.63217783,-6.44899178,-1.41115713,-0.20080134,0.00122106,0.35206610,
10510,4.87835693,2.11777830,20.53136063,6.00000000,-0.32709962,0.39477539,-0.27293736,-2.36368847,0.18769126,0.07000000,0.00549451,-0.01705202,-0.23999999,0.23999999,-0.01229746,3.69660735,-3.63377547,-2.33533978,-0.26997581,0.00122106,0.10621542,
10517,-1.46867156,-0.66428417,20.53136063,5.00000000,-0.34965819,0.42861328,0.33523154,-2.43882322,0.07443908,0.07000000,0.00549451,-0.15557903,-0.23999999,0.23999999,-0.01229746,1.76452780,-1.27932644,-2.40351272,-0.07220238,0.00122106,-0.06714223,
10526,-0.27755621,0.10784589,15.19169235,6.00000000,-0.35771483,0.42216796,0.43969241,-1.48435354,-0.09504059,0.07000000,0.00549451,-0.15997216,-0.23999999,0.23999999,-0.01229746,-1.32819557,1.83434105,-1.46725273,-0.16134456,0.00122106,-0.23252928,
10534,-4.18489361,-0.27762058,6.41574669,6.00000000,-0.34965819,0.43344727,0.51988816,-0.78696102,-0.20331065,0.07000000,0.00549451,-0.36994743,0.06008323,-0.11076178,-0.01229746,-3.29169106,4.51167631,-0.79392898,0.26229173,0.00122106,-0.35774338,
10542,-4.73316574,-2.88251209,0.30574375,6.00000000,0.06284180,-0.17402343,0.58590090,0.06267812,-0.18701921,0.07000000,0.00549451,-0.40528259,0.23999999,-0.23999999,-0.01229746,-3.65297413,4.96022606,0.06318039,0.54931241,0.00122106,-0.32242864,
10550,-3.50374293,-2.29952383,-5.49899817,6.00000000,0.34321290,-0.41572267,0.68668556,0.63545626,-0.15358196,0.07000000,0.00549451,-0.24846078,0.23999999,-0.23999999,-0.01229746,-1.46956718,2.25147462,0.64336818,0.82220912,0.00122106,-0.09644970,
10558,-0.51937062,-2.38332105,-3.99065113,6.00000000,0.34643555,-0.43022460,0.20236675,0.59895277,-0.05949111,0.07000000,0.00549451,-0.09916005,0.23999999,-0.23999999,-0.01229746,1.65108144,-1.31772363,0.61501718,0.53491831,0.00122106,0.15663692,
10566,-1.05806601,-0.73970151,1.99964142,6.00000000,0.34482422,-0.42216796,-0.13855377,0.37008646,0.10455347,0.07000000,0.00549451,-0.15251385,0.23999999,-0.23999999,-0.01229746,4.16959143,-3.68089938,0.37787682,0.38079289,0.00122106,0.32879579,
10574,2.13340497,3.65246153,7.97078037,6.00000000,0.34643555,-0.42700195,-0.84567493,-0.08242691,0.40961707,0.07000000,0.00549451,-0.13160418,0.12526083,-0.14501613,-0.01229746,6.46120930,-5.95680857,-0.08473128,-0.05238739,0.00122106,0.46969387,
10582,7.15644026,1.77421033,13.05127621,6.00000000,0.19819336,-0.26748046,-0.99038702,-1.00497627,0.62636346,0.07000000,0.00549451,-0.00974122,-0.23999999,0.23999999,-0.01229746,7.32165623,-7.36354399,-1.00569797,-0.58068448,0.00122106,0.48511785,
10589,6.63570118,2.75942421,18.32450485,5.00000000,-0.30937499,0.39316407,-0.87708038,-1.96300244,0.48390153,0.07000000,0.00549451,0.04191676,-0.23999999,0.23999999,-0.01229746,5.40528488,-5.53443909,-1.90351367,-0.31912646,0.00122106,0.27224267,
10598,-5.33530712,0.59027755,20.53136063,6.00000000,-0.34482422,0.43828124,-0.14765869,-2.29580355,0.26578367,0.07000000,0.00549451,-0.21984336,0.12672520,-0.15855914,-0.01229746,3.19220710,-2.50803804,-2.26837325,0.35838145,0.00122106,0.04699427,
10606,1.61984861,3.67400932,17.44463730,6.00000000,0.17563477,-0.25136718,0.34657884,-1.46557772,0.06678958,0.07000000,0.00549451,0.24061991,-0.23999999,0.23999999,-0.01229746,1.34913957,-2.11184835,-1.45485294,-0.41507322,0.00122106,0.02179026,
10614,4.57788467,-1.11080277,1.78296626,6.00000000,-0.32387695,0.40283203,0.79893738,-1.38363934,-0.17125392,0.07000000,0.00549451,0.36902454,-0.23999999,0.23999999,-0.01229746,-0.48345622,-0.69638640,-1.39543831,-0.72945035,0.00122106,-0.09866332,
10622,-8.32805920,-3.53852320,10.13035011,6.00000000,-0.35610351,0.43183595,0.44495055,-1.21585333,-0.31040666,0.07000000,0.00549451,0.11014286,0.05428188,-0.04012445,-0.01229746,-1.73834789,1.37357402,-1.23225212,0.24314791,0.00122106,-0.21364909,
10630,-2.93631721,-1.36099684,1.40109098,6.00000000,0.06123047,-0.05317383,0.51280063,0.14856450,-0.10109104,0.07000000,0.00549451,-0.30433640,0.08145289,-0.12320686,-0.01229746,-1.78896248,2.76983738,0.13162875,0.09769502,0.00122106,-0.16263215,
10638,-3.53845882,-3.95272017,-1.40371621,6.00000000,0.11118164,-0.21430664,0.07823257,0.44384143,-0.01062645,0.07000000,0.00549451,-0.27863827,0.23999999,-0.23999999,-0.01229746,-0.39618975,1.30201554,0.45532015,0.40560982,0.00122106,-0.03038174,
10646,-1.13707459,-0.95039123,-0.60884130,6.00000000,0.33999023,-0.42216796,-0.08575162,0.58917785,0.06215449,0.07000000,0.00549451,-0.26272741,0.23999999,-0.23999999,-0.01229746,1.91986215,-1.02974427,0.59837717,0.28457838,0.00122106,0.16100967,
10654,0.22522613,-0.32909590,1.44777799,6.00000000,0.35610351,-0.42216796,-0.31355718,0.40928787,0.17253044,0.07000000,0.00549451,-0.15262154,0.23999999,-0.23999999,-0.01229746,4.17133713,-3.65821028,0.41785729,0.15827036,0.00122106,0.33394575,
10661,2.42430043,1.16129470,7.92888212,5.00000000,0.36738282,-0.42700195,-0.57970583,-0.16986267,0.27292231,0.07000000,0.00549451,0.03699555,0.06523269,-0.06200480,-0.01229746,5.88525057,-5.98473406,-0.16939887,-0.08415899,0.00122106,0.43928814,
10670,6.68478251,1.80054653,13.19373131,6.00000000,0.11440430,-0.11601563,-0.61799932,-1.15914965,0.28260678,0.07000000,0.00549451,0.23058736,-0.23999999,0.23999999,-0.01229746,6.15054035,-6.90277719,-1.15663540,-0.38049766,0.00122106,0.40981168,
10678,4.98011065,2.77139521,20.53136063,6.00000000,-0.32871094,0.39960939,-0.42128715,-2.03892565,0.18899167,0.07000000,0.00549451,-0.13845530,-0.23999999,0.23999999,-0.01229746,4.79092884,-4.33365250,-2.01439691,-0.17874528,0.00122106,0.19145709,
10686,-1.69133234,1.17565989,20.53136063,6.00000000,-0.33837891,0.41894531,0.08888629,-2.10915613,0.12366465,0.07000000,0.00549451,-0.30415606,-0.23999999,0.23999999,-0.01229746,2.75063896,-1.73660266,-2.07942677,-0.04720737,0.00122106,0.01503983,
10694,1.46542263,1.25945687,17.98812103,6.00000000,-0.34804687,0.42377931,0.35716403,-1.32171571,-0.02089893,0.07000000,0.00549451,-0.32510096,-0.23999999,0.23999999,-0.01229746,-0.21991149,1.24965572,-1.30233753,-0.28106058,0.00122106,-0.15318008,
10702,-3.43191695,1.01644540,9.79635906,6.00000000,-0.35288087,0.43183595,0.51632220,-0.53187639,-0.11941982,0.07000000,0.00549451,-0.44576615,0.10218666,-0.16326906,-0.01229746,-2.23751211,3.66868210,-0.53549206,0.23605156,0.00122106,-0.26796973,
10710,-3.94427609,-2.13432407,2.70593095,6.00000000,0.12890625,-0.27553710,0.57397485,0.26264215,-0.10115620,0.07000000,0.00549451,-0.51050478,0.23999999,-0.23999999,-0.01229746,-2.04727125,3.70882463,0.26665914,0.47256708,0.00122106,-0.19700056,
10718,-2.76273751,-2.79512358,-3.44477320,6.00000000,0.34321290,-0.41088867,0.61682761,0.68534708,-0.05812715,0.07000000,0.00549451,-0.08458799,0.23999999,-0.23999999,-0.01229746,-0.06981317,0.32288590,0.70038092,0.73548841,0.00122106,0.03470534,
10726,-2.40001607,-2.33184552,-1.78918278,6.00000000,0.33354491,-0.42861328,-0.00289147,0.52922249,-0.01056456,0.07000000,0.00549451,0.06716524,0.23999999,-0.23999999,-0.01229746,2.77856421,-2.99149418,0.54049134,0.61826289,0.00122106,0.26162386,
10733,0.10551605,-2.19298196,1.48847938,5.00000000,0.34965819,-0.41894531,-0.26028103,0.30089602,0.12394817,0.07000000,0.00549451,0.15588611,0.23999999,-0.23999999,-0.01229746,5.21329880,-5.68802786,0.30661267,0.29986897,0.00122106,0.44096828,
10742,2.45183372,1.67365384,6.29603624,6.00000000,0.34321290,-0.44311523,-0.67095721,-0.15797889,0.24658544,0.07000000,0.00549451,0.24057354,0.23999999,-0.23999999,-0.01229746,7.38099718,-8.15243340,-0.15375546,0.09495175,0.00122106,0.57794982,
10750,7.12052727,2.67682433,10.63073826,6.00000000,0.36577147,-0.43505859,-0.74171400,-1.06009102,0.31942874,0.07000000,0.00549451,0.39194831,-0.22169480,0.23999999,-0.01229746,8.92561340,-10.20319462,-1.05374002,-0.26584393,0.00122106,0.64709753,
10758,10.08933735,3.36276317,15.73996544,6.00000000,-0.30292970,0.39155275,-0.48088536,-2.33816910,0.21451370,0.07000000,0.00549451,0.46718714,-0.23999999,0.23999999,-0.01229746,7.38797855,-8.87674427,-2.31279564,-0.42513981,0.00122106,0.44294420,
10766,3.16410875,0.28741103,20.53136063,6.00000000,-0.36577147,0.43183595,-0.18486252,-2.94392610,0.06655313,0.07000000,0.00549451,-0.06344360,-0.23999999,0.23999999,-0.01229746,5.38783169,-5.17839193,-2.90553474,-0.38255134,0.00122106,0.17862105,
10774,0.18572180,0.69203109,20.53136063,6.00000000,-0.33676758,0.43344727,0.56566805,-2.15486503,-0.02020553,0.07000000,0.00549451,-0.17365065,-0.23999999,0.23999999,-0.01229746,2.60752177,-2.15373635,-2.11950827,-0.19409791,0.00122106,0.01825841,
10782,-0.08362588,0.93384546,11.26998997,6.00000000,-0.35449219,0.42861328,0.20128453,-1.45636988,-0.16826001,0.07000000,0.00549451,-0.29360121,-0.23999999,0.23999999,-0.01229746,0.15882497,0.75049156,-1.45318604,-0.17884451,0.00122106,-0.13489439,
10790,-3.03328228,-1.87215889,5.84233522,6.00000000,-0.34965819,0.41733399,0.53646779,-0.45099679,-0.16010593,0.07000000,0.00549451,-0.57079160,0.07635587,-0.15452681,-0.01229746,-1.54112577,3.37546659,-0.45551443,0.19887476,0.00122106,-0.22158608,
10798,-3.03088808,-1.49507213,0.88992900,6.00000000,0.09345703,-0.25620118,0.34227443,0.27343732,-0.05441816,0.07000000,0.00549451,-0.41485107,0.23999999,-0.23999999,-0.01229746,-2.03505397,3.41037321,0.27529231,0.33548361,0.00122106,-0.18686441,
10805,-2.42754936,-1.04256797,-4.01459312,5.00000000,0.32709962,-0.41249999,0.29853266,0.69665742,-0.04346660,0.07000000,0.00549451,-0.25867212,0.23999999,-0.23999999,-0.01229746,0.21642081,0.60039330,0.70542908,0.51451838,0.00122106,0.03812610,
10814,0.18332760,-1.35740554,-2.35182023,6.00000000,0.35288087,-0.43344727,0.14058436,0.63967854,0.03921700,0.07000000,0.00549451,-0.18993604,0.23999999,-0.23999999,-0.01229746,3.20267916,-2.57785130,0.65453410,0.33115393,0.00122106,0.26734981,
10822,1.95144558,-1.31790125,2.16244721,6.00000000,0.35126954,-0.43344727,-0.22273502,0.28517738,0.17549846,0.07000000,0.00549451,-0.12456127,0.23999999,-0.23999999,-0.01229746,5.55538273,-5.15221214,0.29446089,0.02494633,0.00122106,0.42817086,
10830,4.50246763,1.11101639,7.95880938,6.00000000,0.36899415,-0.44472656,-0.69801450,-0.36994898,0.38433826,0.07000000,0.00549451,-0.07591489,-0.23994164,0.22750726,-0.01229746,7.43859339,-7.19424725,-0.37001723,-0.30299583,0.00122106,0.52740401,
10838,8.84674644,2.15129709,13.00099850,6.00000000,-0.32226563,0.37221679,-0.72911841,-1.40904605,0.48889485,0.07000000,0.00549451,-0.08246068,-0.23999999,0.23999999,-0.01229746,6.30063868,-5.98647928,-1.42638707,-0.68825436,0.00122106,0.35772032,
10846,3.67527080,1.65689445,20.53136063,6.00000000,-0.35610351,0.42216796,-0.53825963,-1.91346514,0.37618607,0.07000000,0.00549451,-0.35320130,-0.23999999,0.23999999,-0.01229746,4.38601255,-3.25852966,-1.89262581,-0.48134318,0.00122106,0.14878637,
10854,3.10545087,2.85160112,20.20515060,6.00000000,-0.34160155,0.42700195,0.28435788,-1.02386153,0.20112810,0.07000000,0.00549451,-0.40279663,-0.23999999,0.23999999,-0.01229746,1.33343160,-0.09250245,-1.00481629,-0.41237649,0.00122106,-0.01847225,
10862,0.32697970,1.43303657,14.95466709,6.00000000,-0.36093751,0.42539063,0.28856340,-0.51386088,-0.03124139,0.07000000,0.00549451,-0.49228323,-0.23999999,0.23999999,-0.01229746,-0.81681406,2.37364769,-0.51141775,-0.15204853,0.00122106,-0.15911883,
10870,-1.54169476,-2.18340516,9.19780922,6.00000000,-0.35610351,0.43022460,0.64136159,0.34857750,-0.03840332,0.07000000,0.00549451,-0.71753627,0.14533594,-0.23999999,-0.01229746,-2.37364769,4.71238899,0.35636872,0.16085638,0.00122106,-0.23922415,
10877,-2.65380144,-3.04172635,4.37708378,5.00000000,0.18852539,-0.38349611,0.32567874,0.98517728,0.00880568,0.07000000,0.00549451,-0.55212504,0.23999999,-0.23999999,-0.01229746,-2.43124366,4.27431107,1.00513613,0.27677974,0.00122106,-0.17645860,
10886,-0.64985460,-1.44838524,-2.37576222,6.00000000,0.33999023,-0.41733399,0.18694958,1.26605177,0.06239526,0.07000000,0.00549451,-0.08482313,0.23999999,-0.23999999,-0.01229746,0.13613568,0.13089970,1.28956485,0.35171980,0.00122106,0.09920508,
10894,-0.57683146,-1.89370668,1.09583032,6.00000000,0.35610351,-0.42216796,-0.22728305,0.91425925,0.03500253,0.07000000,0.00549451,0.06082286,0.23999999,-0.23999999,-0.01229746,2.72271371,-2.90946388,0.93125838,0.29301023,0.00122106,0.28542775,
10902,2.61344242,-0.08608444,3.25899148,6.00000000,0.34643555,-0.42539063,-0.16023749,0.51052791,0.06286664,0.07000000,0.00549451,0.18858406,0.23999999,-0.23999999,-0.01229746,5.12952280,-5.76133204,0.51939178,-0.01403651,0.00122106,0.45271480,
10910,4.67724419,2.15608549,7.16632891,6.00000000,0.35932618,-0.43022460,-0.28081533,-0.13608707,0.10681308,0.07000000,0.00549451,0.33526438,0.00243056,0.04112716,-0.01229746,7.05462122,-8.12276268,-0.12987387,-0.19135100,0.00122106,0.57164967,
10918,8.54148579,2.14770579,11.55609798,6.00000000,0.02255859,0.04028320,-0.19192293,-1.12126350,0.18074371,0.07000000,0.00549451,0.26296744,-0.23999999,0.23999999,-0.01229746,7.52760506,-8.37932587,-1.11310029,-0.49385956,0.00122106,0.52153450,
10926,9.03469086,0.51126885,15.79862309,6.00000000,-0.32709962,0.39799803,-0.19748491,-2.01444507,0.23999529,0.07000000,0.00549451,-0.08660501,-0.23999999,0.23999999,-0.01229746,4.69319010,-4.45582581,-1.99889386,-0.74858874,0.00122106,0.19576496,
10934,-3.22122717,0.61062825,20.53136063,6.00000000,-0.34643555,0.42377931,-0.29674515,-2.08800459,0.15353321,0.07000000,0.00549451,-0.27204791,0.04779875,-0.08667847,-0.01229746,3.30739903,-2.42426229,-2.06903172,0.27453697,0.00122106,0.06079114,
10942,2.47338152,2.76780391,15.02888680,6.00000000,0.05639648,-0.14179687,0.24884456,-1.04141319,0.10701066,0.07000000,0.00549451,-0.37577668,-0.23999999,0.23999999,-0.01229746,2.43822503,-1.23220241,-1.03879952,-0.43256029,0.00122106,0.05839653,
10949,1.29423714,-0.26086116,5.16477633,5.00000000,-0.32548827,0.40444335,0.36322117,-0.78467375,-0.05962856,0.07000000,0.00549451,-0.02883661,-0.18214636,0.17719173,-0.01229746,0.31939524,-0.23038346,-0.79149860,-0.03220153,0.00122106,-0.03724134,
10958,-4.06877470,-0.56492478,7.46440697,6.00000000,-0.28037110,0.31259766,0.11089204,-0.36449459,-0.18332280,0.07000000,0.00549451,-0.21753253,0.15188542,-0.18208545,-0.01229746,-1.20776784,1.93207943,-0.36428592,0.20138630,0.00122106,-0.14754266,
10966,-2.06841898,-2.00264287,3.35236549,6.00000000,0.19658203,-0.29326171,0.27764755,0.46997842,-0.10032963,0.07000000,0.00549451,-0.27308011,0.23999999,-0.23999999,-0.01229746,-0.65973443,1.53763509,0.46971786,0.15647486,0.00122106,-0.04821407,
10974,-0.55528361,-1.05453908,0.21236989,6.00000000,0.33515626,-0.41249999,0.00428261,0.63936734,-0.11827438,0.07000000,0.00549451,-0.05344793,0.23999999,-0.23999999,-0.01229746,1.77325451,-1.60221231,0.64804024,0.20041534,0.00122106,0.17699140,
10982,3.06235504,-1.15629256,2.27617168,6.00000000,0.35771483,-0.43183595,-0.11032144,0.29449129,-0.05208182,0.07000000,0.00549451,0.07521585,0.09020475,-0.08133455,-0.01229746,4.01425743,-4.29700041,0.30685019,-0.09637043,0.00122106,0.34209868,
10990,4.79815149,0.24311829,6.76769400,6.00000000,0.14179687,-0.15468749,-0.36624685,-0.33656004,0.01469733,0.07000000,0.00549451,0.11796653,-0.21128541,0.22559114,-0.01229746,5.15744781,-5.53967476,-0.33511481,-0.24985839,0.00122106,0.38119400,
10998,7.08940220,1.80772913,11.27358150,6.00000000,-0.28681642,0.36899415,-0.47579578,-1.06196058,0.07555046,0.07000000,0.00549451,-0.14432938,-0.23999999,0.23999999,-0.01229746,3.73325920,-3.26900172,-1.05793750,-0.54766369,0.00122106,0.18906619,
11006,0.18572180,1.64133203,20.53136063,6.00000000,-0.35449219,0.43022460,-0.25280803,-1.21566653,0.11112811,0.07000000,0.00549451,-0.32348025,-0.23999999,0.23999999,-0.01229746,2.33001447,-1.28456235,-1.20334458,-0.14687786,0.00122106,0.04339504,
11014,3.54358959,2.18242168,18.43344116,6.00000000,-0.35126954,0.42539063,0.01150023,-0.24738622,0.03042471,0.07000000,0.00549451,-0.46708667,-0.23999999,0.23999999,-0.01229746,-0.03316126,1.53239918,-0.24004573,-0.54007781,0.00122106,-0.07555075,
11021,0.12586677,-0.12080037,14.61468983,5.00000000,-0.35610351,0.42700195,0.22747983,0.34079152,-0.10886378,0.07000000,0.00549451,-0.61515045,-0.23999999,0.16024956,-0.01229746,-1.63013756,3.62330365,0.34348932,-0.14467612,0.00122106,-0.17807055,
11030,-0.15425484,-1.41845775,9.85142612,6.00000000,-0.35126954,0.29165038,0.40281394,0.91441923,-0.11204322,0.07000000,0.00549451,-0.60262948,0.00007585,-0.08182032,-0.01229746,-3.59363294,5.58505344,0.92151660,-0.00886180,0.00122106,-0.27607113,
11038,-1.94032931,-2.54492950,6.29364204,6.00000000,-0.00805664,-0.13051757,0.15653218,1.53077829,-0.09707962,0.07000000,0.00549451,-0.37195611,0.23999999,-0.23999999,-0.01229746,-4.01425743,5.23249674,1.54690981,0.08304916,0.00122106,-0.23301911,
11046,-1.11792099,-1.09164917,2.58981228,6.00000000,0.32226563,-0.41572267,0.06340869,1.80074584,-0.02893733,0.07000000,0.00549451,-0.11428267,0.23999999,-0.23999999,-0.01229746,-1.85353959,2.22180414,1.81910896,0.16947171,0.00122106,-0.01841104,
11054,1.95623398,-2.03975296,0.14652935,6.00000000,0.33515626,-0.42700195,-0.01352550,1.51135409,0.05027090,0.07000000,0.00549451,-0.01612055,0.23999999,-0.23999999,-0.01229746,1.14493597,-1.07861352,1.53702700,0.00604761,0.00122106,0.19642790,
11062,3.54358959,0.85842812,3.53671885,6.00000000,0.34965819,-0.42055663,-0.29963648,0.86983436,0.06853315,0.07000000,0.00549451,0.14444539,0.10412952,-0.08555190,-0.01229746,3.31787109,-3.73849511,0.87467945,-0.15765005,0.00122106,0.33374226,
11070,5.56549311,1.96215510,7.27047634,6.00000000,0.15146485,-0.15468749,-0.26252854,0.00152795,0.07283134,0.07000000,0.00549451,0.17118227,-0.23999999,0.23999999,-0.01229746,4.42266417,-4.98291492,0.00657171,-0.31073362,0.00122106,0.35723358,
11078,8.20270634,1.35043657,10.11718273,6.00000000,-0.32548827,0.39155275,-0.11430057,-0.93074763,0.06467749,0.07000000,0.00549451,0.05694056,-0.23999999,0.23999999,-0.01229746,2.46615028,-2.65464592,-0.92818165,-0.70999283,0.00122106,0.11564291,
11086,0.04685811,0.78420788,20.53136063,6.00000000,-0.36577147,0.43666992,-0.11006869,-1.33798265,0.03527935,0.07000000,0.00549451,-0.14559516,-0.23999999,0.23999999,-0.01229746,1.11701071,-0.64053583,-1.32668626,-0.03871143,0.00122106,-0.03148595,
11093,2.29142213,1.14094388,17.29739380,5.00000000,-0.35610351,0.42539063,0.06080437,-0.45754907,0.03051547,0.07000000,0.00549451,-0.25333875,-0.23999999,0.23999999,-0.01229746,-0.87964594,1.68075216,-0.44644552,-0.46020100,0.00122106,-0.13152641,
11102,-0.83779943,0.11502850,12.94353771,6.00000000,-0.35126954,0.43666992,0.11285918,0.17087160,-0.05431993,0.07000000,0.00549451,-0.35923332,-0.21790209,0.16885746,-0.01229746,-2.66686320,3.85368705,0.17122665,-0.09855139,0.00122106,-0.23593715,
11110,-0.91082257,0.34846318,8.24850750,6.00000000,-0.33193359,0.30454102,0.23147947,0.78154624,-0.08327002,0.07000000,0.00549451,-0.43876660,-0.08395213,0.02455986,-0.01229746,-4.30223656,5.74213314,0.78090286,-0.04524089,0.00122106,-0.32422531,
11118,-2.36051178,-1.58485472,5.23779917,6.00000000,-0.14018555,0.06284180,0.20267063,1.46471560,-0.07589997,0.07000000,0.00549451,-0.33482778,0.23999999,-0.23999999,-0.01229746,-5.11556005,6.20813656,1.47487915,0.12939230,0.00122106,-0.31774646,
11126,-1.29988039,-1.18981147,3.78691292,6.00000000,0.32387695,-0.39799803,0.17079912,1.79439723,-0.01945391,0.07000000,0.00549451,-0.20096654,0.23999999,-0.23999999,-0.01229746,-3.33706951,3.97935081,1.80825078,0.15565456,0.00122106,-0.13936357,
11134,1.26790094,-1.86737049,-0.23175453,6.00000000,0.33515626,-0.41249999,0.01533260,1.71167517,0.04197657,0.07000000,0.00549451,0.10705778,0.23999999,-0.23999999,-0.01229746,-0.55501467,0.23038346,1.73833144,0.07542326,0.00122106,0.09657401,
11142,3.56034899,0.88356727,4.77332401,6.00000000,0.34482422,-0.42539063,-0.29578933,0.96023262,0.09618253,0.07000000,0.00549451,0.25193292,0.16416644,-0.13069403,-0.01229746,1.73834789,-2.55341673,0.97335976,-0.10129900,0.00122106,0.23779766,
11150,5.73069286,1.27741337,8.69622326,6.00000000,0.24331054,-0.24008790,-0.38510153,-0.01972054,0.15919681,0.07000000,0.00549451,0.31591180,-0.17135446,0.21299317,-0.01229746,3.15206480,-4.16086483,-0.01554763,-0.23718202,0.00122106,0.27619886,
11158,7.68196726,2.27459836,10.68700218,6.00000000,-0.22397462,0.34643555,-0.26259071,-1.07065284,0.14957541,0.07000000,0.00549451,0.13678144,-0.23999999,0.23999999,-0.01229746,1.87099290,-2.31256127,-1.06289995,-0.49400496,0.00122106,0.07407880,
11165,1.63062251,1.79336393,20.53136063,5.00000000,-0.35610351,0.43183595,-0.20130773,-1.74413490,0.09301264,0.07000000,0.00549451,-0.16380304,-0.23999999,0.23999999,-0.01229746,0.81855947,-0.28274336,-1.72598684,-0.20766416,0.00122106,-0.08905141,
11174,1.92271519,0.82131803,16.85326958,6.00000000,-0.34643555,0.42539063,0.10839526,-0.66035610,-0.00739120,0.07000000,0.00549451,-0.09104148,-0.23999999,0.23999999,-0.01229746,-1.63886416,1.92858887,-0.64575243,-0.38985717,0.00122106,-0.18705055,
11182,-0.24403740,0.55915290,13.14943886,6.00000000,-0.36254883,0.43505859,0.17799824,-0.20137617,-0.18799111,0.07000000,0.00549451,-0.18878704,-0.23999999,0.23999999,-0.01229746,-3.33008838,3.95840669,-0.19867912,-0.16023603,0.00122106,-0.29263598,
11190,-0.43317932,0.24790670,8.37061214,6.00000000,-0.35932618,0.42539063,0.38742658,0.56983376,-0.24264623,0.07000000,0.00549451,-0.46818161,-0.22998123,0.16662440,-0.01229746,-4.90437508,6.42455721,0.56926680,-0.10395436,0.00122106,-0.38579690,
11198,-2.90519261,-2.44197893,6.58094645,6.00000000,-0.35449219,0.29809570,0.27798519,1.29536366,-0.22461066,0.07000000,0.00549451,-0.54327190,0.21827753,-0.23999999,-0.01229746,-6.51356888,8.25366211,1.30712879,0.15756357,0.00122106,-0.46226299,
11206,-1.94870901,-1.45796204,5.90578175,6.00000000,0.28359374,-0.39638671,0.08402051,1.95137978,-0.10226554,0.07000000,0.00549451,-0.42011932,0.23999999,-0.23999999,-0.01229746,-5.56061888,6.92197609,1.96364212,0.09722000,0.00122106,-0.32646012,
11214,1.14340246,-1.03538537,1.60699236,6.00000000,0.33354491,-0.41411132,-0.00888484,1.99867284,-0.00527389,0.07000000,0.00549451,-0.08889323,0.23999999,-0.23999999,-0.01229746,-2.80474401,3.09272337,2.02387142,0.07066740,0.00122106,-0.07709308,
11222,3.41909122,0.31853566,4.56981707,6.00000000,0.33999023,-0.41894531,-0.30875593,1.26566708,0.01487001,0.07000000,0.00549451,0.13873653,0.08943267,-0.07095826,-0.01229746,0.02443461,-0.46600291,1.26214027,-0.14640671,0.00122106,0.11329390,
11230,6.17481756,0.36163127,7.68587065,6.00000000,0.13535157,-0.14179687,-0.39151189,0.31903487,0.03958867,0.07000000,0.00549451,0.29003257,-0.23999999,0.23999999,-0.01229746,1.19380522,-2.13628292,0.32204545,-0.34913808,0.00122106,0.15134767,
11237,7.10975313,2.70076632,10.44518757,5.00000000,-0.32065430,0.38833007,-0.36852700,-0.49092996,0.00092829,0.07000000,0.00549451,0.23236907,-0.23999999,0.23999999,-0.01229746,-0.83601272,0.07155850,-0.48422045,-0.50243998,0.00122106,-0.07096554,
11246,-1.25319338,2.51521564,20.53136063,6.00000000,-0.37060547,0.44150391,-0.15999590,-0.92350399,-0.05601909,0.07000000,0.00549451,-0.18701655,-0.23999999,0.21780130,-0.01229746,-1.40149939,2.00712872,-0.91159981,-0.00244421,0.00122106,-0.20102082,
11254,5.16326714,-0.68822616,15.38083458,6.00000000,-0.34482422,0.38671875,0.26202366,-0.02684897,-0.07544012,0.07000000,0.00549451,-0.10001464,-0.23999999,0.23999999,-0.01229746,-3.92175484,4.28129292,-0.02055794,-0.70756829,0.00122106,-0.31410182,
11262,-1.14784849,0.85483682,15.35928726,6.00000000,-0.35610351,0.42700195,0.10432065,0.29677197,-0.19380805,0.07000000,0.00549451,-0.27214763,-0.08106005,0.04432075,-0.01229746,-5.22377014,6.09992552,0.29630357,0.03614467,0.00122106,-0.41044211,
11270,-0.45951554,0.34008345,8.31195450,6.00000000,-0.12568359,0.08540039,0.34869632,1.08527112,-0.15279642,0.07000000,0.00549451,-0.36416155,-0.10125086,0.05237634,-0.01229746,-6.02138615,7.18726587,1.08473456,-0.06825466,0.00122106,-0.42218226,
11278,-1.02933550,-1.97271538,3.20272779,6.00000000,-0.13857421,0.09667969,0.20251469,1.45830607,-0.17751268,0.07000000,0.00549451,-0.01371142,0.21395387,-0.21494715,-0.01229746,-6.93070269,6.97782612,1.47344398,0.09327679,0.00122106,-0.41737923,
11286,-1.45310926,-0.56372768,3.77374482,6.00000000,0.28520507,-0.35932618,0.00338221,1.59618652,-0.08777375,0.07000000,0.00549451,-0.08168557,0.23999999,-0.23999999,-0.01229746,-5.06320047,5.32848978,1.60762775,0.10404765,0.00122106,-0.27506137,
11294,1.89159048,-2.27079344,0.06512649,6.00000000,0.33837891,-0.42216796,0.12065758,1.59825242,0.04746218,0.07000000,0.00549451,0.13751976,0.23999999,-0.23688832,-0.01229746,-2.34572244,1.91986215,1.61970472,-0.01990196,0.00122106,-0.04531460,
11302,3.57830572,0.06834157,3.99161720,6.00000000,0.34965819,-0.42861328,-0.31560341,0.89208931,0.05539612,0.07000000,0.00549451,0.23018914,0.07682335,-0.04605183,-0.01229746,0.16755162,-0.91804314,0.90433836,-0.11388857,0.00122106,0.10786621,
11309,5.69956827,-0.18304960,7.78283548,5.00000000,0.12407227,-0.09506836,-0.48110908,0.01089060,0.06859406,0.07000000,0.00549451,0.34183967,-0.23019880,0.23999999,-0.01229746,0.98785633,-2.08392310,0.01263672,-0.23506731,0.00122106,0.11951347,
11318,8.61211491,2.01841879,10.48948097,6.00000000,-0.31420898,0.40605468,-0.35585460,-0.83843702,0.01843548,0.07000000,0.00549451,0.26347110,-0.23999999,0.23999999,-0.01229746,-1.34564888,0.49567351,-0.83066374,-0.61883175,0.00122106,-0.13662204,
11326,0.78786355,3.29093695,20.53136063,6.00000000,-0.35771483,0.43344727,0.01027312,-1.12784779,-0.03400245,0.07000000,0.00549451,-0.10191160,-0.23999999,0.23999999,-0.01229746,-1.95476878,2.28289080,-1.10925484,-0.20340064,0.00122106,-0.24708843,
11334,4.73231077,-0.78878266,16.60068130,6.00000000,-0.34321290,0.43505859,0.27436981,-0.18355459,-0.03732770,0.07000000,0.00549451,-0.06285184,-0.23999999,0.23999999,-0.01229746,-4.53436518,4.73507786,-0.17329478,-0.66924983,0.00122106,-0.36197582,
11342,-0.17340845,0.46458194,14.37407303,6.00000000,-0.35126954,0.43666992,0.10167806,0.20551158,-0.10620369,0.07000000,0.00549451,-0.27058583,-0.23999999,0.23999999,-0.01229746,-6.00393248,6.84518147,0.20603630,-0.11447901,0.00122106,-0.47312543,
11350,0.11150155,0.65731519,6.62284517,6.00000000,-0.34482422,0.42700195,0.27463785,0.98013252,-0.11308742,0.07000000,0.00549451,-0.47711253,-0.23999999,0.23916258,-0.01229746,-7.83478308,9.39336205,0.97937047,-0.14603373,0.00122106,-0.58015400,
11358,-2.60112906,-1.03538537,4.47285175,6.00000000,-0.35449219,0.41733399,0.23268420,1.67532837,-0.11603336,0.07000000,0.00549451,-0.64104468,0.11365345,-0.19935808,-0.01229746,-9.63596249,11.69196129,1.68792868,0.10935368,0.00122106,-0.68403053,
11366,-2.08039021,-0.83068115,4.08738518,6.00000000,0.14501953,-0.33193359,0.15172991,2.36439824,-0.01727456,0.07000000,0.00549451,-0.49933171,0.23999999,-0.23999999,-0.01229746,-9.51902580,11.15788937,2.38103151,0.12567405,0.00122106,-0.60394645,
11374,-0.98504281,0.08749519,2.23547029,6.00000000,0.34160155,-0.42055663,0.17751203,2.54062796,-0.00008554,0.07000000,0.00549451,-0.12974820,0.23999999,-0.23999999,-0.01229746,-6.86787081,7.28849506,2.56561828,0.29293847,0.00122106,-0.34047902,
11381,3.38557243,-1.18502307,1.22152591,5.00000000,0.34321290,-0.41572267,-0.02334682,2.15264869,0.04306487,0.07000000,0.00549451,0.04587993,0.19633955,-0.18950972,-0.01229746,-4.09454250,3.95491624,2.18487716,-0.09848550,0.00122106,-0.14080329,
11390,3.88236928,-1.04975057,8.21618652,6.00000000,0.28359374,-0.33193359,-0.28192437,1.26939762,0.16079699,0.07000000,0.00549451,0.13378674,0.01969757,-0.00163795,-0.01229746,-1.48702049,1.06814146,1.27229476,-0.16212758,0.00122106,-0.00010864,
11398,6.66682577,1.70836973,10.73368931,6.00000000,0.03061523,-0.01127930,-0.46398157,0.28446424,0.24211177,0.07000000,0.00549451,0.07687268,-0.23999999,0.23999999,-0.01229746,-0.38746309,0.13439035,0.28385895,-0.39439356,0.00122106,0.00203713,
11406,8.10693836,1.98130870,13.06444454,6.00000000,-0.33354491,0.41088867,-0.30132720,-0.64201134,0.24163456,0.07000000,0.00549451,-0.00733607,-0.23999999,0.23999999,-0.01229746,-2.40331841,2.42949820,-0.64127469,-0.74406803,0.00122106,-0.22918074,
11414,-0.24284029,0.02644304,20.53136063,6.00000000,-0.35771483,0.42700195,-0.09080455,-1.06828201,0.12173133,0.07000000,0.00549451,-0.14517395,-0.23999999,0.23999999,-0.01229746,-3.47495055,4.01600266,-1.10215354,0.00751996,0.00122106,-0.36908498,
11422,1.64019930,1.01764250,16.08951759,6.00000000,-0.34482422,0.42055663,0.44986612,-0.26815066,0.02946102,0.07000000,0.00549451,-0.16073886,-0.23999999,0.23999999,-0.01229746,-5.87652397,6.39139605,-0.26135033,-0.35685092,0.00122106,-0.48810703,
11430,-2.55324483,0.88237017,10.89649487,6.00000000,-0.35288087,0.43828124,0.28911743,0.19524999,-0.14749362,0.07000000,0.00549451,-0.26237178,-0.11873157,0.08370619,-0.01229746,-7.67770338,8.53291416,0.19474539,0.08167052,0.00122106,-0.60222638,
11438,-1.99419880,-0.78878266,5.70586586,6.00000000,-0.17724609,0.15468749,0.53312147,0.90643966,-0.14465742,0.07000000,0.00549451,-0.35786831,0.05607498,-0.10368276,-0.01229746,-8.75108051,9.90997887,0.90928227,0.13685814,0.00122106,-0.64147043,
11446,-2.85012603,-2.28874993,1.69438076,6.00000000,0.05800781,-0.17241211,0.35278639,1.44982409,-0.10641026,0.07000000,0.00549451,-0.18173340,0.23999999,-0.23999999,-0.01229746,-8.44041252,9.02509689,1.46556020,0.33218437,0.00122106,-0.55265749,
11453,-2.04327989,-1.85300529,-0.16591398,5.00000000,0.33354491,-0.40766603,0.12657608,1.77961075,-0.02647234,0.07000000,0.00549451,-0.06315880,0.23999999,-0.23999999,-0.01229746,-6.24653339,6.44201040,1.80060339,0.36015072,0.00122106,-0.34637982,
11462,0.92792434,-2.69097590,0.90189999,6.00000000,0.34321290,-0.42861328,-0.13411753,1.46318448,0.04071867,0.07000000,0.00549451,0.17394528,0.23999999,-0.23999999,-0.01229746,-2.96880507,2.38586497,1.53820670,0.15027077,0.00122106,-0.08731373,
11470,3.01207685,0.01806333,5.32518768,6.00000000,0.34321290,-0.43183595,-0.28847688,0.88821775,0.13368499,0.07000000,0.00549451,0.21168078,0.19210461,-0.16381218,-0.01229746,-0.04886922,-0.63879049,0.89842570,-0.02239272,0.00122106,0.08835404,
11478,5.08665276,1.61739004,9.82748413,6.00000000,0.28037110,-0.29487306,-0.46062601,0.03050770,0.19240075,0.07000000,0.00549451,0.13842228,-0.12648289,0.14424415,-0.01229746,1.79768908,-2.24798417,0.03374380,-0.16462308,0.00122106,0.15832858,
11486,7.67717886,1.95138121,14.38005829,6.00000000,-0.15307617,0.23203126,-0.29662433,-1.03335297,0.21575616,0.07000000,0.00549451,0.09205157,-0.23999999,0.23999999,-0.01229746,1.19380522,-1.48876595,-1.03015673,-0.50776309,0.00122106,0.02426337,
11494,5.51760912,1.02123380,20.53136063,6.00000000,-0.33676758,0.42539063,-0.09141558,-1.87241542,0.17966488,0.07000000,0.00549451,-0.07543078,-0.23999999,0.23999999,-0.01229746,-1.79419851,2.04028988,-1.85449326,-0.54847753,0.00122106,-0.28668299,
11502,-1.03292692,1.71435523,20.53136063,6.00000000,-0.36093751,0.42700195,0.02389506,-1.74411249,0.08922338,0.07000000,0.00549451,-0.25603214,-0.23999999,0.23999999,-0.01229746,-2.93389869,3.79958177,-1.71077752,-0.01540416,0.00122106,-0.38562518,
11510,2.85166550,-0.59126103,12.40843296,6.00000000,-0.35449219,0.42700195,0.36589667,-0.99486393,-0.02915266,0.07000000,0.00549451,-0.26318717,-0.23999999,0.23999999,-0.01229746,-5.38957644,6.24653339,-0.98947537,-0.41869086,0.00122106,-0.51567686,
11518,-3.34452868,0.53161961,7.51588202,6.00000000,-0.36577147,0.42539063,0.46960574,-0.38706106,-0.14475651,0.07000000,0.00549451,-0.47542298,-0.09046999,0.02620794,-0.01229746,-6.97782612,8.53640556,-0.39278775,0.19172782,0.00122106,-0.62096679,
11525,-1.46148896,-1.66027200,1.32687080,5.00000000,-0.13857421,0.05961914,0.49318314,0.39792880,-0.10780663,0.07000000,0.00549451,-0.46943584,0.08608222,-0.14905682,-0.01229746,-8.40550613,9.92045212,0.40148214,0.23553303,0.00122106,-0.66746312,
11534,-3.53367043,-1.40050113,0.11061632,6.00000000,0.10473633,-0.24331054,0.33657107,0.95819885,-0.10386393,0.07000000,0.00549451,-0.22860220,0.23999999,-0.23999999,-0.01229746,-7.58171034,8.32696629,0.96864659,0.47456348,0.00122106,-0.53116900,
11542,-1.25079918,-1.01264048,-0.32033998,6.00000000,0.33032227,-0.41411132,0.18392856,1.19281745,-0.02372853,0.07000000,0.00549451,-0.01550499,0.23999999,-0.23999999,-0.01229746,-4.81710863,4.86946869,1.20732832,0.36761686,0.00122106,-0.28100610,
11550,1.17332995,-2.07686305,1.57227647,6.00000000,0.34643555,-0.41088867,-0.11339159,0.92898685,0.12189402,0.07000000,0.00549451,0.12628585,0.23999999,-0.23999999,-0.01229746,-1.72787595,1.34913957,0.94297200,0.12885362,0.00122106,-0.04901761,
11558,3.04918694,1.16847730,7.51827621,6.00000000,0.35610351,-0.42700195,-0.66686136,0.36542767,0.30787453,0.07000000,0.00549451,0.24465396,0.16913678,-0.13667558,-0.01229746,0.83601272,-1.63013756,0.37049878,0.01427012,0.00122106,0.12205520,
11566,6.62971592,2.35839558,12.16183090,6.00000000,0.25297850,-0.24814454,-0.69041139,-0.45425227,0.39935982,0.07000000,0.00549451,0.36867929,-0.23999999,0.23999999,-0.01229746,2.09614038,-3.28645492,-0.44932213,-0.22096211,0.00122106,0.17153677,
11574,8.69112301,2.71034312,15.38562298,6.00000000,-0.32709962,0.39477539,-0.40757677,-1.37509382,0.30314225,0.07000000,0.00549451,0.33066702,-0.23999999,0.23999999,-0.01229746,0.32637659,-1.40499008,-1.36060333,-0.44256657,0.00122106,-0.03930014,
11582,2.34050345,0.31255013,20.53136063,6.00000000,-0.35610351,0.43183595,-0.05317744,-1.64419961,0.13195449,0.07000000,0.00549451,-0.08314803,-0.23999999,0.23999999,-0.01229746,-1.88844621,2.16246295,-1.62204409,-0.36062270,0.00122106,-0.27455905,
11590,1.93109488,1.13854969,19.75025368,6.00000000,-0.34643555,0.42539063,0.40144375,-1.08234024,0.06412689,0.07000000,0.00549451,-0.04164133,-0.23999999,0.23999999,-0.01229746,-4.22369671,4.39299345,-1.05264020,-0.35411403,0.00122106,-0.40905049,
11597,0.59153897,-2.29832673,12.65264225,5.00000000,-0.35449219,0.41733399,0.30972385,-0.40520087,-0.14668876,0.07000000,0.00549451,-0.23200184,-0.23999999,0.23999999,-0.01229746,-5.96379042,6.66541243,-0.41224754,-0.26836720,0.00122106,-0.51165473,
11606,-3.42712855,-0.83187824,7.42370558,6.00000000,-0.36738282,0.43022460,0.56595922,0.30459413,-0.16713595,0.07000000,0.00549451,-0.48568892,0.06701717,-0.13235490,-0.01229746,-7.66025019,9.21010303,0.30511928,0.21955851,0.00122106,-0.62032568,
11614,-2.31741595,-2.23128915,1.39989388,6.00000000,0.08056641,-0.21108398,0.36441457,1.08107460,-0.08986813,0.07000000,0.00549451,-0.39430135,0.23999999,-0.23999999,-0.01229746,-8.18210316,9.47364712,1.09346449,0.26801243,0.00122106,-0.58931243,
11622,-1.58479035,-1.87694728,-2.40808392,6.00000000,0.33032227,-0.40766603,0.24397053,1.45902085,-0.09117391,0.07000000,0.00549451,-0.12746994,0.23999999,-0.23999999,-0.01229746,-5.78925753,6.18719196,1.48299217,0.36820269,0.00122106,-0.34132642,
11630,-0.58401406,-0.35423502,-1.14514244,6.00000000,0.34643555,-0.40927735,0.16923781,1.29120672,-0.03890216,0.07000000,0.00549451,-0.00322346,0.23999999,-0.23999999,-0.01229746,-2.52374625,2.51501966,1.31288862,0.33228704,0.00122106,-0.09515846,
11638,1.63780510,-0.13277137,3.50200295,6.00000000,0.34643555,-0.41572267,-0.19673352,0.85094124,0.08876733,0.07000000,0.00549451,0.19108233,0.23999999,-0.23999999,-0.01229746,0.38048175,-0.98611104,0.86299938,0.08166280,0.00122106,0.11805067,
11646,3.63097811,1.26185107,8.95240307,6.00000000,0.36093751,-0.43344727,-0.54294544,0.20000939,0.25931439,0.07000000,0.00549451,0.33188954,0.14149988,-0.09748128,-0.01229746,2.30383468,-3.37895751,0.20358610,-0.02353816,0.00122106,0.22999793,
11654,6.63570118,2.77019811,13.77552223,6.00000000,0.21591797,-0.19174805,-0.48609605,-0.75506729,0.36082777,0.07000000,0.00549451,0.29073101,-0.23999999,0.23999999,-0.01229746,3.55698109,-4.48549604,-0.74705094,-0.21005735,0.00122106,0.25112674,
11662,8.09257317,1.54676116,16.81855202,6.00000000,-0.32226563,0.40122071,-0.34811276,-1.76951647,0.32754812,0.07000000,0.00549451,0.11801176,-0.23999999,0.23999999,-0.01229746,1.57952297,-1.96349537,-1.75537968,-0.47725210,0.00122106,0.00161093,
11669,1.27388644,0.21199366,20.53136063,5.00000000,-0.35610351,0.43505859,-0.11577875,-2.06430268,0.19241212,0.07000000,0.00549451,-0.11922097,-0.23999999,0.23999999,-0.01229746,-0.76096350,1.13970006,-2.03773689,-0.24768542,0.00122106,-0.22740510,
11678,1.31698215,2.13573480,15.93150139,6.00000000,-0.34643555,0.43022460,0.26564744,-1.27679229,0.04707285,0.07000000,0.00549451,-0.11176246,-0.23999999,0.23999999,-0.01229746,-3.30216289,3.64424753,-1.26148248,-0.31820440,0.00122106,-0.36349750,
11686,-0.11115921,-1.18262887,9.47074795,6.00000000,-0.34804687,0.41249999,0.38065180,-0.57396120,-0.12927383,0.07000000,0.00549451,-0.27057850,-0.23999999,0.23999999,-0.01229746,-5.19235468,6.08247232,-0.57477248,-0.18020667,0.00122106,-0.47309712,
11694,-3.06321001,-1.45556784,5.67713547,6.00000000,-0.34482422,0.42700195,0.58875078,0.22795744,-0.14689888,0.07000000,0.00549451,-0.57628375,0.05339086,-0.13118906,-0.01229746,-6.91673946,8.76678848,0.22810096,0.21093202,0.00122106,-0.57988256,
11702,-2.80583310,-2.24206305,2.30250788,6.00000000,0.05639648,-0.21914062,0.40900135,1.02867091,-0.05115236,0.07000000,0.00549451,-0.49903893,0.23999999,-0.23999999,-0.01229746,-7.32165623,8.93608570,1.04242229,0.34035876,0.00122106,-0.53804338,
11710,-2.02891469,-1.70695901,-0.49511671,6.00000000,0.32387695,-0.40122071,0.27355799,1.38151932,-0.02949379,0.07000000,0.00549451,-0.25807634,0.23999999,-0.23999999,-0.01229746,-4.88168621,5.72467995,1.40190530,0.45282429,0.00122106,-0.29638004,
11718,-0.38649240,-0.53619438,0.29377276,6.00000000,0.34160155,-0.42700195,0.00276265,1.22587216,0.06441411,0.07000000,0.00549451,-0.05292286,0.23999999,-0.23999999,-0.01229746,-1.77849054,1.94604206,1.24543273,0.32768515,0.00122106,-0.05394720,
11726,2.16692376,0.81772667,4.51475048,6.00000000,0.34643555,-0.42539063,-0.37017432,0.75900602,0.26064146,0.07000000,0.00549451,-0.01619244,0.23457314,-0.23747288,-0.01229746,1.05417895,-1.01403630,0.77625126,0.01918563,0.00122106,0.13804251,
11734,4.41507912,2.30452585,9.63115978,6.00000000,0.34321290,-0.41572267,-0.62609732,0.02767042,0.40423092,0.07000000,0.00549451,0.18104625,-0.14881195,0.17222314,-0.01229746,2.72620416,-3.31961608,0.05434728,-0.20849037,0.00122106,0.23092791,
11741,7.10257053,2.79174590,13.65940380,5.00000000,-0.18530273,0.26586914,-0.44465241,-0.86352730,0.42811146,0.07000000,0.00549451,0.14312226,-0.23999999,0.23999999,-0.01229746,2.36666656,-2.81521606,-0.85800451,-0.32842013,0.00122106,0.13249534,
11750,4.46775150,0.68006009,20.53136063,6.00000000,-0.34160155,0.42700195,-0.31405345,-1.54416704,0.34886423,0.07000000,0.00549451,-0.00320905,-0.23999999,0.23999999,-0.01229746,-0.86219269,0.89535391,-1.52858126,-0.46435502,0.00122106,-0.18302023,
11758,-1.27833259,3.14848208,20.53136063,6.00000000,-0.35126954,0.42700195,-0.05357226,-1.04363441,0.14445418,0.07000000,0.00549451,-0.08198057,-0.23999999,0.23999999,-0.01229746,-2.60577655,2.86408544,-0.98431677,-0.00775054,0.00122106,-0.28400171,
11766,2.35606575,0.92785996,13.91199207,6.00000000,-0.34804687,0.42861328,0.29981598,-0.39603630,-0.07664854,0.07000000,0.00549451,0.06705996,-0.23999999,0.23999999,-0.01229746,-5.17664671,4.99687767,-0.35850793,-0.45436174,0.00122106,-0.41552183,
11774,-2.98898959,0.59746015,8.76086712,6.00000000,-0.35449219,0.42700195,0.65077871,0.26011842,-0.25996929,0.07000000,0.00549451,-0.14475957,-0.16238712,0.14322571,-0.01229746,-6.95513725,7.38623381,0.25938210,0.01091242,0.00122106,-0.52261531,
11782,-1.50937295,-1.74047780,1.88831103,6.00000000,-0.23686524,0.26586914,0.59570444,1.01624525,-0.20992757,0.07000000,0.00549451,-0.20081219,-0.03099927,0.00477815,-0.01229746,-8.81565857,9.46666622,1.02029717,0.04535839,0.00122106,-0.62026107,
11790,-3.80660963,-2.90286279,1.75902414,6.00000000,-0.06284180,0.01933594,0.28932872,1.64297426,-0.16956039,0.07000000,0.00549451,-0.22687811,0.23999999,-0.23999999,-0.01229746,-8.93085003,9.66388798,1.65744281,0.31588838,0.00122106,-0.58210993,
11798,-1.96427131,-2.68858171,0.04597287,6.00000000,0.32548827,-0.40444335,0.10756260,2.07277727,-0.07078891,0.07000000,0.00549451,-0.13360330,0.23999999,-0.23999999,-0.01229746,-6.93419313,7.33561850,2.09709215,0.27611068,0.00122106,-0.38368973,
11806,-1.51535845,-0.37578285,1.45496058,6.00000000,0.34321290,-0.41894531,-0.16475157,2.07719469,0.01880283,0.07000000,0.00549451,0.02138740,0.23999999,-0.23999999,-0.01229746,-3.52381968,3.45575190,2.10108995,0.37572712,0.00122106,-0.10555795,
11813,2.58471203,-0.61879432,5.37546587,5.00000000,0.35771483,-0.41894531,-0.50927824,1.54955757,0.18638644,0.07000000,0.00549451,0.22110114,0.23999999,-0.23999999,-0.01229746,-0.95469511,0.23212880,1.56377149,0.02094415,0.00122106,0.07152677,
11822,4.45697784,1.95856380,10.85220242,6.00000000,0.36093751,-0.42539063,-0.64144331,0.73619735,0.27422193,0.07000000,0.00549451,0.44286314,0.19346866,-0.13399611,-0.01229746,0.95469511,-2.37364769,0.73902357,-0.04418816,0.00122106,0.18670417,
11830,5.71752501,2.97131109,15.40357971,6.00000000,0.29003906,-0.25458986,-0.45208439,-0.34964302,0.18770051,0.07000000,0.00549451,0.62521827,-0.02429575,0.10806237,-0.01229746,1.93382490,-3.95840669,-0.34363592,-0.08105069,0.00122106,0.20055602,
11838,7.67119360,0.37958780,17.57871246,6.00000000,-0.01289062,0.17080078,-0.05955390,-1.46955609,0.05157430,0.07000000,0.00549451,0.43163460,-0.23999999,0.23999999,-0.01229746,1.42593396,-2.83266950,-1.46087420,-0.39466631,0.00122106,0.05127741,
11846,3.22156954,-1.67942572,20.53136063,6.00000000,-0.34160155,0.42055663,0.18507043,-2.21318674,-0.08004490,0.07000000,0.00549451,0.02797306,-0.23999999,0.23999999,-0.01229746,-0.17802358,0.08726646,-2.19413757,-0.40497690,0.00122106,-0.17851928,
11854,-4.05321217,-0.55893928,20.53136063,6.00000000,-0.35449219,0.43344727,0.17520458,-1.60163760,-0.19726026,0.07000000,0.00549451,-0.04321849,-0.07719115,0.07042133,-0.01229746,-1.81863308,1.93207943,-1.57284880,0.21321738,0.00122106,-0.26271075,
11862,-0.37332428,0.11742270,9.15950203,6.00000000,-0.11762695,0.13374023,0.31322074,-0.92021441,-0.23479266,0.07000000,0.00549451,-0.14010224,-0.23999999,0.23999999,-0.01229746,-2.99498510,3.43306255,-0.93305802,-0.17842098,0.00122106,-0.31527105,
11870,-1.89483953,-1.79793870,0.31651765,6.00000000,-0.34965819,0.41894531,0.49827957,-0.32749817,-0.30779502,0.07000000,0.00549451,-0.10811362,-0.01754065,0.00280812,-0.01229746,-4.67573690,5.02480268,-0.33914310,0.14875387,0.00122106,-0.39666861,
11878,-4.12982655,-0.79237396,1.37834609,6.00000000,-0.03706055,0.01289062,0.18012616,0.21845557,-0.27789500,0.07000000,0.00549451,-0.19291884,0.23999999,-0.23999999,-0.01229746,-5.44368172,6.05454683,0.21515262,0.29216772,0.00122106,-0.42165291,
11885,-3.39600396,-1.50464892,-0.69024414,5.00000000,0.31743163,-0.39799803,0.48112750,0.78429538,-0.28017953,0.07000000,0.00549451,-0.17534998,0.23999999,-0.23999999,-0.01229746,-3.51683855,4.06312656,0.78908509,0.48290145,0.00122106,-0.23068874,
11894,-0.08362588,-0.43084949,-0.43286747,6.00000000,0.33032227,-0.42700195,0.14519958,0.77663404,-0.15725182,0.07000000,0.00549451,-0.12156511,0.23999999,-0.23999999,-0.01229746,0.11170107,0.30019665,0.78799689,0.30603212,0.00122106,0.05283350,
11902,2.34409475,-1.21854186,4.90380812,6.00000000,0.34643555,-0.43344727,-0.30868849,0.37679666,0.09574610,0.07000000,0.00549451,-0.20205605,0.12326470,-0.15182857,-0.01229746,2.83965063,-2.17991614,0.38350967,-0.02863368,0.00122106,0.21726507,
11910,4.13974571,1.38395536,10.32906914,6.00000000,0.18369141,-0.27714843,-0.73091447,-0.18609147,0.26820150,0.07000000,0.00549451,-0.18079083,-0.23999999,0.23999999,-0.01229746,4.18879032,-3.63028479,-0.18865991,-0.31325796,0.00122106,0.28277060,
11918,6.46451569,3.34001827,15.50892448,6.00000000,-0.32065430,0.39316407,-0.64346379,-1.00537646,0.37560537,0.07000000,0.00549451,-0.23669568,-0.23999999,0.23999999,-0.01229746,2.37539315,-1.62315619,-1.00786901,-0.58570480,0.00122106,0.07793367,
11926,0.47302601,1.59344804,20.53136063,6.00000000,-0.35126954,0.43989259,-0.46250293,-1.37855089,0.25813609,0.07000000,0.00549451,-0.22731769,-0.23999999,0.23999999,-0.01229746,0.09250245,0.65624380,-1.36789596,-0.28755623,0.00122106,-0.12590584,
11934,2.22318745,3.98405838,18.17845917,6.00000000,-0.33837891,0.42377931,0.23310113,-0.45111516,0.02280937,0.07000000,0.00549451,-0.07668408,-0.23999999,0.23999999,-0.01229746,-3.01941967,3.26202035,-0.44291162,-0.36693329,0.00122106,-0.26990855,
11942,-1.65302515,2.91863871,13.48462677,6.00000000,-0.34643555,0.42539063,0.48393697,-0.01597997,-0.25795412,0.07000000,0.00549451,-0.01639114,-0.16555753,0.16347010,-0.01229746,-5.22726107,5.28311205,-0.01541132,-0.00248259,0.00122106,-0.39977685,
11950,-3.28826475,-0.71575952,7.27885628,6.00000000,-0.23525390,0.29003906,0.80998129,0.79786193,-0.35209280,0.07000000,0.00549451,-0.02270305,0.10999389,-0.11243781,-0.01229746,-6.75093317,6.81201982,0.79762143,0.11455494,0.00122106,-0.45608601,
11957,-2.32699299,-2.40367174,0.26384524,5.00000000,0.14018555,-0.17563477,0.43869829,1.43319392,-0.29641342,0.07000000,0.00549451,0.04780392,0.23999999,-0.23999999,-0.01229746,-6.82598305,6.64446878,1.43734181,0.14032015,0.00122106,-0.40434960,
11966,-3.95624709,-2.74723959,-2.30513310,6.00000000,0.33676758,-0.41088867,0.18568839,1.78457284,-0.23027231,0.07000000,0.00549451,0.10398281,0.23999999,-0.23999999,-0.01229746,-3.71231532,3.37721205,1.80535007,0.49014515,0.00122106,-0.12935385,
11974,-0.81026608,-2.48268032,-1.00987005,6.00000000,0.33515626,-0.41249999,-0.10374705,1.65075517,-0.13443123,0.07000000,0.00549451,0.22268707,0.23999999,-0.23999999,-0.01229746,-0.34732053,-0.38048175,1.67509830,0.39937180,0.00122106,0.13195263,
11982,0.44429559,-1.31670415,3.26976538,6.00000000,0.34643555,-0.43505859,-0.38816595,1.26964664,-0.04262934,0.07000000,0.00549451,0.24974738,0.23999999,-0.23999999,-0.01229746,2.31605196,-3.11366725,1.28234375,0.31290644,0.00122106,0.30888376,
11990,2.55239010,1.85441601,9.35941792,6.00000000,0.35449219,-0.43505859,-0.66132313,0.67057282,0.06433716,0.07000000,0.00549451,0.39380217,0.23999999,-0.23999999,-0.01229746,4.26907539,-5.52920294,0.67699981,0.15863866,0.00122106,0.42707473,
11998,5.89708996,2.66006494,14.68053055,6.00000000,0.36093751,-0.44311523,-0.46432865,-0.27381650,0.10161933,0.07000000,0.00549451,0.55017036,0.04960674,0.02334414,-0.01229746,5.74911451,-7.53982258,-0.26882941,-0.12236556,0.00122106,0.48281372,
12006,7.23066044,2.00405359,18.46696091,6.00000000,0.08378907,0.02900391,-0.06811894,-1.46979845,0.02660758,0.07000000,0.00549451,0.48061234,-0.23999999,0.23999999,-0.01229746,5.96029949,-7.51713324,-1.45525992,-0.31700572,0.00122106,0.40406048,
12014,6.41543484,-1.04376507,18.88115692,6.00000000,-0.31420898,0.40283203,0.06728496,-2.40954018,-0.05904178,0.07000000,0.00549451,0.16847697,-0.23999999,0.23999999,-0.01229746,3.27423787,-3.82576156,-2.38979006,-0.55049098,0.00122106,0.08990097,
12022,-2.66936374,-1.66027200,20.53136063,6.00000000,-0.36093751,0.42216796,0.05003957,-2.55373144,-0.13960211,0.07000000,0.00549451,-0.15643081,-0.23999999,0.23999999,-0.01229746,1.52367246,-1.01229095,-2.52600598,0.08462083,0.00122106,-0.10235804,
12029,-0.37930980,-1.15629256,12.80467415,5.00000000,-0.35771483,0.42700195,0.37580439,-1.53991020,-0.15281504,0.07000000,0.00549451,-0.30034918,-0.23999999,0.23999999,-0.01229746,-0.95120442,1.92858887,-1.52982473,-0.16988911,0.00122106,-0.22592980,
12038,-3.72161531,-0.87617099,4.58178806,6.00000000,-0.34643555,0.41411132,0.31720433,-0.80580491,-0.25109100,0.07000000,0.00549451,-0.50932872,-0.00903630,-0.06063478,-0.01229746,-2.97055030,4.58847046,-0.81516451,0.22073908,0.00122106,-0.35477081,
12046,-4.52486992,-2.69217300,0.66966242,6.00000000,-0.02578125,-0.09990235,0.44745028,0.10524975,-0.22596027,0.07000000,0.00549451,-0.47050074,0.23999999,-0.23999999,-0.01229746,-3.76292992,5.28660202,0.10849494,0.48496628,0.00122106,-0.33701921,
12054,-2.93033171,-1.01383758,-1.93642616,6.00000000,0.32871094,-0.40605468,0.44817722,0.55286777,-0.24589364,0.07000000,0.00549451,-0.17727101,0.23999999,-0.23999999,-0.01229746,-2.12406564,2.67035365,0.55841506,0.59677446,0.00122106,-0.14044249,
12062,-1.55486286,-0.07770474,-2.21535063,6.00000000,0.34160155,-0.42055663,0.28240129,0.55646878,-0.17514268,0.07000000,0.00549451,-0.06991130,0.23999999,-0.23999999,-0.01229746,1.24616516,-1.05941486,0.56600374,0.51705241,0.00122106,0.13058765,
12070,1.11108077,-0.93842024,2.76578593,6.00000000,0.34321290,-0.42700195,-0.14209935,0.28068689,0.01656059,0.07000000,0.00549451,-0.05515414,0.23999999,-0.23999999,-0.01229746,3.84845090,-3.69660735,0.28755882,0.14918002,0.00122106,0.30963114,
12078,1.97897887,1.73350883,8.91050434,6.00000000,0.34482422,-0.43022460,-0.65795529,-0.22318029,0.32664067,0.07000000,0.00549451,-0.13433342,0.17892586,-0.19902980,-0.01229746,6.20464563,-5.74736881,-0.17968196,0.00797407,0.00122106,0.43977305,
12086,6.56866360,2.43979836,13.22725010,6.00000000,0.26586914,-0.36899415,-0.81727701,-1.09861064,0.50487226,0.07000000,0.00549451,0.01380941,-0.23999999,0.23999999,-0.01229746,7.54854918,-7.55204010,-1.09907818,-0.49955004,0.00122106,0.49273428,
12094,7.47247458,2.78216910,16.94664192,6.00000000,-0.31904298,0.39155275,-0.54458869,-2.10294819,0.37721568,0.07000000,0.00549451,0.04394061,-0.23999999,0.23999999,-0.01229746,5.62170553,-5.85907030,-2.10571861,-0.39121953,0.00122106,0.27585253,
12101,0.62984622,0.89314407,20.53136063,5.00000000,-0.36416015,0.41894531,-0.13653389,-2.45428228,0.16756183,0.07000000,0.00549451,-0.23380993,-0.23999999,0.23999999,-0.01229746,3.35801339,-2.61275792,-2.42232227,-0.21710981,0.00122106,0.04165438,
12110,0.85250700,0.62259924,16.87242317,6.00000000,-0.34160155,0.42216796,0.58811855,-1.51645923,0.08742435,0.07000000,0.00549451,-0.24308202,-0.23999999,0.23999999,-0.01229746,0.15184364,0.65449846,-1.49378598,-0.20126505,0.00122106,-0.13033581,
12118,-1.57401645,-1.58605182,11.33822536,6.00000000,-0.35932618,0.42700195,0.34340215,-0.74082029,-0.11486490,0.07000000,0.00549451,-0.42235190,-0.23999999,0.18536662,-0.01229746,-1.73660266,3.11715817,-0.73530996,-0.00074664,0.00122106,-0.23747063,
12126,-3.58035755,-2.92081928,6.14280748,6.00000000,-0.34804687,0.33193359,0.54968506,0.10222908,-0.04186779,0.07000000,0.00549451,-0.62431312,0.23999999,-0.23999999,-0.01229746,-3.39641094,5.44193649,0.10880625,0.32453018,0.00122106,-0.33194077,
12134,-3.11348820,-1.95475888,1.88711393,6.00000000,0.31259766,-0.39638671,0.23287073,0.92759907,0.00724566,0.07000000,0.00549451,-0.62002707,0.23999999,-0.23999999,-0.01229746,-2.65290046,4.72286129,0.93886226,0.36915505,0.00122106,-0.20964511,
12142,-1.30706298,-1.93081689,-3.99184823,6.00000000,0.33676758,-0.41249999,0.29812241,1.21807313,0.09752357,0.07000000,0.00549451,-0.36679292,0.23999999,-0.23999999,-0.01229746,0.60562927,0.57770395,1.24553132,0.52643925,0.00122106,0.09453036,
12150,-0.11594760,1.23671198,0.28060463,6.00000000,0.34482422,-0.42055663,-0.12377448,0.98572487,0.10708940,0.07000000,0.00549451,-0.22231683,0.23999999,-0.23999999,-0.01229746,3.25503898,-2.53945398,0.99966669,0.31777209,0.00122106,0.29663283,
12158,1.87363398,0.53042251,5.41736460,6.00000000,0.34965819,-0.42377931,-0.35753596,0.60389507,0.29590219,0.07000000,0.00549451,-0.14105971,0.23999999,-0.23999999,-0.01229746,5.56585503,-5.12079573,0.61014223,0.01104909,0.00122106,0.45094007,
12166,4.52880383,2.51641273,10.75044823,6.00000000,0.35932618,-0.42216796,-0.52357322,-0.01147808,0.40301684,0.07000000,0.00549451,-0.02570441,-0.12900023,0.12349911,-0.01229746,7.38623381,-7.32514715,-0.01517719,-0.27856028,0.00122106,0.55732107,
12173,7.79210043,2.60020995,13.23802376,5.00000000,-0.15146485,0.19174805,-0.45368242,-0.81658900,0.43173584,0.07000000,0.00549451,-0.01243531,-0.23999999,0.23999999,-0.01229746,7.01273251,-7.00400591,-0.81587237,-0.52514237,0.00122106,0.47264880,
12182,5.01362944,0.00489522,19.49048233,6.00000000,-0.32709962,0.41088867,-0.24046431,-1.56180239,0.33693388,0.07000000,0.00549451,-0.06675093,-0.23999999,0.23999999,-0.01229746,3.09272337,-2.89899206,-1.60718942,-0.51123083,0.00122106,0.10096985,
12190,-4.57514811,3.53394842,20.53136063,6.00000000,-0.34804687,0.42539063,-0.17270571,-1.19743049,0.09694609,0.07000000,0.00549451,-0.19015244,0.23999999,-0.23999999,-0.01229746,1.21649444,-0.60039330,-1.17906737,0.33062470,0.00122106,-0.02176595,
12198,1.65695870,0.99968600,12.44195175,6.00000000,0.33193359,-0.40766603,0.42871705,-0.16643439,-0.06944637,0.07000000,0.00549451,0.04924053,-0.23999999,0.23999999,-0.01229746,0.74351025,-0.90757120,-0.16798210,-0.35993987,0.00122106,0.05012163,
12206,3.87159538,-0.86300290,-2.75763726,6.00000000,-0.33999023,0.40766603,0.76066387,-0.28738022,-0.23825771,0.07000000,0.00549451,0.06944326,-0.23999999,0.23999999,-0.01229746,-0.15009832,-0.07504916,-0.29071561,-0.46444291,0.00122106,-0.02756040,
12214,-3.53127623,0.19762845,3.23145819,6.00000000,-0.35288087,0.42539063,0.20227094,0.12034706,-0.21201192,0.07000000,0.00549451,-0.03003068,0.05592394,-0.06032699,-0.01229746,-2.25671077,2.35793996,0.11703065,0.06908059,0.00122106,-0.16800199,
12222,-3.73238921,-2.61795282,4.18075943,6.00000000,0.05800781,-0.08540039,0.17027925,0.97126579,-0.16327591,0.07000000,0.00549451,-0.15940538,0.23999999,-0.23999999,-0.01229746,-2.52723670,3.04559946,0.97166258,0.19514427,0.00122106,-0.13827097,
12230,-2.25157547,-0.84624350,0.10343371,6.00000000,0.32387695,-0.41088867,-0.01844554,1.45197725,-0.11443506,0.07000000,0.00549451,-0.13942425,0.23999999,-0.23999999,-0.01229746,-0.08203048,0.53407073,1.46555805,0.31092781,0.00122106,0.09052102,
12238,0.69808096,-0.91687244,-0.15992847,6.00000000,0.34482422,-0.42539063,-0.13158262,1.41754937,-0.05145577,0.07000000,0.00549451,-0.08247323,0.23999999,-0.23999999,-0.01229746,2.46964097,-2.22005868,1.43825138,0.16077328,0.00122106,0.28823528,
12245,3.00250006,0.16051833,5.89740181,5.00000000,0.35126954,-0.42216796,-0.47744235,0.83525407,0.00218158,0.07000000,0.00549451,0.06536549,0.20785213,-0.20019479,-0.01229746,4.27082062,-4.51167631,0.87447548,-0.10011752,0.00122106,0.40224725,
12254,5.15967607,0.97813821,11.92360783,6.00000000,0.30615234,-0.36577147,-0.45495012,0.03693678,0.10194112,0.07000000,0.00549451,0.21612695,-0.08219118,0.10982923,-0.01229746,5.80321980,-6.49087954,0.03443092,-0.23565143,0.00122106,0.47174051,
12262,6.93258238,2.67203593,16.27746391,6.00000000,-0.09990235,0.16435547,-0.39973819,-0.94741303,0.09775234,0.07000000,0.00549451,0.15738377,-0.23999999,0.23999999,-0.01229746,5.08065367,-5.58679914,-0.94159716,-0.32148540,0.00122106,0.33555865,
12270,3.03482175,0.46099064,20.53136063,6.00000000,-0.33999023,0.42539063,-0.17354649,-1.52358353,0.00801939,0.07000000,0.00549451,-0.12591864,-0.23999999,0.23999999,-0.01229746,3.36499476,-2.96880507,-1.50825906,-0.29480648,0.00122106,0.12435533,
12278,-1.87927711,0.88117307,20.53136063,6.00000000,-0.34804687,0.42055663,0.15938947,-0.88137406,-0.13136961,0.07000000,0.00549451,-0.19749629,-0.14389904,0.11592936,-0.01229746,0.82903141,-0.20769417,-0.86127055,0.00972587,0.00122106,-0.02818146,
12286,-0.65584010,1.52401626,11.32984543,6.00000000,-0.21591797,0.21591797,0.35627753,-0.12312488,-0.27708858,0.07000000,0.00549451,-0.24161270,-0.19259912,0.15913989,-0.01229746,-0.90582591,1.68598807,-0.12393731,-0.09044706,0.00122106,-0.10605333,
12294,-2.29227686,-0.58048707,2.69276285,6.00000000,-0.27875978,0.28037110,0.69155979,0.46460569,-0.39415190,0.07000000,0.00549451,-0.10976871,0.23999999,-0.23999999,-0.01229746,-2.53596354,2.89026546,0.46436793,0.25842920,0.00122106,-0.17119351,
12302,-3.58634305,-1.74885750,0.36799300,6.00000000,0.31582031,-0.39960939,0.42910144,0.92732698,-0.37578109,0.07000000,0.00549451,0.00623038,0.23999999,-0.23999999,-0.01229746,-1.90415418,1.84481299,0.93345630,0.33693317,0.00122106,-0.07213386,
12310,-2.13186550,-2.76399899,-4.78672314,6.00000000,0.33837891,-0.42055663,0.43027827,1.24055135,-0.32134047,0.07000000,0.00549451,0.16705218,0.23999999,-0.23999999,-0.01229746,1.38055539,-1.85353959,1.25846159,0.45533296,0.00122106,0.22085795,
12317,-0.68816179,-1.81709230,-0.63398039,5.00000000,0.35610351,-0.42216796,-0.11442628,1.09550822,-0.23990218,0.07000000,0.00549451,0.14028162,0.23999999,-0.23999999,-0.01229746,3.86764979,-4.31794453,1.11052227,0.39547709,0.00122106,0.39873910,
12326,1.27388644,-0.93243474,5.37067747,6.00000000,0.36093751,-0.42539063,-0.44407108,0.66173035,-0.03595410,0.07000000,0.00549451,0.15434058,0.23999999,-0.23999999,-0.01229746,6.34427166,-6.84692621,0.66749370,0.19091940,0.00122106,0.55641812,
12334,3.82490849,2.28178096,11.22450066,6.00000000,0.34965819,-0.43666992,-0.76043558,-0.02381220,0.11321729,0.07000000,0.00549451,0.21801487,0.23999999,-0.23999999,-0.01229746,8.22050095,-8.90641499,-0.02060372,-0.01649784,0.00122106,0.64917684,
12342,7.10496473,3.71111941,15.77707481,6.00000000,0.37060547,-0.42861328,-0.60052061,-1.05475962,0.17347457,0.07000000,0.00549451,0.30295050,-0.22171140,0.23999999,-0.01229746,9.79478836,-10.78089905,-1.04617286,-0.28100175,0.00122106,0.70589924,
12350,8.80005932,2.45655775,17.71278763,6.00000000,-0.29165038,0.39638671,-0.15379468,-2.22626710,0.08175521,0.07000000,0.00549451,0.27801257,-0.23999999,0.23999999,-0.01229746,8.39503384,-9.31656742,-2.20339584,-0.46879631,0.00122106,0.50667822,
12358,0.73519111,-0.59485233,20.53136063,6.00000000,-0.34321290,0.41411132,0.05441062,-2.65723538,-0.02357122,0.07000000,0.00549451,-0.11718932,-0.23999999,0.23999999,-0.01229746,5.56061888,-5.19060898,-2.62567282,-0.26065749,0.00122106,0.20596680,
12366,-1.03771532,1.49767995,17.19564056,6.00000000,-0.34643555,0.42861328,0.35927391,-1.82230759,-0.06887094,0.07000000,0.00549451,-0.39422154,-0.23999999,0.23999999,-0.01229746,3.09272337,-1.86575699,-1.79730082,-0.08219385,0.00122106,0.05240734,
12374,-0.37930980,-2.75322509,8.40173721,6.00000000,-0.34321290,0.43022460,0.40843010,-1.03748095,-0.17180419,0.07000000,0.00549451,-0.47440189,-0.23999999,0.22562920,-0.01229746,0.47996554,1.04021621,-1.03284359,-0.04051628,0.00122106,-0.09645149,
12382,-4.82893372,-1.42204905,4.40820837,6.00000000,-0.35126954,0.39477539,0.49861971,-0.30516651,-0.12938243,0.07000000,0.00549451,-0.65653026,0.23999999,-0.23999999,-0.01229746,-1.60221231,3.73675013,-0.30686092,0.41992855,0.00122106,-0.23299128,
12389,-2.02771759,-2.05531526,-1.10324395,5.00000000,0.31582031,-0.40122071,0.32056013,0.56268257,-0.06772624,0.07000000,0.00549451,-0.74390727,0.23999999,-0.23999999,-0.01229746,-1.29154360,3.63901138,0.56975603,0.40465742,0.00122106,-0.14286061,
12398,-0.98743701,-1.06770718,-5.44871998,6.00000000,0.33515626,-0.42216796,0.27709079,0.72589976,-0.05176971,0.07000000,0.00549451,-0.59435904,0.23999999,-0.23999999,-0.01229746,2.27067351,-0.37350047,0.74402475,0.50395679,0.00122106,0.15704417,
12406,-0.29910403,0.90272087,-0.21499512,6.00000000,0.35449219,-0.41733399,0.02583355,0.67015338,0.00772378,0.07000000,0.00549451,-0.35032648,0.23999999,-0.23999999,-0.01229746,4.86074209,-3.70184350,0.67617875,0.38126701,0.00122106,0.37598294,
12414,2.57274079,0.96975851,3.60136247,6.00000000,0.34482422,-0.42377931,-0.46879631,0.33504963,0.19273435,0.07000000,0.00549451,-0.36571854,0.17261179,-0.22418900,-0.01229746,7.29896736,-6.04058456,0.33796862,-0.07933038,0.00122106,0.53400469,
12422,4.32649374,2.41226506,10.09802914,6.00000000,0.25458986,-0.39477539,-0.66407722,-0.29530650,0.40868959,0.07000000,0.00549451,-0.31196293,-0.23999999,0.23999999,-0.01229746,8.82089424,-7.84350967,-0.30335355,-0.41406831,0.00122106,0.61336094,
12430,7.93216133,2.38832307,15.56399155,6.00000000,-0.32387695,0.38510743,-0.64116818,-1.31894803,0.45247537,0.07000000,0.00549451,-0.11512414,-0.23999999,0.23999999,-0.01229746,7.05287552,-6.67937517,-1.31999516,-0.77962488,0.00122106,0.42362267,
12438,-0.12073601,1.06313241,20.53136063,6.00000000,-0.35610351,0.41894531,-0.42959189,-1.68495429,0.31648597,0.07000000,0.00549451,-0.49981385,-0.23999999,0.23669361,-0.01229746,5.10683346,-3.51334786,-1.67011118,-0.06567186,0.00122106,0.20171422,
12446,2.55358720,2.21713758,18.04797554,6.00000000,-0.33676758,0.41572267,0.41700432,-0.85748750,0.23113781,0.07000000,0.00549451,-0.53969866,-0.23999999,0.23999999,-0.01229746,1.85353959,-0.15707964,-0.84843475,-0.26562077,0.00122106,0.00911956,
12454,-1.45191216,0.40712112,12.39526558,6.00000000,-0.34804687,0.42216796,0.27408668,-0.19456828,-0.00378693,0.07000000,0.00549451,-0.60617775,-0.11425309,0.03116854,-0.01229746,-0.51836282,2.45393300,-0.19342542,-0.00105911,0.00122106,-0.12440724,
12461,-3.24995756,-1.84941399,8.34906483,5.00000000,-0.17885742,0.06606445,0.74550784,0.50538397,0.01515082,0.07000000,0.00549451,-0.62587774,0.23999999,-0.23999999,-0.01229746,-1.54985237,3.61108613,0.51467770,0.41188630,0.00122106,-0.15819825,
12470,-2.61908555,-4.30347061,0.43742484,6.00000000,0.32387695,-0.40444335,0.40205839,1.09447122,0.03219467,0.07000000,0.00549451,-0.44497690,0.23999999,-0.23999999,-0.01229746,0.02967060,1.41197145,1.12108874,0.53320706,0.00122106,0.03299645,
12478,-0.76836759,-3.71329999,-2.80432415,6.00000000,0.33837891,-0.42216796,0.17892894,1.11910462,0.07507357,0.07000000,0.00549451,-0.11222535,0.23999999,-0.23999999,-0.01229746,2.62148452,-2.25845599,1.15058827,0.47846487,0.00122106,0.27424586,
12486,-0.65943140,-0.21537134,0.33806548,6.00000000,0.33837891,-0.42055663,-0.24550429,0.85799110,0.10442460,0.07000000,0.00549451,0.01814003,0.23999999,-0.23999999,-0.01229746,5.04574680,-5.08588934,0.87399077,0.33675116,0.00122106,0.45538968,
12494,1.88919628,1.50486255,5.01394129,6.00000000,0.34321290,-0.42377931,-0.37906763,0.47396433,0.22624084,0.07000000,0.00549451,0.08832796,0.23999999,-0.23999999,-0.01229746,7.44557476,-7.81907511,0.45271578,0.06390953,0.00122106,0.61783683,
12502,4.41986752,2.69118953,10.75403976,6.00000000,0.36093751,-0.42861328,-0.36951423,-0.23348758,0.30257204,0.07000000,0.00549451,0.16179436,0.06623259,-0.04666689,-0.01229746,9.42652321,-9.94314098,-0.23127785,-0.17010354,0.00122106,0.71777225,
12510,7.70830345,1.53957856,15.32816219,6.00000000,0.11279297,-0.09184571,-0.25596324,-1.28879654,0.34285113,0.07000000,0.00549451,0.14664459,-0.23999999,0.23999999,-0.01229746,9.96059418,-10.43532372,-1.28359580,-0.42948109,0.00122106,0.67982620,
12518,8.10095310,0.50528336,16.87840843,6.00000000,-0.32871094,0.39477539,-0.21173818,-2.19957495,0.31612054,0.07000000,0.00549451,0.08268397,-0.23999999,0.23999999,-0.01229746,7.20995522,-7.46477365,-2.18158031,-0.61351949,0.00122106,0.39573312,
12526,-1.94511771,0.01806333,20.53136063,6.00000000,-0.36093751,0.42055663,-0.22877106,-2.36009073,0.18126473,0.07000000,0.00549451,-0.23008648,-0.13138539,0.09775224,-0.01229746,5.51174974,-4.76125813,-2.33285213,0.12659210,0.00122106,0.21435688,
12533,0.47302601,1.21875548,14.80024052,5.00000000,-0.18852539,0.17885742,0.40235856,-1.37064147,0.11027871,0.07000000,0.00549451,-0.30790690,-0.23999999,0.23999999,-0.01229746,3.26202035,-2.28812671,-1.35842383,-0.21425369,0.00122106,0.10916148,
12542,-2.53409123,-0.18664092,6.80241013,6.00000000,-0.35771483,0.42055663,0.40510073,-0.86045712,-0.05696047,0.07000000,0.00549451,-0.21819261,0.15296464,-0.18378143,-0.01229746,0.96342176,-0.25830874,-0.86671495,0.22317213,0.00122106,-0.01648148,
12550,-3.95265579,-1.80751550,3.96887231,6.00000000,0.19819336,-0.30131835,0.35280052,-0.03318939,-0.09312384,0.07000000,0.00549451,-0.17188068,0.23999999,-0.23999999,-0.01229746,0.91804314,-0.36302847,-0.03638613,0.31287587,0.00122106,0.04669029,
12558,-1.97983360,-2.01700807,-2.34703183,6.00000000,0.34965819,-0.41733399,0.42122027,0.33542490,-0.07082618,0.07000000,0.00549451,0.09699200,0.23999999,-0.23999999,-0.01229746,3.00022078,-3.33706951,0.33752322,0.45048389,0.00122106,0.26821297,
12566,-0.15186064,-1.24607515,-1.30315983,6.00000000,0.34804687,-0.43022460,-0.06399827,0.25728035,-0.03659855,0.07000000,0.00549451,0.18166727,0.23999999,-0.23999999,-0.01229746,5.55887365,-6.14006805,0.26166078,0.30627537,0.00122106,0.46555495,
12574,1.77786589,-0.81033045,3.57263207,6.00000000,0.35932618,-0.43828124,-0.26556438,-0.08836559,0.10739005,0.07000000,0.00549451,0.20800634,0.23999999,-0.23999999,-0.01229746,7.99186277,-8.66905022,-0.08728576,0.10607590,0.00122106,0.62822211,
12582,4.43662691,1.82927692,8.67347908,6.00000000,0.35610351,-0.43828124,-0.50260788,-0.64647770,0.23836112,0.07000000,0.00549451,0.25495225,0.10628211,-0.07426715,-0.01229746,9.89252567,-10.73377514,-0.64261121,-0.10056944,0.00122106,0.73689091,
12590,7.29051542,2.66964173,12.54011440,6.00000000,0.15791015,-0.15468749,-0.45194602,-1.56858516,0.30945653,0.07000000,0.00549451,0.29121369,-0.23999999,0.23999999,-0.01229746,10.74948311,-11.69196129,-1.55826449,-0.32070708,0.00122106,0.73495197,
12598,8.56183624,1.69041324,15.63940811,6.00000000,-0.33193359,0.39155275,-0.38874996,-2.50681448,0.24585487,0.07000000,0.00549451,0.17517711,-0.23999999,0.23999999,-0.01229746,8.69348526,-9.25897121,-2.48388338,-0.53141761,0.00122106,0.49507707,
12605,0.43471879,0.30536753,20.53136063,5.00000000,-0.35610351,0.42216796,-0.19271955,-2.80483890,0.08854823,0.07000000,0.00549451,-0.23324703,-0.23999999,0.23999999,-0.01229746,7.40368700,-6.63050556,-2.76859760,-0.14950088,0.00122106,0.32323170,
12614,1.91553259,0.73752093,15.41435337,6.00000000,-0.34482422,0.41249999,0.59179455,-1.78135216,0.03997988,0.07000000,0.00549451,-0.46822822,-0.23999999,0.23999999,-0.01229746,4.38426685,-2.85361338,-1.76265049,-0.31100699,0.00122106,0.13800921,
12622,-1.77512944,-1.22213316,9.93043423,6.00000000,-0.35126954,0.41894531,0.29175296,-1.03820872,-0.06783142,0.07000000,0.00549451,-0.78397393,-0.19693431,0.08901408,-0.01229746,2.04552579,0.42062435,-1.03389812,0.01838890,0.00122106,-0.01746967,
12630,-1.50937295,-2.83582520,4.92655325,6.00000000,-0.28681642,0.15952149,0.36803767,-0.06115250,-0.00313547,0.07000000,0.00549451,-0.63493925,0.13120091,-0.21816267,-0.01229746,-0.35604715,2.38062906,-0.04816389,0.15644240,0.00122106,-0.11176935,
12638,-3.06440711,-1.85899079,2.84000635,6.00000000,0.16757813,-0.35771483,0.13469531,0.53493607,-0.01098645,0.07000000,0.00549451,-0.28501222,0.23999999,-0.23999999,-0.01229746,-0.07504916,1.02450824,0.54366148,0.27009398,0.00122106,-0.00235540,
12646,-0.26438811,-0.12918007,0.43981904,6.00000000,0.33515626,-0.40927735,0.25161058,0.80098581,0.01293650,0.07000000,0.00549451,0.05478898,0.23999999,-0.23999999,-0.01229746,2.25496531,-2.43822503,0.80802822,0.27513486,0.00122106,0.23792303,
12654,0.80462295,-0.12439167,2.83761215,6.00000000,0.35610351,-0.42055663,-0.04580934,0.64891428,0.08085090,0.07000000,0.00549451,0.17151669,0.23999999,-0.23999999,-0.01229746,4.66351986,-5.21504354,0.65671915,0.15032111,0.00122106,0.42387843,
12662,4.36480093,1.98370290,7.32195187,6.00000000,0.34643555,-0.42216796,-0.29616830,0.12146338,0.29941911,0.07000000,0.00549451,0.18057479,0.08696365,-0.06434941,-0.01229746,7.07207441,-7.65152311,0.12755865,-0.15467158,0.00122106,0.57270491,
12670,7.15524292,1.41148877,10.70376205,6.00000000,0.13696289,-0.13212891,-0.43745711,-0.65805477,0.43776900,0.07000000,0.00549451,0.14420646,-0.23999999,0.23999999,-0.01229746,8.21700954,-8.68650436,-0.65580535,-0.37283033,0.00122106,0.59406519,
12677,8.43254948,2.20756078,13.50617504,5.00000000,-0.31259766,0.40766603,-0.46442202,-1.37479353,0.43925312,0.07000000,0.00549451,-0.01152246,-0.23999999,0.23999999,-0.01229746,6.34252644,-6.28143978,-1.36528516,-0.62344205,0.00122106,0.37708274,
12686,-2.77710271,2.89110541,20.53136063,6.00000000,-0.35610351,0.42216796,-0.22286816,-1.46520483,0.28305346,0.07000000,0.00549451,-0.50956643,0.11116466,-0.18241706,-0.01229746,4.98116970,-3.31787109,-1.45640385,0.21100444,0.00122106,0.20332460,
12694,3.17129135,0.21438788,15.30781174,6.00000000,0.15146485,-0.29809570,0.62814730,-0.59529865,0.19917475,0.07000000,0.00549451,-0.31728008,-0.23999999,0.19639415,-0.01229746,4.08581591,-3.07177949,-0.58855987,-0.16985054,0.00122106,0.22780827,
12702,3.09946537,-0.81871015,4.67516184,6.00000000,-0.33354491,0.32709962,0.42793724,-0.36054340,-0.00663401,0.07000000,0.00549451,0.26510146,-0.09664866,0.13146576,-0.01229746,2.03330851,-2.88677454,-0.36321643,-0.10085864,0.00122106,0.16136101,
12710,-2.95666790,-1.90088928,10.95754719,6.00000000,-0.15791015,0.23525390,0.03274965,-0.17391227,-0.01764835,0.07000000,0.00549451,-0.06092766,0.09953280,-0.10878947,-0.01229746,1.07163215,-0.87964594,-0.17800909,0.06689367,0.00122106,0.05955501,
12718,-0.69295019,-4.07961273,4.50158215,6.00000000,0.12890625,-0.17724609,0.13046013,0.73529691,0.04386782,0.07000000,0.00549451,-0.14060861,0.16118905,-0.18100986,-0.01229746,1.08734012,-0.64053583,0.73451978,-0.01750810,0.00122106,0.12159882,
12726,-1.21129489,0.48014426,3.21230459,6.00000000,0.23847656,-0.32387695,-0.08497096,1.05517864,0.02615683,0.07000000,0.00549451,-0.10985728,0.23999999,-0.23999999,-0.01229746,2.84837723,-2.49931145,1.06145144,0.19079751,0.00122106,0.28459373,
12734,3.11383057,-0.77441740,2.86753964,6.00000000,0.34482422,-0.42539063,-0.07249057,0.90805203,0.00173198,0.07000000,0.00549451,0.13592699,0.14787547,-0.13061176,-0.01229746,4.29001951,-4.72809696,0.91880918,-0.15562180,0.00122106,0.41161311,
12742,4.96813965,-0.20459743,7.18787670,6.00000000,0.21108398,-0.23525390,0.03871707,0.31108513,-0.02287384,0.07000000,0.00549451,0.17454465,-0.14218260,0.16424966,-0.01229746,5.81194639,-6.34776258,0.31319129,-0.31731096,0.00122106,0.48918897,
12749,8.25059032,1.18403959,10.24766636,5.00000000,-0.19497070,0.26586914,-0.18434209,-0.37625796,0.01043809,0.07000000,0.00549451,0.00995299,-0.23999999,0.23999999,-0.01229746,5.08414412,-5.13475895,-0.37476748,-0.66190708,0.00122106,0.35978770,
12758,2.63738441,0.69203109,20.53136063,6.00000000,-0.35610351,0.43505859,-0.21764243,-0.59382206,0.06541725,0.07000000,0.00549451,-0.23963133,-0.23999999,0.23999999,-0.01229746,3.59712362,-2.81347060,-0.56315070,-0.21673554,0.00122106,0.19970314,
12766,2.11544847,2.13094640,17.00530052,6.00000000,-0.34804687,0.42539063,-0.08273163,0.37558833,0.02612364,0.07000000,0.00549451,-0.42773831,-0.23999999,0.23999999,-0.01229746,1.30027032,0.10995574,0.37581795,-0.42746526,0.00122106,0.07038236,
12774,-0.84977043,0.97095561,13.50138664,6.00000000,-0.35610351,0.43183595,0.11177465,0.98956174,-0.10097266,0.07000000,0.00549451,-0.45935339,-0.00122447,-0.06151726,-0.01229746,-0.76794487,2.20784140,0.98383033,-0.09988114,0.00122106,-0.03849256,
12782,-0.99461961,0.22037338,9.37378311,6.00000000,-0.02416992,-0.08862305,0.41731098,1.65294516,-0.12319047,0.07000000,0.00549451,-0.54134309,0.23999999,-0.23999999,-0.01229746,-1.04021621,2.76634693,1.65209270,0.04132520,0.00122106,-0.01951532,
12790,-0.40085760,-2.40726304,3.83479714,6.00000000,0.33676758,-0.40605468,0.29959899,1.91822791,-0.14746289,0.07000000,0.00549451,-0.02399907,0.23999999,-0.23999999,-0.01229746,0.16406095,-0.08552113,1.94084764,0.17461988,0.00122106,0.16007252,
12798,1.41873562,-2.00144577,2.55389905,6.00000000,0.34643555,-0.42539063,-0.18796635,1.45518196,-0.12019400,0.07000000,0.00549451,0.11908524,0.23999999,-0.23999999,-0.01229746,2.75238419,-3.13635659,1.45681524,0.07057358,0.00122106,0.33679318,
12806,2.81575227,-0.18664092,4.19153309,6.00000000,0.33837891,-0.42216796,-0.27108434,0.89054894,-0.06253204,0.07000000,0.00549451,0.28332043,0.23999999,-0.23999999,-0.01229746,4.96022606,-5.85034370,0.90243328,-0.03692582,0.00122106,0.48696136,
12814,4.73949337,1.51563644,5.96922779,6.00000000,0.34160155,-0.43989259,-0.18983848,0.18925938,-0.08699195,0.07000000,0.00549451,0.42755359,0.05902579,-0.00280528,-0.01229746,6.94641066,-8.29904079,0.19749993,-0.20314586,0.00122106,0.59562039,
12821,6.87272692,1.40071476,7.97796297,5.00000000,0.09345703,-0.02255859,-0.13371819,-0.55189151,-0.12800755,0.07000000,0.00549451,0.30792582,-0.23999999,0.23999999,-0.01229746,7.75100708,-8.77551556,-0.54600012,-0.40107381,0.00122106,0.58978963,
12830,9.44409943,0.01806333,10.43321705,6.00000000,-0.32226563,0.38994139,-0.02581817,-1.52076578,-0.09172821,0.07000000,0.00549451,0.01942316,-0.23999999,0.23999999,-0.01229746,5.26914883,-5.32848978,-1.51600933,-0.89072061,0.00122106,0.28791577,
12838,-2.77470851,-0.43922919,20.53136063,6.00000000,-0.34804687,0.43344727,-0.10056481,-1.53052914,-0.09376820,0.07000000,0.00549451,-0.18837285,0.23999999,-0.23999999,-0.01229746,3.80132723,-3.19395256,-1.52021897,0.37490040,0.00122106,0.15091106,
12846,1.02010107,1.62337554,15.58793354,6.00000000,0.32226563,-0.40766603,-0.12851112,-0.54634172,-0.09978706,0.07000000,0.00549451,-0.25799680,-0.23999999,0.23999999,-0.01229746,4.30223656,-3.46447849,-0.54291344,-0.45177248,0.00122106,0.25615618,
12854,4.10024166,0.78420788,-0.33949360,6.00000000,-0.33193359,0.40927735,0.28142962,-0.48628995,-0.15296559,0.07000000,0.00549451,-0.12831640,-0.23999999,0.23999999,-0.01229746,3.10843158,-2.68431640,-0.49540886,-0.30461743,0.00122106,0.18200822,
12862,-3.41635466,-0.64991891,9.68024063,6.00000000,-0.36577147,0.42055663,0.00316329,-0.47332817,-0.26696357,0.07000000,0.00549451,-0.35692725,0.09564810,-0.14525238,-0.01229746,1.30550635,-0.14835298,-0.47307694,0.12792346,0.00122106,0.02012250,
12870,-1.79428303,0.00728943,6.22660446,6.00000000,0.12084961,-0.23364258,0.11979420,0.59839976,-0.16736367,0.07000000,0.00549451,-0.42661807,0.18096258,-0.23970163,-0.01229746,1.20776784,0.18151423,0.59563231,0.04033588,0.00122106,0.08356331,
12878,1.17093575,-1.98708057,1.48967648,6.00000000,0.27392578,-0.42539063,0.23629498,0.89070606,-0.10919511,0.07000000,0.00549451,0.09019989,0.23999999,-0.23999999,-0.01229746,2.22878551,-2.51152873,0.90405792,0.06039929,0.00122106,0.24897231,
12886,4.63295126,-0.76005220,3.58340597,6.00000000,0.34965819,-0.42377931,-0.20644006,0.38163075,-0.07610624,0.07000000,0.00549451,0.31643400,-0.09718157,0.13885713,-0.01229746,4.00902128,-5.00560427,0.38922495,-0.26504204,0.00122106,0.37517780,
12893,6.56267786,-0.98151588,6.78086233,5.00000000,-0.12729493,0.22558594,-0.32731482,-0.44221541,-0.02667323,0.07000000,0.00549451,0.21418580,-0.23999999,0.23999999,-0.01229746,4.17657280,-4.87295961,-0.44378600,-0.36001778,0.00122106,0.31238711,
12902,3.60703611,1.96814060,16.64377594,6.00000000,-0.35610351,0.42377931,-0.41130540,-0.92095160,0.03311472,0.07000000,0.00549451,-0.34451228,-0.23999999,0.23999999,-0.01229746,3.29169106,-2.15722704,-0.91259229,-0.32177505,0.00122106,0.13333231,
12910,1.62942541,1.79456103,17.72356033,6.00000000,-0.34965819,0.42700195,-0.00898757,-0.03137740,0.07051253,0.07000000,0.00549451,-0.46643531,-0.23999999,0.23999999,-0.01229746,1.10479343,0.43284163,-0.02610862,-0.35905820,0.00122106,0.02571932,
12918,0.50893903,1.50965095,15.72560024,6.00000000,-0.36416015,0.42377931,0.06544272,0.38722897,0.00705049,0.07000000,0.00549451,-0.62575138,-0.23999999,0.23999999,-0.01229746,-0.60737455,2.59181404,0.38126931,-0.23757093,0.00122106,-0.09516815,
12926,0.72441721,-0.15312208,11.98465919,6.00000000,-0.35288087,0.42861328,0.25995526,1.05602217,-0.00144011,0.07000000,0.00549451,-0.83689570,-0.16749601,0.05372898,-0.01229746,-2.24449348,4.88866711,1.05578399,-0.16250110,0.00122106,-0.19096160,
12934,-1.96307421,-2.40008044,10.21893597,6.00000000,-0.26103514,0.10634766,0.09489494,1.60132790,-0.04975174,0.07000000,0.00549451,-0.77033859,0.10407409,-0.20845041,-0.01229746,-3.31961608,5.76482248,1.61599255,-0.02848357,0.00122106,-0.22215927,
12942,-0.79829508,-1.37775624,6.86106777,6.00000000,0.14018555,-0.35126954,0.24007857,2.11766863,-0.03098675,0.07000000,0.00549451,-0.31975469,0.23999999,-0.23999999,-0.01229746,-2.78030944,3.79783654,2.13117480,0.09582420,0.00122106,-0.08966182,
12950,1.60308921,-1.76322269,1.85120094,6.00000000,0.33515626,-0.42055663,0.02092033,1.96762741,-0.05985906,0.07000000,0.00549451,0.18493100,0.23999999,-0.23999999,-0.01229746,-1.12224674,0.53058010,1.99397743,-0.02282353,0.00122106,0.08804643,
12958,3.19643044,-0.34824952,3.64206386,6.00000000,0.35126954,-0.43183595,-0.17414999,1.22537577,-0.02655012,0.07000000,0.00549451,0.32702807,0.21901743,-0.17517453,-0.01229746,1.25140107,-2.30558014,1.24022806,-0.09515693,0.00122106,0.22757176,
12965,5.12017155,1.05714691,6.02070332,5.00000000,0.32548827,-0.31743163,-0.24318060,0.46688071,-0.03772601,0.07000000,0.00549451,0.46480101,-0.03425246,0.09629449,-0.01229746,2.90248251,-4.41219234,0.47578639,-0.21956708,0.00122106,0.31856897,
12974,7.50479650,1.13376129,7.77565289,6.00000000,-0.03222656,0.15468749,-0.13636598,-0.64328867,-0.06812263,0.07000000,0.00549451,0.30122203,-0.23999999,0.23999999,-0.01229746,2.83092403,-3.83099771,-0.63739145,-0.47464603,0.00122106,0.20261981,
12982,4.51922703,1.74308562,15.32337379,6.00000000,-0.35288087,0.42216796,-0.05101492,-1.28189075,-0.06151384,0.07000000,0.00549451,-0.17064282,-0.23999999,0.23999999,-0.01229746,1.93382490,-1.38230073,-1.27043128,-0.45109415,0.00122106,0.02914724,
12990,0.02171899,0.14495602,18.05755234,6.00000000,-0.35288087,0.42539063,0.10801317,-0.54956263,-0.03297304,0.07000000,0.00549451,-0.32640350,-0.23999999,0.23999999,-0.01229746,0.26529005,0.78888881,-0.53648770,-0.15770921,0.00122106,-0.06252188,
12998,0.28867248,0.40831822,13.81981564,6.00000000,-0.35771483,0.43828124,0.06052718,-0.06925547,-0.05100957,0.07000000,0.00549451,-0.46205503,-0.23999999,0.23999999,-0.01229746,-1.47480321,2.98800373,-0.06808832,-0.22218230,0.00122106,-0.17614946,
13006,-0.46550107,0.64654130,10.10999966,6.00000000,-0.35288087,0.42055663,0.02551233,0.64049107,-0.04910917,0.07000000,0.00549451,-0.61721045,-0.23999999,0.17453665,-0.01229746,-3.16602707,5.18537331,0.63873982,-0.16242170,0.00122106,-0.27024192,
13014,-2.60472035,-0.17347281,8.04021263,6.00000000,-0.34965819,0.31582031,0.12911870,1.28085113,-0.05557311,0.07000000,0.00549451,-0.75012672,0.10678747,-0.20828170,-0.01229746,-4.63384914,7.08429146,1.28287482,0.05412705,0.00122106,-0.34920838,
13022,-2.24678707,-0.59724653,6.77727079,6.00000000,0.13535157,-0.33032227,0.20614149,1.98479056,-0.02483860,0.07000000,0.00549451,-0.53739285,0.23999999,-0.23999999,-0.01229746,-4.11374092,5.82590866,1.99240589,0.15690729,0.00122106,-0.22475561,
13030,1.58992112,-1.78955901,1.39271128,6.00000000,0.32871094,-0.41411132,0.22162205,2.11613154,0.00540235,0.07000000,0.00549451,0.03586981,0.23999999,-0.23999999,-0.01229746,-2.31605196,2.20086026,2.14531922,0.09795585,0.00122106,-0.00855523,
13037,3.84286499,-1.24368095,3.62769866,5.00000000,0.34482422,-0.42539063,-0.20554738,1.36257100,0.03945067,0.07000000,0.00549451,0.19589388,0.10285185,-0.07661472,-0.01229746,0.25830874,-0.90233523,1.37984729,-0.16453041,0.00122106,0.14612059,
13046,6.37593031,-0.46436831,6.71262741,6.00000000,0.15791015,-0.14663085,-0.40741217,0.39653763,0.08098199,0.07000000,0.00549451,0.20597212,-0.23999999,0.23999999,-0.01229746,1.50970984,-2.19038820,0.39993382,-0.34954751,0.00122106,0.16955221,
13054,6.97448063,2.64569974,9.17626095,6.00000000,-0.32548827,0.40605468,-0.35765460,-0.55555940,0.07847673,0.07000000,0.00549451,0.11761244,-0.23999999,0.23999999,-0.01229746,-0.44331363,0.06457718,-0.55068845,-0.53101259,0.00122106,-0.06163011,
13062,-4.26150799,2.49606204,20.53136063,6.00000000,-0.35932618,0.44150391,-0.00265971,-0.75976020,0.04848034,0.07000000,0.00549451,-0.11129752,0.23999999,-0.23999999,-0.01229746,-0.58992130,0.94771379,-0.75044417,0.30576813,0.00122106,-0.11737087,
13070,4.00686789,-0.27043799,15.01332474,6.00000000,0.32548827,-0.40283203,0.18663436,0.09817969,-0.00118512,0.07000000,0.00549451,0.19661891,-0.23999999,0.23999999,-0.01229746,-0.56374133,-0.06457718,0.09930587,-0.71526223,0.00122106,-0.01091991,
13078,8.32241631,1.25227427,0.92344779,6.00000000,-0.34482422,0.40444335,0.30032676,-0.48893926,-0.11084643,0.07000000,0.00549451,0.15090638,-0.23999999,0.23999999,-0.01229746,-1.01927233,0.53232545,-0.48629028,-1.03407335,0.00122106,-0.09581484,
13086,-0.69773865,-2.17741966,10.04655361,6.00000000,-0.35932618,0.43022460,0.02406646,-0.60639727,-0.15647580,0.07000000,0.00549451,-0.12503132,-0.23999999,0.23999999,-0.01229746,-2.07868719,2.48360348,-0.61086684,-0.10573912,0.00122106,-0.22000524,
13094,-0.25361422,0.33768925,5.48081064,6.00000000,-0.36577147,0.42700195,0.16045941,0.20515415,-0.11092082,0.07000000,0.00549451,-0.40181023,-0.23999999,0.23999999,-0.01229746,-3.77689242,5.05621910,0.20025712,-0.16055033,0.00122106,-0.31981611,
13102,-1.43874407,-0.60203493,5.66396713,6.00000000,-0.35449219,0.42861328,0.02552090,0.92961735,-0.02164482,0.07000000,0.00549451,-0.58569992,-0.14565225,0.06655791,-0.01229746,-5.56934595,7.46302795,0.93303096,-0.06893694,0.00122106,-0.42753550,
13109,-0.53253871,-1.00904918,6.79163599,5.00000000,-0.22075196,0.13212891,-0.08258572,1.52117026,0.00513874,0.07000000,0.00549451,-0.58590049,-0.19995378,0.12121092,-0.01229746,-6.79805756,8.72141075,1.53010857,-0.16820914,0.00122106,-0.47289461,
13118,-0.39367500,-0.25248146,9.43124390,6.00000000,-0.30776367,0.22397462,0.00209663,1.93420482,-0.02695861,0.07000000,0.00549451,-0.28423500,0.01329046,-0.05077256,-0.01229746,-7.71959114,8.64287090,1.93588936,-0.07851052,0.00122106,-0.47399107,
13126,-0.54929811,0.28022841,12.42878437,6.00000000,0.00644531,-0.07089844,0.03466643,2.34010220,-0.03253599,0.07000000,0.00549451,-0.03371584,0.11884707,-0.12219092,-0.01229746,-7.60614491,7.71610069,2.33141303,-0.08499116,0.00122106,-0.40612000,
13134,2.58590913,0.03123144,9.57010746,6.00000000,0.16757813,-0.22397462,0.00561414,2.47299957,0.00738112,0.07000000,0.00549451,-0.00527310,-0.01250210,0.01284257,-0.01229746,-6.30762005,6.33030939,2.47125125,-0.23486874,0.00122106,-0.29319513,
13142,5.18361807,-1.41606343,8.31315136,6.00000000,-0.02416992,0.00644531,0.10489964,1.64635718,0.09843549,0.07000000,0.00549451,0.00854412,-0.23999999,0.23999999,-0.01229746,-5.92539263,5.89921284,1.64676380,-0.45314011,0.00122106,-0.32485637,
13150,2.82413197,1.20678449,12.60954666,6.00000000,-0.35932618,0.41894531,-0.05181047,1.05559289,0.20194356,0.07000000,0.00549451,-0.13341144,-0.23999999,0.23999999,-0.01229746,-6.52927685,6.97608137,1.04934990,-0.25936985,0.00122106,-0.43228215,
13158,-3.12785339,-0.54696828,17.44463730,6.00000000,-0.36254883,0.44150391,-0.17205739,1.42077780,0.18503585,0.07000000,0.00549451,-0.29463631,0.12363100,-0.16270873,-0.01229746,-7.55204010,8.50673485,1.41018820,0.07655942,0.00122106,-0.50277710,
13166,0.50415063,0.57232100,10.03697681,6.00000000,0.16113281,-0.26264650,0.09365015,2.04460716,0.11863613,0.07000000,0.00549451,-0.02024688,-0.13188210,0.13030349,-0.01229746,-7.71260977,7.76496983,2.04324985,-0.22267504,0.00122106,-0.43493089,
13174,1.94186878,0.68245429,1.21913171,6.00000000,-0.19658203,0.23203126,0.31190461,2.05439448,-0.01124811,0.07000000,0.00549451,0.21785723,-0.01363273,0.04450278,-0.01229746,-8.22399139,7.51015139,2.07733870,-0.15061197,0.00122106,-0.44216126,
13181,-2.21207118,-0.94440573,8.12879753,5.00000000,-0.02578125,0.08862305,0.21900080,1.77502990,-0.07751437,0.07000000,0.00549451,0.10109536,0.15459791,-0.13969387,-0.01229746,-8.13498020,7.80336714,1.77753937,0.02444245,0.00122106,-0.47342101,
13190,1.52288342,-0.65231317,5.66875553,6.00000000,0.21269532,-0.24653320,0.05702400,2.01327634,0.01809070,0.07000000,0.00549451,-0.05134323,-0.04398757,0.03798167,-0.01229746,-6.52753162,6.71079111,2.02211380,-0.18064740,0.00122106,-0.35303196,
13198,4.09904432,-0.71935081,3.22786689,6.00000000,-0.06445312,0.04995117,0.01572675,1.54166174,0.11953966,0.07000000,0.00549451,0.00868289,-0.23999999,0.23999999,-0.01229746,-5.92015696,5.88175964,1.56153870,-0.34205049,0.00122106,-0.33155981,
13206,1.44507194,1.30135548,9.44321442,6.00000000,-0.35126954,0.42216796,-0.20131026,1.15023124,0.15299913,0.07000000,0.00549451,-0.10628895,-0.23999999,0.23559356,-0.01229746,-7.45081043,7.80336714,1.15162408,-0.17303807,0.00122106,-0.49692452,
13214,-4.59430170,0.08510098,20.33443832,6.00000000,-0.35288087,0.42539063,-0.14906761,1.40795410,0.15145753,0.07000000,0.00549451,-0.24438226,0.23999999,-0.23999999,-0.01229746,-8.49277210,9.27991581,1.39076209,0.21528187,0.00122106,-0.56960392,
13222,1.49774432,0.99609470,12.83819294,6.00000000,0.32226563,-0.38027343,0.02601067,2.11202645,0.10550574,0.07000000,0.00549451,-0.12338363,-0.23999999,0.23999999,-0.01229746,-8.04596806,8.43866730,2.10734868,-0.37805608,0.00122106,-0.46731985,
13230,5.04116297,0.17129225,0.00048304,6.00000000,-0.33193359,0.40766603,0.31805387,1.91520667,-0.02990499,0.07000000,0.00549451,0.04467162,-0.23999999,0.23999999,-0.01229746,-8.33918285,8.19955635,1.93814707,-0.43231100,0.00122106,-0.48218128,
13238,-5.42868137,-1.22452736,10.44638538,6.00000000,-0.36416015,0.43183595,0.15897720,1.78832424,-0.08596649,0.07000000,0.00549451,-0.09057248,0.23999999,-0.23999999,-0.01229746,-10.33758450,10.60985661,1.78847504,0.30211475,0.00122106,-0.65888870,
13246,-1.01018190,0.64175290,6.25413799,6.00000000,0.31743163,-0.38671875,0.09412610,2.39599419,-0.06917285,0.07000000,0.00549451,-0.02641945,0.08428043,-0.08624755,-0.01229746,-9.73195553,9.80176830,2.41042519,-0.07131070,0.00122106,-0.56072688,
13253,-0.94075012,-0.28600028,0.20877859,5.00000000,0.13051757,-0.15468749,0.28312674,2.50685716,-0.05642998,0.07000000,0.00549451,0.24610071,0.23999999,-0.23999999,-0.01229746,-7.96742821,7.21693659,2.53885841,0.23330541,0.00122106,-0.39145470,
13262,-0.66661400,-0.24769306,4.34356499,6.00000000,0.35932618,-0.42055663,-0.06081345,1.99169028,-0.05907541,0.07000000,0.00549451,0.23027006,0.23999999,-0.23999999,-0.01229746,-5.76482248,5.01084042,2.01006746,0.20559666,0.00122106,-0.25436530,
13270,2.11903977,-2.67780781,10.61278248,6.00000000,0.36416015,-0.41249999,-0.10896911,1.23962057,0.06103085,0.07000000,0.00549451,0.41570473,0.23999999,-0.22702312,-0.01229746,-2.73144031,1.39451814,1.23160505,0.03909419,0.00122106,-0.05895671,
13278,2.72118139,0.65372390,12.67658424,6.00000000,0.35610351,-0.39960939,-0.20286147,0.35899934,0.13608390,0.07000000,0.00549451,0.54365700,0.20508792,-0.13178964,-0.01229746,-0.42236969,-1.35088491,0.35707921,0.04631414,0.00122106,0.06169695,
13286,4.10503006,1.30015838,13.88685322,6.00000000,0.31582031,-0.24814454,-0.36398315,-0.56306529,0.15146253,0.07000000,0.00549451,0.48611814,0.04362135,0.02131036,-0.01229746,1.21300387,-2.76285625,-0.55787241,0.03037608,0.00122106,0.11022063,
13294,4.75385857,0.87758172,14.54765224,6.00000000,0.07573242,0.03061523,-0.18506545,-1.41859591,0.14034119,0.07000000,0.00549451,0.25389227,-0.23999999,0.23999999,-0.01229746,1.29328895,-2.11010313,-1.40939438,-0.15879655,0.00122106,0.02310842,
13302,3.39514923,0.01327493,14.24717999,6.00000000,-0.32548827,0.40927735,-0.00624538,-2.10226297,0.06230068,0.07000000,0.00549451,0.02379563,-0.23999999,0.23999999,-0.01229746,-1.19205987,1.11526537,-2.09125614,-0.29801503,0.00122106,-0.24392363,
13310,-2.16299009,0.18206614,20.53136063,6.00000000,-0.35126954,0.42861328,0.01665158,-2.24580002,-0.00368929,0.07000000,0.00549451,-0.00551808,-0.23999999,0.23999999,-0.01229746,-2.62322998,2.65639114,-2.21492839,0.01683402,0.00122106,-0.37128377,
13318,-0.67259949,0.51007175,10.50264835,6.00000000,-0.34160155,0.43828124,0.38469377,-1.15180159,-0.13707276,0.07000000,0.00549451,-0.05800698,-0.23999999,0.23999999,-0.01229746,-5.06843615,5.24296904,-1.14898431,-0.16942224,0.00122106,-0.48049867,
13325,-4.78224659,0.31973276,5.33596134,5.00000000,-0.34804687,0.42539063,0.40827346,-0.51259851,-0.26159760,0.07000000,0.00549451,-0.09434906,0.04700813,-0.05951810,-0.01229746,-6.99702501,7.27976847,-0.50083137,0.27486053,0.00122106,-0.58566284,
13334,-3.98018909,-1.21135926,0.82049710,6.00000000,0.04833984,-0.09506836,0.45895758,0.41505125,-0.26519147,0.07000000,0.00549451,-0.12370522,0.23999999,-0.23999999,-0.01229746,-7.48746252,7.92728567,0.42594689,0.33290529,0.00122106,-0.55512738,
13342,-2.79625630,-1.74526620,-1.51983500,6.00000000,0.32709962,-0.39316407,0.42210248,0.79801941,-0.24816269,0.07000000,0.00549451,0.10182732,0.23999999,-0.23999999,-0.01229746,-5.45240831,5.13824940,0.80623627,0.44760647,0.00122106,-0.34079152,
13350,-2.15341330,-1.68900251,-1.28161192,6.00000000,0.33837891,-0.42055663,0.01029251,0.81926358,-0.16656902,0.07000000,0.00549451,0.25288829,0.23999999,-0.23999999,-0.01229746,-2.25322008,1.40149939,0.83094281,0.50375801,0.00122106,-0.07151610,
13358,0.76990700,0.50288916,4.40701103,6.00000000,0.34321290,-0.42539063,-0.46134248,0.46906748,0.03233203,0.07000000,0.00549451,0.18676957,0.23999999,-0.23999999,-0.01229746,0.95993108,-1.56730568,0.47739249,0.30984980,0.00122106,0.12960365,
13366,1.74554420,1.43183947,11.23527431,6.00000000,0.35610351,-0.42539063,-0.71490049,-0.10608998,0.20634212,0.07000000,0.00549451,0.28188404,0.23999999,-0.23999999,-0.01229746,2.93564367,-3.83972430,-0.10374171,0.18137760,0.00122106,0.25036606,
13374,5.13812780,3.31368208,16.27028084,6.00000000,0.36416015,-0.42377931,-0.61705530,-1.10044956,0.24092261,0.07000000,0.00549451,0.33829138,-0.12389615,0.16800649,-0.01229746,4.61988688,-5.70722675,-1.09012485,-0.08107837,0.00122106,0.31040910,
13382,6.18319702,2.48768234,19.00086784,6.00000000,-0.15468749,0.26586914,-0.22048038,-2.24575377,0.19342726,0.07000000,0.00549451,0.28591353,-0.23999999,0.23999999,-0.01229746,3.87986708,-4.80140066,-2.22084188,-0.20839342,0.00122106,0.16190307,
13390,2.26149464,-0.74808121,20.53136063,6.00000000,-0.32387695,0.40444335,0.03406771,-2.93136549,0.07405607,0.07000000,0.00549451,0.08718348,-0.23999999,0.23999999,-0.01229746,0.30892330,-0.60039330,-2.89639878,-0.33488679,0.00122106,-0.18524799,
13397,-1.95110321,0.92067736,20.53136063,5.00000000,-0.34804687,0.42700195,0.03869102,-2.74681854,-0.05187598,0.07000000,0.00549451,-0.16978633,-0.23999999,0.23999999,-0.01229746,-1.24441981,1.78547192,-2.70274472,-0.01226684,0.00122106,-0.32575223,
13406,-0.68576759,-1.62435901,10.01183701,6.00000000,-0.35288087,0.43828124,0.57228798,-1.65743256,-0.21656932,0.07000000,0.00549451,-0.09769111,-0.23999999,0.23999999,-0.01229746,-3.81005383,4.15562916,-1.65569222,-0.09884762,0.00122106,-0.42918095,
13414,-4.82534218,-0.58886677,2.33243561,6.00000000,-0.35932618,0.42861328,0.55721772,-1.01038182,-0.31263238,0.07000000,0.00549451,-0.21459934,0.01380482,-0.04299161,-0.01229746,-5.92713833,6.65668583,-1.02123070,0.31240657,0.00122106,-0.55717134,
13422,-3.71443272,-1.96912408,-1.77122617,6.00000000,0.00644531,-0.06767578,0.49676931,-0.00840485,-0.27559569,0.07000000,0.00549451,-0.31156939,0.23999999,-0.23999999,-0.01229746,-6.62177896,7.61836195,-0.01964271,0.40501428,0.00122106,-0.54414296,
13430,-2.67774343,-1.99665737,-3.93319035,6.00000000,0.32871094,-0.40444335,0.35371563,0.35167396,-0.23231892,0.07000000,0.00549451,-0.16658376,0.23999999,-0.23999999,-0.01229746,-4.96720695,5.46637154,0.35544699,0.50380385,0.00122106,-0.37436572,
13438,-2.33656979,1.05475271,-0.18985599,6.00000000,0.33354491,-0.41249999,0.08160494,0.40010676,-0.13109909,0.07000000,0.00549451,-0.00847885,0.23999999,-0.23999999,-0.01229746,-1.26536369,1.28281701,0.40416524,0.52907580,0.00122106,-0.06291091,
13446,1.37803423,-0.53858858,2.75860333,6.00000000,0.34804687,-0.42216796,-0.44025525,0.17325623,0.11086047,0.07000000,0.00549451,0.03901925,0.23999999,-0.23999999,-0.01229746,1.62664676,-1.73485732,0.17866167,0.13467702,0.00122106,0.13974354,
13454,2.10467458,2.17883039,10.72770405,6.00000000,0.35288087,-0.43505859,-0.88017994,-0.37463456,0.32921281,0.07000000,0.00549451,0.13222137,0.17564234,-0.15915516,-0.01229746,3.69311690,-4.09803295,-0.37301803,0.07155253,0.00122106,0.26561883,
13462,5.46134520,2.75942421,14.59673405,6.00000000,0.27070314,-0.29809570,-0.84248537,-1.23725414,0.42420378,0.07000000,0.00549451,0.20280822,-0.23999999,0.23999999,-0.01229746,4.97244310,-5.60425234,-1.23013973,-0.16298175,0.00122106,0.30879152,
13469,5.59542036,3.25741816,17.94382858,5.00000000,-0.31259766,0.39477539,-0.47716373,-2.27783132,0.25342712,0.07000000,0.00549451,0.25648031,-0.23999999,0.23999999,-0.01229746,3.34230542,-4.16784620,-2.25503230,-0.19513850,0.00122106,0.11554457,
13478,-1.28910649,0.30177623,20.53136063,6.00000000,-0.35126954,0.42216796,-0.05919510,-2.69388914,0.04407888,0.07000000,0.00549451,-0.06652668,-0.23999999,0.23999999,-0.01229746,0.81332338,-0.58992130,-2.65852952,-0.08296049,0.00122106,-0.14682490,
13486,0.46823761,-0.37578285,17.25788879,6.00000000,-0.34160155,0.43022460,0.69111377,-1.81803358,-0.03861973,0.07000000,0.00549451,0.00413881,-0.23999999,0.23999999,-0.01229746,-2.19038820,2.20784140,-1.85641944,-0.28895232,0.00122106,-0.30911604,
13494,-2.29227686,-2.87173820,10.58644581,6.00000000,-0.35932618,0.42216796,0.37785017,-1.19966674,-0.24535678,0.07000000,0.00549451,-0.16942891,-0.23999999,0.23999999,-0.01229746,-3.99680400,4.52912951,-1.20086896,-0.02197993,0.00122106,-0.41527003,
13502,-4.31298304,-2.79392648,4.58657646,6.00000000,-0.36254883,0.42377931,0.56184441,-0.38383755,-0.19996215,0.07000000,0.00549451,-0.44440258,0.10532722,-0.16557200,-0.01229746,-5.85034370,7.31292963,-0.38833427,0.30240625,0.00122106,-0.52833790,
13510,-3.20805907,-2.68379331,-0.31674868,6.00000000,0.12568359,-0.26586914,0.25369948,0.42862582,-0.14658289,0.07000000,0.00549451,-0.44368905,0.23999999,-0.23999999,-0.01229746,-6.12610579,7.54505825,0.43391088,0.33607560,0.00122106,-0.48793840,
13518,-2.89202452,-0.38775384,-3.86734986,6.00000000,0.32065430,-0.40283203,0.26970366,0.78487819,-0.13402162,0.07000000,0.00549451,-0.17285226,0.23999999,-0.23999999,-0.01229746,-3.50811172,4.06312656,0.79270452,0.54663104,0.00122106,-0.23044005,
13526,-0.57922566,1.42226267,-1.14274824,6.00000000,0.33837891,-0.41411132,0.05865669,0.69701427,-0.03079289,0.07000000,0.00549451,-0.00163378,0.23999999,-0.23999999,-0.01229746,-0.11344640,0.11344640,0.70771909,0.38092571,0.00122106,0.04203841,
13534,0.88602579,0.24192119,4.57819653,6.00000000,0.34160155,-0.42539063,-0.27640122,0.29302049,0.14970347,0.07000000,0.00549451,-0.02205999,0.23999999,-0.23999999,-0.01229746,2.64766431,-2.56388855,0.29913419,0.15746784,0.00122106,0.22274052,
13541,2.38719034,2.33205938,11.26041317,5.00000000,0.35771483,-0.42861328,-0.66172886,-0.35657975,0.41246122,0.07000000,0.00549451,0.00413453,0.08754547,-0.08861950,-0.01229746,4.63559437,-4.57974386,-0.34784105,-0.00816628,0.00122106,0.32563961,
13550,6.70513296,2.25305057,14.74637127,6.00000000,0.14018555,-0.16918945,-0.68254560,-1.37404037,0.51632839,0.07000000,0.00549451,0.07425021,-0.23999999,0.23999999,-0.01229746,5.48731518,-5.72118902,-1.36988735,-0.39688218,0.00122106,0.32185349,
13558,6.52676487,1.85920441,17.34288216,6.00000000,-0.31582031,0.39799803,-0.42901596,-2.30833197,0.38137287,0.07000000,0.00549451,0.03847665,-0.23999999,0.23999999,-0.01229746,3.10668612,-3.22362304,-2.28954387,-0.41122693,0.00122106,0.06431013,
13566,-3.44747925,0.43106312,20.53136063,6.00000000,-0.35288087,0.43344727,-0.18378140,-2.56222558,0.14588404,0.07000000,0.00549451,-0.10406362,-0.21000709,0.19418520,-0.01229746,1.09432149,-0.76619959,-2.53028369,0.19306770,0.00122106,-0.11801478,
13574,0.99137068,1.23431778,14.98938274,6.00000000,-0.30292970,0.35771483,0.58608741,-1.68452907,0.01676139,0.07000000,0.00549451,-0.01549789,-0.23999999,0.23999999,-0.01229746,-1.56032443,1.55857909,-1.62934434,-0.34402493,0.00122106,-0.24138778,
13582,-2.23840737,-1.03179407,8.17309093,6.00000000,-0.35771483,0.42055663,0.48464218,-1.09724784,-0.18457524,0.07000000,0.00549451,0.01862831,-0.23999999,0.23999999,-0.01229746,-3.54650903,3.52207446,-1.12896562,0.01771346,0.00122106,-0.35508144,
13590,-4.00413132,-2.85497880,3.73184633,6.00000000,-0.34804687,0.41733399,0.48926604,-0.29952532,-0.18277937,0.07000000,0.00549451,-0.32467341,-0.01014799,-0.03389239,-0.01229746,-5.25169563,6.30936527,-0.29698062,0.18169212,0.00122106,-0.46639293,
13598,-3.96821809,-2.78434968,1.45855188,6.00000000,-0.02739258,-0.02900391,0.29882917,0.53803366,-0.10993673,0.07000000,0.00549451,-0.45163065,0.23999999,-0.23999999,-0.01229746,-5.91841173,7.38448811,0.54259062,0.34088990,0.00122106,-0.46480069,
13606,-3.72400951,-1.84821689,0.20758149,6.00000000,0.33354491,-0.39960939,0.19272964,1.02377808,-0.04550814,0.07000000,0.00549451,-0.29667607,0.23999999,-0.23999999,-0.01229746,-3.66170073,4.60243368,1.03785574,0.51770353,0.00122106,-0.23589373,
13613,-1.11313260,0.09348068,-0.43286747,5.00000000,0.33676758,-0.41894531,0.02983730,1.04598582,0.03332656,0.07000000,0.00549451,-0.06913222,0.23999999,-0.23999999,-0.01229746,-0.61784661,0.83601272,1.06121135,0.42872417,0.00122106,0.02636576,
13622,2.35486865,0.09826909,3.09259462,6.00000000,0.35288087,-0.42377931,-0.41316465,0.57170320,0.20302339,0.07000000,0.00549451,-0.12648720,0.20823643,-0.22638024,-0.01229746,2.27067351,-1.85353959,0.58310807,0.01001126,0.00122106,0.19976653,
13630,3.79857206,2.35480428,9.46236801,6.00000000,0.30131835,-0.40927735,-0.64528984,-0.16621734,0.40027136,0.07000000,0.00549451,0.05954503,-0.18615615,0.19281086,-0.01229746,3.76642060,-3.93746281,-0.16780621,-0.21770793,0.00122106,0.28070441,
13638,7.04032135,2.10580730,15.01691628,6.00000000,-0.24008790,0.31582031,-0.64129627,-1.28451896,0.42125973,0.07000000,0.00549451,0.11690243,-0.23999999,0.23999999,-0.01229746,2.69478822,-3.06130743,-1.28039193,-0.38326454,0.00122106,0.12418476,
13646,0.49457383,0.89194697,20.53136063,6.00000000,-0.35610351,0.42216796,-0.40944231,-1.89063478,0.29890221,0.07000000,0.00549451,-0.08893313,-0.23999999,0.23999999,-0.01229746,1.01403630,-0.72431165,-1.87034631,-0.08734193,0.00122106,-0.07593220,
13654,1.60787761,3.16045308,19.96333694,6.00000000,-0.34160155,0.43344727,0.28823993,-1.14260256,0.11209267,0.07000000,0.00549451,0.00929156,-0.23999999,0.23999999,-0.01229746,-1.97745812,1.94604206,-1.14553070,-0.37956366,0.00122106,-0.24077824,
13662,-0.92039937,2.36797237,12.97466183,6.00000000,-0.36093751,0.42216796,0.37175885,-0.71026909,-0.16994998,0.07000000,0.00549451,0.00872107,-0.23999999,0.23999999,-0.01229746,-4.08407068,4.10152388,-0.71212333,-0.12258589,0.00122106,-0.36595371,
13670,-3.64859223,-1.09284627,7.91691113,6.00000000,-0.35932618,0.42216796,0.84871322,0.06535934,-0.22478743,0.07000000,0.00549451,-0.20956004,-0.04974371,0.02152929,-0.01229746,-5.86256075,6.52927685,0.00105149,0.11237042,0.00122106,-0.47326964,
13678,-2.57479286,-3.60915232,1.76620674,6.00000000,-0.09023438,0.04833984,0.47648078,0.75646979,-0.13895814,0.07000000,0.00549451,-0.23183015,0.17192009,-0.20276222,-0.01229746,-6.89230490,7.64105129,0.76190305,0.18705925,0.00122106,-0.49635652,
13685,-3.51212263,-3.76597238,-1.17746425,5.00000000,0.22236328,-0.33193359,0.17471750,1.28286636,-0.06511040,0.07000000,0.00549451,-0.15093464,0.23999999,-0.23999999,-0.01229746,-5.56410933,6.05105686,1.29981661,0.40346187,0.00122106,-0.34248382,
13694,-1.91040182,-1.62435901,-1.80235088,6.00000000,0.33032227,-0.41572267,-0.05063622,1.38501894,-0.01451736,0.07000000,0.00549451,0.04863507,0.23999999,-0.23999999,-0.01229746,-2.23053074,2.06996036,1.40709949,0.42510462,0.00122106,-0.05655593,
13702,0.97939968,-0.87736809,0.81451160,6.00000000,0.34321290,-0.42861328,-0.30425593,1.10542929,0.08162268,0.07000000,0.00549451,0.05500808,0.23999999,-0.23999999,-0.01229746,0.86219269,-1.05592418,1.12375116,0.19243675,0.00122106,0.15808968,
13710,2.44704533,1.52880466,8.13957214,6.00000000,0.36577147,-0.42700195,-0.57765085,0.46047518,0.25377455,0.07000000,0.00549451,0.05638486,0.23999999,-0.23999999,-0.01229746,2.93738914,-3.08225155,0.46505696,0.02807778,0.00122106,0.26499796,
13718,6.42860270,2.48289394,13.87129021,6.00000000,0.35771483,-0.43989259,-0.49278799,-0.56908894,0.40130126,0.07000000,0.00549451,0.08751781,-0.23999999,0.23999999,-0.01229746,4.75253153,-5.01258564,-0.56885833,-0.35673293,0.00122106,0.32846752,
13726,8.94730282,1.80294073,18.30774689,6.00000000,-0.32387695,0.38510743,-0.25287810,-1.90651155,0.45319611,0.07000000,0.00549451,-0.06268889,-0.23999999,0.23999999,-0.01229746,3.49763966,-3.24456692,-1.89504123,-0.49232420,0.00122106,0.11355345,
13734,-1.94272351,-0.36740315,20.53136063,6.00000000,-0.34804687,0.43344727,-0.26825252,-2.39405656,0.34877056,0.07000000,0.00549451,0.08791709,-0.23999999,0.23999999,-0.01229746,1.20427716,-1.47829378,-2.36822438,0.04145151,0.00122106,-0.07526328,
13742,2.30219603,4.50719166,17.31894112,6.00000000,-0.34804687,0.42216796,-0.00655491,-1.49526966,0.05949579,0.07000000,0.00549451,0.08760659,-0.23999999,0.23999999,-0.01229746,-1.73485732,1.44164193,-1.46684361,-0.44580629,0.00122106,-0.23316243,
13750,-4.27707005,1.22114968,11.53814125,6.00000000,-0.34804687,0.43183595,0.60600030,-0.87155932,-0.20644137,0.07000000,0.00549451,0.25015077,-0.06907377,0.10272309,-0.01229746,-3.89033890,3.05781674,-0.86989623,0.13863266,0.00122106,-0.33051926,
13757,-2.64781594,-0.07411344,2.59220648,5.00000000,-0.11762695,0.17724609,0.67964935,-0.15539943,-0.37813237,0.07000000,0.00549451,0.17077149,-0.23999999,0.23999999,-0.01229746,-5.15221214,4.58148909,-0.16496176,-0.06095681,0.00122106,-0.38429967,
13766,-3.50853133,-3.44514942,-0.66390795,6.00000000,-0.35932618,0.41572267,0.59709454,0.48965710,-0.30985785,0.07000000,0.00549451,-0.07402413,0.08391783,-0.09351400,-0.01229746,-6.25351429,6.51705933,0.48074490,0.13500987,0.00122106,-0.44799209,
13774,-4.53444672,-4.26037502,0.82408839,6.00000000,0.10312500,-0.14663085,0.20204864,1.12149823,-0.26899022,0.07000000,0.00549451,-0.23690329,0.23999999,-0.23999999,-0.01229746,-6.31111050,7.04938459,1.10062337,0.32127297,0.00122106,-0.42422166,
13782,-1.97504520,-1.93799949,-1.06014836,6.00000000,0.33354491,-0.39799803,-0.08856770,1.50898087,-0.16414204,0.07000000,0.00549451,-0.09816442,0.23999999,-0.23999999,-0.01229746,-3.65471935,3.97062397,1.52756453,0.31762016,0.00122106,-0.17426714,
13790,-0.72646904,-0.13277137,2.30490208,6.00000000,0.34643555,-0.41411132,-0.37530825,1.46457803,-0.07940968,0.07000000,0.00549451,-0.01776241,0.23999999,-0.23999999,-0.01229746,-0.28448865,0.33859387,1.48153675,0.29498267,0.00122106,0.08953917,
13798,4.53838062,-0.11242066,7.75769663,6.00000000,0.36254883,-0.42539063,-0.55000734,0.79847211,0.16440180,0.07000000,0.00549451,0.19122958,-0.03491752,0.06006459,-0.01229746,1.80467045,-2.42775321,0.76988196,-0.21279320,0.00122106,0.22301185,
13806,6.85716486,1.92504501,13.27154350,6.00000000,-0.03544922,0.08217774,-0.65609068,-0.23625927,0.26759225,0.07000000,0.00549451,0.15876728,-0.23999999,0.23999999,-0.01229746,1.84306765,-2.35968518,-0.23670405,-0.26047847,0.00122106,0.14180361,
13814,2.90314078,0.85842812,20.53136063,6.00000000,-0.34321290,0.42700195,-0.48781681,-1.08758533,0.25167438,0.07000000,0.00549451,-0.17336427,-0.23999999,0.23999999,-0.01229746,0.15882497,0.39793506,-1.08198118,-0.16962270,0.00122106,-0.09252222,
13822,-2.92674041,1.67963934,20.53136063,6.00000000,-0.35288087,0.42861328,0.00033409,-0.84426999,0.08018886,0.07000000,0.00549451,-0.05238290,-0.12941995,0.12161172,-0.01229746,-1.73311198,1.88495564,-0.83024287,0.06432773,0.00122106,-0.20235312,
13829,2.17769766,2.02440429,15.76390743,5.00000000,-0.19174805,0.23041992,0.26662397,-0.43237719,-0.18859500,0.07000000,0.00549451,0.14810401,-0.23999999,0.23999999,-0.01229746,-3.80830836,3.34754157,-0.43458271,-0.46795124,0.00122106,-0.30691957,
13838,-0.97187471,0.97813821,7.55778074,6.00000000,-0.34321290,0.42539063,0.72055280,-0.01771599,-0.44403097,0.07000000,0.00549451,0.11610960,-0.23999999,0.23999999,-0.01229746,-5.35117960,4.97942400,-0.01824570,-0.19922668,0.00122106,-0.39536312,
13846,-3.44508505,-2.53535271,4.36870384,6.00000000,-0.34482422,0.42539063,0.63686532,0.49659947,-0.46043751,0.07000000,0.00549451,0.10446391,-0.09939967,0.11427945,-0.01229746,-7.52585983,7.21519089,0.49264100,0.01559658,0.00122106,-0.52366012,
13854,-3.86167622,-2.50781941,2.19716311,6.00000000,-0.15629883,0.20786133,0.31999302,1.25030756,-0.35583442,0.07000000,0.00549451,-0.13967788,0.19046503,-0.20832531,-0.01229746,-8.74060822,9.21010303,1.25152040,0.16454116,0.00122106,-0.58942187,
13862,-3.61267924,-3.33501625,-0.32512841,6.00000000,0.26586914,-0.33676758,0.09328704,1.78630114,-0.27601984,0.07000000,0.00549451,-0.19857121,0.23999999,-0.23999999,-0.01229746,-7.52585983,8.14545155,1.80493712,0.33330521,0.00122106,-0.46057224,
13870,-2.19890308,0.22875308,0.35362780,6.00000000,0.33837891,-0.40283203,-0.06027913,1.98463190,-0.21271810,0.07000000,0.00549451,-0.01835145,0.23999999,-0.23999999,-0.01229746,-3.95317078,3.98633194,2.00597906,0.42731339,0.00122106,-0.16095108,
13878,0.23480295,-0.42486399,3.68755364,6.00000000,0.33837891,-0.42216796,-0.22944522,1.75974298,-0.06389181,0.07000000,0.00549451,0.12591513,0.23999999,-0.23999999,-0.01229746,-0.82205003,0.42935100,1.77754247,0.24369079,0.00122106,0.09055793,
13886,2.65414381,0.68365139,10.05613041,6.00000000,0.35126954,-0.42539063,-0.69910163,1.00621223,0.13353166,0.07000000,0.00549451,0.16955215,0.23999999,-0.23999999,-0.01229746,1.57428694,-2.12930179,1.00769591,0.07891934,0.00122106,0.21785411,
13894,5.94377708,2.96293139,14.80981731,6.00000000,0.35932618,-0.43828124,-0.65440941,-0.01073838,0.23474970,0.07000000,0.00549451,0.36110586,-0.12372126,0.17148072,-0.01229746,3.20442462,-4.37379503,-0.01222193,-0.21002764,0.00122106,0.29123449,
13901,6.72308969,2.15488839,16.71919441,5.00000000,-0.15468749,0.26425782,-0.35309255,-1.05331337,0.14867614,0.07000000,0.00549451,0.30674201,-0.23999999,0.23999999,-0.01229746,2.77332807,-3.78387380,-1.04539311,-0.21343476,0.00122106,0.17201374,
13910,1.61506021,-1.23170996,20.53136063,6.00000000,-0.34321290,0.42377931,0.03272209,-1.88252866,-0.02977162,0.07000000,0.00549451,0.03525722,-0.23999999,0.23999999,-0.01229746,0.01919862,-0.14486232,-1.86927366,-0.28301969,0.00122106,-0.13560192,
13918,-2.54127383,1.68682194,20.53136063,6.00000000,-0.34643555,0.42861328,0.32732999,-1.24646497,-0.18733893,0.07000000,0.00549451,0.02839495,-0.23999999,0.23999999,-0.01229746,-2.13279223,2.04901648,-1.21850669,0.02859583,0.00122106,-0.24744309,
13926,-0.79590088,-0.77441740,10.26322842,6.00000000,-0.34965819,0.43022460,0.37116101,-0.61767745,-0.32102865,0.07000000,0.00549451,0.00778019,-0.23999999,0.23999999,-0.01229746,-4.23242331,4.19577122,-0.61829108,-0.16616477,0.00122106,-0.36588284,
13934,-3.71203852,-0.34226403,5.23301077,6.00000000,-0.34965819,0.42861328,0.53296524,-0.00885459,-0.37086254,0.07000000,0.00549451,-0.21557638,-0.03073767,0.00171840,-0.01229746,-6.00567818,6.71951771,-0.03080201,0.13452929,0.00122106,-0.48623961,
13942,-1.82061923,-2.08165145,-0.97275996,6.00000000,-0.04833984,0.01127930,0.44984776,0.77102178,-0.27638340,0.07000000,0.00549451,-0.23362571,0.10512079,-0.13617414,-0.01229746,-7.06160212,7.81383944,0.77363801,0.14112277,0.00122106,-0.50871432,
13950,-3.89758921,-1.86976469,-2.80192995,6.00000000,0.13374023,-0.22075196,0.29416811,1.25989175,-0.31691465,0.07000000,0.00549451,-0.03823888,0.23999999,-0.23999999,-0.01229746,-6.16624784,6.29714775,1.27610588,0.46760565,0.00122106,-0.37876201,
13958,-2.01574659,-0.29797128,-0.36702693,6.00000000,0.34321290,-0.40766603,0.10396560,1.49543142,-0.22882675,0.07000000,0.00549451,0.10587598,0.23999999,-0.23999999,-0.01229746,-3.35277748,2.93040776,1.61745310,0.41459373,0.00122106,-0.12110260,
13966,0.02650739,-1.47113013,2.66403246,6.00000000,0.33999023,-0.41894531,-0.18723530,1.29215360,-0.04711428,0.07000000,0.00549451,0.21429737,0.23999999,-0.23999999,-0.01229746,-0.15882497,-0.53930676,1.30719340,0.28335747,0.00122106,0.11739148,
13973,2.39437294,1.05594981,9.65031338,5.00000000,0.35771483,-0.43989259,-0.67261243,0.64210165,0.22306809,0.07000000,0.00549451,0.19114122,0.23999999,-0.23999999,-0.01229746,2.14151883,-2.76111078,0.64548403,0.13986270,0.00122106,0.23342341,
13982,5.94497395,1.89152622,13.38407040,6.00000000,0.35126954,-0.42700195,-0.76594269,-0.29028264,0.35640174,0.07000000,0.00366300,0.32136649,-0.13790479,0.18032032,-0.01229746,3.88859367,-4.92706442,-0.28973967,-0.19158788,0.00122106,0.31539634,
13990,6.92061138,3.00602698,16.12782478,6.00000000,-0.18046875,0.29487306,-0.51400739,-1.47910273,0.24317227,0.07000000,0.00366300,0.28009278,-0.23999999,0.23999999,-0.01229746,3.15381002,-4.07534361,-1.46662307,-0.18981382,0.00122106,0.16278593,
13998,0.07319432,-0.38176835,20.53136063,6.00000000,-0.35126954,0.42700195,-0.10241351,-2.05185533,0.08489168,0.07000000,0.00366300,-0.02288327,-0.23999999,0.23999999,-0.01229746,1.23220241,-1.15540791,-2.03002334,-0.10934548,0.00122106,-0.06620248,
14006,-1.29389489,1.84124792,20.53136063,6.00000000,-0.35288087,0.43183595,0.29129159,-1.40189302,-0.13436086,0.07000000,0.00366300,0.05890913,-0.23999999,0.23999999,-0.01229746,-1.38753676,1.20776784,-1.43890691,-0.11239183,0.00122106,-0.20769268,
14014,-1.02574420,0.62978184,11.69017315,6.00000000,-0.34804687,0.43666992,0.44049788,-0.74265242,-0.33745107,0.07000000,0.00549451,0.05359753,-0.23999999,0.23999999,-0.01229746,-3.53254628,3.36150432,-0.73870450,-0.16341247,0.00122106,-0.31689751,
14022,-3.91195440,-1.05813038,5.38384533,6.00000000,-0.34965819,0.43505859,0.66961354,0.00101885,-0.46096227,0.07000000,0.00549451,-0.14985171,-0.02799574,0.00779361,-0.01229746,-5.25867701,5.76482248,-0.00485086,0.10983181,0.00122106,-0.42243618,
14030,-2.56162453,-2.06369495,0.36679590,6.00000000,-0.04672851,0.04028320,0.52323210,0.81912279,-0.35413694,0.07000000,0.00549451,-0.18126483,0.19879578,-0.22286832,-0.01229746,-6.22209883,6.81027508,0.82081276,0.17668979,0.00122106,-0.43305552,
14038,-4.15017748,-3.63907981,-2.24168682,6.00000000,0.27553710,-0.37705079,0.26269123,1.34112418,-0.30802494,0.07000000,0.00549451,-0.05398104,0.23999999,-0.23999999,-0.01229746,-4.68970013,4.87295961,1.35832453,0.48307917,0.00122106,-0.26120546,
14045,-1.97265100,-0.33627853,-1.85143197,5.00000000,0.33193359,-0.42055663,0.07741929,1.41208649,-0.23757026,0.07000000,0.00549451,0.09406827,0.23999999,-0.23999999,-0.01229746,-1.63362813,1.38579142,1.41579056,0.48151591,0.00122106,-0.00642776,
14054,0.65259111,-1.64111841,1.92781544,6.00000000,0.34160155,-0.43505859,-0.34803432,1.06646109,-0.06110197,0.07000000,0.00549451,-0.00550939,0.23999999,-0.23999999,-0.01229746,1.67726135,-1.65631747,1.08202267,0.25498044,0.00122106,0.21168856,
14062,2.25191784,1.90828562,8.96676826,6.00000000,0.35449219,-0.42216796,-0.73888385,0.46846977,0.15340847,0.07000000,0.00549451,0.02185965,0.23999999,-0.23999999,-0.01229746,3.80830836,-3.93920803,0.51299399,0.02437060,0.00122106,0.33413231,
14070,6.56986046,2.93060970,13.49061298,6.00000000,0.36416015,-0.42700195,-0.71985924,-0.52580988,0.25089005,0.07000000,0.00549451,0.18869404,-0.23999999,0.23999999,-0.01229746,5.40702963,-5.97600746,-0.52701557,-0.37641153,0.00122106,0.39153743,
14078,8.41219902,3.03834867,17.06635284,6.00000000,-0.31098634,0.39960939,-0.32882166,-1.77435803,0.14531596,0.07000000,0.00549451,0.21284491,-0.23999999,0.23999999,-0.01229746,3.92524529,-4.62861347,-1.76130319,-0.40473315,0.00122106,0.19135213,
14086,-0.61633575,-0.90370435,20.53136063,6.00000000,-0.35771483,0.42539063,-0.10332887,-2.28554702,-0.00874602,0.07000000,0.00549451,-0.08082953,-0.23999999,0.23999999,-0.01229746,1.87622893,-1.61093891,-2.26188898,-0.10393649,0.00122106,-0.04203497,
14094,1.15657055,1.41747427,18.87277794,6.00000000,-0.34643555,0.42861328,0.43128058,-1.38435185,-0.12407037,0.07000000,0.00549451,-0.10436503,-0.23999999,0.23999999,-0.01229746,-1.03847086,1.35088491,-1.37013268,-0.33564883,0.00122106,-0.19144914,
14102,-1.90082502,-0.30635101,11.47110367,6.00000000,-0.35126954,0.43344727,0.30438849,-0.82613391,-0.33287135,0.07000000,0.00549451,-0.10863319,-0.23999999,0.23999999,-0.01229746,-3.05083561,3.38419342,-0.82411921,0.00277618,0.00122106,-0.30813417,
14110,-4.04602957,-0.46556541,4.50756788,6.00000000,-0.34965819,0.43344727,0.61949879,-0.04753492,-0.39671108,0.07000000,0.00549451,-0.34701201,0.16556939,-0.21264906,-0.01229746,-4.85026979,5.98997021,-0.05307430,0.26436049,0.00122106,-0.41699529,
14117,-2.68492603,-2.13911247,-0.30956608,5.00000000,0.21269532,-0.34160155,0.51931381,0.73653889,-0.30133820,0.07000000,0.00549451,-0.29428220,0.23999999,-0.23999999,-0.01229746,-4.93055534,5.88001394,0.74168581,0.32887164,0.00122106,-0.35471740,
14126,-2.66816664,-2.63830352,-5.49301291,6.00000000,0.33193359,-0.41572267,0.42587385,1.05677998,-0.27978432,0.07000000,0.00549451,-0.02285294,0.23999999,-0.23999999,-0.01229746,-1.77674520,1.83783174,1.07737148,0.56219065,0.00122106,-0.05431971,
14134,-0.82582843,-0.88933909,-1.89811885,6.00000000,0.34321290,-0.43183595,0.03567554,0.90311593,-0.18415897,0.07000000,0.00549451,-0.04740148,0.23999999,-0.23999999,-0.01229746,1.41371667,-1.30550635,0.92077821,0.40497410,0.00122106,0.17363673,
14142,0.64660561,-1.69139671,3.92338252,6.00000000,0.34482422,-0.42377931,-0.40097135,0.54813457,0.00503606,0.07000000,0.00549451,-0.08220604,0.23999999,-0.23999999,-0.01229746,3.87986708,-3.66170073,0.56431031,0.17223777,0.00122106,0.32968965,
14150,2.93187118,2.48289394,10.14471531,6.00000000,0.35932618,-0.43022460,-0.80728847,-0.11837730,0.25613469,0.07000000,0.00549451,-0.05177234,0.04806927,-0.05689442,-0.01229746,5.91841173,-5.78227568,-0.08610398,-0.10346137,0.00122106,0.44210464,
14158,7.57542515,2.86836052,14.13824368,6.00000000,0.08862305,-0.11601563,-0.76241338,-1.20575058,0.35733607,0.07000000,0.00549451,0.00948031,-0.23999999,0.23999999,-0.01229746,6.38092375,-6.46120930,-1.20498180,-0.52462643,0.00122106,0.39807865,
14166,6.48247242,2.50563884,19.20317841,6.00000000,-0.33032227,0.40766603,-0.37761050,-2.21590853,0.21822067,0.07000000,0.00549451,-0.03578322,-0.23999999,0.23999999,-0.01229746,3.91651869,-3.75769401,-2.19670439,-0.42778617,0.00122106,0.12236094,
14174,-4.68528175,2.07587981,20.53136063,6.00000000,-0.34160155,0.42216796,0.03648780,-2.30753255,0.04079715,0.07000000,0.00549451,-0.25345537,0.04480102,-0.08103541,-0.01229746,2.39982772,-1.61966562,-2.20587158,0.31352094,0.00122106,-0.01838177,
14182,1.66773272,0.05158216,16.49533653,6.00000000,0.06928711,-0.13696289,0.35075808,-1.41697526,-0.15255110,0.07000000,0.00549451,0.01337467,-0.23999999,0.23999999,-0.01229746,0.56374133,-0.60388392,-1.40420091,-0.40294430,0.00122106,-0.06143671,
14189,-0.00342013,1.41268587,4.87388039,5.00000000,-0.32387695,0.39799803,0.60247833,-1.16701424,-0.31802532,0.07000000,0.00549451,0.07449082,-0.23999999,0.23999999,-0.01229746,-1.17984259,0.96865773,-1.17752039,-0.02612510,0.00122106,-0.17264688,
14198,-5.98653030,-3.27156973,6.40856409,6.00000000,-0.36416015,0.43344727,0.33674550,-0.81284106,-0.34934786,0.07000000,0.00549451,-0.00719929,0.21528451,-0.21671550,-0.01229746,-3.16602707,3.14333820,-0.82060981,0.34240031,0.00122106,-0.30134374,
14206,-3.76710510,-1.99905157,1.73747635,6.00000000,0.29809570,-0.36416015,0.26155779,0.16180898,-0.26566339,0.07000000,0.00549451,-0.15907535,0.23999999,-0.23999999,-0.01229746,-2.37364769,2.83266950,0.18800378,0.27822408,0.00122106,-0.18610634,
14214,-1.12031519,-2.24565434,-2.54455328,6.00000000,0.33676758,-0.41411132,0.05577915,0.31418976,-0.23289736,0.07000000,0.00549451,0.05267434,0.23999999,-0.23999999,-0.01229746,0.70685834,-0.87615532,0.31973457,0.32556280,0.00122106,0.08744419,
14222,-0.34818518,-0.21178003,1.16885352,6.00000000,0.34804687,-0.43183595,0.02322007,0.16703458,-0.15453711,0.07000000,0.00549451,0.08293638,0.23999999,-0.23999999,-0.01229746,3.11017656,-3.39117479,0.17067565,0.27713934,0.00122106,0.26059610,
14230,2.29860473,-0.14354528,5.25934696,6.00000000,0.35932618,-0.43828124,-0.47316527,-0.32286927,-0.01103619,0.07000000,0.00549451,0.08012359,0.20898591,-0.19988057,-0.01229746,5.53443909,-5.79798412,-0.32171452,0.04780261,0.00122106,0.40506965,
14238,4.62217760,2.41226506,10.80312157,6.00000000,0.30776367,-0.36093751,-0.56943583,-1.01247525,0.18444163,0.07000000,0.00549451,0.08457051,-0.17114747,0.18035276,-0.01229746,7.28849506,-7.52236891,-1.00918460,-0.16929449,0.00122106,0.48866919,
14246,7.89744568,2.15369129,14.87685490,6.00000000,-0.22880860,0.29648438,-0.55404556,-2.13238335,0.25516939,0.07000000,0.00549451,-0.07219908,-0.23999999,0.23999999,-0.01229746,6.41408491,-6.18719196,-2.11984062,-0.48019207,0.00122106,0.31722331,
14254,1.93348908,0.81174117,20.53136063,6.00000000,-0.36093751,0.43666992,-0.35097352,-2.78698373,0.17171441,0.07000000,0.00549451,-0.26188767,-0.23999999,0.23999999,-0.01229746,4.97244310,-4.15039301,-2.75404358,-0.28117821,0.00122106,0.13706274,
14261,1.24755025,1.88793480,20.53136063,5.00000000,-0.33837891,0.41572267,0.04388674,-1.87752402,-0.06435277,0.07000000,0.00549451,-0.19395201,-0.23999999,0.23999999,-0.01229746,2.05425239,-1.43815136,-1.84145451,-0.30859789,0.00122106,-0.01224156,
14270,-1.69851494,2.70316052,14.20408440,6.00000000,-0.35126954,0.42539063,0.36850280,-1.28954005,-0.33089259,0.07000000,0.00549451,-0.23641123,-0.23999999,0.21625808,-0.01229746,-0.55501467,1.31423295,-1.28282475,0.03089559,0.00122106,-0.16526757,
14278,-1.82061923,-0.01665259,6.23857546,6.00000000,-0.34804687,0.39155275,0.80953676,-0.35232973,-0.37502611,0.07000000,0.00549451,-0.22109780,0.02690090,-0.05730920,-0.01229746,-2.83965063,3.59537816,-0.35816431,0.14879152,0.00122106,-0.26975811,
14286,-2.92314911,-3.90483618,2.32525277,6.00000000,0.02900391,-0.07734375,0.37328231,0.27286154,-0.32034415,0.07000000,0.00549451,-0.11561503,0.23328267,-0.23999999,-0.01229746,-3.57268882,3.94618964,0.27564338,0.21272397,0.00122106,-0.26402229,
14294,-2.35213208,-2.70653820,-1.01705265,6.00000000,0.31420898,-0.41733399,0.11316852,0.82541078,-0.25595564,0.07000000,0.00549451,-0.03314155,0.23999999,-0.23999999,-0.01229746,-1.26536369,1.38230073,0.83132797,0.32471368,0.00122106,-0.03616919,
14302,-0.82582843,-2.20734715,-0.46997759,6.00000000,0.34482422,-0.42377931,-0.10235847,0.74967963,-0.16494343,0.07000000,0.00549451,0.01815159,0.23999999,-0.23999999,-0.01229746,1.84830368,-1.74707460,0.81572491,0.32081842,0.00122106,0.19886760,
14310,2.73913789,-1.30233896,2.38750219,6.00000000,0.34482422,-0.42539063,-0.42177206,0.36077020,-0.06030674,0.07000000,0.00549451,0.10906927,0.21979664,-0.20632046,-0.01229746,4.16959143,-4.50294924,0.36946630,-0.01627785,0.00122106,0.35629338,
14318,4.42226171,1.49289155,7.41053724,6.00000000,0.32065430,-0.37705079,-0.57557732,-0.26280850,0.07477566,0.07000000,0.00549451,0.15308145,-0.02943324,0.04838742,-0.01229746,6.01091385,-6.51007795,-0.26042345,-0.15242763,0.00122106,0.45547742,
14326,8.34875298,2.87913442,12.51138401,6.00000000,-0.03383789,0.05961914,-0.48140782,-1.23811996,0.14039418,0.07000000,0.00549451,0.05329865,-0.23999999,0.23999999,-0.01229746,6.08072710,-6.25525999,-1.23140407,-0.51211333,0.00122106,0.37653723,
14333,6.86075592,1.41148877,19.90348244,5.00000000,-0.34160155,0.40444335,-0.18212305,-1.94284654,0.13266335,0.07000000,0.00549451,-0.24836373,-0.23999999,0.23999999,-0.01229746,4.18529940,-3.37023091,-1.92103362,-0.58189678,0.00122106,0.13870671,
14342,-0.92997617,0.11622560,20.53136063,6.00000000,-0.34482422,0.43183595,0.06914528,-1.63775456,-0.01420027,0.07000000,0.00549451,-0.38217443,-0.23999999,0.23999999,-0.01229746,2.36317563,-1.09955740,-1.61323202,-0.03027296,0.00122106,0.00974382,
14350,3.11622477,0.75906879,13.95029926,6.00000000,-0.34804687,0.42539063,0.17454115,-0.75620979,-0.12107319,0.07000000,0.00549451,-0.36245382,-0.23999999,0.23999999,-0.01229746,-0.46076691,1.64235485,-0.75140965,-0.43313706,0.00122106,-0.13564560,
14358,-1.62309754,-0.73611021,9.69221115,6.00000000,-0.35126954,0.43183595,0.31374323,0.10840129,-0.20739071,0.07000000,0.00549451,-0.54714876,-0.07383397,-0.00083451,-0.01229746,-2.30034399,4.02472925,0.10917717,0.02150688,0.00122106,-0.23110038,
14366,-1.86132061,-1.99067187,3.49721456,6.00000000,-0.11601563,0.01127930,0.26823154,0.78468013,-0.19827732,0.07000000,0.00549451,-0.46089658,0.16738680,-0.22992066,-0.01229746,-3.50636625,4.97593403,0.79432315,0.11761964,0.00122106,-0.26429182,
14374,-2.19291759,-1.34184325,0.19441338,6.00000000,0.21752930,-0.39155275,0.19407371,1.27971351,-0.18886749,0.07000000,0.00549451,-0.15437004,0.23999999,-0.23999999,-0.01229746,-2.30383468,2.80299878,1.29432476,0.27185225,0.00122106,-0.09416476,
14382,-0.17221135,-1.56330693,-0.59327900,6.00000000,0.33676758,-0.42055663,0.13343081,1.30500412,-0.18618660,0.07000000,0.00549451,0.05477245,0.23999999,-0.23999999,-0.01229746,0.57246798,-0.74001962,1.32511044,0.22806808,0.00122106,0.15222991,
14390,2.44704533,-1.68900251,3.21948719,6.00000000,0.34804687,-0.42216796,-0.12704094,0.88233542,-0.10091376,0.07000000,0.00549451,0.06028741,0.23999999,-0.23999999,-0.01229746,3.09446883,-3.33183336,0.89410436,-0.01132116,0.00122106,0.31510276,
14398,4.21037483,0.39155880,6.71023321,6.00000000,0.34643555,-0.43505859,-0.34356692,0.37112597,0.03009555,0.07000000,0.00549451,0.11757065,0.02313282,-0.00869346,-0.01229746,5.23598766,-5.63217783,0.37565136,-0.18809071,0.00122106,0.44439223,
14405,8.00279045,1.81132042,10.90726852,5.00000000,0.04511719,-0.04189453,-0.39817685,-0.49782038,0.16166195,0.07000000,0.00549451,0.06131825,-0.23999999,0.23999999,-0.01229746,5.90444851,-6.10167122,-0.49646434,-0.50670761,0.00122106,0.41984260,
14414,10.03786182,1.56711185,15.70405197,6.00000000,-0.33999023,0.39316407,-0.29172105,-1.31531155,0.20552564,0.07000000,0.00549451,-0.21829307,-0.23999999,0.23999999,-0.01229746,3.19918847,-2.46615028,-1.30678308,-0.90541309,0.00122106,0.12220812,
14422,-1.63267434,1.24988008,20.53136063,6.00000000,-0.34482422,0.43183595,-0.06830750,-1.26551938,0.13030583,0.07000000,0.00549451,-0.40033147,-0.02012011,-0.03568147,-0.01229746,1.74183869,-0.48869219,-1.25657058,0.15409327,0.00122106,-0.01343051,
14430,3.40113473,0.97215271,15.07198238,6.00000000,-0.03061523,-0.04833984,0.16821370,-0.13122140,-0.00272373,0.07000000,0.00549451,-0.17153536,-0.23999999,0.23999999,-0.01229746,0.19024087,0.36651915,-0.12959683,-0.46094620,0.00122106,-0.01974049,
14438,1.94186878,-0.36141765,5.32877874,6.00000000,-0.33193359,0.39960939,0.42804837,0.22485037,-0.14002980,0.07000000,0.00549451,0.00472529,-0.22355355,0.22378710,-0.01229746,-1.63711894,1.62141085,0.22398077,-0.16931942,0.00122106,-0.10309957,
14446,-3.70246172,-2.65147161,8.91888428,6.00000000,-0.33193359,0.40766603,0.25145897,0.45314464,-0.14777376,0.07000000,0.00549451,-0.17530715,0.17391446,-0.19781271,-0.01229746,-3.16602707,3.72976851,0.45257872,0.13830160,0.00122106,-0.22518243,
14454,-1.46148896,-1.87814438,2.60058618,6.00000000,0.23525390,-0.32548827,0.01187714,1.37193382,-0.08033805,0.07000000,0.00549451,-0.14179687,0.19742668,-0.21656537,-0.01229746,-2.75238419,3.21140575,1.37863600,0.00576629,0.00122106,-0.12158858,
14462,-1.08200800,-0.13755977,0.28898433,6.00000000,0.27231446,-0.37060547,-0.13917328,1.52622771,-0.06407234,0.07000000,0.00549451,0.04279170,0.23999999,-0.23999999,-0.01229746,0.07679449,-0.21642081,1.54466164,0.22543257,0.00122106,0.12595904,
14470,3.32930875,-0.25128436,2.13491392,6.00000000,0.35126954,-0.43505859,0.00369107,1.19807863,-0.05743285,0.07000000,0.00549451,0.23690775,0.18250708,-0.15106563,-0.01229746,2.12755632,-2.91819048,1.21499586,-0.13103616,0.00122106,0.28122491,
14477,4.93701506,-0.16030470,6.14879322,5.00000000,0.26909178,-0.27231446,-0.15664612,0.48755997,-0.02106426,0.07000000,0.00549451,0.28469118,-0.09302294,0.13050131,-0.01229746,3.51509309,-4.42091894,0.49230599,-0.26243362,0.00122106,0.34096593,
14486,8.00159359,0.73752093,10.47750950,6.00000000,-0.11279297,0.21752930,-0.30473462,-0.37319392,0.08784287,0.07000000,0.00549451,0.00955349,-0.23999999,0.23999999,-0.01229746,3.00371170,-3.03163695,-0.37199092,-0.52191967,0.00122106,0.20219724,
14494,2.11305428,1.58746254,20.53136063,6.00000000,-0.35771483,0.42700195,-0.26984105,-0.74562150,0.19667928,0.07000000,0.00549451,-0.35988444,-0.23999999,0.23999999,-0.01229746,2.18515205,-1.05592418,-0.74004519,-0.16531891,0.00122106,0.06659645,
14502,2.57752919,-0.20459743,19.74187279,6.00000000,-0.35288087,0.43183595,-0.21812761,0.11457106,0.11036940,0.07000000,0.00549451,-0.24116346,-0.23999999,0.23999999,-0.01229746,-0.40491641,1.19380522,0.12478328,-0.52116454,0.00122106,-0.04718298,
14510,-0.08482298,2.31529975,14.30464077,6.00000000,-0.35771483,0.42700195,0.05975648,0.65059662,-0.07285771,0.07000000,0.00549451,-0.39555278,-0.18545154,0.13149428,-0.01229746,-2.01411009,3.30565357,0.64587164,-0.15876061,0.00122106,-0.15208964,
14518,-0.78512698,0.20121977,8.65671921,6.00000000,-0.27392578,0.25136718,0.42960110,1.31397259,-0.23001853,0.07000000,0.00549451,-0.34085137,0.13012694,-0.17615545,-0.01229746,-3.73500466,4.84677935,1.31378186,0.00883195,0.00122106,-0.22888955,
14526,-3.20566487,-1.27001715,5.34314394,6.00000000,0.17241211,-0.27875978,0.49795753,1.88401568,-0.28988156,0.07000000,0.00549451,-0.15948579,0.23999999,-0.23999999,-0.01229746,-3.02989173,3.54476380,1.89444637,0.31632808,0.00122106,-0.10388112,
14534,1.13262856,-3.30030012,-2.32189250,6.00000000,0.33515626,-0.41088867,0.29950964,1.95791388,-0.21844205,0.07000000,0.00549451,0.20724076,0.23999999,-0.23999999,-0.01229746,-0.79063416,0.13439035,1.99349642,0.09082192,0.00122106,0.12010371,
14542,1.22480536,-1.65189230,0.94020718,6.00000000,0.34965819,-0.42055663,-0.20572874,1.50299263,-0.07350429,0.07000000,0.00549451,0.28669065,0.23999999,-0.23999999,-0.01229746,1.86575699,-2.77332807,1.52395391,0.11744071,0.00122106,0.29398251,
14549,3.34127975,-0.82349855,3.83958554,5.00000000,0.34321290,-0.42377931,-0.39056373,0.99840105,-0.02764417,0.07000000,0.00549451,0.41732857,0.23999999,-0.23999999,-0.01229746,3.77165651,-5.14697599,1.00818062,0.00809419,0.00122106,0.41782635,
14558,5.03398037,1.67724514,7.27047634,6.00000000,0.34965819,-0.41894531,-0.34368852,0.22766539,0.00097602,0.07000000,0.00549451,0.55950820,0.16620724,-0.09184987,-0.01229746,5.78053093,-7.63581562,0.23653042,-0.11502266,0.00122106,0.52698201,
14566,7.56225729,2.37395787,11.15985680,6.00000000,0.24814454,-0.18530273,-0.23856860,-0.83868951,0.01472839,0.07000000,0.00549451,0.50205880,-0.23999999,0.23999999,-0.01229746,6.97084475,-8.61145401,-0.82752222,-0.30990425,0.00122106,0.53070718,
14574,9.60570812,0.67766589,13.41160393,6.00000000,-0.31904298,0.39799803,-0.04712989,-1.94895220,0.03230244,0.07000000,0.00549451,0.14323634,-0.23999999,0.23999999,-0.01229746,5.26042223,-5.71769857,-1.93740344,-0.67572856,0.00122106,0.26448646,
14582,1.74434710,-0.19023222,20.53136063,6.00000000,-0.37060547,0.42539063,-0.02803927,-2.46885753,0.01383528,0.07000000,0.00549451,-0.11850250,-0.23999999,0.23999999,-0.01229746,3.72453260,-3.33357882,-2.44156909,-0.25783807,0.00122106,0.08126989,
14590,1.54443133,-0.29677418,15.90277100,6.00000000,-0.33999023,0.42216796,0.15355925,-1.19458783,-0.01327667,0.07000000,0.00549451,-0.28419638,-0.23999999,0.23999999,-0.01229746,1.13271868,-0.16755162,-1.17382872,-0.35921514,0.00122106,-0.03953975,
14598,-2.06482768,0.28621393,9.67904377,6.00000000,-0.34965819,0.42216796,0.05686963,-0.48246512,-0.11757291,0.07000000,0.00549451,-0.36688143,-0.17691439,0.12635930,-0.01229746,-1.06814146,2.28638124,-0.48475832,-0.01014358,0.00122106,-0.16242149,
14606,-1.22685719,-0.40451327,3.80606675,6.00000000,-0.26264650,0.23847656,0.33931866,0.39921820,-0.15692897,0.07000000,0.00549451,-0.45022866,0.01565537,-0.07698307,-0.01229746,-2.76285625,4.21846056,0.39547372,0.04786960,0.00122106,-0.23684087,
14614,-3.09792590,-1.55851853,2.31926727,6.00000000,0.00805664,-0.12246094,0.21156204,0.99844629,-0.17595549,0.07000000,0.00549451,-0.28189108,0.23999999,-0.23999999,-0.01229746,-2.95135188,3.85368705,1.00771713,0.25859910,0.00122106,-0.18200855,
14621,-1.14784849,-1.50943732,1.96851683,5.00000000,0.32548827,-0.40122071,0.14126286,1.37802863,-0.13746090,0.07000000,0.00549451,-0.02105598,0.23999999,-0.23999999,-0.01229746,-0.92327923,0.98960167,1.39163256,0.22742172,0.00122106,0.03509393,
14630,1.96341658,-1.49387503,2.36595440,6.00000000,0.34321290,-0.42055663,0.01342321,1.13279128,-0.03206841,0.07000000,0.00549451,0.07685675,0.23999999,-0.23999999,-0.01229746,2.05599785,-2.26369190,1.15312886,0.02096283,0.00122106,0.25477988,
14638,4.62576866,-0.10523806,6.78804493,6.00000000,0.35126954,-0.42700195,-0.36679327,0.44076872,0.10570077,0.07000000,0.00549451,0.16498190,-0.03468929,0.05578929,-0.01229746,4.08057976,-4.61116028,0.44559932,-0.21664065,0.00122106,0.36713421,
14646,7.72745705,1.03320479,10.62954140,6.00000000,-0.02739258,0.06928711,-0.42291313,-0.50201547,0.23580350,0.07000000,0.00549451,0.09256458,-0.23999999,0.23999999,-0.01229746,4.46629763,-4.76823950,-0.50131810,-0.44939929,0.00122106,0.31381115,
14654,5.82646084,1.82209432,17.22197533,6.00000000,-0.34321290,0.41572267,-0.35769960,-1.24714315,0.25978437,0.07000000,0.00549451,-0.28591830,-0.23999999,0.23999999,-0.01229746,2.77507353,-1.83434105,-1.23792720,-0.49107677,0.00122106,0.07699411,
14662,-0.47627497,1.94300151,20.53136063,6.00000000,-0.34643555,0.42861328,0.03173708,-0.82485336,0.15802114,0.07000000,0.00549451,-0.32725111,-0.23999999,0.23999999,-0.01229746,0.89186323,0.22863814,-0.81237519,-0.12516391,0.00122106,-0.03714702,
14670,2.21600485,1.74428272,14.12268162,6.00000000,-0.34643555,0.43828124,0.32714894,-0.03835786,0.06408134,0.07000000,0.00549451,-0.38113263,-0.23999999,0.23999999,-0.01229746,-1.38753676,2.63370180,-0.03829026,-0.32878149,0.00122106,-0.15937640,
14678,-0.83420813,-1.80272710,10.16506672,6.00000000,-0.35932618,0.42216796,0.36604574,0.69389492,-0.00806062,0.07000000,0.00549451,-0.53167158,-0.07574116,0.00350696,-0.01229746,-3.18173528,4.93055534,0.69900388,-0.04642165,0.00122106,-0.25496596,
14686,-2.94828820,-1.86976469,6.64319563,6.00000000,-0.11762695,0.01772461,0.21735930,1.37037539,0.01592056,0.07000000,0.00549451,-0.51681656,0.23999999,-0.23999999,-0.01229746,-4.05439997,5.72467995,1.38087106,0.14869061,0.00122106,-0.26922661,
14693,-1.56324255,-1.43402004,1.54713738,5.00000000,0.32548827,-0.40605468,0.10935815,1.78775668,0.03957374,0.07000000,0.00549451,-0.25429761,0.23999999,-0.23999999,-0.01229746,-2.50105691,3.32834291,1.80897868,0.20411037,0.00122106,-0.07780305,
14702,0.33655652,-1.92124009,0.09026560,6.00000000,0.35126954,-0.42216796,0.00556440,1.67855477,0.05861813,0.07000000,0.00549451,0.00280409,0.23999999,-0.23999999,-0.01229746,0.62482786,-0.63879049,1.70741630,0.18005481,0.00122106,0.18057936,
14710,2.27585983,0.38198200,2.70952225,6.00000000,0.34160155,-0.42700195,-0.14598112,1.26726258,0.05458172,0.07000000,0.00549451,0.12803248,0.23999999,-0.23999999,-0.01229746,2.75936556,-3.19569802,1.28487957,-0.00219914,0.00122106,0.32473183,
14718,4.65090799,0.48253846,6.56059551,6.00000000,0.35288087,-0.44150391,-0.15045996,0.55985647,0.11055808,0.07000000,0.00549451,0.22980955,-0.00074509,0.03055516,-0.01229746,4.87994051,-5.58330822,0.56657690,-0.23455125,0.00122106,0.44384828,
14726,6.91582298,0.89074987,11.02697849,6.00000000,0.02255859,0.02255859,-0.11648943,-0.45550859,0.18803591,0.07000000,0.00549451,0.09753306,-0.23999999,0.23999999,-0.01229746,5.40179396,-5.71595335,-0.45502979,-0.41324684,0.00122106,0.38812166,
14734,8.19911480,0.23234439,15.54124641,6.00000000,-0.32065430,0.39960939,-0.15509227,-1.38931596,0.26517379,0.07000000,0.00549451,-0.21883439,-0.23999999,0.23999999,-0.01229746,2.83092403,-2.12406564,-1.38320935,-0.75988793,0.00122106,0.07788542,
14742,-2.17615819,0.75308323,20.53136063,6.00000000,-0.34965819,0.42539063,-0.23316780,-1.55241144,0.23319957,0.07000000,0.00549451,-0.31352788,-0.18366367,0.13968848,-0.01229746,1.08210409,-0.06283185,-1.53855276,0.08577305,0.00122106,-0.07538462,
14750,2.34409475,2.43979836,14.40639496,6.00000000,-0.26909178,0.25458986,0.15386558,-0.50244504,0.17523643,0.07000000,0.00549451,-0.33477163,-0.23999999,0.23999999,-0.01229746,-0.83252209,1.93033409,-0.50102746,-0.39435709,0.00122106,-0.14184012,
14758,-1.11432970,-0.05495982,8.63517189,6.00000000,-0.34482422,0.42216796,0.39884609,0.08795693,0.03785622,0.07000000,0.00549451,-0.26505637,-0.03449461,-0.00180824,-0.01229746,-2.48011303,3.34579611,0.08654076,0.03471506,0.00122106,-0.21793544,
14765,-1.71766853,-1.59562862,5.60530901,5.00000000,-0.06767578,0.01933594,0.38295940,0.70092428,0.02588110,0.07000000,0.00549451,-0.32398435,0.10947745,-0.15348065,-0.01229746,-3.27074695,4.31794453,0.70461953,0.07036641,0.00122106,-0.23400526,
14774,-2.11869740,-2.36297035,1.10540712,6.00000000,0.14179687,-0.26103514,0.21306394,1.20762849,0.04136223,0.07000000,0.00549451,-0.05781065,0.23999999,-0.23999999,-0.01229746,-2.18515205,2.36666656,1.22157288,0.26166821,0.00122106,-0.08040760,
14782,-0.83660233,-0.98750138,0.96774054,6.00000000,0.33999023,-0.42055663,-0.01024070,1.31032598,0.07166971,0.07000000,0.00549451,0.13168998,0.23999999,-0.23999999,-0.01229746,0.29321530,-0.67893308,1.32558346,0.23644620,0.00122106,0.14318547,
14790,2.49492931,-1.26522875,5.12646866,6.00000000,0.36093751,-0.43022460,-0.22404176,0.80551922,0.15438978,0.07000000,0.00549451,0.15918659,0.23999999,-0.23999999,-0.01229746,2.78205466,-3.30041766,0.81297320,0.00698081,0.00122106,0.29369420,
14798,4.95736599,0.54598480,8.71298313,6.00000000,0.35288087,-0.43666992,-0.18904702,0.08967879,0.23092298,0.07000000,0.00549451,0.31722501,-0.10202512,0.14360866,-0.01229746,4.69668102,-5.68628263,0.09160626,-0.24029255,0.00122106,0.40265238,
14806,8.13088036,1.35163367,11.83023357,6.00000000,-0.13212891,0.21914062,-0.23834772,-0.93131459,0.27568790,0.07000000,0.00549451,0.11758766,-0.23999999,0.23999999,-0.01229746,4.66351986,-5.04225588,-0.92682880,-0.44062164,0.00122106,0.29934627,
14814,5.39789867,0.78540498,19.77658844,6.00000000,-0.34643555,0.42861328,-0.19039562,-1.58572888,0.30012056,0.07000000,0.00549451,0.03029355,-0.23999999,0.23999999,-0.01229746,2.24798417,-2.35444903,-1.57056034,-0.52226293,0.00122106,0.05579041,
14822,0.21086092,2.73787642,20.53136063,6.00000000,-0.35449219,0.42055663,-0.08383533,-0.93237847,0.15954864,0.07000000,0.00549451,-0.31054944,-0.23999999,0.23999999,-0.01229746,0.57246798,0.44854963,-0.90947205,-0.13643506,0.00122106,-0.06592067,
14830,0.47422311,0.70759344,13.20211124,6.00000000,-0.35126954,0.43828124,0.43197122,-0.25280714,0.09299399,0.07000000,0.00549451,-0.37171268,-0.23999999,0.23999999,-0.01229746,-1.69122410,2.87979317,-0.25162792,-0.15066120,0.00122106,-0.19592845,
14837,-0.84737623,-1.20657086,8.77762604,5.00000000,-0.34965819,0.42377931,0.36861503,0.34083205,0.02248253,0.07000000,0.00549451,-0.54708195,-0.12663004,0.05223729,-0.01229746,-3.42084527,5.18537331,0.34449300,-0.02384683,0.00122106,-0.30128747,
14846,-3.13144469,-2.06608915,4.88345718,6.00000000,-0.18852539,0.10473633,0.28523800,1.15073490,0.03700727,0.07000000,0.00549451,-0.48415416,0.23999999,-0.23999999,-0.01229746,-4.80489111,6.39488649,1.16256046,0.20435576,0.00122106,-0.33489993,
14854,-1.91997862,-2.02538776,1.90267634,6.00000000,0.32871094,-0.39477539,0.09369481,1.61443985,0.06131317,0.07000000,0.00549451,-0.26748729,0.23999999,-0.23999999,-0.01229746,-3.29343629,4.17657280,1.63338315,0.21492335,0.00122106,-0.16222106,
14862,0.38324344,-1.62316191,-0.96198606,6.00000000,0.34160155,-0.41411132,0.00198190,1.67285275,0.08047440,0.07000000,0.00549451,0.06512621,0.23999999,-0.23999999,-0.01229746,-0.30717796,0.09424778,1.70078182,0.18135405,0.00122106,0.11419424,
14870,3.37001014,0.14735022,2.61973977,6.00000000,0.35288087,-0.41733399,-0.11646468,1.18060231,0.10436445,0.07000000,0.00549451,0.27963611,0.21697411,-0.17971714,-0.01229746,1.95127821,-2.84314132,1.19833577,-0.10521829,0.00122106,0.27853715,
14878,5.29494810,0.93863386,7.09091139,6.00000000,0.31743163,-0.32065430,-0.20471479,0.43945056,0.18134430,0.07000000,0.00549451,0.26620561,-0.07900216,0.11391051,-0.01229746,3.79609108,-4.66002893,0.44570380,-0.25001341,0.00122106,0.35507098,
14886,7.53232956,1.03320479,11.69615841,6.00000000,-0.10151367,0.16918945,-0.26558805,-0.55879641,0.27515182,0.07000000,0.00549451,0.06394623,-0.23999999,0.23999999,-0.01229746,3.66868210,-3.86939478,-0.55724990,-0.44089198,0.00122106,0.24434315,
14894,5.18720913,0.39754429,19.52160645,6.00000000,-0.34160155,0.43344727,-0.23750255,-1.35373831,0.31103453,0.07000000,0.00549451,-0.04945035,-0.23999999,0.23999999,-0.01229746,1.60395765,-1.43989658,-1.34430707,-0.48853037,0.00122106,0.01257795,
14902,-0.21650408,2.61337805,20.53136063,6.00000000,-0.35449219,0.43022460,-0.18099356,-0.83539033,0.16369681,0.07000000,0.00549451,-0.26782727,-0.23999999,0.23999999,-0.01229746,-0.06108652,0.91455257,-0.81729829,-0.11636153,0.00122106,-0.09879543,
14909,0.61787522,0.78181368,13.39245033,5.00000000,-0.34804687,0.42216796,0.44220659,-0.20290492,0.08248441,0.07000000,0.00549451,-0.24285410,-0.23999999,0.23999999,-0.01229746,-2.26543736,3.06305289,-0.20026249,-0.17811388,0.00122106,-0.22018994,
14918,-1.73442793,-1.01982307,8.71657467,6.00000000,-0.34965819,0.42700195,0.36222392,0.47827688,-0.03520656,0.07000000,0.00549451,-0.42861104,-0.04400590,-0.01412037,-0.01229746,-4.17482758,5.54316568,0.47987747,0.02393378,0.00122106,-0.33452410,
14926,-2.87406802,-2.11157918,5.07379627,6.00000000,-0.07250977,-0.00644531,0.31721324,1.17719901,-0.02225669,0.07000000,0.00549451,-0.39804226,0.23999999,-0.23999999,-0.01229746,-4.99338722,6.25700521,1.18748450,0.19721162,0.00122106,-0.33762446,
14934,-2.15341330,-1.98947477,1.10899842,6.00000000,0.31743163,-0.40605468,0.12085725,1.67326629,-0.00455567,0.07000000,0.00549451,-0.16454689,0.23999999,-0.23999999,-0.01229746,-3.08748746,3.61457705,1.69175410,0.28164318,0.00122106,-0.12447162,
14942,0.23959135,-1.40768373,-0.66989344,6.00000000,0.33999023,-0.42377931,0.03484670,1.61794734,0.04572247,0.07000000,0.00549451,-0.00177293,0.23999999,-0.23999999,-0.01229746,0.05585054,-0.05235988,1.64455688,0.21498896,0.00122106,0.12675814,
14950,2.79181027,-0.02503230,3.98323750,6.00000000,0.34321290,-0.42539063,-0.18980712,1.08051562,0.08489063,0.07000000,0.00549451,0.06697737,0.23999999,-0.23999999,-0.01229746,2.51676464,-2.72445917,1.09458387,-0.04794908,0.00122106,0.28038502,
14958,4.80054569,0.87638462,8.05098629,6.00000000,0.35288087,-0.43989259,-0.27145040,0.33544955,0.16832629,0.07000000,0.00549451,0.20453990,-0.07932310,0.10570954,-0.01229746,4.45931625,-5.12952280,0.33753240,-0.24450086,0.00122106,0.38905865,
14966,7.97645426,1.52042484,11.99782753,6.00000000,-0.09184571,0.15307617,-0.22528605,-0.72523016,0.23334083,0.07000000,0.00549451,0.07936214,-0.23999999,0.23999999,-0.01229746,4.48549604,-4.73856878,-0.72347343,-0.48014587,0.00122106,0.29596457,
14974,5.81209564,0.19164295,18.65969467,6.00000000,-0.33515626,0.42539063,-0.17531481,-1.52323961,0.24607514,0.07000000,0.00549451,-0.08044993,-0.23999999,0.23999999,-0.01229746,1.79070783,-1.52192700,-1.51258802,-0.55029678,0.00122106,0.00969458,
14981,-1.43874407,1.40310907,20.53136063,5.00000000,-0.35126954,0.43989259,-0.23132038,-1.31304169,0.11488605,0.07000000,0.00549451,-0.15572810,-0.23994631,0.21762708,-0.01229746,0.20769417,0.29496065,-1.29425955,0.01502407,0.00122106,-0.10158545,
14990,1.10270107,1.63774073,12.75559235,6.00000000,-0.35288087,0.38994139,0.42430514,-0.37668493,0.01667522,0.07000000,0.00549451,-0.08377127,-0.23999999,0.23999999,-0.01229746,-2.11184835,2.38586497,-0.37516338,-0.28170136,0.00122106,-0.19790217,
14998,-1.78470623,-1.05453908,8.11802387,6.00000000,-0.34804687,0.43344727,0.34970000,0.28809291,-0.12162634,0.07000000,0.00549451,-0.20729963,-0.10202318,0.07387788,-0.01229746,-3.98807740,4.61290503,0.28736895,-0.01375553,0.00122106,-0.30753985,
15006,-2.43114066,-1.31311285,4.41778517,6.00000000,-0.15307617,0.14501953,0.33657783,0.91941738,-0.09486090,0.07000000,0.00549451,-0.25623864,0.15290551,-0.18731415,-0.01229746,-5.14872122,5.97775269,0.92324901,0.10946455,0.00122106,-0.35440621,
15014,-2.50416374,-2.32945132,0.67085952,6.00000000,0.20463867,-0.30292970,0.14429586,1.55137932,-0.08070841,0.07000000,0.00549451,-0.06018203,0.23999999,-0.23999999,-0.01229746,-4.16435575,4.35983229,1.56646979,0.23790962,0.00122106,-0.20755653,
15022,-0.87131822,-1.16946065,-1.20140624,6.00000000,0.33999023,-0.41411132,0.02625916,1.72726703,-0.06651304,0.07000000,0.00549451,0.23081583,0.23999999,-0.23999999,-0.01229746,-1.50447381,0.75747293,1.75162792,0.26569140,0.00122106,0.04639184,
15030,2.39796424,-0.87018549,2.06189060,6.00000000,0.34804687,-0.41894531,-0.11409686,1.30243385,-0.02160406,0.07000000,0.00549451,0.29786700,0.23999999,-0.23999999,-0.01229746,1.27059972,-2.25322008,1.32067668,0.04034561,0.00122106,0.23474219,
15038,4.18523598,0.45739934,7.47877216,6.00000000,0.35288087,-0.43505859,-0.30611700,0.59455550,0.07561946,0.07000000,0.00549451,0.44264102,0.17072779,-0.11170410,-0.01229746,3.20966029,-4.63559437,0.59957659,-0.09333535,0.00122106,0.34459287,
15046,7.07264280,1.49169445,11.91403103,6.00000000,0.26264650,-0.21752930,-0.31238833,-0.40320531,0.17773743,0.07000000,0.00549451,0.32069826,-0.23999999,0.23999999,-0.01229746,4.57974386,-5.61996031,-0.39955938,-0.27286217,0.00122106,0.35748670,
15053,9.08736420,1.21396708,15.94466972,5.00000000,-0.31582031,0.38349611,-0.23909736,-1.53129256,0.24875957,0.07000000,0.00549451,0.05998600,-0.23999999,0.23999999,-0.01229746,3.17649913,-3.36150432,-1.52211761,-0.57547176,0.00122106,0.13108072,
15062,-1.09996450,0.38317910,20.53136063,6.00000000,-0.34965819,0.42700195,-0.16968270,-1.92484426,0.19964249,0.07000000,0.00549451,-0.19992474,-0.23999999,0.23999999,-0.01229746,1.36484742,-0.71383971,-1.90526795,0.02583462,0.00122106,-0.06721245,
15070,1.60548341,1.48930025,17.07114029,6.00000000,-0.34965819,0.42377931,0.14951220,-0.80843276,0.06270363,0.07000000,0.00549451,-0.23500362,-0.23999999,0.23999999,-0.01229746,-1.22522104,1.96000481,-0.79405773,-0.37855560,0.00122106,-0.18071733,
15078,-2.78428531,0.58668625,10.29914188,6.00000000,-0.35932618,0.43828124,0.40447679,-0.13566925,-0.10609845,0.07000000,0.00549451,-0.26664928,0.03044544,-0.06691845,-0.01229746,-3.14508319,4.02472925,-0.13768947,0.13110951,0.00122106,-0.28522900,
15086,-2.03490019,-1.22093606,3.38349009,6.00000000,0.02578125,-0.09990235,0.45707363,0.62223297,-0.17510793,0.07000000,0.00549451,-0.23457761,0.19776563,-0.22955276,-0.01229746,-3.78561902,4.54309177,0.62336284,0.15163305,0.00122106,-0.27039725,
15094,-3.15179539,-2.48028612,-1.08887875,6.00000000,0.26748046,-0.39799803,0.37997556,1.08005011,-0.17328422,0.07000000,0.00549451,0.02740358,0.23999999,-0.23999999,-0.01229746,-1.97222209,1.85703039,1.09303164,0.44940466,0.00122106,-0.06638180,
15102,-0.19854757,-2.41205144,-1.69461179,6.00000000,0.33999023,-0.43183595,0.05471527,0.99300742,-0.11016183,0.07000000,0.00549451,0.15296802,0.23999999,-0.23999999,-0.01229746,0.93549645,-1.41546202,1.01010668,0.28488865,0.00122106,0.16151457,
15110,1.11467206,-1.25924325,2.41503549,6.00000000,0.34482422,-0.41894531,-0.24060670,0.60190141,-0.01440618,0.07000000,0.00549451,0.20872165,0.23999999,-0.23999999,-0.01229746,3.37197614,-4.05090952,0.61071277,0.16520372,0.00122106,0.32153511,
15118,3.68724179,1.11460769,7.13520432,6.00000000,0.35126954,-0.42216796,-0.41678873,-0.00146608,0.09160846,0.07000000,0.00549451,0.31388524,0.17574441,-0.13478121,-0.01229746,5.49429607,-6.47866249,0.00326413,-0.04507963,0.00122106,0.45800602,
15125,7.19474745,2.01123619,11.05331516,5.00000000,0.26103514,-0.26103514,-0.34873617,-0.79863465,0.16669165,0.07000000,0.00549451,0.26869595,-0.23999999,0.23999999,-0.01229746,6.83645487,-7.70213795,-0.79232502,-0.33233079,0.00122106,0.49355415,
15134,10.50353432,1.38275826,15.56159687,6.00000000,-0.32548827,0.38833007,-0.21139118,-2.02996707,0.18209967,0.07000000,0.00549451,-0.00102997,-0.23999999,0.23999999,-0.01229746,4.96895266,-4.95149946,-2.01514101,-0.73160863,0.00122106,0.22199979,
15142,0.83455044,-0.01545549,20.53136063,6.00000000,-0.35932618,0.42700195,-0.18775354,-2.29432392,0.10862386,0.07000000,0.00549451,-0.08269640,-0.23999999,0.23999999,-0.01229746,3.02814627,-2.75762033,-2.26938319,-0.12504178,0.00122106,0.04551199,
15150,1.77666879,1.64372623,17.21359634,6.00000000,-0.34965819,0.42055663,0.22532910,-1.33845842,0.00328853,0.07000000,0.00549451,-0.32280564,-0.23999999,0.23999999,-0.01229746,0.33859387,0.75223690,-1.25656176,-0.39393130,0.00122106,-0.10817172,
15158,-2.39881897,0.67886299,10.86537075,6.00000000,-0.36093751,0.43505859,0.31220984,-0.73457825,-0.13195556,0.07000000,0.00549451,-0.41528788,-0.12122333,0.06412793,-0.01229746,-1.65457213,3.04385400,-0.73625547,0.08750284,0.00122106,-0.23683044,
15166,-2.07560182,-1.18622017,4.55425453,6.00000000,-0.17885742,0.12407227,0.52081710,0.06023110,-0.14314657,0.07000000,0.00549451,-0.51668620,0.16668701,-0.23712580,-0.01229746,-2.87804794,4.55530930,0.05993795,0.21560189,0.00122106,-0.27824298,
15174,-2.92554331,-2.88969469,1.02639842,6.00000000,0.21269532,-0.40444335,0.35572967,0.63085991,-0.12222182,0.07000000,0.00549451,-0.20977417,0.23999999,-0.23999999,-0.01229746,-1.95302343,2.63370180,0.64361125,0.39983678,0.00122106,-0.12756865,
15182,-1.00180221,-2.09960818,-1.56293070,6.00000000,0.33676758,-0.42700195,0.17610456,0.83659369,-0.06619969,0.07000000,0.00549451,0.02197249,0.23999999,-0.23999999,-0.01229746,0.86044729,-0.93724179,0.84911549,0.36830276,0.00122106,0.13316377,
15190,0.95186633,-1.64231551,1.89908493,6.00000000,0.35288087,-0.42216796,-0.25696707,0.47648507,0.01197260,0.07000000,0.00549451,0.05727073,0.23999999,-0.23999999,-0.01229746,3.41211867,-3.60759544,0.48621431,0.16279835,0.00122106,0.30440918,
15197,3.80695176,0.54119641,5.93930054,5.00000000,0.35126954,-0.42700195,-0.43261796,-0.06077468,0.14502303,0.07000000,0.00549451,0.18167374,0.02844495,-0.00544547,-0.01229746,5.41750193,-6.01440477,-0.05723467,-0.12885204,0.00122106,0.42941797,
15206,7.21030951,2.30811715,9.97951603,6.00000000,0.05478515,-0.02255859,-0.45320326,-0.87819338,0.20658000,0.07000000,0.00549451,0.14247970,-0.23999999,0.23999999,-0.01229746,6.08945370,-6.54847574,-0.87337631,-0.38558459,0.00122106,0.41520652,
15214,9.09694099,2.16207099,14.50575447,6.00000000,-0.32226563,0.40444335,-0.27755675,-1.68752849,0.21321221,0.07000000,0.00549451,-0.08273147,-0.23999999,0.23999999,-0.01229746,3.46273303,-3.17475390,-1.67554498,-0.79098308,0.00122106,0.12685877,
15222,-1.61950624,1.14812648,20.53136063,6.00000000,-0.34643555,0.42377931,-0.13961747,-1.73687172,0.09608524,0.07000000,0.00549451,-0.23469603,-0.09487423,0.06142907,-0.01229746,1.80816102,-1.05243349,-1.72108102,0.15236408,0.00122106,-0.02285488,
15230,2.51887131,1.08228600,17.22915840,6.00000000,-0.13857421,0.12246094,0.38847366,-0.80974877,0.02692761,0.07000000,0.00549451,-0.23928404,-0.23999999,0.23999999,-0.01229746,0.23387411,0.54977870,-0.79825073,-0.43968567,0.00122106,-0.07245333,
15238,0.03249290,-1.38015044,9.15950203,6.00000000,-0.34482422,0.42700195,0.30642921,-0.32358250,-0.12553154,0.07000000,0.00549451,0.03843753,-0.11841297,0.12305366,-0.01229746,-1.49400187,1.37357402,-0.32277763,-0.01664793,0.00122106,-0.13486947,
15246,-2.45987105,-1.07249558,6.79043913,6.00000000,-0.18369141,0.22236328,0.14178909,0.20070106,-0.13843960,0.07000000,0.00549451,-0.08326811,0.00350867,-0.01505110,-0.01229746,-2.67908049,2.95658755,0.19853249,0.03353924,0.00122106,-0.19955994,
15254,-1.97145391,-2.55091500,1.89908493,6.00000000,-0.00483398,-0.00966797,0.15507840,0.84547496,-0.11282155,0.07000000,0.00549451,-0.15347703,0.23999999,-0.23999999,-0.01229746,-2.74714804,3.23933125,0.84852171,0.12074752,0.00122106,-0.16351515,
15262,-2.46465945,-0.58527547,2.01759791,6.00000000,0.32871094,-0.41249999,-0.00026263,1.18747878,-0.11187508,0.07000000,0.00549451,-0.05610782,0.23999999,-0.23999999,-0.01229746,-0.50265479,0.68242371,1.19714749,0.27862376,0.00122106,0.05065173,
15269,0.95545763,-0.74688411,1.09463322,5.00000000,0.34804687,-0.42055663,0.02092808,1.11274815,-0.08313933,0.07000000,0.00549451,0.13801342,0.23999999,-0.23999999,-0.01229746,1.69995070,-2.16246295,1.12500191,0.13542408,0.00122106,0.23224455,
15278,3.83328819,0.43345731,6.28047419,6.00000000,0.34321290,-0.44150391,-0.17843123,0.40003273,-0.01858793,0.07000000,0.00549451,0.18649538,0.07845054,-0.05444038,-0.01229746,4.12770367,-4.72111559,0.40639162,-0.13077517,0.00122106,0.36730221,
15286,7.28333282,0.12460531,10.27759361,6.00000000,0.12246094,-0.12568359,-0.29180488,-0.53837371,0.10624417,0.07000000,0.00549451,0.09212060,-0.23999999,0.23999999,-0.01229746,5.19933558,-5.49778700,-0.53873980,-0.43296915,0.00122106,0.36618099,
15294,9.63922691,1.02841640,13.57321262,6.00000000,-0.32709962,0.39477539,-0.25670832,-1.46534050,0.18174833,0.07000000,0.00549451,-0.10418408,-0.23999999,0.23999999,-0.01229746,2.98800373,-2.68431640,-1.45874929,-0.84060812,0.00122106,0.10505068,
15302,-2.92793751,1.77061903,20.53136063,6.00000000,-0.35288087,0.41733399,-0.24547610,-1.45904744,0.11347972,0.07000000,0.00549451,-0.33074906,0.15049705,-0.19683708,-0.01229746,1.37531948,-0.29670596,-1.44834816,0.30925775,0.00122106,-0.04800255,
15310,1.83772099,1.56471765,17.95579910,6.00000000,0.20463867,-0.32387695,0.20359240,-0.60540771,0.04935417,0.07000000,0.00549451,-0.19353411,-0.23999999,0.23999999,-0.01229746,1.17111588,-0.53756142,-0.59828418,-0.39734125,0.00122106,0.02020871,
15318,2.46500182,-0.16748729,4.19153309,6.00000000,-0.32871094,0.39960939,0.44670400,-0.44552442,-0.11262237,0.07000000,0.00549451,-0.00897688,-0.21259923,0.21059576,-0.01229746,-0.55152404,0.58817595,-0.44997245,-0.08520713,0.00122106,-0.07685379,
15326,-4.68647861,-1.21255636,10.83185196,6.00000000,-0.32065430,0.38188475,0.18375048,-0.43954033,-0.15093018,0.07000000,0.00549451,-0.21397659,0.17120168,-0.20082495,-0.01229746,-1.90066361,2.62846589,-0.43868434,0.24244483,0.00122106,-0.20428531,
15334,-1.34058177,-2.95553517,3.59298277,6.00000000,0.22558594,-0.33032227,0.10451576,0.47358176,-0.11486863,0.07000000,0.00549451,-0.10541923,0.08590651,-0.10057604,-0.01229746,-1.52367246,1.86401165,0.47381061,0.02648087,0.00122106,-0.09302641,
15341,-0.86174142,0.13657631,-0.59567320,5.00000000,0.12084961,-0.18046875,-0.06687097,0.68018216,-0.11842074,0.07000000,0.00549451,0.01025953,0.23999999,-0.23999999,-0.01229746,0.42062435,-0.44854963,0.68689197,0.21319599,0.00122106,0.08364593,
15350,2.13101077,0.47775006,3.23145819,6.00000000,0.34643555,-0.42216796,-0.16478464,0.46479017,-0.06652073,0.07000000,0.00549451,0.04180143,0.05234123,-0.04763474,-0.01229746,2.15199113,-2.25845599,0.47188801,-0.09908949,0.00122106,0.20432550,
15358,5.24586725,-0.41409007,7.26808214,6.00000000,0.09184571,-0.10795899,0.00781976,-0.13144684,-0.02875963,0.07000000,0.00549451,0.05843677,-0.23999999,0.23999999,-0.01229746,3.23758578,-3.43306255,-0.13033366,-0.33658454,0.00122106,0.24289009,
15366,6.41184330,1.05116141,12.57243633,6.00000000,-0.33999023,0.40927735,-0.22695859,-0.74035889,0.05785223,0.07000000,0.00549451,-0.20771217,-0.23999999,0.23999999,-0.01229746,1.67202544,-1.00705504,-0.73834538,-0.56068712,0.00122106,0.04553078,
15374,-2.26713777,0.76505429,20.53136063,6.00000000,-0.35288087,0.43828124,-0.25986388,-0.44759196,0.11127908,0.07000000,0.00549451,-0.30003089,-0.04419561,0.00253498,-0.01229746,0.14137168,0.83950335,-0.43980962,0.04513931,0.00122106,-0.06093323,
15382,2.43148303,2.12136960,16.60666656,6.00000000,-0.07734375,0.02094727,-0.02332513,0.44519317,0.09282516,0.07000000,0.00549451,-0.29316288,-0.23999999,0.23999999,-0.01229746,-0.59864789,1.54810703,0.44340310,-0.46785295,0.00122106,-0.05011372,
15390,3.68843889,-0.45957991,7.92529058,6.00000000,-0.34160155,0.41572267,0.08121862,0.62844610,-0.05670079,0.07000000,0.00549451,-0.12047035,-0.23999999,0.23999999,-0.01229746,-2.62148452,3.01243830,0.62945533,-0.39624500,0.00122106,-0.17160472,
15398,-2.41677547,-0.35064372,12.40005398,6.00000000,-0.34965819,0.42700195,0.08039710,0.80512685,-0.15954252,0.07000000,0.00549451,-0.23727307,0.07744524,-0.10948159,-0.01229746,-4.16959143,4.93230057,0.80366921,0.04680905,0.00122106,-0.28549999,
15406,-1.34177887,-0.89293039,7.10048819,6.00000000,0.10634766,-0.18046875,0.27584267,1.58779109,-0.16056973,0.07000000,0.00549451,-0.15358517,0.16646388,-0.18686384,-0.01229746,-4.37204981,4.86772299,1.59184694,-0.00807337,0.00122106,-0.23072538,
15413,-1.73083663,0.23354149,2.35637760,5.00000000,0.22397462,-0.30615234,0.08790893,1.81334221,-0.20757936,0.07000000,0.00549451,0.07593233,0.23999999,-0.23999999,-0.01229746,-2.53072739,2.29510808,1.83005500,0.25407338,0.00122106,-0.04450454,
15422,1.99573827,-1.18981147,2.39827609,6.00000000,0.34482422,-0.41894531,0.01583260,1.51987267,-0.09266991,0.07000000,0.00549451,0.23517436,0.23999999,-0.23999999,-0.01229746,0.15358898,-0.93375117,1.53768313,-0.01600668,0.00122106,0.15277517,
15430,3.48493171,-1.22692156,6.52468252,6.00000000,0.33999023,-0.43344727,-0.20133698,0.82732785,-0.03906185,0.07000000,0.00549451,0.27584490,0.17308518,-0.13653271,-0.01229746,2.53247285,-3.41560936,0.83032596,-0.09363083,0.00122106,0.28644282,
15438,5.99764633,0.17488354,8.31434822,6.00000000,0.26586914,-0.25136718,-0.25618476,-0.06307024,0.04806253,0.07000000,0.00549451,0.24572384,-0.23975363,0.23999999,-0.01229746,4.10326910,-4.91135645,-0.06132925,-0.29739982,0.00122106,0.33857495,
15446,8.15721607,1.38275826,11.24365425,6.00000000,-0.31904298,0.40283203,-0.24106632,-1.04821742,0.10289907,0.07000000,0.00549451,0.02521235,-0.23999999,0.23999999,-0.01229746,2.70351481,-2.77158284,-1.04364038,-0.57365435,0.00122106,0.13106851,
15454,-0.89047188,0.80814987,20.53136063,6.00000000,-0.35449219,0.43022460,-0.19421729,-1.33859336,0.07971193,0.07000000,0.00549451,-0.16664000,-0.23999999,0.21657988,-0.01229746,1.13097346,-0.59515727,-1.32538080,-0.00172210,0.00122106,-0.03614087,
15462,0.90517944,1.30135548,17.44822884,6.00000000,-0.34643555,0.39155275,0.20212841,-0.34819445,0.06697058,0.07000000,0.00549451,-0.19689366,-0.23999999,0.23999999,-0.01229746,-1.13271868,1.76627314,-0.33647686,-0.30908635,0.00122106,-0.13513900,
15470,-1.41001368,-0.35423502,12.72686195,6.00000000,-0.35932618,0.42216796,0.24422023,0.19358796,-0.03383451,0.07000000,0.00549451,-0.22822963,-0.10479565,0.07361130,-0.01229746,-2.99323964,3.72278738,0.19449180,-0.02386114,0.00122106,-0.24222982,
15478,-1.77153814,-0.70259136,7.50869942,6.00000000,-0.15146485,0.13374023,0.29424760,0.92158389,-0.04600150,0.07000000,0.00549451,-0.27584803,0.07787301,-0.11514236,-0.01229746,-4.01774788,4.90088415,0.92309880,0.02901830,0.00122106,-0.26918635,
15485,-2.42156386,-2.20136166,3.21709299,5.00000000,0.09829102,-0.17885742,0.18592103,1.46797597,-0.06761754,0.07000000,0.00549451,-0.06866337,0.23999999,-0.23999999,-0.01229746,-3.67740870,3.89906549,1.48021257,0.21175441,0.00122106,-0.17602411,
15494,-1.09996450,-0.81511885,0.43622774,6.00000000,0.34160155,-0.41733399,0.05061822,1.68372810,-0.03528810,0.07000000,0.00549451,0.19553566,0.23999999,-0.23999999,-0.01229746,-1.45211387,0.83077669,1.70272291,0.23116922,0.00122106,0.04335803,
15502,1.11826336,-0.90968984,3.66480875,6.00000000,0.35126954,-0.43183595,-0.17416237,1.22630167,0.00911529,0.07000000,0.00549451,0.24191006,0.23999999,-0.23999999,-0.01229746,1.35786617,-2.14500976,1.23915052,0.15414062,0.00122106,0.23470487,
15510,4.21037483,0.40831822,7.09210825,6.00000000,0.34965819,-0.42377931,-0.16183469,0.56499749,0.06100772,0.07000000,0.00549451,0.34618813,0.10047409,-0.05462262,-0.01229746,3.50113058,-4.61465025,0.57057899,-0.13978171,0.00122106,0.35674652,
15518,6.56387520,1.05235851,9.85022926,6.00000000,0.16435547,-0.10957031,-0.18022099,-0.37771320,0.11266765,0.07000000,0.00549451,0.24734609,-0.23999999,0.23999999,-0.01229746,4.62861347,-5.42622852,-0.37470347,-0.33783257,0.00122106,0.35481936,
15526,8.53909111,0.95180202,13.41519547,6.00000000,-0.32226563,0.40283203,-0.23012798,-1.36736310,0.18749447,0.07000000,0.00549451,-0.07066661,-0.23999999,0.23999999,-0.01229746,2.61624837,-2.38237453,-1.36017191,-0.65403557,0.00122106,0.08819911,
15534,-1.77752364,0.24790670,20.53136063,6.00000000,-0.35126954,0.43183595,-0.25125879,-1.72633421,0.17263053,0.07000000,0.00549451,-0.16595736,-0.19106767,0.16710055,-0.01229746,1.00880027,-0.47298422,-1.71018291,0.09393108,0.00122106,-0.07383788,
15542,1.54323423,2.44698095,16.56596375,6.00000000,-0.27714843,0.30937499,0.18859401,-0.67743230,0.09496809,0.07000000,0.00549451,-0.18360516,-0.23999999,0.23999999,-0.01229746,-0.98960167,1.58824956,-0.66783476,-0.38190654,0.00122106,-0.15106717,
15550,-1.19812679,-0.16868439,9.74129295,6.00000000,-0.35449219,0.41894531,0.38320655,-0.18619226,-0.07982360,0.07000000,0.00549451,-0.03577671,-0.10618047,0.10102540,-0.01229746,-2.94786096,3.07701564,-0.18660107,0.01359078,0.00122106,-0.24418411,
15557,-2.12348580,-0.63675082,6.06140471,5.00000000,-0.15629883,0.19335937,0.38394889,0.35252815,-0.11503655,0.07000000,0.00549451,-0.20073101,-0.03872718,0.01150674,-0.01229746,-3.97411466,4.67224646,0.37411734,0.01972572,0.00122106,-0.30329385,
15566,-2.81780434,-3.06566834,2.09900093,6.00000000,-0.05961914,0.03867187,0.26380578,1.08403540,-0.09272153,0.07000000,0.00549451,-0.10090569,0.23999999,-0.23999999,-0.01229746,-4.20449829,4.52912951,1.09213018,0.24521646,0.00122106,-0.24950837,
15574,-2.51374054,-0.75646091,2.36715150,6.00000000,0.31743163,-0.40605468,-0.05067860,1.46840775,-0.04561045,0.07000000,0.00549451,-0.00580562,0.23999999,-0.23999999,-0.01229746,-2.17991614,2.20609617,1.47862077,0.28255236,0.00122106,-0.05238785,
15582,0.95306343,-1.15150416,1.43580699,6.00000000,0.33676758,-0.42216796,-0.07075038,1.34611070,0.03842535,0.07000000,0.00549451,0.09333409,0.23999999,-0.23999999,-0.01229746,0.86742866,-1.20427716,1.36249816,0.13821249,0.00122106,0.18255724,
15590,3.48134041,0.43585151,6.38701630,6.00000000,0.34965819,-0.42861328,-0.30087316,0.70383358,0.08349086,0.07000000,0.00549451,0.09421667,0.15456146,-0.14284399,-0.01229746,3.21489644,-3.49414921,0.71177518,-0.09068640,0.00122106,0.30968153,
15598,6.64527798,0.89434117,10.10161972,6.00000000,0.22719726,-0.26909178,-0.33053678,-0.24799946,0.16007271,0.07000000,0.00549451,0.13167481,-0.23999999,0.23999999,-0.01229746,4.59719706,-5.00560427,-0.24791414,-0.40061224,0.00122106,0.34700868,
15606,9.20707417,1.28100479,13.44512272,6.00000000,-0.32709962,0.38671875,-0.22469956,-1.34896028,0.19370814,0.07000000,0.00549451,0.00205334,-0.23999999,0.23999999,-0.01229746,2.80823469,-2.79078126,-1.34407365,-0.69827896,0.00122106,0.11363383,
15614,-0.51817352,0.79498178,20.53136063,6.00000000,-0.35610351,0.42216796,-0.15511800,-1.71864951,0.16439572,0.07000000,0.00549451,-0.21503985,-0.23999999,0.23999999,-0.01229746,1.13097346,-0.46600291,-1.70251834,0.01166028,0.00122106,-0.06821015,
15622,1.43310094,1.22833228,18.61779594,6.00000000,-0.35610351,0.42377931,0.08184192,-0.79899132,0.05340421,0.07000000,0.00549451,-0.33436003,-0.23999999,0.23999999,-0.01229746,-1.27234507,2.32826900,-0.78198493,-0.37607443,0.00122106,-0.20102087,
15629,-2.07799602,0.53760511,12.44434643,5.00000000,-0.34804687,0.43344727,0.31663144,-0.22627239,-0.10763191,0.07000000,0.00549451,-0.31483045,-0.07897020,0.03590164,-0.01229746,-3.04559946,4.09628773,-0.22574067,0.06570622,0.00122106,-0.28733891,
15638,-1.88645971,-0.35184082,5.72741365,6.00000000,-0.12246094,0.07573242,0.45377958,0.46834883,-0.19765814,0.07000000,0.00549451,-0.31504554,0.11153975,-0.15424019,-0.01229746,-4.15737438,5.17664671,0.46812555,0.12843770,0.00122106,-0.32122004,
15646,-2.72921872,-2.93638158,1.22392011,6.00000000,0.13696289,-0.24814454,0.41484201,1.01701510,-0.20359933,0.07000000,0.00549451,-0.02932674,0.23999999,-0.23999999,-0.01229746,-3.35801339,3.46622396,1.02932465,0.35391629,0.00122106,-0.18183397,
15654,-1.79667723,-1.99905157,-0.44842979,6.00000000,0.33676758,-0.41894531,0.12485714,1.21250188,-0.14558212,0.07000000,0.00549451,0.18979388,0.23999999,-0.23999999,-0.01229746,-0.93026048,0.31764993,1.22644615,0.36107028,0.00122106,0.04296316,
15662,0.81898814,-1.85420239,2.85915995,6.00000000,0.34321290,-0.42216796,-0.28759333,0.81263572,-0.03973057,0.07000000,0.00549451,0.26255959,0.23999999,-0.23999999,-0.01229746,1.96000481,-2.80125356,0.82140344,0.22991556,0.00122106,0.24393372,
15670,3.21558404,0.83089483,6.77607393,6.00000000,0.35610351,-0.42377931,-0.34474516,0.23386364,0.06014676,0.07000000,0.00549451,0.31319115,0.23999999,-0.21986729,-0.01229746,4.24813128,-5.29009295,0.23962510,0.01306933,0.00122106,0.37712795,
15678,6.12094784,2.32367969,9.15591049,6.00000000,0.36416015,-0.38833007,-0.38022137,-0.63210738,0.10428984,0.07000000,0.00549451,0.33469567,-0.18818295,0.23167934,-0.01229746,6.09468985,-7.17504883,-0.62493080,-0.23345436,0.00122106,0.46219942,
15686,9.45128250,1.45458436,13.07042980,6.00000000,-0.24331054,0.37866211,-0.19921608,-1.77615690,0.12044796,0.07000000,0.00549451,0.14164436,-0.23999999,0.23999999,-0.01229746,5.13824940,-5.59378004,-1.76543927,-0.57070398,0.00122106,0.27742422,
15694,4.35402679,-0.61759722,20.53136063,6.00000000,-0.35449219,0.43344727,-0.13441816,-2.39517283,0.09735043,0.07000000,0.00549451,-0.12064230,-0.23999999,0.23999999,-0.01229746,2.84139609,-2.44695163,-2.36822033,-0.49496725,0.00122106,0.01883563,
15701,0.64421141,2.36078978,20.52956581,5.00000000,-0.34160155,0.43344727,-0.02507137,-1.64659798,-0.02070501,0.07000000,0.00549451,-0.26537395,-0.23999999,0.23999999,-0.01229746,0.62308258,0.21293017,-1.61518478,-0.21008283,0.00122106,-0.10661122,
15710,-0.38170400,0.73153543,11.21372700,6.00000000,-0.34804687,0.41894531,0.26783431,-0.84554464,-0.15081207,0.07000000,0.00549451,-0.34288925,-0.23999999,0.23999999,-0.01229746,-1.76278257,2.86757612,-0.84474993,-0.11597203,0.00122106,-0.24078743,
15718,-2.07320738,-1.16108096,5.94049740,6.00000000,-0.35771483,0.42377931,0.41436657,-0.05646248,-0.21547621,0.07000000,0.00549451,-0.54842103,-0.03353044,-0.04110999,-0.01229746,-3.68439007,5.45066309,-0.05807066,0.11100430,0.00122106,-0.35550672,
15726,-3.22840977,-1.67344022,2.92859173,6.00000000,-0.06767578,-0.05961914,0.28035122,0.68221253,-0.17133400,0.07000000,0.00549451,-0.50194502,0.23999999,-0.23999999,-0.01229746,-4.53436518,6.15228558,0.68937802,0.26336679,0.00122106,-0.35302570,
15734,-2.40839577,-2.05172396,0.66487402,6.00000000,0.32709962,-0.40927735,0.13389570,1.21250916,-0.15894569,0.07000000,0.00549451,-0.23576459,0.23999999,-0.23999999,-0.01229746,-2.71922302,3.47669578,1.22821856,0.33442041,0.00122106,-0.14632867,
15742,0.00256538,-0.85462320,0.54037553,6.00000000,0.33999023,-0.43022460,0.01910317,1.16211820,-0.09656470,0.07000000,0.00549451,-0.10604078,0.23999999,-0.23999999,-0.01229746,0.54977870,-0.20594886,1.17929137,0.24496271,0.00122106,0.11583394,
15750,3.28501582,-0.64752471,4.93613005,6.00000000,0.35610351,-0.42377931,-0.28626278,0.63703150,0.02303104,0.07000000,0.00549451,-0.03324550,0.07137495,-0.07693852,-0.01229746,2.89201045,-2.79252672,0.64575100,-0.12200215,0.00122106,0.26380032,
15758,6.36635351,1.18403959,9.11760330,6.00000000,0.11118164,-0.15468749,-0.42389551,-0.11522726,0.13709544,0.07000000,0.00549451,0.04986713,-0.23999999,0.23999999,-0.01229746,3.82925224,-3.94095349,-0.11109471,-0.43240714,0.00122106,0.28701380,
15766,9.18432903,2.25664186,13.65581226,6.00000000,-0.32387695,0.39960939,-0.39972678,-0.97367948,0.19715717,0.07000000,0.00549451,-0.10942666,-0.23999999,0.23999999,-0.01229746,1.57952297,-1.24791038,-0.97110689,-0.78829408,0.00122106,0.03405994,
15773,-0.32424316,1.34205687,20.53136063,5.00000000,-0.35126954,0.43989259,-0.20875578,-1.15762222,0.15905255,0.07000000,0.00549451,-0.19781762,-0.23201151,0.20400295,-0.01229746,0.30019665,0.34033921,-1.14778018,0.00084758,0.00122106,-0.08955105,
15782,3.08390307,1.58865964,19.73229599,6.00000000,-0.33193359,0.36577147,0.03003902,-0.09693031,-0.00496360,0.07000000,0.00549451,-0.09831725,-0.23999999,0.23999999,-0.01229746,-2.05076194,2.37190247,-0.08543777,-0.55197334,0.00122106,-0.17276964,
15790,-0.59119666,1.37677276,13.74798965,6.00000000,-0.35610351,0.43505859,0.31782460,0.28429368,-0.21174604,0.07000000,0.00549451,-0.10012601,-0.14701562,0.13341358,-0.01229746,-3.85717773,4.19577122,0.28395283,-0.05786234,0.00122106,-0.28680870,
15798,-1.25798178,-0.68104357,7.03943586,6.00000000,-0.21914062,0.24331054,0.53799111,1.01747370,-0.26776820,0.07000000,0.00549451,-0.16684693,-0.02922648,0.00701258,-0.01229746,-5.28660202,5.83289051,1.01882017,-0.04189608,0.00122106,-0.34536079,
15806,-2.34016109,-2.84779620,2.44496298,6.00000000,-0.05478515,0.03222656,0.32595515,1.60674286,-0.23131150,0.07000000,0.00549451,-0.18120800,0.23999999,-0.23999999,-0.01229746,-5.48382473,6.06851006,1.61973488,0.15696090,0.00122106,-0.31616434,
15814,-2.41438127,-2.19298196,1.37954319,6.00000000,0.32871094,-0.39799803,0.05244565,2.00728226,-0.11673000,0.07000000,0.00549451,-0.10750724,0.23999999,-0.23999999,-0.01229746,-3.44527984,3.79958177,2.02770805,0.26348874,0.00122106,-0.11951087,
15822,0.57837087,-1.38853014,-0.60046160,6.00000000,0.33354491,-0.41411132,-0.11376557,1.87996185,-0.00742695,0.07000000,0.00549451,0.14812198,0.23999999,-0.23999999,-0.01229746,-0.43633232,-0.06981317,1.90964174,0.16733046,0.00122106,0.13832518,
15830,1.76110649,0.17248935,4.41539097,6.00000000,0.34643555,-0.42539063,-0.37480515,1.30244541,-0.00113652,0.07000000,0.00549451,0.31841373,0.23999999,-0.23999999,-0.01229746,1.95825934,-2.97404099,1.31774855,0.11640736,0.00122106,0.28999436,
15838,3.99729085,0.75068903,8.57651329,6.00000000,0.35288087,-0.42216796,-0.34703124,0.54803932,0.00733906,0.07000000,0.00549451,0.55602372,0.23999999,-0.19279383,-0.01229746,3.83623385,-5.60076141,0.55200523,-0.04043266,0.00122106,0.39935106,
15845,7.45451832,1.85082471,11.95114040,5.00000000,0.35771483,-0.34965819,-0.23533112,-0.50251645,0.00754903,0.07000000,0.00549451,0.61804450,-0.23080784,0.23999999,-0.01229746,5.33896208,-7.34609079,-0.49581015,-0.28656945,0.00122106,0.43717325,
15854,10.07257748,0.73153543,14.43033695,6.00000000,-0.30454102,0.38510743,-0.01057081,-1.74448776,-0.00186356,0.07000000,0.00549451,0.38506979,-0.23999999,0.23999999,-0.01229746,3.95491624,-5.24995041,-1.73373878,-0.60901892,0.00122106,0.21316373,
15862,1.99094987,-1.23290706,20.53136063,6.00000000,-0.36254883,0.43183595,-0.02161857,-2.28188205,-0.03105997,0.07000000,0.00549451,-0.10853860,-0.23999999,0.23999999,-0.01229746,2.24449348,-1.89368224,-2.25916004,-0.35130912,0.00122106,-0.01776427,
15870,-0.10876500,-0.79237396,17.10106850,6.00000000,-0.34804687,0.43344727,0.23117326,-1.34061742,-0.03289777,0.07000000,0.00549451,-0.13031091,-0.23999999,0.23999999,-0.01229746,-0.24434610,0.67020649,-1.31863046,-0.17573817,0.00122106,-0.13329245,
15878,-1.41839337,1.10981929,8.80515957,6.00000000,-0.36254883,0.42216796,0.03510714,-0.60853910,-0.11305936,0.07000000,0.00549451,-0.31451708,-0.23999999,0.23999999,-0.01229746,-2.10661244,3.12413931,-0.61157089,-0.06662810,0.00122106,-0.24742991,
15886,-2.96025920,-0.76962900,4.39384317,6.00000000,-0.34804687,0.42700195,0.33992383,0.20527427,-0.14225888,0.07000000,0.00549451,-0.55988270,0.10553089,-0.18162395,-0.01229746,-3.90604687,5.72118902,0.20280856,0.17824203,0.00122106,-0.34976301,
15894,-4.32974243,-1.30114186,2.58741808,6.00000000,0.14340821,-0.29970703,0.30143821,0.95780689,-0.14344992,0.07000000,0.00549451,-0.36678606,0.23999999,-0.23999999,-0.01229746,-4.04567337,5.25169563,0.96574199,0.38877100,0.00122106,-0.27896956,
15902,-1.60992944,-1.44120264,-0.07493432,6.00000000,0.33193359,-0.40444335,0.32225040,1.27899146,-0.13343477,0.07000000,0.00549451,-0.08828709,0.23999999,-0.23999999,-0.01229746,-1.43640602,1.71391332,1.29417646,0.43790865,0.00122106,-0.02228692,
15910,0.99376488,-1.42564034,1.73627925,6.00000000,0.34160155,-0.42055663,-0.01693053,0.90348804,-0.05621339,0.07000000,0.00549451,-0.04613816,0.23999999,-0.23999999,-0.01229746,1.59348571,-1.45909524,0.91967708,0.15938258,0.00122106,0.18364279,
15917,2.94503927,-0.65829867,5.68551493,5.00000000,0.35126954,-0.42700195,-0.31010607,0.47116849,0.12295672,0.07000000,0.00549451,0.04737774,0.11051814,-0.10534258,-0.01229746,3.71580577,-3.79260063,0.41048783,-0.08644223,0.00122106,0.32096735,
15926,6.10777950,1.88913190,9.97951603,6.00000000,0.17563477,-0.20463867,-0.53670001,-0.35838184,0.25523567,0.07000000,0.00549451,0.04730321,-0.23999999,0.23999999,-0.01229746,4.90961075,-5.04225588,-0.35725242,-0.34663409,0.00122106,0.35455218,
15934,8.33438683,2.70076632,14.45667267,6.00000000,-0.32065430,0.38994139,-0.43425614,-1.33667886,0.31188118,0.07000000,0.00549451,-0.10804644,-0.23999999,0.23999999,-0.01229746,2.76809239,-2.42600775,-1.33042645,-0.65325761,0.00122106,0.10043451,
15942,-0.02616504,1.07630050,20.53136063,6.00000000,-0.35126954,0.42539063,-0.19006281,-1.76372409,0.23353405,0.07000000,0.00549451,-0.26304710,-0.23999999,0.23999999,-0.01229746,1.21300387,-0.36128318,-1.74725008,-0.10193664,0.00122106,-0.07443427,
15950,2.91990018,1.92504501,18.13775826,6.00000000,-0.34160155,0.42216796,0.20293194,-0.58757967,0.03390100,0.07000000,0.00549451,-0.25379029,-0.23999999,0.23999999,-0.01229746,-1.57777762,2.39633703,-0.57315028,-0.45979014,0.00122106,-0.19757062,
15958,-2.31023335,1.08946860,12.66820431,6.00000000,-0.36093751,0.42861328,0.41148907,0.00399974,-0.16239730,0.07000000,0.00549451,-0.20715545,0.03326453,-0.06156585,-0.01229746,-3.45400643,4.11897707,0.00296438,0.11364666,0.00122106,-0.28816277,
15966,-1.85413802,-0.80913335,5.26652956,6.00000000,0.02900391,-0.08862305,0.49783471,0.77511322,-0.21871957,0.07000000,0.00549451,-0.21517201,0.15386020,-0.18296123,-0.01229746,-3.81878042,4.51691198,0.77616709,0.09601267,0.00122106,-0.25840923,
15974,-2.18693209,-2.90645409,-0.67468184,6.00000000,0.21914062,-0.31420898,0.41310918,1.23113191,-0.18606472,0.07000000,0.00549451,0.03998674,0.23999999,-0.23999999,-0.01229746,-2.45044208,2.32826900,1.24710834,0.33625531,0.00122106,-0.08533075,
15982,-0.91201967,-3.11834097,-0.21619222,6.00000000,0.34643555,-0.41733399,-0.10570138,1.09658694,-0.11950984,0.07000000,0.00549451,0.24173361,0.23999999,-0.23999999,-0.01229746,0.13788101,-0.91978854,1.11155212,0.29729185,0.00122106,0.12729220,
15989,0.65378827,-1.53337932,2.36356020,5.00000000,0.34643555,-0.42700195,-0.29987678,0.73660260,-0.06381414,0.07000000,0.00549451,0.34969100,0.23999999,-0.23999999,-0.01229746,2.43473434,-3.57094383,0.74439955,0.25283888,0.00122106,0.28327680,
15998,3.10904217,1.31931198,5.38743687,6.00000000,0.36416015,-0.43505859,-0.34866965,0.21064091,-0.04106534,0.07000000,0.00549451,0.46937495,0.23999999,-0.23999999,-0.01229746,4.68097305,-6.22908020,0.22001874,0.07187441,0.00122106,0.43235326,
16006,6.39867544,1.69400454,10.14351845,6.00000000,0.37060547,-0.43505859,-0.28215715,-0.65684026,-0.01120637,0.07000000,0.00549451,0.57759243,-0.12301585,0.19948339,-0.01229746,6.31111050,-8.18384838,-0.65033221,-0.20723930,0.00122106,0.50070935,
16014,9.78048515,1.38275826,14.86727810,6.00000000,-0.14985351,0.31743163,-0.13058868,-1.82380700,0.02610836,0.07000000,0.00549451,0.36704314,-0.23999999,0.23999999,-0.01229746,5.82590866,-6.97782612,-1.80858457,-0.50242084,0.00122106,0.35368633,
16022,4.94539499,-0.79117686,20.53136063,6.00000000,-0.34321290,0.42539063,-0.15948844,-2.55706334,0.06601731,0.07000000,0.00549451,-0.14133167,-0.23999999,0.23999999,-0.01229746,3.59014225,-3.12937546,-2.52975392,-0.48124141,0.00122106,0.06409645,
16030,-1.42677307,1.37437856,20.53136063,6.00000000,-0.35288087,0.42216796,-0.04094930,-1.81816566,-0.03281493,0.07000000,0.00549451,-0.39091808,-0.23999999,0.23999999,-0.01229746,1.83434105,-0.56897730,-1.78533936,-0.01432410,0.00122106,-0.04442454,
16038,1.04404306,0.29100233,10.50025463,6.00000000,-0.35288087,0.42700195,0.07559340,-0.96066004,-0.13104367,0.07000000,0.00549451,-0.44271344,-0.23999999,0.23999999,-0.01229746,-0.82903141,2.25322008,-0.95992321,-0.26434836,0.00122106,-0.18688184,
16046,-2.66696954,-0.22614524,5.97760773,6.00000000,-0.34804687,0.41894531,0.44349018,-0.13509479,-0.23076311,0.07000000,0.00549451,-0.73656088,0.04759729,-0.14803214,-0.01229746,-2.47487688,4.90961075,-0.13939971,0.16926777,0.00122106,-0.29216477,
16054,-2.59155226,-2.14629507,1.50643587,6.00000000,0.04995117,-0.24008790,0.43053794,0.61460561,-0.20054224,0.07000000,0.00549451,-0.54897112,0.23999999,-0.23999999,-0.01229746,-3.18348050,4.93579102,0.62688130,0.33468777,0.00122106,-0.26137468,
16061,-2.29467106,-1.75244880,-1.29358304,5.00000000,0.32871094,-0.40444335,0.33082673,0.99619043,-0.22759704,0.07000000,0.00549451,-0.28206015,0.23999999,-0.23999999,-0.01229746,-0.98436570,1.89542758,1.01330972,0.47941619,0.00122106,-0.02962898,
16070,-0.03095345,-1.66386342,0.81690580,6.00000000,0.33515626,-0.42216796,0.05277898,0.84726089,-0.10556860,0.07000000,0.00549451,-0.10011180,0.23999999,-0.23999999,-0.01229746,1.97920334,-1.65631747,0.86354268,0.28749615,0.00122106,0.20470701,
16078,2.10228038,-1.00426078,4.90500546,6.00000000,0.35288087,-0.42700195,-0.36648199,0.42866653,0.05440706,0.07000000,0.00549451,-0.09997518,0.23545699,-0.23999999,-0.01229746,4.47851515,-4.15911961,0.43564919,-0.00546110,0.00122106,0.36477697,
16086,5.27699184,1.67844224,9.17626095,6.00000000,0.34804687,-0.43183595,-0.63120323,-0.28456295,0.21747877,0.07000000,0.00549451,-0.03621038,-0.23999999,0.23999999,-0.01229746,6.51182365,-6.38092375,-0.28524572,-0.35479730,0.00122106,0.47114319,
16094,8.49599552,3.17601538,13.36132526,6.00000000,-0.32226563,0.39477539,-0.43949601,-1.25843155,0.28934607,0.07000000,0.00549451,-0.11476496,-0.23999999,0.23999999,-0.01229746,5.62868690,-5.20457220,-1.25459576,-0.59735364,0.00122106,0.31880111,
16102,4.69041252,0.64893550,20.53136063,6.00000000,-0.35126954,0.42700195,-0.20817068,-1.77915001,0.20271380,0.07000000,0.00549451,-0.17158757,-0.23999999,0.23999999,-0.01229746,2.93215322,-2.38062906,-1.75886941,-0.60765147,0.00122106,0.06834814,
16110,2.38838744,2.34642458,19.78736305,6.00000000,-0.34643555,0.42216796,0.02827041,-0.82811671,-0.04360082,0.07000000,0.00549451,-0.28209636,-0.23999999,0.23999999,-0.01229746,0.32637659,0.60039330,-0.80781347,-0.34858090,0.00122106,-0.07171654,
16118,0.32338840,1.30973518,12.92198944,6.00000000,-0.35126954,0.43344727,0.35028014,-0.16123888,-0.20173886,0.07000000,0.00549451,-0.40027058,-0.23999999,0.23999999,-0.01229746,-1.75754654,3.07701564,-0.16037989,-0.14578317,0.00122106,-0.19581284,
16126,-1.23164558,-1.50824022,7.24414015,6.00000000,-0.35932618,0.42216796,0.50284892,0.58273411,-0.27620149,0.07000000,0.00549451,-0.52645433,0.04590061,-0.11733007,-0.01229746,-3.89906549,5.58679914,0.58707666,0.07621937,0.00122106,-0.32035160,
16133,-2.88005352,-2.01940227,3.59178567,5.00000000,0.04995117,-0.18369141,0.18796255,1.25778115,-0.22992063,0.07000000,0.00549451,-0.34651360,0.23999999,-0.23999999,-0.01229746,-4.56578159,5.68977356,1.27082419,0.17713183,0.00122106,-0.29423970,
16142,-2.05046248,-1.69259381,-0.41491097,6.00000000,0.33515626,-0.41733399,0.00504254,1.66414666,-0.20491898,0.07000000,0.00549451,-0.16077752,0.23999999,-0.23999999,-0.01229746,-1.93033409,2.44869709,1.68569613,0.28636047,0.00122106,-0.03839536,
16150,-0.20932147,-1.07249558,0.41348284,6.00000000,0.34965819,-0.42861328,-0.04407785,1.51001799,-0.15752652,0.07000000,0.00549451,0.02469546,0.23999999,-0.23999999,-0.01229746,0.81332338,-0.90582591,1.53377020,0.24618804,0.00122106,0.19066153,
16158,2.10347748,-0.34824952,4.80564594,6.00000000,0.34482422,-0.42377931,-0.23287588,0.98445976,-0.08959183,0.07000000,0.00549451,0.12072754,0.23999999,-0.23999999,-0.01229746,3.16428208,-3.53254628,0.99598891,0.03288579,0.00122106,0.33159572,
16166,4.83526134,0.88476437,8.91170216,6.00000000,0.34804687,-0.42861328,-0.33828655,0.21913460,0.02151522,0.07000000,0.00549451,0.17677487,-0.03051247,0.05294473,-0.01229746,5.29009295,-5.87652397,0.22176516,-0.21029252,0.00122106,0.44270545,
16174,8.48522186,1.57788575,12.80108261,6.00000000,-0.02739258,0.07734375,-0.26955923,-0.83635408,0.11573213,0.07000000,0.00549451,0.06808971,-0.23999999,0.23999999,-0.01229746,5.58330822,-5.80321980,-0.83435798,-0.53037584,0.00122106,0.37041706,
16182,7.98722792,0.48253846,17.53920746,6.00000000,-0.33032227,0.40927735,-0.19510895,-1.68908346,0.12927034,0.07000000,0.00549451,-0.26185557,-0.23999999,0.23999999,-0.01229746,3.01592898,-2.17991614,-1.67668951,-0.72981942,0.00122106,0.07141590,
16190,-3.47022414,0.63337314,20.53136063,6.00000000,-0.35610351,0.43344727,-0.12573299,-1.43998945,-0.00698295,0.07000000,0.00549451,-0.27923977,0.04928828,-0.08862034,-0.01229746,1.34215820,-0.43109635,-1.42434525,0.22798425,0.00122106,-0.04079178,
16198,1.84849489,2.42423606,12.54370594,6.00000000,0.06123047,-0.13535157,0.18471648,-0.47283763,-0.06958479,0.07000000,0.00549451,-0.19389863,-0.23999999,0.23999999,-0.01229746,0.57595867,0.05235988,-0.47632182,-0.35750553,0.00122106,-0.01588646,
16205,0.75913310,0.11024010,3.80008125,5.00000000,-0.33032227,0.40766603,0.50354046,-0.24784294,-0.20070294,0.07000000,0.00549451,-0.03192370,-0.04552297,0.04054043,-0.01229746,-1.01927233,1.12399209,-0.25248986,0.02022848,0.00122106,-0.10084401,
16214,-4.15975428,-2.02897906,6.61207104,6.00000000,-0.07250977,0.07573242,0.13782090,-0.01588773,-0.18928415,0.07000000,0.00549451,-0.12314668,0.23999999,-0.23999999,-0.01229746,-1.72438538,2.10661244,-0.01193993,0.21705854,0.00122106,-0.14801833,
16222,-1.21009779,-3.05968285,1.69198656,6.00000000,0.33354491,-0.40283203,0.14574897,0.63601571,-0.11160327,0.07000000,0.00549451,-0.13007441,0.23999999,-0.23999999,-0.01229746,0.13264503,0.30019665,0.63808554,0.14189270,0.00122106,0.04409434,
16230,-0.23685479,-0.67266387,-0.56454855,6.00000000,0.34321290,-0.43183595,-0.02755842,0.64043742,-0.08690308,0.07000000,0.00549451,0.04699045,0.23999999,-0.23999999,-0.01229746,2.70875096,-2.83790541,0.64923716,0.21481930,0.00122106,0.25848714,
16238,3.11742187,-0.92884344,2.98605251,6.00000000,0.36093751,-0.42377931,-0.19986603,0.20313001,-0.05903947,0.07000000,0.00549451,0.16118714,0.13327464,-0.11289053,-0.01229746,4.89913940,-5.42273808,0.20930323,-0.07778212,0.00122106,0.40695268,
16246,5.35959148,0.96975851,8.35744381,6.00000000,0.20786133,-0.21591797,-0.28607136,-0.49768203,-0.01834264,0.07000000,0.00549451,0.21356910,-0.22437175,0.23999999,-0.01229746,6.18195629,-6.84867191,-0.49561310,-0.26902741,0.00122106,0.45979095,
16254,7.62690067,2.11298990,12.98783016,6.00000000,-0.29487306,0.38510743,-0.30518082,-1.27852631,0.06255531,0.07000000,0.00549451,-0.01668362,-0.23999999,0.23999999,-0.01229746,4.51167631,-4.46106148,-1.26999891,-0.53055513,0.00122106,0.24261475,
16262,3.23354053,1.41747427,20.53136063,6.00000000,-0.35126954,0.43666992,-0.19632624,-1.61641157,0.09143345,0.07000000,0.00549451,-0.22045209,-0.23999999,0.23999999,-0.01229746,2.89550114,-2.16944432,-1.59706104,-0.43806607,0.00122106,0.07060412,
16270,2.68766260,0.99010921,19.34323883,6.00000000,-0.34160155,0.43344727,0.00239460,-0.49274567,-0.00451285,0.07000000,0.00549451,-0.34306538,-0.23999999,0.23999999,-0.01229746,0.30892330,0.80983281,-0.47280812,-0.43215445,0.00122106,-0.05289568,
16277,-0.88089508,0.69322819,13.55645275,5.00000000,-0.35126954,0.42216796,0.28435969,0.10599625,-0.12370997,0.07000000,0.00549451,-0.46987230,-0.12653618,0.06223230,-0.01229746,-1.51145506,2.95484257,0.10626748,-0.04210410,0.00122106,-0.16195753,
16286,-0.55408651,-1.00066948,6.59531164,6.00000000,-0.19174805,0.12084961,0.42541817,0.83406013,-0.15485783,0.07000000,0.00549451,-0.45744407,0.07394125,-0.13609019,-0.01229746,-2.97753191,4.46106148,0.83820587,0.02925074,0.00122106,-0.21715721,
16294,-2.26833487,-2.24086595,2.85437155,6.00000000,0.09023438,-0.21430664,0.25357202,1.29149282,-0.13572535,0.07000000,0.00549451,-0.14826828,0.23999999,-0.23999999,-0.01229746,-2.75936556,3.23758578,1.30709291,0.23038463,0.00122106,-0.12774557,
16302,-1.55007446,-1.43402004,0.51164508,6.00000000,0.33032227,-0.41088867,0.04123100,1.54926181,-0.07469344,0.07000000,0.00549451,0.02801206,0.23999999,-0.23999999,-0.01229746,-0.22165681,0.13089970,1.56611586,0.28496256,0.00122106,0.10517218,
16310,1.64259350,-2.29353833,1.90626764,6.00000000,0.34643555,-0.42216796,-0.14978848,1.17492998,0.02513131,0.07000000,0.00549451,0.15990734,0.23999999,-0.23999999,-0.01229746,2.46964097,-2.96705961,1.19175267,0.07406950,0.00122106,0.29759055,
16318,3.85842729,0.12340821,5.24139071,6.00000000,0.34160155,-0.41894531,-0.27478144,0.56960070,0.09573594,0.07000000,0.00549451,0.29839486,0.15224060,-0.11305563,-0.01229746,4.59370661,-5.53792953,0.57774264,-0.12373225,0.00122106,0.42938489,
16326,6.52317381,1.45338726,8.32871342,6.00000000,0.22397462,-0.20947266,-0.33497661,-0.27276006,0.11262362,0.07000000,0.00549451,0.34484673,-0.23001254,0.23999999,-0.01229746,5.88001394,-7.00400591,-0.26831174,-0.31088060,0.00122106,0.46923184,
16334,9.50994015,1.10981929,12.35935211,6.00000000,-0.30615234,0.38994139,-0.20628671,-1.23808038,0.13195652,0.07000000,0.00549451,0.17448300,-0.23999999,0.23999999,-0.01229746,4.16784620,-4.71413422,-1.23127162,-0.66986787,0.00122106,0.24902739,
16342,2.24952364,0.52084571,20.53136063,6.00000000,-0.34804687,0.43022460,-0.06060727,-1.64791787,0.10285839,0.07000000,0.00549451,-0.23086801,-0.23999999,0.23999999,-0.01229746,2.72620416,-1.97571266,-1.62928689,-0.28321895,0.00122106,0.05841826,
16349,2.20762515,0.90152377,17.27105713,5.00000000,-0.34160155,0.42539063,0.24005775,-0.71452814,0.09721750,0.07000000,0.00549451,-0.35841668,-0.23999999,0.23999999,-0.01229746,0.23212880,0.94945914,-0.69917339,-0.37942800,0.00122106,-0.08166482,
16358,-1.93075252,-0.26924089,12.17858982,6.00000000,-0.35288087,0.42539063,0.25093785,-0.09163403,0.04050875,0.07000000,0.00549451,-0.58343154,-0.11128637,0.03155270,-0.01229746,-1.72263992,3.63028479,-0.08990473,0.01619482,0.00122106,-0.21631247,
16366,-2.01694369,-1.61238801,6.20864820,6.00000000,-0.17402343,0.05961914,0.33186221,0.71561491,0.07330649,0.07000000,0.00549451,-0.61304438,0.20264600,-0.23999999,-0.01229746,-2.80474401,4.82059956,0.72345811,0.15064551,0.00122106,-0.23612407,
16374,-3.11348820,-2.41324854,2.84240055,6.00000000,0.27714843,-0.40283203,0.27758861,1.17179239,0.10426041,0.07000000,0.00549451,-0.33087701,0.23999999,-0.23999999,-0.01229746,-1.50621915,2.60228610,1.19077206,0.38168097,0.00122106,-0.06236549,
16382,-0.19615336,-2.18101096,-1.53539741,6.00000000,0.34804687,-0.42055663,0.15823351,1.21415520,0.14901152,0.07000000,0.00549451,-0.02221897,0.23999999,-0.23999999,-0.01229746,1.05941486,-0.97738439,1.23950303,0.33087447,0.00122106,0.16960649,
16390,0.69808096,-0.15910760,1.44897509,6.00000000,0.33837891,-0.42539063,-0.21461610,0.85791647,0.13340151,0.07000000,0.00549451,0.14463529,0.23999999,-0.23999999,-0.01229746,3.29169106,-3.78038335,0.81731331,0.17730680,0.00122106,0.33299321,
16398,3.39634633,0.95778751,6.23857546,6.00000000,0.34482422,-0.42377931,-0.22469032,0.21006279,0.21928687,0.07000000,0.00549451,0.26246428,0.16383129,-0.12980147,-0.01229746,5.55363798,-6.40186739,0.21553284,-0.08195999,0.00122106,0.47187996,
16406,6.42860270,1.86399281,10.36258793,6.00000000,0.24169922,-0.24653320,-0.18331139,-0.71991718,0.27473429,0.07000000,0.00549451,0.28909552,-0.23999999,0.23999999,-0.01229746,7.00575161,-7.92903042,-0.71513736,-0.33838534,0.00122106,0.51688153,
16414,9.10172939,1.29776418,13.41160393,6.00000000,-0.32548827,0.39316407,-0.13930790,-1.71599340,0.32102442,0.07000000,0.00549451,0.00800344,-0.23999999,0.23999999,-0.01229746,5.55189228,-5.57109118,-1.70551658,-0.63066220,0.00122106,0.29130185,
16421,3.33170295,-0.23332785,20.53136063,5.00000000,-0.36093751,0.41894531,-0.13836187,-2.21548653,0.29794809,0.07000000,0.00549451,-0.10245757,-0.23999999,0.23999999,-0.01229746,3.39815593,-3.07876062,-2.18975377,-0.42092770,0.00122106,0.07955535,
16430,1.61984861,2.16685939,16.60546875,6.00000000,-0.34965819,0.41894531,0.19579089,-1.33004534,0.22358155,0.07000000,0.00549451,-0.51364803,-0.23999999,0.23999999,-0.01229746,1.13620937,0.54803336,-1.31080246,-0.33928901,0.00122106,-0.07444362,
16438,-1.22087169,-0.11840616,10.55292702,6.00000000,-0.35932618,0.43344727,0.30029124,-0.63344663,0.14051108,0.07000000,0.00549451,-0.61274004,-0.23999999,0.20756309,-0.01229746,-1.02974427,3.03163695,-0.63159126,-0.05144542,0.00122106,-0.19863823,
16446,-1.31424558,-1.31909835,5.69988012,6.00000000,-0.35288087,0.36416015,0.40742818,0.14809628,0.14733347,0.07000000,0.00549451,-0.85543025,0.00126758,-0.11773312,-0.01229746,-2.75936556,5.49953270,0.15288496,0.10762948,0.00122106,-0.29984176,
16454,-2.78069401,-2.39648914,3.69832754,6.00000000,-0.01611328,-0.19013672,0.21145973,0.80572677,0.16386591,0.07000000,0.00549451,-0.65505594,0.23999999,-0.23999999,-0.01229746,-3.53952789,5.66359329,0.82423913,0.23080504,0.00122106,-0.28769609,
16462,-1.57521355,-1.55133593,1.66086197,6.00000000,0.33354491,-0.41411132,0.18756053,1.20705938,0.17765369,0.07000000,0.00549451,-0.36572313,0.23999999,-0.23999999,-0.01229746,-1.27234507,2.40855432,1.22362125,0.34753260,0.00122106,-0.04399018,
16470,0.69329256,-0.87018549,2.54551935,6.00000000,0.34482422,-0.43022460,0.02323536,1.07843339,0.22970301,0.07000000,0.00549451,-0.01296178,0.23999999,-0.23999999,-0.01229746,1.23918378,-1.19555056,1.09380305,0.21771459,0.00122106,0.18353163,
16478,4.10263586,0.66210359,5.87705088,6.00000000,0.34804687,-0.42055663,-0.24532184,0.43959945,0.31959566,0.07000000,0.00549451,0.05047387,-0.02773900,0.03332691,-0.01229746,3.66519141,-3.90255642,0.38193119,-0.18285325,0.00122106,0.31928840,
16486,6.85955906,1.09665120,9.48271847,6.00000000,-0.02739258,0.04672851,-0.32534423,-0.44324231,0.38895944,0.07000000,0.00549451,0.10885517,-0.23999999,0.23999999,-0.01229746,3.97935081,-4.31968975,-0.44272414,-0.44645685,0.00122106,0.28183290,
16493,5.78815365,1.75505662,16.25232506,5.00000000,-0.32387695,0.41088867,-0.26850110,-1.14406335,0.42101225,0.07000000,0.00549451,0.03778600,-0.23999999,0.23999999,-0.01229746,1.84830368,-1.97047675,-1.13685536,-0.47614470,0.00122106,0.06228633,
16502,-1.51894975,2.77618361,20.53136063,6.00000000,-0.35771483,0.42377931,-0.12857448,-0.95524830,0.28046575,0.07000000,0.00549451,-0.28241414,-0.15591744,0.11648156,-0.01229746,0.27401668,0.63006383,-0.93916297,0.03341952,0.00122106,-0.08667546,
16510,2.02566576,-0.06812793,13.91079521,6.00000000,-0.22397462,0.21914062,0.50750667,-0.21104372,0.23369049,0.07000000,0.00549451,-0.20891517,-0.23999999,0.23999999,-0.01229746,-1.38928211,2.07519650,-0.20626956,-0.29275188,0.00122106,-0.14470778,
16518,0.30184060,-1.83864009,9.62397671,6.00000000,-0.35771483,0.42055663,0.31428322,0.17557724,0.11047295,0.07000000,0.00549451,-0.11822582,-0.21946226,0.20322254,-0.01229746,-3.00545692,3.39292002,0.17801866,-0.11395486,0.00122106,-0.23127620,
16526,-1.86132061,-1.21854186,7.38779259,6.00000000,-0.31743163,0.36577147,0.22184099,0.80160236,0.17144731,0.07000000,0.00549451,-0.37849051,-0.02878918,-0.02237373,-0.01229746,-4.51865721,5.75085974,0.80322576,-0.00916398,0.00122106,-0.32993227,
16534,-1.90681052,-2.24326015,4.33039665,6.00000000,-0.05156250,-0.02739258,0.04159947,1.43502331,0.17634156,0.07000000,0.00549451,-0.32038736,0.13924177,-0.18219446,-0.01229746,-5.26914883,6.28667641,1.44743669,0.02997717,0.00122106,-0.33046782,
16542,-2.02532339,-0.20699163,2.70952225,6.00000000,0.18530273,-0.30615234,0.07956906,1.76465285,0.18384509,0.07000000,0.00549451,-0.14677759,0.23999999,-0.23999999,-0.01229746,-3.54476380,4.03520107,1.77894986,0.22185686,0.00122106,-0.14938578,
16550,0.30064347,-0.13755977,3.66121745,6.00000000,0.34160155,-0.41894531,0.10257156,1.83081996,0.17686848,0.07000000,0.00549451,0.28980619,0.23999999,-0.23999999,-0.01229746,-1.63886416,0.68416905,1.84583247,0.14530204,0.00122106,0.05041252,
16558,3.06594634,-0.45598862,7.28005314,6.00000000,0.34965819,-0.43344727,-0.08553299,1.11843514,0.22035936,0.07000000,0.00549451,0.30881479,0.23999999,-0.20917217,-0.01229746,1.17635190,-2.17991614,1.12374282,-0.05176908,0.00122106,0.21133532,
16565,5.40388441,0.73871803,10.08486080,5.00000000,0.35288087,-0.37221679,-0.23276567,0.20933326,0.32204798,0.07000000,0.00549451,0.38404492,-0.09245874,0.14344028,-0.01229746,3.00022078,-4.22718716,0.21012634,-0.21669309,0.00122106,0.29304090,
16574,7.72865438,1.32050908,11.76319599,6.00000000,-0.11118164,0.24331054,-0.23576666,-0.90868813,0.38511327,0.07000000,0.00549451,0.06891286,-0.23999999,0.23999999,-0.01229746,3.10494065,-3.33357882,-0.90370011,-0.38409746,0.00122106,0.17626910,
16582,3.55915189,0.27424291,18.66448212,6.00000000,-0.34482422,0.42216796,-0.21036179,-1.61109447,0.34967864,0.07000000,0.00549451,0.21236657,-0.23999999,0.23999999,-0.01229746,0.69813168,-1.37357402,-1.59859061,-0.36766267,0.00122106,-0.04121973,
16590,-1.71168303,3.31966758,19.09783363,6.00000000,-0.35449219,0.42377931,-0.09005560,-1.04445863,0.12653370,0.07000000,0.00549451,-0.18274879,-0.22595632,0.20019422,-0.01229746,-0.68067843,1.27583563,-1.01874852,0.00752908,0.00122106,-0.14980119,
16598,0.00017118,-0.10523806,11.27118778,6.00000000,-0.32871094,0.36254883,0.68349373,-0.35590124,0.05714946,0.07000000,0.00549451,-0.07988942,-0.23999999,0.23999999,-0.01229746,-2.98800373,3.25678444,-0.35401410,-0.11759856,0.00122106,-0.26207429,
16606,-2.10074091,-1.88891828,8.01627064,6.00000000,-0.35126954,0.43022460,0.42968100,0.25248215,-0.03457724,0.07000000,0.00549451,-0.29265767,-0.06521483,0.02554793,-0.01229746,-4.47851515,5.46637154,0.25254866,0.03787429,0.00122106,-0.35919201,
16614,-2.32100749,-3.02616405,5.23061657,6.00000000,-0.10151367,0.05800781,0.26734769,0.96421820,0.04346962,0.07000000,0.00549451,-0.23631497,0.14909747,-0.18072079,-0.01229746,-5.53792953,6.27794933,0.97234756,0.10667156,0.00122106,-0.37671354,
16622,-1.89723372,-1.62795031,3.34159160,6.00000000,0.19819336,-0.29648438,-0.08010461,1.39233661,0.10868599,0.07000000,0.00549451,-0.07583792,0.23999999,-0.23999999,-0.01229746,-4.09803295,4.34587002,1.40293443,0.15711135,0.00122106,-0.21258420,
16630,-0.73724294,0.47894716,2.97886992,6.00000000,0.34482422,-0.42055663,-0.08476893,1.44813704,0.14098190,0.07000000,0.00549451,0.16532166,0.23999999,-0.23999999,-0.01229746,-1.58126831,1.04545224,1.46220350,0.22893712,0.00122106,0.00645092,
16637,3.06714344,-0.36381185,3.93176222,5.00000000,0.35126954,-0.43022460,-0.11531189,0.95957625,0.16858713,0.07000000,0.00549451,0.24091029,0.19802594,-0.16591901,-0.01229746,0.94073248,-1.70693207,0.97196680,-0.05680500,0.00122106,0.17715561,
16646,5.28417444,0.83688033,8.99430180,6.00000000,0.29326171,-0.29487306,-0.23361212,0.01914858,0.22865663,0.07000000,0.00549451,0.30269268,-0.17561786,0.21553181,-0.01229746,2.79252672,-3.78038335,0.02204919,-0.23617408,0.00122106,0.25055021,
16654,7.84118176,1.15411198,11.66024494,6.00000000,-0.23364258,0.35610351,-0.25959620,-0.99413729,0.28010532,0.07000000,0.00549451,0.03394926,-0.23999999,0.23999999,-0.01229746,2.10137653,-2.20784140,-0.99001652,-0.46852636,0.00122106,0.09081358,
16662,1.96940207,-0.09685835,20.53136063,6.00000000,-0.35288087,0.43344727,-0.32679188,-1.49872148,0.26349080,0.07000000,0.00549451,-0.08728012,-0.23999999,0.23999999,-0.01229746,0.39968041,-0.11519173,-1.48368335,-0.26403815,0.00122106,-0.09615052,
16670,0.98059678,2.73548222,17.23155212,6.00000000,-0.35126954,0.42216796,0.18457389,-0.70857143,0.12459669,0.07000000,0.00549451,-0.22096355,-0.23999999,0.23999999,-0.01229746,-1.70693207,2.44346094,-0.69478363,-0.28927636,0.00122106,-0.20786351,
16678,-1.41121078,-0.12798297,12.53652287,6.00000000,-0.35449219,0.43828124,0.35810062,-0.25113866,-0.05222101,0.07000000,0.00549451,-0.22575662,-0.20462658,0.17378134,-0.01229746,-3.78038335,4.50120401,-0.24877849,-0.01197097,0.00122106,-0.33493465,
16686,-1.44472957,-0.74209571,7.80079222,6.00000000,-0.31098634,0.32226563,0.48461473,0.39054668,-0.08681104,0.07000000,0.00549451,-0.38560778,-0.08331390,0.03120364,-0.01229746,-5.31801844,6.58687258,0.39116198,0.03288369,0.00122106,-0.42478815,
16694,-2.21566248,-2.88849759,4.38546324,6.00000000,-0.12890625,0.06606445,0.37097117,0.91473740,-0.05816990,0.07000000,0.00549451,-0.28472143,0.22149882,-0.23999999,-0.01229746,-6.21511745,7.13316107,0.92637074,0.18750033,0.00122106,-0.44040754,
16702,-2.64901304,-1.81589520,3.57502627,6.00000000,0.30292970,-0.41249999,0.00408291,1.40671217,0.02253480,0.07000000,0.00549451,-0.13656737,0.23999999,-0.23999999,-0.01229746,-4.26558447,4.69319010,1.41719890,0.25096783,0.00122106,-0.23908707,
16709,-0.15186064,-0.88335359,0.32848868,5.00000000,0.33999023,-0.40927735,-0.06203934,1.42473042,0.06760000,0.07000000,0.00549451,0.19356780,0.23999999,-0.23999999,-0.01229746,-1.74881983,1.12748265,1.44415319,0.23093665,0.00122106,0.00098547,
16718,2.87800169,0.99729180,3.72107244,6.00000000,0.34804687,-0.42539063,-0.25442591,0.81327683,0.11039068,0.07000000,0.00549451,0.39077443,0.23999999,-0.21827465,-0.01229746,1.00007367,-2.28463578,0.82754743,0.00386645,0.00122106,0.18535265,
16726,5.19319487,0.80455858,8.59087849,6.00000000,0.35771483,-0.38671875,-0.28899732,-0.03778730,0.16837786,0.07000000,0.00549451,0.45982584,-0.05185805,0.11307269,-0.01229746,2.93738914,-4.43837214,-0.03334516,-0.15663584,0.00122106,0.28016025,
16734,7.58739614,1.47373796,11.87692070,6.00000000,-0.05478515,0.17885742,-0.20939168,-1.14897048,0.22455350,0.07000000,0.00549451,0.20434162,-0.23999999,0.23999999,-0.01229746,3.24107647,-3.89906549,-1.14138305,-0.35840470,0.00122106,0.18610537,
16742,5.42902374,0.14735022,17.59068298,6.00000000,-0.33837891,0.42539063,-0.22323301,-2.05329967,0.24335168,0.07000000,0.00549451,0.13611147,-0.23999999,0.23999999,-0.01229746,0.76969016,-1.20602250,-2.03776217,-0.48659182,0.00122106,-0.07525745,
16750,-3.08356071,1.85681021,20.53136063,6.00000000,-0.35449219,0.43344727,-0.25726941,-1.71534777,0.04958630,0.07000000,0.00549451,-0.01535898,-0.07482284,0.07156262,-0.01229746,-0.38746309,0.43284163,-1.68705249,0.19521898,0.00122106,-0.15995631,
16758,2.20044255,2.42902446,11.47948265,6.00000000,-0.10795899,0.14501953,0.39366373,-0.94315076,-0.05742080,0.07000000,0.00549451,0.00890875,-0.23999999,0.23999999,-0.01229746,-1.76452780,1.73485732,-0.93952674,-0.46801680,0.00122106,-0.20543382,
16766,-0.06327517,-1.11678827,5.67952967,6.00000000,-0.35449219,0.41894531,0.46212140,-0.62006885,-0.25797844,0.07000000,0.00549451,0.18561287,-0.23999999,0.23999999,-0.01229746,-3.45575190,2.82394290,-0.64926994,-0.12060526,0.00122106,-0.28899610,
16774,-3.39360976,-1.26522875,6.02190018,6.00000000,-0.35610351,0.43183595,0.19463101,-0.12594634,-0.26867911,0.07000000,0.00549451,-0.09006993,-0.09500349,0.08284497,-0.01229746,-5.01782179,5.32150888,-0.13263315,0.06899700,0.00122106,-0.40624350,
16781,-2.09954381,-2.46352673,3.54390144,5.00000000,-0.14663085,0.15307617,0.18245134,0.59532726,-0.19100124,0.07000000,0.00549451,-0.18052408,-0.03152131,0.00749801,-0.01229746,-6.29889297,6.87659740,0.59528655,0.04495943,0.00122106,-0.45648468,
16790,-2.26115227,-1.41127503,5.15280533,6.00000000,-0.06445312,0.01611328,-0.16084018,1.12307525,-0.14239044,0.07000000,0.00549451,-0.13099431,0.21334113,-0.23051885,-0.01229746,-6.05280161,6.47168064,1.12843060,0.13351749,0.00122106,-0.39203069,
16798,-1.71288013,0.18565746,9.16429043,6.00000000,0.28037110,-0.38833007,-0.21889015,1.42162335,-0.11563582,0.07000000,0.00549451,0.15021221,0.23999999,-0.23999999,-0.01229746,-3.97062397,3.47844124,1.42227292,0.14035898,0.00122106,-0.17874859,
16806,4.14692831,1.43902206,6.12963963,6.00000000,0.34804687,-0.41088867,-0.03664153,1.21118748,-0.09005697,0.07000000,0.00549451,0.31095511,-0.00021961,0.04230156,-0.01229746,-1.30201554,0.29670596,1.22076976,-0.18949087,0.00122106,0.03314604,
16814,6.13411570,0.32092986,9.66228390,6.00000000,0.01127930,0.05639648,-0.23653893,0.13475628,-0.02624574,0.07000000,0.00549451,0.21496210,-0.23999999,0.23999999,-0.01229746,-0.36651915,-0.32812190,0.13503933,-0.30727962,0.00122106,0.00976554,
16822,5.03038883,-0.05017142,14.88284111,6.00000000,-0.33193359,0.42539063,-0.31027836,-0.70435160,0.08330829,0.07000000,0.00549451,-0.23098940,-0.23999999,0.23999999,-0.01229746,-1.52018178,2.26543736,-0.70468748,-0.40552104,0.00122106,-0.19731341,
16830,-2.98300409,0.65372390,20.53136063,6.00000000,-0.35610351,0.43505859,-0.24587670,-0.58882999,0.00484651,0.07000000,0.00549451,-0.15320796,-0.11024604,0.08895941,-0.01229746,-2.59704995,3.09272337,-0.58009070,0.07086080,0.00122106,-0.26147509,
16838,2.33212352,3.41782975,12.49821568,6.00000000,-0.15791015,0.16918945,0.04061553,0.10480251,-0.11120098,0.07000000,0.00549451,-0.09439236,-0.23999999,0.23999999,-0.01229746,-3.90604687,4.21846056,0.10173732,-0.45084807,0.00122106,-0.30085883,
16846,1.03566337,-1.01024628,8.17069626,6.00000000,-0.35288087,0.43666992,0.38038766,0.26754847,-0.32642582,0.07000000,0.00549451,0.03144193,-0.23999999,0.23999999,-0.01229746,-5.59378004,5.50651360,0.26815155,-0.17149410,0.00122106,-0.40348282,
16853,-2.78907371,-0.09446415,8.41729927,5.00000000,-0.35771483,0.43505859,0.41395032,0.70157003,-0.37352812,0.07000000,0.00549451,-0.35036010,-0.05504853,0.00803208,-0.01229746,-6.59734440,7.72308207,0.70198804,0.03431198,0.00122106,-0.49208456,
16862,-1.39923966,-3.08482218,4.94450951,6.00000000,-0.08701172,0.02416992,0.41913754,1.50873733,-0.25883904,0.07000000,0.00549451,-0.38392067,0.13530430,-0.18649957,-0.01229746,-7.42812157,8.67428684,1.52169824,0.07368161,0.00122106,-0.49673533,
16870,-1.67936134,-2.64428902,4.16998529,6.00000000,0.16757813,-0.30776367,-0.05875187,1.84331775,-0.14982094,0.07000000,0.00549451,-0.12461334,0.23999999,-0.23999999,-0.01229746,-5.95331812,6.35823441,1.86234963,0.11800800,0.00122106,-0.32724309,
16878,0.48499703,-0.20938583,2.21990800,6.00000000,0.34321290,-0.40766603,-0.16752170,1.81762075,-0.04685470,0.07000000,0.00549451,0.25949645,0.23999999,-0.23999999,-0.01229746,-3.78038335,2.96007848,1.83825636,0.08512833,0.00122106,-0.11682779,
16886,2.86004519,0.67646879,5.17554998,6.00000000,0.34160155,-0.41572267,-0.37733683,1.15091693,-0.03959764,0.07000000,0.00549451,0.46212637,0.23999999,-0.23999999,-0.01229746,-0.85695666,-0.60388392,1.16423416,0.04267402,0.00122106,0.08219553,
16894,5.08545542,0.69322819,9.31392765,6.00000000,0.34643555,-0.43022460,-0.24890806,0.24790695,-0.02952930,0.07000000,0.00549451,0.52461505,0.01124968,0.05909014,-0.01229746,1.59872162,-3.29343629,0.25146592,-0.12511382,0.00122106,0.20327055,
16902,6.78533888,1.59464514,11.67221642,6.00000000,0.04028320,0.09023438,-0.16313720,-0.85377479,-0.06285614,0.07000000,0.00549451,0.39963549,-0.23999999,0.23999999,-0.01229746,2.05774331,-3.37721205,-0.84579003,-0.30063963,0.00122106,0.14271981,
16910,7.17200232,0.37001097,14.02451992,6.00000000,-0.32709962,0.40122071,-0.12040811,-1.76703095,-0.06794333,0.07000000,0.00549451,0.09158507,-0.23999999,0.23999999,-0.01229746,-0.50090951,0.20071286,-1.75685048,-0.61693376,0.00122106,-0.15729950,
16918,-4.79062653,0.02764014,20.53136063,6.00000000,-0.36093751,0.44472656,-0.05351338,-1.96115553,-0.11969316,0.07000000,0.00549451,-0.13330758,0.09606268,-0.11531223,-0.01229746,-1.04370689,1.48527515,-1.94271421,0.38339907,0.00122106,-0.24373138,
16925,2.04242516,0.44542834,12.89206219,5.00000000,0.12246094,-0.18208008,0.17900610,-0.99604261,-0.16588543,0.07000000,0.00549451,0.00170457,-0.23999999,0.23999999,-0.01229746,-1.43815136,1.44862330,-0.99731356,-0.49349931,0.00122106,-0.18607762,
16934,3.52802730,0.40233269,0.06033808,6.00000000,-0.34804687,0.41894531,0.43766642,-1.11666417,-0.28060636,0.07000000,0.00549451,0.10683395,-0.23999999,0.23999999,-0.01229746,-2.84663200,2.54294467,-1.15924954,-0.45015278,0.00122106,-0.29252589,
16942,-4.33812237,-1.04975057,7.01669121,6.00000000,-0.35932618,0.43505859,0.01169856,-0.89758921,-0.32623270,0.07000000,0.00549451,0.01852213,-0.07903206,0.08126886,-0.01229746,-4.28303766,4.20449829,-0.90583777,0.16705170,0.00122106,-0.39271176,
16950,-0.74681973,-0.28240898,2.99203801,6.00000000,-0.11279297,0.15307617,0.11512373,0.02520316,-0.22167072,0.07000000,0.00549451,-0.21779574,-0.23999999,0.23999999,-0.01229746,-5.29707432,5.96902609,0.03552145,-0.08116719,0.00122106,-0.42653787,
16958,-1.98821330,-0.53499728,4.77811241,6.00000000,-0.34643555,0.41894531,-0.13632151,0.43449450,-0.21012777,0.07000000,0.00549451,-0.28144044,0.00038132,-0.03818591,-0.01229746,-6.19417334,7.10348988,0.43592784,0.09746020,0.00122106,-0.47079262,
16966,-2.84653473,0.24670960,9.74608135,6.00000000,-0.01772461,-0.04672851,-0.20381023,1.13955879,-0.15506966,0.07000000,0.00549451,-0.30042684,0.02812219,-0.06826654,-0.01229746,-6.36521578,7.32863760,1.13890731,0.01970569,0.00122106,-0.43470231,
16974,-0.73125744,0.22755598,10.79953003,6.00000000,0.02255859,-0.10634766,-0.15995401,1.45901680,-0.16946296,0.07000000,0.00549451,-0.07532527,0.20566538,-0.21536265,-0.01229746,-5.05796385,5.30405569,1.45665252,0.04893994,0.00122106,-0.28010520,
16982,4.28220081,1.62696683,9.34385490,6.00000000,0.30454102,-0.38671875,0.12417179,1.23648739,-0.09265795,0.07000000,0.00549451,0.02845660,-0.23999999,0.23999999,-0.01229746,-3.59537816,3.50462127,1.23661780,-0.37903866,0.00122106,-0.17787322,
16990,6.52437067,-2.17143416,9.69699955,6.00000000,-0.33515626,0.40605468,-0.05718429,0.24560261,-0.02579374,0.07000000,0.00549451,0.04080774,-0.23999999,0.23999999,-0.01229746,-4.08232498,3.94618964,0.24196315,-0.48834735,0.00122106,-0.28680670,
16997,-0.67978209,-0.02503230,20.53136063,5.00000000,-0.36899415,0.44794923,-0.33169773,-0.07987238,0.07946036,0.07000000,0.00549451,-0.12503187,-0.23850416,0.22155678,-0.01229746,-4.74555016,5.14872122,-0.08304693,-0.04695064,0.00122106,-0.38296291,
17006,0.89799678,3.12573719,13.51694870,6.00000000,-0.35288087,0.39799803,-0.22362268,0.78193349,0.09401780,0.07000000,0.00549451,-0.16247728,-0.23999999,0.23999999,-0.01229746,-7.00924253,7.50666142,0.77930182,-0.33045903,0.00122106,-0.49513042,
17014,-2.62147975,1.26663947,11.92480469,6.00000000,-0.35449219,0.42861328,0.09429535,1.20126450,-0.05878652,0.07000000,0.00549451,-0.04127724,0.05986318,-0.06434610,-0.01229746,-8.89419842,9.03033352,1.19786251,0.07227060,0.00122106,-0.59170008,
17022,-1.35973537,1.23192358,7.28962994,6.00000000,0.05961914,-0.10473633,0.39311218,1.85178983,-0.17652307,0.07000000,0.00549451,-0.13192467,0.00406811,-0.02065471,-0.01229746,-8.99368095,9.41430664,1.86474204,-0.05678760,0.00122106,-0.55965346,
17030,-0.68337339,-2.56767440,0.23511480,6.00000000,0.00161133,-0.02416992,0.44845682,2.13195229,-0.19831826,0.07000000,0.00549451,0.04505760,0.23999999,-0.23999999,-0.01229746,-8.52942467,8.37234497,2.15791607,0.12426206,0.00122106,-0.47900495,
17038,-1.53690636,-1.44838524,3.03752780,6.00000000,0.33193359,-0.41572267,0.02534364,1.90033269,-0.10949890,0.07000000,0.00549451,0.10096426,0.23999999,-0.23999999,-0.01229746,-6.57989120,6.25176954,1.91775751,0.18361801,0.00122106,-0.34192944,
17046,1.73716450,-2.37613845,4.04189539,6.00000000,0.33676758,-0.42055663,-0.19634795,1.50972593,0.10112945,0.07000000,0.00549451,0.26177272,0.23999999,-0.23999999,-0.01229746,-3.56745291,2.71747756,1.52232969,0.06320846,0.00122106,-0.12336721,
17054,2.98574066,0.22995019,7.58770800,6.00000000,0.34643555,-0.42216796,-0.46498030,0.75322717,0.18000814,0.07000000,0.00549451,0.43930107,0.23999999,-0.20852172,-0.01229746,-0.81855947,-0.59166664,0.75920737,0.05023033,0.00122106,0.05156019,
17062,5.07109022,0.99370050,10.44518757,6.00000000,0.35610351,-0.37382811,-0.51765329,-0.19539787,0.15311104,0.07000000,0.00549451,0.64447051,0.04796200,0.03863947,-0.01229746,0.95120442,-3.07701564,-0.19254303,-0.02804105,0.00122106,0.13641411,
17069,6.49683762,2.07109118,13.98381805,5.00000000,0.08217774,0.05156250,-0.27310488,-1.28777087,0.04980420,0.07000000,0.00549451,0.63034117,-0.23999999,0.23999999,-0.01229746,1.34390354,-3.38768411,-1.27310610,-0.16466863,0.00122106,0.08551919,
17078,6.13172150,0.63576740,16.05360603,6.00000000,-0.33999023,0.40283203,-0.04559898,-2.18687773,-0.06617582,0.07000000,0.00549451,0.41541451,-0.23999999,0.23999999,-0.01229746,-1.17286122,-0.13962634,-2.16666818,-0.43540233,0.00122106,-0.20455275,
17086,-4.12743235,0.33649215,20.53136063,6.00000000,-0.35610351,0.43666992,0.26717472,-2.23151660,-0.08820701,0.07000000,0.00549451,-0.00688031,-0.23999999,0.23999999,-0.01229746,-1.67377079,1.70344138,-2.19979692,0.01612431,0.00122106,-0.29824951,
17094,1.30860245,-3.15545106,12.46110535,6.00000000,-0.35288087,0.42377931,0.29441535,-1.45992136,-0.13504127,0.07000000,0.00549451,0.07459326,-0.23999999,0.23999999,-0.01229746,-4.41917372,4.11025047,-1.39498305,-0.39347130,0.00122106,-0.43360609,
17102,-4.90075970,-0.32550460,8.27484417,6.00000000,-0.35288087,0.41572267,0.15710248,-0.79834813,-0.17708825,0.07000000,0.00549451,-0.25558966,-0.04942738,0.01469998,-0.01229746,-5.77529430,6.58338213,-0.80382168,0.23290721,0.00122106,-0.52997553,
17110,-2.39762187,-1.81110680,1.54115188,6.00000000,-0.08540039,0.04995117,0.37873989,0.05624898,-0.12400984,0.07000000,0.00549451,-0.33801141,0.03776032,-0.08322911,-0.01229746,-6.91324949,8.01978779,0.05117106,0.20576814,0.00122106,-0.56724137,
17118,-3.06321001,-1.06770718,-0.04021839,6.00000000,0.04028320,-0.13535157,0.22610325,0.48388404,-0.13240646,0.07000000,0.00549451,-0.16277593,0.23999999,-0.23999999,-0.01229746,-6.26224136,6.78584003,0.48738959,0.38786262,0.00122106,-0.45939827,
17126,-2.93751431,-0.19741482,2.11097193,6.00000000,0.32548827,-0.40927735,0.11476857,0.72818148,-0.05274097,0.07000000,0.00549451,0.04830591,0.23999999,-0.23999999,-0.01229746,-3.69311690,3.50985718,0.73302281,0.43699667,0.00122106,-0.21549228,
17134,2.20642805,-0.64153922,1.35799539,6.00000000,0.33999023,-0.42216796,-0.13640805,0.48626965,0.10710920,0.07000000,0.00549451,0.07964689,0.17983541,-0.16953598,-0.01229746,-0.50789082,0.23561946,0.49459323,0.04949310,0.00122106,0.01244646,
17141,3.10305667,1.13495839,6.58932590,5.00000000,0.26264650,-0.31259766,-0.53582495,-0.02679658,0.29852083,0.07000000,0.00549451,0.05011921,-0.00063331,0.00646395,-0.01229746,1.34739411,-1.51320040,-0.02347493,-0.04509091,0.00122106,0.10557032,
17150,6.82963133,1.90948272,12.14387417,6.00000000,0.00644531,0.00322266,-0.64797461,-1.02881861,0.43130422,0.07000000,0.00549451,0.01584675,-0.23999999,0.23999999,-0.01229746,1.43640602,-1.49749255,-1.02653813,-0.45695579,0.00122106,0.03345916,
17158,5.18002653,1.32410038,17.88277626,6.00000000,-0.33837891,0.41249999,-0.47626063,-1.77285779,0.39291766,0.07000000,0.00549451,-0.10542259,-0.23999999,0.23999999,-0.01229746,-0.82554072,1.13970006,-1.75874877,-0.39493933,0.00122106,-0.20451345,
17166,-2.86808252,3.82125282,20.53136063,6.00000000,-0.35610351,0.43828124,-0.14902960,-1.94942379,0.24838117,0.07000000,0.00549451,-0.12551127,-0.23999999,0.23999999,-0.01229746,-1.99142063,2.39808226,-1.92686176,0.10903603,0.00122106,-0.31296492,
17174,3.65970850,1.57190025,14.12986469,6.00000000,-0.35449219,0.44150391,0.33627391,-1.23400116,0.07398720,0.07000000,0.00549451,0.09383133,-0.23999999,0.23999999,-0.01229746,-4.86597776,4.58148909,-1.19176769,-0.58514136,0.00122106,-0.45053315,
17182,-2.88484192,0.59626305,11.22450066,6.00000000,-0.36254883,0.43183595,0.51452929,-0.70741194,-0.10834792,0.07000000,0.00549451,-0.05173451,-0.23999999,0.23999999,-0.01229746,-6.52055025,6.69159222,-0.70780373,0.02785176,0.00122106,-0.55540371,
17190,-2.18094659,-1.55373013,4.68952703,6.00000000,-0.35449219,0.42216796,0.56247836,0.04046393,-0.01887507,0.07000000,0.00549451,-0.32071543,-0.22762749,0.18476096,-0.01229746,-8.34441948,9.35321999,0.08836019,0.04012245,0.00122106,-0.66969603,
17198,-2.97462440,-3.80068827,2.16364431,6.00000000,-0.33999023,0.31582031,0.20077240,0.76610553,0.05059903,0.07000000,0.00549451,-0.54443026,0.00640091,-0.07914913,-0.01229746,-10.16479778,11.88918304,0.77676249,0.17181687,0.00122106,-0.78448510,
17206,-3.04764748,-1.80392420,1.73029375,6.00000000,-0.01289062,-0.13212891,-0.02002151,1.40286613,0.14566249,0.07000000,0.00549451,-0.36147356,0.17733249,-0.22498485,-0.01229746,-10.53480721,11.71639538,1.41994154,0.19115423,0.00122106,-0.73497403,
17213,-2.13785100,0.05277926,2.55988455,5.00000000,0.23847656,-0.38188475,-0.22279571,1.77916181,0.17640211,0.07000000,0.00549451,0.07519796,0.23999999,-0.23999999,-0.01229746,-8.92910480,8.69523048,1.79318380,0.22847863,0.00122106,-0.53202248,
17222,-1.37529767,1.66527414,6.25892639,6.00000000,0.34160155,-0.42539063,-0.11830030,1.82352924,0.25304541,0.07000000,0.00549451,0.24826974,0.23999999,-0.23999999,-0.01229746,-5.49429607,4.67748260,1.83355176,0.34191743,0.00122106,-0.24479634,
17230,3.93743587,-1.10242307,8.72974205,6.00000000,0.35449219,-0.41249999,-0.31931484,1.14368427,0.46401292,0.07000000,0.00549451,0.38559964,0.08857930,-0.03615741,-0.01229746,-2.53770852,1.30725169,1.14629006,-0.08952653,0.00122106,-0.06147750,
17238,5.23389626,0.97813821,12.59039307,6.00000000,0.13212891,-0.07089844,-0.51605111,0.16807126,0.58936000,0.07000000,0.00549451,0.35300046,-0.00756969,0.05501674,-0.01229746,-1.04021621,-0.09773844,0.16754192,-0.04769232,0.00122106,-0.02455477,
17246,5.62534809,0.74470353,15.13183784,6.00000000,-0.00322266,0.09345703,-0.48702374,-0.77621520,0.57660049,0.07000000,0.00549451,0.15459114,-0.23999999,0.23999999,-0.01229746,-1.28281701,0.79237950,-0.77366757,-0.26083252,0.00122106,-0.14041536,
17254,4.38275719,0.42028922,18.15212250,6.00000000,-0.32871094,0.42377931,-0.17655425,-1.59896743,0.39766875,0.07000000,0.00549451,0.22630954,-0.23999999,0.23999999,-0.01229746,-3.10668612,2.37713838,-1.58798087,-0.36369792,0.00122106,-0.32795733,
17262,-3.19129968,1.56830895,20.53136063,6.00000000,-0.36254883,0.44150391,0.03415848,-1.43759966,0.10108680,0.07000000,0.00549451,0.25063452,-0.23983359,0.23999999,-0.01229746,-4.63384914,3.82227111,-1.41180277,0.11383554,0.00122106,-0.43088907,
17270,0.53407818,0.51605731,11.15028000,6.00000000,-0.34965819,0.42861328,0.62349153,-0.69222653,0.01426131,0.07000000,0.00549451,0.24529934,-0.23999999,0.23999999,-0.01229746,-6.91150379,6.11039782,-0.69046664,-0.42789456,0.00122106,-0.54926336,
17278,-3.10032010,-2.32226872,7.01070547,6.00000000,-0.34965819,0.42377931,0.47746113,-0.06507043,-0.08044282,0.07000000,0.00549451,0.06798787,-0.23999999,0.23999999,-0.01229746,-8.70744801,8.49102688,-0.07410121,-0.08370605,0.00122106,-0.66151685,
17285,-2.48141885,-3.58161902,2.73466134,5.00000000,-0.35932618,0.42055663,0.36672223,0.61702096,0.03849774,0.07000000,0.00549451,-0.09890069,-0.21417245,0.20200320,-0.01229746,-10.74599266,11.04444313,0.61271012,0.00969406,0.00122106,-0.78339034,
17294,-3.62704444,-2.68618751,2.27258039,6.00000000,-0.31420898,0.35771483,0.02281196,1.43834758,0.09564821,0.07000000,0.00549451,-0.42086601,0.09827325,-0.15365547,-0.01229746,-12.48783112,13.77762985,1.42851567,0.18537629,0.00122106,-0.89200455,
17302,-3.73717761,-0.97912169,3.73902893,6.00000000,0.11923828,-0.25781250,-0.04454926,2.06200624,0.17946996,0.07000000,0.00549451,-0.39879996,0.23999999,-0.23999999,-0.01229746,-12.17192650,13.50361252,2.07616973,0.23685819,0.00122106,-0.81865788,
17310,-2.82378983,0.83448613,6.07098150,6.00000000,0.32871094,-0.41088867,-0.12858407,2.29022813,0.24330153,0.07000000,0.00549451,0.10180777,0.23999999,-0.23999999,-0.01229746,-9.48935509,9.16472340,2.29682922,0.38982031,0.00122106,-0.53383458,
17318,-0.77794439,1.59344804,6.98077822,6.00000000,0.34321290,-0.41572267,-0.28359887,2.22485209,0.34013882,0.07000000,0.00549451,0.22575152,0.23999999,-0.23999999,-0.01229746,-6.42804766,5.72467995,2.23487115,0.34967437,0.00122106,-0.28920329,
17326,2.47338152,0.41909212,11.58722210,6.00000000,0.34643555,-0.43022460,-0.38828579,1.35685635,0.53012621,0.07000000,0.00549451,0.38653752,0.23999999,-0.23814160,-0.01229746,-3.62155819,2.35968518,1.35491788,0.05199537,0.00122106,-0.12669416,
17334,5.23150206,0.92785996,13.67376900,6.00000000,0.33999023,-0.42377931,-0.36693957,0.35210365,0.58705044,0.07000000,0.00549451,0.44107321,-0.04644369,0.10586278,-0.01229746,-0.78365284,-0.65275317,0.34761631,-0.11711250,0.00122106,0.02108750,
17342,5.41346121,-0.35902342,14.95107555,6.00000000,-0.05961914,0.15791015,-0.19756679,-0.79372132,0.53392851,0.07000000,0.00549451,0.17890888,-0.23999999,0.23999999,-0.01229746,-0.24958208,-0.33161256,-0.79669768,-0.15080442,0.00122106,-0.05759997,
17350,3.24551153,-0.88694489,18.16888237,6.00000000,-0.33032227,0.42055663,-0.09927838,-1.57731485,0.50147355,0.07000000,0.00549451,0.03297894,-0.23999999,0.23999999,-0.01229746,-2.75412965,2.69478822,-1.56854630,-0.33474237,0.00122106,-0.32931310,
17357,-3.01771998,0.71118474,20.53136063,5.00000000,-0.36254883,0.43183595,-0.29829001,-1.63897765,0.25849161,0.07000000,0.00549451,0.35019916,-0.23017746,0.23999999,-0.01229746,-4.68970013,3.56570768,-1.61646140,0.14359313,0.00122106,-0.43796864,
17366,0.28986958,2.52958083,10.70615578,6.00000000,-0.33999023,0.42055663,0.32336700,-0.74427634,0.09567656,0.07000000,0.00549451,0.19232154,-0.23999999,0.23999999,-0.01229746,-6.99877024,6.37219715,-0.73514956,-0.30729795,0.00122106,-0.56466985,
17374,-3.68330812,-2.04454136,6.40497255,6.00000000,-0.35610351,0.41411132,0.63112384,-0.20396034,-0.10941430,0.07000000,0.00549451,0.11389004,-0.23999999,0.23999999,-0.01229746,-9.08618355,8.71268368,-0.21165824,-0.01625693,0.00122106,-0.69444799,
17382,-3.33854318,-3.19375825,2.13970232,6.00000000,-0.35288087,0.41572267,0.60473394,0.54287952,-0.06878210,0.07000000,0.00549451,-0.16864125,-0.18210571,0.16048601,-0.01229746,-10.99208355,11.51917267,0.53594601,0.05728386,0.00122106,-0.81912696,
17390,-3.87364721,-4.26636076,1.32806790,6.00000000,-0.25620118,0.28359374,0.34362450,1.43919408,-0.03421468,0.07000000,0.00549451,-0.46253926,0.21250927,-0.23999999,-0.01229746,-12.30457115,13.77588367,1.44989824,0.26497728,0.00122106,-0.88343507,
17398,-3.40438366,-1.58246052,2.58741808,6.00000000,0.28520507,-0.38994139,0.13219489,1.94352436,0.16975927,0.07000000,0.00549451,-0.38765633,0.23999999,-0.23999999,-0.01229746,-11.21374035,12.50877476,1.96299815,0.33486694,0.00122106,-0.75078231,
17406,-2.25037837,-0.91088694,2.71071935,6.00000000,0.33354491,-0.40444335,-0.25704178,2.17231107,0.17599456,0.07000000,0.00549451,-0.00213012,0.23999999,-0.23999999,-0.01229746,-7.60614491,7.64279652,2.19294882,0.39310256,0.00122106,-0.41605276,
17414,0.80342585,2.04116368,4.03830433,6.00000000,0.34643555,-0.40766603,-0.28790998,1.95295870,0.34011424,0.07000000,0.00549451,0.12801658,0.23999999,-0.23999999,-0.01229746,-4.55007362,4.15562916,1.97237134,0.19388226,0.00122106,-0.18187898,
17422,2.10946298,1.85561311,9.55574226,6.00000000,0.34321290,-0.42055663,-0.70934558,1.15661120,0.44380552,0.07000000,0.00549451,0.47811425,0.23999999,-0.23999999,-0.01229746,-2.21133208,0.67020649,1.16124988,0.13247445,0.00122106,-0.02103138,
17429,4.72033978,1.64372623,14.43512535,5.00000000,0.35449219,-0.42216796,-0.43748361,0.25333172,0.38847709,0.07000000,0.00549451,0.64272630,0.12697676,-0.04029164,-0.01229746,-0.16057029,-1.90939021,0.25276488,-0.00977565,0.00122106,0.08525093,
17438,5.71872187,0.14974442,17.22915840,6.00000000,0.19497070,-0.09023438,-0.18229410,-1.03017402,0.15450355,0.07000000,0.00549451,0.73485774,-0.23999999,0.23999999,-0.01229746,0.54628801,-2.96705961,-1.03035688,-0.13191034,0.00122106,0.05682637,
17446,5.74505806,-1.71414161,18.15212250,6.00000000,-0.33032227,0.39799803,0.05442233,-1.95522118,-0.00108330,0.07000000,0.00549451,0.41143340,-0.23999999,0.23999999,-0.01229746,-1.44687796,0.06981317,-1.94956970,-0.36594027,0.00122106,-0.20326804,
17454,-2.06243348,-0.31712490,20.53136063,6.00000000,-0.35771483,0.42700195,0.18058364,-2.25234246,-0.07305727,0.07000000,0.00549451,0.28801715,-0.23999999,0.23999999,-0.01229746,-3.41211867,2.50803804,-2.22302437,-0.11973101,0.00122106,-0.39526308,
17462,-1.51655555,-1.71533871,13.12549686,6.00000000,-0.34160155,0.42377931,0.23282102,-1.40290749,-0.20525996,0.07000000,0.00549451,0.25999314,-0.23999999,0.23999999,-0.01229746,-5.77005863,4.93055534,-1.39728951,-0.16863501,0.00122106,-0.51585090,
17470,-4.02807331,-1.49986053,6.76649714,6.00000000,-0.35126954,0.41733399,0.40737435,-0.79367828,-0.29146305,0.07000000,0.00549451,0.05819443,-0.23999999,0.23999999,-0.01229746,-7.66723108,7.45255613,-0.80380613,0.02521607,0.00122106,-0.63323349,
17478,-4.11546135,-2.67062521,1.10780132,6.00000000,-0.35610351,0.42539063,0.52280307,-0.02133355,-0.26222336,0.07000000,0.00549451,-0.31686753,-0.08316091,0.04097307,-0.01229746,-9.50506306,10.52433586,-0.03304440,0.18972725,0.00122106,-0.76398832,
17486,-3.23559237,-1.87575018,-0.52384716,6.00000000,-0.13696289,0.08217774,0.54195708,0.76664662,-0.24838655,0.07000000,0.00549451,-0.40953943,0.23999999,-0.23999999,-0.01229746,-10.82627678,12.14574623,0.77149856,0.35711217,0.00122106,-0.81519383,
17494,-3.20566487,-0.84025800,-1.44920611,6.00000000,0.32226563,-0.40122071,0.36140543,1.29266381,-0.21812351,0.07000000,0.00549451,-0.14082070,0.23999999,-0.23999999,-0.01229746,-9.23279190,9.69181347,1.30613041,0.49079597,0.00122106,-0.62132567,
17501,-2.84653473,0.25508931,0.91506809,5.00000000,0.33515626,-0.41733399,-0.00836747,1.46514714,-0.05356890,0.07000000,0.00549451,0.05113734,0.23999999,-0.23999999,-0.01229746,-5.66882896,5.52222157,1.48098063,0.56700987,0.00122106,-0.31345215,
17510,0.42274776,1.46296406,3.08900332,6.00000000,0.33837891,-0.41572267,-0.55856359,1.21764386,0.13827293,0.07000000,0.00549451,0.02552532,0.23999999,-0.23999999,-0.01229746,-2.33525062,2.25496531,1.23299909,0.28395450,0.00122106,-0.07849748,
17518,2.04601645,2.10580730,10.56011009,6.00000000,0.35126954,-0.43022460,-0.80453950,0.47909313,0.37661761,0.07000000,0.00549451,0.06092533,0.21841741,-0.21077141,-0.01229746,0.18849556,-0.40666169,0.47975671,0.06648105,0.00122106,0.05598607,
17526,5.41226435,1.40909457,16.97178268,6.00000000,0.32548827,-0.37705079,-0.66719669,-0.69700789,0.41924033,0.07000000,0.00549451,0.20219299,-0.23999999,0.23999999,-0.01229746,1.65631747,-2.29336262,-0.70028818,-0.23307404,0.00122106,0.09708799,
17534,6.56866360,1.93581891,19.61857224,6.00000000,-0.31259766,0.38833007,-0.27563074,-1.87650633,0.26171175,0.07000000,0.00549451,0.13241535,-0.23999999,0.23999999,-0.01229746,0.08377581,-0.50440013,-1.86114001,-0.26131096,0.00122106,-0.11922035,
17542,-2.59753776,1.32050908,20.53136063,6.00000000,-0.35449219,0.43183595,-0.03727582,-2.39207888,0.13013932,0.07000000,0.00549451,0.28736389,-0.23999999,0.23999999,-0.01229746,-2.16944432,1.21300387,-2.36123443,0.06210911,0.00122106,-0.30885220,
17550,2.05080485,2.79653430,15.81538200,6.00000000,-0.33999023,0.42216796,0.16976234,-1.69114709,-0.09568109,0.07000000,0.00549451,0.29233038,-0.23999999,0.23999999,-0.01229746,-5.21155310,4.25511265,-1.66311109,-0.43209517,0.00122106,-0.48570654,
17558,-5.73753309,0.29698783,11.86973763,6.00000000,-0.34643555,0.43183595,0.65790737,-1.12007928,-0.28815266,0.07000000,0.00549451,0.47818375,-0.23999999,0.23999999,-0.01229746,-7.34783602,5.84510756,-1.11644232,0.06629616,0.00122106,-0.58926278,
17566,-2.33656979,-2.72808599,-0.80516583,6.00000000,-0.34482422,0.41088867,0.62943113,-0.25590491,-0.39779663,0.07000000,0.00549451,0.21135885,-0.23999999,0.23999999,-0.01229746,-9.61501884,8.92212296,-0.28543866,-0.18124133,0.00122106,-0.73073804,
17573,-4.39797735,-2.79632068,-1.44920611,5.00000000,-0.35126954,0.42216796,0.63921279,0.43567380,-0.36854935,0.07000000,0.00549451,-0.08060302,-0.22770032,0.21808016,-0.01229746,-11.36732960,11.64483738,0.42494762,0.04279359,0.00122106,-0.84807265,
17582,-4.53923512,-3.77076077,-1.90410447,6.00000000,-0.32548827,0.39638671,0.34788600,1.27002418,-0.23877642,0.07000000,0.00549451,-0.41765323,0.23095539,-0.23999999,-0.01229746,-13.27322865,14.59618855,1.26731968,0.32483566,0.00122106,-0.96554130,
17590,-3.44508505,-1.84103429,1.25025630,6.00000000,0.30615234,-0.39799803,-0.25562215,2.06767368,-0.17443827,0.07000000,0.00549451,-0.09864816,0.21380404,-0.22511101,-0.01229746,-13.04459095,13.36224079,2.08733940,0.15737495,0.00122106,-0.84792233,
17598,-3.69767332,2.13453770,4.50397635,6.00000000,0.27714843,-0.39477539,-0.45093071,2.33591533,-0.04266610,0.07000000,0.00549451,0.13802432,0.23999999,-0.23999999,-0.01229746,-9.15774250,8.75806236,2.31714511,0.57657707,0.00122106,-0.51107025,
17606,-1.92356992,2.17763329,6.87064505,6.00000000,0.33354491,-0.42377931,-0.64210081,2.29749179,0.07079954,0.07000000,0.00549451,-0.05903518,0.23999999,-0.23999999,-0.01229746,-5.48556948,5.68453741,2.30654907,0.55771244,0.00122106,-0.24952112,
17614,3.24431443,1.66527414,11.39209461,6.00000000,0.34643555,-0.42700195,-0.41555563,1.64618576,0.40229374,0.07000000,0.00549451,0.20061260,0.12816967,-0.10064094,-0.01229746,-3.09097815,2.46265960,1.64734864,-0.10548580,0.00122106,-0.08810826,
17622,4.31332541,0.70519924,17.25788879,6.00000000,0.19497070,-0.19335937,-0.57757115,0.47656217,0.36487827,0.07000000,0.00549451,0.38555163,0.08428490,-0.03218808,-0.01229746,-1.90240884,0.65973443,0.46145535,-0.00761771,0.00122106,-0.06109008,
17630,4.58746147,-0.83307534,20.09022903,6.00000000,0.14018555,-0.06606445,-0.32739490,-0.54312909,0.21557070,0.07000000,0.00549451,0.36712766,-0.23999999,0.23999999,-0.01229746,-1.81165183,0.61959189,-0.55186355,-0.16502652,0.00122106,-0.13482679,
17638,3.47296071,-0.46556541,20.53136063,6.00000000,-0.33676758,0.41411132,0.05739987,-1.35872948,0.10514408,0.07000000,0.00549451,0.26089001,-0.23999999,0.23999999,-0.01229746,-3.66693687,2.82394290,-1.35043597,-0.24356523,0.00122106,-0.35061044,
17645,-4.98695087,-1.18382597,20.53136063,5.00000000,-0.35126954,0.41733399,0.20883133,-1.45811236,-0.06911729,0.07000000,0.00549451,0.43160599,-0.15749580,0.21589248,-0.01229746,-5.39481306,3.99156785,-1.44123220,0.17997435,0.00122106,-0.46783310,
17654,-0.08721719,-0.41049877,9.61439991,6.00000000,-0.23686524,0.38027343,0.43790823,-0.66713864,-0.15878808,0.07000000,0.00549451,0.18323159,-0.23999999,0.23999999,-0.01229746,-7.78067780,7.11745262,-0.67020100,-0.30355653,0.00122106,-0.61653394,
17662,-5.43706083,-3.42240453,3.11294532,6.00000000,-0.34804687,0.44150391,0.48513651,-0.10506018,-0.21142986,0.07000000,0.00549451,0.04999645,-0.03935385,0.04701731,-0.01229746,-9.64468861,9.46317577,-0.11838919,0.20602348,0.00122106,-0.73898822,
17670,-4.03166437,-2.76759028,-0.95360637,6.00000000,-0.06445312,0.09506836,0.29869986,0.64390373,-0.24224661,0.07000000,0.00549451,-0.15038884,0.17312098,-0.19232529,-0.01229746,-10.43357849,10.94495964,0.64008534,0.28468311,0.00122106,-0.76684994,
17678,-4.37882376,-1.80871260,-3.61715579,6.00000000,0.23686524,-0.32709962,0.46929866,1.22894526,-0.14585203,0.07000000,0.00549451,-0.14979547,0.23999999,-0.23999999,-0.01229746,-9.07047653,9.53124237,1.24121332,0.57330668,0.00122106,-0.61515462,
17686,-2.85970283,0.00010682,-1.32470763,6.00000000,0.34321290,-0.40605468,0.25374827,1.34684563,-0.07638405,0.07000000,0.00549451,0.07893612,0.23999999,-0.23999999,-0.01229746,-5.88699532,5.56410933,1.36412692,0.60361999,0.00122106,-0.33068141,
17694,-3.61986184,-0.31951910,3.89465213,6.00000000,0.34321290,-0.42377931,-0.30066463,1.43118393,0.05545351,0.07000000,0.00549451,0.10066196,0.23999999,-0.23999999,-0.01229746,-2.72445917,2.38411975,1.44088626,0.67312747,0.00122106,-0.08212812,
17702,0.74716210,0.34487188,11.39807987,6.00000000,0.35610351,-0.42700195,-0.90152901,0.87584692,0.48908636,0.07000000,0.00549451,0.10762979,0.23999999,-0.23999999,-0.01229746,0.28274336,-0.57595867,0.87562650,0.18300074,0.00122106,0.10444786,
17710,3.58429122,1.84843051,16.05121040,6.00000000,0.35126954,-0.43344727,-1.08230162,0.01571091,0.60589087,0.07000000,0.00549451,0.21387738,0.11991953,-0.09193616,-0.01229746,1.94255149,-2.61101270,0.01118171,0.00764130,0.00122106,0.17609301,
17717,2.84328580,2.64689684,18.84284973,5.00000000,0.19013672,-0.17241211,-0.61921537,-1.04375815,0.44157696,0.07000000,0.00549451,0.35413629,0.10991542,-0.06325961,-0.01229746,2.40331841,-3.54301834,-1.03801143,0.13283230,0.00122106,0.14779474,
17726,3.53161860,1.19601059,20.53136063,6.00000000,0.18208008,-0.12246094,0.00186192,-1.91804576,0.21955812,0.07000000,0.00549451,0.45528910,-0.23999999,0.23999999,-0.01229746,1.67726135,-3.15555525,-1.89778268,-0.21757673,0.00122106,0.03833538,
17734,3.82610559,-0.01904679,19.67124367,6.00000000,-0.32548827,0.40605468,0.34856257,-2.67394495,0.01558896,0.07000000,0.00549451,0.52464646,-0.23999999,0.23999999,-0.01229746,-0.77492619,-0.89884454,-2.64204645,-0.37759686,0.00122106,-0.19666795,
17742,-6.82928896,-2.19178486,20.53136063,6.00000000,-0.34482422,0.42861328,0.22291869,-2.55484366,-0.16323502,0.07000000,0.00549451,0.44036412,-0.23999999,0.23999999,-0.01229746,-2.62322998,1.17460668,-2.52720690,0.13927785,0.00122106,-0.33818084,
17750,-0.80667478,0.14854732,6.11287975,6.00000000,-0.35126954,0.41411132,0.48518118,-1.63288009,-0.15494423,0.07000000,0.00549451,0.21181911,-0.23999999,0.23999999,-0.01229746,-4.99862289,4.29176474,-1.64640224,-0.24821246,0.00122106,-0.48142594,
17758,-5.87639713,-2.88251209,1.39869678,6.00000000,-0.34160155,0.41411132,0.44586357,-0.82540482,-0.20755029,0.07000000,0.00549451,0.04427788,-0.12440637,0.13063426,-0.01229746,-7.03542233,6.87659740,-0.85264140,0.19116187,0.00122106,-0.59778512,
17766,-4.06398630,-3.14348006,-3.37653852,6.00000000,-0.18852539,0.24331054,0.56489742,0.09574776,-0.18595633,0.07000000,0.00549451,-0.23162763,0.10248780,-0.13321981,-0.01229746,-8.59574699,9.32703972,0.06895161,0.27985394,0.00122106,-0.67650616,
17774,-3.65218353,-1.93680239,-3.11437345,6.00000000,0.14018555,-0.22397462,0.29033858,0.68045169,-0.11043650,0.07000000,0.00549451,-0.26111132,0.23999999,-0.23999999,-0.01229746,-8.06691170,8.92037773,0.68507051,0.44197243,0.00122106,-0.59452188,
17782,-4.59071064,0.06475027,2.25462389,6.00000000,0.32709962,-0.40605468,0.17768897,0.91486162,-0.00453687,0.07000000,0.00549451,0.10698950,0.23999999,-0.23999999,-0.01229746,-5.46811628,5.14697599,0.92108375,0.67586207,0.00122106,-0.33494809,
17789,-3.21404457,0.70998764,5.02471542,5.00000000,0.33354491,-0.43022460,-0.45413780,1.14495397,0.08602995,0.07000000,0.00549451,0.15106943,0.23999999,-0.23999999,-0.01229746,-1.73136652,1.24267435,1.15135241,0.64788717,0.00122106,-0.02430713,
17798,2.07115555,0.94581652,8.92367268,6.00000000,0.34482422,-0.43989259,-0.65159756,0.79470080,0.44457331,0.07000000,0.00549451,0.00472982,0.23999999,-0.23999999,-0.01229746,1.13620937,-1.18158782,0.80074418,0.07647491,0.00122106,0.14967912,
17806,2.77505088,0.15692703,14.26513672,6.00000000,0.35288087,-0.42377931,-0.99042678,-0.08190072,0.52451938,0.07000000,0.00549451,0.10581900,0.08998867,-0.07684005,-0.01229746,2.64068317,-3.03163695,-0.08657598,-0.00754945,0.00122106,0.21077479,
17814,3.90511417,2.53796053,18.95178604,6.00000000,0.14824219,-0.14663085,-0.63772380,-1.16691899,0.46045378,0.07000000,0.00549451,0.32757193,-0.11963890,0.16255802,-0.01229746,2.94786096,-3.99156785,-1.16256022,-0.02583015,0.00122106,0.17579880,
17822,3.22635794,0.64893550,20.53136063,6.00000000,-0.15468749,0.25942382,-0.09144239,-2.04260564,0.22627530,0.07000000,0.00549451,0.46268710,-0.23999999,0.23999999,-0.01229746,0.98611104,-2.46265960,-2.02179122,-0.16010347,0.00122106,-0.02482267,
17830,-1.67337584,-0.02263810,20.53136063,6.00000000,-0.34643555,0.41411132,0.17813723,-2.34161353,-0.00541108,0.07000000,0.00549451,0.46184945,-0.23999999,0.23999999,-0.01229746,-1.22522104,-0.32114059,-2.31000233,-0.07166582,0.00122106,-0.20853275,
17838,-1.24481368,-0.86060870,15.43111324,6.00000000,-0.34482422,0.42055663,0.40107846,-1.67557979,-0.24116467,0.07000000,0.00549451,0.36781266,-0.23999999,0.23999999,-0.01229746,-3.75594854,2.55516195,-1.65984750,-0.28344470,0.00122106,-0.36491692,
17846,-4.99413347,-1.38254464,6.76290560,6.00000000,-0.34965819,0.41894531,0.63661903,-0.93333966,-0.34780174,0.07000000,0.00549451,0.27062619,-0.23999999,0.23999999,-0.01229746,-5.80147409,4.93230057,-0.94633245,-0.06737077,0.00122106,-0.48495415,
17854,-4.07116890,-4.34536934,-1.34146702,6.00000000,-0.34965819,0.41088867,0.62737966,-0.09661738,-0.39593956,0.07000000,0.00549451,-0.03251702,-0.23999999,0.23999999,-0.01229746,-7.92903042,8.03549576,-0.12356544,0.00336164,0.00122106,-0.61780059,
17861,-3.83055162,-3.27156973,-3.79911494,5.00000000,-0.35771483,0.41894531,0.57131946,0.71530253,-0.30669397,0.07000000,0.00549451,-0.30036604,0.10840473,-0.14803278,-0.01229746,-10.18050575,11.08109570,0.68156445,0.23656386,0.00122106,-0.75601196,
17870,-5.41072464,-0.61999142,-0.21978351,6.00000000,0.13374023,-0.25458986,0.20679739,1.44610345,-0.24861856,0.07000000,0.00549451,-0.32093596,0.23999999,-0.23999999,-0.01229746,-9.84889317,10.88387299,1.45549023,0.48279613,0.00122106,-0.67897999,
17878,-2.70527673,0.60105145,2.29293108,6.00000000,0.33193359,-0.40122071,-0.02142225,1.70709991,-0.12880404,0.07000000,0.00549451,0.08098608,0.23999999,-0.23999999,-0.01229746,-7.25533390,6.98131704,1.71921551,0.45303440,0.00122106,-0.41362444,
17886,-3.45585895,2.02201009,7.30638933,6.00000000,0.33999023,-0.42055663,-0.54543537,1.96507716,0.02381339,0.07000000,0.00549451,0.14760707,0.23999999,-0.23999999,-0.01229746,-3.20791531,2.75762033,1.97000289,0.65432167,0.00122106,-0.08006564,
17894,1.04763436,3.18200088,11.11556435,6.00000000,0.34482422,-0.42539063,-0.57651114,1.57353294,0.36646682,0.07000000,0.00549451,0.17939726,0.23999999,-0.23999999,-0.01229746,-0.19198622,-0.33859387,1.57858384,0.17679745,0.00122106,0.12579611,
17902,1.19607496,-0.43683499,14.69489574,6.00000000,0.36254883,-0.43183595,-0.75524503,0.72228503,0.35800213,0.07000000,0.00549451,0.36217377,0.23999999,-0.23999999,-0.01229746,1.49749255,-2.67384434,0.71077305,0.24833581,0.00122106,0.20897204,
17910,3.07432604,2.03158689,16.55758476,6.00000000,0.35610351,-0.42377931,-0.27626351,-0.17840426,0.27228600,0.07000000,0.00549451,0.64710379,0.17993577,-0.09328631,-0.01229746,2.77856421,-4.89215755,-0.17861831,0.02114753,0.00122106,0.27768183,
17918,3.44542742,-1.45915914,17.91988564,6.00000000,0.27875978,-0.17080078,0.09532090,-1.15929413,0.03570263,0.07000000,0.00549451,0.86901724,-0.14938840,0.23999999,-0.01229746,3.32310677,-6.06851006,-1.16611934,-0.10270966,0.00122106,0.26701874,
17926,3.62618971,-3.21051764,18.24190521,6.00000000,-0.19819336,0.40444335,0.21917987,-2.05362296,-0.11840127,0.07000000,0.00549451,0.47844923,-0.23999999,0.23999999,-0.01229746,1.77150917,-3.37546659,-2.06004643,-0.27971023,0.00122106,0.04456604,
17934,-2.37008858,-2.38332105,20.53136063,6.00000000,-0.35288087,0.42539063,0.14908382,-2.30700278,-0.10250199,0.07000000,0.00549451,0.20342046,-0.23999999,0.23999999,-0.01229746,-0.23038346,-0.39968041,-2.28604221,-0.08028466,0.00122106,-0.16835320,
17942,-2.61310005,-1.70695901,10.63552666,6.00000000,-0.34643555,0.42539063,0.04743528,-1.32717252,-0.19252399,0.07000000,0.00549451,0.07836409,-0.23999999,0.23999999,-0.01229746,-2.78030944,2.54469013,-1.32968462,0.00657987,0.00122106,-0.31154859,
17950,-3.97420359,-1.33346355,4.75297356,6.00000000,-0.35932618,0.42377931,0.33219507,-0.72525859,-0.22731330,0.07000000,0.00549451,-0.13302857,-0.08908796,0.07088207,-0.01229746,-4.82583523,5.23598766,-0.73533010,0.16177624,0.00122106,-0.44231874,
17958,-4.84928417,-2.53295851,-0.48673701,6.00000000,-0.14018555,0.13696289,0.56799489,0.17589347,-0.28893220,0.07000000,0.00549451,-0.33903694,0.23999999,-0.23999999,-0.01229746,-5.96553516,7.04938459,0.16874653,0.42470068,0.00122106,-0.48242414,
17966,-3.43071985,-1.50345182,-3.41723990,6.00000000,0.32548827,-0.39799803,0.71418631,0.90978163,-0.25312632,0.07000000,0.00549451,-0.32082012,0.23999999,-0.23999999,-0.01229746,-4.40346575,5.43844604,0.91640604,0.64563346,0.00122106,-0.30501717,
17974,-1.66739035,-0.79237396,-4.04212666,6.00000000,0.34321290,-0.40927735,0.38021249,0.98573041,-0.13359118,0.07000000,0.00549451,-0.10199946,0.23999999,-0.23999999,-0.01229746,-0.99134701,1.33692217,1.00581253,0.61754388,0.00122106,-0.00906050,
17982,-1.13348329,0.17608064,0.97013474,6.00000000,0.35288087,-0.42861328,-0.41513658,0.91997498,0.06047247,0.07000000,0.00549451,0.00087257,0.23999999,-0.23999999,-0.01229746,1.57079637,-1.58650434,0.93362612,0.40164307,0.00122106,0.19032943,
17990,1.32296765,2.00525069,8.84705830,6.00000000,0.35126954,-0.42216796,-0.90168470,0.50362694,0.39053029,0.07000000,0.00549451,-0.00171505,0.23999999,-0.23999999,-0.01229746,3.82052565,-3.77514720,0.54784566,0.12032330,0.00122106,0.33048609,
17998,3.47296071,1.78259003,13.72284985,6.00000000,0.35288087,-0.42861328,-1.00616407,-0.31749168,0.44099960,0.07000000,0.00549451,0.21873672,0.03773524,-0.00974797,-0.01229746,5.23075199,-5.87303305,-0.29660577,-0.08671824,0.00122106,0.40583122,
18005,4.07510233,4.39586115,17.82890511,5.00000000,0.07250977,-0.02578125,-0.61460572,-1.38607717,0.27578953,0.07000000,0.00549451,0.43266296,0.01863201,0.03813400,-0.01229746,5.10683346,-6.49786043,-1.37307084,0.04423452,0.00122106,0.33765098,
18014,1.89039338,1.17206860,20.53136063,6.00000000,0.04511719,0.06767578,-0.02366330,-2.11251998,0.02638368,0.07000000,0.00549451,0.45303944,-0.23999999,0.23999999,-0.01229746,3.64599276,-5.11032391,-2.08506107,-0.11693907,0.00122106,0.17788462,
18022,1.72399640,0.61900795,20.53136063,6.00000000,-0.32871094,0.41572267,0.41489848,-2.46024036,-0.15478438,0.07000000,0.00549451,0.46832034,-0.23999999,0.23999999,-0.01229746,1.28456235,-2.77158284,-2.42245054,-0.32639673,0.00122106,-0.03794274,
18030,-5.67288971,-2.56767440,20.53136063,6.00000000,-0.35610351,0.42539063,0.41057506,-2.07566142,-0.37790829,0.07000000,0.00549451,0.27348709,-0.23999999,0.23999999,-0.01229746,-0.60737455,-0.28797933,-2.05054712,-0.01034507,0.00122106,-0.16612214,
18038,-2.49219275,-0.42725819,4.94211531,6.00000000,-0.35126954,0.41733399,0.66173863,-1.07590008,-0.39034745,0.07000000,0.00549451,0.04590860,-0.23999999,0.23999999,-0.01229746,-2.97927690,2.86233997,-1.09265804,-0.16025329,0.00122106,-0.30878544,
18046,-5.42030144,-3.03214955,0.76543045,6.00000000,-0.36254883,0.42216796,0.48370886,-0.30040503,-0.41170916,0.07000000,0.00549451,-0.29995370,0.13336073,-0.17412269,-0.01229746,-4.82758093,5.79100227,-0.31664789,0.27609399,0.00122106,-0.43175125,
18054,-5.40713358,-2.59760213,-2.73489237,6.00000000,0.17080078,-0.29648438,0.65627009,0.65765297,-0.30895054,0.07000000,0.00549451,-0.33509129,0.23999999,-0.23999999,-0.01229746,-4.91659260,5.99171495,0.65958452,0.64506298,0.00122106,-0.36470866,
18062,-2.35093498,-0.76005220,-6.00896311,6.00000000,0.33999023,-0.40605468,0.34061164,0.95916373,-0.22625645,0.07000000,0.00549451,-0.09770840,0.23999999,-0.23999999,-0.01229746,-2.17991614,2.50629282,0.97471344,0.65182078,0.00122106,-0.10404040,
18070,-2.04327989,0.20600817,1.17603612,6.00000000,0.34643555,-0.41733399,0.05582572,0.91875291,-0.10088181,0.07000000,0.00549451,0.03880189,0.23999999,-0.23999999,-0.01229746,1.23220241,-1.34390354,0.92945415,0.52205217,0.00122106,0.16577896,
18077,-0.60077345,-0.73611021,4.78409815,5.00000000,0.34482422,-0.43183595,-0.51790828,0.80538279,0.12331151,0.07000000,0.00549451,-0.00217703,0.23999999,-0.23999999,-0.01229746,3.42433596,-3.41909981,0.81220597,0.34416372,0.00122106,0.32574141,
18086,1.99214697,1.53000176,12.93874931,6.00000000,0.35449219,-0.43505859,-1.03780687,0.11995745,0.45104897,0.07000000,0.00549451,-0.04941543,0.23999999,-0.23999999,-0.01229746,5.52745819,-5.35990620,0.14388174,0.03926343,0.00122106,0.42688763,
18094,5.19080067,1.92025661,18.41309166,6.00000000,0.35610351,-0.44633788,-1.06733871,-1.02966356,0.51108164,0.07000000,0.00549451,0.29350650,-0.23999999,0.23999999,-0.01229746,6.66192198,-7.56949329,-1.03124142,-0.27987319,0.00122106,0.46302748,
18102,6.39029551,3.22389936,19.64490891,6.00000000,-0.32709962,0.39960939,-0.36912304,-2.16071725,0.20847006,0.07000000,0.00549451,0.49679750,-0.23999999,0.23999999,-0.01229746,4.81536341,-6.45422745,-2.13617873,-0.13482703,0.00122106,0.26690537,
18110,-6.13018227,-1.34663165,20.53136063,6.00000000,-0.33837891,0.42700195,0.10533080,-2.43720484,-0.05553094,0.07000000,0.00549451,0.44543380,-0.08116053,0.13984275,-0.01229746,2.22529483,-3.68613529,-2.41076326,0.19321965,0.00122106,0.04384744,
18118,1.02728367,1.20678449,16.81496239,6.00000000,-0.11762695,0.25297850,0.63443476,-1.54216921,-0.24963668,0.07000000,0.00549451,0.40702394,-0.23999999,0.23999999,-0.01229746,-0.52359879,-0.85521132,-1.51752186,-0.50543129,0.00122106,-0.10888133,
18126,-2.44909716,-3.99581575,8.43166447,6.00000000,-0.34321290,0.42055663,0.79173386,-1.01816189,-0.40740222,0.07000000,0.00549451,0.36226204,-0.23999999,0.23999999,-0.01229746,-2.26194692,1.11177480,-1.03413618,-0.35922322,0.00122106,-0.20479476,
18134,-4.88280296,-3.46430302,1.34243309,6.00000000,-0.35288087,0.41894531,0.39386559,-0.45020673,-0.49813691,0.07000000,0.00549451,0.06947017,-0.23999999,0.23999999,-0.01229746,-4.22020626,4.03171062,-0.47453868,-0.04372701,0.00122106,-0.35163510,
18142,-4.28544998,-2.29593253,-1.57250750,6.00000000,-0.34965819,0.41411132,0.48337263,0.59197205,-0.35297027,0.07000000,0.00549451,-0.34940469,0.16465153,-0.21164739,-0.01229746,-6.18544674,7.31467485,0.58156937,0.20116994,0.00122106,-0.46835697,
18149,-4.06159210,-2.95792937,-1.63595378,5.00000000,0.21269532,-0.33354491,0.29671922,1.21129775,-0.30701670,0.07000000,0.00549451,-0.32298371,0.23999999,-0.23999999,-0.01229746,-6.32681847,7.37052536,1.22763371,0.37661242,0.00122106,-0.42857569,
18158,-2.25037837,2.09623051,-2.34463763,6.00000000,0.33032227,-0.40444335,0.20405780,1.59631884,-0.27544624,0.07000000,0.00549451,-0.03917891,0.23999999,-0.23999999,-0.01229746,-2.88677454,2.99149418,1.61135256,0.49162424,0.00122106,-0.10139427,
18166,-2.35213208,1.72752333,4.75057936,6.00000000,0.33999023,-0.43022460,-0.20292635,1.62333477,-0.05957976,0.07000000,0.00549451,-0.00575077,0.23999999,-0.23999999,-0.01229746,0.80808741,-0.79063416,1.64038324,0.50382203,0.00122106,0.18568076,
18174,1.93229198,1.29536998,10.14950371,6.00000000,0.34482422,-0.43666992,-0.54846656,1.21326637,0.27550074,0.07000000,0.00549451,-0.06955924,0.23999999,-0.23999999,-0.01229746,3.25678444,-3.03338218,1.19356775,0.04413971,0.00122106,0.33076918,
18182,2.90792918,0.55915290,13.45709324,6.00000000,0.35771483,-0.42377931,-0.88839459,0.41269973,0.38545492,0.07000000,0.00549451,0.06836566,0.14859565,-0.14075466,-0.01229746,4.78394747,-4.96022606,0.38151354,-0.08145183,0.00122106,0.40057504,
18190,4.39712238,2.92701840,16.83411598,6.00000000,0.22558594,-0.26103514,-0.61916125,-0.67820621,0.34962204,0.07000000,0.00549451,0.32681414,-0.03813039,0.08067124,-0.01229746,5.38434076,-6.43677425,-0.67938280,-0.09719133,0.00122106,0.39839485,
18198,4.73231077,0.30776173,19.31450844,6.00000000,-0.03061523,0.11762695,-0.09555894,-1.60876286,0.05954661,0.07000000,0.00549451,0.49129212,-0.23999999,0.23999999,-0.01229746,4.26034880,-5.84336233,-1.59765267,-0.23315606,0.00122106,0.26201436,
18206,0.18332760,-0.15312208,20.53136063,6.00000000,-0.33515626,0.42216796,0.29511887,-2.04005408,-0.15050690,0.07000000,0.00549451,0.42193437,-0.23999999,0.23999999,-0.01229746,2.28289080,-3.59188771,-2.01540446,-0.21586248,0.00122106,0.06924649,
18214,-3.61267924,-1.72491550,19.38992500,6.00000000,-0.34321290,0.41572267,0.38535723,-1.46407151,-0.31122258,0.07000000,0.00549451,0.29417023,-0.23999999,0.23999999,-0.01229746,-0.38571778,-0.59341192,-1.44436312,-0.10731041,0.00122106,-0.10735188,
18221,-3.75513411,-1.19819117,9.70178795,5.00000000,-0.35288087,0.42216796,0.53251731,-0.65384668,-0.29202563,0.07000000,0.00549451,0.03320223,-0.23999999,0.23999999,-0.01229746,-2.24623871,2.12930179,-0.65738434,-0.04709142,0.00122106,-0.21531573,
18230,-4.28904104,-4.42318106,0.13814963,6.00000000,-0.34321290,0.41249999,0.46591637,0.26335981,-0.34776920,0.07000000,0.00549451,-0.20615229,0.17838132,-0.20629767,-0.01229746,-4.45233488,5.12428665,0.25134975,0.20688763,0.00122106,-0.34771147,
18238,-5.13060284,-2.37135005,-2.54215908,6.00000000,0.24975586,-0.35126954,0.48399568,1.11246192,-0.28621745,0.07000000,0.00549451,-0.30725759,0.23999999,-0.23999999,-0.01229746,-4.15388346,5.13824940,1.11959064,0.51322937,0.00122106,-0.26874352,
18246,-2.08996701,-1.41726053,-5.27753448,6.00000000,0.32709962,-0.40766603,0.46173266,1.34615755,-0.26321471,0.07000000,0.00549451,-0.12384871,0.23999999,-0.23999999,-0.01229746,-1.12224674,1.50796449,1.37142539,0.59202123,0.00122106,0.00162789,
18254,-1.24840498,0.21319076,0.72472906,6.00000000,0.34482422,-0.42216796,0.22024478,1.24284351,-0.11237061,0.07000000,0.00549451,0.05233347,0.23999999,-0.23999999,-0.01229746,1.93557012,-2.08566856,1.26080739,0.44605052,0.00122106,0.24625155,
18262,1.17931557,-0.96236229,5.69509172,6.00000000,0.34643555,-0.43344727,-0.55311733,0.94802481,0.15889175,0.07000000,0.00549451,-0.01482429,0.23999999,-0.23999999,-0.01229746,4.32841635,-4.25162220,0.95578867,0.16494828,0.00122106,0.39945894,
18270,1.90116727,2.02320719,12.34977531,6.00000000,0.35771483,-0.43828124,-0.93153095,0.36996251,0.44611755,0.07000000,0.00549451,-0.02413192,0.23999999,-0.23999999,-0.01229746,6.11388826,-6.00567818,0.40994334,0.05649351,0.00122106,0.49228841,
18278,4.90349627,1.33248007,17.17768288,6.00000000,0.35932618,-0.42216796,-1.00590658,-0.77201152,0.55110902,0.07000000,0.00366300,0.10560280,-0.20897736,0.22134751,-0.01229746,7.35656261,-7.68119431,-0.78051519,-0.23394468,0.00122106,0.51277030,
18286,6.50880861,3.94455409,19.45337105,6.00000000,-0.26909178,0.35932618,-0.47789133,-2.01426363,0.31912673,0.07000000,0.00366300,0.34267741,-0.23999999,0.23999999,-0.01229746,5.80147409,-6.88008833,-1.99727869,-0.22373548,0.00122106,0.33231360,
18293,-3.90836310,-1.63633001,20.53136063,5.00000000,-0.34965819,0.43022460,-0.00116072,-2.30642843,0.00432581,0.07000000,0.00366300,0.27099657,-0.10681398,0.14184301,-0.01229746,3.64773822,-4.52738380,-2.28145361,0.13690494,0.00122106,0.13916115,
18302,-0.96110082,2.68280983,17.53920746,6.00000000,-0.14501953,0.25942382,0.69106066,-1.56704760,-0.16850355,0.07000000,0.00549451,0.34690371,-0.23999999,0.23999999,-0.01229746,0.67544246,-1.81165183,-1.53696907,-0.35101080,0.00122106,-0.02970643,
18310,-1.84934962,-3.40085673,7.38898945,6.00000000,-0.34482422,0.41894531,0.51374155,-0.90973616,-0.37036675,0.07000000,0.00549451,0.29568678,-0.23999999,0.23999999,-0.01229746,-1.42244339,0.50090951,-0.92563117,-0.23047721,0.00122106,-0.14247283,
18318,-5.53881454,-3.22967124,2.87711644,6.00000000,-0.35771483,0.41894531,0.58432394,-0.25996217,-0.45733061,0.07000000,0.00366300,-0.09170541,-0.07267901,0.06019583,-0.01229746,-3.23060465,3.50636625,-0.27904934,0.06337127,0.00122106,-0.27984226,
18326,-3.68330812,-3.08123088,-2.25485492,6.00000000,-0.11923828,0.10957031,0.56064087,0.69190562,-0.35189396,0.07000000,0.00366300,-0.29610559,0.23999999,-0.23999999,-0.01229746,-4.46804285,5.45240831,0.68893015,0.26690927,0.00122106,-0.32713178,
18334,-3.89519501,-2.89089179,-3.00663424,6.00000000,0.32871094,-0.40766603,0.21730500,1.18869376,-0.29141077,0.07000000,0.00549451,-0.23580620,0.23999999,-0.23999999,-0.01229746,-2.93040776,3.68439007,1.20595598,0.46735555,0.00122106,-0.16172673,
18342,-2.56761026,1.27023077,-0.65672535,6.00000000,0.33354491,-0.42055663,0.12568077,1.39413786,-0.24176790,0.07000000,0.00549451,-0.13841501,0.23999999,-0.23999999,-0.01229746,0.62657320,-0.17802358,1.41004121,0.54798698,0.00122106,0.13780387,
18350,-1.36811507,1.14094388,4.16878843,6.00000000,0.35449219,-0.43828124,-0.31460235,1.30797255,-0.01840936,0.07000000,0.00549451,-0.26935762,0.23999999,-0.23999999,-0.01229746,3.32310677,-2.41728091,1.31902575,0.38436472,0.00122106,0.31839672,
18358,2.23037004,0.51366311,11.66383648,6.00000000,0.36416015,-0.44311523,-0.61217690,0.66637033,0.34425408,0.07000000,0.00549451,-0.29002947,0.18651894,-0.22741598,-0.01229746,5.55189228,-4.55705500,0.66342914,-0.08175275,0.00122106,0.43387878,
18365,5.32248163,1.26544237,15.17613029,5.00000000,0.29003906,-0.41249999,-0.83838326,-0.20279628,0.48644340,0.07000000,0.00549451,-0.21209207,-0.23999999,0.23999999,-0.01229746,6.75093317,-6.09992552,-0.21182042,-0.48202437,0.00122106,0.46982387,
18374,6.06588125,2.94497490,20.53136063,6.00000000,-0.32065430,0.40122071,-0.60481662,-1.48681629,0.36794633,0.07000000,0.00549451,-0.02894367,-0.23999999,0.23999999,-0.01229746,4.63384914,-4.54309177,-1.48708558,-0.37459475,0.00122106,0.23693636,
18382,-8.09342766,2.32846808,20.53136063,6.00000000,-0.33354491,0.43505859,-0.25194994,-1.44711566,0.10250483,0.07000000,0.00549451,0.05502471,0.23999999,-0.23999999,-0.01229746,2.50454736,-2.65115499,-1.42833292,0.64498043,0.00122106,0.08790100,
18390,1.54562843,4.34677982,15.29703808,6.00000000,0.33837891,-0.40605468,0.46760422,-0.73153120,-0.19411874,0.07000000,0.00549451,0.47081381,-0.23999999,0.23999999,-0.01229746,1.23220241,-2.76983738,-0.73016131,-0.66562307,0.00122106,0.09560075,
18398,4.37677193,0.92666286,-2.65947509,6.00000000,-0.33354491,0.41572267,1.11168301,-0.87566280,-0.41159961,0.07000000,0.00549451,0.60518861,-0.23999999,0.23999999,-0.01229746,0.09075712,-2.04901648,-0.87534082,-1.31407440,0.00122106,0.01155530,
18406,-6.52522564,-2.71731210,4.19273043,6.00000000,-0.34804687,0.43666992,0.54988277,-0.61427945,-0.47090986,0.07000000,0.00549451,0.51477534,-0.23999999,0.23999999,-0.01229746,-2.18166161,0.52185345,-0.62801492,-0.89251697,0.00122106,-0.15166794,
18414,-2.23601317,-3.76716948,-0.72376299,6.00000000,-0.34965819,0.41572267,0.40006837,0.50158298,-0.37930641,0.07000000,0.00549451,0.04733196,-0.23999999,0.23999999,-0.01229746,-4.04218245,3.87986708,0.48012346,-0.65741801,0.00122106,-0.26384526,
18422,-4.21242666,-3.26199293,0.85162175,6.00000000,-0.35932618,0.42377931,-0.06604660,1.12065530,-0.22366664,0.07000000,0.00549451,-0.15063512,0.17651030,-0.19632301,-0.01229746,-6.20115471,6.74395227,1.12591720,0.11374170,0.00122106,-0.40993068,
18430,-4.80379438,-0.23691915,3.14646411,6.00000000,0.23364258,-0.31420898,-0.28939658,1.97070360,-0.20479673,0.07000000,0.00549451,-0.23708656,0.23999999,-0.23999999,-0.01229746,-5.45938969,6.23082542,1.97947145,0.29054886,0.00122106,-0.29686385,
18437,-0.98623991,1.84244502,-0.21260092,5.00000000,0.32709962,-0.40766603,-0.16572313,2.33892632,-0.14129162,0.07000000,0.00549451,0.03746137,0.23999999,-0.23999999,-0.01229746,-2.63719249,2.50803804,2.36328244,0.28486353,0.00122106,-0.01308471,
18446,-2.81301594,1.79934943,6.43968868,6.00000000,0.34482422,-0.43183595,-0.40625408,2.29886889,-0.12288169,0.07000000,0.00549451,-0.21478429,0.23999999,-0.23999999,-0.01229746,1.20951319,-0.51138145,2.31113601,0.56604588,0.00122106,0.24473439,
18454,3.47894621,-0.01306129,12.61553192,6.00000000,0.36416015,-0.44150391,-0.09828470,1.59788287,0.20790237,0.07000000,0.00549451,-0.24481262,0.22726214,-0.23999999,-0.01229746,3.06130743,-2.28638124,1.59556246,-0.13593221,0.00122106,0.32527730,
18462,4.74069071,0.35923707,17.65173531,6.00000000,0.33515626,-0.43828124,-0.32851219,0.53198582,0.32497233,0.07000000,0.00549451,-0.13302468,-0.11198547,0.09255980,-0.01229746,4.44709921,-4.01774788,0.51227272,-0.26404047,0.00122106,0.36015534,
18470,5.91504669,-1.18023467,20.14290237,6.00000000,-0.14340821,0.14824219,-0.21518667,-0.69947737,0.25384226,0.07000000,0.00549451,-0.01629189,-0.23999999,0.23999999,-0.01229746,3.73675013,-3.68962598,-0.70602947,-0.29185784,0.00122106,0.23090120,
18478,-1.71048594,-0.02742650,20.53136063,6.00000000,-0.33676758,0.41249999,-0.15584569,-1.23000062,0.16119231,0.07000000,0.00549451,0.07595009,0.02361974,-0.01470875,-0.01229746,1.67202544,-1.93207943,-1.25796068,0.14396101,0.00122106,0.04478180,
18486,-2.10433221,1.13735259,18.51125336,6.00000000,0.03061523,-0.01450195,0.12571007,-0.57484406,0.01856790,0.07000000,0.00549451,0.18761754,-0.19691575,0.22147074,-0.01229746,0.13788101,-0.75049156,-0.55900180,-0.09211098,0.00122106,-0.00707701,
18494,0.53048682,0.98412371,1.17005062,6.00000000,-0.26748046,0.38188475,0.54046518,-0.21309485,-0.16409807,0.07000000,0.00549451,0.22229569,-0.23999999,0.23999999,-0.01229746,-1.90415418,1.17286122,-0.21722659,-0.18334773,0.00122106,-0.13392285,
18502,-5.49811316,-3.96109986,2.17441821,6.00000000,-0.35288087,0.42539063,0.47171986,0.02385687,-0.26976529,0.07000000,0.00549451,0.01639801,0.16743216,-0.16530836,-0.01229746,-3.73325920,3.68264461,0.01263385,0.19661571,0.00122106,-0.28148329,
18509,-5.35685492,-2.35219646,0.67804211,5.00000000,0.21752930,-0.26909178,0.63222831,0.99956810,-0.30110130,0.07000000,0.00549451,-0.24693553,0.23999999,-0.23999999,-0.01229746,-3.35277748,4.13817596,0.99844712,0.39449251,0.00122106,-0.21009311,
18518,-1.87089741,-3.46669722,-4.71489716,6.00000000,0.32548827,-0.40766603,0.48702338,1.34546220,-0.15270746,0.07000000,0.00549451,-0.13043019,0.23999999,-0.23999999,-0.01229746,-0.08377581,0.48869219,1.37101388,0.50322211,0.00122106,0.08644865,
18526,-2.40839577,0.23593569,1.84880674,6.00000000,0.34321290,-0.43183595,-0.02489163,1.39045501,-0.07865260,0.07000000,0.00549451,0.03048205,0.23999999,-0.23999999,-0.01229746,2.64940977,-2.73318577,1.40534151,0.51757658,0.00122106,0.31206268,
18534,1.31817925,-1.24966645,6.63481617,6.00000000,0.34321290,-0.43344727,-0.66851723,0.97050023,0.21881580,0.07000000,0.00549451,-0.12676731,0.23999999,-0.23999999,-0.01229746,5.18362808,-4.76649427,0.97777528,0.14349276,0.00122106,0.45776710,
18542,2.57513499,1.88075221,13.28830242,6.00000000,0.35288087,-0.42055663,-0.91556638,0.25295436,0.46597305,0.07000000,0.00549451,-0.11080969,0.14667672,-0.16357780,-0.01229746,6.82249212,-6.49437046,0.24708670,-0.09759532,0.00122106,0.52800953,
18550,5.08784962,1.96574640,18.68483353,6.00000000,0.23364258,-0.30454102,-0.84243363,-0.86782604,0.45610851,0.07000000,0.00549451,0.12208821,-0.23999999,0.23999999,-0.01229746,7.52935028,-7.89237928,-0.87180984,-0.29299253,0.00122106,0.52238750,
18558,5.62415075,2.66724753,20.53136063,6.00000000,-0.32065430,0.39960939,-0.22901018,-1.91018260,0.23308353,0.07000000,0.00549451,0.18854007,-0.23999999,0.23999999,-0.01229746,5.26565838,-5.88874102,-1.89241123,-0.24280946,0.00122106,0.28088194,
18566,-6.78260231,1.06672370,20.53136063,6.00000000,-0.34160155,0.41733399,0.10021689,-1.87777770,-0.03282055,0.07000000,0.00549451,0.27379084,0.23999999,-0.23999999,-0.01229746,2.87281203,-3.76118445,-1.84818304,0.40715671,0.00122106,0.11004743,
18574,0.23600005,2.48169684,13.40322399,6.00000000,0.33676758,-0.39960939,0.69494843,-1.09003150,-0.24320886,0.07000000,0.00549451,0.54153097,-0.23999999,0.23999999,-0.01229746,1.87971950,-3.66344595,-1.08193994,-0.43594116,0.00122106,0.12386317,
18581,0.31979710,0.75787169,-4.08761644,5.00000000,-0.33193359,0.40444335,0.98891670,-1.03094649,-0.40477094,0.07000000,0.00549451,0.72867149,-0.23999999,0.23999999,-0.01229746,0.86917394,-3.19744325,-1.04149926,-0.76121402,0.00122106,0.08159721,
18590,-6.19362879,-3.20333505,4.26216221,6.00000000,-0.35449219,0.42700195,0.40543303,-0.86985785,-0.38977870,0.07000000,0.00549451,0.53534174,-0.23999999,0.23999999,-0.01229746,-1.65282679,-0.06457718,-0.89311403,-0.40869918,0.00122106,-0.12405851,
18598,-6.53480244,-3.20094085,0.66846532,6.00000000,-0.35449219,0.42055663,0.45020846,0.23082629,-0.32641724,0.07000000,0.00549451,0.10668385,-0.12743618,0.14187740,-0.01229746,-3.55349040,3.20791531,0.20260912,-0.05442810,0.00122106,-0.25322399,
18606,-4.25671959,-1.82068360,-0.13119806,6.00000000,-0.18691406,0.25458986,0.03485019,0.94673234,-0.18273129,0.07000000,0.00549451,-0.07462476,0.23999999,-0.23999999,-0.01229746,-5.16442919,5.41052055,0.94669980,0.23569317,0.00122106,-0.33080763,
18614,-4.99772501,-0.05615692,3.98682880,6.00000000,0.33032227,-0.40283203,-0.37500367,1.69655263,-0.16798413,0.07000000,0.00549451,-0.15152991,0.23999999,-0.23999999,-0.01229746,-3.49240398,3.95666146,1.70225406,0.43194956,0.00122106,-0.15360358,
18622,-2.38565087,2.02560139,3.64804935,6.00000000,0.33515626,-0.41894531,-0.20218413,2.01509213,-0.04962662,0.07000000,0.00549451,0.12906244,0.23999999,-0.23999999,-0.01229746,-0.09424778,-0.33510324,2.02772069,0.48524415,0.00122106,0.16460900,
18630,-0.57922566,1.61739004,7.35187912,6.00000000,0.35449219,-0.42216796,-0.59959859,1.84105277,0.01202372,0.07000000,0.00549451,-0.07485028,0.23999999,-0.23999999,-0.01229746,2.68082595,-2.39110112,1.85028017,0.41362488,0.00122106,0.33450937,
18638,2.61224532,0.75547743,12.55567646,6.00000000,0.36577147,-0.43344727,-0.20397145,1.22173178,0.23032989,0.07000000,0.00549451,0.03042015,0.23999999,-0.23999999,-0.01229746,4.29700041,-4.40172052,1.23042023,-0.05004796,0.00122106,0.42131776,
18646,3.53042150,0.57710946,18.69081879,6.00000000,0.35771483,-0.44150391,-0.44213510,0.15219021,0.23066136,0.07000000,0.00549451,0.25642711,0.19602045,-0.16284457,-0.01229746,5.60250711,-6.42106628,0.13103402,-0.04676863,0.00122106,0.46864247,
18653,5.55711317,0.07672127,19.27620125,5.00000000,0.29487306,-0.31259766,-0.18345243,-0.97495735,0.10582859,0.07000000,0.00549451,0.41872263,-0.20931305,0.23999999,-0.01229746,6.38790512,-7.75100708,-0.97648215,-0.21013299,0.00122106,0.46499568,
18662,4.24509096,-0.43683499,19.62335968,6.00000000,-0.27553710,0.40605468,0.14231837,-2.00338006,0.00731994,0.07000000,0.00549451,0.20600986,-0.23999999,0.23999999,-0.01229746,4.78045654,-5.45066309,-1.98809576,-0.23478901,0.00122106,0.23825347,
18670,-6.88555288,-1.37296784,20.53136063,6.00000000,-0.35126954,0.42700195,0.13311078,-1.94412696,-0.07239801,0.07000000,0.00549451,0.04114899,0.23999999,-0.23999999,-0.01229746,2.85186791,-2.98625851,-1.91785824,0.40382782,0.00122106,0.07452944,
18678,-1.46388316,-1.05094779,8.60524368,6.00000000,0.33676758,-0.40283203,0.36105490,-0.88936573,-0.10987245,0.07000000,0.00549451,0.08674444,-0.21883112,0.22919479,-0.01229746,2.44171548,-2.71922302,-0.89737070,-0.10345238,0.00122106,0.12717608,
18686,-1.46986866,-2.18699646,-5.46787357,6.00000000,-0.30615234,0.38671875,0.69206131,-0.76774848,-0.18489777,0.07000000,0.00549451,0.28846228,0.12485421,-0.08690711,-0.01229746,1.58126831,-2.51327419,-0.79017651,0.13272543,0.00122106,0.09534109,
18694,-6.30615616,-1.43641424,1.02161002,6.00000000,0.15952149,-0.14179687,0.04515459,-0.36033094,-0.28212720,0.07000000,0.00549451,0.15731397,0.23999999,-0.23999999,-0.01229746,0.97040302,-1.49923790,-0.37277666,0.46791062,0.00122106,0.06599519,
18702,-5.00610447,-1.10481727,-0.75249338,6.00000000,0.34482422,-0.42216796,0.67723644,0.33289820,-0.23011263,0.07000000,0.00549451,-0.13362075,0.23999999,-0.23999999,-0.01229746,4.00378513,-3.60061431,0.32563546,0.60410184,0.00122106,0.31103230,
18710,-1.34058177,0.15932123,0.25426841,6.00000000,0.34643555,-0.43183595,0.13063619,0.35865751,-0.05252751,0.07000000,0.00549451,-0.01212122,0.23999999,-0.23999999,-0.01229746,6.47866249,-6.43677425,0.36309388,0.45769310,0.00122106,0.51937300,
18718,1.66055000,-2.09841108,6.17393208,6.00000000,0.34321290,-0.42377931,-0.38254872,0.04275746,0.16632149,0.07000000,0.00549451,-0.02865363,0.23999999,-0.23999999,-0.01229746,8.80693150,-8.67777729,0.06026331,0.06924558,0.00122106,0.66808438,
18725,2.01608896,1.37437856,11.98944759,5.00000000,0.35610351,-0.43666992,-0.87080562,-0.51506025,0.35563159,0.07000000,0.00549451,-0.08028305,0.23999999,-0.23999999,-0.01229746,10.52259064,-10.30093384,-0.51466227,0.02836348,0.00122106,0.75413239,
18734,5.32248163,1.78618133,16.91312408,6.00000000,0.37060547,-0.44794923,-0.89065528,-1.72852147,0.42203242,0.07000000,0.00549451,0.09059827,-0.23999999,0.23999999,-0.01229746,11.82286072,-12.12305641,-1.68025339,-0.31985313,0.00122106,0.78284854,
18742,8.01476097,3.89906430,18.41787910,6.00000000,-0.31420898,0.38671875,-0.34921992,-2.94732285,0.23753275,0.07000000,0.00549451,0.21228486,-0.23999999,0.23999999,-0.01229746,9.74766350,-10.43532372,-2.91762567,-0.38366383,0.00122106,0.54657698,
18750,-1.80505693,0.81892383,20.53136063,6.00000000,-0.35126954,0.42700195,0.03559006,-3.23480797,-0.02107240,0.07000000,0.00549451,0.26737854,-0.23999999,0.23999999,-0.01229746,7.30420303,-8.17512226,-3.18892908,-0.03761804,0.00122106,0.34964177,
18758,-0.66421980,2.29255486,17.54519272,6.00000000,-0.35288087,0.41733399,0.71521360,-2.31995749,-0.21797243,0.07000000,0.00549451,0.33115324,-0.23999999,0.23999999,-0.01229746,3.77165651,-4.83456182,-2.27706480,-0.38298777,0.00122106,0.15677325,
18766,-3.81977773,-0.67505807,8.71896839,6.00000000,-0.34643555,0.41733399,0.67818439,-1.53163803,-0.40107763,0.07000000,0.00549451,0.08169135,-0.23999999,0.23999999,-0.01229746,1.26187313,-1.51843643,-1.53902149,-0.18824476,0.00122106,-0.01265967,
18774,-4.54641771,-3.27156973,1.74106765,6.00000000,-0.34965819,0.41572267,0.82154441,-0.60590726,-0.36473176,0.07000000,0.00549451,-0.19972251,-0.02712061,-0.00071565,-0.01229746,-1.33692217,1.95651412,-0.62774038,0.11193734,0.00122106,-0.17467785,
18782,-3.83773422,-3.53612900,-2.93121696,6.00000000,-0.05317383,0.01611328,0.48038974,0.19757435,-0.25792626,0.07000000,0.00549451,-0.32765061,0.23999999,-0.23999999,-0.01229746,-2.46440482,3.52905560,0.19222271,0.34373525,0.00122106,-0.21200553,
18790,-4.21960926,-1.92004299,-4.25760460,6.00000000,0.33032227,-0.41249999,0.17138258,0.75534844,-0.23119828,0.07000000,0.00549451,-0.25178540,0.23999999,-0.23999999,-0.01229746,-0.65798914,1.47305787,0.76392168,0.56036377,0.00122106,-0.02098253,
18797,-2.08517861,-0.01306129,-0.98113966,5.00000000,0.33837891,-0.41411132,-0.00918147,0.85210866,-0.11441013,0.07000000,0.00549451,-0.03627568,0.23999999,-0.23999999,-0.01229746,2.09963107,-1.98793006,0.86362499,0.51121950,0.00122106,0.22709249,
18806,-2.94230270,1.18044829,7.01788807,6.00000000,0.34643555,-0.44150391,-0.58730012,0.96976048,0.05306029,0.07000000,0.00549451,-0.09570356,0.23999999,-0.23999999,-0.01229746,5.80845547,-5.48033381,0.94390678,0.53602391,0.00122106,0.50443912,
18814,2.38479614,1.90828562,12.03733253,6.00000000,0.35288087,-0.43344727,-0.59005696,0.52684855,0.44152418,0.07000000,0.00549451,-0.18962076,0.23999999,-0.23999999,-0.01229746,8.10530853,-7.47175455,0.52830493,-0.05972242,0.00122106,0.63229740,
18822,5.36318302,0.54718190,15.43470383,6.00000000,0.35449219,-0.43183595,-0.81771541,-0.52903599,0.52115500,0.07000000,0.00549451,-0.06478045,-0.23999999,0.23999999,-0.01229746,9.46317577,-9.29562283,-0.53384727,-0.41212761,0.00122106,0.67578667,
18830,7.93575287,2.46972585,18.24310303,6.00000000,-0.32709962,0.40444335,-0.47873405,-1.77282643,0.42143157,0.07000000,0.00549451,0.03803385,-0.23999999,0.23999999,-0.01229746,7.86794424,-7.98662663,-1.70116472,-0.45385915,0.00122106,0.47337970,
18838,-3.36487937,-0.60802042,20.53136063,6.00000000,-0.35449219,0.42700195,-0.16326925,-2.13095427,0.15077986,0.07000000,0.00549451,-0.00019026,0.06066518,-0.06308861,-0.01229746,6.02836704,-6.02313137,-2.10842490,0.19934580,0.00122106,0.30065155,
18846,0.44070429,1.79695523,17.80496407,6.00000000,0.08217774,-0.09829102,0.50524402,-1.23952758,-0.05397239,0.07000000,0.00549451,0.21059589,-0.23999999,0.23999999,-0.01229746,4.15213823,-4.82059956,-1.21940148,-0.37012771,0.00122106,0.25062022,
18854,2.13699627,-1.08686078,3.32363510,6.00000000,-0.32871094,0.40927735,0.69053376,-1.15013444,-0.28489640,0.07000000,0.00549451,0.41837204,-0.23999999,0.23999999,-0.01229746,1.72089458,-3.08225155,-1.16064191,-0.45443183,0.00122106,0.09468189,
18862,-6.36601114,-3.64386821,7.46201277,6.00000000,-0.34965819,0.42539063,0.46358097,-0.76635325,-0.36095929,0.07000000,0.00549451,0.11693835,-0.10964543,0.12463111,-0.01229746,-0.38222709,-0.00349066,-0.78465962,0.02512911,0.00122106,-0.07764330,
18869,-3.17813158,-3.44275522,1.13174331,5.00000000,-0.16274413,0.22236328,0.56619483,0.10513468,-0.24475886,0.07000000,0.00549451,-0.24653332,0.02383713,-0.05776272,-0.01229746,-1.69471467,2.49582076,0.09055257,0.05496886,0.00122106,-0.15267563,
18878,-4.50811052,-3.00820756,0.67205662,6.00000000,0.01450195,-0.08540039,0.11459199,0.74588329,-0.21991330,0.07000000,0.00549451,-0.34781349,0.23999999,-0.23999999,-0.01229746,-1.43466055,2.56214333,0.75256598,0.38892215,0.00122106,-0.09535587,
18886,-3.02250838,-0.57330447,1.23828530,6.00000000,0.33032227,-0.40444335,0.01677827,1.21873415,-0.10899033,0.07000000,0.00549451,-0.23852652,0.23999999,-0.23999999,-0.01229746,0.95993108,-0.19024087,1.22835815,0.41586363,0.00122106,0.13815206,
18894,-0.91201967,0.50648046,4.98640823,6.00000000,0.34482422,-0.43022460,-0.29229969,1.24603951,-0.00494566,0.07000000,0.00549451,0.00451931,0.23999999,-0.23999999,-0.01229746,4.11897707,-4.10152388,1.25357056,0.28959545,0.00122106,0.40572467,
18902,4.10024166,2.32846808,7.36863899,6.00000000,0.35771483,-0.43666992,-0.41847748,0.81415945,0.25224614,0.07000000,0.00549451,-0.06816122,0.17546014,-0.18629286,-0.01229746,6.31809187,-6.10516167,0.86795139,-0.15968484,0.00122106,0.53960621,
18910,5.30452490,0.56992680,11.78953266,6.00000000,0.26586914,-0.34482422,-0.60888362,-0.03796607,0.37186792,0.07000000,0.00549451,0.07955298,-0.18586533,0.19467676,-0.01229746,7.29198551,-7.55727577,-0.02902627,-0.32494831,0.00122106,0.56244022,
18918,6.47528982,1.23671198,17.99769783,6.00000000,-0.25297850,0.32548827,-0.45606321,-1.21139777,0.33350897,0.07000000,0.00549451,-0.10477366,-0.23999999,0.23999999,-0.01229746,6.42979288,-6.12436008,-1.20959604,-0.31265542,0.00122106,0.38592711,
18926,-1.50578165,0.29698783,20.53136063,6.00000000,-0.35449219,0.42539063,-0.14323357,-1.49153495,0.15299907,0.07000000,0.00549451,-0.11575799,-0.13558942,0.11787806,-0.01229746,4.74729538,-4.35808706,-1.47340548,0.00504991,0.00122106,0.23320109,
18934,1.33374155,1.88194931,17.98213577,6.00000000,-0.18852539,0.20625000,0.35427451,-0.73080337,-0.06298458,0.07000000,0.00549451,0.03527416,-0.23999999,0.23999999,-0.01229746,2.11882973,-2.22878551,-0.71704942,-0.35634542,0.00122106,0.10882567,
18941,-2.67056084,0.76266009,10.97430611,5.00000000,-0.34804687,0.41572267,0.63904971,-0.22720791,-0.24131179,0.07000000,0.00549451,0.12991750,0.15093917,-0.13409176,-0.01229746,-0.08377581,-0.33859387,-0.22638857,0.12106523,0.00122106,-0.00459675,
18950,-3.91674280,-2.63112092,6.20505667,6.00000000,0.20463867,-0.23525390,0.50173527,0.45002094,-0.25528029,0.07000000,0.00549451,-0.05848047,0.23999999,-0.23999999,-0.01229746,0.09424778,0.09599311,0.44516426,0.12251153,0.00122106,0.03394542,
18958,-1.52373827,-3.95990276,-2.35541153,6.00000000,0.33837891,-0.42216796,0.47110942,0.75441271,-0.16818355,0.07000000,0.00549451,-0.00038803,0.23999999,-0.23999999,-0.01229746,2.19736958,-2.20086026,0.76242256,0.28188592,0.00122106,0.22992368,
18966,-2.05644798,-3.38768864,-2.53138518,6.00000000,0.35288087,-0.42861328,-0.12099366,0.66001767,-0.18732396,0.07000000,0.00549451,0.08657250,0.23999999,-0.23999999,-0.01229746,4.74904108,-5.05796385,0.66666317,0.43925345,0.00122106,0.42307794,
18974,-0.03334765,-1.91525459,1.20955491,6.00000000,0.35288087,-0.43666992,-0.29296008,0.43004411,-0.11761902,0.07000000,0.00549451,0.25310370,0.23999999,-0.23999999,-0.01229746,7.16457653,-7.97440910,0.43697938,0.30387783,0.00122106,0.61220211,
18982,2.06756425,1.42106557,6.59411430,6.00000000,0.35288087,-0.42055663,-0.44966343,-0.04785278,-0.07665569,0.07000000,0.00549451,0.37088358,0.23999999,-0.23999999,-0.01229746,9.20312119,-10.40216255,-0.04324883,0.15877935,0.00122106,0.74295640,
18990,6.13770723,2.76301551,10.59003735,6.00000000,0.34965819,-0.43344727,-0.41446584,-0.89457047,-0.03487714,0.07000000,0.00549451,0.46781570,0.01703522,0.04367596,-0.01229746,10.75821018,-12.29409981,-0.88575232,-0.16991289,0.00122106,0.81347144,
18998,8.84794331,1.67604804,14.77510166,6.00000000,0.03061523,0.04350586,-0.18245451,-2.11237359,-0.02999317,0.07000000,0.00549451,0.37590021,-0.23999999,0.23999999,-0.01229746,10.74075699,-12.00786495,-2.09586453,-0.44958767,0.00122106,0.70615256,
19006,6.57584620,-0.22973654,19.15529442,6.00000000,-0.32709962,0.40444335,-0.10403137,-3.14059401,-0.05291145,0.07000000,0.00549451,-0.06623277,-0.23999999,0.23999999,-0.01229746,8.71093845,-8.50498962,-3.10744119,-0.53148502,0.00122106,0.41652042,
19013,-2.10792351,1.01764250,20.53136063,5.00000000,-0.35610351,0.41894531,0.05421705,-3.17237806,-0.07305844,0.07000000,0.00549451,-0.36751646,-0.23999999,0.23999999,-0.01229746,7.42114019,-6.24129772,-3.13099813,0.07232910,0.00122106,0.28005138,
19022,1.35169804,-0.61640012,12.16063309,6.00000000,-0.35288087,0.41572267,0.29059362,-2.09036398,-0.14365773,0.07000000,0.00549451,-0.51087141,-0.23999999,0.23999999,-0.01229746,4.50469494,-2.83615994,-2.08093715,-0.25844595,0.00122106,0.12368439,
19030,-3.58394885,-0.95039123,7.78522968,6.00000000,-0.34321290,0.41572267,0.40121746,-1.31651115,-0.18770291,0.07000000,0.00549451,-0.82384968,0.02938341,-0.14283995,-0.01229746,2.24798417,0.35081118,-1.31876326,0.22359699,0.00122106,-0.02872658,
19038,-2.10912061,-2.10918498,1.13533461,6.00000000,0.03061523,-0.23525390,0.45571360,-0.44986042,-0.13488410,0.07000000,0.00549451,-0.54820192,0.23999999,-0.23999999,-0.01229746,0.99658298,0.78714347,-0.44944918,0.35970482,0.00122106,-0.02633829,
19046,-2.20488858,-1.27959394,-1.32710183,6.00000000,0.33193359,-0.42539063,0.37565967,-0.02788241,-0.15237159,0.07000000,0.00549451,-0.20094922,0.23999999,-0.23999999,-0.01229746,2.58308721,-1.94080603,-0.02911693,0.50703323,0.00122106,0.16839582,
19054,-1.25678468,-2.25642824,0.44580457,6.00000000,0.34160155,-0.41249999,0.17254218,-0.03668613,-0.08443329,0.07000000,0.00549451,-0.00508197,0.23999999,-0.23999999,-0.01229746,5.31452751,-5.28485680,-0.03414258,0.42965958,0.00122106,0.40145111,
19062,3.77103877,-0.77082610,0.53199583,6.00000000,0.33837891,-0.43022460,-0.36207464,-0.37408552,0.06202769,0.07000000,0.00549451,-0.03473455,0.04477370,-0.05168262,-0.01229746,7.80162191,-7.67246771,-0.37466830,-0.10888964,0.00122106,0.56233805,
19070,3.76146197,2.09503341,6.37863636,6.00000000,0.08056641,-0.09345703,-0.55841243,-0.94689697,0.28378662,0.07000000,0.00549451,-0.09564571,-0.15999140,0.14448163,-0.01229746,8.73537254,-8.42121410,-0.95294863,-0.18826014,0.00122106,0.58028126,
19078,6.13052464,2.51760983,13.86051655,6.00000000,-0.22880860,0.23847656,-0.60944456,-1.82602835,0.40003592,0.07000000,0.00549451,-0.15044968,-0.23999999,0.23999999,-0.01229746,7.68642998,-7.19075632,-1.81936932,-0.59552813,0.00122106,0.42794839,
19085,0.88961709,3.02637768,20.53136063,5.00000000,-0.34965819,0.41411132,-0.24996620,-1.95359361,0.32290664,0.07000000,0.00549451,-0.32854468,-0.23999999,0.23999999,-0.01229746,6.65319538,-5.52396727,-1.93104792,-0.14329407,0.00122106,0.31677777,
19094,3.81652880,1.40670037,18.49928284,6.00000000,-0.35126954,0.42700195,0.36088869,-1.52698076,0.17215870,0.07000000,0.00549451,-0.53574693,-0.23999999,0.23999999,-0.01229746,3.95840669,-2.26020145,-1.50906909,-0.48335722,0.00122106,0.12047666,
19102,0.06361752,-1.38374174,15.55680847,6.00000000,-0.35126954,0.42539063,0.45237380,-0.92367727,0.05967725,0.07000000,0.00549451,-0.70130539,-0.23999999,0.22793528,-0.01229746,1.94080603,0.26878071,-0.90802157,-0.09718227,0.00122106,-0.00738053,
19110,-0.40923733,-3.39726543,10.44039917,6.00000000,-0.35449219,0.41733399,0.37071225,-0.24639882,0.08420715,0.07000000,0.00549451,-0.70155823,-0.11010637,0.01399628,-0.01229746,-0.15184364,2.41902637,-0.22553122,0.00714258,0.00122106,-0.11326107,
19118,-0.77674729,-2.88730049,6.85149097,6.00000000,-0.16596679,0.03383789,0.06699329,0.40218845,0.14062688,0.07000000,0.00549451,-0.65299106,-0.09048048,0.00135144,-0.01229746,-1.25489175,3.40164661,0.41762000,-0.05102781,0.00122106,-0.14471070,
19126,-1.06644571,-0.80075365,4.39863157,6.00000000,-0.13696289,0.01289062,-0.00431034,0.78378242,0.12574229,0.07000000,0.00549451,-0.34505016,0.10731284,-0.15443505,-0.01229746,-1.61966562,2.70176983,0.79131234,0.01793928,0.00122106,-0.10412870,
19134,-1.08081090,-0.10763226,6.00035238,6.00000000,0.13051757,-0.26264650,0.17059810,1.09870648,0.09718640,0.07000000,0.00549451,-0.06313664,0.23999999,-0.23999999,-0.01229746,-0.50789082,0.72605693,1.10237491,0.12036359,0.00122106,0.03622960,
19142,1.20206046,0.07073577,7.21780396,6.00000000,0.35126954,-0.41894531,0.19877690,1.12882447,0.11377862,0.07000000,0.00549451,0.23428743,0.23999999,-0.23999999,-0.01229746,1.73660266,-2.50105691,1.09848440,0.00398430,0.00122106,0.24296159,
19150,6.62492704,-0.28121188,5.70706272,6.00000000,0.34965819,-0.42700195,-0.11099402,0.40791696,0.18130016,0.07000000,0.00549451,0.44215488,-0.23999999,0.23999999,-0.01229746,3.64773822,-5.06320047,0.41219699,-0.41095331,0.00122106,0.36101556,
19157,7.75259638,0.52204281,6.80121279,5.00000000,-0.31582031,0.39638671,-0.13491563,-0.44893488,0.27809796,0.07000000,0.00549451,0.31740624,-0.23999999,0.23999999,-0.01229746,3.07701564,-4.10850477,-0.44549456,-0.47435260,0.00122106,0.23977819,
19166,0.82138234,0.85842812,20.53136063,6.00000000,-0.35449219,0.43505859,-0.29575363,-1.00574517,0.27790812,0.07000000,0.00549451,0.24279559,-0.23999999,0.23999999,-0.01229746,1.22173047,-1.99316597,-0.99606723,-0.12362984,0.00122106,0.04506589,
19174,2.97017837,2.47092295,15.63342285,6.00000000,-0.35771483,0.42539063,0.06422191,-0.17361592,0.16751279,0.07000000,0.00549451,-0.08701938,-0.23999999,0.23999999,-0.01229746,-0.75223690,1.03672564,-0.16008282,-0.49646720,0.00122106,-0.07777489,
19182,-0.07404908,-0.31592780,13.08718967,6.00000000,-0.35288087,0.42539063,0.48230401,0.47006780,0.05007657,0.07000000,0.00549451,-0.27153248,-0.21243912,0.17533636,-0.01229746,-2.28114533,3.19569802,0.47086579,-0.15556917,0.00122106,-0.17473112,
19190,0.62266362,-1.65189230,10.64869499,6.00000000,-0.32387695,0.30937499,0.45189461,1.07704616,0.04741923,0.07000000,0.00549451,-0.41712162,-0.18463634,0.12818158,-0.01229746,-3.78387380,5.10159731,1.07958221,-0.17743723,0.00122106,-0.25816315,
19198,-0.52775031,-3.08362508,8.83388996,6.00000000,-0.28037110,0.23686524,0.17607729,1.64678967,0.14775926,0.07000000,0.00549451,-0.35281911,0.02097139,-0.06830256,-0.01229746,-5.03003931,6.19417334,1.65770316,-0.08897819,0.00122106,-0.30334806,
19206,-1.14425719,-1.47831273,7.79839802,6.00000000,0.00805664,-0.10634766,-0.12416955,2.09833312,0.20924909,0.07000000,0.00549451,-0.15826659,0.16325890,-0.18404965,-0.01229746,-4.92706442,5.43495512,2.10586047,-0.07292557,0.00122106,-0.23435476,
19214,0.35211882,0.76864558,7.14597797,6.00000000,0.23041992,-0.31420898,-0.09357279,2.29096317,0.21919495,0.07000000,0.00549451,0.16248098,0.23999999,-0.23999999,-0.01229746,-3.00894761,2.48185825,2.29624581,-0.00794926,0.00122106,-0.03462328,
19222,3.95658946,0.88476437,2.93816853,6.00000000,0.33515626,-0.42055663,0.09067213,1.91950202,0.16599396,0.07000000,0.00549451,0.43872240,0.06318590,-0.00358900,-0.01229746,-0.95294976,-0.46949357,1.94084489,-0.26955011,0.00122106,0.12856692,
19229,6.20833635,0.39754429,5.10252666,5.00000000,0.09506836,-0.01933594,0.08247077,1.00609648,0.14009029,0.07000000,0.00549451,0.27392095,-0.23999999,0.23999999,-0.01229746,0.43633232,-1.30899692,1.01634073,-0.45601279,0.00122106,0.14565182,
19238,7.11813259,-0.53978568,8.87100029,6.00000000,-0.33837891,0.41894531,-0.06277242,0.13821836,0.20098838,0.07000000,0.00549451,0.13490205,-0.23999999,0.23999999,-0.01229746,-1.65631747,1.22173047,0.13702327,-0.65427721,0.00122106,-0.09655091,
19246,-1.85653222,-0.04897432,20.53136063,6.00000000,-0.36254883,0.42861328,-0.29867929,0.01279267,0.15330240,0.07000000,0.00549451,-0.06775129,0.16104317,-0.17062968,-0.01229746,-2.12755632,2.34572244,0.01119064,0.16059148,0.00122106,-0.16860664,
19254,2.68167710,2.27818966,12.98783016,6.00000000,0.21591797,-0.26748046,0.21836554,0.81371254,0.15552235,0.07000000,0.00549451,-0.06922710,-0.23999999,0.23999999,-0.01229746,-1.68249738,1.88321030,0.81266361,-0.51406729,0.00122106,-0.07403199,
19262,5.14052200,-0.33029300,2.98964381,6.00000000,-0.34643555,0.40605468,0.29177070,0.67900413,0.02070487,0.07000000,0.00549451,0.06477267,-0.23999999,0.23999999,-0.01229746,-2.49582076,2.28638124,0.68476367,-0.49619153,0.00122106,-0.12993895,
19270,-0.74322844,-1.89610088,11.47708893,6.00000000,-0.35610351,0.43989259,0.17960584,0.46585041,-0.00800510,0.07000000,0.00549451,-0.21137813,-0.23966894,0.21096069,-0.01229746,-3.63552094,4.31270885,0.46401203,-0.14810553,0.00122106,-0.26744732,
19278,1.63780510,-0.85941160,6.37983370,6.00000000,-0.35126954,0.38349611,0.03510038,1.21914279,0.04586664,0.07000000,0.00549451,-0.40623003,-0.23999999,0.23999999,-0.01229746,-5.42797375,6.74220657,1.22270060,-0.36238647,0.00122106,-0.37052089,
19286,-1.21009779,-1.00904918,7.97796297,6.00000000,-0.34643555,0.42539063,-0.02450428,1.75966942,0.08893022,0.07000000,0.00549451,-0.58764160,-0.11642003,0.03752089,-0.01229746,-6.83819962,8.79645920,1.76604998,-0.14085717,0.00122106,-0.46018565,
19294,0.75314760,-0.45359442,9.00028706,6.00000000,-0.18369141,0.09184571,0.02899219,2.33204222,0.11274295,0.07000000,0.00549451,-0.55923325,-0.18172368,0.10702191,-0.01229746,-7.79987621,9.63421726,2.33394504,-0.25093108,0.00122106,-0.48966923,
19301,0.76392150,0.66090649,10.79115009,5.00000000,-0.27070314,0.19174805,0.08195690,2.66112399,0.09529284,0.07000000,0.00549451,-0.32331198,0.06058395,-0.10310017,-0.01229746,-8.04422283,9.09840107,2.65335655,-0.13804719,0.00122106,-0.45316377,
19310,-0.26079682,-0.30275971,13.80784416,6.00000000,0.07573242,-0.15952149,0.08709565,2.95159650,0.13740453,0.07000000,0.00549451,-0.03365056,0.23271486,-0.23590153,-0.01229746,-7.45779181,7.55902100,2.93482780,-0.09593133,0.00122106,-0.34752327,
19318,5.37275982,-0.59964073,6.04344797,6.00000000,0.32226563,-0.41249999,-0.07463650,2.72223592,0.16587730,0.07000000,0.00549451,0.32823515,-0.23999999,0.23999999,-0.01229746,-6.10865259,5.06145477,2.73309875,-0.48616999,0.00122106,-0.21475412,
19326,5.02081203,0.19284005,5.64720774,6.00000000,-0.34321290,0.42055663,-0.05019277,1.71286070,0.18273489,0.07000000,0.00549451,0.41846809,-0.23999999,0.23999999,-0.01229746,-6.15403128,4.81187296,1.72487986,-0.35000473,0.00122106,-0.28607577,
19334,-0.19256206,0.51126885,14.18373394,6.00000000,-0.36254883,0.44633788,-0.17801733,1.40067041,0.15005252,0.07000000,0.00549451,0.13070360,-0.09800863,0.11663249,-0.01229746,-7.03367710,6.61305237,1.39383435,-0.13153675,0.00122106,-0.41376370,
19342,1.27268934,1.50845385,9.66348076,6.00000000,-0.14340821,0.20947266,0.21364237,2.11401916,0.17678551,0.07000000,0.00549451,0.05819871,-0.23999999,0.23999999,-0.01229746,-8.17337704,7.97790003,2.11627293,-0.36260045,0.00122106,-0.45510960,
19350,0.79624325,-1.60281122,7.81755161,6.00000000,-0.33999023,0.43989259,0.05192689,2.33056808,0.09369265,0.07000000,0.00549451,0.39596623,-0.07828610,0.13376305,-0.01229746,-10.21366692,8.90466976,2.33421874,-0.20457794,0.00122106,-0.54867786,
19358,-2.56162453,1.77181613,10.93959045,6.00000000,-0.13212891,0.24008790,-0.10387442,2.76456785,0.02199438,0.07000000,0.00549451,0.09147903,0.23999999,-0.23999999,-0.01229746,-10.38819981,10.09672928,2.76624751,0.04198232,0.00122106,-0.56968802,
19366,-1.12510359,-0.68343776,8.34786701,6.00000000,0.32871094,-0.40605468,0.09231990,3.19689465,0.07201148,0.07000000,0.00549451,0.22394036,0.23999999,-0.23999999,-0.01229746,-9.03557014,8.31474876,3.19870567,0.00453606,0.00122106,-0.41624433,
19373,3.85244179,0.01566913,-0.73094559,5.00000000,0.33676758,-0.41249999,-0.12763464,2.86417675,-0.06309795,0.07000000,0.00549451,0.47958153,0.23937710,-0.17300957,-0.01229746,-6.41233969,4.88168621,2.90778255,-0.15664870,0.00122106,-0.21024725,
19382,3.25628543,-0.07411344,1.82725894,6.00000000,0.33999023,-0.29165038,0.00376984,2.10501337,-0.04114653,0.07000000,0.00549451,0.62737525,0.15909299,-0.07335608,-0.01229746,-3.60235953,1.56730568,2.13280058,-0.18135878,0.00122106,-0.03505823,
19390,3.89314318,-0.63675082,4.88704872,6.00000000,0.23847656,-0.12890625,-0.09132690,1.29571033,-0.02415209,0.07000000,0.00549451,0.44516176,0.02345352,0.03695239,-0.01229746,-1.65282679,0.19896753,1.30471110,-0.18751082,0.00122106,0.02717433,
19398,5.16207027,0.25030088,8.77762604,6.00000000,0.04511719,0.05478515,-0.27129865,0.44451541,-0.00549484,0.07000000,0.00549451,0.12620839,-0.23999999,0.23999999,-0.01229746,-1.21125853,0.79237950,0.44746923,-0.27151817,0.00122106,-0.04436641,
19406,6.28734493,1.06432950,12.42519283,6.00000000,-0.33999023,0.39638671,-0.26061842,-0.48458442,0.03921783,0.07000000,0.00549451,-0.14817402,-0.23999999,0.23999999,-0.01229746,-3.19918847,3.67915416,-0.48480594,-0.57998288,0.00122106,-0.29970810,
19414,-4.23158026,-0.77202320,20.53136063,6.00000000,-0.36093751,0.43989259,-0.30153617,-0.81204242,-0.00515192,0.07000000,0.00549451,-0.14615119,0.09503651,-0.11521167,-0.01229746,-3.88510299,4.34936047,-0.80562246,0.28365213,0.00122106,-0.37554622,
19422,2.95461607,2.19439268,13.00818062,6.00000000,0.13212891,-0.18530273,0.00412585,0.19741865,-0.11029716,0.07000000,0.00549451,0.03068041,-0.23999999,0.23999999,-0.01229746,-4.57799864,4.48549604,0.19488704,-0.57312006,0.00122106,-0.33085081,
19430,3.15333486,0.66928619,0.72832036,6.00000000,-0.33193359,0.42377931,0.40366670,-0.05968321,-0.36167437,0.07000000,0.00549451,0.19627739,-0.23999999,0.23999999,-0.01229746,-6.16450310,5.52047634,-0.05674388,-0.43686473,0.00122106,-0.45004684,
19438,-4.96061468,-1.54535043,9.59285259,6.00000000,-0.35288087,0.44150391,0.35725003,0.01495024,-0.40401351,0.07000000,0.00549451,0.17909300,-0.02290657,0.04780897,-0.01229746,-7.70737410,7.11570740,0.01190253,0.13923365,0.00122106,-0.56172651,
19445,-1.94751191,-1.66266620,4.37109804,5.00000000,-0.04833984,0.09023438,0.13664879,1.02597034,-0.35823819,0.07000000,0.00549451,-0.04696237,-0.04183573,0.03643337,-0.01229746,-8.31823921,8.49277210,1.02267492,0.01143444,0.00122106,-0.56298584,
19454,-2.44670296,-1.34782875,3.33560610,6.00000000,-0.06445312,0.07895508,-0.14027743,1.41540527,-0.26224899,0.07000000,0.00549451,-0.07808685,0.23999999,-0.23999999,-0.01229746,-7.86096287,8.10181904,1.41510773,0.22002804,0.00122106,-0.50009245,
19462,-3.09912300,0.17967194,6.05302477,6.00000000,0.31743163,-0.42055663,-0.21468726,1.84298968,-0.15093791,0.07000000,0.00549451,-0.03372075,0.23999999,-0.23999999,-0.01229746,-5.54840136,5.68977356,1.85228753,0.30269963,0.00122106,-0.28715223,
19470,3.76265907,-0.09326705,2.37074280,6.00000000,0.34643555,-0.41894531,-0.12572651,1.51591194,-0.06691915,0.07000000,0.00549451,0.14470336,0.07743737,-0.05760896,-0.01229746,-2.75238419,2.27590919,1.53607154,-0.13092420,0.00122106,-0.07159926,
19478,3.47655201,0.00609232,7.58291960,6.00000000,0.10473633,-0.10957031,-0.27301350,0.72235143,-0.01693160,0.07000000,0.00549451,0.22923529,0.00922722,0.02160194,-0.01229746,-1.25489175,0.51487213,0.72685808,-0.10274456,0.00122106,-0.01242770,
19486,4.73111391,0.24431539,11.76798439,6.00000000,0.01611328,0.02255859,-0.40369302,-0.08671417,0.03793878,0.07000000,0.00549451,0.13155760,-0.23999999,0.23999999,-0.01229746,-1.27234507,0.83950335,-0.08778030,-0.28740790,0.00122106,-0.08746184,
19494,5.02560043,1.19601059,15.17613029,6.00000000,-0.32871094,0.40444335,-0.31477720,-0.88426214,0.06378143,0.07000000,0.00549451,-0.07462417,-0.23999999,0.23999999,-0.01229746,-3.15730047,3.39466548,-0.88094515,-0.41800597,0.00122106,-0.31746849,
19502,-5.86203146,0.53880221,20.53136063,6.00000000,-0.35610351,0.42377931,-0.17059688,-0.92873520,0.01010184,0.07000000,0.00549451,-0.03478327,0.23999999,-0.23999999,-0.01229746,-4.22893286,4.34063387,-0.92288101,0.42293102,0.00122106,-0.39731786,
19510,2.26508594,2.05193758,13.14584732,6.00000000,0.32548827,-0.39638671,0.10612191,-0.17439358,-0.09762678,0.07000000,0.00549451,0.23357405,-0.23999999,0.23999999,-0.01229746,-4.42266417,3.64250207,-0.18722105,-0.56179321,0.00122106,-0.32056543,
19517,2.98574066,1.77660453,-2.17824054,5.00000000,-0.34160155,0.41572267,0.51005030,-0.39417753,-0.29589909,0.07000000,0.00549451,0.43179497,-0.23999999,0.23999999,-0.01229746,-4.96895266,3.55872631,-0.39247313,-0.59440643,0.00122106,-0.35298428,
19526,-5.14257431,-0.55055958,5.48559904,6.00000000,-0.35932618,0.43022460,0.28349346,-0.33200786,-0.35128772,0.07000000,0.00549451,0.29018408,-0.23999999,0.23999999,-0.01229746,-6.90103197,5.97251701,-0.33519456,-0.06274045,0.00122106,-0.51434487,
19534,-2.52451444,-2.63112092,4.71107483,6.00000000,-0.35126954,0.43666992,0.15931486,0.50673729,-0.25858811,0.07000000,0.00549451,0.04601768,-0.18801565,0.19517523,-0.01229746,-8.85405540,8.69523048,0.49704716,-0.01320616,0.00122106,-0.62838805,
19542,-4.12024975,-1.45197654,5.16357899,6.00000000,-0.28842774,0.36577147,-0.14000115,1.24252176,-0.13385043,0.07000000,0.00549451,-0.05428247,0.23673403,-0.23999999,-0.01229746,-10.27824402,10.46848488,1.24389827,0.22872633,0.00122106,-0.69646472,
19550,-2.04567409,0.39515010,4.34955025,6.00000000,0.30776367,-0.40122071,-0.28797787,1.99535775,-0.07390419,0.07000000,0.00549451,-0.11006922,0.22638106,-0.23996332,-0.01229746,-9.03207874,9.34972858,1.96422338,0.08871634,0.00122106,-0.55211639,
19558,-0.16622584,1.58746254,2.07745290,6.00000000,0.32871094,-0.41894531,-0.03034536,2.20389915,-0.06507421,0.07000000,0.00549451,0.09049097,0.23999999,-0.23999999,-0.01229746,-6.03360367,5.66359329,2.22425270,0.21870500,0.00122106,-0.28188658,
19566,1.36845744,-1.20178246,7.85585880,6.00000000,0.34482422,-0.42216796,-0.13916180,1.51862788,-0.00772389,0.07000000,0.00549451,0.28208038,0.23999999,-0.23999999,-0.01229746,-3.28296447,2.37364769,1.52398038,0.09959918,0.00122106,-0.10011797,
19574,2.87919879,-0.26205826,11.52497292,6.00000000,0.34804687,-0.42216796,-0.24972922,0.71226412,0.10904396,0.07000000,0.00549451,0.41190091,0.21548901,-0.15995151,-0.01229746,-0.66497040,-0.66322511,0.70806032,0.01880468,0.00122106,0.05523455,
19582,4.27741241,0.40831822,14.59912777,6.00000000,0.31420898,-0.29970703,-0.43504497,-0.35362476,0.17044328,0.07000000,0.00549451,0.33434615,0.03100913,0.01337733,-0.01229746,1.14493597,-2.21307755,-0.35717529,0.00729393,0.00122106,0.09917329,
19589,5.77857685,0.31255013,16.45223999,5.00000000,0.06123047,0.00805664,-0.30208224,-1.41092706,0.18277012,0.07000000,0.00549451,0.16342497,-0.23999999,0.23999999,-0.01229746,1.36659288,-1.89368224,-1.40552568,-0.23607405,0.00122106,0.01783887,
19598,5.11179161,0.47176456,17.38957024,6.00000000,-0.32871094,0.42055663,-0.08751225,-2.29726744,0.09498172,0.07000000,0.00549451,0.05920030,-0.23999999,0.23999999,-0.01229746,-1.47480321,1.28281701,-2.27863073,-0.43169838,0.00122106,-0.27269235,
19606,-6.23193598,-0.11242066,20.53136063,6.00000000,-0.34804687,0.42861328,-0.05209574,-2.26330042,-0.07890054,0.07000000,0.00549451,0.15248036,0.11212675,-0.09233752,-0.01229746,-2.76285625,2.24449348,-2.23439431,0.45461950,0.00122106,-0.36206916,
19614,0.76511860,1.18882799,8.80396271,6.00000000,0.14179687,-0.13696289,0.39665049,-1.39943039,-0.16339281,0.07000000,0.00549451,0.19801021,-0.23999999,0.23999999,-0.01229746,-3.51683855,2.89375591,-1.40860319,-0.33542883,0.00122106,-0.35247779,
19622,-0.81385738,-1.10362017,-3.24126601,6.00000000,-0.33032227,0.40605468,0.63138986,-1.16952395,-0.32717165,0.07000000,0.00549451,0.34343356,-0.23999999,0.23999999,-0.01229746,-4.78743792,3.64424753,-1.19643211,-0.18232542,0.00122106,-0.41450310,
19630,-5.80816221,-2.26480794,4.69311857,6.00000000,-0.35288087,0.42377931,0.04848376,-0.88196129,-0.32084009,0.07000000,0.00549451,0.20344721,-0.01587877,0.04362662,-0.01229746,-6.55371141,5.88874102,-0.89804220,0.24946305,0.00122106,-0.54025912,
19638,-5.42628717,-2.14150667,4.10175037,6.00000000,-0.03544922,0.07895508,0.30449560,0.24696206,-0.25332040,0.07000000,0.00549451,-0.22787605,0.23999999,-0.23999999,-0.01229746,-6.54498482,7.28151369,0.23527956,0.33010131,0.00122106,-0.50967604,
19646,-3.42832565,-0.82948405,3.60136247,6.00000000,0.32709962,-0.40283203,-0.06622138,0.66485280,-0.12078398,0.07000000,0.00549451,-0.09294015,0.23999999,-0.23999999,-0.01229746,-4.68271828,4.98640585,0.66735333,0.35853100,0.00122106,-0.32180685,
19654,-1.30945718,0.14256182,3.45052767,6.00000000,0.34321290,-0.41894531,-0.23108287,0.75629377,-0.04530237,0.07000000,0.00549451,0.07826127,0.23999999,-0.23999999,-0.01229746,-1.60744822,1.31248760,0.76101112,0.35775942,0.00122106,-0.05643310,
19661,1.68688631,0.42986602,7.81755161,5.00000000,0.34965819,-0.42055663,-0.49457487,0.18371181,0.04704362,0.07000000,0.00549451,0.19313583,0.23999999,-0.23285103,-0.01229746,0.89360857,-1.51669109,0.18792337,0.10988578,0.00122106,0.10409966,
19670,5.00405264,2.01722169,12.96867657,6.00000000,0.35126954,-0.42539063,-0.45216772,-0.79162979,0.14323398,0.07000000,0.00549451,0.27573574,-0.23249960,0.23999999,-0.01229746,2.95658755,-3.85019636,-0.78757572,-0.15970126,0.00122106,0.20078540,
19678,7.10735893,1.21276999,16.16732979,6.00000000,-0.30776367,0.39960939,-0.30877793,-1.91032445,0.06837166,0.07000000,0.00549451,0.22031671,-0.23999999,0.23999999,-0.01229746,1.63188291,-2.34397721,-1.89788103,-0.31444257,0.00122106,0.00759479,
19686,1.34331834,0.32691535,20.53136063,6.00000000,-0.35288087,0.43989259,-0.15525715,-2.40037441,0.01587915,0.07000000,0.00549451,0.04507525,-0.23999999,0.23999999,-0.01229746,-0.61610121,0.46774822,-2.37028265,-0.28164262,0.00122106,-0.22158009,
19694,-0.06088097,0.23114729,18.82369614,6.00000000,-0.34804687,0.42216796,0.13551165,-1.65986025,-0.11304542,0.07000000,0.00549451,0.09916314,-0.23999999,0.23999999,-0.01229746,-3.43131733,3.11017656,-1.63087082,-0.21519285,0.00122106,-0.37166750,
19702,-3.15658379,0.99489760,13.43195438,6.00000000,-0.35126954,0.44150391,0.38925987,-1.21185625,-0.26727152,0.07000000,0.00549451,0.07205176,-0.23999999,0.23999999,-0.01229746,-5.24645996,5.02305746,-1.20279515,0.03300975,0.00122106,-0.48233297,
19710,-2.75794911,-1.16946065,3.87071013,6.00000000,-0.35288087,0.42539063,0.53788388,-0.34062314,-0.38158622,0.07000000,0.00549451,-0.09922263,-0.23999999,0.23999999,-0.01229746,-7.42114019,7.71959114,-0.35202718,0.03174348,0.00122106,-0.60421097,
19718,-2.89202452,-2.32705712,0.46136686,6.00000000,-0.34804687,0.43022460,0.50104314,0.32379046,-0.32271451,0.07000000,0.00549451,-0.30447176,-0.04235667,0.00202087,-0.01229746,-9.70403099,10.68141460,0.39503977,0.16069864,0.00122106,-0.74881703,
19726,-5.14257431,-3.03693795,0.27581623,6.00000000,-0.07250977,0.01611328,0.28939322,1.10954762,-0.28867975,0.07000000,0.00549451,-0.38952947,0.23999999,-0.23999999,-0.01229746,-10.46848488,11.73035717,1.12157571,0.44129360,0.00122106,-0.75956899,
19733,-2.78787661,-0.64153922,-0.04859810,5.00000000,0.32709962,-0.40444335,0.06226774,1.65731001,-0.19400598,0.07000000,0.00549451,-0.23147458,0.23999999,-0.23999999,-0.01229746,-8.67428684,9.42652321,1.67355621,0.38580251,0.00122106,-0.56026608,
19742,-2.02292919,-0.35902342,3.36912489,6.00000000,0.32871094,-0.41088867,-0.13472603,1.75288177,-0.10880137,0.07000000,0.00549451,-0.04263188,0.23999999,-0.23999999,-0.01229746,-4.65828371,4.78394747,1.76873541,0.42098480,0.00122106,-0.22511899,
19750,1.47499943,1.11101639,7.07295465,6.00000000,0.34482422,-0.42539063,-0.45516562,1.36524045,0.11896522,0.07000000,0.00549451,-0.01398084,0.23999999,-0.23999999,-0.01229746,-1.59348571,1.61617482,1.37316608,0.09983268,0.00122106,-0.01869334,
19758,3.01925945,0.67646879,11.88769436,6.00000000,0.35610351,-0.43344727,-0.80699843,0.51364064,0.25875002,0.07000000,0.00549451,0.08936268,0.08272737,-0.07129915,-0.01229746,0.65275317,-0.99832833,0.50983691,-0.05178209,0.00122106,0.10221305,
19766,5.57028151,2.62894034,16.72039032,6.00000000,0.13212891,-0.13857421,-0.53469187,-0.60235387,0.28788683,0.07000000,0.00549451,0.19704297,-0.23999999,0.23999999,-0.01229746,1.32994080,-1.96524072,-0.60440463,-0.21911314,0.00122106,0.07843688,
19774,5.82047558,0.39993849,19.06192017,6.00000000,-0.32387695,0.40444335,-0.16456957,-1.59260476,0.12435114,0.07000000,0.00549451,0.27540675,-0.23999999,0.23999999,-0.01229746,-0.93549645,0.05061455,-1.58209980,-0.39575896,0.00122106,-0.15786865,
19782,-2.56042743,-0.28719738,20.53136063,6.00000000,-0.35449219,0.43505859,0.09601579,-1.91239250,-0.06025845,0.07000000,0.00549451,0.23424795,-0.23999999,0.23999999,-0.01229746,-2.45393300,1.66504419,-1.89022946,0.01040962,0.00122106,-0.29958752,
19790,1.86525428,-0.19023222,14.01973152,6.00000000,-0.34965819,0.43183595,0.41038620,-1.19410872,-0.18809620,0.07000000,0.00549451,0.13021171,-0.23999999,0.23999999,-0.01229746,-5.09287071,4.70715332,-1.18516588,-0.50387108,0.00122106,-0.46402073,
19798,-4.87202930,-1.71294451,9.77122021,6.00000000,-0.35610351,0.43666992,0.48051330,-0.57479274,-0.27199081,0.07000000,0.00549451,0.07224742,-0.09976557,0.10986024,-0.01229746,-6.99702501,6.70730019,-0.58023262,0.16426283,0.00122106,-0.56769788,
19805,-3.23918366,-3.09439898,1.31729400,5.00000000,-0.15629883,0.20141602,0.38152641,0.18971635,-0.28715667,0.07000000,0.00549451,-0.16293725,-0.03553981,0.01410571,-0.01229746,-8.12276268,8.65508747,0.17950785,0.14761931,0.00122106,-0.62941593,
19814,-3.21404457,-2.55211210,-2.22013903,6.00000000,-0.06123047,0.03222656,0.39920542,0.83410966,-0.21552405,0.07000000,0.00549451,-0.24413007,0.23999999,-0.23999999,-0.01229746,-8.24318981,9.03557014,0.83983082,0.34946162,0.00122106,-0.59475571,
19822,-4.48057747,-1.15030706,0.11420762,6.00000000,0.33032227,-0.41411132,0.27764848,1.24878240,-0.18372731,0.07000000,0.00549451,-0.20583358,0.23999999,-0.23999999,-0.01229746,-5.98647928,6.63225126,1.25984561,0.57207477,0.00122106,-0.38710660,
19830,-0.92039937,-0.88814199,0.95098114,6.00000000,0.34160155,-0.41733399,0.10591607,1.22544479,-0.00429024,0.07000000,0.00549451,0.00406121,0.23999999,-0.23999999,-0.01229746,-2.74016690,2.73842144,1.24275863,0.40966853,0.00122106,-0.11110190,
19838,1.92271519,-0.33268723,3.52594495,6.00000000,0.34965819,-0.43022460,-0.49127001,0.86944920,0.16398950,0.07000000,0.00549451,-0.07326218,0.23999999,-0.23999999,-0.01229746,0.30543262,-0.06981317,0.88251817,0.07514173,0.00122106,0.08140329,
19846,3.51126790,1.54316986,11.34660530,6.00000000,0.35288087,-0.43183595,-0.76306903,0.10382459,0.45940813,0.07000000,0.00549451,-0.10420194,-0.10281978,0.08753726,-0.01229746,2.31081581,-1.94429684,0.10157621,-0.14991063,0.00122106,0.17746294,
19854,6.44296789,1.55992925,16.74313545,6.00000000,-0.12729493,0.12890625,-0.68106842,-1.05761755,0.55822533,0.07000000,0.00549451,-0.19355586,-0.23999999,0.23999999,-0.01229746,2.16595364,-1.57952297,-1.05921662,-0.42506075,0.00122106,0.06443770,
19862,3.20600724,1.18284249,20.53136063,6.00000000,-0.33354491,0.42377931,-0.47267279,-1.83123255,0.46214193,0.07000000,0.00549451,0.11485302,-0.23999999,0.23999999,-0.01229746,-1.01752698,0.65449846,-1.81600070,-0.42831790,0.00122106,-0.19612649,
19870,-2.87047672,3.74224401,20.53136063,6.00000000,-0.35288087,0.43989259,-0.29485932,-1.56877589,0.12369020,0.07000000,0.00549451,0.20380481,-0.13877432,0.16581312,-0.01229746,-3.20442462,2.53072739,-1.53917670,0.17491087,0.00122106,-0.33479261,
19877,0.32099420,3.82005572,13.95269299,5.00000000,-0.20625000,0.29970703,0.61393595,-1.05230427,-0.08351707,0.07000000,0.00549451,0.33086759,-0.23999999,0.23999999,-0.01229746,-5.29532862,4.19053555,-1.03684521,-0.40060163,0.00122106,-0.43780991,
19886,-3.00335479,-1.17664337,5.37905693,6.00000000,-0.36416015,0.41894531,0.81878501,-0.43581498,-0.35322610,0.07000000,0.00549451,0.53603542,-0.23999999,0.23999999,-0.01229746,-7.54505825,5.87826872,-0.44573647,-0.23737675,0.00122106,-0.54543865,
19894,-3.84012842,-3.31466532,1.89070523,6.00000000,-0.34804687,0.42861328,0.52669483,0.10356679,-0.35535330,0.07000000,0.00549451,0.26802295,-0.23999999,0.23999999,-0.01229746,-9.54520607,8.69348526,0.08248535,-0.19827989,0.00122106,-0.68968952,
19902,-4.72957420,-4.84096909,-0.74171948,6.00000000,-0.34965819,0.41572267,0.45178890,0.98192948,-0.28139892,0.07000000,0.00549451,-0.08590412,-0.07303444,0.06286281,-0.01229746,-11.44412422,11.73210335,0.96988952,0.07593852,0.00122106,-0.81139457,
19910,-3.51212263,-3.02257276,0.49967408,6.00000000,-0.10634766,0.11440430,-0.01000560,1.70632374,-0.20717821,0.07000000,0.00549451,-0.23718134,0.18964610,-0.21996132,-0.01229746,-12.61349487,13.35351372,1.70935965,0.19763383,0.00122106,-0.86032659,
19918,-4.19686460,-0.39373937,3.70910144,6.00000000,0.25458986,-0.35932618,-0.20496753,2.20254540,-0.13841613,0.07000000,0.00549451,-0.07806017,0.23999999,-0.23999999,-0.01229746,-11.02349949,11.24515629,2.21440792,0.36232007,0.00122106,-0.68136609,
19926,-3.06680131,2.02081299,5.31082249,6.00000000,0.33515626,-0.39960939,-0.35421070,2.60953236,-0.04157791,0.07000000,0.00549451,0.26461852,0.23999999,-0.23999999,-0.01229746,-7.40717745,6.70904541,2.69890046,0.53451037,0.00122106,-0.33095196,
19934,1.19487786,2.25903606,7.42370558,6.00000000,0.35288087,-0.41572267,-0.42714462,2.26015282,0.15646821,0.07000000,0.00549451,0.21065481,0.23999999,-0.23999999,-0.01229746,-4.24987650,3.56396222,2.27584362,0.28145471,0.00122106,-0.12764731,
19942,4.17685604,-1.67703152,12.62391186,6.00000000,0.35126954,-0.41894531,-0.45995077,1.35022247,0.29325417,0.07000000,0.00549451,0.40953776,0.16160102,-0.10595278,-0.01229746,-2.08392310,0.76969016,1.33918333,-0.07894227,0.00122106,-0.00702386,
19949,4.80054569,0.48972106,16.61983490,5.00000000,0.23525390,-0.19335937,-0.39915773,0.34056371,0.34675819,0.07000000,0.00549451,0.35725772,0.06759007,-0.01960087,-0.01229746,-0.55501467,-0.59515727,0.32980192,-0.02942820,0.00122106,0.02565536,
19958,5.21354532,-1.83145750,18.05635452,6.00000000,0.09990235,-0.03867187,-0.27721205,-0.90388161,0.17060220,0.07000000,0.00549451,0.12569478,-0.23999999,0.23999999,-0.01229746,-0.37000981,-0.03665191,-0.91302717,-0.23529811,0.00122106,-0.08203956,
19966,2.98933196,-0.12199747,20.53136063,6.00000000,-0.33032227,0.41733399,-0.02231280,-1.78250825,0.00279383,0.07000000,0.00549451,0.05111153,-0.23999999,0.23999999,-0.01229746,-1.96524072,1.80292523,-1.76855421,-0.18278903,0.00122106,-0.27858543,
19974,-4.97857141,-1.27001715,20.53136063,6.00000000,-0.34965819,0.42539063,0.11599701,-1.55776620,-0.19794042,0.07000000,0.00549451,0.12020462,-0.06584179,0.08162235,-0.01229746,-3.75071239,3.35452271,-1.53236413,0.24817096,0.00122106,-0.38858193,
19982,-0.75400233,-0.27402928,8.43645287,6.00000000,-0.10634766,0.14501953,0.63808131,-0.75759119,-0.28432295,0.07000000,0.00549451,0.06563513,-0.23999999,0.23999999,-0.01229746,-5.43844604,5.18013716,-0.76344794,-0.22607009,0.00122106,-0.46137989,
19990,-3.71084142,-3.75400138,0.22553800,6.00000000,-0.33837891,0.41572267,0.71016407,-0.29921657,-0.37651557,0.07000000,0.00549451,0.14629342,-0.02864778,0.04892513,-0.01229746,-7.24486160,6.73347998,-0.31385690,0.17600515,0.00122106,-0.55796790,
19998,-5.03483486,-4.53092003,1.40109098,6.00000000,-0.06284180,0.10151367,0.34223813,0.19912648,-0.42264971,0.07000000,0.00549451,-0.12179314,0.20648697,-0.22236884,-0.01229746,-7.94299364,8.32696629,0.18882379,0.31255493,0.00122106,-0.60567868,
20006,-4.96181202,-2.49106002,-1.87657106,6.00000000,0.28359374,-0.37866211,0.47641912,0.95025033,-0.33729807,0.07000000,0.00549451,-0.17982382,0.23999999,-0.23999999,-0.01229746,-5.83463526,6.43851948,0.95502543,0.61417067,0.00122106,-0.39414650,
20014,-2.22284508,0.57112390,-2.26443172,6.00000000,0.33354491,-0.40605468,0.12475085,1.13268781,-0.26469603,0.07000000,0.00549451,0.00709680,0.23999999,-0.23999999,-0.01229746,-2.66860843,2.62672043,1.14576197,0.55085623,0.00122106,-0.11489394,
20021,-0.41761702,-0.46197411,2.84000635,5.00000000,0.34643555,-0.42539063,-0.29588476,0.91127068,-0.07235686,0.07000000,0.00549451,0.07815903,0.23999999,-0.23999999,-0.01229746,0.01221730,-0.26005405,0.92340338,0.33183080,0.00122106,0.08563352,
20030,1.52527761,1.78019583,11.58482838,6.00000000,0.35126954,-0.42861328,-0.84033155,0.27913433,0.20494258,0.07000000,0.00549451,0.11922922,0.23999999,-0.23999999,-0.01229746,2.39459157,-2.80998015,0.27912045,0.14984980,0.00122106,0.22587934,
20038,5.33804369,2.86955762,15.81418514,6.00000000,0.36899415,-0.42055663,-0.84468281,-0.60263264,0.33170253,0.07000000,0.00549451,0.30292013,-0.18290854,0.22249092,-0.01229746,3.85194159,-4.82758093,-0.60088217,-0.17441732,0.00122106,0.28336525,
20046,5.87913322,3.62373114,18.96974373,6.00000000,-0.23686524,0.36577147,-0.40249813,-1.59014750,0.15552574,0.07000000,0.00549451,0.36284503,-0.23999999,0.23999999,-0.01229746,2.65464592,-3.83972430,-1.57095146,-0.11784908,0.00122106,0.12758036,
20054,-0.51458222,-0.96475649,20.53136063,6.00000000,-0.33837891,0.42055663,0.12449999,-1.98576510,-0.09275114,0.07000000,0.00549451,0.28654900,-0.23999999,0.23999999,-0.01229746,-1.00705504,0.10122910,-1.96430445,-0.19450665,0.00122106,-0.19186983,
20062,-1.80146563,1.49049735,20.53136063,6.00000000,-0.35126954,0.43183595,0.44648981,-1.47219670,-0.23603787,0.07000000,0.00549451,0.08980045,-0.23999999,0.23999999,-0.01229746,-2.97927690,2.67384434,-1.43880653,-0.20067830,0.00122106,-0.32231462,
20070,-2.51733184,-4.25558662,10.89050961,6.00000000,-0.35610351,0.43344727,0.58071417,-0.73052418,-0.39946532,0.07000000,0.00549451,0.14224580,-0.23999999,0.23999999,-0.01229746,-5.27263975,4.83979797,-0.73415536,-0.06895944,0.00122106,-0.43777725,
20078,-4.68647861,0.05517346,2.20075440,6.00000000,-0.36416015,0.43022460,0.47823083,-0.03224816,-0.36796772,0.07000000,0.00549451,-0.24912438,-0.00739759,-0.02599765,-0.01229746,-7.07381916,7.84350967,-0.04006433,0.18193775,0.00122106,-0.57358044,
20086,-4.32854557,-2.86814690,-2.31351280,6.00000000,-0.01772461,-0.03867187,0.47794318,0.97745979,-0.28200725,0.07000000,0.00549451,-0.26351508,0.23999999,-0.23999999,-0.01229746,-7.94648409,8.79645920,0.98230660,0.43324715,0.00122106,-0.56218123,
20093,-2.91476941,-1.06291878,-4.98304796,5.00000000,0.33193359,-0.39477539,0.35965452,1.35521746,-0.25598854,0.07000000,0.00549451,-0.06910229,0.23999999,-0.23999999,-0.01229746,-6.45073700,6.63748693,1.37610292,0.53200614,0.00122106,-0.39260280,
20102,-2.24439287,0.36282837,-1.54736841,6.00000000,0.34804687,-0.40605468,0.13028662,1.37969661,-0.19226813,0.07000000,0.00549451,0.02660724,0.23999999,-0.23999999,-0.01229746,-2.48360348,2.32652402,1.40098679,0.54210633,0.00122106,-0.07573664,
20110,-0.88209218,-0.99228978,2.56587005,6.00000000,0.34965819,-0.41572267,-0.31036934,1.20550919,0.07172555,0.07000000,0.00549451,0.10123323,0.23999999,-0.23999999,-0.01229746,0.40840703,-0.72431165,1.22009039,0.38339525,0.00122106,0.13595535,
20118,1.57076752,1.02003670,11.48905945,6.00000000,0.35288087,-0.44150391,-0.91632438,0.62139422,0.35186091,0.07000000,0.00549451,0.08929475,0.23999999,-0.23999999,-0.01229746,2.52200079,-2.78205466,0.62046069,0.16333577,0.00122106,0.24661693,
20126,5.28896284,0.74829483,16.36245728,6.00000000,0.36416015,-0.43022460,-0.98301512,-0.34856215,0.51660770,0.07000000,0.00549451,0.24235499,-0.15701906,0.18843514,-0.01229746,3.93571734,-4.71064377,-0.35302871,-0.18845733,0.00122106,0.29920965,
20134,5.81209564,3.81047893,19.22592354,6.00000000,-0.20625000,0.30937499,-0.68014038,-1.52971518,0.32134163,0.07000000,0.00549451,0.39219835,-0.22458987,0.23999999,-0.01229746,2.51327419,-3.78387380,-1.51566195,-0.04470800,0.00122106,0.12339230,
20142,-3.05004168,-0.33986983,20.53136063,6.00000000,-0.31743163,0.41733399,-0.04080395,-1.87755764,0.07900678,0.07000000,0.00549451,0.07498255,-0.19923437,0.20811670,-0.01229746,0.14311700,-0.38222709,-1.85621738,0.11033894,0.00122106,-0.12476832,
20150,0.74596500,1.15291488,20.53136063,6.00000000,-0.28359374,0.37705079,0.45627236,-1.34506798,-0.05081563,0.07000000,0.00549451,0.16367139,-0.23999999,0.23999999,-0.01229746,-2.72445917,2.15024567,-1.31884766,-0.41668612,0.00122106,-0.28063062,
20158,-3.15778089,-3.23685384,12.30308819,6.00000000,-0.35288087,0.41894531,0.65225017,-0.83161139,-0.39839554,0.07000000,0.00549451,0.24780950,-0.23999999,0.23999999,-0.01229746,-4.85725117,4.02647448,-0.83285648,-0.03136793,0.00122106,-0.40030545,
20165,-4.75231934,-0.85821450,3.20631909,5.00000000,-0.35932618,0.42377931,0.77935070,-0.16516781,-0.43073693,0.07000000,0.00549451,-0.03548706,-0.17718989,0.17270789,-0.01229746,-6.69857359,6.80154848,-0.17509550,0.04932164,0.00122106,-0.52435887,
20174,-4.77386713,-4.36571980,-1.61320889,6.00000000,-0.25620118,0.30937499,0.71761513,0.83077341,-0.39158455,0.07000000,0.00549451,-0.33391103,0.23999999,-0.23999999,-0.01229746,-8.47182846,9.59232903,0.76298779,0.33460978,0.00122106,-0.62984598,
20182,-3.42832565,-3.12432647,-3.37414432,6.00000000,0.31420898,-0.39638671,0.35964370,1.40681469,-0.24799038,0.07000000,0.00549451,-0.34384468,0.23999999,-0.23999999,-0.01229746,-7.72482729,8.82089424,1.42697775,0.44264716,0.00122106,-0.52197039,
20190,-2.75914621,1.14214098,-5.40442753,6.00000000,0.32871094,-0.39960939,0.10688242,1.58806610,-0.18355633,0.07000000,0.00549451,-0.07674298,0.23999999,-0.23999999,-0.01229746,-4.29350996,4.54309177,1.61455667,0.58571213,0.00122106,-0.20622814,
20198,-3.22003007,2.85758662,3.44813347,6.00000000,0.33837891,-0.42539063,-0.31721410,1.65466380,-0.06455711,0.07000000,0.00549451,-0.15370581,0.23999999,-0.23999999,-0.01229746,-0.48869219,0.95818579,1.66660690,0.61210001,0.00122106,0.06876391,
20206,1.86286008,-0.10044965,8.30955982,6.00000000,0.34643555,-0.42377931,-0.54766268,1.30049181,0.33653763,0.07000000,0.00549451,-0.11015043,0.23999999,-0.23999999,-0.01229746,2.14850020,-1.78547192,1.30802691,0.01693374,0.00122106,0.24703494,
20214,1.34690964,2.57147956,15.03846359,6.00000000,0.36416015,-0.44311523,-1.07385015,0.46321607,0.48723391,0.07000000,0.00549451,0.03665249,0.23999999,-0.23999999,-0.01229746,3.63901138,-3.78387380,0.45277470,0.04652281,0.00122106,0.31723878,
20222,4.11101532,2.55232573,18.55434990,6.00000000,0.37060547,-0.43344727,-0.82138419,-0.58798933,0.42421249,0.07000000,0.00549451,0.38932765,-0.03046256,0.08162519,-0.01229746,4.73333311,-5.97775269,-0.59156501,-0.09574294,0.00122106,0.36712193,
20230,4.66168165,0.49929789,20.53136063,6.00000000,-0.01450195,0.11440430,-0.11100321,-1.63590693,0.15336268,0.07000000,0.00549451,0.62243032,-0.23999999,0.23999999,-0.01229746,3.92699075,-5.94110060,-1.62485576,-0.10493925,0.00122106,0.25181112,
20237,0.08277114,-1.02820277,20.53136063,5.00000000,-0.32226563,0.40283203,0.28525186,-2.26005101,-0.10473851,0.07000000,0.00549451,0.44445920,-0.23999999,0.23999999,-0.01229746,1.10479343,-2.55865288,-2.23616982,-0.20945902,0.00122106,-0.02564327,
20246,-6.21637344,-1.41606343,20.53136063,6.00000000,-0.34482422,0.41411132,0.50387752,-2.07623696,-0.19457571,0.07000000,0.00549451,0.18335104,-0.23999999,0.23999999,-0.01229746,-1.12573731,0.51661748,-2.04860711,0.04844379,0.00122106,-0.22005637,
20254,-0.87969798,-4.96786165,8.14316273,6.00000000,-0.35610351,0.43344727,0.52258575,-1.02447510,-0.25556761,0.07000000,0.00549451,0.18910097,-0.23999999,0.23999999,-0.01229746,-3.72976851,3.13635659,-1.04078591,-0.25798345,0.00122106,-0.33856779,
20262,-6.51325464,-1.97989798,1.32088530,6.00000000,-0.36254883,0.43344727,0.29546168,-0.39125291,-0.26281831,0.07000000,0.00549451,-0.16978496,0.15312777,-0.17613521,-0.01229746,-5.47160721,6.00218725,-0.40831059,0.30599475,0.00122106,-0.46527088,
20270,-4.88519716,-3.20094085,-4.24204254,6.00000000,0.19335937,-0.29165038,0.56478328,0.73447758,-0.19581130,0.07000000,0.00549451,-0.20109154,0.23999999,-0.23999999,-0.01229746,-5.56410933,6.21337223,0.73125321,0.55637527,0.00122106,-0.39274931,
20278,-3.00096059,-0.75646091,-7.22282362,6.00000000,0.33193359,-0.40444335,0.45970148,0.97458094,-0.22831063,0.07000000,0.00549451,0.08029720,0.23999999,-0.23999999,-0.01229746,-2.94611573,2.65115499,0.99209434,0.69256788,0.00122106,-0.13703699,
20286,-0.10277950,0.93025416,-2.10761166,6.00000000,0.33193359,-0.41733399,0.24061733,0.89662224,-0.03621363,0.07000000,0.00549451,0.09910898,0.23999999,-0.23999999,-0.01229746,0.69289571,-1.02625358,0.91542906,0.35875532,0.00122106,0.12902251,
20294,-2.67295504,5.53550100,6.16435528,6.00000000,0.35449219,-0.43828124,-0.38235500,0.68827069,0.10438645,0.07000000,0.00549451,-0.01893979,0.23999999,-0.23999999,-0.01229746,3.09097815,-3.02291012,0.69909775,0.55351907,0.00122106,0.28600734,
20302,3.77702427,-0.44401759,12.76277542,6.00000000,0.35771483,-0.43344727,-0.79783612,0.13815080,0.65196860,0.07000000,0.00549451,-0.04376698,-0.05363764,0.04609363,-0.01229746,5.45589924,-5.25518656,0.17136627,-0.19957554,0.00122106,0.41018197,
20309,4.34205580,0.93145126,15.78665161,5.00000000,-0.05478515,0.05639648,-1.16986001,-0.70337969,0.61571014,0.07000000,0.00549451,0.01713588,-0.19158366,0.19209018,-0.01229746,5.08239889,-5.14173985,-0.70408756,-0.17060789,0.00122106,0.33673269,
20318,-2.08278441,2.18960428,20.53136063,6.00000000,-0.27070314,0.33032227,-0.89112693,-1.50101507,0.49872258,0.07000000,0.00549451,-0.30988324,0.13432880,-0.17813002,-0.01229746,2.93738914,-1.97745812,-1.49022496,0.26178613,0.00122106,0.07804358,
20326,1.71920800,3.65365863,20.53136063,6.00000000,0.20141602,-0.29165038,0.00538407,-1.14632142,0.34834296,0.07000000,0.00549451,0.20018610,-0.23999999,0.23999999,-0.01229746,1.71740401,-2.36143064,-1.13643694,-0.39100319,0.00122106,0.06925165,
20334,3.04559565,-1.92842269,9.01824379,6.00000000,-0.32387695,0.39477539,0.66196460,-1.22634828,-0.14119722,0.07000000,0.00549451,0.62288880,-0.23999999,0.23999999,-0.01229746,-0.93200582,-1.09955740,-1.22852898,-0.37536633,0.00122106,-0.07913747,
20342,-7.29376411,-1.58964312,16.51568604,6.00000000,-0.36093751,0.43505859,0.75685549,-1.34067345,-0.18426298,0.07000000,0.00549451,0.26960838,-0.23999999,0.23999999,-0.01229746,-2.26020145,1.37706482,-1.33721864,-0.10693711,0.00122106,-0.23417255,
20350,-2.39881897,-6.27868700,3.58819437,6.00000000,-0.34643555,0.43828124,0.61158425,0.04421999,-0.23900944,0.07000000,0.00549451,0.05118680,-0.23999999,0.23999999,-0.01229746,-4.44535351,4.26907539,0.01348066,-0.18000105,0.00122106,-0.33021790,
20358,-4.39438581,-2.06968045,1.80930245,6.00000000,-0.34482422,0.43022460,0.12169868,0.62186950,-0.05327838,0.07000000,0.00549451,-0.30146271,0.19222549,-0.23269549,-0.01229746,-6.17846537,7.15061426,0.62039912,0.21126531,0.00122106,-0.45979398,
20366,-4.64098883,-2.35578775,-1.69461179,6.00000000,0.25942382,-0.39477539,0.08115520,1.52456534,-0.01545205,0.07000000,0.00549451,-0.16845477,0.23999999,-0.23999999,-0.01229746,-6.08945370,6.63574219,1.53852856,0.39130819,0.00122106,-0.36759657,
20374,-2.62985945,2.38712597,-4.59398985,6.00000000,0.34160155,-0.40766603,0.10476865,1.80066383,0.01806783,0.07000000,0.00549451,0.13347289,0.23999999,-0.23999999,-0.01229746,-2.96356916,2.52374625,1.82729602,0.55734980,0.00122106,-0.07612652,
20381,-1.94511771,1.62337554,1.02879262,5.00000000,0.34482422,-0.43183595,-0.08079047,1.74794042,0.07688885,0.07000000,0.00549451,0.17349240,0.23999999,-0.23999999,-0.01229746,0.17802358,-0.72780234,1.77185714,0.51115131,0.00122106,0.16946039,
20390,0.63702881,-0.64034212,9.05176258,6.00000000,0.35126954,-0.42377931,-0.51445204,1.32402956,0.37249339,0.07000000,0.00549451,0.14911097,0.23999999,-0.23999999,-0.01229746,2.62148452,-3.12763000,1.32516992,0.23557636,0.00122106,0.32320493,
20398,1.91553259,1.65330315,15.24556255,6.00000000,0.35771483,-0.42861328,-0.85690343,0.61289263,0.49345607,0.07000000,0.00549451,0.21675858,0.23999999,-0.23999999,-0.01229746,4.19053555,-4.88517666,0.60618597,0.16656947,0.00122106,0.39080438,
20406,3.59506512,1.63654363,19.05114555,6.00000000,0.35771483,-0.42861328,-0.81250149,-0.42768624,0.47784922,0.07000000,0.00549451,0.44700783,0.23640956,-0.17745608,-0.01229746,5.29009295,-6.73173523,-0.43142545,0.05598724,0.00122106,0.42770052,
20414,4.43543005,1.89032900,20.49724388,6.00000000,0.35449219,-0.31743163,-0.19032446,-1.54542601,0.26845741,0.07000000,0.00549451,0.72410905,-0.09960732,0.19577603,-0.01229746,5.98298836,-8.29554939,-1.53123367,-0.06508780,0.00122106,0.42836696,
20422,3.68484759,-0.53260309,19.19599533,6.00000000,-0.12084961,0.31098634,0.24608497,-2.54504704,0.03794629,0.07000000,0.00549451,0.51429319,-0.23999999,0.23999999,-0.01229746,5.01956701,-6.65843105,-2.52468634,-0.22429635,0.00122106,0.25067323,
20430,-3.62584734,-1.74646330,20.53136063,6.00000000,-0.34321290,0.41733399,0.36104915,-2.82822800,-0.04629151,0.07000000,0.00549451,0.43175989,-0.23999999,0.23999999,-0.01229746,2.35793996,-3.75943899,-2.79574704,-0.04614100,0.00122106,0.02011368,
20438,-4.39318895,-0.17826121,13.76714325,6.00000000,-0.35126954,0.42055663,0.20507728,-1.93192315,-0.23282589,0.07000000,0.00549451,0.11706087,-0.23999999,0.23999999,-0.01229746,-0.03665191,-0.33510324,-1.91665578,0.05492211,0.00122106,-0.14086646,
20446,-4.74154520,-2.73766279,3.23864079,6.00000000,-0.34804687,0.41411132,0.65726596,-1.04485595,-0.18552907,0.07000000,0.00549451,-0.18384753,-0.06553867,0.03986982,-0.01229746,-2.08392310,2.67558980,-1.06688261,0.16748430,0.00122106,-0.26821795,
20453,-4.81217432,-2.20016456,-1.67186689,5.00000000,-0.10312500,0.08378907,0.56655234,-0.27129191,-0.21581112,0.07000000,0.00549451,-0.35123482,0.23999999,-0.23999999,-0.01229746,-3.23584032,4.36157751,-0.28342712,0.45908207,0.00122106,-0.31003186,
20462,-4.57275391,-2.39170074,-5.20451164,6.00000000,0.33193359,-0.40283203,0.57787561,0.49149489,-0.09329186,0.07000000,0.00549451,-0.41246453,0.23999999,-0.23999999,-0.01229746,-1.19031453,2.52549148,0.49363214,0.78809237,0.00122106,-0.10513635,
20470,-2.16658139,-0.71695662,-4.72207975,6.00000000,0.33515626,-0.41249999,0.28324392,0.55716419,0.02466407,0.07000000,0.00549451,-0.15838645,0.23999999,-0.23999999,-0.01229746,1.99665666,-1.48527515,0.56693685,0.77661890,0.00122106,0.17590180,
20478,-2.34854078,1.03320479,2.98485541,6.00000000,0.36093751,-0.43183595,-0.41160434,0.57144696,0.15246469,0.07000000,0.00549451,-0.11643293,0.23999999,-0.23999999,-0.01229746,4.55880022,-4.15737438,0.57582539,0.52646661,0.00122106,0.37539959,
20486,2.41951203,1.29896128,8.70819473,6.00000000,0.35449219,-0.43183595,-0.81493139,0.22316742,0.53849143,0.07000000,0.00549451,-0.32283577,0.17989111,-0.22564915,-0.01229746,7.07905579,-6.15577650,0.22407269,-0.05725425,0.00122106,0.51897460,
20494,2.62780762,1.82807982,14.60271931,6.00000000,0.26586914,-0.41249999,-1.11141658,-0.62252682,0.65057576,0.07000000,0.00549451,-0.05927475,-0.23999999,0.23999999,-0.01229746,7.88714266,-7.69690180,-0.62861705,-0.33237797,0.00122106,0.54449433,
20502,5.28058290,3.17362118,20.33922577,6.00000000,-0.32065430,0.38833007,-0.87583494,-1.73574960,0.49725294,0.07000000,0.00549451,0.09611682,-0.23999999,0.23999999,-0.01229746,6.22908020,-6.49087954,-1.75815701,-0.21963039,0.00122106,0.35302889,
20510,-5.19404936,-0.42725819,20.53136063,6.00000000,-0.33999023,0.43022460,-0.21727465,-1.85370171,0.24657652,0.07000000,0.00549451,0.19363461,0.23541202,-0.21099387,-0.01229746,3.57268882,-4.20100737,-1.82860899,0.32748133,0.00122106,0.15627092,
20518,0.26712465,5.64324045,17.67208672,6.00000000,0.33354491,-0.34804687,0.34664121,-1.04315209,-0.04279211,0.07000000,0.00549451,0.42732456,-0.23999999,0.23999999,-0.01229746,2.11359358,-3.52556515,-1.01634836,-0.38467258,0.00122106,0.13622694,
20525,3.18326235,-2.11876178,0.15850034,5.00000000,-0.32226563,0.39477539,1.01655936,-1.14780235,-0.35092947,0.07000000,0.00549451,0.56062156,-0.23999999,0.23999999,-0.01229746,0.79063416,-2.61973929,-1.16295898,-0.81563753,0.00122106,0.04210609,
20534,-8.57945061,-2.72928309,9.06133938,6.00000000,-0.35932618,0.42861328,0.67478257,-1.00438356,-0.42472365,0.07000000,0.00549451,0.29154873,-0.23999999,0.23999999,-0.01229746,-1.09257603,0.14486232,-1.01989996,-0.15464318,0.00122106,-0.12346704,
20542,-2.72802162,-5.51134539,0.05794388,6.00000000,-0.34643555,0.42861328,0.52255589,0.44686499,-0.34010094,0.07000000,0.00549451,-0.08506301,-0.20919079,0.19755214,-0.01229746,-3.17998981,3.46273303,0.41565347,-0.14109540,0.00122106,-0.22052111,
20550,-3.49177194,-4.20770264,-1.41209602,6.00000000,-0.30131835,0.35932618,-0.05378306,0.95251977,-0.13850510,0.07000000,0.00549451,-0.30959952,0.19321035,-0.23483735,-0.01229746,-5.29881954,6.26573181,0.96092033,0.14079332,0.00122106,-0.36740369,
20558,-5.29699993,1.54077566,0.87436664,6.00000000,0.26425782,-0.38349611,-0.23363554,1.80669010,-0.12718157,0.07000000,0.00549451,-0.30575693,0.23999999,-0.23999999,-0.01229746,-4.59021616,5.57283592,1.81324053,0.35209683,0.00122106,-0.24998972,
20566,-1.71647143,2.47690845,-0.36942112,6.00000000,0.32709962,-0.40444335,0.04202946,2.12018991,-0.06194031,0.07000000,0.00549451,0.00526831,0.23999999,-0.23999999,-0.01229746,-1.44164193,1.42244339,2.14214015,0.42880130,0.00122106,0.05773047,
20574,-3.16735768,0.60464275,5.41257620,6.00000000,0.35449219,-0.44633788,-0.30977622,2.17088223,0.00651017,0.07000000,0.00549451,-0.17896807,0.23999999,-0.23999999,-0.01229746,1.77150917,-1.21649444,2.18188596,0.59071857,0.00122106,0.28279600,
20582,2.91511178,0.18206614,13.75517178,6.00000000,0.35771483,-0.43344727,-0.42174932,1.42117798,0.38025954,0.07000000,0.00549451,-0.11535912,0.23999999,-0.23999999,-0.01229746,3.86590433,-3.43655324,1.41555691,-0.11953443,0.00122106,0.38232219,
20590,5.34642363,1.37677276,17.63736916,6.00000000,0.36899415,-0.43989259,-0.56892687,0.43850189,0.43526953,0.07000000,0.00549451,-0.07302468,-0.15516694,0.14373191,-0.01229746,5.15570259,-4.94451761,0.38327765,-0.29902983,0.00122106,0.41294116,
20597,3.44063902,0.06594737,19.83404922,5.00000000,-0.18530273,0.21914062,-0.51585943,-0.58753419,0.36182511,0.07000000,0.00549451,-0.05443372,0.01242042,-0.02141166,-0.01229746,4.01076651,-3.82227111,-0.57961524,-0.00780872,0.00122106,0.25249821,
20606,-6.49170685,1.99687099,20.53136063,6.00000000,0.01127930,-0.03061523,-0.18388869,-1.03619492,0.15787712,0.07000000,0.00549451,0.14796187,0.23999999,-0.23999999,-0.01229746,3.29343629,-3.75943899,-1.02716494,0.49136937,0.00122106,0.18974440,
20614,5.47331619,3.20474577,10.32188702,6.00000000,0.35610351,-0.41733399,0.45926705,-0.85808235,-0.01156872,0.07000000,0.00549451,0.36974096,-0.23999999,0.23999999,-0.01229746,3.05781674,-4.27954721,-0.85793310,-0.62777030,0.00122106,0.21462576,
20622,-0.63788360,0.09108648,3.40264368,6.00000000,-0.33354491,0.38994139,0.87143302,-1.49531734,-0.14722838,0.07000000,0.00549451,0.37720424,-0.23999999,0.23999999,-0.01229746,1.97571266,-3.19046187,-1.50024867,-0.40304545,0.00122106,0.08350839,
20630,-5.87879133,-5.13306141,11.04014683,6.00000000,-0.35126954,0.43183595,0.46706200,-1.43890309,-0.07486743,0.07000000,0.00549451,0.25493243,-0.15973933,0.19328940,-0.01229746,-0.49567351,-0.33510324,-1.45585525,0.07785290,0.00122106,-0.11703373,
20638,-6.72633839,-3.36733794,3.70191884,6.00000000,-0.24008790,0.34160155,0.08508139,-0.11398456,-0.09954476,0.07000000,0.00549451,-0.18606144,0.23999999,-0.23999999,-0.01229746,-1.66329885,2.26892805,-0.13401306,0.43245670,0.00122106,-0.15994793,
20646,-3.95624709,-2.20974135,-1.13556564,6.00000000,0.33193359,-0.38833007,0.01619355,0.61882263,0.04208811,0.07000000,0.00549451,-0.26284197,0.23999999,-0.23999999,-0.01229746,-0.70685834,1.56381500,0.61984849,0.43180472,0.00122106,-0.03970647,
20654,-4.71042061,0.36163127,-2.44639111,6.00000000,0.33676758,-0.41411132,-0.08882520,0.97820991,-0.01846765,0.07000000,0.00549451,-0.00424832,0.23999999,-0.23999999,-0.01229746,2.19213343,-2.17817092,0.98737395,0.72346401,0.00122106,0.23869577,
20662,-1.86610901,1.92504501,3.24223208,6.00000000,0.36093751,-0.42700195,0.00016904,1.02596807,0.06672223,0.07000000,0.00549451,0.06524862,0.23999999,-0.23999999,-0.01229746,4.72635126,-4.97767925,1.02711463,0.49190152,0.00122106,0.44855529,
20669,0.88123739,-2.25403404,10.25484848,5.00000000,0.36416015,-0.42700195,-0.28367841,0.44612494,0.24456786,0.07000000,0.00549451,-0.02319641,0.23999999,-0.23999999,-0.01229746,6.85565329,-6.80678415,0.44519717,0.13469142,0.00122106,0.55337089,
20678,3.55556059,0.68125719,16.45104218,6.00000000,0.35610351,-0.45117188,-0.58097136,-0.36175713,0.45951226,0.07000000,0.00549451,0.01148621,0.06917506,-0.06990507,-0.01229746,8.50324440,-8.54338646,-0.32386354,-0.11919053,0.00122106,0.62361395,
20686,5.60499716,-0.51943493,20.34042358,6.00000000,0.12246094,-0.13212891,-0.75816625,-1.51997280,0.44980612,0.07000000,0.00549451,0.08919460,-0.23999999,0.23999999,-0.01229746,8.59225559,-8.87499905,-1.52470636,-0.22064412,0.00122106,0.55084229,
20694,2.21001935,2.43022156,20.53136063,6.00000000,-0.32548827,0.39799803,-0.49810392,-2.41897511,0.31570175,0.07000000,0.00549451,0.01878002,-0.23738061,0.23735765,-0.01229746,6.56767368,-6.62876034,-2.39204264,0.01012082,0.00122106,0.32352120,
20702,-4.43987608,1.32290328,20.53136063,6.00000000,-0.33999023,0.41411132,-0.01710885,-2.26921487,0.08065331,0.07000000,0.00549451,0.12162121,-0.04873893,0.06322864,-0.01229746,3.72104192,-4.11723137,-2.22971702,0.18337089,0.00122106,0.12888823,
20710,-1.30107749,2.32966518,10.32906914,6.00000000,-0.07250977,0.11762695,0.65600884,-1.26782751,-0.15863991,0.07000000,0.00549451,0.10776953,-0.23999999,0.23999999,-0.01229746,1.69296932,-2.04028988,-1.26440227,-0.18731910,0.00122106,0.04759958,
20718,-3.36847067,-2.26121664,-0.11084734,6.00000000,-0.33676758,0.41572267,1.04177713,-0.79304469,-0.31746662,0.07000000,0.00549451,0.26542762,-0.04231861,0.07752311,-0.01229746,-0.72780234,-0.12217305,-0.81404209,0.07259677,0.00122106,-0.08495660,
20726,-6.08708668,-3.44634652,0.13934673,6.00000000,-0.07734375,0.14663085,0.55824018,-0.11221073,-0.39870936,0.07000000,0.00549451,-0.02166152,0.23999999,-0.23999999,-0.01229746,-1.72613060,1.77674520,-0.13145202,0.26799557,0.00122106,-0.14000532,
20734,-4.46621227,-4.40283012,-3.67701077,6.00000000,0.32387695,-0.40927735,0.59030175,0.60144812,-0.23349641,0.07000000,0.00549451,-0.38027981,0.23999999,-0.23999999,-0.01229746,0.51836282,0.66846108,0.59859985,0.50463855,0.00122106,0.03823751,
20741,-1.06405151,-1.62555611,-5.67856359,5.00000000,0.33515626,-0.41249999,-0.00095454,0.65545410,-0.10378540,0.07000000,0.00549451,-0.24883668,0.23999999,-0.23999999,-0.01229746,3.30565357,-2.51676464,0.67394888,0.42670697,0.00122106,0.27446786,
20750,-4.57514811,1.06911790,5.03309488,6.00000000,0.34321290,-0.43344727,-0.43241456,0.81522709,0.01650723,0.07000000,0.00549451,-0.28974721,0.23999999,-0.23999999,-0.01229746,6.74220657,-5.78053093,0.81648046,0.61184835,0.00122106,0.53957564,
20758,3.05397534,-0.22015974,9.12119484,6.00000000,0.35771483,-0.42861328,-0.73359901,0.39403898,0.40495747,0.07000000,0.00549451,-0.29373950,0.15823254,-0.20032436,-0.01229746,9.10363674,-8.03026009,0.39802420,-0.14912122,0.00122106,0.68661135,
20766,4.01524734,2.35121298,12.72805882,6.00000000,0.24169922,-0.36738282,-1.11980450,-0.36110005,0.52330464,0.07000000,0.00549451,-0.08811751,-0.23999999,0.23999999,-0.01229746,9.81747723,-9.55044174,-0.36823645,-0.46605080,0.00122106,0.71403795,
20774,5.08425856,3.59380364,18.91108513,6.00000000,-0.32871094,0.40122071,-0.77757597,-1.42796659,0.40832257,0.07000000,0.00549451,0.11098789,-0.23999999,0.23999999,-0.01229746,7.61312628,-7.92903042,-1.40554512,-0.23071380,0.00122106,0.48452985,
20782,-4.20045567,-0.35303792,20.53136063,6.00000000,-0.34482422,0.42055663,-0.18211816,-1.72956669,0.11875743,0.07000000,0.00549451,-0.07956204,0.14896938,-0.16194959,-0.01229746,5.47160721,-5.21155310,-1.70911729,0.22681306,0.00122106,0.27193922,
20790,0.70286936,2.40029407,18.87876320,6.00000000,0.20625000,-0.26103514,0.53221488,-0.85850769,-0.12744832,0.07000000,0.00549451,0.40478703,-0.23999999,0.23999999,-0.01229746,3.66693687,-4.92008305,-0.84152716,-0.37383723,0.00122106,0.26523662,
20798,2.79659867,-0.66188997,1.42144179,6.00000000,-0.32548827,0.41733399,0.76584011,-0.78014547,-0.45573416,0.07000000,0.00549451,0.50705123,-0.23999999,0.23999999,-0.01229746,1.71565866,-3.37546659,-0.78822219,-0.67655182,0.00122106,0.13195589,
20806,-7.38953257,-3.16622496,9.53299713,6.00000000,-0.34804687,0.42377931,0.59097654,-0.67316276,-0.48563010,0.07000000,0.00549451,0.40686935,-0.23545627,0.23999999,-0.01229746,-0.58293998,-0.69464105,-0.68785244,-0.10166490,0.00122106,-0.04898390,
20813,-3.96582389,-4.15143871,1.22152591,5.00000000,-0.34160155,0.43344727,0.58740485,0.47845408,-0.40770197,0.07000000,0.00549451,-0.05226356,-0.10828094,0.10099874,-0.01229746,-2.49407530,2.66860843,0.45371175,-0.09208474,0.00122106,-0.16409484,
20822,-4.45902967,-3.57443643,-0.21140382,6.00000000,-0.15629883,0.18691406,0.20468330,1.12759554,-0.29828340,0.07000000,0.00549451,-0.21231411,0.23999999,-0.23999999,-0.01229746,-3.97236943,4.62337685,1.13383603,0.25850239,0.00122106,-0.24396276,
20830,-4.54043245,0.16530673,1.62135756,6.00000000,0.32387695,-0.40605468,-0.04869768,1.85569632,-0.24041416,0.07000000,0.00549451,-0.31538612,0.23999999,-0.23999999,-0.01229746,-2.11184835,3.12588477,1.86577475,0.42667675,0.00122106,-0.05925433,
20838,-1.46268606,0.85723102,0.57030302,6.00000000,0.33032227,-0.41088867,-0.01332302,1.99527121,-0.09129876,0.07000000,0.00549451,-0.12979215,0.23999999,-0.23999999,-0.01229746,1.37008345,-0.96865773,2.01722860,0.41399589,0.00122106,0.24590462,
20846,-2.57239866,1.79695523,6.52348566,6.00000000,0.36093751,-0.42539063,-0.54559249,1.97013772,0.01114248,0.07000000,0.00549451,-0.32932723,0.23999999,-0.23999999,-0.01229746,4.31619930,-3.19569802,1.96704698,0.47909382,0.00122106,0.43689248,
20854,2.26987433,0.72195864,11.69376373,6.00000000,0.36577147,-0.43989259,-0.43292326,1.34310305,0.27703738,0.07000000,0.00549451,-0.26774195,0.23999999,-0.23999999,-0.01229746,6.25351429,-5.38259554,1.33926904,-0.04185677,0.00122106,0.54360509,
20862,4.61140347,1.32050908,16.91910934,6.00000000,0.36416015,-0.43022460,-0.50132817,0.32400134,0.29155970,0.07000000,0.00549451,-0.02441649,-0.08733296,0.08207271,-0.01229746,7.52760506,-7.43335724,0.30708945,-0.30029416,0.00122106,0.59472281,
20870,5.15129614,0.28860813,19.07868004,6.00000000,-0.10634766,0.12729493,-0.22065981,-0.75979131,0.10921899,0.07000000,0.00549451,0.19581388,-0.12144320,0.14592993,-0.01229746,6.72126293,-7.35481739,-0.76616895,-0.16562873,0.00122106,0.47817236,
20878,-0.53134161,0.36402547,20.53136063,6.00000000,-0.17724609,0.24975586,0.04480970,-1.31144965,-0.03239113,0.07000000,0.00549451,0.06114875,-0.09066711,0.09695768,-0.01229746,5.23249674,-5.42448330,-1.29926324,-0.01591957,0.00122106,0.30630994,
20885,-0.98623991,0.43465441,19.25824356,5.00000000,-0.12407227,0.17563477,0.30260113,-0.99142534,-0.12634142,0.07000000,0.00549451,0.16565773,-0.15468517,0.17559700,-0.01229746,3.30390835,-3.85543227,-0.97365427,-0.07393089,0.00122106,0.19856456,
20894,-1.26396728,-0.01784969,8.12999535,6.00000000,-0.22236328,0.29970703,0.40097386,-0.63973743,-0.24956985,0.07000000,0.00549451,0.04695526,-0.12426011,0.12945010,-0.01229746,1.50272846,-1.65457213,-0.64205891,-0.04689986,0.00122106,0.07131214,
20902,-5.22876549,-3.13150907,3.53312755,6.00000000,-0.18208008,0.22719726,0.52435738,0.03759793,-0.32415944,0.07000000,0.00549451,-0.25818425,0.23999999,-0.23999999,-0.01229746,0.42062435,0.41015238,0.02982420,0.33712032,0.00122106,0.00488972,
20910,-4.59789324,-2.79033518,-0.78840643,6.00000000,0.33032227,-0.41411132,0.64692533,0.80801779,-0.25330919,0.07000000,0.00549451,-0.37762952,0.23999999,-0.23999999,-0.01229746,1.46607661,-0.25132740,0.81361294,0.61123419,0.00122106,0.12876187,
20918,-2.31861305,-4.23643303,-4.53413486,6.00000000,0.33515626,-0.41411132,0.54827726,1.07569015,-0.16782035,0.07000000,0.00549451,-0.12546015,0.23999999,-0.23999999,-0.01229746,3.84670568,-3.44527984,1.10168636,0.71213675,0.00122106,0.35990691,
20926,-1.67816424,-1.24846935,-0.14316906,6.00000000,0.33999023,-0.42700195,-0.10615132,0.98407543,-0.13069491,0.07000000,0.00549451,-0.05442488,0.23999999,-0.23999999,-0.01229746,6.43502903,-6.26224136,1.00005257,0.49787802,0.00122106,0.56025022,
20934,0.02052189,-0.52542043,5.71304846,6.00000000,0.34804687,-0.43022460,-0.49214384,0.70664793,0.11996242,0.07000000,0.00549451,-0.11396113,0.23999999,-0.23999999,-0.01229746,8.95004845,-8.45612049,0.67565209,0.23543951,0.00122106,0.71193618,
20942,2.20403385,2.11298990,11.92959309,6.00000000,0.34965819,-0.43022460,-0.81005907,0.11058975,0.32041636,0.07000000,0.00549451,-0.20138925,0.23999999,-0.23999999,-0.01229746,10.77042675,-10.24333763,0.18575343,-0.05106941,0.00122106,0.81343806,
20950,5.28776550,2.41705346,16.59110451,6.00000000,0.36254883,-0.43022460,-0.71261019,-0.89441061,0.38508126,0.07000000,0.00549451,0.00578591,-0.23999999,0.23999999,-0.01229746,11.97295856,-11.96772289,-0.89947546,-0.38295299,0.00122106,0.84662783,
20957,5.49965239,3.02877188,19.87834358,5.00000000,-0.31743163,0.39799803,-0.35086253,-2.02306199,0.26491034,0.07000000,0.00549451,0.00546035,-0.20473471,0.20232359,-0.01229746,10.62905502,-10.65174389,-2.01135063,-0.11895990,0.00122106,0.65862435,
20966,-2.37008858,-0.01545549,20.53136063,6.00000000,-0.29648438,0.35771483,-0.11300258,-2.41807294,0.05411087,0.07000000,0.00549451,0.07520072,-0.21200928,0.21951789,-0.01229746,7.37750673,-7.66374063,-2.38707066,0.00363189,0.00122106,0.39138097,
20974,-1.18495870,3.30290818,16.85925484,6.00000000,-0.29970703,0.37705079,0.30500561,-1.65762961,-0.20259672,0.07000000,0.00549451,0.10655614,-0.23999999,0.23999999,-0.01229746,4.22369671,-4.57625341,-1.62956119,-0.11498736,0.00122106,0.20832053,
20982,-3.11468530,-0.51105523,9.06852150,6.00000000,-0.34804687,0.41894531,0.71016645,-0.98809034,-0.39309695,0.07000000,0.00549451,-0.05085056,-0.13974610,0.13149731,-0.01229746,1.75580120,-1.61268425,-0.99130493,-0.00434829,0.00122106,0.05388264,
20990,-5.19404936,-2.72688890,1.94936323,6.00000000,-0.20463867,0.23847656,0.88744295,-0.11012641,-0.43895456,0.07000000,0.00549451,-0.11748805,0.23999999,-0.23999999,-0.01229746,-0.36651915,0.82030475,-0.11999416,0.35115346,0.00122106,-0.05303076,
20998,-3.43431115,-3.69175220,-3.95114684,6.00000000,0.33193359,-0.40605468,0.72103512,0.70212477,-0.34176624,0.07000000,0.00549451,-0.18778740,0.23999999,-0.23999999,-0.01229746,0.71558499,-0.09424778,0.70287746,0.45911759,0.00122106,0.08729267,
21006,-2.57239866,-2.91483378,-5.49420977,6.00000000,0.33676758,-0.43022460,0.29994681,0.84541774,-0.24488123,0.07000000,0.00549451,-0.08617398,0.23999999,-0.23999999,-0.01229746,3.69311690,-3.43306255,0.86423469,0.58692402,0.00122106,0.33994704,
21014,-3.09553170,-0.33268723,1.32567370,6.00000000,0.35449219,-0.42216796,-0.02517095,0.98857665,-0.09695596,0.07000000,0.00549451,-0.10922800,0.23999999,-0.23999999,-0.01229746,6.59385347,-6.30238390,0.98464131,0.60804832,0.00122106,0.56472754,
21022,0.39282024,-1.01982307,5.65079927,6.00000000,0.34804687,-0.43344727,-0.63668835,0.78784794,0.22812381,0.07000000,0.00549451,-0.09008027,0.23999999,-0.23999999,-0.01229746,9.02509689,-8.73537254,0.74263906,0.17956024,0.00122106,0.73361498,
21029,2.60386562,1.60781324,11.26400471,5.00000000,0.35449219,-0.43666992,-1.06451917,0.20266555,0.42683581,0.07000000,0.00549451,-0.10057183,0.23999999,-0.23999999,-0.01229746,10.76868153,-10.46673965,0.19459432,-0.08736418,0.00122106,0.82564640,
21038,6.44057369,2.77498651,16.37801933,6.00000000,0.35932618,-0.44956055,-0.94523603,-1.07309961,0.40220511,0.07000000,0.00549451,0.16083986,-0.23999999,0.23999999,-0.01229746,11.84729481,-12.38136578,-1.07610810,-0.44559878,0.00122106,0.84084684,
21046,6.68837357,2.09742761,20.07346916,6.00000000,-0.32065430,0.38671875,-0.26924863,-2.25195503,0.13189484,0.07000000,0.00549451,0.36850435,-0.23999999,0.23999999,-0.01229746,9.84889317,-11.07411385,-2.23237538,-0.16675982,0.00122106,0.62713021,
21054,-5.48255062,-0.53978568,20.53136063,6.00000000,-0.34804687,0.42216796,0.14024356,-2.46369290,-0.11437308,0.07000000,0.00549451,0.19733250,0.04906447,-0.02506372,-0.01229746,7.87492561,-8.54513168,-2.43161559,0.17642851,0.00122106,0.44241488,
21062,0.71723461,0.14136472,16.27506828,6.00000000,0.07895508,-0.04189453,0.55633187,-1.58048403,-0.29949826,0.07000000,0.00549451,0.21952584,-0.23999999,0.23999999,-0.01229746,5.84336233,-6.54498482,-1.56293869,-0.45177609,0.00122106,0.35097861,
21070,0.15220298,-1.40409243,3.42060018,6.00000000,-0.32709962,0.40122071,0.76402277,-1.36251462,-0.38261113,0.07000000,0.00549451,0.16479391,-0.23999999,0.23999999,-0.01229746,3.92350030,-4.45757103,-1.37748289,-0.34255123,0.00122106,0.21419497,
21078,-6.43424606,-5.28629065,4.84514999,6.00000000,-0.35288087,0.42377931,0.32043648,-0.92764896,-0.47460344,0.07000000,0.00549451,-0.03758301,0.23317626,-0.23952639,-0.01229746,1.27758098,-1.16413450,-0.94919282,0.27079520,0.00122106,0.02106676,
21086,-5.12581444,-1.30832446,1.16645932,6.00000000,0.32065430,-0.39960939,0.51129675,0.09972224,-0.33014369,0.07000000,0.00549451,-0.26335022,0.23999999,-0.23999999,-0.01229746,1.98443925,-1.08908546,0.10836446,0.41945061,0.00122106,0.12390088,
21094,-1.03053260,-2.82026267,-6.45069361,6.00000000,0.34160155,-0.42700195,0.47354826,0.39736629,-0.27123347,0.07000000,0.00549451,-0.10791497,0.23999999,-0.23999999,-0.01229746,4.57276249,-4.23591423,0.40515533,0.46990854,0.00122106,0.36317632,
21101,-3.22122717,1.28339899,1.34482729,5.00000000,0.34482422,-0.43505859,0.09816684,0.46105435,-0.21987584,0.07000000,0.00549451,-0.07265288,0.23999999,-0.23999999,-0.01229746,7.55727577,-7.34958172,0.46559143,0.59717733,0.00122106,0.59973818,
21110,2.26748013,-0.89053619,3.19554520,6.00000000,0.35288087,-0.43183595,-0.32701564,0.24505624,0.08885277,0.07000000,0.00549451,-0.21731028,0.23999999,-0.23999999,-0.01229746,10.28173447,-9.55916882,0.21402371,0.02990764,0.00122106,0.77339113,
21118,2.46500182,2.88631701,10.81030369,6.00000000,0.36577147,-0.43022460,-0.77205586,-0.45691362,0.43576008,0.07000000,0.00549451,-0.30403179,0.08056995,-0.12485710,-0.01229746,12.31678867,-11.32369614,-0.46195602,-0.15388629,0.00122106,0.86295140,
21126,7.52155590,0.87518752,14.11430168,6.00000000,0.12729493,-0.23686524,-0.74273056,-1.51376319,0.52242053,0.07000000,0.00549451,-0.10277630,-0.23999999,0.23999999,-0.01229746,12.90321922,-12.55589867,-1.51217675,-0.70417732,0.00122106,0.84584069,
21134,4.99447584,2.91145611,18.60103607,6.00000000,-0.34160155,0.38994139,-0.47615853,-2.56094742,0.34663662,0.07000000,0.00549451,0.07749008,-0.23999999,0.23999999,-0.01229746,10.53306198,-10.77566338,-2.54437947,-0.20481920,0.00122106,0.61718142,
21142,-2.27551746,1.75146532,20.53136063,6.00000000,-0.34160155,0.42216796,0.15037905,-2.61318064,0.15319830,0.07000000,0.00549451,-0.20128156,-0.23999999,0.22590402,-0.01229746,8.60098267,-7.93252134,-2.57191730,-0.00475976,0.00122106,0.43244392,
21150,0.85609829,-0.81272465,16.30739021,6.00000000,-0.34643555,0.39960939,0.73101431,-1.75749850,0.00024273,0.07000000,0.00549451,-0.20580283,-0.23999999,0.23999999,-0.01229746,5.42099285,-4.77696657,-1.73413372,-0.23153235,0.00122106,0.25647783,
21158,-4.41473675,-1.80153000,11.44117546,6.00000000,-0.34482422,0.42055663,0.70165551,-1.06471658,-0.07202369,0.07000000,0.00549451,-0.46683103,0.23999999,-0.23999999,-0.01229746,3.17126322,-1.71042264,-1.05913377,0.32332301,0.00122106,0.10655782,
21166,-3.63662124,-4.75358057,3.81085515,6.00000000,0.32226563,-0.40605468,0.51043046,-0.06842565,0.01019033,0.07000000,0.00549451,-0.55901039,0.23999999,-0.23999999,-0.01229746,3.35277748,-1.58824956,-0.05814886,0.45442933,0.00122106,0.18242925,
21173,-1.96786261,-3.56246519,-4.58561039,5.00000000,0.34160155,-0.43183595,0.34390807,0.24867667,0.01916802,0.07000000,0.00549451,-0.34159768,0.23999999,-0.23999999,-0.01229746,5.70548105,-4.62337685,0.26284799,0.61919409,0.00122106,0.41349253,
21182,-1.34417307,-0.72054791,-1.19542074,6.00000000,0.33837891,-0.42700195,-0.06403536,0.06907690,0.01245976,0.07000000,0.00549451,-0.21225239,0.23999999,-0.23999999,-0.01229746,8.40201473,-7.72482729,0.07463810,0.46614563,0.00122106,0.61503398,
21190,1.04045177,-0.04059461,0.47453499,6.00000000,0.35288087,-0.43022460,-0.19437979,-0.19280636,0.08766390,0.07000000,0.00549451,-0.07264662,0.23999999,-0.23999999,-0.01229746,10.68315983,-10.45801353,-0.19183117,0.15464145,0.00122106,0.79364413,
21198,3.13178706,3.39747906,6.37145376,6.00000000,0.34482422,-0.44956055,-0.37754354,-0.70481986,0.22769624,0.07000000,0.00549451,-0.00867726,0.14591375,-0.15021393,-0.01229746,12.69727039,-12.68156147,-0.70680392,-0.10628669,0.00122106,0.91228271,
21206,6.94694757,2.59422445,11.25562477,6.00000000,0.23041992,-0.27392578,-0.29784650,-1.60509205,0.31919771,0.07000000,0.00549451,0.15610874,-0.23999999,0.23999999,-0.01229746,13.67814541,-14.12843990,-1.59299588,-0.45818466,0.00122106,0.93720508,
21214,8.92695236,1.10143960,15.57237053,6.00000000,-0.31582031,0.38349611,-0.14823280,-2.73035622,0.27784115,0.07000000,0.00549451,0.12960388,-0.23999999,0.23999999,-0.01229746,11.79668045,-12.22254086,-2.70925307,-0.61461723,0.00122106,0.70442152,
21222,-0.53493291,0.46937037,20.53136063,6.00000000,-0.35771483,0.41894531,-0.17721982,-3.07579565,0.13352662,0.07000000,0.00549451,-0.41203272,-0.23999999,0.23999999,-0.01229746,10.43881416,-9.15250683,-3.03884435,-0.02976990,0.00122106,0.51121259,
21230,1.64139640,0.07432707,17.22796059,6.00000000,-0.34321290,0.41411132,0.65786052,-2.24971104,0.17171177,0.07000000,0.00549451,-0.62789214,-0.23999999,0.23999999,-0.01229746,7.81034851,-5.73340654,-2.21887660,-0.17096101,0.00122106,0.34839284,
21238,-2.69689703,-1.74766040,11.47589207,6.00000000,-0.34965819,0.42055663,0.16801009,-1.49859381,0.07249769,0.07000000,0.00549451,-0.69530565,-0.13213700,0.03559548,-0.01229746,5.21155310,-2.91120934,-1.48412216,0.04862186,0.00122106,0.19847339,
21245,-1.68654394,-1.00186658,6.98796082,5.00000000,-0.20463867,0.06284180,0.41420344,-0.76758122,0.13076408,0.07000000,0.00549451,-0.73770201,0.14068827,-0.23999999,-0.01229746,3.33183336,-0.92327923,-0.76557463,0.18849674,0.00122106,0.10654135,
21254,-3.08236361,-2.15228057,2.20434570,6.00000000,0.20141602,-0.41249999,0.33191815,-0.17691740,0.09090811,0.07000000,0.00549451,-0.37098676,0.23999999,-0.23999999,-0.01229746,3.58141565,-2.40855432,-0.17037946,0.41909748,0.00122106,0.22171071,
21262,-1.30227458,-2.04454136,0.60262477,6.00000000,0.34643555,-0.43505859,0.38954291,0.05927749,0.06268638,0.07000000,0.00549451,-0.04833212,0.23999999,-0.23999999,-0.01229746,5.86081553,-5.71944427,0.06347056,0.48716998,0.00122106,0.44643715,
21270,-0.43078512,-1.69857931,3.24103498,6.00000000,0.35771483,-0.42539063,0.03116693,-0.03601050,0.12535220,0.07000000,0.00549451,0.26534989,0.23999999,-0.23999999,-0.01229746,8.19955635,-9.01811600,-0.03511316,0.30137634,0.00122106,0.65033096,
21278,3.75787067,1.28220189,6.02429438,6.00000000,0.35610351,-0.42700195,-0.33063960,-0.59423649,0.28603473,0.07000000,0.00549451,0.28845847,0.21231611,-0.17584702,-0.01229746,10.59938431,-11.51742840,-0.59172451,-0.05011103,0.00122106,0.79534185,
21286,7.36712980,1.75385952,7.73854303,6.00000000,0.31259766,-0.32226563,-0.33877906,-1.44016528,0.36596864,0.07000000,0.00549451,0.29022884,-0.23999999,0.23999999,-0.01229746,12.08815002,-13.03237343,-1.43574834,-0.37900215,0.00122106,0.84773368,
21294,8.92455769,2.24945927,11.32146549,6.00000000,-0.31420898,0.40283203,-0.15424104,-2.58246946,0.35361728,0.07000000,0.00549451,0.29879114,-0.23999999,0.23999999,-0.01229746,10.63429070,-11.59422207,-2.56725430,-0.57406223,0.00122106,0.64961255,
21302,2.01848316,1.10383379,20.53136063,6.00000000,-0.36416015,0.42216796,-0.09600430,-3.07826519,0.20887454,0.07000000,0.00549451,-0.15374729,-0.23999999,0.23999999,-0.01229746,9.33227539,-8.81740379,-3.03657031,-0.28928459,0.00122106,0.45871785,
21310,1.93947458,0.45859644,16.24274826,6.00000000,-0.34804687,0.42539063,0.80921543,-2.28539038,0.21168157,0.07000000,0.00549451,-0.57053393,-0.23999999,0.23999999,-0.01229746,7.15934086,-5.31801844,-2.25862169,-0.33847061,0.00122106,0.30279917,
21317,-0.14467803,-2.34860516,11.78115273,5.00000000,-0.35449219,0.42539063,0.36491090,-1.69377518,0.19167584,0.07000000,0.00549451,-0.84552026,-0.23999999,0.23999999,-0.01229746,5.10683346,-2.37539315,-1.67784405,-0.12692837,0.00122106,0.16156232,
21326,0.59513032,-2.86096430,7.97556877,6.00000000,-0.34482422,0.43022460,0.33724961,-0.96616518,0.30667424,0.07000000,0.00549451,-1.01284218,-0.23999999,0.18979074,-0.01229746,2.47313142,0.83950335,-0.94818354,-0.08124739,0.00122106,-0.00299911,
21334,-1.31424558,-0.45479152,6.87543344,6.00000000,-0.34804687,0.33354491,0.04526808,-0.34347019,0.33151698,0.07000000,0.00549451,-0.99971068,-0.23999999,0.14521453,-0.01229746,0.07679449,3.22013235,-0.34334844,-0.07467267,0.00122106,-0.15562373,
21342,-0.66421980,-0.01066709,6.30082464,6.00000000,-0.34643555,0.26103514,0.25886029,0.30268821,0.31819066,0.07000000,0.00549451,-0.82459784,-0.06036856,-0.05199935,-0.01229746,-1.89542758,4.60068798,0.30294532,0.01872729,0.00122106,-0.22409280,
21350,-0.26438811,0.73632383,9.09485817,6.00000000,-0.10312500,-0.06767578,0.30514970,0.87010205,0.30545110,0.07000000,0.00549451,-0.48612458,0.15549162,-0.22160572,-0.01229746,-2.50803804,4.04218245,0.86582619,0.07610387,0.00122106,-0.18456395,
21358,1.14938796,0.02165464,11.82544518,6.00000000,0.21269532,-0.37060547,0.16510431,1.07088017,0.33513239,0.07000000,0.00549451,0.07887039,0.19208093,-0.18163839,-0.01229746,-0.87091935,0.61435592,1.06770658,-0.01524239,0.00122106,0.02004451,
21366,2.59548593,-0.31353360,13.59595776,6.00000000,0.26264650,-0.29970703,0.11374930,0.96079856,0.41425249,0.07000000,0.00549451,0.41822585,0.21238521,-0.15639137,-0.01229746,2.15024567,-3.47495055,0.95543408,-0.08788833,0.00122106,0.28696167,
21374,7.31326008,1.55873215,8.68305588,6.00000000,0.32226563,-0.28520507,-0.13870198,0.55683589,0.44178641,0.07000000,0.00549451,0.40333241,-0.23999999,0.23999999,-0.01229746,3.83099771,-5.13824940,0.56205243,-0.42272979,0.00122106,0.38155055,
21382,7.94173813,0.64654130,8.39814568,6.00000000,-0.32871094,0.39960939,0.03131349,-0.68147492,0.41392991,0.07000000,0.00549451,0.32118931,-0.23999999,0.23999999,-0.01229746,2.59530449,-3.64250207,-0.67939097,-0.56858754,0.00122106,0.18476650,
21389,0.71484041,1.10143960,18.34485626,5.00000000,-0.34804687,0.43183595,-0.01689138,-0.92846620,0.28421411,0.07000000,0.00549451,-0.01264983,-0.23999999,0.23999999,-0.01229746,1.37182879,-1.34041297,-0.91819537,-0.18523085,0.00122106,0.03058441,
21398,0.99975038,0.79378468,11.06648350,6.00000000,-0.34965819,0.43989259,0.66063976,-0.20142390,0.22448041,0.07000000,0.00549451,0.00130002,-0.23999999,0.23999999,-0.01229746,-1.12399209,1.15889859,-0.20059931,-0.32618481,0.00122106,-0.10339357,
21406,0.38084924,-1.21973896,8.98472500,6.00000000,-0.36577147,0.41733399,0.45664394,0.39706400,0.16114257,0.07000000,0.00549451,-0.24858375,-0.23999999,0.23999999,-0.01229746,-2.56388855,3.42259073,0.39622217,-0.26995915,0.00122106,-0.19895905,
21414,1.31578505,-3.20453215,9.82149887,6.00000000,-0.35126954,0.43022460,0.29092041,0.92291462,0.25505540,0.07000000,0.00549451,-0.40549755,-0.23999999,0.23999999,-0.01229746,-4.24638605,5.63741350,0.92910600,-0.30643567,0.00122106,-0.30507690,
21422,0.61667812,-0.40331617,10.45476437,6.00000000,-0.35126954,0.42377931,-0.09700906,1.43353379,0.33743849,0.07000000,0.00549451,-0.63650829,-0.23999999,0.23999999,-0.01229746,-5.72817087,7.81383944,1.43313265,-0.34164253,0.00122106,-0.40599221,
21430,0.85370409,0.83209193,11.49624252,6.00000000,-0.35932618,0.43344727,-0.17585877,1.95437813,0.31642899,0.07000000,0.00549451,-0.73324537,-0.23999999,0.23999999,-0.01229746,-7.13490582,9.47015572,1.94658518,-0.42115539,0.00122106,-0.48814994,
21438,1.90356147,2.46374035,13.35414314,6.00000000,-0.36254883,0.44311523,0.15778367,2.49013567,0.28111878,0.07000000,0.00549451,-0.89443278,-0.23999999,0.23999999,-0.01229746,-8.32172966,11.18930531,2.46614695,-0.37520331,0.00122106,-0.55294931,
21446,1.63062251,0.51725441,15.14021778,6.00000000,-0.36093751,0.44633788,0.36835739,2.91684413,0.26798838,0.07000000,0.00549451,-1.10037208,-0.16557762,0.01777309,-0.01229746,-9.29562283,12.89798355,2.89416504,-0.23807225,0.00122106,-0.62850696,
21454,1.98496437,-2.02658486,14.78348160,6.00000000,-0.24653320,0.05317383,0.28966537,3.32243419,0.29767841,0.07000000,0.00549451,-0.95744240,-0.05583900,-0.07233554,-0.01229746,-9.96757507,13.00270271,3.31679201,-0.22161430,0.00122106,-0.61729020,
21461,1.34092414,-1.00904918,13.61750507,5.00000000,-0.09990235,-0.10634766,0.26293904,3.49986959,0.32820016,0.07000000,0.00549451,-0.41606659,0.18916136,-0.23999999,-0.01229746,-9.73195553,11.03222561,3.48308825,-0.11843831,0.00122106,-0.53166562,
21470,0.83814180,-0.93123764,10.37814999,6.00000000,0.25781250,-0.39960939,0.08675856,3.52609444,0.31170607,0.07000000,0.00549451,0.11042315,0.23999999,-0.23999999,-0.01229746,-7.40194130,7.04414892,3.52019334,-0.07318992,0.00122106,-0.28455019,
21478,3.86441278,-0.49190164,2.03794861,6.00000000,0.32871094,-0.40444335,0.15143350,3.07990408,0.28469935,0.07000000,0.00549451,0.58410454,0.18855165,-0.10816820,-0.01229746,-5.05970955,3.17649913,3.11132598,-0.26765871,0.00122106,-0.07243769,
21486,4.14692831,0.65132970,1.07308543,6.00000000,0.27231446,-0.18852539,0.04244930,2.19445419,0.25354603,0.07000000,0.00549451,0.69765025,0.07651918,0.01862093,-0.01229746,-2.59006858,0.35604715,2.23050952,-0.28657505,0.00122106,0.05860357,
21494,4.61738920,0.66569489,2.51918316,6.00000000,0.11118164,0.02255859,-0.00225960,1.43169546,0.25148880,0.07000000,0.00549451,0.32062709,-0.13931873,0.18275394,-0.01229746,-1.08734012,0.05061455,1.45536470,-0.33034721,0.00122106,0.06554665,
21502,5.15009880,0.19762845,4.13167810,6.00000000,-0.19497070,0.30937499,0.08435240,0.79615748,0.28912139,0.07000000,0.00549451,-0.12279081,-0.23999999,0.23999999,-0.01229746,-1.46607661,1.90240884,0.80675501,-0.52800542,0.00122106,-0.06553653,
21510,1.89518178,-1.18143177,12.33421326,6.00000000,-0.33999023,0.43989259,-0.08342084,0.43002212,0.24564296,0.07000000,0.00549451,0.00482821,-0.23999999,0.23999999,-0.01229746,-3.34928679,3.34056020,0.42808470,-0.33485305,0.00122106,-0.22086704,
21518,1.55759943,2.80970240,13.46906471,6.00000000,-0.36899415,0.42539063,-0.41213629,0.76882505,0.08782163,0.07000000,0.00549451,-0.36321092,-0.23999999,0.23999999,-0.01229746,-4.32667112,5.45066309,0.76758599,-0.33925045,0.00122106,-0.31189770,
21526,2.20163965,-0.90011305,12.53652287,6.00000000,-0.35610351,0.43828124,0.34708539,1.35002410,0.05187767,0.07000000,0.00549451,-0.43304491,-0.23999999,0.23999999,-0.01229746,-6.13134146,7.56251144,1.34969592,-0.32835415,0.00122106,-0.41544795,
21533,1.20325756,-0.52182913,12.26119041,5.00000000,-0.36093751,0.42861328,0.13037233,1.64950621,-0.00891806,0.07000000,0.00549451,-0.54839087,-0.23999999,0.23999999,-0.01229746,-7.56251144,9.35496521,1.64611208,-0.28857633,0.00122106,-0.51611531,
21542,0.18811601,-1.49387503,10.82107735,6.00000000,-0.35932618,0.42377931,0.07246085,2.26291943,0.08942403,0.07000000,0.00549451,-0.79135084,-0.22866449,0.12257440,-0.01229746,-8.95353889,11.45285034,2.26775360,-0.23077136,0.00122106,-0.59858996,
21550,-1.24601078,-1.55971563,10.22851276,6.00000000,-0.33837891,0.22558594,-0.10346858,2.77512670,0.16742004,0.07000000,0.00549451,-0.82261682,-0.13940677,0.02945822,-0.01229746,-10.22064781,12.89798355,2.78272605,-0.20593005,0.00122106,-0.66977561,
21558,-0.54810101,0.26466611,8.36702061,6.00000000,-0.20786133,0.06928711,-0.01970384,3.17249417,0.20516403,0.07000000,0.00366300,-0.53070360,0.01126310,-0.08105290,-0.01229746,-11.02349949,12.72519493,3.17428732,-0.16192351,0.00122106,-0.66316700,
21566,-0.25720552,-1.04256797,7.63559246,6.00000000,0.01127930,-0.12246094,0.12153120,3.45601821,0.18960702,0.07000000,0.00366300,0.05572727,0.23999999,-0.23999999,-0.01229746,-11.18057919,10.99382973,3.46561599,-0.04523887,0.00122106,-0.58400863,
21574,1.03566337,-1.03299117,7.38180685,6.00000000,0.33515626,-0.41894531,-0.09199142,3.42860270,0.12738417,0.07000000,0.00549451,0.64346635,0.23999999,-0.23999999,-0.01229746,-9.62199974,7.54854918,3.43416429,-0.05901071,0.00122106,-0.39255452,
21582,4.56591368,1.05594981,4.55425453,6.00000000,0.34160155,-0.43022460,-0.17343350,2.69978952,0.09865806,0.07000000,0.00549451,0.85995811,0.23999999,-0.19291312,-0.01229746,-6.75093317,3.98807740,2.72755694,-0.10398579,0.00122106,-0.20128949,
21590,4.53718328,0.60464275,6.70305061,6.00000000,0.34482422,-0.33032227,-0.12447359,1.76569462,0.11326469,0.07000000,0.00549451,1.04450393,0.20888954,-0.06647635,-0.01229746,-4.18355417,0.81332338,1.77844405,-0.11472932,0.00122106,-0.05753553,
21598,5.32248163,0.41669792,8.08689880,6.00000000,0.29970703,-0.11762695,-0.13636789,0.74260068,0.15727517,0.07000000,0.00549451,0.72571325,0.00594202,0.09243126,-0.01229746,-1.79070783,-0.63529986,0.75027454,-0.14116350,0.00122106,0.01443134,
21605,5.68400621,-0.33747563,8.36821842,5.00000000,0.01450195,0.14824219,-0.28222430,-0.19289747,0.19214888,0.07000000,0.00549451,0.18946624,-0.23999999,0.23999999,-0.01229746,-0.94422311,0.32986721,-0.19223088,-0.18906701,0.00122106,-0.06355292,
21614,4.76463270,0.11383140,10.07648087,6.00000000,-0.33193359,0.42377931,-0.23540591,-0.91350222,0.15988554,0.07000000,0.00549451,0.03839119,-0.23999999,0.23999999,-0.01229746,-3.16777253,3.04036355,-0.91216528,-0.45004040,0.00122106,-0.30629084,
21622,-2.60472035,0.23234439,18.97453117,6.00000000,-0.35449219,0.43828124,-0.27278292,-0.98078209,-0.03963143,0.07000000,0.00549451,-0.08909589,-0.17121531,0.15880479,-0.01229746,-4.19751692,4.50644016,-0.97070831,0.11840206,0.00122106,-0.40802979,
21630,0.94947213,1.07749760,10.08486080,6.00000000,-0.24975586,0.29326171,0.32914391,-0.10468698,-0.12482653,0.07000000,0.00549451,-0.06035758,-0.23999999,0.23999999,-0.01229746,-5.86605167,6.06327391,-0.10925108,-0.29524171,0.00122106,-0.46361732,
21638,-2.01454949,-0.86659420,8.06295681,6.00000000,-0.35126954,0.43828124,0.19669807,0.38940677,-0.27109584,0.07000000,0.00549451,0.17773557,-0.06568468,0.09053640,-0.01229746,-7.82082033,7.22217226,0.38911903,0.05557057,0.00122106,-0.54345608,
21646,-3.12665629,-0.42007557,8.18266773,6.00000000,-0.11118164,0.15952149,-0.02191650,1.03033388,-0.25171295,0.07000000,0.00366300,-0.02967919,0.10719746,-0.11001083,-0.01229746,-8.32696629,8.41946793,1.03001380,0.11540796,0.00122106,-0.55563831,
21654,-1.88645971,-1.97271538,5.25815010,6.00000000,0.14663085,-0.16757813,-0.04490282,1.61213970,-0.17107195,0.07000000,0.00366300,-0.09387732,0.23999999,-0.23999999,-0.01229746,-7.16806746,7.44731998,1.63974738,0.13808040,0.00122106,-0.43234572,
21662,1.16854155,-0.85103190,1.04435503,6.00000000,0.33676758,-0.40444335,-0.32257661,1.55766940,-0.19261089,0.07000000,0.00549451,0.21562891,0.15290967,-0.12297159,-0.01229746,-5.41575623,4.68970013,1.57802665,-0.02356753,0.00122106,-0.26525465,
21670,3.09587407,0.39634719,4.34476185,6.00000000,0.22397462,-0.22075196,-0.26489159,0.94204676,-0.19217759,0.07000000,0.00549451,0.43433750,0.08389572,-0.02479497,-0.01229746,-3.17649913,1.77674520,0.95521605,-0.05294247,0.00122106,-0.12035978,
21677,4.36120939,0.70519924,9.15950203,5.00000000,0.12729493,-0.04995117,-0.32740873,0.26236859,-0.20449145,0.07000000,0.00549451,0.36460638,-0.15402770,0.20327315,-0.01229746,-2.24798417,1.06465089,0.26662779,-0.14258187,0.00122106,-0.10129095,
21686,6.64647532,1.11101639,11.78474426,6.00000000,-0.20786133,0.34965819,-0.30508569,-0.71074253,-0.16308786,0.07000000,0.00549451,0.10638905,-0.23999999,0.23999999,-0.01229746,-3.27598286,2.94087982,-0.70697820,-0.44955191,0.00122106,-0.29391754,
21694,-1.45789766,0.78540498,20.53136063,6.00000000,-0.36416015,0.42861328,-0.27993080,-1.05059123,-0.15350103,0.07000000,0.00549451,-0.06258804,-0.20310321,0.19420576,-0.01229746,-3.83448839,4.03345585,-1.04020154,0.09358683,0.00122106,-0.37961024,
21702,2.49133801,1.03679621,15.22162056,6.00000000,-0.30292970,0.33676758,-0.13361552,-0.28676379,-0.22953615,0.07000000,0.00549451,0.07710776,-0.23999999,0.23999999,-0.01229746,-6.15577650,5.90270376,-0.29357886,-0.51259989,0.00122106,-0.47700104,
21710,-1.41360497,0.90631217,12.08042812,6.00000000,-0.35932618,0.42539063,0.16390076,0.03179249,-0.41742644,0.07000000,0.00549451,0.05918707,-0.23999999,0.23999999,-0.01229746,-7.83129263,7.63406992,0.03324988,-0.04811385,0.00122106,-0.58634728,
21718,-2.14263940,-0.05256562,7.81036901,6.00000000,-0.35771483,0.43022460,0.35690928,0.59675008,-0.46723634,0.07000000,0.00549451,-0.18141344,-0.23722902,0.21363527,-0.01229746,-9.46666622,10.07578564,0.59650236,-0.02681490,0.00122106,-0.70164567,
21726,-3.02011418,-2.41444564,5.44010925,6.00000000,-0.33837891,0.38027343,0.27485889,1.33539641,-0.42913848,0.07000000,0.00549451,-0.23459592,0.06898230,-0.09922621,-0.01229746,-11.58375072,12.30631638,1.34155607,0.14008647,0.00122106,-0.81112957,
21734,-3.11707950,-2.05770946,4.20948982,6.00000000,0.08378907,-0.16435547,-0.11930497,1.99653924,-0.33440027,0.07000000,0.00549451,-0.12150846,0.19103408,-0.20570758,-0.01229746,-11.68323421,12.07593346,2.00925899,0.12090857,0.00122106,-0.75070173,
21742,-1.85653222,-0.08847864,2.27138329,6.00000000,0.26748046,-0.35126954,-0.14731166,2.37894487,-0.23587634,0.07000000,0.00549451,0.01913391,0.23999999,-0.23999999,-0.01229746,-9.12108994,9.05651379,2.42333364,0.26791912,0.00122106,-0.51071399,
21749,0.43471879,-0.00228738,2.57065845,5.00000000,0.33515626,-0.41733399,-0.20088467,2.18311834,-0.16485110,0.07000000,0.00549451,0.22833723,0.23999999,-0.23999999,-0.01229746,-6.84343624,6.06676435,2.20844889,0.18749915,0.00122106,-0.31863704,
21758,1.68928051,0.73033834,7.57813120,6.00000000,0.33676758,-0.43183595,-0.45848870,1.45780718,-0.05904704,0.07000000,0.00549451,0.45596701,0.23999999,-0.23999999,-0.01229746,-3.89732027,2.39110112,1.46781850,0.18906757,0.00122106,-0.12331639,
21766,4.76343536,1.04397881,12.17858982,6.00000000,0.34804687,-0.43183595,-0.49104637,0.40236253,0.04767212,0.07000000,0.00549451,0.51954323,0.15387088,-0.08371557,-0.01229746,-1.24965572,-0.45553094,0.40392470,0.02120706,0.00122106,0.00897837,
21774,6.77576208,1.24269748,14.67693901,6.00000000,0.23364258,-0.16596679,-0.38712242,-0.83268100,0.05859015,0.07000000,0.00549451,0.33785769,-0.23999999,0.23999999,-0.01229746,0.26354474,-1.37182879,-0.82853371,-0.16441759,0.00122106,-0.00083482,
21782,7.88188314,0.56035000,15.79981995,6.00000000,-0.32226563,0.39799803,-0.20945698,-2.01275229,0.02336281,0.07000000,0.00549451,0.17400944,-0.23999999,0.23999999,-0.01229746,-1.59348571,1.02450824,-2.00076199,-0.51404178,0.00122106,-0.25026268,
21790,-0.84857333,-0.91806954,20.53136063,6.00000000,-0.36416015,0.43505859,-0.12751262,-2.46611047,-0.07897246,0.07000000,0.00549451,0.20784238,-0.23999999,0.23999999,-0.01229746,-2.97927690,2.29510808,-2.43942547,-0.05581394,0.00122106,-0.38744003,
21798,1.46422553,0.81533247,12.21689701,6.00000000,-0.33999023,0.41894531,0.15659763,-1.52071893,-0.22311683,0.07000000,0.00549451,0.18624935,-0.23999999,0.23999999,-0.01229746,-5.57981777,4.95673513,-1.51180673,-0.38668641,0.00122106,-0.51679569,
21806,-4.64218569,-0.45239729,9.80593586,6.00000000,-0.36093751,0.42216796,0.34601611,-1.02829909,-0.37373462,0.07000000,0.00549451,0.16186060,-0.23999999,0.23999999,-0.01229746,-7.45255613,6.92197609,-1.03050137,0.11269844,0.00122106,-0.63024020,
21814,-2.48979855,-2.25523114,3.08421493,6.00000000,-0.35449219,0.42377931,0.48829231,-0.19639671,-0.35222530,0.07000000,0.00549451,-0.14016625,-0.23999999,0.23999999,-0.01229746,-9.29387856,9.74417305,-0.21111858,-0.00944018,0.00122106,-0.74228442,
21821,-3.27509665,-2.40247464,2.37313700,5.00000000,-0.35288087,0.43022460,0.24680309,0.41431451,-0.28783503,0.07000000,0.00549451,-0.33947685,-0.07736081,0.03252620,-0.01229746,-11.25737381,12.30631638,0.41484299,0.17096524,0.00122106,-0.86376995,
21830,-3.31340408,-2.06249785,2.58262968,6.00000000,-0.11762695,0.06606445,-0.06804420,1.24567950,-0.21514605,0.07000000,0.00549451,-0.34080791,0.02882075,-0.07338271,-0.01229746,-12.41801739,13.51233959,1.25545871,0.15263698,0.00122106,-0.89238095,
21838,-3.21883297,0.18086904,4.99239349,6.00000000,0.02739258,-0.11923828,-0.31850785,1.75085521,-0.12149529,0.07000000,0.00549451,-0.14283666,0.23999999,-0.23999999,-0.01229746,-11.46157742,11.91885376,1.75800300,0.20015629,0.00122106,-0.75667298,
21846,-2.29467106,1.63295233,8.55975437,6.00000000,0.33032227,-0.40283203,-0.39816552,2.07326174,-0.02559176,0.07000000,0.00549451,0.19679308,0.23999999,-0.23999999,-0.01229746,-8.88198090,8.19606590,2.07363510,0.26389545,0.00122106,-0.48963672,
21854,3.08510017,3.17242408,6.44447708,6.00000000,0.34965819,-0.42377931,-0.39256278,1.80916047,0.08537585,0.07000000,0.00549451,0.47737870,0.23999999,-0.23177963,-0.01229746,-6.23431635,4.71238899,1.82620966,0.04152639,0.00122106,-0.27787662,
21862,2.53084230,0.63576740,10.81030369,6.00000000,0.35771483,-0.39960939,-0.41893870,0.83698672,0.07431513,0.07000000,0.00549451,0.73941576,0.23999999,-0.23999999,-0.01229746,-3.84496045,1.44338727,0.83758003,0.15752530,0.00122106,-0.13306569,
21870,4.14573145,1.10263669,13.26316357,6.00000000,0.34804687,-0.42055663,-0.21956892,-0.25418386,0.09445724,0.07000000,0.00549451,0.84134024,0.06647661,0.04725972,-0.01229746,-1.43291533,-1.30725169,-0.24924737,0.03326793,0.00122106,-0.02334642,
21878,6.07665491,-0.90370435,14.29506397,6.00000000,0.10151367,0.05639648,-0.23212102,-1.28286242,0.00688452,0.07000000,0.00549451,0.63298333,-0.23999999,0.23999999,-0.01229746,-0.23212880,-1.83085036,-1.28577995,-0.08128347,0.00122106,-0.03708890,
21886,5.76540899,-2.32466292,15.65616798,6.00000000,-0.33676758,0.39960939,-0.13129592,-2.16350460,-0.05852661,0.07000000,0.00549451,0.13568598,-0.23999999,0.23999999,-0.01229746,-2.04727125,1.61093891,-2.16354322,-0.35331887,0.00122106,-0.31045833,
21893,-3.39720106,-0.93482894,20.53136063,5.00000000,-0.35449219,0.44794923,-0.14406264,-2.40756249,-0.17808905,0.07000000,0.00549451,0.06365135,-0.23999999,0.23999999,-0.01229746,-3.08225155,2.85535884,-2.37794113,0.14817166,0.00122106,-0.40717328,
21902,1.14819086,-0.27283219,10.93719673,6.00000000,-0.34482422,0.43183595,0.18178216,-1.43397498,-0.30394772,0.07000000,0.00549451,0.07169511,-0.23999999,0.23999999,-0.01229746,-5.81718206,5.56410933,-1.43440938,-0.35386157,0.00122106,-0.54284519,
21910,-4.37044382,-1.33825195,8.48074532,6.00000000,-0.34482422,0.44150391,0.32431579,-0.86765236,-0.42178211,0.07000000,0.00549451,-0.07952440,-0.21076244,0.20024268,-0.01229746,-7.57472897,7.74053526,-0.87340349,0.15373105,0.00122106,-0.64996451,
21918,-3.51691103,-2.11636758,4.03231859,6.00000000,-0.32226563,0.35771483,0.42696479,0.02438404,-0.39766520,0.07000000,0.00549451,-0.37324679,-0.03849313,-0.01143655,-0.01229746,-8.92910480,10.07054996,0.01947743,0.20566350,0.00122106,-0.72372979,
21926,-4.10827875,-2.74364829,3.20751619,6.00000000,-0.07573242,-0.00966797,0.34007776,0.82631928,-0.32488284,0.07000000,0.00549451,-0.40071303,0.23999999,-0.23999999,-0.01229746,-9.37765408,10.66745281,0.83514059,0.37323150,0.00122106,-0.69984633,
21934,-2.55923033,-1.57767212,0.62417257,6.00000000,0.32871094,-0.39638671,0.09572404,1.31331360,-0.20917697,0.07000000,0.00549451,-0.20726715,0.23999999,-0.23999999,-0.01229746,-7.58869123,8.25191689,1.32809412,0.34922001,0.00122106,-0.50221896,
21942,-0.43198222,0.34966028,0.09505400,6.00000000,0.34321290,-0.42216796,-0.29079893,1.30100048,-0.07551342,0.07000000,0.00549451,-0.02304339,0.23999999,-0.23999999,-0.01229746,-4.37728596,4.48375082,1.31926715,0.25323051,0.00122106,-0.23712581,
21950,2.40993524,1.89511752,5.66037607,6.00000000,0.33837891,-0.41733399,-0.53814083,0.75665307,0.09412255,0.07000000,0.00549451,0.13194594,0.14137805,-0.12371683,-0.01229746,-1.44862330,1.02625358,0.76493275,0.00175866,0.00122106,-0.03928852,
21958,4.62576866,1.98130870,10.09443760,6.00000000,0.20463867,-0.22558594,-0.53261542,-0.09887113,0.15341838,0.07000000,0.00549451,0.15418342,-0.17154416,0.19163799,-0.01229746,0.47996554,-0.97738439,-0.09638894,-0.14704116,0.00122106,0.04814461,
21965,4.91427040,2.26143026,14.88164330,5.00000000,-0.22880860,0.30937499,-0.43936920,-0.93238121,0.12548363,0.07000000,0.00549451,0.01595350,-0.23999999,0.23999999,-0.01229746,-0.58468533,0.53232545,-0.92736757,-0.24474661,0.00122106,-0.11319397,
21974,1.70244861,-1.09763467,20.53136063,6.00000000,-0.34160155,0.44150391,-0.21532504,-1.62043035,-0.00833744,0.07000000,0.00549451,0.03315892,-0.23999999,0.23999999,-0.01229746,-3.45924258,3.37546659,-1.60644317,-0.30446491,0.00122106,-0.38295549,
21982,-1.77034104,3.23826456,20.53136063,6.00000000,-0.35610351,0.44311523,-0.03875229,-1.40083158,-0.23778096,0.07000000,0.00549451,-0.02233315,-0.23999999,0.23999999,-0.01229746,-5.21329880,5.28485680,-1.39572310,-0.00994673,0.00122106,-0.50641894,
21990,0.80701715,-0.10044965,13.03571415,6.00000000,-0.34643555,0.44472656,0.40680760,-0.70236742,-0.42053041,0.07000000,0.00549451,0.04695881,-0.23999999,0.23999999,-0.01229746,-7.61836195,7.33910942,-0.66267198,-0.32044432,0.00122106,-0.62520844,
21998,-2.94709110,0.36043417,7.13759851,6.00000000,-0.36254883,0.42377931,0.56149960,-0.12356962,-0.57787514,0.07000000,0.00549451,-0.02671818,-0.23999999,0.23999999,-0.01229746,-9.60803795,9.68134117,-0.10133123,0.01414511,0.00122106,-0.74607235,
22006,-1.70090914,-1.70097351,1.18681002,6.00000000,-0.35126954,0.41733399,0.50250572,0.64157391,-0.48143989,0.07000000,0.00549451,-0.16258733,-0.23999999,0.23999999,-0.01229746,-11.80366135,12.36565781,0.64014268,-0.00144493,0.00122106,-0.86830020,
22014,-4.30340624,-2.35459065,1.58424747,6.00000000,-0.35288087,0.42539063,0.18112960,1.36612451,-0.45599031,0.07000000,0.00549451,-0.41234380,0.17199138,-0.22603613,-0.01229746,-13.57168007,14.95049000,1.37595916,0.27348685,0.00122106,-0.98201036,
22022,-4.29861784,-1.95595598,2.27617168,6.00000000,0.24169922,-0.35771483,0.08519366,2.20365644,-0.37177077,0.07000000,0.00549451,-0.31612456,0.23999999,-0.23999999,-0.01229746,-13.24879360,14.26806641,2.22194266,0.29861537,0.00122106,-0.87904125,
22030,-1.74280763,0.52683121,-0.66749924,6.00000000,0.32548827,-0.39799803,-0.10729353,2.34925652,-0.33224446,0.07000000,0.00549451,0.03129587,0.23999999,-0.23999999,-0.01229746,-10.15781593,10.04436970,2.37917900,0.34984729,0.00122106,-0.59111607,
22037,-1.80026853,0.62619054,4.22984028,5.00000000,0.33837891,-0.42216796,-0.32339400,2.20224500,-0.20998983,0.07000000,0.00549451,0.01667912,0.23999999,-0.23999999,-0.01229746,-6.87834263,6.82249212,2.22007847,0.46907637,0.00122106,-0.35384166,
22046,3.02285075,-0.06932503,9.97712135,6.00000000,0.34482422,-0.42377931,-0.52068007,1.48205340,0.09563720,0.07000000,0.00549451,0.14785391,0.16198009,-0.14155227,-0.01229746,-3.80307245,3.31612563,1.48581338,-0.03608146,0.00122106,-0.15811728,
22054,5.04595137,1.45937276,14.02451992,6.00000000,0.24492188,-0.25620118,-0.58173484,0.45122737,0.19752432,0.07000000,0.00549451,0.22559373,-0.12391013,0.15427187,-0.01229746,-1.87448359,1.15191734,0.44496930,-0.14170596,0.00122106,-0.08328291,
22062,5.17404127,1.43543077,16.88918114,6.00000000,-0.16113281,0.25297850,-0.48091611,-0.64829099,0.14511454,0.07000000,0.00549451,0.13209929,-0.23999999,0.23999999,-0.01229746,-2.58483267,2.15548158,-0.64866626,-0.19375607,0.00122106,-0.22979948,
22070,1.08354747,-0.29557708,20.53136063,6.00000000,-0.33354491,0.42377931,-0.14187412,-1.44220841,0.05253088,0.07000000,0.00549451,0.07883354,-0.23999999,0.23999999,-0.01229746,-4.88692188,4.63384914,-1.43257785,-0.19076452,0.00122106,-0.47225076,
22078,-2.42156386,2.22192597,20.53136063,6.00000000,-0.34321290,0.42055663,0.04576439,-1.15055966,-0.15787047,0.07000000,0.00549451,0.12925324,-0.23999999,0.23999999,-0.01229746,-6.89230490,6.43153811,-1.12677109,0.01662220,0.00122106,-0.59055698,
22086,-0.39846340,-0.22614524,11.78474426,6.00000000,-0.36254883,0.42861328,0.57087022,-0.55479538,-0.29267254,0.07000000,0.00549451,0.15094794,-0.23999999,0.23999999,-0.01229746,-9.40907001,8.88198090,-0.55392241,-0.27816394,0.00122106,-0.73896247,
22094,-4.59789324,-1.26044035,4.70269537,6.00000000,-0.35771483,0.42216796,0.60860056,0.14801003,-0.42650911,0.07000000,0.00549451,0.05523805,-0.20291628,0.21166739,-0.01229746,-11.38827324,11.21723175,0.14247745,0.09031302,0.00122106,-0.85170126,
22102,-3.41635466,-3.35536695,-0.49751091,6.00000000,-0.29809570,0.38349611,0.52479845,0.91806215,-0.34522173,0.07000000,0.00549451,-0.25169054,-0.04316604,0.01070565,-0.01229746,-12.97826767,13.81428146,0.91700739,0.15576333,0.00122106,-0.94831395,
22109,-3.68929362,-3.55288839,-2.18901443,5.00000000,-0.06445312,0.03867187,0.40471119,1.56500363,-0.28542194,0.07000000,0.00549451,-0.22021852,0.23999999,-0.23999999,-0.01229746,-14.07957172,14.78817463,1.58533394,0.35615569,0.00122106,-0.97737926,
22118,-3.91315150,-0.14354528,-0.59208190,6.00000000,0.32871094,-0.40444335,0.01932054,2.07079864,-0.25853980,0.07000000,0.00549451,-0.16132367,0.23999999,-0.23999999,-0.01229746,-11.75304794,12.28537273,2.09137535,0.47246611,0.00122106,-0.75853741,
22126,-2.92075491,-0.15671340,3.11055112,6.00000000,0.32871094,-0.41411132,-0.01364435,2.08462214,-0.06089299,0.07000000,0.00549451,0.05721702,0.23999999,-0.23999999,-0.01229746,-7.97091913,7.69864750,2.10220885,0.55795318,0.00122106,-0.43272811,
22134,0.09713634,0.51486021,6.75452614,6.00000000,0.34160155,-0.41894531,-0.56748003,1.83050907,0.14841373,0.07000000,0.00549451,0.13437751,0.23999999,-0.23999999,-0.01229746,-4.93928194,4.47851515,1.84132624,0.29934752,0.00122106,-0.21304186,
22142,1.20684886,1.23072648,11.61714935,6.00000000,0.35126954,-0.42055663,-0.97439373,1.09226882,0.35115936,0.07000000,0.00549451,0.21550144,0.23999999,-0.23999999,-0.01229746,-2.34223175,1.65457213,1.09058583,0.25881261,0.00122106,-0.06841257,
22150,4.57189941,2.92342710,17.01966667,6.00000000,0.36093751,-0.42700195,-0.75061893,-0.05233762,0.39804515,0.07000000,0.00549451,0.46290019,-0.03749693,0.09969699,-0.01229746,-0.36128318,-1.11701071,-0.05566454,-0.06206751,0.00122106,0.02268497,
22158,6.11137104,0.70400214,19.14691353,6.00000000,-0.02900391,0.15952149,-0.24354841,-1.21294069,0.15902843,0.07000000,0.00549451,0.53428018,-0.23999999,0.23999999,-0.01229746,-0.57246798,-1.13620937,-1.20815325,-0.17156473,0.00122106,-0.07090421,
22166,2.67449450,-2.22410655,20.53136063,6.00000000,-0.33676758,0.41733399,0.08473542,-1.92985189,-0.02929055,0.07000000,0.00549451,0.29120964,-0.23999999,0.23999999,-0.01229746,-3.49414921,2.51676464,-1.91940641,-0.31581157,0.00122106,-0.37250561,
22174,-5.05877686,0.35684288,20.53136063,6.00000000,-0.35126954,0.42700195,0.29372096,-2.02173090,-0.13111474,0.07000000,0.00549451,0.21434605,-0.23999999,0.23999999,-0.01229746,-5.24820518,4.53262043,-1.99208272,0.14985123,0.00122106,-0.52265120,
22181,-0.65943140,-3.09080768,12.86213493,5.00000000,-0.35449219,0.41733399,0.46678123,-1.24683118,-0.23135231,0.07000000,0.00549451,0.29663622,-0.23999999,0.23999999,-0.01229746,-7.75449753,6.82598305,-1.24856496,-0.29082370,0.00122106,-0.65029889,
22190,-5.66211605,-1.92243719,5.30842829,6.00000000,-0.34804687,0.42700195,0.47899094,-0.71615833,-0.30989760,0.07000000,0.00549451,0.05747354,-0.23999999,0.23999999,-0.01229746,-9.71973896,9.51029968,-0.72997427,0.10066548,0.00122106,-0.78825474,
22198,-4.57873964,-3.10038447,-0.87938607,6.00000000,-0.34804687,0.42539063,0.48687243,0.26391929,-0.26720944,0.07000000,0.00549451,-0.26524597,0.03370675,-0.06843343,-0.01229746,-11.62214756,12.41976261,0.26431298,0.27673489,0.00122106,-0.89575815,
22206,-3.23319817,-2.59640503,-2.95994735,6.00000000,0.04028320,-0.11923828,0.44998276,0.88348973,-0.23219609,0.07000000,0.00549451,-0.15397057,0.23999999,-0.23999999,-0.01229746,-12.82816982,13.30115414,0.89299589,0.37286860,0.00122106,-0.92712855,
22214,-4.51050472,1.30614388,-1.79875958,6.00000000,0.31582031,-0.40283203,0.32393181,1.31644654,-0.17360778,0.07000000,0.00549451,0.09713665,0.23999999,-0.23999999,-0.01229746,-10.25380898,9.98502827,1.32851493,0.64738560,0.00122106,-0.67394423,
22222,-1.61711204,0.08510098,0.59304798,6.00000000,0.33515626,-0.40605468,-0.12926953,1.53344464,-0.07083815,0.07000000,0.00549451,0.43471432,0.23999999,-0.23999999,-0.01229746,-6.70555496,5.36165190,1.55026674,0.51170421,0.00122106,-0.34362549,
22230,-0.67020530,1.94180441,6.01950598,6.00000000,0.34643555,-0.42216796,-0.75175124,1.29557395,0.19836625,0.07000000,0.00549451,0.10890964,0.23999999,-0.23999999,-0.01229746,-2.95658755,2.59704995,1.30822182,0.58256429,0.00122106,-0.11307554,
22238,3.74111128,-0.05495982,10.30393028,6.00000000,0.35610351,-0.41411132,-0.80909044,0.70782119,0.53375113,0.07000000,0.00549451,0.06996252,0.01911903,-0.01008436,-0.01229746,-0.31241393,0.11170107,0.70960331,-0.09994578,0.00122106,0.03312571,
22246,3.21438694,2.30572295,17.87559319,6.00000000,0.04511719,-0.03383789,-0.89452583,-0.45192334,0.57888955,0.07000000,0.00549451,0.14461866,0.03286758,-0.01410110,-0.01229746,0.04014257,-0.49916416,-0.45716941,0.06678361,0.00122106,-0.01547479,
22253,2.46380472,1.07749760,20.53136063,5.00000000,0.06606445,-0.02739258,-0.49231791,-1.25182462,0.41068891,0.07000000,0.00549451,0.14576028,-0.23999999,0.23999999,-0.01229746,-0.83950335,0.38222709,-1.24311852,-0.15322495,0.00122106,-0.14304876,
22262,3.64893460,2.88751411,20.53136063,6.00000000,-0.32709962,0.42700195,-0.08372514,-1.93165219,0.20827226,0.07000000,0.00549451,0.46576351,-0.23999999,0.23999999,-0.01229746,-3.56396222,2.05076194,-1.90631604,-0.26132590,0.00122106,-0.35913581,
22270,-5.11982918,0.23593569,20.53136063,6.00000000,-0.34160155,0.42055663,0.26975250,-1.75640929,-0.04805597,0.07000000,0.00549451,0.45900348,-0.23999999,0.23999999,-0.01229746,-5.33721685,3.87288547,-1.72605181,0.07124493,0.00122106,-0.48216322,
22278,-1.21368909,-0.05735402,9.22175121,6.00000000,-0.35449219,0.42216796,0.76246411,-1.07729995,-0.13603371,0.07000000,0.00549451,0.54916012,-0.23999999,0.23999999,-0.01229746,-8.18210316,6.46469927,-1.07819736,-0.37371367,0.00122106,-0.63754117,
22286,-6.10743713,-3.91201878,2.87951064,6.00000000,-0.34804687,0.42539063,0.61055726,-0.32932326,-0.29671431,0.07000000,0.00549451,0.38474500,-0.23999999,0.23999999,-0.01229746,-10.18050575,8.92735958,-0.35852104,-0.13613293,0.00122106,-0.75541174,
22294,-4.68528175,-4.75597477,-3.33224583,6.00000000,-0.34965819,0.43505859,0.63093889,0.58395576,-0.22380762,0.07000000,0.00549451,0.08069515,-0.23999999,0.23999999,-0.01229746,-12.32551575,12.04800797,0.56066072,-0.02930075,0.00122106,-0.88533258,
22302,-3.63183284,-3.47028852,-3.89608026,6.00000000,-0.36577147,0.41411132,0.13784961,1.26326203,-0.15892668,0.07000000,0.00549451,-0.10571069,0.03546780,-0.04771858,-0.01229746,-14.57524395,14.94700050,1.26954126,0.18601161,0.00122106,-1.02490127,
22310,-4.46980333,-0.28121188,0.59185088,6.00000000,0.02900391,-0.06284180,-0.05605850,1.96113408,-0.06132568,0.07000000,0.00549451,-0.10715851,0.23999999,-0.23999999,-0.01229746,-15.18087387,15.52819443,1.97522521,0.33319128,0.00122106,-1.01980817,
22318,-5.42987823,2.63851714,5.94049740,6.00000000,0.31743163,-0.41411132,-0.38531476,2.50907302,0.01308810,0.07000000,0.00549451,0.03167729,0.23999999,-0.23999999,-0.01229746,-12.33424187,12.35867596,2.55061388,0.63288069,0.00122106,-0.74880743,
22325,-3.88920951,2.91504741,8.04739475,5.00000000,0.32709962,-0.41894531,-0.52714729,2.81211066,0.16963482,0.07000000,0.00549451,0.34371048,0.23999999,-0.23999999,-0.01229746,-8.79122353,7.69341135,2.81568122,0.70086777,0.00122106,-0.41491753,
22334,-0.73484874,4.20432520,11.11197281,6.00000000,0.34643555,-0.42216796,-0.51877218,2.47089100,0.37822852,0.07000000,0.00549451,0.36079526,0.23999999,-0.23999999,-0.01229746,-5.55189228,4.40172052,2.47847438,0.43413532,0.00122106,-0.19356091,
22342,-1.78590333,-1.72611260,14.21964741,6.00000000,0.34482422,-0.41894531,-0.42209646,1.68861842,0.37220484,0.07000000,0.00549451,0.54258603,0.23999999,-0.23999999,-0.01229746,-3.20791531,1.44862330,1.66577649,0.46670991,0.00122106,-0.05254254,
22350,1.70364571,0.89194697,14.91396523,6.00000000,0.34482422,-0.42539063,-0.17378238,1.08603096,0.32019126,0.07000000,0.00549451,0.77450716,0.23999999,-0.23999999,-0.01229746,-0.90931654,-1.57079637,1.07854748,0.13850197,0.00122106,0.10396622,
22358,0.02531029,-3.09679317,17.21838379,6.00000000,0.35449219,-0.42861328,-0.07204819,0.25999135,0.10400760,0.07000000,0.00549451,0.83030760,0.23999999,-0.23999999,-0.01229746,0.73478359,-3.48367739,0.22615826,0.21757419,0.00122106,0.18405318,
22366,1.76469779,-2.05292106,17.05916977,6.00000000,0.35771483,-0.44472656,0.13935155,-0.68070018,0.10314725,0.07000000,0.00549451,1.07828259,0.11691343,0.02830542,-0.01229746,1.90939021,-5.40353966,-0.69863510,0.03382723,0.00122106,0.22984912,
22374,0.52928972,-2.36297035,15.30182648,6.00000000,0.18691406,0.01933594,0.00752984,-1.54504359,0.03394647,0.07000000,0.00549451,0.96662450,0.01360990,0.11613769,-0.01229746,2.25322008,-5.38259554,-1.56295025,0.09039427,0.00122106,0.17128882,
22382,-0.73844004,-0.66787547,13.48223305,6.00000000,0.03383789,0.18046875,-0.16329867,-2.05158734,0.06040684,0.07000000,0.00549451,0.39745015,-0.06913149,0.12155063,-0.01229746,1.47305787,-2.74365759,-2.04729414,0.17342009,0.00122106,-0.00125720,
22390,-0.17221135,0.20121977,11.71052361,6.00000000,-0.08862305,0.20625000,-0.07078905,-2.26420832,0.08647843,0.07000000,0.00549451,0.02358136,-0.23999999,0.23999999,-0.01229746,-0.02094395,-0.05585054,-2.25673819,0.02660447,0.00122106,-0.16914214,
22397,-5.36523485,-1.10721147,12.70890522,5.00000000,-0.34160155,0.42055663,-0.03318325,-2.02804637,-0.06341180,0.07000000,0.00549451,0.04796968,0.17369446,-0.16825829,-0.01229746,-1.51145506,1.36659288,-2.01766396,0.44578511,0.00122106,-0.26178318,
22406,-5.52564621,0.30895883,8.45321178,6.00000000,0.24492188,-0.27714843,0.12033902,-1.19788671,-0.21001713,0.07000000,0.00549451,0.05171179,0.23999999,-0.23999999,-0.01229746,-1.12748265,0.99134701,-1.19795036,0.37635478,0.00122106,-0.17155090,
22414,-2.15461040,-2.82864261,-2.52180839,6.00000000,0.34482422,-0.41249999,0.68390560,-0.87063920,-0.33899203,0.07000000,0.00549451,0.39271888,0.23999999,-0.23999999,-0.01229746,0.83775806,-2.09614038,-0.89228964,0.38121760,0.00122106,0.04687604,
22422,-1.86610901,-1.24846935,-1.02662945,6.00000000,0.34482422,-0.42055663,0.27347502,-0.94468832,-0.38903537,0.07000000,0.00549451,0.57159871,0.23999999,-0.23999999,-0.01229746,2.98974895,-4.81710863,-0.96304911,0.38932654,0.00122106,0.23215738,
22430,-0.22368668,-2.62752962,5.31800508,6.00000000,0.35449219,-0.42216796,-0.13456117,-1.19744337,-0.19702686,0.07000000,0.00549451,0.66900027,0.23999999,-0.23999999,-0.01229746,5.18537331,-7.33561850,-1.21833467,0.37242210,0.00122106,0.38621897,
22438,1.02728367,1.52042484,11.39807987,6.00000000,0.36416015,-0.43344727,-0.45149565,-1.68677592,-0.11083843,0.07000000,0.00549451,0.75092596,0.23999999,-0.23999999,-0.01229746,6.74046183,-9.19090366,-1.67649031,0.41909426,0.00122106,0.47765362,
22446,2.71399879,2.25424767,14.87326431,6.00000000,0.35932618,-0.44150391,-0.52516359,-2.48876405,-0.04521805,0.07000000,0.00549451,0.93417680,0.23999999,-0.23999999,-0.01229746,7.81034851,-10.85594749,-2.46344924,0.37432706,0.00122106,0.52812296,
22454,4.35761833,2.61218095,16.81615829,6.00000000,0.37543947,-0.44150391,-0.18555669,-3.46486807,-0.15276010,0.07000000,0.00549451,1.28474951,0.03960976,0.13171151,-0.01229746,8.71268368,-12.86482143,-3.41799855,0.20023711,0.00122106,0.56257194,
22462,3.86680698,0.91349477,17.36562729,6.00000000,0.06767578,0.20625000,0.10569502,-4.51945400,-0.32550722,0.07000000,0.00549451,1.10669506,-0.23999999,0.23999999,-0.01229746,8.46484661,-12.00961018,-4.46298504,0.05867246,0.00122106,0.44794497,
22469,0.03847840,-1.54415333,19.97171593,5.00000000,-0.32709962,0.38671875,0.24021666,-4.42671776,-0.32285547,0.07000000,0.00549451,0.14991260,-0.23999999,0.23999999,-0.01229746,7.19773769,-7.68293953,-4.36595535,-0.12014467,0.00122106,0.24371347,
22478,-5.55916500,-1.40050113,18.89791679,6.00000000,-0.34321290,0.42055663,0.35610449,-4.31819010,-0.26685318,0.07000000,0.00549451,-0.09258825,-0.23999999,0.23999999,-0.01229746,4.51167631,-4.22195148,-4.25899124,0.14909576,0.00122106,0.00615200,
22486,-4.18369627,-2.97588587,5.95246840,6.00000000,-0.34643555,0.42539063,0.26900524,-3.14414144,-0.32594311,0.07000000,0.00549451,-0.32066447,-0.23999999,0.23999999,-0.01229746,1.86575699,-0.85521132,-3.11333752,0.18550050,0.00122106,-0.13137539,
22494,-4.68767595,-1.10242307,-0.27006176,6.00000000,-0.35126954,0.42377931,0.29490137,-2.19902325,-0.27493379,0.07000000,0.00549451,-0.48344946,0.03146222,-0.09842767,-0.01229746,-0.74351025,2.31256127,-2.23302341,0.40254650,0.00122106,-0.28344411,
22502,-4.72837734,-1.29635346,-2.72770977,6.00000000,0.03383789,-0.14985351,0.34017724,-1.20494509,-0.25740626,0.07000000,0.00549451,-0.51572752,0.23999999,-0.23999999,-0.01229746,-1.44338727,3.11715817,-1.23060632,0.56257772,0.00122106,-0.26577935,
22510,-2.28748846,1.33008587,-4.17739916,6.00000000,0.34160155,-0.40444335,0.28712934,-0.80461425,-0.21444549,0.07000000,0.00549451,-0.18228757,0.23999999,-0.23999999,-0.01229746,0.35779250,0.23387411,-0.83205068,0.56454945,0.00122106,-0.06123242,
22518,-1.44472957,0.38796750,1.71114016,6.00000000,0.33837891,-0.41411132,-0.05041076,-0.75408620,-0.07298483,0.07000000,0.00549451,0.02371435,0.23999999,-0.23999999,-0.01229746,3.56919837,-3.63901138,-0.76433766,0.42344654,0.00122106,0.21311031,
22526,-0.03215055,0.30536753,5.96084833,6.00000000,0.34482422,-0.42216796,-0.60737413,-0.68582213,0.11166509,0.07000000,0.00549451,-0.30564204,0.23999999,-0.23999999,-0.01229746,6.70555496,-5.77005863,-0.69022864,0.27014363,0.00122106,0.42237309,
22534,3.76625037,1.62098134,10.77439022,6.00000000,0.36254883,-0.43666992,-0.60093099,-1.26203811,0.40927631,0.07000000,0.00549451,-0.19248483,-0.23999999,0.23999999,-0.01229746,8.51720715,-7.90634155,-1.26565886,-0.24648297,0.00122106,0.52652812,
22541,7.26178503,0.37958780,15.18211555,5.00000000,-0.31904298,0.39799803,-0.76658952,-2.37842679,0.33049089,0.07000000,0.00549451,-0.13483733,-0.23999999,0.23999999,-0.01229746,7.17330313,-6.77013206,-2.36407185,-0.59703368,0.00122106,0.35462648,
22550,-3.52768493,2.01243329,20.53136063,6.00000000,-0.34804687,0.42216796,-0.47356942,-2.58537483,0.13082017,0.07000000,0.00549451,-0.37360516,-0.12580159,0.07268444,-0.01229746,5.03527498,-3.81005383,-2.55887461,0.18850446,0.00122106,0.14284730,
22558,1.21044016,2.64569974,17.61342812,6.00000000,-0.17241211,0.14985351,0.35357040,-1.63874876,-0.00962999,0.07000000,0.00549451,0.01707491,-0.23999999,0.23999999,-0.01229746,1.91288078,-1.97396731,-1.62130320,-0.24204116,0.00122106,0.02432441,
22566,-0.62710965,0.28741103,9.56053066,6.00000000,-0.34482422,0.41249999,0.39350900,-0.98851758,-0.35782972,0.07000000,0.00549451,0.24305034,-0.23999999,0.23999999,-0.01229746,-0.60213858,-0.18325958,-0.98943245,-0.05788873,0.00122106,-0.08969562,
22574,-5.18926096,-2.71012950,7.64995766,6.00000000,-0.35932618,0.43344727,0.67758209,-0.33824158,-0.43821290,0.07000000,0.00549451,-0.02351722,-0.01189239,0.00823706,-0.01229746,-2.29510808,2.37539315,-0.34876162,0.08830818,0.00122106,-0.20228809,
22582,-3.44867635,-4.30945635,2.68917155,6.00000000,-0.02900391,0.02094727,0.53087521,0.57291692,-0.40433568,0.07000000,0.00549451,-0.18515398,0.23999999,-0.23999999,-0.01229746,-2.99847579,3.58665156,0.59820002,0.17117050,0.00122106,-0.20530692,
22590,-4.08433676,-3.83420730,0.15850034,6.00000000,0.32548827,-0.40605468,0.20906347,1.12798715,-0.31449443,0.07000000,0.00549451,-0.11124812,0.23999999,-0.23999999,-0.01229746,-0.91978854,1.28979838,1.14072061,0.46040210,0.00122106,0.00039504,
22598,-0.55887491,-1.27600265,-1.36301482,6.00000000,0.34482422,-0.41894531,-0.04923362,1.18208075,-0.21268955,0.07000000,0.00549451,0.02433417,0.23999999,-0.23999999,-0.01229746,1.97920334,-2.12930179,1.20201671,0.33134431,0.00122106,0.24870048,
22606,0.87764609,0.15213862,2.87591934,6.00000000,0.34643555,-0.42377931,-0.41868639,0.81597137,-0.09596527,0.07000000,0.00549451,0.09390736,0.23999999,-0.23999999,-0.01229746,4.34936047,-4.69493580,0.82837903,0.18150951,0.00122106,0.41197982,
22613,3.06714344,1.96574640,8.53581238,5.00000000,0.33999023,-0.42700195,-0.53318793,0.23061939,0.05246798,0.07000000,0.00549451,0.19938600,0.23999999,-0.23999999,-0.01229746,6.11563349,-6.75965977,0.23463613,-0.01534292,0.00122106,0.50836909,
22622,7.01757622,1.96215510,13.64743233,6.00000000,0.35610351,-0.43022460,-0.40509713,-0.91001791,0.12396199,0.07000000,0.00549451,0.28864065,-0.23999999,0.23999999,-0.01229746,7.69341135,-8.60621834,-0.90685600,-0.34786677,0.00122106,0.55459207,
22630,10.17792225,1.18164539,17.50927925,6.00000000,-0.31743163,0.39477539,-0.16057889,-2.17617917,0.06022927,0.07000000,0.00549451,0.24482581,-0.23999999,0.23999999,-0.01229746,6.06676435,-6.85565329,-2.15858603,-0.59959519,0.00122106,0.33095610,
22638,-0.79829508,-0.79476815,20.53136063,6.00000000,-0.34804687,0.42216796,-0.05254020,-2.47828054,-0.04469938,0.07000000,0.00549451,0.05273470,-0.23999999,0.23999999,-0.01229746,4.24289560,-4.42091894,-2.45024610,-0.06601870,0.00122106,0.14769684,
22646,2.11185718,0.22276758,16.80298996,6.00000000,-0.34321290,0.42377931,0.24870683,-1.39443862,-0.18019660,0.07000000,0.00549451,-0.02327729,-0.23999999,0.23999999,-0.01229746,0.93549645,-0.85521132,-1.37365127,-0.47332805,0.00122106,-0.04091085,
22654,-5.17968416,1.08587730,11.38251781,6.00000000,-0.35288087,0.43344727,0.30785176,-0.57968277,-0.30067506,0.07000000,0.00549451,-0.00287234,0.23999999,-0.23999999,-0.01229746,-1.06465089,0.97389370,-0.52432132,0.31753525,0.00122106,-0.12204027,
22662,-2.84773183,-0.77202320,0.89112610,6.00000000,0.33193359,-0.40283203,0.45470259,0.26357502,-0.36153513,0.07000000,0.00549451,-0.04199024,0.23999999,-0.23999999,-0.01229746,-0.32114059,0.45204026,0.25700980,0.18657938,0.00122106,-0.01013635,
22670,-1.07123411,-1.88173568,-6.91038036,6.00000000,0.33837891,-0.40927735,0.63317358,0.57695663,-0.32654864,0.07000000,0.00549451,0.26187396,0.23999999,-0.23999999,-0.01229746,2.29685330,-3.13635659,0.58286089,0.31121176,0.00122106,0.25020745,
22678,-1.01257610,-2.24206305,-3.90924835,6.00000000,0.34643555,-0.42216796,0.17057118,0.55904263,-0.31971249,0.07000000,0.00549451,0.29569891,0.23999999,-0.23999999,-0.01229746,4.99513245,-5.93761015,0.56477970,0.32646635,0.00122106,0.45415837,
22685,0.20966382,-2.75322509,0.88154924,5.00000000,0.35610351,-0.42055663,-0.07729477,0.26006395,-0.21141142,0.07000000,0.00549451,0.30434829,0.23999999,-0.23999999,-0.01229746,7.31467485,-8.33220196,0.25891522,0.26665735,0.00122106,0.61178112,
22694,2.74033499,0.41071242,6.01591492,6.00000000,0.35449219,-0.43022460,-0.51767027,-0.21392554,0.00938339,0.07000000,0.00549451,0.18411498,0.23999999,-0.23999999,-0.01229746,9.81224155,-10.39343548,-0.21186006,0.12862960,0.00122106,0.75044876,
22702,7.03074455,2.48409104,10.79115009,6.00000000,0.34804687,-0.43989259,-0.62324685,-1.02771950,0.21306825,0.07000000,0.00549451,0.17629510,-0.23990417,0.23999999,-0.01229746,11.52091789,-12.08815002,-1.02288640,-0.32791957,0.00122106,0.82307172,
22710,10.78604984,2.79414010,15.48258877,6.00000000,-0.31582031,0.39155275,-0.40977046,-2.14842367,0.25879079,0.07000000,0.00549451,-0.06244084,-0.23999999,0.23999999,-0.01229746,10.43357849,-10.24682808,-2.13005328,-0.65749669,0.00122106,0.62421894,
22718,7.24741983,-0.18783802,20.53136063,6.00000000,-0.33354491,0.41894531,-0.02659517,-2.67812419,0.20448910,0.07000000,0.00549451,0.00251420,-0.23999999,0.23999999,-0.01229746,6.02662182,-6.07723665,-2.72321129,-0.83953190,0.00122106,0.25632918,
22726,-1.08320510,0.35325158,20.53136063,6.00000000,-0.34965819,0.42700195,-0.20841384,-2.03503203,-0.11594903,0.07000000,0.00549451,-0.02261575,-0.10588723,0.10081465,-0.01229746,3.86590433,-3.80830836,-2.00947237,0.11780554,0.00122106,0.14107747,
22734,1.62822831,1.98490000,12.12831211,6.00000000,-0.15629883,0.17885742,0.38959554,-0.97310358,-0.20434174,0.07000000,0.00549451,-0.11258732,-0.23999999,0.23999999,-0.01229746,1.89542758,-1.52192700,-0.96977746,-0.40258080,0.00122106,0.05161395,
22742,-1.49381065,-1.73928070,3.18596840,6.00000000,-0.35288087,0.41733399,0.44307694,-0.30566040,-0.35373029,0.07000000,0.00549451,-0.19910306,0.00046555,-0.02835626,-0.01229746,0.01221730,0.63180918,-0.31467783,0.05290002,0.00122106,-0.04801733,
22750,-3.09912300,-1.62196481,1.91105604,6.00000000,-0.01772461,-0.04350586,0.18645070,0.31994632,-0.34843713,0.07000000,0.00549451,-0.29118526,0.23999999,-0.23999999,-0.01229746,-0.62133718,1.55857909,0.31863287,0.17275709,0.00122106,-0.05909909,
22757,-2.80104470,-1.90807188,-1.44441772,5.00000000,0.32871094,-0.40927735,0.24829163,0.84898728,-0.30974281,0.07000000,0.00549451,-0.28007305,0.23999999,-0.23999999,-0.01229746,1.17111588,-0.26529005,0.85739255,0.37855887,0.00122106,0.11836103,
22766,0.24557684,-1.56450403,-0.32273421,6.00000000,0.35126954,-0.42377931,0.02191392,0.80308986,-0.28707311,0.07000000,0.00549451,-0.18480301,0.23999999,-0.23999999,-0.01229746,3.95142531,-3.36150432,0.81904042,0.21894556,0.00122106,0.33830178,
22774,3.27783322,-1.78596759,3.31286120,6.00000000,0.35288087,-0.43183595,-0.26493594,0.33125305,-0.15149981,0.07000000,0.00549451,-0.15317746,0.07194175,-0.09447324,-0.01229746,6.35474396,-5.84510756,0.34116465,-0.14815961,0.00122106,0.48609835,
22782,5.65168428,0.76385719,8.19344139,6.00000000,0.11601563,-0.17885742,-0.50238478,-0.37555933,0.02844682,0.07000000,0.00549451,-0.19188501,-0.23999999,0.23999999,-0.01229746,7.47699022,-6.87136126,-0.37610039,-0.43236819,0.00122106,0.51858640,
22790,10.10250568,2.43740416,13.23323536,6.00000000,-0.33515626,0.40122071,-0.41169921,-1.17187428,0.11794504,0.07000000,0.00549451,-0.31152689,-0.23999999,0.23999999,-0.01229746,5.35816097,-4.37204981,-1.17026365,-0.99769759,0.00122106,0.28407258,
22798,-0.71210384,0.20241687,20.53136063,6.00000000,-0.34965819,0.42377931,-0.20535880,-1.07244313,0.04227310,0.07000000,0.00549451,-0.25331745,-0.08353017,0.04744167,-0.01229746,3.60061431,-2.77158284,-1.06269336,0.02126992,0.00122106,0.16156761,
22806,5.76062059,0.48134136,17.42907524,6.00000000,-0.12729493,0.08862305,0.07923032,0.14029872,-0.14903186,0.07000000,0.00549451,-0.16984892,-0.23999999,0.23999999,-0.01229746,1.37531948,-0.82728606,0.14680302,-0.78148699,0.00122106,0.09705451,
22814,2.67090321,0.11263430,9.74248981,6.00000000,-0.35449219,0.42216796,0.33110926,0.35416040,-0.32005090,0.07000000,0.00549451,-0.12160462,-0.22512351,0.20807816,-0.01229746,-0.68242371,1.08384943,0.35418528,-0.20015085,0.00122106,-0.04066604,
22822,-2.67894053,-1.76082850,10.34582901,6.00000000,-0.33999023,0.36899415,0.28426206,0.78021008,-0.37874636,0.07000000,0.00549451,-0.26941061,0.17922759,-0.21599346,-0.01229746,-2.11708450,2.98800373,0.78137898,0.07652098,0.00122106,-0.13225541,
22829,-1.76914394,-1.55013883,3.99520850,5.00000000,0.23686524,-0.35610351,0.21854883,1.53164375,-0.30954704,0.07000000,0.00549451,-0.16344169,0.23999999,-0.23999999,-0.01229746,-1.88670087,2.40680885,1.54049706,0.06671603,0.00122106,-0.04657301,
22838,-0.75998789,-1.04735637,-1.41449022,6.00000000,0.34804687,-0.41894531,0.03851796,1.73179889,-0.27492532,0.07000000,0.00366300,0.12451580,0.23999999,-0.23999999,-0.01229746,0.86219269,-1.26361835,1.75685668,0.22282441,0.00122106,0.21480855,
22846,1.80420220,-0.85582030,1.39031708,6.00000000,0.34804687,-0.42377931,-0.18258688,1.33895600,-0.23660362,0.07000000,0.00366300,0.31281430,0.23999999,-0.23999999,-0.01229746,3.03687286,-4.08232498,1.35881877,0.08510472,0.00122106,0.37830019,
22854,3.91588807,-0.50985813,4.49918795,6.00000000,0.36254883,-0.42539063,-0.13379242,0.73298442,-0.18882430,0.07000000,0.00549451,0.38021180,0.23160103,-0.18136854,-0.01229746,5.28311205,-6.51531410,0.74153775,-0.11418984,0.00122106,0.50401974,
22862,6.02637672,1.05235851,8.00070763,6.00000000,0.34804687,-0.33999023,-0.26554573,-0.08193043,-0.10920521,0.07000000,0.00549451,0.30865502,-0.09525642,0.13520911,-0.01229746,7.14886856,-8.13672543,-0.07713836,-0.26846522,0.00122106,0.57474858,
22870,9.31600952,0.88955277,11.74164772,6.00000000,-0.12407227,0.21752930,-0.16390121,-1.01527905,-0.00697480,0.07000000,0.00549451,-0.02144659,-0.23999999,0.23999999,-0.01229746,6.95164633,-6.89230490,-1.01157951,-0.63647008,0.00122106,0.44763547,
22878,7.95131493,0.14735022,18.17008018,6.00000000,-0.34321290,0.42861328,-0.00977349,-1.57094085,0.02022889,0.07000000,0.00549451,-0.24037009,-0.23999999,0.23999999,-0.01229746,4.10326910,-3.50636625,-1.48430514,-0.80043834,0.00122106,0.17399693,
22886,0.48140571,-0.23691915,20.53136063,6.00000000,-0.35449219,0.42377931,-0.16445200,-0.88637161,-0.12062912,0.07000000,0.00549451,-0.35751235,-0.23999999,0.21514744,-0.01229746,2.46964097,-1.32819557,-0.86896986,-0.10316187,0.00122106,0.07852463,
22894,0.81898814,1.02961349,12.60834885,6.00000000,-0.35288087,0.38671875,0.23350333,0.02899772,-0.07816239,0.07000000,0.00549451,-0.45829263,-0.23999999,0.23999999,-0.01229746,0.15707964,1.35786617,0.02908540,-0.21132982,0.00122106,-0.04152533,
22901,-1.17298770,-0.78040296,7.85107040,5.00000000,-0.34804687,0.41894531,0.16214636,0.69708604,-0.10262898,0.07000000,0.00549451,-0.62986374,-0.02669040,-0.05917456,-0.01229746,-1.56381500,3.61981273,0.69996572,-0.04316583,0.00122106,-0.13781789,
22910,-2.64183044,-2.23847175,5.03908062,6.00000000,-0.05478515,-0.09184571,0.22627269,1.47395122,-0.03279107,0.07000000,0.00549451,-0.57280457,0.23999999,-0.23999999,-0.01229746,-2.22878551,4.10152388,1.48874676,0.13654688,0.00122106,-0.12812179,
22918,-1.30945718,-1.31430995,2.59220648,6.00000000,0.31743163,-0.40766603,0.12377149,1.81809223,0.00986153,0.07000000,0.00549451,-0.45552772,0.23999999,-0.23999999,-0.01229746,-0.01047198,1.48876595,1.83842778,0.21506453,0.00122106,0.08733362,
22926,1.39239943,-1.49746633,0.05674678,6.00000000,0.34160155,-0.42539063,-0.01377661,1.68202376,0.05185834,0.07000000,0.00549451,-0.18961427,0.23999999,-0.23999999,-0.01229746,2.27940011,-1.64584553,1.71196771,0.09448835,0.00122106,0.27737942,
22934,3.54239249,0.74709773,4.20110989,6.00000000,0.34804687,-0.42055663,-0.26362124,1.02501285,0.12531675,0.07000000,0.00549451,-0.01154035,0.12749612,-0.13023409,-0.01229746,4.24813128,-4.21671581,1.03730285,-0.17494535,0.00122106,0.40249670,
22942,6.55669260,0.99250340,8.42328453,6.00000000,0.19013672,-0.23847656,-0.39206174,0.06673530,0.14771757,0.07000000,0.00366300,0.15140143,-0.23999999,0.23999999,-0.01229746,5.44891834,-5.95855379,0.09367543,-0.45260444,0.00122106,0.44020033,
22950,9.70147610,1.81970012,11.03535843,6.00000000,-0.31904298,0.39960939,-0.20933656,-1.03466380,0.14669535,0.07000000,0.00366300,0.11038915,-0.23999999,0.23999999,-0.01229746,3.49589443,-3.85892320,-1.03229558,-0.80419248,0.00122106,0.20419548,
22958,-2.53289413,1.67724514,20.53136063,6.00000000,-0.35771483,0.41733399,-0.10530106,-1.25870001,0.08526451,0.07000000,0.00366300,-0.24900103,0.21114478,-0.23999999,-0.01229746,2.43473434,-1.64584553,-1.24799883,0.29001647,0.00122106,0.06001803,
22966,1.73477030,-0.82828695,17.61701965,6.00000000,0.29165038,-0.40283203,0.41129160,-0.32952356,0.06874803,0.07000000,0.00366300,-0.26273370,-0.23999999,0.23999999,-0.01229746,2.66337252,-1.81165183,-0.31892240,-0.38847128,0.00122106,0.14471865,
22973,4.19122124,-0.49309874,4.26575327,5.00000000,-0.33032227,0.39155275,0.28333002,-0.41060069,-0.05380477,0.07000000,0.00366300,-0.06395181,-0.23999999,0.23999999,-0.01229746,1.43116999,-1.20776784,-0.41227069,-0.23761779,0.00122106,0.06704953,
22982,-3.42593145,-1.03418827,12.89325905,6.00000000,-0.36093751,0.43989259,0.11054859,-0.50359643,-0.06639189,0.07000000,0.00366300,-0.25726280,0.04885138,-0.08439023,-0.01229746,-0.33335790,1.16762531,-0.50212556,0.12933552,0.00122106,-0.09609011,
22990,0.75673890,-2.66224551,4.21308088,6.00000000,0.05478515,-0.14501953,0.12915257,0.54431027,-0.06632376,0.07000000,0.00366300,-0.30048904,-0.22213081,0.18111074,-0.01229746,-0.83252209,1.78896248,0.54448247,-0.20691977,0.00122106,-0.05942401,
22998,-0.98145151,-0.03580621,1.59023297,6.00000000,-0.31259766,0.31582031,0.07231072,0.89746666,-0.05767962,0.07000000,0.00366300,-0.26288846,0.23999999,-0.23999999,-0.01229746,-1.30376089,2.16769886,0.90406930,0.10845959,0.00122106,-0.06330314,
23006,-2.31502175,-0.82230145,8.51187038,6.00000000,0.32871094,-0.38671875,-0.07125378,1.29161143,-0.02013530,0.07000000,0.00366300,-0.07442462,0.23999999,-0.23999999,-0.01229746,-0.30368727,0.54628801,1.29469168,0.04539010,0.00122106,0.06291541,
23014,3.56394029,-0.00228738,2.97767282,6.00000000,0.34965819,-0.41733399,-0.00673386,1.47113848,-0.03484755,0.07000000,0.00549451,0.24753043,0.16402504,-0.13101372,-0.01229746,1.69122410,-2.48534870,1.42866015,-0.16808482,0.00122106,0.27030876,
23022,6.05271292,1.15650630,7.13759851,6.00000000,0.23847656,-0.23686524,-0.17578304,0.66191018,0.01071471,0.07000000,0.00549451,0.27343589,-0.19404757,0.23010921,-0.01229746,3.16777253,-4.05614519,0.66792691,-0.35223037,0.00122106,0.32581133,
23030,8.98561001,0.28022841,10.63193607,6.00000000,-0.25297850,0.37060547,-0.28285336,-0.21429519,0.06282786,0.07000000,0.00366300,0.04536566,-0.23999999,0.23999999,-0.01229746,1.80990636,-1.96873140,-0.21602964,-0.65331280,0.00122106,0.12308097,
23038,2.67569160,0.86920202,20.53136063,6.00000000,-0.36093751,0.42700195,-0.25460449,-0.50471139,0.04894088,0.07000000,0.00366300,-0.29712063,-0.23999999,0.23999999,-0.01229746,0.65449846,0.31415927,-0.50101924,-0.29468417,0.00122106,-0.02489891,
23045,2.48894382,1.21995258,15.88840580,5.00000000,-0.34965819,0.43022460,0.16102688,0.59767777,0.02317766,0.07000000,0.00366300,-0.47236922,-0.23999999,0.23999999,-0.01229746,-1.17460668,2.71398687,0.59850651,-0.40075713,0.00122106,-0.10465561,
23054,-0.06566937,0.07073577,12.17858982,6.00000000,-0.35610351,0.42216796,0.06662351,1.11679053,-0.10215686,0.07000000,0.00549451,-0.46176276,-0.18444963,0.12184332,-0.01229746,-3.24631238,4.69668102,1.11499035,-0.19223845,0.00122106,-0.21790096,
23062,-1.45550346,0.19164295,9.53180027,6.00000000,-0.27070314,0.21752930,0.30932412,1.80187809,-0.08262693,0.07000000,0.00549451,-0.60780489,0.20416591,-0.23999999,-0.01229746,-4.27256584,6.25875092,1.80126309,0.02606891,0.00122106,-0.26323506,
23070,-1.75238442,-2.88251209,6.65636396,6.00000000,0.26586914,-0.40927735,0.22376162,2.36164927,-0.11764119,0.07000000,0.00549451,-0.30013084,0.23999999,-0.23999999,-0.01229746,-3.51160240,4.49247742,2.38129663,0.12995361,0.00122106,-0.12179919,
23078,1.48936462,-2.12355018,-0.88656867,6.00000000,0.34160155,-0.40927735,0.08961054,2.27216816,-0.06459059,0.07000000,0.00549451,0.08523820,0.23999999,-0.23999999,-0.01229746,-1.06290555,0.79063416,2.31038570,0.04759382,0.00122106,0.10441643,
23086,2.75230598,0.35085738,1.33884180,6.00000000,0.34965819,-0.42055663,-0.25439402,1.63175035,-0.05533914,0.07000000,0.00549451,0.37572658,0.23999999,-0.23999999,-0.01229746,1.11352003,-2.34572244,1.65863407,-0.04675698,0.00122106,0.25270870,
23094,4.35282993,0.32332405,5.31441355,6.00000000,0.34643555,-0.42055663,-0.30144271,0.86394233,-0.05996079,0.07000000,0.00549451,0.55787998,0.21480940,-0.14002803,-0.01229746,3.12239385,-4.93055534,0.87494975,-0.10966507,0.00122106,0.37102824,
23102,6.78533888,1.40909457,8.54060078,6.00000000,0.31904298,-0.25458986,-0.17214535,-0.13938312,-0.06810816,0.07000000,0.00549451,0.56511188,-0.20236593,0.23999999,-0.01229746,4.75776768,-6.56592894,-0.13228691,-0.30344674,0.00122106,0.42121342,
23110,9.53507900,0.81652957,10.74206924,6.00000000,-0.26425782,0.39799803,-0.05433564,-1.22845078,-0.04447431,0.07000000,0.00549451,0.19450021,-0.23999999,0.23999999,-0.01229746,3.74547672,-4.37554026,-1.22174203,-0.64339173,0.00122106,0.22343394,
23117,5.66485262,0.12340821,20.01959991,5.00000000,-0.35932618,0.42539063,-0.01284436,-1.71702325,-0.05118184,0.07000000,0.00549451,-0.15859488,-0.23999999,0.23999999,-0.01229746,1.98269403,-1.46433127,-1.69761288,-0.65474218,0.00122106,0.00002168,
23126,1.80539930,-1.75484300,17.20641327,6.00000000,-0.35126954,0.42055663,0.10794798,-0.46287522,-0.14103241,0.07000000,0.00549451,-0.16820918,-0.23999999,0.23999999,-0.01229746,-0.50614548,1.04545224,-0.44659460,-0.29148391,0.00122106,-0.09050638,
23134,-0.22248958,1.24628878,11.24485111,6.00000000,-0.36093751,0.43505859,0.00834768,0.19569795,-0.22140217,0.07000000,0.00549451,-0.38247371,-0.23999999,0.23999999,-0.01229746,-2.18166161,3.42608142,0.19465974,-0.17933947,0.00122106,-0.19654432,
23142,-1.07482541,-0.33388433,6.36905956,6.00000000,-0.35449219,0.42861328,0.17319842,1.06140494,-0.24391654,0.07000000,0.00549451,-0.66192365,-0.04481219,-0.04487415,-0.01229746,-3.99505854,6.12436008,1.06341231,-0.04697882,0.00122106,-0.30500746,
23150,-2.68851733,-0.91806954,4.56502867,6.00000000,-0.06928711,-0.05961914,0.18779710,1.81959093,-0.22571988,0.07000000,0.00549451,-0.59240001,0.23999999,-0.23999999,-0.01229746,-4.70366240,6.64795923,1.83153987,0.12994823,0.00122106,-0.29137009,
23158,-1.56803095,-1.41127503,2.76099753,6.00000000,0.32548827,-0.39960939,0.13406624,2.26884723,-0.16612063,0.07000000,0.00549451,-0.35652870,0.23999999,-0.23999999,-0.01229746,-2.71398687,3.87114024,2.29175997,0.21661088,0.00122106,-0.07379264,
23166,1.98257017,-1.84821689,-0.55018336,6.00000000,0.34160155,-0.42055663,-0.02595823,2.08754683,-0.10174423,0.07000000,0.00549451,-0.10708255,0.23999999,-0.23999999,-0.01229746,-0.01745329,0.35779250,2.12409997,0.01866154,0.00122106,0.14702025,
23174,4.50845289,0.41310662,4.44053030,6.00000000,0.34643555,-0.42377931,-0.32450104,1.33806622,-0.02153081,0.07000000,0.00549451,0.06683892,-0.01716668,0.02553860,-0.01229746,2.00189257,-2.14675498,1.28934991,-0.26973811,0.00122106,0.25904840,
23182,7.54310369,0.94102806,8.46518326,6.00000000,-0.00805664,0.01772461,-0.44430080,0.29803371,0.05463661,0.07000000,0.00549451,0.02269327,-0.23999999,0.23999999,-0.01229746,2.42600775,-2.49756622,0.29818314,-0.51907510,0.00122106,0.21072616,
23189,7.46648932,1.92624211,14.32020378,5.00000000,-0.32065430,0.40283203,-0.24599880,-0.63631254,0.11087155,0.07000000,0.00549451,-0.29834145,-0.23999999,0.23999999,-0.01229746,0.29670596,0.62482786,-0.63806885,-0.71364778,0.00122106,-0.06409726,
23198,-3.21883297,1.05834401,20.53136063,6.00000000,-0.35288087,0.44311523,-0.03111419,-0.45747644,0.04499044,0.07000000,0.00549451,-0.17413402,0.14433922,-0.16872275,-0.01229746,-0.88488197,1.45560467,-0.45318139,0.19762987,0.00122106,-0.12486549,
23206,4.42944431,1.22474098,13.37449360,6.00000000,0.19013672,-0.27231446,0.10559188,0.41280711,-0.05982453,0.07000000,0.00549451,0.03312214,-0.23999999,0.23999999,-0.01229746,-1.19729578,1.08384943,0.41099700,-0.68531346,0.00122106,-0.05590341,
23214,6.85955906,0.14735022,0.48770308,6.00000000,-0.33999023,0.41411132,0.51395214,0.10493699,-0.18221439,0.07000000,0.00549451,0.12820487,-0.23999999,0.23999999,-0.01229746,-2.28463578,1.87099290,0.10817567,-0.87364697,0.00122106,-0.15032347,
23222,-3.96103549,-1.99067187,9.49828148,6.00000000,-0.36416015,0.43505859,0.14810722,0.17202546,-0.22323483,0.07000000,0.00549451,0.02448787,0.18929072,-0.18605709,-0.01229746,-3.51334786,3.43306255,0.17059879,0.18328840,0.00122106,-0.25258452,
23230,-0.45831844,-1.02939987,2.52157736,6.00000000,0.25297850,-0.31259766,0.09612921,1.20960641,-0.15693834,0.07000000,0.00549451,-0.13251656,0.00245344,-0.02033155,-0.01229746,-3.02465558,3.45575190,1.21055591,-0.10475755,0.00122106,-0.15487686,
23238,0.62146652,-0.70977396,-1.60243499,6.00000000,0.00966797,-0.02578125,-0.01838724,1.32837093,-0.08472922,0.07000000,0.00549451,0.09995470,0.23999999,-0.23999999,-0.01229746,-2.02632713,1.68947875,1.34849834,0.02533119,0.00122106,-0.03887263,
23246,1.62343991,0.38198200,3.62051606,6.00000000,0.33354491,-0.41411132,-0.25564218,1.08318126,-0.06185757,0.07000000,0.00549451,-0.01972586,0.08972542,-0.09283144,-0.01229746,0.02792527,0.03665191,1.09503889,-0.10751753,0.00122106,0.08157442,
23254,6.64767218,-2.59879923,6.01112652,6.00000000,0.14179687,-0.17080078,0.13441153,0.52506918,0.02764518,0.07000000,0.00549451,0.07919502,-0.23999999,0.23999999,-0.01229746,1.45211387,-1.73136652,0.51000619,-0.50154036,0.00122106,0.16134515,
23261,7.34558201,-0.40690747,9.26245213,5.00000000,-0.31904298,0.38833007,-0.22420774,-0.05588014,0.04763184,0.07000000,0.00549451,0.02560531,-0.23999999,0.23999999,-0.01229746,-0.34732053,0.28623399,-0.05653369,-0.66164243,0.00122106,-0.02791671,
23270,-4.12384129,0.15094152,20.53136063,6.00000000,-0.35932618,0.44150391,-0.18115109,0.00787298,0.12288342,0.07000000,0.00549451,-0.09807395,0.23999999,-0.23999999,-0.01229746,-1.31597829,1.63013756,0.00865008,0.37522006,0.00122106,-0.11161415,
23278,5.98328114,1.19361639,14.93790722,6.00000000,0.32065430,-0.41088867,-0.16163398,0.81138277,0.12909825,0.07000000,0.00549451,-0.14065832,-0.23999999,0.23999999,-0.01229746,-0.94945914,1.39975405,0.81012136,-0.98723727,0.00122106,-0.02795460,
23286,7.14806032,1.54676116,1.50045037,6.00000000,-0.33354491,0.40766603,0.22260593,0.37443322,0.08239497,0.07000000,0.00549451,-0.13774425,-0.23999999,0.23999999,-0.01229746,-1.43640602,1.88321030,0.37698510,-0.88148826,0.00122106,-0.10006087,
23294,-3.26073146,-1.50824022,12.86692333,6.00000000,-0.36093751,0.43828124,0.04403520,0.17615451,-0.03074504,0.07000000,0.00549451,-0.03651624,0.23999999,-0.23999999,-0.01229746,-3.17824459,3.29692674,0.17814751,0.24593621,0.00122106,-0.23421445,
23302,-0.92638487,0.57950366,6.57615805,6.00000000,0.32065430,-0.38349611,0.05946115,1.06053555,-0.10550085,0.07000000,0.00549451,-0.12771092,0.01721463,-0.03461668,-0.01229746,-2.27765465,2.65639114,1.06131792,-0.09111369,0.00122106,-0.10628469,
23310,2.43507433,-0.19502062,-4.47188568,6.00000000,0.02416992,-0.05156250,0.25399038,1.22142434,-0.12955715,0.07000000,0.00549451,0.22048718,0.09785818,-0.06807849,-0.01229746,-1.18682384,0.45902157,1.24150598,-0.11567293,0.00122106,0.03083900,
23318,-0.35536778,-0.55774218,3.02555680,6.00000000,0.14985351,-0.11118164,0.04124925,0.91647357,-0.13599825,0.07000000,0.00549451,0.19899902,0.21522175,-0.18849418,-0.01229746,-0.92851520,0.30194196,0.92710185,0.01241142,0.00122106,0.02214511,
23326,3.53401279,-2.36416745,9.20139980,6.00000000,0.32387695,-0.33676758,-0.01213789,0.40416729,0.00652833,0.07000000,0.00549451,-0.15316659,-0.23999999,0.23026206,-0.01229746,1.33168626,-0.84997535,0.39982694,-0.27194592,0.00122106,0.11167356,
23333,8.16320229,-1.02820277,9.61439991,5.00000000,-0.31743163,0.37705079,0.03104810,-0.24542859,0.16232613,0.07000000,0.00549451,-0.12190326,-0.23999999,0.23999999,-0.01229746,0.38222709,0.01221730,-0.24574989,-0.66053915,0.00122106,-0.00221403,
23342,-1.34417307,0.27065161,20.53136063,6.00000000,-0.35449219,0.43828124,-0.24731807,-0.12192330,0.18264990,0.07000000,0.00549451,-0.19555880,-0.01530625,-0.01186164,-0.01229746,-1.06988680,1.69820547,-0.11889744,0.03804165,0.00122106,-0.11467380,
23350,4.27741241,0.31973276,14.07000923,6.00000000,-0.03222656,-0.01289062,-0.11089992,0.83760738,0.15191905,0.07000000,0.00549451,-0.09446656,-0.23999999,0.23999999,-0.01229746,-2.61101270,2.92168117,0.83669841,-0.67331511,0.00122106,-0.14801255,
23358,3.25508833,2.55711412,7.98394871,6.00000000,-0.33032227,0.41411132,0.03932910,0.80654502,0.06657658,0.07000000,0.00549451,-0.13175529,-0.23999999,0.23999999,-0.01229746,-4.23242331,4.66177464,0.80745608,-0.34665215,0.00122106,-0.27927649,
23366,-5.19285250,-1.93680239,16.45702934,6.00000000,-0.35126954,0.44633788,0.17105903,0.99978369,-0.00874573,0.07000000,0.00549451,0.03105947,0.23999999,-0.23999999,-0.01229746,-5.79972887,5.68802786,0.99507630,0.32834870,0.00122106,-0.36306655,
23374,-1.93673801,1.43902206,7.51109362,6.00000000,0.33193359,-0.39477539,0.06978149,2.03786564,-0.07702281,0.07000000,0.00549451,0.00718682,0.23999999,-0.23999999,-0.01229746,-4.79441977,4.78045654,2.04147077,0.00161234,0.00122106,-0.21103342,
23382,1.71322250,-0.53140599,-2.31949830,6.00000000,0.33193359,-0.40927735,0.35919204,1.95372343,-0.07422472,0.07000000,0.00549451,0.22076929,0.23999999,-0.23999999,-0.01229746,-1.90415418,1.18682384,1.98685682,-0.04213025,0.00122106,0.03303479,
23390,1.89997017,-0.94081444,-0.57532245,6.00000000,0.34160155,-0.42216796,0.09851396,1.46511400,-0.04082353,0.07000000,0.00549451,0.22967583,0.23999999,-0.23999999,-0.01229746,0.98611104,-1.72787595,1.49099755,-0.06837247,0.00122106,0.21585365,
23398,2.52006841,-1.33466065,4.05985212,6.00000000,0.34965819,-0.42700195,-0.11925306,0.85786903,0.07545617,0.07000000,0.00549451,0.22119936,0.23999999,-0.22924253,-0.01229746,3.20616984,-3.90430140,0.86662471,-0.04952823,0.00122106,0.33668765,
23405,4.07629967,0.51845151,9.74248981,5.00000000,0.35449219,-0.41894531,-0.21549261,0.18064429,0.17835794,0.07000000,0.00549451,0.16647026,0.06825159,-0.04721460,-0.01229746,5.18711853,-5.71420765,0.18180382,-0.12941000,0.00122106,0.43093908,
23414,8.39663696,0.75667453,13.60074615,6.00000000,0.11118164,-0.09829102,-0.17784819,-0.86415327,0.27275854,0.07000000,0.00549451,0.06071579,-0.23999999,0.23999999,-0.01229746,5.81194639,-6.00044155,-0.86369371,-0.54425174,0.00122106,0.38475770,
23422,10.84231377,0.78301078,15.76510429,6.00000000,-0.32548827,0.39477539,0.01470117,-1.61144984,0.31649783,0.07000000,0.00549451,-0.26166278,-0.23999999,0.23999999,-0.01229746,3.29867220,-2.50629282,-1.59855986,-0.96208715,0.00122106,0.09102800,
23430,1.52048922,-0.56253058,20.53136063,6.00000000,-0.35610351,0.43666992,-0.01945013,-1.67773390,0.27663708,0.07000000,0.00366300,0.01591864,-0.23999999,0.23999999,-0.01229746,0.47822019,-0.52708948,-1.65825176,-0.21536750,0.00122106,-0.08656793,
23438,0.36289275,2.15249419,13.83178616,6.00000000,-0.35449219,0.42539063,-0.20599273,-0.41857094,0.07126857,0.07000000,0.00366300,-0.22184800,-0.23999999,0.23999999,-0.01229746,-1.65282679,2.35793996,-0.40906489,-0.23228857,0.00122106,-0.18123810,
23446,-2.78069401,0.02404884,8.11802387,6.00000000,-0.34804687,0.43666992,0.38181996,0.21019381,-0.03899937,0.07000000,0.00366300,-0.13644987,0.07792938,-0.09623363,-0.01229746,-3.89557481,4.33365250,0.20886502,0.12054138,0.00122106,-0.29977277,
23454,-3.40677786,-0.30395681,2.58382678,6.00000000,0.09667969,-0.15629883,0.31657419,1.06514812,-0.16423914,0.07000000,0.00366300,-0.19548017,0.23999999,-0.23999999,-0.01229746,-4.07534361,4.70715332,1.06707406,0.22369054,0.00122106,-0.25325134,
23462,-1.98103070,-1.90328348,-2.34583473,6.00000000,0.33837891,-0.41249999,0.56497359,1.56721151,-0.16554114,0.07000000,0.00549451,0.12369125,0.23999999,-0.23999999,-0.01229746,-2.09614038,1.70518661,1.58627617,0.39972782,0.00122106,-0.02058621,
23470,-0.74442554,-2.40008044,-0.15035167,6.00000000,0.34482422,-0.42539063,0.05192736,1.35203660,-0.13704924,0.07000000,0.00549451,0.13415027,0.23999999,-0.23999999,-0.01229746,0.91804314,-1.37182879,1.37044358,0.33764791,0.00122106,0.19152294,
23477,1.39359653,-2.26720214,4.80205441,5.00000000,0.35610351,-0.42700195,-0.23578833,0.90703076,0.06502702,0.07000000,0.00549451,0.15092160,0.23999999,-0.23999999,-0.01229746,3.25329351,-3.74198580,0.91347349,0.13087340,0.00122106,0.33430821,
23486,3.73632288,1.33726847,9.10802650,6.00000000,0.35932618,-0.42700195,-0.51878965,0.21027587,0.21744116,0.07000000,0.00549451,0.21308276,0.18223649,-0.15487096,-0.01229746,5.29183865,-5.97775269,0.21350831,-0.05746132,0.00122106,0.44522145,
23494,7.93575287,1.94898701,13.22126484,6.00000000,0.28520507,-0.29326171,-0.51139921,-0.82719040,0.30347559,0.07000000,0.00549451,0.22587031,-0.23999999,0.23999999,-0.01229746,6.41583061,-7.13316107,-0.82360578,-0.40026885,0.00122106,0.45544636,
23502,10.34910774,1.81730592,18.57829094,6.00000000,-0.31743163,0.38671875,-0.18629593,-1.92486846,0.28225914,0.07000000,0.00549451,0.07484110,-0.23999999,0.23999999,-0.01229746,4.50294924,-4.73333311,-1.90674925,-0.66162050,0.00122106,0.20667088,
23510,0.94827503,0.04439955,20.53136063,6.00000000,-0.35771483,0.43344727,0.00905985,-2.19388199,0.13679658,0.07000000,0.00549451,0.01926821,-0.23999999,0.23999999,-0.01229746,2.33001447,-2.39110112,-2.16771555,-0.16935033,0.00122106,0.01610300,
23518,3.05158114,0.88715857,15.02290154,6.00000000,-0.35126954,0.42700195,0.23081775,-0.97963911,-0.05552613,0.07000000,0.00549451,-0.05017911,-0.23999999,0.23999999,-0.01229746,-0.87964594,1.03323495,-0.96553767,-0.53679466,0.00122106,-0.14084128,
23526,-4.80140018,0.29818493,9.97712135,6.00000000,-0.35126954,0.42700195,0.43258280,-0.29384071,-0.20206486,0.07000000,0.00549451,-0.00897339,0.23999999,-0.23999999,-0.01229746,-2.63370180,2.64242840,-0.33084470,0.29262388,0.00122106,-0.22677846,
23534,-3.16975188,-2.01581097,-0.21738932,6.00000000,0.32065430,-0.39638671,0.48124138,0.57892931,-0.29016575,0.07000000,0.00549451,-0.09575178,0.23999999,-0.23999999,-0.01229746,-2.01760054,2.32826900,0.59405148,0.22759621,0.00122106,-0.12100998,
23542,-2.08039021,-2.45514703,-6.07600069,6.00000000,0.33515626,-0.40927735,0.64684510,0.85871655,-0.23353527,0.07000000,0.00549451,0.14155205,0.23999999,-0.23999999,-0.01229746,1.06290555,-1.55857909,0.87361395,0.45644963,0.00122106,0.16021326,
23549,-1.83019602,-2.77118158,-2.34104633,5.00000000,0.35126954,-0.43183595,0.08253489,0.80075377,-0.25692192,0.07000000,0.00549451,0.28624028,0.23999999,-0.23999999,-0.01229746,3.51334786,-4.40346575,0.81042141,0.47716433,0.00122106,0.35914779,
23558,0.52689552,-2.10080528,2.39588189,6.00000000,0.35449219,-0.43505859,-0.12704250,0.42618805,-0.07127159,0.07000000,0.00549451,0.25813407,0.23999999,-0.23999999,-0.01229746,6.26922274,-7.06509256,0.42998299,0.27712730,0.00122106,0.53949201,
23566,2.79061317,1.68801904,7.82712841,6.00000000,0.34643555,-0.43828124,-0.52772880,-0.11971593,0.17130065,0.07000000,0.00549451,0.13018477,0.23999999,-0.23999999,-0.01229746,8.56433105,-8.93259525,-0.11416599,0.09227020,0.00122106,0.66001719,
23574,8.36551189,2.13453770,12.45272636,6.00000000,0.35610351,-0.43022460,-0.55494982,-0.97104007,0.35451034,0.07000000,0.00549451,0.01513934,-0.23999999,0.23999999,-0.01229746,10.43357849,-10.50339127,-0.96718937,-0.50553703,0.00122106,0.72362727,
23582,11.41452789,1.97652030,17.91509819,6.00000000,-0.31259766,0.38833007,-0.26010036,-2.08637571,0.41236103,0.07000000,0.00549451,-0.19133396,-0.23999999,0.23999999,-0.01229746,8.94655704,-8.30776691,-2.10877824,-0.74649107,0.00122106,0.49940294,
23590,6.79730988,-1.78237629,20.53136063,6.00000000,-0.32871094,0.43344727,-0.01224888,-2.47528601,0.35806331,0.07000000,0.00549451,-0.07787907,-0.23999999,0.23999999,-0.01229746,4.74205971,-4.49771357,-2.43592834,-0.81036574,0.00122106,0.17209435,
23598,-0.20333597,1.04397881,20.53136063,6.00000000,-0.34482422,0.42055663,-0.31996533,-1.79089904,0.04165796,0.07000000,0.00549451,-0.10056906,-0.23999999,0.23999999,-0.01229746,2.22354960,-1.90589952,-1.76529121,-0.01527512,0.00122106,0.02320091,
23606,-0.98264861,2.43860126,12.63109398,6.00000000,-0.33837891,0.43022460,0.37630308,-0.80539685,-0.03175379,0.07000000,0.00549451,-0.10942893,-0.23999999,0.23999999,-0.01229746,-0.41364303,0.76619959,-0.80051208,-0.09828524,0.00122106,-0.10826957,
23614,-2.57359576,-1.09164917,2.18519211,6.00000000,-0.35771483,0.42700195,0.52030605,0.09330112,-0.28583640,0.07000000,0.00549451,-0.26702386,0.05458438,-0.09114900,-0.01229746,-2.57785130,3.45924258,0.08537287,0.10056838,0.00122106,-0.22097325,
23621,-3.86407042,-0.71336532,0.84084785,5.00000000,0.06606445,-0.13212891,0.63946432,0.86404479,-0.16926825,0.07000000,0.00549451,-0.40047377,0.23999999,-0.23999999,-0.01229746,-3.01941967,4.31096315,0.86643010,0.38545412,0.00122106,-0.21296376,
23630,-3.42593145,-4.21967363,-2.91685176,6.00000000,0.33032227,-0.41572267,0.46756908,1.34114671,-0.18825214,0.07000000,0.00549451,-0.24572085,0.23999999,-0.23999999,-0.01229746,-0.52883476,1.33168626,1.36779416,0.62367028,0.00122106,0.03297667,
23638,-1.17179060,-2.27917314,-0.36463273,6.00000000,0.34643555,-0.42216796,0.15432750,1.25043225,-0.05445177,0.07000000,0.00549451,-0.14290449,0.23999999,-0.23999999,-0.01229746,2.36666656,-1.91288078,1.27319360,0.46477163,0.00122106,0.26262870,
23646,1.31458795,-2.01940227,2.98605251,6.00000000,0.34482422,-0.43344727,-0.48147523,0.84404743,0.11648738,0.07000000,0.00549451,-0.08963674,0.23999999,-0.23999999,-0.01229746,4.75776768,-4.38950300,0.85941619,0.08886153,0.00122106,0.41484198,
23654,4.29656601,0.99848890,8.92726421,6.00000000,0.35449219,-0.43666992,-0.80900949,0.15208566,0.37603056,0.07000000,0.00549451,-0.10968056,-0.09670748,0.07991794,-0.01229746,6.84343624,-6.46819019,0.09291601,-0.25104976,0.00122106,0.51515990,
23662,8.07701015,2.30093455,13.70609093,6.00000000,-0.11601563,0.11440430,-0.76201278,-0.96687162,0.48352003,0.07000000,0.00549451,-0.08163815,-0.23999999,0.23999999,-0.01229746,6.44026470,-6.17846537,-0.96905899,-0.63180029,0.00122106,0.40786886,
23670,4.31691694,1.54436696,20.53136063,6.00000000,-0.33999023,0.41894531,-0.38306820,-1.69657373,0.36262524,0.07000000,0.00549451,-0.13065895,-0.23999999,0.23999999,-0.01229746,4.31270885,-3.93222690,-1.68185830,-0.37460881,0.00122106,0.18977121,
23678,0.01932479,1.19241929,20.53136063,6.00000000,-0.33999023,0.43183595,0.21675372,-1.10691750,0.07820940,0.07000000,0.00549451,0.05972059,-0.23999999,0.23999999,-0.01229746,1.30725169,-1.49923790,-1.08358574,-0.15897116,0.00122106,0.02664223,
23686,0.86687219,0.60583985,15.57476521,6.00000000,-0.35126954,0.43183595,0.49203381,-0.49636742,-0.16401307,0.07000000,0.00549451,-0.10438238,-0.23999999,0.23999999,-0.01229746,-1.04370689,1.38230073,-0.48757517,-0.35431701,0.00122106,-0.12770832,
23693,-2.89322162,-1.70935321,9.62158298,5.00000000,-0.34804687,0.41894531,0.76329434,0.17563346,-0.22510445,0.07000000,0.00549451,-0.20520803,0.10340598,-0.13147010,-0.01229746,-2.95484257,3.64250207,0.17594811,0.12769258,0.00122106,-0.23998205,
23702,-3.38403296,-2.39768624,1.62973726,6.00000000,0.13696289,-0.22558594,0.42772666,0.97100139,-0.14238651,0.07000000,0.00549451,-0.26499462,0.23999999,-0.23999999,-0.01229746,-2.92517185,3.78387380,0.97619140,0.26471400,0.00122106,-0.18089341,
23710,-3.07518101,-3.21410894,-2.95755315,6.00000000,0.34321290,-0.40605468,0.39917511,1.30096006,-0.09184839,0.07000000,0.00549451,-0.05303203,0.23999999,-0.23999999,-0.01229746,-0.63355452,0.79761547,1.32240045,0.53252494,0.00122106,0.04048313,
23718,-0.77555019,-2.31867743,-2.11120296,6.00000000,0.35288087,-0.42377931,0.02158813,1.14364898,-0.09843420,0.07000000,0.00549451,0.09620067,0.23999999,-0.23999999,-0.01229746,2.20435095,-2.54643536,1.18996525,0.38730937,0.00122106,0.27280554,
23726,0.13424647,-1.10960567,0.84803045,6.00000000,0.34482422,-0.41894531,-0.16271149,0.88635266,0.01197987,0.07000000,0.00549451,0.15480359,0.23999999,-0.23999999,-0.01229746,4.69493580,-5.19933558,0.90089118,0.26404688,0.00122106,0.44597504,
23734,2.10467458,1.55035245,6.95803308,6.00000000,0.36093751,-0.43183595,-0.52509338,0.35671967,0.17856106,0.07000000,0.00549451,0.21016301,0.23999999,-0.23999999,-0.01229746,6.81201982,-7.48048115,0.36273259,0.10753554,0.00122106,0.57415038,
23742,6.98525476,2.05792308,12.65623283,6.00000000,0.35449219,-0.43505859,-0.55029970,-0.58491367,0.32767189,0.07000000,0.00549451,0.28371236,-0.22903514,0.23999999,-0.01229746,8.44215775,-9.34100246,-0.58163369,-0.32054764,0.00122106,0.63461113,
23750,8.60493183,1.70597553,17.35724831,6.00000000,-0.30937499,0.38671875,-0.42932728,-1.71192515,0.35693845,0.07000000,0.00549451,0.11464055,-0.23999999,0.23999999,-0.01229746,7.21344566,-7.56949329,-1.69899487,-0.33897403,0.00122106,0.43585268,
23758,3.04559565,-0.06932503,20.53136063,6.00000000,-0.35288087,0.42216796,-0.27064174,-2.28416872,0.25994143,0.07000000,0.00549451,-0.01404870,-0.23999999,0.23999999,-0.01229746,4.74205971,-4.69319010,-2.25734520,-0.42595625,0.00122106,0.18484779,
23765,1.08953297,1.70358133,20.53136063,5.00000000,-0.34321290,0.42861328,0.15318072,-1.34115887,0.05147319,0.07000000,0.00549451,-0.02230888,-0.23999999,0.23999999,-0.01229746,1.54636168,-1.49225652,-1.30819380,-0.27359915,0.00122106,0.01637746,
23774,-2.05165958,0.94821072,13.00339222,6.00000000,-0.34965819,0.42539063,0.36113805,-0.65195566,-0.17150883,0.07000000,0.00549451,-0.06043622,-0.16545242,0.15646000,-0.01229746,-0.92676979,1.13620937,-0.63797867,-0.01032686,0.00122106,-0.12339787,
23782,-3.17693448,-0.67146677,3.99520850,6.00000000,-0.24331054,0.27392578,0.72788268,0.17422904,-0.24294361,0.07000000,0.00549451,-0.25812262,0.14297271,-0.17830698,-0.01229746,-2.53247285,3.37546659,0.16580057,0.15164037,0.00122106,-0.21265279,
23790,-2.88723612,-2.24565434,-0.59926450,6.00000000,0.18530273,-0.29487306,0.58462143,0.82017177,-0.18916042,0.07000000,0.00549451,-0.21368492,0.23999999,-0.23999999,-0.01229746,-2.15199113,2.83965063,0.82649845,0.34685099,0.00122106,-0.12757750,
23798,-3.71802402,-3.25002193,-4.09839010,6.00000000,0.33837891,-0.42055663,0.43096617,1.16747463,-0.12850802,0.07000000,0.00549451,-0.08970729,0.23999999,-0.23999999,-0.01229746,0.52185345,-0.25132740,1.18744731,0.64401913,0.00122106,0.12009172,
23806,-0.29192144,-2.30191803,-1.41808152,6.00000000,0.34482422,-0.41733399,-0.08334348,1.02123404,-0.05374679,0.07000000,0.00549451,-0.06774416,0.23999999,-0.23999999,-0.01229746,3.33532429,-3.09795952,1.04172444,0.35896868,0.00122106,0.32169890,
23814,1.23438215,-1.38733304,2.90943813,6.00000000,0.34160155,-0.42700195,-0.45118028,0.67700332,0.14264818,0.07000000,0.00549451,-0.01007408,0.23999999,-0.23999999,-0.01229746,5.78751183,-5.75085974,0.72712469,0.10567552,0.00122106,0.49937189,
23822,3.58069992,1.67485094,8.98113346,6.00000000,0.35449219,-0.43183595,-0.83989078,0.01863890,0.31564325,0.07000000,0.00549451,0.06160950,0.12185550,-0.11552846,-0.01229746,7.66025019,-7.88016176,0.03284806,-0.11824684,0.00122106,0.59346271,
23830,7.97645426,2.60260415,14.00416851,6.00000000,0.19980469,-0.21752930,-0.84386301,-1.11498177,0.34455487,0.07000000,0.00549451,0.28038767,-0.23999999,0.23999999,-0.01229746,8.28856850,-9.17345047,-1.11252439,-0.45885083,0.00122106,0.58201599,
23837,6.98645163,3.02039218,18.70877457,5.00000000,-0.33032227,0.39638671,-0.44302723,-2.11371875,0.23525484,0.07000000,0.00549451,0.21587363,-0.23999999,0.23999999,-0.01229746,6.52578592,-7.21519089,-2.09055758,-0.26798892,0.00122106,0.36355650,
23846,-2.12827420,0.53521091,20.53136063,6.00000000,-0.36093751,0.43022460,0.18178837,-2.44568396,0.06196245,0.07000000,0.00549451,-0.18384510,-0.23999999,0.23999999,-0.01229746,4.72635126,-4.11548662,-2.41242170,-0.04880904,0.00122106,0.15317732,
23854,1.95144558,-2.41444564,17.59786606,6.00000000,-0.33999023,0.41894531,0.59399891,-1.67611611,-0.05457557,0.07000000,0.00549451,-0.16904941,-0.23999999,0.23999999,-0.01229746,1.49051118,-0.94073248,-1.64832783,-0.37303543,0.00122106,-0.03325628,
23862,-2.69569993,-1.89849508,10.88212967,6.00000000,-0.34965819,0.42216796,0.35485682,-0.92723459,-0.14369310,0.07000000,0.00549451,-0.49474269,-0.12100749,0.05284923,-0.01229746,-0.46600291,2.08566856,-0.92477560,0.09273028,0.00122106,-0.16637520,
23870,-3.25714016,-3.59718132,3.80726385,6.00000000,-0.18046875,0.10151367,0.51719075,-0.00293566,-0.05426347,0.07000000,0.00549451,-0.58128095,0.23999999,-0.23999999,-0.01229746,-1.70693207,3.57094383,0.00565881,0.34229982,0.00122106,-0.19984166,
23878,-3.36368227,-2.79392648,-1.24091053,6.00000000,0.32065430,-0.39799803,0.32334003,0.50399935,-0.05618224,0.07000000,0.00549451,-0.43657470,0.23999999,-0.23999999,-0.01229746,-0.58119464,2.00712872,0.51692760,0.51004511,0.00122106,-0.05907105,
23886,-1.16819930,-0.38775384,-4.15225983,6.00000000,0.33837891,-0.41249999,0.39287186,0.68347120,-0.03089130,0.07000000,0.00549451,-0.18100402,0.23999999,-0.23999999,-0.01229746,2.32128787,-1.73136652,0.69497567,0.56999373,0.00122106,0.20671222,
23894,-0.09799109,0.84645712,0.06392938,6.00000000,0.33837891,-0.42861328,0.02401710,0.39365870,0.07474770,0.07000000,0.00549451,-0.09124559,0.23999999,-0.23999999,-0.01229746,4.80663681,-4.50993061,0.40384555,0.33152530,0.00122106,0.38725492,
23902,2.03524256,-0.15791050,5.76931190,6.00000000,0.34160155,-0.42861328,-0.20647958,-0.02096300,0.25499594,0.07000000,0.00549451,-0.09368355,0.23999999,-0.23999999,-0.01229746,7.40194130,-7.02145958,-0.01843759,0.01894611,0.00122106,0.54430121,
23909,4.95856285,2.76660681,9.95317936,5.00000000,0.36577147,-0.43505859,-0.54153550,-0.76098889,0.49931663,0.07000000,0.00549451,-0.18864042,-0.23999999,0.23999999,-0.01229746,9.42128754,-8.80693150,-0.76279169,-0.30566326,0.00122106,0.63643712,
23918,8.32002163,2.06749988,13.55405903,6.00000000,-0.32871094,0.40122071,-0.54840344,-1.85314214,0.61470050,0.07000000,0.00549451,-0.28352407,-0.23999999,0.23999999,-0.01229746,8.02851486,-7.09650898,-1.84864497,-0.70221472,0.00122106,0.42905957,
23926,1.73596740,0.42507762,20.53136063,6.00000000,-0.34160155,0.43183595,-0.57121867,-2.34485412,0.48708066,0.07000000,0.00549451,-0.26000828,-0.23999999,0.23999999,-0.01229746,5.33023548,-4.51342154,-2.31750846,-0.49732512,0.00122106,0.19532529,
23934,0.85370409,3.58422685,20.34281731,6.00000000,-0.35288087,0.42539063,0.02346863,-1.58438647,0.17816938,0.07000000,0.00549451,-0.27384225,-0.23999999,0.23999999,-0.01229746,2.55516195,-1.65108144,-1.55871379,-0.25700992,0.00122106,0.04607613,
23942,-0.39247790,1.46894956,13.18535137,6.00000000,-0.34804687,0.42861328,0.56094790,-0.92768979,-0.05974559,0.07000000,0.00549451,-0.23367658,-0.23999999,0.23999999,-0.01229746,-0.16929694,0.93724179,-0.92436606,-0.05056185,0.00122106,-0.10826280,
23950,-1.73682213,-2.12953568,7.64876032,6.00000000,-0.35288087,0.43022460,0.66871262,-0.10748158,-0.13340054,0.07000000,0.00549451,-0.34191114,0.00677158,-0.05363099,-0.01229746,-2.20609617,3.30914426,-0.10677719,0.09204075,0.00122106,-0.21645294,
23958,-2.65021014,-4.47585344,3.80367255,6.00000000,-0.00161133,-0.07412110,0.27477017,0.51209676,-0.11739348,0.07000000,0.00549451,-0.31086069,0.21751069,-0.23999999,-0.01229746,-2.87630272,3.88335752,0.52325684,0.16535684,0.00122106,-0.21722722,
23966,-2.11510611,-1.86497629,0.27821043,6.00000000,0.29648438,-0.41733399,0.12312292,1.00094640,-0.09346108,0.07000000,0.00549451,-0.22330368,0.23999999,-0.23999999,-0.01229746,-0.72082096,1.44862330,1.01232719,0.29300159,0.00122106,-0.00278975,
23974,-0.95870662,-1.61597931,1.00604773,6.00000000,0.34482422,-0.42216796,-0.00323229,0.91480333,-0.07206491,0.07000000,0.00549451,-0.00180690,0.23999999,-0.23999999,-0.01229746,1.94080603,-1.94080603,0.93077016,0.31351006,0.00122106,0.22364825,
23981,2.55717850,-1.01862597,3.80486965,5.00000000,0.34643555,-0.43022460,-0.21382610,0.48532555,0.04459082,0.07000000,0.00549451,0.08911472,0.22825441,-0.21748510,-0.01229746,4.17133713,-4.54483747,0.42459869,-0.01821977,0.00122106,0.36328894,
23990,4.31452274,1.67245674,7.85107040,6.00000000,0.33354491,-0.40444335,-0.39196435,-0.19030355,0.19906558,0.07000000,0.00549451,0.20892069,-0.02743331,0.05394721,-0.01229746,6.29889297,-6.97433567,-0.18753409,-0.17359108,0.00122106,0.48953539,
23998,7.19115591,1.65210605,12.29351139,6.00000000,-0.02739258,0.07734375,-0.32088140,-1.19715464,0.28087172,0.07000000,0.00549451,0.00549397,-0.23999999,0.23999999,-0.01229746,6.74046183,-6.75616980,-1.19219911,-0.39143384,0.00122106,0.42234087,
24006,6.22868681,-0.13755977,18.71236610,6.00000000,-0.33999023,0.42377931,-0.19227707,-1.99282181,0.26605791,0.07000000,0.00549451,-0.11195894,-0.23999999,0.23999999,-0.01229746,4.59021616,-4.25162220,-1.97492003,-0.58215916,0.00122106,0.18738559,
24014,-1.81702793,0.56035000,20.53136063,6.00000000,-0.35126954,0.42216796,-0.28646639,-1.75291634,0.04431325,0.07000000,0.00549451,-0.18127060,-0.20475338,0.17840284,-0.01229746,2.77856421,-2.19736958,-1.72817624,0.04600185,0.00122106,0.05563155,
24022,0.91595334,2.09024501,14.06761551,6.00000000,-0.29648438,0.32065430,0.44199184,-0.94938666,-0.03735138,0.07000000,0.00549451,-0.29231545,-0.23999999,0.23999999,-0.01229746,0.55152404,0.39444441,-0.94337434,-0.25864759,0.00122106,-0.06858604,
24030,-0.65703720,-1.18622017,7.70741844,6.00000000,-0.35449219,0.42539063,0.42075858,-0.28304473,-0.14768560,0.07000000,0.00549451,-0.34960276,-0.14748093,0.09937125,-0.01229746,-1.27059972,2.40331841,-0.28429395,-0.01455361,0.00122106,-0.16245110,
24038,-2.32100749,-3.16383076,5.46764278,6.00000000,-0.21269532,0.17724609,0.35585779,0.34421685,-0.10377575,0.07000000,0.00549451,-0.37336421,0.13041443,-0.18130344,-0.01229746,-2.79601741,4.00553083,0.35163748,0.13201790,0.00122106,-0.23438913,
24046,-2.13904810,-2.66224551,1.77099514,6.00000000,0.16757813,-0.30615234,0.09513149,0.86941361,-0.07952739,0.07000000,0.00549451,-0.20426357,0.23999999,-0.23999999,-0.01229746,-2.19562435,2.85710382,0.88065213,0.17422095,0.00122106,-0.12545842,
24053,-0.96948051,-1.41127503,-0.34308490,5.00000000,0.33193359,-0.41894531,0.05471950,1.00431633,-0.09083408,0.07000000,0.00549451,-0.02464664,0.23999999,-0.23999999,-0.01229746,0.48171088,-0.40317106,1.01914191,0.24937795,0.00122106,0.11408170,
24062,2.04960775,-0.71216816,1.72550535,6.00000000,0.34482422,-0.42539063,-0.07632698,0.72067404,-0.05793542,0.07000000,0.00549451,0.01038010,0.23999999,-0.23999999,-0.01229746,3.27074695,-3.31263494,0.74155289,0.02045667,0.00122106,0.30686551,
24070,3.88117218,1.06792080,6.92690849,6.00000000,0.34321290,-0.42216796,-0.26043543,0.04967224,0.08098780,0.07000000,0.00549451,0.12371826,-0.02296221,0.03811967,-0.01229746,5.40004873,-5.75609589,0.02472949,-0.17202947,0.00122106,0.42484513,
24078,7.33600521,1.36719596,10.62235928,6.00000000,-0.01933594,0.05156250,-0.29745874,-0.94850624,0.21117656,0.07000000,0.00549451,0.07180046,-0.23999999,0.23999999,-0.01229746,5.89572191,-6.12959671,-0.94616598,-0.45526218,0.00122106,0.38621622,
24086,6.92420244,0.76744848,16.43188858,6.00000000,-0.34643555,0.42055663,-0.28925639,-1.88465261,0.25057718,0.07000000,0.00549451,-0.12451010,-0.23999999,0.23999999,-0.01229746,3.64075685,-3.26202035,-1.87213171,-0.61800617,0.00122106,0.11977100,
24094,-1.92955542,1.08108890,20.53136063,6.00000000,-0.34482422,0.42539063,-0.18988977,-1.63765180,0.12876515,0.07000000,0.00549451,-0.26815891,-0.17233793,0.13428964,-0.01229746,2.31430674,-1.44164193,-1.61630392,0.07121176,0.00122106,0.01998983,
24102,3.16410875,0.84645712,14.14063835,6.00000000,-0.24975586,0.24975586,0.39154980,-0.79236996,0.01955694,0.07000000,0.00549451,-0.11146819,-0.23999999,0.23999999,-0.01229746,-0.29496065,0.66322511,-0.78728902,-0.44402084,0.00122106,-0.09651078,
24110,-0.26438811,-0.88933909,8.85304356,6.00000000,-0.34804687,0.43505859,0.36518487,-0.13260683,-0.11036755,0.07000000,0.00549451,-0.13127659,-0.20362246,0.18530619,-0.01229746,-1.74881983,2.18515205,-0.13430357,-0.08484319,0.00122106,-0.16222841,
24118,-2.14024520,-2.65147161,7.30878353,6.00000000,-0.30454102,0.32387695,0.35311261,0.49135652,-0.06074440,0.07000000,0.00549451,-0.31871909,0.01714988,-0.06049445,-0.01229746,-3.24631238,4.27780199,0.49280721,0.03505991,0.00122106,-0.25177464,
24125,-1.84575832,-2.89208889,3.50200295,5.00000000,0.00644531,-0.09506836,0.00849631,1.15018892,0.02431226,0.07000000,0.00549451,-0.25085601,0.15476821,-0.18863106,-0.01229746,-3.66693687,4.46978855,1.16084456,0.03903406,0.00122106,-0.22183609,
24134,-1.81463373,-0.49788713,2.29412818,6.00000000,0.20786133,-0.31743163,-0.09607378,1.47250533,0.04178133,0.07000000,0.00549451,-0.11221837,0.23999999,-0.23999999,-0.01229746,-1.56556034,1.93731546,1.48450947,0.19484742,0.00122106,-0.01893200,
24142,1.78504848,0.24910380,2.12773132,6.00000000,0.34482422,-0.41894531,-0.00417259,1.33607173,0.02256192,0.07000000,0.00549451,0.18509661,0.23999999,-0.23999999,-0.01229746,0.59690261,-1.19380522,1.35212684,-0.00994596,0.00122106,0.17198119,
24150,4.04038668,0.19044586,6.91374063,6.00000000,0.34482422,-0.43828124,-0.12025890,0.57993138,0.06463725,0.07000000,0.00549451,0.36190915,0.03784375,0.01028542,-0.01229746,2.75063896,-3.89208412,0.58512330,-0.16939476,0.00122106,0.29854369,
24158,7.40304279,0.36282837,10.64151287,6.00000000,0.07089844,-0.00322266,-0.19022083,-0.46724740,0.15116875,0.07000000,0.00549451,0.27401459,-0.23999999,0.23999999,-0.01229746,3.53080106,-4.42790031,-0.46709180,-0.39853355,0.00122106,0.26862624,
24166,7.43177319,1.04038751,14.70447254,6.00000000,-0.33515626,0.41249999,-0.23780322,-1.39946711,0.22323216,0.07000000,0.00549451,-0.09995422,-0.23999999,0.23999999,-0.01229746,1.87797427,-1.54461634,-1.39099538,-0.57197523,0.00122106,0.02442352,
24174,-2.72682452,0.06953867,20.53136063,6.00000000,-0.34643555,0.43828124,-0.21338813,-1.13446951,0.13653125,0.07000000,0.00549451,-0.12525269,-0.01062385,-0.00755452,-0.01229746,0.52185345,-0.09948377,-1.11801660,0.14538556,0.00122106,-0.06164943,
24182,2.22318745,1.87716091,13.89044380,6.00000000,-0.02739258,0.00805664,0.28103122,-0.29268605,0.02089432,0.07000000,0.00549451,-0.05415641,-0.23999999,0.23999999,-0.01229746,-0.47298422,0.63879049,-0.29073626,-0.44735819,0.00122106,-0.06491848,
24190,3.46817231,-1.19340277,4.33279085,6.00000000,-0.33837891,0.40605468,0.30884200,-0.06314053,-0.14415348,0.07000000,0.00549451,0.14164779,-0.23999999,0.23999999,-0.01229746,-2.41379046,1.92335284,-0.06511557,-0.41492695,0.00122106,-0.16845964,
24197,-2.30065656,-2.08763695,10.44399071,5.00000000,-0.34965819,0.43344727,0.20730563,0.02262468,-0.20690142,0.07000000,0.00549451,-0.14600195,-0.17009109,0.15010165,-0.01229746,-3.44702530,3.91477346,0.01978261,-0.04218832,0.00122106,-0.27828670,
24206,-1.13946879,-1.79674160,4.74818516,6.00000000,-0.25136718,0.27553710,0.12411434,0.97484249,-0.16686836,0.07000000,0.00549451,-0.19786589,-0.07857648,0.05214202,-0.01229746,-5.31976318,5.95506382,0.97640103,-0.06777827,0.00122106,-0.35521862,
24214,-2.48141885,-0.62717402,5.35631227,6.00000000,-0.12407227,0.11118164,-0.10792663,1.51680970,-0.12872653,0.07000000,0.00549451,-0.24848536,0.23999999,-0.23999999,-0.01229746,-5.56585503,6.35997963,1.52339697,0.09316237,0.00122106,-0.33824083,
24222,-0.25720552,-0.04897432,6.90416384,6.00000000,0.32226563,-0.38671875,-0.06486158,1.97089016,-0.12076191,0.07000000,0.00549451,-0.05610415,0.23999999,-0.23999999,-0.01229746,-3.70882463,3.89557481,1.97671795,-0.03068645,0.00122106,-0.13917333,
24230,3.04559565,0.86321652,3.91021442,6.00000000,0.34482422,-0.41572267,0.01496748,1.87006497,-0.10064588,0.07000000,0.00549451,0.18012416,0.22645885,-0.20201927,-0.01229746,-1.00007367,0.40142572,1.87922251,-0.11946069,0.00122106,0.09347806,
24238,5.38353348,0.26586321,8.05936623,6.00000000,0.33837891,-0.35771483,-0.20491017,0.89171952,-0.05022135,0.07000000,0.00549451,0.27892849,-0.12205309,0.15926023,-0.01229746,1.16937065,-2.09439516,0.89507073,-0.28718832,0.00122106,0.19535570,
24246,7.79688883,0.38677040,10.43561077,6.00000000,-0.15791015,0.25297850,-0.23471703,-0.18116833,0.03860623,0.07000000,0.00549451,0.15084270,-0.23999999,0.23999999,-0.01229746,0.87964594,-1.37531948,-0.18241841,-0.49233645,0.00122106,0.07003105,
24254,3.79019237,0.55197030,17.11902428,6.00000000,-0.35932618,0.43022460,-0.26691231,-0.81524414,0.05078619,0.07000000,0.00549451,-0.21622860,-0.23999999,0.23999999,-0.01229746,-0.45727628,1.15366256,-0.81229037,-0.39098933,0.00122106,-0.12653100,
24262,0.76990700,0.77343398,16.88798523,6.00000000,-0.34804687,0.43828124,0.02672387,-0.16076861,-0.03857510,0.07000000,0.00549451,-0.11781307,-0.23999999,0.23999999,-0.01229746,-2.28638124,2.67384434,-0.15431827,-0.25640500,0.00122106,-0.20071815,
24269,0.33057100,0.48972106,12.14746571,5.00000000,-0.36254883,0.43022460,0.09650966,0.39188460,-0.20450428,0.07000000,0.00549451,-0.23473296,-0.23999999,0.23999999,-0.01229746,-4.09803295,4.82234430,0.39143074,-0.23148063,0.00122106,-0.31142619,
24278,-0.97307181,-0.59485233,8.85424137,6.00000000,-0.36416015,0.43828124,0.33418870,1.13061476,-0.25992423,0.07000000,0.00549451,-0.44230407,-0.07117669,0.01167257,-0.01229746,-5.87128735,7.30594826,1.13149297,-0.05012348,0.00122106,-0.41663498,
24286,-2.40600157,-1.93081689,6.80959272,6.00000000,-0.11762695,0.02416992,0.28414685,1.75843847,-0.22677900,0.07000000,0.00549451,-0.47014588,0.23999999,-0.23999999,-0.01229746,-6.62526989,8.12625313,1.76922679,0.12177101,0.00122106,-0.42856935,
24294,-1.58359325,-2.17741966,3.76775932,6.00000000,0.32548827,-0.40283203,0.09380011,2.20659542,-0.16078547,0.07000000,0.00549451,-0.28714761,0.23999999,-0.23999999,-0.01229746,-4.86074209,5.79449320,2.22798085,0.16357052,0.00122106,-0.23306467,
24302,1.13023436,-1.67104602,-0.07852562,6.00000000,0.33193359,-0.41733399,-0.08720126,2.01850390,-0.09887924,0.07000000,0.00549451,0.00383513,0.23999999,-0.23999999,-0.01229746,-1.93207943,1.92160749,2.05334187,0.07098509,0.00122106,0.01192051,
24310,3.29219842,0.49331236,3.49242616,6.00000000,0.34160155,-0.42861328,-0.28286994,1.38378513,-0.06084468,0.07000000,0.00549451,0.08405275,0.19435239,-0.18342882,-0.01229746,0.94771379,-1.22347581,1.40285730,-0.10918412,0.00122106,0.18953122,
24318,5.48169613,0.86201942,7.60087633,6.00000000,0.29487306,-0.32871094,-0.31713387,0.55096543,-0.05831325,0.07000000,0.00549451,0.26352370,-0.17765523,0.21242259,-0.01229746,2.64591932,-3.47320533,0.55469817,-0.31055099,0.00122106,0.27776262,
24326,7.73344278,1.27621627,10.77917862,6.00000000,-0.24008790,0.34965819,-0.17588490,-0.43480954,-0.08482607,0.07000000,0.00549451,0.13481335,-0.23999999,0.23999999,-0.01229746,1.61268425,-2.08566856,-0.43324608,-0.53906476,0.00122106,0.10604028,
24334,4.95257759,0.47655296,18.09466171,6.00000000,-0.35449219,0.42700195,-0.14752930,-1.01444995,-0.10627006,0.07000000,0.00549451,-0.13110138,-0.23999999,0.23999999,-0.01229746,-0.97563910,1.40149939,-1.00721717,-0.58259284,0.00122106,-0.16679776,
24341,0.26473045,0.47056746,20.53136063,5.00000000,-0.34965819,0.43022460,0.15383713,-0.57850033,-0.16331859,0.07000000,0.00549451,-0.27818587,-0.23999999,0.23999999,-0.01229746,-2.20260549,3.11541271,-0.56559592,-0.10795560,0.00122106,-0.24405342,
24350,1.86525428,-0.07171923,11.17302513,6.00000000,-0.36254883,0.42539063,0.05519120,0.20195539,-0.28914946,0.07000000,0.00549451,-0.23309439,-0.23999999,0.23999999,-0.01229746,-4.74729538,5.48906040,0.20265591,-0.36702204,0.00122106,-0.37893382,
24358,-2.47303915,-0.10882936,9.36899471,6.00000000,-0.36416015,0.42377931,0.18575247,0.81862622,-0.32624859,0.07000000,0.00549451,-0.51537275,0.01445481,-0.08392671,-0.01229746,-6.16973877,7.84001923,0.81897759,0.07221127,0.00122106,-0.47256729,
24366,-1.25199628,-0.42965239,3.12491632,6.00000000,0.00644531,-0.13535157,0.34131518,1.54078555,-0.28705853,0.07000000,0.00549451,-0.51600164,0.19575165,-0.23999999,-0.01229746,-6.73697090,8.40725136,1.54991388,0.10839537,0.00122106,-0.45821297,
24374,-1.72485113,-1.24727225,-0.89494842,6.00000000,0.27070314,-0.41088867,0.26796484,1.96035731,-0.24129134,0.07000000,0.00549451,-0.14997458,0.23999999,-0.23999999,-0.01229746,-5.01433086,5.48556948,1.98763931,0.30653989,0.00122106,-0.24886437,
24382,0.85849249,-2.22290945,-1.15950763,6.00000000,0.33354491,-0.41249999,-0.03323511,1.75347912,-0.21549104,0.07000000,0.00549451,0.14932600,0.23999999,-0.23999999,-0.01229746,-2.25147462,1.75405586,1.78531384,0.13052811,0.00122106,-0.01993565,
24390,2.29261923,-0.82828695,3.31884670,6.00000000,0.33999023,-0.41733399,-0.22034951,1.22403133,-0.10857543,0.07000000,0.00549451,0.22854945,0.23999999,-0.23999999,-0.01229746,0.65973443,-1.40149939,1.23789728,0.02544322,0.00122106,0.17669460,
24398,4.38036299,1.22952938,8.06175995,6.00000000,0.35449219,-0.43828124,-0.53505081,0.44412506,-0.05002863,0.07000000,0.00549451,0.41442147,0.14255628,-0.08731042,-0.01229746,2.63544726,-3.93920803,0.45004976,-0.07494376,0.00122106,0.28506869,
24406,7.82083082,1.84244502,12.33541012,6.00000000,0.21269532,-0.17080078,-0.38521013,-0.56528348,-0.02163946,0.07000000,0.00549451,0.44885185,-0.23999999,0.23999999,-0.01229746,3.55174494,-4.97767925,-0.56002796,-0.32098669,0.00122106,0.28237569,
24413,10.10968781,1.30255258,16.65814209,5.00000000,-0.31259766,0.39799803,-0.07216816,-1.46351814,-0.06776630,0.07000000,0.00549451,0.23471108,-0.23999999,0.23999999,-0.01229746,1.71565866,-2.46440482,-1.44971263,-0.72465813,0.00122106,0.04295871,
24422,3.23234344,-1.15030706,20.53136063,6.00000000,-0.35771483,0.44150391,0.17796402,-1.70992148,-0.16630785,0.07000000,0.00549451,0.03347036,-0.23999999,0.23999999,-0.01229746,-0.72954762,0.63355452,-1.68966305,-0.47570118,0.00122106,-0.18069512,
24430,0.70047516,-1.03538537,15.46702576,6.00000000,-0.35771483,0.42216796,0.33462745,-0.67272896,-0.16742913,0.07000000,0.00549451,-0.18177362,-0.23999999,0.23999999,-0.01229746,-2.76460147,3.34230542,-0.66139770,-0.28133005,0.00122106,-0.28472081,
24438,-2.26594067,-1.62795031,9.51384354,6.00000000,-0.35610351,0.43666992,0.05583669,-0.09582745,-0.16696340,0.07000000,0.00549451,-0.25105041,-0.17101932,0.13693920,-0.01229746,-4.67573690,5.47509813,-0.09444696,0.01386517,0.00122106,-0.39614153,
24446,-3.01173449,-0.05017142,2.72747874,6.00000000,-0.25458986,0.24008790,0.08734889,0.80561894,-0.16923830,0.07000000,0.00549451,-0.47093821,0.11972938,-0.18320528,-0.01229746,-5.98997021,7.51887798,0.80455172,0.14160581,0.00122106,-0.45172814,
24454,-2.31023335,-0.21417423,-0.59806740,6.00000000,0.14985351,-0.30131835,0.30757731,1.37304926,-0.11882168,0.07000000,0.00366300,-0.30325609,0.23999999,-0.23999999,-0.01229746,-5.83987188,6.83296394,1.38513684,0.27851892,0.00122106,-0.37683725,
24462,-2.41438127,-0.26564956,-1.28280902,6.00000000,0.34643555,-0.41088867,0.31394285,1.64740360,-0.15151894,0.07000000,0.00366300,-0.00033036,0.23999999,-0.23999999,-0.01229746,-3.29692674,3.26900172,1.66821527,0.47972125,0.00122106,-0.12005205,
24470,1.31099665,-1.23889256,1.29215491,6.00000000,0.33837891,-0.41572267,0.01135574,1.28639185,-0.06839570,0.07000000,0.00366300,0.12747115,0.23999999,-0.23999999,-0.01229746,-0.13613568,-0.25830874,1.30839086,0.14417687,0.00122106,0.10738652,
24478,3.46098971,-1.28917074,7.43807077,6.00000000,0.35288087,-0.43666992,-0.34164733,0.63765085,0.15422142,0.07000000,0.00366300,0.13673079,0.13561581,-0.11774536,-0.01229746,2.30732512,-2.74714804,0.64028203,-0.07675587,0.00122106,0.24338727,
24485,6.52437067,1.13854969,12.33660698,5.00000000,0.20141602,-0.21269532,-0.65155518,-0.16920830,0.30730805,0.07000000,0.00366300,0.09934316,-0.23999999,0.23999999,-0.01229746,3.43306255,-3.77165651,-0.17029804,-0.29524809,0.00122106,0.26128641,
24494,11.44086361,2.19439268,17.52603912,6.00000000,-0.31904298,0.38994139,-0.46350795,-1.21101713,0.33915332,0.07000000,0.00366300,-0.03253417,-0.23999999,0.23999999,-0.01229746,1.16762531,-1.07337749,-1.20535672,-0.88872671,0.00122106,-0.00419444,
24502,1.79821670,0.56513840,20.53136063,6.00000000,-0.34965819,0.42539063,-0.04405463,-1.11530495,0.16344368,0.07000000,0.00366300,0.02660473,-0.23999999,0.23999999,-0.01229746,-1.06814146,1.01403630,-1.10171759,-0.12825459,0.00122106,-0.16278882,
24510,3.28860712,0.96377301,16.81256676,6.00000000,-0.35610351,0.43989259,0.28102788,-0.21498752,-0.05591518,0.07000000,0.00366300,0.02530163,-0.23999999,0.23999999,-0.01229746,-3.98284125,3.92873621,-0.20430028,-0.56946576,0.00122106,-0.31755951,
24518,-3.00934029,0.02285174,12.44075489,6.00000000,-0.35932618,0.43344727,0.39526528,0.33990470,-0.21635059,0.07000000,0.00366300,-0.04127022,0.02867238,-0.03369235,-0.01229746,-5.76307726,5.88175964,0.33998346,0.10120463,0.00122106,-0.41799766,
24526,-3.22960687,-0.68104357,3.43616247,6.00000000,0.01933594,-0.04028320,0.48707733,1.13722360,-0.26433206,0.07000000,0.00366300,-0.16988069,0.23999999,-0.23999999,-0.01229746,-6.09643507,6.65843105,1.13973856,0.16552529,0.00122106,-0.39869621,
24534,-2.53169703,-1.39451563,-2.26084042,6.00000000,0.33837891,-0.40605468,0.45343176,1.64102924,-0.19637816,0.07000000,0.00366300,0.03095463,0.23999999,-0.23999999,-0.01229746,-4.32318068,4.17308235,1.66039705,0.37844813,0.00122106,-0.19626606,
24542,-1.22566009,-3.51577830,-2.84023738,6.00000000,0.34804687,-0.41733399,0.00043456,1.54556167,-0.12411188,0.07000000,0.00549451,0.24958709,0.23999999,-0.23999999,-0.01229746,-1.07163215,0.26179940,1.57302713,0.38694221,0.00122106,0.06829715,
24550,0.77230120,-1.65189230,0.68881601,6.00000000,0.35449219,-0.41894531,-0.21180876,1.23565328,-0.06128525,0.07000000,0.00549451,0.32543871,0.23999999,-0.23999999,-0.01229746,1.58650434,-2.67209911,1.25116718,0.25599620,0.00122106,0.25114420,
24557,2.61224532,0.91229767,4.74339676,5.00000000,0.34804687,-0.43666992,-0.48539060,0.76386869,0.02417456,0.07000000,0.00549451,0.44537315,0.23999999,-0.23999999,-0.01229746,3.58839703,-5.01956701,0.77615744,0.14711441,0.00122106,0.38742217,
24566,6.27417660,1.36839306,11.46152687,6.00000000,0.34965819,-0.43505859,-0.44996682,0.05983648,0.11533708,0.07000000,0.00549451,0.52981514,0.08258103,-0.01223210,-0.01229746,5.31801844,-7.04938459,0.06329292,-0.13655336,0.00122106,0.47597668,
24574,10.25094604,1.68323064,18.25387764,6.00000000,0.13374023,-0.03867187,-0.18849288,-0.89856189,0.13785256,0.07000000,0.00549451,0.38886356,-0.23999999,0.23999999,-0.01229746,5.76307726,-7.01273251,-0.89093506,-0.49566382,0.00122106,0.41861975,
24582,11.33192825,-0.55774218,19.92143822,6.00000000,-0.32226563,0.39960939,0.13584191,-1.52219796,0.11497817,0.07000000,0.00549451,0.05211315,-0.23999999,0.23999999,-0.01229746,3.12239385,-3.28645492,-1.50569916,-0.92940509,0.00122106,0.13338301,
24590,2.20403385,-2.43599343,20.53136063,6.00000000,-0.35610351,0.43022460,0.10742830,-1.66812944,0.09864296,0.07000000,0.00549451,-0.02085648,-0.23999999,0.23999999,-0.01229746,0.17976892,-0.10995574,-1.65277851,-0.14228201,0.00122106,-0.11453760,
24598,-2.49578404,-0.25248146,14.89720631,6.00000000,-0.35126954,0.42861328,-0.15409550,-0.59648132,0.01330699,0.07000000,0.00549451,-0.21748024,-0.14045128,0.11027780,-0.01229746,-1.65980804,2.32826900,-0.55016410,0.02716444,0.00122106,-0.19438848,
24606,-2.01095819,0.55915290,5.32039928,6.00000000,-0.20302734,0.20302734,0.10389369,0.12047252,-0.04342401,0.07000000,0.00549451,-0.18932916,-0.04314555,0.01726903,-0.01229746,-3.28820014,3.90255642,0.11596847,0.03552535,0.00122106,-0.26373893,
24614,-3.43790245,-0.47394511,-1.01465845,6.00000000,-0.06928711,0.03061523,0.38207072,0.75759602,-0.11877876,0.07000000,0.00549451,-0.19236867,0.23999999,-0.23999999,-0.01229746,-3.72104192,4.33714342,0.75974447,0.33047661,0.00122106,-0.24974999,
24622,-3.05123878,-0.04059461,-0.89135712,6.00000000,0.32548827,-0.40122071,0.49708009,1.21378398,-0.12002560,0.07000000,0.00549451,-0.03753482,0.23999999,-0.23999999,-0.01229746,-1.96524072,2.09439516,1.22396195,0.46386147,0.00122106,-0.05883925,
24629,-1.56443965,-2.16903996,-3.61236739,5.00000000,0.33515626,-0.41411132,0.44044539,1.28656840,-0.11604328,0.07000000,0.00549451,0.10541872,0.23999999,-0.23999999,-0.01229746,0.90582591,-1.16937065,1.34576201,0.45443887,0.00122106,0.18580835,
