TimeStamp,acc_x,acc_y,acc_z,cal_time,current_LW,current_RW,gyr_x,gyr_y,gyr_z,h_d,psi_dot_d,psi_dot_hat,tau_LW,tau_RW,theta_d,theta_dot_LW,theta_dot_RW,theta_dot_hat,theta_hat,v_d,v_hat,
190,-1.46029186,-0.21058293,9.59165478,6.00000000,0.00161133,-0.00161133,0.00136334,0.06178440,-0.00001717,0.07000000,0.00549451,-0.00003980,0.23999999,-0.23999999,-0.06422273,0.00000000,0.00000000,0.06167522,0.14823318,0.00122106,0.00465418,
198,-1.67696714,-0.19382352,9.53299713,6.00000000,0.25942382,-0.31743163,0.00197973,0.05676061,-0.00131640,0.07000000,0.00549451,0.05549916,0.23999999,-0.23999999,-0.02890287,0.68242371,-0.85870200,0.05676417,0.17213459,0.00122106,0.06303976,
205,0.60829842,0.08629808,6.57256651,5.00000000,0.31259766,-0.35288087,0.04793876,-0.14256749,-0.00492315,0.07000000,0.00549451,0.20976755,0.23999999,-0.23999999,-0.01885183,1.76452780,-2.44869709,-0.14210847,0.14761916,0.00122106,0.14999157,
214,-0.39966050,-0.05017142,8.88177395,6.00000000,0.29165038,-0.36254883,-0.03225517,-0.72976255,-0.02559683,0.07000000,0.00549451,0.33025941,0.23999999,-0.23999999,-0.01506970,3.39815593,-4.45408010,-0.73033035,0.25524873,0.00122106,0.24451773,
222,1.23079085,-1.10840857,10.03458214,6.00000000,0.30292970,-0.37866211,-0.04381106,-1.27500916,-0.00391497,0.07000000,0.00549451,0.44619820,0.13862070,-0.07993464,-0.01350248,4.75951290,-6.26049614,-1.27801132,0.12234412,0.00122106,0.32273346,
230,1.65576160,-0.42725819,11.24844265,6.00000000,0.19819336,-0.18369141,-0.05612335,-1.84912682,-0.03721997,0.07000000,0.00549451,0.50812924,0.01549038,0.05127604,-0.01282733,5.73515224,-7.37227058,-1.84880495,0.08929776,0.00122106,0.36144215,
238,1.17213285,-1.42564034,12.77953434,6.00000000,0.04672851,0.01933594,-0.01068929,-2.31689358,-0.03643743,0.07000000,0.00549451,0.31885889,-0.21640153,0.23999999,-0.01253163,5.78227568,-6.81725597,-2.31483150,0.00771281,0.00122106,0.30115879,
246,0.25156236,-1.78955901,14.12866688,6.00000000,-0.20463867,0.29809570,0.01868490,-2.51300359,-0.02371731,0.07000000,0.00549451,-0.01679328,-0.23999999,0.23999999,-0.01240118,4.94102716,-4.88692188,-2.50416756,-0.05752470,0.00122106,0.18185157,
254,-3.10032010,-1.27121425,15.68010998,6.00000000,-0.26425782,0.32226563,-0.10173079,-2.18028688,-0.02456545,0.07000000,0.00549451,-0.17812467,-0.22917491,0.20304239,-0.01234344,3.26202035,-2.67908049,-2.16008782,0.08036262,0.00122106,0.06009471,
262,-3.02250838,0.17488354,9.17745781,6.00000000,-0.27392578,0.27875978,-0.11613212,-1.32754982,-0.05866382,0.07000000,0.00549451,-0.36974463,-0.13618627,0.08458395,-0.01231786,1.33692217,-0.15707964,-1.32904541,0.08698851,0.00122106,-0.04392732,
270,-3.99694848,0.92546576,4.89303398,6.00000000,-0.18369141,0.14340821,0.17068829,-0.58838367,-0.09621504,0.07000000,0.00549451,-0.33009073,0.23999999,-0.23999999,-0.01230651,-0.05759586,1.10828412,-0.59803098,0.28259301,0.00122106,-0.09027044,
278,-3.38044167,0.76266009,3.11294532,6.00000000,0.18691406,-0.26264650,0.36976868,0.05923034,-0.08670812,0.07000000,0.00549451,-0.23004541,0.23999999,-0.23999999,-0.01230148,0.47822019,0.27227136,0.05254769,0.41790065,0.00122106,0.01128630,
286,-1.88167131,-0.63794792,1.22511721,6.00000000,0.27714843,-0.31743163,0.34224820,0.39620677,-0.08224297,0.07000000,0.00549451,0.06640798,0.23999999,-0.23999999,-0.01229924,2.19736958,-2.42251706,0.39842421,0.50499666,0.00122106,0.21185218,
294,1.46542263,-0.57809287,3.92457962,6.00000000,0.27231446,-0.36738282,-0.15922926,0.17374063,-0.02213236,0.07000000,0.00549451,0.08706225,0.23999999,-0.23999999,-0.01229826,4.00203991,-4.27431107,0.17757186,0.12313351,0.00122106,0.32902148,
302,2.43028593,-1.46394753,9.12957382,6.00000000,0.29326171,-0.36738282,-0.39186162,-0.27382907,0.13930677,0.07000000,0.00549451,0.12584038,0.17219928,-0.15685824,-0.01229781,5.44368172,-5.85034370,-0.27521199,0.01162576,0.00122106,0.40958634,
310,4.42585325,1.87237251,15.57955360,6.00000000,0.24169922,-0.29326171,-0.60423452,-1.09551191,0.18449830,0.07000000,0.00549451,0.25192925,-0.09332003,0.12540559,-0.01229762,6.32681847,-7.14188766,-1.09050560,-0.09221938,0.00122106,0.42935458,
318,6.25741720,2.44458675,18.36640358,6.00000000,-0.02416992,0.09990235,-0.18951893,-1.97151995,0.05806799,0.07000000,0.00366300,0.31505737,-0.23999999,0.23999999,-0.01229753,5.78751183,-6.80154848,-1.94968772,-0.33143216,0.00122106,0.33206958,
326,1.59949791,-0.14115109,20.53136063,6.00000000,-0.24975586,0.32387695,0.09650140,-2.54220772,-0.08215813,0.07000000,0.00366300,0.17480397,-0.23999999,0.23999999,-0.01229750,4.26558447,-4.82583523,-2.51147604,-0.26130682,0.00122106,0.15267597,
334,-3.05722451,-0.56971318,16.64138222,6.00000000,-0.26586914,0.33032227,0.16561617,-2.04047060,-0.23025334,0.07000000,0.00366300,0.05229907,-0.23999999,0.23999999,-0.01229747,2.56388855,-2.72445917,-2.01856947,-0.00265640,0.00122106,0.05062910,
342,-2.31502175,-0.07650764,6.66713762,6.00000000,-0.26425782,0.31904298,0.16766419,-1.17114675,-0.21148190,0.07000000,0.00366300,-0.15031828,-0.22165285,0.20032275,-0.01229746,0.38048175,0.10995574,-1.18099391,0.00690204,0.00122106,-0.07961316,
349,-4.03166437,0.90391797,3.10576272,5.00000000,-0.25781250,0.28520507,0.18772712,-0.49780858,-0.24866566,0.07000000,0.00366300,-0.24819049,0.18164212,-0.21579556,-0.01229746,-1.26012766,2.05599785,-0.50890225,0.24780093,0.00122106,-0.16462657,
358,-4.01251078,0.54718190,0.21715829,6.00000000,0.14340821,-0.22397462,0.30815092,0.35448894,-0.16939901,0.07000000,0.00366300,-0.17293145,0.23999999,-0.23999999,-0.01229746,-1.32994080,1.89193690,0.34734893,0.39209133,0.00122106,-0.09615406,
366,-2.03130889,0.09348068,-0.32871971,6.00000000,0.23525390,-0.30131835,0.18895631,0.70294160,-0.14471149,0.07000000,0.00366300,0.01999411,0.23999999,-0.23999999,-0.01229746,0.79063416,-0.85870200,0.70774961,0.45823884,0.00122106,0.11409907,
374,-1.50099325,-1.19100857,5.19949198,6.00000000,0.27875978,-0.36577147,0.01653909,0.75276983,-0.04771893,0.07000000,0.00366300,-0.08537364,0.23999999,-0.23999999,-0.01229746,3.04909015,-2.77507353,0.75690186,0.39439651,0.00122106,0.27753901,
382,3.27783322,-1.35142004,9.31751919,6.00000000,0.30615234,-0.36577147,-0.22313172,0.39848527,0.20948178,0.07000000,0.00366300,-0.09441552,0.08113286,-0.09515094,-0.01229746,4.79965544,-4.43313646,0.40069374,-0.11852568,0.00122106,0.38070747,
390,6.56387520,-0.99228978,14.07599449,6.00000000,0.14985351,-0.17885742,-0.74323922,-0.42876330,0.30415908,0.07000000,0.00549451,-0.02964592,-0.23999999,0.23999999,-0.01229746,5.51174974,-5.38957644,-0.43118632,-0.46274281,0.00122106,0.38182178,
398,7.70590925,3.25622106,20.53136063,6.00000000,-0.19174805,0.24653320,-0.44273385,-1.25457561,0.24458626,0.07000000,0.00549451,-0.16069146,-0.23999999,0.23999999,-0.01229746,4.29525518,-3.80830836,-1.27025843,-0.53596008,0.00122106,0.21326262,
406,-0.16862005,0.03003434,20.53136063,6.00000000,-0.26748046,0.36093751,0.04535152,-1.46854162,0.07158498,0.07000000,0.00549451,0.09565979,-0.23999999,0.23999999,-0.01229746,2.11708450,-2.42949820,-1.45097685,-0.11029810,0.00122106,0.06360064,
414,0.81898814,1.07749760,15.82256508,6.00000000,-0.28198242,0.32226563,0.00161118,-0.74710327,-0.16137755,0.07000000,0.00549451,-0.02601877,-0.23999999,0.23999999,-0.01229746,0.00349066,0.06806784,-0.73411644,-0.30225652,0.00122106,-0.05959382,
421,-3.45466185,-0.66428417,7.76966763,5.00000000,-0.28681642,0.35771483,0.34688836,-0.17292716,-0.28582644,0.07000000,0.00549451,-0.07736477,0.07367268,-0.08473806,-0.01229746,-1.45036852,1.78547192,-0.21415424,0.11640152,0.00122106,-0.13931301,
430,-3.44149375,0.39515010,1.58903587,6.00000000,0.01450195,-0.06606445,0.28782752,0.51544750,-0.34874010,0.07000000,0.00549451,-0.19515976,0.23999999,-0.23999999,-0.01229746,-1.92684352,2.56388855,0.51267689,0.21746467,0.00122106,-0.13016142,
438,-2.72083902,-0.91567534,-3.13711834,6.00000000,0.22236328,-0.30454102,0.66832626,1.05451131,-0.27533770,0.07000000,0.00549451,-0.15256764,0.23999999,-0.23999999,-0.01229746,-0.28448865,0.78190750,1.06390679,0.49197894,0.00122106,0.03890007,
446,-0.92638487,-1.68181992,-2.59842300,6.00000000,0.26909178,-0.35610351,0.20876101,1.14848602,-0.22855824,0.07000000,0.00549451,-0.10762782,0.23999999,-0.23999999,-0.01229746,1.87448359,-1.53239918,1.16892862,0.40708178,0.00122106,0.22035207,
454,0.23360585,-2.34022546,3.79768682,6.00000000,0.27231446,-0.34160155,-0.11698043,0.93006057,-0.04035413,0.07000000,0.00549451,-0.06868985,0.23999999,-0.23999999,-0.01229746,3.67566347,-3.46971464,0.94193131,0.21003491,0.00122106,0.34419048,
462,3.80216336,-1.54295623,8.59925842,6.00000000,0.30292970,-0.35126954,-0.60148072,0.46199906,0.11269413,0.07000000,0.00549451,-0.02932338,0.02627151,-0.03177553,-0.01229746,5.31103659,-5.16966534,0.43892229,-0.18268016,0.00122106,0.43265894,
470,7.34677887,0.54478770,14.34773636,6.00000000,0.11601563,-0.09667969,-0.78908992,-0.34562227,0.22767943,0.07000000,0.00549451,0.07392842,-0.23999999,0.23999999,-0.01229746,5.58854437,-5.82241869,-0.34739906,-0.47606361,0.00122106,0.40701613,
478,7.29171228,3.09102130,20.53136063,6.00000000,-0.18691406,0.24008790,-0.40987140,-1.25275159,0.03728747,0.07000000,0.00549451,-0.00416373,-0.23999999,0.23999999,-0.01229746,4.13293982,-4.12421322,-1.24341142,-0.51455480,0.00122106,0.21746959,
486,2.50929451,-0.54098278,20.53136063,6.00000000,-0.27392578,0.35449219,0.41297761,-1.59789658,-0.13440055,0.07000000,0.00549451,0.14954127,-0.23999999,0.23999999,-0.01229746,2.09788561,-2.56912470,-1.57886827,-0.40023163,0.00122106,0.06029248,
493,1.02249527,-0.75765800,15.85967541,5.00000000,-0.27714843,0.31420898,0.18152259,-0.83364791,-0.36907125,0.07000000,0.00549451,0.00411370,-0.23999999,0.23999999,-0.01229746,0.16929694,-0.16755162,-0.82198340,-0.36415628,0.00122106,-0.05286724,
502,-3.60070825,-1.17544627,7.85346460,6.00000000,-0.30131835,0.34643555,0.26778778,-0.24175410,-0.36197236,0.07000000,0.00549451,-0.17542595,0.05531409,-0.07971738,-0.01229746,-1.47305787,2.03505397,-0.24529254,0.11564204,0.00122106,-0.15140983,
510,-3.49057484,0.64534420,0.91267389,6.00000000,0.00000000,-0.04995117,0.22717175,0.63740689,-0.38182032,0.07000000,0.00549451,-0.33304018,0.23999999,-0.23999999,-0.01229746,-1.88495564,2.96182370,0.63357443,0.24202690,0.00122106,-0.13637692,
518,-2.86568832,-1.29635346,-3.42921090,6.00000000,0.23686524,-0.29970703,0.37872979,1.00114739,-0.27979445,0.07000000,0.00549451,-0.15765898,0.23999999,-0.23999999,-0.01229746,-0.66846108,1.16587996,1.01605260,0.48659357,0.00122106,0.00987318,
526,-1.79188883,-0.19861192,-2.28358531,6.00000000,0.28198242,-0.34965819,0.12147168,1.14061844,-0.28138262,0.07000000,0.00549451,-0.02733952,0.23999999,-0.23999999,-0.01229746,1.21300387,-1.12050128,1.15755463,0.47991386,0.00122106,0.17696032,
534,0.13903487,-1.23051286,3.09738302,6.00000000,0.27070314,-0.34965819,-0.05825862,0.94136065,-0.15478645,0.07000000,0.00366300,-0.02055044,0.23999999,-0.23999999,-0.01229746,3.12937546,-3.09970474,0.97031140,0.24685703,0.00122106,0.31156075,
542,3.83807659,-0.95398253,8.91649055,6.00000000,0.28842774,-0.37382811,-0.41137451,0.42467517,0.00379654,0.07000000,0.00366300,0.00423244,0.04245339,-0.04307468,-0.01229746,4.83805275,-4.83456182,0.42096043,-0.16010964,0.00122106,0.39997640,
550,7.98962212,0.01806333,14.49258614,6.00000000,0.10634766,-0.14179687,-0.65589023,-0.41530222,0.17070834,0.07000000,0.00549451,-0.02853268,-0.23999999,0.23999999,-0.01229746,5.53269386,-5.45764494,-0.43970096,-0.52040601,0.00122106,0.38538137,
558,8.60732651,2.31410265,20.53136063,6.00000000,-0.18852539,0.21591797,-0.39391646,-1.32644141,0.12493440,0.07000000,0.00549451,-0.24616994,-0.23999999,0.23999999,-0.01229746,4.39997530,-3.55349040,-1.33024311,-0.67347658,0.00122106,0.20423949,
565,2.89715528,-0.25966406,20.53136063,5.00000000,-0.26909178,0.37543947,0.20162264,-1.62676167,0.01893926,0.07000000,0.00549451,-0.03452630,-0.23999999,0.23999999,-0.01229746,2.45044208,-2.34223175,-1.60697269,-0.34769437,0.00122106,0.05914800,
574,2.57633209,1.16249180,16.81496239,6.00000000,-0.26909178,0.32709962,-0.02984922,-0.83932132,-0.28902197,0.07000000,0.00549451,-0.14014257,-0.23999999,0.23999999,-0.01229746,0.17278759,0.27925268,-0.82344371,-0.44753885,0.00122106,-0.06667843,
582,-3.04645038,-0.40451327,8.87219715,6.00000000,-0.29809570,0.36738282,0.29670450,-0.33969355,-0.33574164,0.07000000,0.00549451,-0.15552545,0.05137623,-0.07311097,-0.01229746,-1.45036852,1.95302343,-0.34232217,0.12445572,0.00122106,-0.15328786,
590,-3.64021254,1.24748588,2.26420069,6.00000000,-0.00805664,-0.04995117,0.23653463,0.51470596,-0.38885388,0.07000000,0.00549451,-0.22545633,0.23999999,-0.23999999,-0.01229746,-1.97745812,2.69478822,0.50994819,0.24677913,0.00122106,-0.14000177,
598,-2.23002768,-0.63435662,-4.40604496,6.00000000,0.24008790,-0.27070314,0.44244838,0.97359967,-0.32044643,0.07000000,0.00549451,-0.09776583,0.23999999,-0.23999999,-0.01229746,-0.69289571,0.99832833,0.98446870,0.42044127,0.00122106,0.01044910,
606,-1.58359325,-0.62717402,-3.55610371,6.00000000,0.26425782,-0.32548827,0.14385885,1.10217905,-0.32155773,0.07000000,0.00366300,0.10127472,0.23999999,-0.23999999,-0.01229746,1.37182879,-1.69122410,1.12015522,0.44600856,0.00122106,0.20129466,
614,0.36887825,-2.05172396,2.33123851,6.00000000,0.27070314,-0.35126954,-0.01822522,0.91569066,-0.17240244,0.07000000,0.00366300,0.08765094,0.23999999,-0.23999999,-0.01229746,3.36673999,-3.66170073,0.92624128,0.23701280,0.00122106,0.33927011,
622,3.74230838,-1.85659659,7.32554293,6.00000000,0.27553710,-0.38027343,-0.40442395,0.49528864,-0.02885340,0.07000000,0.00366300,0.08625544,0.15378112,-0.14328861,-0.01229746,5.14697599,-5.43495512,0.49711949,-0.10533482,0.00122106,0.43940663,
630,7.74062538,-0.43922919,12.90882111,6.00000000,0.21591797,-0.27231446,-0.68641001,-0.25102571,0.13937871,0.07000000,0.00366300,0.13430059,-0.23999999,0.23999999,-0.01229746,6.04058456,-6.46469927,-0.25419655,-0.44810802,0.00122106,0.45780233,
637,10.04504395,2.00285649,20.26500702,5.00000000,-0.17724609,0.20463867,-0.60446918,-1.27640283,0.04485625,0.07000000,0.00366300,0.07261000,-0.23999999,0.23999999,-0.01229746,5.21155310,-5.44193649,-1.26865256,-0.59733021,0.00122106,0.30714560,
646,5.70315981,0.31853566,20.53136063,6.00000000,-0.27070314,0.33676758,0.14153264,-1.84814680,-0.10401353,0.07000000,0.00549451,-0.01786420,-0.23999999,0.23999999,-0.01229746,3.09621406,-3.02814627,-1.82619834,-0.70214826,0.00122106,0.09617661,
654,1.75272679,-1.12875926,18.72314072,6.00000000,-0.27553710,0.33676758,0.30493766,-1.13949609,-0.28263453,0.07000000,0.00549451,-0.14455651,-0.23999999,0.23999999,-0.01229746,1.00530958,-0.58643061,-1.11964631,-0.27703011,0.00122106,-0.02182986,
662,-0.84857333,-1.95835018,8.93444633,6.00000000,-0.30292970,0.33999023,0.12304879,-0.55634964,-0.32496202,0.07000000,0.00549451,-0.26851130,-0.23999999,0.23999999,-0.01229746,-0.65624380,1.53763509,-0.55680889,-0.12212031,0.00122106,-0.12563965,
670,-3.21284747,0.62140214,3.38947558,6.00000000,-0.29487306,0.34804687,0.26195368,0.22954150,-0.28879270,0.07000000,0.00549451,-0.56001216,0.16738516,-0.23999999,-0.01229746,-1.99840200,3.82227111,0.22332716,0.17466417,0.00122106,-0.20472208,
678,-2.30065656,-1.88772118,-1.50786400,6.00000000,0.12246094,-0.24169922,0.24747366,0.83357912,-0.22023915,0.07000000,0.00549451,-0.38642228,0.23999999,-0.23999999,-0.01229746,-2.61799383,3.86590433,0.84549868,0.23139848,0.00122106,-0.18260083,
686,-2.51254344,0.33290085,-3.00064874,6.00000000,0.21914062,-0.29003906,0.11378096,1.17613459,-0.22614659,0.07000000,0.00549451,-0.14301582,0.23999999,-0.23999999,-0.01229746,-0.47822019,0.93549645,1.18964624,0.44922477,0.00122106,0.03896502,
694,0.02650739,-0.40810457,1.92182994,6.00000000,0.26748046,-0.33999023,0.04185014,1.11584830,-0.14704214,0.07000000,0.00366300,-0.12806395,0.23999999,-0.23999999,-0.01229746,1.89193690,-1.48876595,1.13051164,0.26142603,0.00122106,0.21692051,
702,4.84364128,-1.29276204,6.00035238,6.00000000,0.28842774,-0.37866211,-0.14359604,0.68625027,0.03682410,0.07000000,0.00366300,-0.07882225,-0.10436484,0.09274629,-0.01229746,3.61283159,-3.35103226,0.69375157,-0.27054980,0.00122106,0.31814378,
709,6.45015049,-0.41887847,11.75960445,5.00000000,-0.03061523,0.03061523,-0.56181157,0.02895888,0.15964787,0.07000000,0.00366300,-0.19344281,-0.23999999,0.23999999,-0.01229746,4.05789042,-3.41560936,0.03990549,-0.44448721,0.00122106,0.28716040,
718,7.25579929,2.33445358,20.53136063,6.00000000,-0.28037110,0.29648438,-0.57961947,-0.73828399,0.31169167,0.07000000,0.00366300,-0.47926784,-0.23999999,0.23999999,-0.01229746,2.85186791,-1.32121420,-0.74210042,-0.83866543,0.00122106,0.10250327,
726,3.28262162,-0.16868439,20.53136063,6.00000000,-0.24653320,0.36093751,-0.03450267,-0.38344467,0.13639541,0.07000000,0.00366300,-0.27811891,-0.23999999,0.23999999,-0.01229746,0.59515727,0.27227136,-0.37197304,-0.49503934,0.00122106,-0.01211852,
734,3.07672048,2.15488839,16.55997849,6.00000000,-0.29487306,0.35288087,-0.02468922,-0.09202022,-0.12167971,0.07000000,0.00366300,-0.25552005,-0.23999999,0.23999999,-0.01229746,-1.32295966,2.16071773,-0.09366173,-0.46217072,0.00122106,-0.14183354,
742,-1.33579338,-0.63794792,10.53377342,6.00000000,-0.29809570,0.36738282,0.37659776,0.40540197,-0.24827151,0.07000000,0.00366300,-0.34890181,-0.02729209,-0.02001879,-0.01229746,-2.73493099,3.87812161,0.40612942,0.00563109,0.00122106,-0.22221981,
750,-1.95230031,-0.49070454,4.40461683,6.00000000,-0.08217774,0.05800781,0.30771104,0.92987853,-0.27831501,0.07000000,0.00549451,-0.33994597,0.18615134,-0.23221388,-0.01229746,-3.51683855,4.61116028,0.93417156,0.09931800,0.00122106,-0.23733602,
758,-1.24002528,-0.54098278,-1.64433348,6.00000000,0.15468749,-0.26264650,0.40803790,1.52337468,-0.23250222,0.07000000,0.00549451,-0.19225554,0.23999999,-0.23999999,-0.01229746,-2.51501966,3.13461137,1.53888011,0.25670996,0.00122106,-0.09698637,
766,-1.48662806,-2.25283694,-1.64074218,6.00000000,0.25297850,-0.30776367,0.11873970,1.59233797,-0.19301125,0.07000000,0.00366300,0.10603978,0.23999999,-0.23999999,-0.01229746,-0.74351025,0.39095375,1.61983001,0.35764593,0.00122106,0.08326349,
774,1.07875907,-2.54852080,2.46411657,6.00000000,0.28520507,-0.34643555,-0.14189175,1.28206277,-0.05207606,0.07000000,0.00366300,0.17203405,0.23999999,-0.23999999,-0.01229746,1.34913957,-1.88495564,1.29670227,0.15937445,0.00122106,0.22003737,
781,3.80695176,-1.33705485,6.49116373,5.00000000,0.28359374,-0.36738282,-0.49139768,0.74649733,0.03211825,0.07000000,0.00366300,0.24911386,0.21715675,-0.18406954,-0.01229746,2.84837723,-3.64250207,0.75003064,-0.05578834,0.00122106,0.30337167,
790,7.61612701,-0.12678587,10.34822273,6.00000000,0.30454102,-0.30454102,-0.53068650,-0.06744919,0.10203171,0.07000000,0.00366300,0.26060003,-0.23999999,0.23999999,-0.01229746,4.21497011,-5.07018137,-0.06856078,-0.36279726,0.00122106,0.34774524,
798,10.40776634,2.27579546,16.53483963,6.00000000,-0.16757813,0.20625000,-0.36912599,-1.12319005,0.01466318,0.07000000,0.00366300,0.23441365,-0.23999999,0.23999999,-0.01229746,3.48542237,-4.27082062,-1.11571860,-0.63052452,0.00122106,0.21054308,
806,5.81448984,0.41310662,20.53136063,6.00000000,-0.29809570,0.37060547,0.24711958,-1.71675515,-0.10721347,0.07000000,0.00366300,0.02628282,-0.23999999,0.23999999,-0.01229746,1.99142063,-2.07519650,-1.69627178,-0.75212443,0.00122106,0.02873565,
814,2.26628304,-2.20016456,17.80376625,6.00000000,-0.28198242,0.33999023,0.37726423,-0.89357764,-0.21726453,0.07000000,0.00366300,-0.02113741,-0.23999999,0.23999999,-0.01229746,-0.07504916,0.16406095,-0.87843680,-0.34699190,0.00122106,-0.07709000,
822,-0.60795605,-1.49866343,10.25604630,6.00000000,-0.30131835,0.36254883,0.02659729,-0.44252610,-0.20089093,0.07000000,0.00366300,-0.13474484,-0.23999999,0.23999999,-0.01229746,-1.51669109,1.98618472,-0.47635639,-0.16060357,0.00122106,-0.17095767,
830,-2.92195201,0.48612976,4.76135302,6.00000000,-0.29648438,0.34965819,0.04725945,0.40217769,-0.18894768,0.07000000,0.00366300,-0.31724319,0.08461527,-0.12759642,-0.01229746,-2.93913436,3.97411466,0.39818874,0.08957677,0.00122106,-0.23268008,
838,-2.69330573,-0.65829867,0.72233486,6.00000000,0.04028320,-0.09829102,0.13434698,1.09958661,-0.13622832,0.07000000,0.00366300,-0.24340123,0.23999999,-0.23999999,-0.01229746,-3.56396222,4.34412432,1.10572934,0.15768588,0.00122106,-0.21756274,
846,-2.76154041,0.25508931,-0.74770498,6.00000000,0.21591797,-0.28198242,0.03487924,1.49072564,-0.15368286,0.07000000,0.00366300,-0.03886640,0.23999999,-0.23999999,-0.01229746,-1.94778740,2.07694173,1.50623560,0.39059654,0.00122106,-0.03875898,
853,0.22283193,-0.40571037,0.68642181,5.00000000,0.26748046,-0.32548827,0.09380797,1.50330496,-0.12808101,0.07000000,0.00366300,0.08570395,0.23999999,-0.23999999,-0.01229746,0.17627826,-0.42062435,1.49560618,0.23752965,0.00122106,0.13936758,
862,3.75308228,-1.80033290,6.40976095,6.00000000,0.29648438,-0.34643555,-0.12098444,0.84937578,-0.00706276,0.07000000,0.00549451,0.15980266,0.08946338,-0.06858359,-0.01229746,1.98094869,-2.47662210,0.85505015,-0.13548779,0.00122106,0.23543321,
870,7.36832714,-0.22853944,11.74404240,6.00000000,0.13212891,-0.16113281,-0.35286486,-0.01362031,0.11423767,0.07000000,0.00549451,0.06269580,-0.23999999,0.23999999,-0.01229746,3.00894761,-3.20966029,-0.01741534,-0.42401296,0.00122106,0.23496634,
878,9.04905605,1.41627717,18.44780731,6.00000000,-0.19174805,0.23364258,-0.42050320,-0.95657140,0.20800085,0.07000000,0.00366300,-0.27202198,-0.23999999,0.23999999,-0.01229746,2.42251706,-1.55159771,-0.95420015,-0.68971419,0.00122106,0.07987113,
886,2.19924545,0.17248935,20.53136063,6.00000000,-0.29003906,0.37382811,-0.00470351,-1.28181529,0.16742098,0.07000000,0.00366300,-0.18162939,-0.23999999,0.23999999,-0.01229746,0.96167642,-0.39444441,-1.26832509,-0.34068137,0.00122106,-0.04634837,
894,3.48134041,1.81730592,16.22718430,6.00000000,-0.27875978,0.35288087,-0.03461009,-0.46787089,-0.02734205,0.07000000,0.00366300,-0.13864517,-0.23999999,0.23999999,-0.01229746,-1.28630757,1.72962129,-0.45908129,-0.53658146,0.00122106,-0.14942689,
902,-0.85815012,0.24910380,10.06690407,6.00000000,-0.30776367,0.36899415,0.26073885,-0.14227526,-0.15702651,0.07000000,0.00366300,-0.12287772,-0.23999999,0.22896202,-0.01229746,-2.84488678,3.24282169,-0.14333379,-0.08912176,0.00122106,-0.24323690,
910,-2.27072906,0.19762845,5.21385717,6.00000000,-0.29326171,0.34321290,0.18000653,0.52975219,-0.21841912,0.07000000,0.00366300,-0.25111255,0.01309794,-0.04682964,-0.01229746,-4.23765945,5.03876591,0.52852643,0.04437373,0.00122106,-0.31537887,
918,-2.39522767,0.41669792,2.05351090,6.00000000,-0.02416992,0.00644531,0.41849768,1.24469781,-0.18486188,0.07000000,0.00366300,-0.27387756,0.23999999,-0.23999999,-0.01229746,-4.78394747,5.66708422,1.24908268,0.16942614,0.00122106,-0.30327559,
925,-1.89483953,-1.72132421,-0.45441529,5.00000000,0.19335937,-0.25297850,0.11997548,1.66087151,-0.15615626,0.07000000,0.00366300,-0.06041181,0.23999999,-0.23999999,-0.01229746,-3.87463093,4.06661701,1.68143392,0.26947898,0.00122106,-0.17387146,
934,-0.10876500,-1.03179407,1.16645932,6.00000000,0.27392578,-0.33354491,-0.04971084,1.71541703,-0.08136702,0.07000000,0.00366300,-0.02874547,0.23999999,-0.23999999,-0.01229746,-1.14493597,1.20602250,1.80146670,0.23918650,0.00122106,0.04519953,
942,3.73512578,-2.43240213,4.42616510,6.00000000,0.30131835,-0.34643555,-0.21172798,1.22797132,0.06735817,0.07000000,0.00366300,0.13136870,0.09913937,-0.08153486,-0.01229746,0.67020649,-1.02101767,1.24127340,-0.15152484,0.00122106,0.16076843,
950,5.64091015,0.11143720,10.52778816,6.00000000,0.15468749,-0.14985351,-0.56355065,0.41040853,0.12406101,0.07000000,0.00366300,0.16448669,-0.14503050,0.16672349,-0.01229746,1.64060950,-2.16944432,0.40869480,-0.23175442,0.00122106,0.17623428,
958,7.42937899,1.62217844,16.83531189,6.00000000,-0.10957031,0.14179687,-0.43471542,-0.58335745,0.11478115,0.07000000,0.00366300,-0.00002775,-0.23999999,0.23999999,-0.01229746,1.27932644,-1.28456235,-0.58470178,-0.50834978,0.00122106,0.05219840,
966,6.39628124,1.60901034,20.53136063,6.00000000,-0.28198242,0.35771483,0.24734083,-1.26072848,0.07297764,0.07000000,0.00366300,-0.10026010,-0.23999999,0.23999999,-0.01229746,0.06632251,0.27227136,-1.25016093,-0.69075173,0.00122106,-0.10429532,
974,1.92032099,-1.11080277,19.84721756,6.00000000,-0.29487306,0.35932618,0.07700130,-0.72633600,-0.12869747,0.07000000,0.00366300,-0.08648298,-0.23999999,0.23999999,-0.01229746,-1.52541780,1.77849054,-0.71076715,-0.25777522,0.00122106,-0.18114319,
982,0.92792434,-0.89532459,11.15626621,6.00000000,-0.29809570,0.36093751,0.16699865,-0.46328497,-0.15894324,0.07000000,0.00366300,-0.24050777,-0.23999999,0.23999999,-0.01229746,-2.98974895,3.74373126,-0.46202004,-0.29932353,0.00122106,-0.29325932,
990,-1.96068001,-0.60562623,6.49116373,6.00000000,-0.31259766,0.34482422,0.04580607,0.21219368,-0.18519837,0.07000000,0.00366300,-0.41507500,-0.16469352,0.10860895,-0.01229746,-4.36506844,5.70373583,0.21090305,-0.02052173,0.00122106,-0.36753899,
997,-2.08517861,0.54239351,3.01598001,5.00000000,-0.23364258,0.18208008,0.21363741,0.78442532,-0.12737238,0.07000000,0.00366300,-0.46495813,0.06508526,-0.12756160,-0.01229746,-5.64439487,7.14712334,0.78480703,0.09626509,0.00122106,-0.42724973,
1006,-2.66816664,-0.86420000,1.56629097,6.00000000,0.01289062,-0.11923828,0.14601663,1.38837564,-0.10657445,0.07000000,0.00366300,-0.27332443,0.23999999,-0.23999999,-0.01229746,-5.78227568,6.67588425,1.40018141,0.22848746,0.00122106,-0.36745030,
1014,-1.65901065,-0.58527547,3.25779438,6.00000000,0.20625000,-0.28198242,0.07017634,1.62908316,-0.06237284,0.07000000,0.00366300,-0.08600381,0.23999999,-0.23999999,-0.01229746,-3.86939478,4.15039301,1.64327466,0.29039860,0.00122106,-0.18005322,
1022,2.57393789,-0.76843190,3.32124090,6.00000000,0.28520507,-0.31259766,0.02595734,1.52403116,0.03026172,0.07000000,0.00366300,0.02133693,0.23999999,-0.23999999,-0.01229746,-1.69122410,1.64759088,1.54011655,-0.02498561,0.00122106,-0.00802134,
1030,5.00644684,-1.30353606,9.12239170,6.00000000,0.30292970,-0.34160155,-0.33260232,0.68725342,0.15311639,0.07000000,0.00366300,0.17459041,-0.18488249,0.20828414,-0.01229746,0.17627826,-0.73478359,0.68693149,-0.26697752,0.00122106,0.08529531,
1038,8.23622513,0.52802831,13.50258350,6.00000000,-0.11923828,0.20786133,-0.46948886,-0.43026820,0.25164488,0.07000000,0.00366300,0.14494623,-0.23999999,0.23999999,-0.01229746,0.20594886,-0.67544246,-0.43366486,-0.44071338,0.00122106,0.00009799,
1046,5.27579451,3.28136015,20.53136063,6.00000000,-0.31098634,0.36416015,-0.26160169,-1.13543630,0.22325143,0.07000000,0.00366300,-0.18030514,-0.23999999,0.23999999,-0.01229746,-0.49567351,1.09257603,-1.12369907,-0.56255370,0.00122106,-0.14719240,
1054,2.58830333,-0.81033045,19.59462929,6.00000000,-0.27553710,0.36899415,0.28377619,-0.81699777,0.11926471,0.07000000,0.00366300,0.07647301,-0.23999999,0.23999999,-0.01229746,-2.59530449,2.34746790,-0.80148369,-0.36308730,0.00122106,-0.24894640,
1062,0.65259111,0.79019338,12.66700745,6.00000000,-0.30131835,0.38671875,0.07732292,-0.50298733,-0.02973977,0.07000000,0.00366300,-0.08993053,-0.23999999,0.23999999,-0.01229746,-3.83448839,4.12595844,-0.49924037,-0.27849942,0.00122106,-0.34034562,
1069,-1.58000195,-0.76124930,8.42208767,5.00000000,-0.30937499,0.38027343,0.21383981,0.06884300,-0.08892443,0.07000000,0.00366300,-0.19773224,-0.23609516,0.20963836,-0.01229746,-5.17839193,5.79449320,0.06775516,-0.05068046,0.00122106,-0.41377833,
1078,-2.49219275,0.56154710,4.57819653,6.00000000,-0.29970703,0.32709962,0.17103735,0.70242357,-0.09688158,0.07000000,0.00366300,-0.29796851,0.01701753,-0.05665067,-0.01229746,-6.70206451,7.66374063,0.70218873,0.08405575,0.00122106,-0.49257687,
1086,-2.30664206,-1.31909835,2.14209652,6.00000000,-0.03061523,-0.02094727,0.28849125,1.36270928,-0.03992119,0.07000000,0.00366300,-0.13884534,0.23999999,-0.23999999,-0.01229746,-7.49793434,7.94473886,1.37262857,0.15739739,0.00122106,-0.48389962,
1094,-1.70210624,-0.68942326,1.72311115,6.00000000,0.19174805,-0.24975586,-0.00333461,1.71672571,-0.01476899,0.07000000,0.00549451,0.02503897,0.23999999,-0.23999999,-0.01229746,-6.07723665,6.01440477,1.73238707,0.23195690,0.00122106,-0.32555804,
1102,0.42873329,-0.20938583,2.73825264,6.00000000,0.26425782,-0.32548827,-0.05900779,1.75391603,0.06396192,0.07000000,0.00549451,0.00473522,0.23999999,-0.23999999,-0.01229746,-3.56221700,3.53254628,1.77043867,0.18486044,0.00122106,-0.13292660,
1110,4.46416044,-1.93201399,7.33990812,6.00000000,0.27553710,-0.32065430,-0.12202374,1.04380631,0.21263319,0.07000000,0.00549451,0.16750482,-0.11265390,0.13522825,-0.01229746,-1.48527515,0.94771379,1.04943919,-0.22829784,0.00122106,-0.01226040,
1118,7.28213549,-0.22734234,11.66383648,6.00000000,-0.06445312,0.12890625,-0.34478110,-0.01812409,0.29358685,0.07000000,0.00549451,0.14648806,-0.23999999,0.23999999,-0.01229746,-0.78016222,0.30543262,-0.02251387,-0.40261853,0.00122106,-0.04279121,
1126,6.39747810,1.52880466,19.07508850,6.00000000,-0.27070314,0.32548827,-0.38155606,-0.97253180,0.29678631,0.07000000,0.00549451,-0.07038181,-0.23999999,0.23999999,-0.01229746,-1.79245305,2.02981806,-0.96934903,-0.59565204,0.00122106,-0.21857367,
1134,0.10671315,0.23832989,20.53136063,6.00000000,-0.29487306,0.38833007,0.23837335,-1.00964236,0.22101864,0.07000000,0.00549451,0.05280379,-0.23999999,0.23999999,-0.01229746,-3.12937546,2.96182370,-1.00197065,-0.10329241,0.00122106,-0.30775321,
1141,2.46739602,0.74949193,14.38484669,5.00000000,-0.28681642,0.34482422,0.02120638,-0.61098027,0.04976485,0.07000000,0.00549451,0.06082988,-0.23999999,0.23999999,-0.01229746,-4.82234430,4.64257574,-0.60426617,-0.46669352,0.00122106,-0.40645319,
1150,-2.16658139,-0.59724653,9.87536812,6.00000000,-0.29648438,0.36416015,0.18938088,-0.21455429,-0.04879891,0.07000000,0.00549451,-0.10882996,-0.23999999,0.23999999,-0.01229746,-6.08596325,6.44201040,-0.21632510,-0.01814210,0.00122106,-0.49415785,
1158,-1.93194962,0.26227191,4.04428959,6.00000000,-0.31743163,0.36577147,0.20319292,0.51331055,-0.10803618,0.07000000,0.00549451,-0.31301606,-0.13525932,0.09342350,-0.01229746,-7.54505825,8.57654762,0.51126027,0.02404620,0.00122106,-0.57447022,
1166,-2.67894053,-0.82110435,2.03555441,6.00000000,-0.18530273,0.17402343,0.41915160,1.15444922,-0.04339430,0.07000000,0.00366300,-0.28704423,0.20835868,-0.23999999,-0.01229746,-8.78249741,9.68483257,1.16172004,0.20461486,0.00122106,-0.61691767,
1174,-2.23601317,-1.59562862,1.96372843,6.00000000,0.14179687,-0.22880860,0.03951526,1.64132702,-0.05155791,0.07000000,0.00366300,-0.00926663,0.23999999,-0.23999999,-0.01229746,-8.34092808,8.37932587,1.65662599,0.19108780,0.00122106,-0.51011717,
1182,-0.24643160,0.47176456,2.78613663,6.00000000,0.22880860,-0.31259766,-0.02292690,1.85295939,0.04120138,0.07000000,0.00366300,0.00471221,0.23999999,-0.23999999,-0.01229746,-5.52047634,5.48731518,1.87021673,0.23265290,0.00122106,-0.27203941,
1190,3.89793158,-2.06369495,5.72142792,6.00000000,0.26103514,-0.31582031,-0.07824971,1.35694313,0.19835852,0.07000000,0.00366300,0.17461592,-0.02953524,0.05373504,-0.01229746,-3.36324930,2.79950809,1.36690569,-0.17104353,0.00122106,-0.12862949,
1198,5.57985830,-0.29677418,10.48588943,6.00000000,0.01611328,0.01933594,-0.45283955,0.45096153,0.22065812,0.07000000,0.00366300,0.31056195,-0.23999999,0.23999999,-0.01229746,-2.55516195,1.53938031,0.44845968,-0.22167511,0.00122106,-0.12304423,
1206,5.69238567,2.18242168,18.32690048,6.00000000,-0.25620118,0.28520507,-0.44472665,-0.46646950,0.21212919,0.07000000,0.00366300,0.02004302,-0.23999999,0.23999999,-0.01229746,-3.30216289,3.24107647,-0.46448591,-0.37778547,0.00122106,-0.28347996,
1213,3.87039828,1.42705107,20.53136063,5.00000000,-0.28520507,0.38027343,0.32361180,-0.85896409,0.20640866,0.07000000,0.00366300,0.04919909,-0.23999999,0.23999999,-0.01229746,-4.41219234,4.27431107,-0.85100776,-0.56490386,0.00122106,-0.39603698,
1222,2.60506272,-0.84384930,16.39358139,6.00000000,-0.28681642,0.34321290,0.04860016,-0.42461702,0.01224933,0.07000000,0.00366300,0.11655253,-0.23999999,0.23999999,-0.01229746,-6.41757584,6.01091385,-0.41742706,-0.42021918,0.00122106,-0.50363070,
1230,-1.38846576,-0.67026967,10.87853813,6.00000000,-0.31420898,0.36577147,0.17763348,-0.14699908,-0.03015959,0.07000000,0.00366300,-0.03819157,-0.23999999,0.23999999,-0.01229746,-7.68119431,7.79638577,-0.14725852,-0.10450122,0.00122106,-0.59756345,
1238,-2.39881897,-0.05017142,5.44370079,6.00000000,-0.29003906,0.35288087,0.16730013,0.41571376,-0.04020727,0.07000000,0.00366300,-0.18380067,-0.17039096,0.14659071,-0.01229746,-9.16472340,9.64643478,0.41487500,0.03774789,0.00122106,-0.68094611,
1246,-2.80942440,0.06953867,2.23307610,6.00000000,-0.21591797,0.25458986,0.20322770,1.08237886,-0.03142363,0.07000000,0.00366300,-0.28522652,0.06065288,-0.09781450,-0.01229746,-10.38296413,11.29577160,1.08654165,0.14618647,0.00122106,-0.74170744,
1254,-2.57838416,-0.88455069,0.83486235,6.00000000,0.00000000,-0.05317383,0.19330660,1.64848244,-0.01908637,0.07000000,0.00549451,-0.10865316,0.23999999,-0.23999999,-0.01229746,-10.81405926,11.16836262,1.66274822,0.22817600,0.00122106,-0.71081430,
1262,-3.05123878,0.64654130,2.87591934,6.00000000,0.19658203,-0.24814454,0.05821262,1.96482134,0.02115085,0.07000000,0.00549451,0.11937015,0.23999999,-0.23999999,-0.01229746,-8.93434048,8.58352947,2.02267170,0.42230439,0.00122106,-0.51547819,
1270,0.72800851,-0.95877099,3.61453056,6.00000000,0.28359374,-0.31582031,0.00921831,2.07598805,0.07417782,0.07000000,0.00549451,0.20058922,0.23999999,-0.23999999,-0.01229746,-6.58163691,5.94110060,2.09198093,0.18100062,0.00122106,-0.31997854,
1278,4.99687004,-1.66984892,9.36061478,6.00000000,0.28520507,-0.31743163,-0.15229410,1.25530994,0.22753730,0.07000000,0.00549451,0.31335983,-0.14814432,0.19111976,-0.01229746,-4.54832792,3.53778243,1.25314093,-0.22320655,0.00122106,-0.21251962,
1285,7.92138767,-0.41409007,13.54089069,5.00000000,-0.10795899,0.16757813,-0.39289436,0.09228012,0.30344686,0.07000000,0.00549451,0.23227242,-0.23999999,0.23999999,-0.01229746,-3.96887851,3.21664190,0.08364654,-0.35082668,0.00122106,-0.26772249,
1294,4.81969929,1.63893783,20.53136063,6.00000000,-0.28520507,0.34321290,-0.25810575,-0.84157050,0.33330733,0.07000000,0.00549451,-0.11150101,-0.23999999,0.23999999,-0.01229746,-4.96895266,5.30405569,-0.83879292,-0.47554743,0.00122106,-0.45520169,
1302,0.13903487,-0.36381185,20.53136063,6.00000000,-0.27875978,0.36254883,0.12330074,-0.71774590,0.21765484,0.07000000,0.00549451,0.10989451,-0.23999999,0.23999999,-0.01229746,-6.84692621,6.51531410,-0.70568407,-0.15623084,0.00122106,-0.56340516,
1310,0.81539685,1.01405120,13.10754013,6.00000000,-0.30937499,0.35449219,0.09831376,-0.46647239,0.04388421,0.07000000,0.00366300,0.06970710,-0.23999999,0.23999999,-0.01229746,-8.48579121,8.26064301,-0.46192786,-0.30627427,0.00122106,-0.67317593,
1318,-3.15059829,-0.40451327,7.47039223,6.00000000,-0.31743163,0.35288087,0.22924741,0.09835435,-0.06233326,0.07000000,0.00366300,0.08195589,-0.19985251,0.21223289,-0.01229746,-10.00771809,9.76686192,0.09597743,0.06356448,0.00122106,-0.74641061,
1326,-3.56120396,0.87159622,2.74782944,6.00000000,-0.25458986,0.32871094,0.33630660,0.80009270,-0.08458862,0.07000000,0.00366300,-0.15137047,0.00604224,-0.02495727,-0.01229746,-11.20152283,11.66403484,0.80146575,0.15721665,0.00122106,-0.81074041,
1334,-3.69767332,-1.79913580,-0.35625303,6.00000000,-0.05478515,0.02739258,0.40227145,1.48488688,-0.07224759,0.07000000,0.00366300,-0.12978530,0.23999999,-0.23999999,-0.01229746,-11.87347507,12.29758930,1.49665642,0.32278496,0.00122106,-0.80730844,
1342,-3.12545919,-0.62597692,0.49129438,6.00000000,0.18369141,-0.27714843,0.04514299,1.89023328,-0.02511859,0.07000000,0.00366300,0.02510491,0.23999999,-0.23999999,-0.01229746,-10.43706894,10.34631157,1.90814924,0.41540289,0.00122106,-0.64453053,
1350,-1.60873234,-0.28121188,3.08421493,6.00000000,0.26264650,-0.32226563,-0.02809427,2.03390002,0.04957721,0.07000000,0.00366300,0.06638127,0.23999999,-0.23999999,-0.01229746,-7.74577093,7.55727577,2.05054522,0.41806558,0.00122106,-0.42685419,
1357,2.98095226,-1.79913580,6.65995502,5.00000000,0.28198242,-0.32709962,-0.14450383,1.56918800,0.22511399,0.07000000,0.00366300,0.17999345,0.10051499,-0.07512589,-0.01229746,-5.69151878,5.10857916,1.57890701,-0.05257571,0.00122106,-0.28878483,
1366,5.71752501,-0.76723480,12.93755150,6.00000000,0.15629883,-0.12084961,-0.50889170,0.56572777,0.33149472,0.07000000,0.00366300,0.21486127,-0.23999999,0.23999999,-0.01229746,-4.27780199,3.58316112,0.55710733,-0.20222373,0.00122106,-0.25467882,
1374,7.36473560,2.09862471,20.37274551,6.00000000,-0.20302734,0.24653320,-0.45287707,-0.56869906,0.33077568,0.07000000,0.00366300,0.12260261,-0.23999999,0.23999999,-0.01229746,-4.93230057,4.54134703,-0.57277942,-0.43686616,0.00122106,-0.40532130,
1382,1.77666879,0.29698783,20.53136063,6.00000000,-0.28842774,0.37705079,0.15762387,-1.22758460,0.27392936,0.07000000,0.00366300,0.14914228,-0.23999999,0.23999999,-0.01229746,-6.29540300,5.81892776,-1.21832871,-0.33627534,0.00122106,-0.55613768,
1390,1.86764848,-0.56971318,17.50449181,6.00000000,-0.29003906,0.33999023,0.12451739,-0.83774573,0.06173909,0.07000000,0.00366300,0.21571365,-0.23999999,0.23999999,-0.01229746,-8.37234497,7.66025019,-0.82551706,-0.39703953,0.00122106,-0.67526442,
1398,-3.17932868,-0.50028133,9.83107567,6.00000000,-0.29970703,0.35771483,0.24467136,-0.59821618,0.00174127,0.07000000,0.00366300,0.20511310,-0.23999999,0.23999999,-0.01229746,-9.90299892,9.23453617,-0.60028422,0.01657441,0.00122106,-0.77435207,
1406,-3.54205012,0.29459363,2.11695743,6.00000000,-0.29165038,0.36416015,0.14080931,0.23652835,-0.07004203,0.07000000,0.00366300,0.01286578,-0.10948417,0.11272150,-0.01229746,-11.25562859,11.19977760,0.23022270,0.14430289,0.00122106,-0.83616555,
1414,-3.18291998,0.10425460,-1.14753664,6.00000000,-0.14985351,0.18530273,0.41600180,0.84104460,-0.01880822,0.07000000,0.00366300,-0.11103263,0.02708471,-0.04027262,-0.01229746,-12.55589867,12.87878513,0.85950112,0.19269451,0.00122106,-0.90366471,
1422,-3.88322401,-1.56689823,-2.18901443,6.00000000,-0.02739258,-0.00644531,0.18512253,1.35523057,0.00842565,0.07000000,0.00366300,0.03633250,0.23999999,-0.23999999,-0.01229746,-12.77755547,12.66410828,1.37075233,0.40077978,0.00122106,-0.86466861,
1429,-2.67534924,-0.50387263,0.46974656,5.00000000,0.20302734,-0.26748046,-0.04711450,1.77428305,0.01302778,0.07000000,0.00366300,0.06061771,0.23999999,-0.23999999,-0.01229746,-11.14916325,10.94321442,1.79782557,0.40337038,0.00122106,-0.70683545,
1438,-3.05961871,0.64295000,6.78684759,6.00000000,0.23525390,-0.32871094,-0.06896318,1.95497298,0.13916421,0.07000000,0.00366300,-0.04997667,0.23999999,-0.23999999,-0.01229746,-7.79289532,7.86445379,1.96242690,0.54481018,0.00122106,-0.44185799,
1446,3.34008265,-0.37578285,10.16985512,6.00000000,0.25620118,-0.36093751,-0.07870936,1.51792932,0.34707531,0.07000000,0.00366300,0.14264120,-0.01512390,0.03543794,-0.01229746,-5.78227568,5.29009295,1.53390074,-0.12467468,0.00122106,-0.30261064,
1454,4.94539499,-1.38493884,15.03247833,6.00000000,0.04028320,-0.01450195,-0.49019796,0.51195657,0.40900713,0.07000000,0.00366300,0.22342847,-0.20528845,0.23617075,-0.01229746,-5.13475895,4.40870190,0.49823761,-0.13095111,0.00122106,-0.32464415,
1462,4.88314533,1.85561311,20.53136063,6.00000000,-0.18046875,0.27553710,-0.32105249,-0.55889875,0.41223615,0.07000000,0.00366300,-0.02268642,-0.23999999,0.23999999,-0.01229746,-6.01615000,6.06851006,-0.56155545,-0.36874968,0.00122106,-0.50376844,
1470,-0.30628663,-0.61041462,20.53136063,6.00000000,-0.25942382,0.36416015,0.02433741,-1.03243482,0.35664183,0.07000000,0.00366300,0.22477223,-0.23999999,0.23999999,-0.01229746,-7.67944860,7.01447821,-1.03853023,-0.11937365,0.00122106,-0.63782781,
1478,1.28705454,0.45141384,15.58075047,6.00000000,-0.28359374,0.34321290,-0.05683748,-0.71860105,0.09823565,0.07000000,0.00366300,0.12211640,-0.23999999,0.23999999,-0.01229746,-9.47539330,9.08094788,-0.70866072,-0.31884551,0.00122106,-0.76016867,
1486,-3.96103549,-0.70498556,7.61404467,6.00000000,-0.28681642,0.36899415,0.23957624,-0.32057628,0.01771836,0.07000000,0.00366300,0.13962772,-0.23329827,0.23999999,-0.01229746,-11.14567184,10.75471878,-0.32478136,0.12462154,0.00122106,-0.85972071,
1494,-3.87245011,1.33008587,0.93302459,6.00000000,-0.28359374,0.34482422,0.28646842,0.47370058,-0.08980710,0.07000000,0.00366300,0.02450427,-0.02428246,0.02943760,-0.01229746,-12.82467937,12.73915863,0.47199482,0.20675421,0.00122106,-0.93487287,
1501,-3.24277496,-1.22692156,-3.49505138,5.00000000,-0.07412110,0.10151367,0.59941870,1.03666186,-0.05979286,0.07000000,0.00366300,-0.06508316,0.07767561,-0.08436126,-0.01229746,-13.74795914,13.97485161,1.03206515,0.22919634,0.00122106,-0.97794533,
1510,-3.88681531,-1.42803454,-2.86777067,6.00000000,0.05156250,-0.04511719,0.26682895,1.51395059,0.01068441,0.07000000,0.00366300,-0.04497530,0.23999999,-0.23999999,-0.01229746,-13.13185787,13.29940891,1.52641344,0.46411347,0.00122106,-0.89101124,
1518,-3.28826475,-1.35860264,1.62255466,6.00000000,0.22397462,-0.23847656,-0.08827859,1.87907529,0.01406148,0.07000000,0.00366300,0.05330873,0.23999999,-0.23999999,-0.01229746,-11.28006268,11.00604630,1.82094979,0.49675485,0.00122106,-0.70663774,
1526,-3.90237761,1.14453518,9.48990154,6.00000000,0.23364258,-0.36254883,-0.12120482,2.14687157,0.20593481,0.07000000,0.00366300,-0.04906408,0.23999999,-0.23999999,-0.01229746,-7.84001923,7.99884367,2.14628625,0.62130004,0.00122106,-0.44324410,
1534,3.93743587,-2.40486884,11.39927769,6.00000000,0.27553710,-0.34804687,-0.11940297,1.67003226,0.44197080,0.07000000,0.00366300,0.04944025,-0.13480005,0.14249524,-0.01229746,-5.79274750,5.65486670,1.64562368,-0.21826172,0.00122106,-0.31062138,
1542,4.13376045,0.32811245,17.87918472,6.00000000,-0.07895508,0.11762695,-0.73523831,0.64434505,0.48637030,0.07000000,0.00366300,0.17054999,-0.03178892,0.05561685,-0.01229746,-5.66184807,5.11381483,0.62735772,-0.00642501,0.00122106,-0.36267322,
1550,1.62104571,1.69041324,20.53136063,6.00000000,-0.00966797,0.04672851,-0.28754902,-0.18568194,0.41167316,0.07000000,0.00366300,0.14074802,-0.23999999,0.23999999,-0.01229746,-7.06858349,6.59734440,-0.19108605,-0.24488331,0.00122106,-0.53383148,
1558,3.96018076,-0.66907257,20.53136063,6.00000000,-0.22719726,0.32871094,0.18880387,-0.77013046,0.27967331,0.07000000,0.00366300,0.31645983,-0.23999999,0.23999999,-0.01229746,-8.85405540,7.82954693,-0.76724136,-0.40417024,0.00122106,-0.69363737,
1566,-3.30263019,-0.96475649,17.24591827,6.00000000,-0.28037110,0.36093751,0.05953874,-0.74163210,0.00898800,0.07000000,0.00366300,0.34738281,-0.23999999,0.23999999,-0.01229746,-10.22239399,9.08618355,-0.73657411,0.07081434,0.00122106,-0.79309446,
1573,-2.28629136,-0.03580621,5.92373800,5.00000000,-0.28681642,0.35932618,0.17530739,-0.15316404,-0.01202673,0.07000000,0.00366300,0.26486996,-0.23999999,0.23999999,-0.01229746,-11.80715275,10.94670486,-0.15719384,-0.01426409,0.00122106,-0.88010758,
1582,-5.88717079,1.16249180,1.87035453,6.00000000,-0.31098634,0.35771483,0.30851230,0.53225672,-0.05397046,0.07000000,0.00366300,0.17673898,0.10051885,-0.07449591,-0.01229746,-13.70606995,13.13011169,0.53229064,0.29836923,0.00122106,-0.98567903,
1590,-2.95786500,-1.47711563,-4.96389437,6.00000000,0.05156250,-0.00966797,0.44663927,1.27755272,-0.02470485,0.07000000,0.00366300,0.09753325,0.08423021,-0.06865317,-0.01229746,-14.28551960,13.97834206,1.28534567,0.19519833,0.00122106,-0.98046941,
1598,-3.81020093,-1.15389836,-5.11113739,6.00000000,0.07734375,-0.06606445,0.23138441,1.64821291,0.03191570,0.07000000,0.00366300,0.17617568,0.23999999,-0.23999999,-0.01229746,-13.15105629,12.57160664,1.67247629,0.47080451,0.00122106,-0.85249490,
1606,-5.10067558,-0.33029300,3.58101177,6.00000000,0.19174805,-0.26748046,-0.12454369,1.97729468,0.02086601,0.07000000,0.00366300,0.18788898,0.23999999,-0.23999999,-0.01229746,-10.86467457,10.26951790,1.98605680,0.68437719,0.00122106,-0.65361702,
1614,-4.84210157,0.49211526,8.59207630,6.00000000,0.25136718,-0.32387695,-0.11096313,2.38850403,0.24584350,0.07000000,0.00366300,0.00074965,0.23999999,-0.23999999,-0.01229746,-7.98139048,7.96742821,2.38842225,0.71070898,0.00122106,-0.42377475,
1622,1.46781683,-1.99067187,12.75080395,6.00000000,0.27714843,-0.33032227,-0.23820764,1.87026024,0.48648965,0.07000000,0.00366300,0.24172905,0.23130475,-0.19738375,-0.01229746,-6.03185797,5.27089453,1.86735713,0.00247681,0.00122106,-0.28580597,
1630,2.28663373,0.52084571,19.27260971,6.00000000,0.27714843,-0.30292970,-0.66138160,0.93531829,0.50354475,0.07000000,0.00366300,0.45939010,0.23999999,-0.23999999,-0.01229746,-4.72286129,3.24282169,0.91340101,0.22659677,0.00122106,-0.23394331,
1638,3.25149703,1.20079899,20.53136063,6.00000000,0.33032227,-0.32871094,-0.32207426,-0.15696354,0.36591339,0.07000000,0.00366300,0.76531774,-0.01775630,0.12184735,-0.01229746,-3.80307245,1.31423295,-0.16436017,0.02400830,0.00122106,-0.20888788,
1645,2.30937862,-0.59485233,19.40907860,5.00000000,0.03544922,0.09345703,0.17072088,-1.24884915,0.15601680,0.07000000,0.00366300,0.84715569,-0.23999999,0.23999999,-0.01229746,-3.41909981,0.72431165,-1.24791241,-0.05836260,0.00122106,-0.25578731,
1654,0.07080013,-2.65147161,14.86488438,6.00000000,-0.22719726,0.26425782,0.27869508,-1.82672739,0.04938959,0.07000000,0.00366300,0.50194895,-0.23999999,0.23999999,-0.01229746,-4.86423302,3.24805784,-1.83432806,-0.21412498,0.00122106,-0.45217109,
1662,-2.40001607,-2.47549772,12.12950897,6.00000000,-0.29970703,0.34321290,0.06066953,-1.91736567,0.09795527,0.07000000,0.00366300,0.47055021,-0.23999999,0.23999999,-0.01229746,-6.77187729,5.28660202,-1.92140782,-0.06876974,0.00122106,-0.60569483,
1670,-5.33171606,-0.44162339,7.04183006,6.00000000,-0.30292970,0.33354491,-0.25416324,-1.13436735,0.07969803,0.07000000,0.00366300,0.30006829,0.01106021,0.03026283,-0.01229746,-8.10879993,7.15410471,-1.14369512,0.33495861,0.00122106,-0.66749018,
1678,-4.58951330,0.45380804,0.19680758,6.00000000,-0.04833984,0.10473633,-0.05246484,-0.26633361,0.23279220,0.07000000,0.00366300,0.10939427,0.21217525,-0.19639713,-0.01229746,-8.74933529,8.38630676,-0.27862352,0.38475537,0.00122106,-0.67361093,
1686,-3.12545919,1.01764250,-4.06128025,6.00000000,0.19013672,-0.19980469,0.09633155,0.32178867,0.18822545,0.07000000,0.00366300,0.12961160,0.23999999,-0.23999999,-0.01229746,-7.64279652,7.21868181,0.31785822,0.43796933,0.00122106,-0.54071403,
1694,-3.40677786,1.27142787,-1.42646122,6.00000000,0.25620118,-0.29003906,0.20145078,0.62854457,0.10693154,0.07000000,0.00366300,0.38125956,0.23999999,-0.23999999,-0.01229746,-5.41401148,4.21846056,0.63500339,0.56719929,0.00122106,-0.31788036,
1702,-1.87568581,-1.58964312,3.50679135,6.00000000,0.27231446,-0.31420898,0.03808472,0.60403728,0.14563879,0.07000000,0.00366300,0.39538836,0.23999999,-0.23999999,-0.01229746,-3.13112068,1.86750233,0.60533816,0.43569386,0.00122106,-0.14717360,
1710,0.38803184,0.01088073,13.01536369,6.00000000,0.28198242,-0.34804687,-0.33415869,0.12980258,0.33649570,0.07000000,0.00366300,0.50307882,0.23999999,-0.23999999,-0.01229746,-1.23220241,-0.38571778,0.12769499,0.25728300,0.00122106,-0.02470227,
1717,2.37521935,-0.37099445,18.74109650,5.00000000,0.31098634,-0.37866211,-0.44124508,-0.52879256,0.40388557,0.07000000,0.00366300,0.49567345,0.19341812,-0.12672666,-0.01229746,0.00174533,-1.60221231,-0.53177035,0.16319977,0.00122106,0.02204320,
1726,3.85842729,2.02440429,20.53136063,6.00000000,0.29326171,-0.25458986,-0.30839026,-1.77388859,0.35564408,0.07000000,0.00366300,0.47874811,-0.23363335,0.23999999,-0.01229746,0.61086524,-2.16071773,-1.75574648,0.02235314,0.00122106,-0.02870286,
1734,2.95940447,-0.30395681,20.53136063,6.00000000,-0.16113281,0.22075196,0.01017636,-2.79195213,0.25620946,0.07000000,0.00366300,0.30805984,-0.23999999,0.23999999,-0.01229746,-0.46076691,-0.53581607,-2.76361227,-0.08813891,0.00122106,-0.20833661,
1742,-2.57598996,-0.74808121,19.49766541,6.00000000,-0.25620118,0.33676758,0.09986258,-3.07570767,0.22393514,0.07000000,0.00366300,0.45485154,-0.23999999,0.23999999,-0.01229746,-2.88852000,1.43989658,-3.03810525,-0.03585488,0.00122106,-0.39725590,
1750,-2.72682452,-0.09446415,10.23569489,6.00000000,-0.28198242,0.35449219,-0.29481968,-2.64094925,0.04754117,0.07000000,0.00366300,0.31938827,-0.23999999,0.23999999,-0.01229746,-4.42964554,3.39815593,-2.63666058,0.15711275,0.00122106,-0.49878833,
1758,-7.21236134,1.75625372,3.35954809,6.00000000,-0.28037110,0.33999023,0.01782570,-1.72376275,0.06755991,0.07000000,0.00366300,0.23633464,0.18818155,-0.15605775,-0.01229746,-5.93411922,5.18537331,-1.73606324,0.50542861,0.00122106,-0.55731332,
1766,-4.22320080,0.48612976,-5.58518934,6.00000000,0.14501953,-0.14663085,0.36465484,-0.79436183,-0.01298511,0.07000000,0.00366300,0.16586749,0.23999999,-0.22984786,-0.01229746,-6.34601736,5.83812618,-0.82680333,0.43252778,0.00122106,-0.52512920,
1774,-3.47261834,-0.49788713,-7.48379135,6.00000000,0.24653320,-0.28359374,0.47229326,-0.29934537,-0.03047195,0.07000000,0.00366300,0.25829998,0.23999999,-0.23999999,-0.01229746,-4.20449829,3.41037321,-0.31906253,0.54015785,0.00122106,-0.31569821,
1782,-3.13144469,-0.85342610,-0.50349641,6.00000000,0.22880860,-0.29648438,0.14567943,-0.15515345,0.04669446,0.07000000,0.00366300,0.33811116,0.23999999,-0.23999999,-0.01229746,-1.46607661,0.36651915,-0.16135478,0.56787604,0.00122106,-0.08275135,
1789,-2.61788845,-2.03616166,7.32913446,5.00000000,0.26909178,-0.37221679,-0.20476834,-0.08857659,0.16550724,0.07000000,0.00366300,0.21313477,0.23999999,-0.23999999,-0.01229746,0.66497040,-1.35263014,-0.09478538,0.53454721,0.00122106,0.07157602,
1798,2.78343058,-0.43683499,16.10268593,6.00000000,0.30454102,-0.36416015,-0.54402518,-0.60353523,0.41488114,0.07000000,0.00366300,0.18819126,-0.04984190,0.07432337,-0.01229746,2.42077160,-3.00022078,-0.60326397,-0.03367817,0.00122106,0.16249011,
1806,5.31170750,-0.41289297,20.53136063,6.00000000,0.03544922,-0.01450195,-0.53692597,-1.49940276,0.43265209,0.07000000,0.00366300,0.28920528,-0.23999999,0.23999999,-0.01229746,1.95825934,-2.89375591,-1.49015927,-0.11490414,0.00122106,0.07100951,
1814,1.47739363,1.08707440,20.53136063,6.00000000,-0.20141602,0.27231446,-0.30126253,-2.40995669,0.21618056,0.07000000,0.00366300,0.20657262,-0.23999999,0.23999999,-0.01229746,-0.22514747,-0.44680429,-2.38346815,-0.06594838,0.00122106,-0.17499438,
1822,-2.68013763,-0.75885510,20.53136063,6.00000000,-0.23203126,0.34482422,0.06469651,-2.56817412,0.07025856,0.07000000,0.00366300,0.41307455,-0.23999999,0.23999999,-0.01229746,-2.60228610,1.26187313,-2.53196931,-0.01424331,0.00122106,-0.33341822,
1830,-1.15981960,-0.64273632,9.58088112,6.00000000,-0.28842774,0.35288087,0.16331330,-2.01511407,-0.20062120,0.07000000,0.00366300,0.30974472,-0.23999999,0.23999999,-0.01229746,-4.25685787,3.22536850,-2.01659679,-0.15675396,0.00122106,-0.43870056,
1838,-6.73471832,0.83688033,3.05189300,6.00000000,-0.30937499,0.34965819,0.30642968,-1.28456450,-0.24119039,0.07000000,0.00366300,0.27051881,-0.05703036,0.09392367,-0.01229746,-5.91666603,5.04574680,-1.30105054,0.25942376,0.00122106,-0.51858330,
1846,-4.91512489,-1.49626923,-5.23084784,6.00000000,-0.09829102,0.13857421,0.71194547,-0.28132391,-0.31910458,0.07000000,0.00549451,0.03169537,0.06174937,-0.05708991,-0.01229746,-6.97433567,6.83819962,-0.31215036,0.24475583,0.00122106,-0.55062443,
1854,-4.04483271,-1.73090100,-5.85334015,6.00000000,0.03706055,-0.01611328,0.50942111,0.25102118,-0.21185812,0.07000000,0.00549451,-0.00627826,0.23999999,-0.23999999,-0.01229746,-6.91324949,6.96211815,0.22758183,0.44465026,0.00122106,-0.51019835,
1861,-0.98384571,-1.01144338,-3.67940497,5.00000000,0.23686524,-0.26909178,0.11054631,0.50921559,-0.09775352,0.07000000,0.00549451,0.06297182,0.23999999,-0.23999999,-0.01229746,-5.51174974,5.29881954,0.53326762,0.29130527,0.00122106,-0.37433833,
1870,-7.20637608,0.91708606,9.32111073,6.00000000,0.19658203,-0.28842774,-0.30701178,0.60304272,-0.05207865,0.07000000,0.00366300,0.36131892,0.23999999,-0.23999999,-0.01229746,-2.25322008,1.14668131,0.60293895,0.95983946,0.00122106,-0.08578447,
1878,2.12502527,3.83801222,9.34864330,6.00000000,0.29970703,-0.35771483,-0.30429360,1.01584268,0.23018222,0.07000000,0.00366300,0.10312602,0.23999999,-0.23999999,-0.01229746,0.24958208,-0.57421333,1.02823913,0.08093041,0.00122106,0.10870309,
1886,3.02045655,-5.23361826,14.14063835,6.00000000,0.32709962,-0.37382811,-0.46201879,0.27873024,0.33163002,0.07000000,0.00366300,0.15950699,0.10169578,-0.08068644,-0.01229746,1.39800870,-1.93382490,0.26609451,-0.02610802,0.00122106,0.14904332,
1894,4.73111391,2.69837213,20.53136063,6.00000000,0.18530273,-0.17080078,-0.32098675,-0.77185118,0.30608431,0.07000000,0.00366300,0.31597093,-0.20375203,0.23999999,-0.01229746,1.85528505,-2.87281203,-0.77081382,-0.11795064,0.00122106,0.12164727,
1902,3.23473763,-0.88933909,20.53136063,6.00000000,-0.10795899,0.23041992,-0.10998215,-1.70323133,0.05151695,0.07000000,0.00366300,0.37590754,-0.23999999,0.23999999,-0.01229746,0.17278759,-1.39800870,-1.69304657,-0.14406270,0.00122106,-0.06879340,
1910,-1.43754697,-1.01144338,20.53136063,6.00000000,-0.26103514,0.35288087,0.16473071,-1.99366415,-0.03734240,0.07000000,0.00366300,0.35202169,-0.23999999,0.23999999,-0.01229746,-1.77150917,0.63180918,-1.97124386,-0.15066886,0.00122106,-0.24323159,
1918,-3.21045327,-1.71414161,12.39047718,6.00000000,-0.28198242,0.34643555,0.09947862,-1.43194485,-0.18913563,0.07000000,0.00366300,0.14790475,-0.23999999,0.23999999,-0.01229746,-3.42957187,2.91819048,-1.43061042,-0.00228396,0.00122106,-0.34959751,
1926,-4.50451946,-1.34782875,4.16759109,6.00000000,-0.30454102,0.34482422,0.16475147,-0.82538319,-0.19346626,0.07000000,0.00366300,0.10186932,-0.02025642,0.03423336,-0.01229746,-5.12952280,4.79092884,-0.83865792,0.21299885,0.00122106,-0.44282541,
1933,-4.06757736,0.57950366,-1.22295403,5.00000000,-0.09023438,0.08378907,0.41492364,0.11513365,-0.25695470,0.07000000,0.00366300,-0.09620494,0.20815019,-0.22071558,-0.01229746,-5.70199108,6.03360367,0.10337436,0.26979530,0.00122106,-0.43755892,
1942,-3.85449362,-1.97271538,-4.29591179,6.00000000,0.16918945,-0.26586914,0.49078792,0.66713101,-0.12757832,0.07000000,0.00366300,0.03383666,0.23999999,-0.23999999,-0.01229746,-4.76998472,4.67224646,0.67027193,0.51262522,0.00122106,-0.31040531,
1950,-3.35769677,1.46655536,-1.73172188,6.00000000,0.23686524,-0.29003906,0.15605272,0.94163674,-0.11158402,0.07000000,0.00366300,0.21422979,0.23999999,-0.23999999,-0.01229746,-2.34572244,1.66329885,0.95255148,0.62960851,0.00122106,-0.07853991,
1958,-2.36051178,-0.61161172,4.11850977,6.00000000,0.25620118,-0.35126954,-0.12134922,0.91036326,0.01552802,0.07000000,0.00366300,0.14533618,0.23999999,-0.23999999,-0.01229746,0.01221730,-0.47996554,0.91622680,0.54415786,0.00122106,0.09062170,
1966,2.19685125,-0.44162339,10.94078732,6.00000000,0.29970703,-0.37866211,-0.31605077,0.50919688,0.33759016,0.07000000,0.00366300,0.09302821,0.20706987,-0.19509530,-0.01229746,1.85179436,-2.13977361,0.50897944,0.00985068,0.00122106,0.19204253,
1974,3.68125629,-0.77082610,18.03121567,6.00000000,0.27392578,-0.32709962,-0.63126504,-0.31361786,0.45356008,0.07000000,0.00366300,0.10593984,0.01227972,0.00104740,-0.01229746,2.80299878,-3.14682865,-0.31949216,-0.03217882,0.00122106,0.20159726,
1982,5.24826145,1.70717263,20.53136063,6.00000000,0.11118164,-0.08378907,-0.45385230,-1.45442867,0.37849766,0.07000000,0.00366300,0.26174614,-0.23999999,0.23999999,-0.01229746,2.33874130,-3.18871641,-1.44684470,-0.21207048,0.00122106,0.10129810,
1990,1.67012691,0.25030088,20.53136063,6.00000000,-0.17080078,0.28198242,0.02930707,-2.39116836,0.15542597,0.07000000,0.00366300,0.38971975,-0.23999999,0.23999999,-0.01229746,0.49043754,-1.76627314,-2.36720181,-0.10874310,0.00122106,-0.09581465,
1998,-2.34255528,0.68604559,20.53136063,6.00000000,-0.27392578,0.34804687,0.13905869,-2.36282706,-0.05788792,0.07000000,0.00366300,0.38431853,-0.23999999,0.23999999,-0.01229746,-1.38055539,0.13089970,-2.32233167,-0.08216494,0.00122106,-0.23485076,
2005,-3.13024759,-0.94560283,8.40413094,5.00000000,-0.29487306,0.34643555,0.18763542,-1.68197703,-0.21554570,0.07000000,0.00366300,0.37017924,-0.23999999,0.23999999,-0.01229746,-3.12588477,1.94080603,-1.68971491,-0.02917633,0.00122106,-0.32477173,
2014,-5.64056826,2.81688523,0.70677257,6.00000000,-0.29970703,0.35932618,0.40787446,-0.79051042,-0.20714213,0.07000000,0.00366300,0.13335618,-0.04381347,0.06199220,-0.01229746,-4.63908482,4.20973396,-0.80118567,0.17521864,0.00122106,-0.39714527,
2022,-4.42191935,-2.46831512,-6.68293095,6.00000000,-0.07573242,0.11279297,0.62960219,0.07273215,-0.18711779,0.07000000,0.00366300,0.05699295,0.22055310,-0.21226436,-0.01229746,-6.00044155,5.80845547,0.05119675,0.28066343,0.00122106,-0.44695866,
2030,-4.00173712,-1.37296784,-4.83101606,6.00000000,0.18046875,-0.22719726,0.22947051,0.56923431,-0.09636360,0.07000000,0.00366300,0.02149211,0.23999999,-0.23999999,-0.01229746,-5.08414412,5.00560427,0.56881547,0.47210914,0.00122106,-0.34127563,
2038,-1.86610901,-0.11601196,-1.49349880,6.00000000,0.24814454,-0.28842774,-0.08508183,0.74775660,-0.04708377,0.07000000,0.00366300,0.29833227,0.23999999,-0.23999999,-0.01229746,-2.78554559,1.82735968,0.75676769,0.46981603,0.00122106,-0.11080354,
2046,-5.48015642,1.41986847,9.94240570,6.00000000,0.20947266,-0.35288087,-0.46015400,0.85912925,-0.00343092,0.07000000,0.00549451,0.03661922,0.23999999,-0.23999999,-0.01229746,0.81332338,-0.92502451,0.86114055,0.86566424,0.00122106,0.12966010,
2054,3.56034899,1.35402787,13.13028526,6.00000000,0.31259766,-0.36899415,0.07059701,0.83923608,0.39720491,0.07000000,0.00549451,0.11799626,-0.16120051,0.17639700,-0.01229746,1.98269403,-2.34921336,0.84216076,-0.31176329,0.00122106,0.22922038,
2062,4.40191078,-2.46472383,19.73828125,6.00000000,-0.07250977,0.11601563,-0.65919697,-0.27967229,0.42671624,0.07000000,0.00549451,0.10671178,0.08582366,-0.07243155,-0.01229746,1.60570288,-1.95302343,-0.29325569,0.04584318,0.00122106,0.11361565,
2070,1.65217030,0.74709773,20.53136063,6.00000000,0.09184571,-0.07250977,-0.36023232,-0.99646020,0.41053620,0.07000000,0.00549451,0.00590403,-0.23999999,0.23999999,-0.01229746,0.93724179,-0.95294976,-0.99150133,-0.31548506,0.00122106,-0.00504008,
2077,3.17967105,0.32452115,18.51005554,5.00000000,-0.17563477,0.24492188,-0.14657594,-1.09042847,0.15444773,0.07000000,0.00549451,0.19457540,-0.23999999,0.23999999,-0.01229746,-0.94422311,0.29845130,-1.07807720,-0.14431030,0.00122106,-0.12867795,
2086,-4.76189613,1.21157289,17.64934158,6.00000000,-0.31743163,0.36416015,0.15359741,-1.52221096,-0.04675546,0.07000000,0.00366300,0.24126162,-0.07676056,0.10901572,-0.01229746,-2.40855432,1.61268425,-1.50753498,0.19326490,0.00122106,-0.26919466,
2094,-3.35051417,-0.30635101,5.44489765,6.00000000,-0.10634766,0.19497070,0.18778151,-0.52835011,-0.24250597,0.07000000,0.00366300,0.21585348,-0.01582332,0.04513977,-0.01229746,-3.78387380,3.06479836,-0.53802717,0.12821947,0.00122106,-0.30080602,
2102,-5.24073648,1.92265081,-0.01029087,6.00000000,-0.05478515,0.08540039,0.42114341,-0.02633899,-0.22993234,0.07000000,0.00366300,0.07648604,0.23999999,-0.23999999,-0.01229746,-3.63901138,3.42259073,-0.02957767,0.39012122,0.00122106,-0.27120835,
2110,-3.16376638,-1.30952156,-4.72088289,6.00000000,0.20302734,-0.25620118,0.69934040,0.58163261,-0.25275752,0.07000000,0.00366300,0.09803977,0.23999999,-0.23999999,-0.01229746,-2.59530449,2.26892805,0.57991731,0.39984354,0.00122106,-0.14119211,
2118,-3.05243587,-0.92884344,-3.76200485,6.00000000,0.24008790,-0.31743163,0.32687101,0.81521595,-0.17326057,0.07000000,0.00366300,0.23849817,0.23999999,-0.23999999,-0.01229746,-0.08377581,-0.71209431,0.82364953,0.55476713,0.00122106,0.09014507,
2126,-0.97546601,-2.35459065,2.45813107,6.00000000,0.26909178,-0.35288087,-0.09742024,0.68566930,-0.04567616,0.07000000,0.00366300,0.17196064,0.23999999,-0.23999999,-0.01229746,2.05774331,-2.60926723,0.68893671,0.41540974,0.00122106,0.22945669,
2134,1.38521683,-1.23889256,9.83945465,6.00000000,0.27875978,-0.37221679,-0.39200151,0.35512379,0.19029021,0.07000000,0.00366300,0.10697298,0.23999999,-0.23999999,-0.01229746,3.85194159,-4.19402647,0.35334706,0.14084548,0.00122106,0.33123082,
2142,5.31889009,-1.88412988,16.36724663,6.00000000,0.33032227,-0.39799803,-0.62451559,-0.30002794,0.31506994,0.07000000,0.00366300,0.21211076,-0.16235784,0.18973877,-0.01229746,5.00036812,-5.67406559,-0.30479625,-0.22364897,0.00122106,0.38362858,
2149,6.09940004,1.58387125,20.53136063,5.00000000,-0.04995117,0.12407227,-0.59568822,-1.57308638,0.23482510,0.07000000,0.00366300,0.30017412,-0.23999999,0.23999999,-0.01229746,4.41044712,-5.37386847,-1.56447232,-0.09617557,0.00122106,0.25360435,
2158,2.20044255,-1.31909835,20.53136063,6.00000000,-0.23525390,0.32548827,0.04157773,-2.39670682,0.04152871,0.07000000,0.00366300,0.33733392,-0.23999999,0.23999999,-0.01229746,1.93207943,-3.04385400,-2.37488317,-0.37638131,0.00122106,0.00988001,
2166,-1.94272351,-0.12918007,20.53136063,6.00000000,-0.27875978,0.33354491,0.12412581,-2.11843729,-0.23800416,0.07000000,0.00366300,0.33730757,-0.23999999,0.23999999,-0.01229746,-0.41887903,-0.64751714,-2.08451247,-0.12330979,0.00122106,-0.15261972,
2174,-3.61866474,-2.20375586,8.35265541,6.00000000,-0.29003906,0.34965819,0.32057878,-1.46164417,-0.36642283,0.07000000,0.00366300,0.20777939,-0.23999999,0.23999999,-0.01229746,-1.98967540,1.32819557,-1.47380483,-0.04804127,0.00122106,-0.23687205,
2182,-5.63697672,1.95138121,1.06111443,6.00000000,-0.29970703,0.35449219,0.24487762,-0.63107437,-0.47297820,0.07000000,0.00366300,0.00444758,0.17315285,-0.17264229,-0.01229746,-3.51509309,3.49938512,-0.64370537,0.29259992,0.00122106,-0.31220657,
2190,-3.97540069,-1.40888083,-5.61751127,6.00000000,0.14179687,-0.16113281,0.72325325,0.27452677,-0.37651536,0.07000000,0.00366300,-0.09354520,0.23999999,-0.23999999,-0.01229746,-3.86415887,4.11897707,0.27400172,0.37967733,0.00122106,-0.28310087,
2198,-3.64380383,-0.59964073,-6.20169640,6.00000000,0.22397462,-0.28198242,0.34110010,0.60869420,-0.32400620,0.07000000,0.00366300,0.10841774,0.23999999,-0.23999999,-0.01229746,-1.88146496,1.58824956,0.61470962,0.63233006,0.00122106,-0.08508979,
2206,-1.55366576,-0.43683499,-0.18387049,6.00000000,0.24169922,-0.30292970,0.21070044,0.57219690,-0.22924614,0.07000000,0.00366300,0.19333860,0.23999999,-0.23999999,-0.01229746,0.72954762,-1.35437548,0.57961553,0.47874999,0.00122106,0.12030990,
2214,-0.14946643,-1.20058537,5.66995287,6.00000000,0.26103514,-0.36416015,-0.44597909,0.47148204,-0.18268690,0.07000000,0.00366300,-0.00046724,0.23999999,-0.23999999,-0.01229746,3.18173528,-3.17475390,0.47232038,0.36774182,0.00122106,0.27672917,
2221,1.91433549,1.94659281,14.94628716,5.00000000,0.28198242,-0.38027343,-0.28181672,0.15892428,0.29265466,0.07000000,0.00366300,-0.17637809,0.21229853,-0.23756181,-0.01229746,5.02480268,-4.42964554,0.17357475,0.01169443,0.00122106,0.37210086,
2230,8.54387951,-2.32346582,19.17444801,6.00000000,0.29326171,-0.37060547,-0.65739411,-1.06885135,0.39270082,0.07000000,0.00549451,0.02542880,-0.23999999,0.23999999,-0.01229746,5.93935537,-6.01789522,-1.06845975,-0.68267620,0.00122106,0.37566990,
2238,8.83238125,2.69837213,20.53136063,6.00000000,-0.15629883,0.23686524,-0.36991054,-2.34281540,0.23478320,0.07000000,0.00549451,0.13769549,-0.23999999,0.23999999,-0.01229746,4.94102716,-5.38434076,-2.32466888,-0.25275102,0.00122106,0.21616250,
2246,-2.02891469,-1.94757628,20.53136063,6.00000000,-0.26909178,0.35932618,0.01826594,-2.90284085,0.00223846,0.07000000,0.00549451,0.29973531,-0.23999999,0.23999999,-0.01229746,2.79776287,-3.77165651,-2.87040615,-0.03672825,0.00122106,0.03412978,
2254,-0.71210384,2.33924198,15.56877995,6.00000000,-0.27553710,0.33354491,0.15895998,-2.28842044,-0.22460514,0.07000000,0.00549451,0.22423443,-0.23999999,0.23999999,-0.01229746,0.50090951,-1.20776784,-2.25491476,-0.18263389,0.00122106,-0.10746995,
2262,-3.31699538,-1.46394753,5.66157293,6.00000000,-0.29165038,0.34804687,0.29347542,-1.63564742,-0.25158980,0.07000000,0.00366300,0.02036199,-0.23999999,0.23999999,-0.01229746,-1.20078659,1.12748265,-1.65234959,-0.02639483,0.00122106,-0.21232654,
2270,-4.52367306,2.07109118,-0.62320650,6.00000000,-0.28520507,0.32548827,0.54958928,-0.70749730,-0.33847651,0.07000000,0.00366300,-0.26464540,0.08463401,-0.12086096,-0.01229746,-2.56563401,3.40688276,-0.72973114,0.24366289,0.00122106,-0.28462157,
2278,-3.57796335,-2.80948877,-4.21690321,6.00000000,0.02739258,-0.08217774,0.58979082,0.02504490,-0.15446573,0.07000000,0.00366300,-0.20410955,0.23999999,-0.23999999,-0.01229746,-3.41560936,4.07359838,0.01795530,0.44675499,0.00122106,-0.28507084,
2286,-2.83216953,-0.61999142,-4.66581631,6.00000000,0.24492188,-0.30131835,0.18998536,0.44993591,-0.16978362,0.07000000,0.00366300,-0.01649269,0.23999999,-0.23999999,-0.01229746,-1.89019167,1.94080603,0.45084164,0.53720003,0.00122106,-0.11252588,
2293,-2.30185366,-0.94799703,2.04153991,5.00000000,0.24169922,-0.30776367,-0.07083321,0.42434898,-0.05346143,0.07000000,0.00366300,0.04123152,0.23999999,-0.23999999,-0.01229746,0.73478359,-0.87266463,0.38421848,0.51120710,0.00122106,0.09374065,
2302,-0.56605750,-1.12516797,8.45321178,6.00000000,0.23041992,-0.35932618,-0.34280258,0.67101592,0.08639181,0.07000000,0.00366300,-0.20936938,0.23999999,-0.23999999,-0.01229746,3.60235953,-2.90597320,0.67154866,0.29513669,0.00122106,0.29749984,
2310,4.25227356,-0.11481486,13.92037201,6.00000000,0.30454102,-0.39799803,-0.27318484,0.09701563,0.37357566,0.07000000,0.00366300,-0.13143478,-0.12678307,0.10760716,-0.01229746,4.90786600,-4.53436518,0.09431005,-0.22611287,0.00122106,0.37003738,
2318,8.97603321,-0.41768137,18.53280067,6.00000000,-0.04028320,0.04189453,-0.75866425,-1.17239058,0.38755059,0.07000000,0.00366300,0.07930162,-0.23999999,0.23999999,-0.01229746,4.46455240,-4.69668102,-1.17342854,-0.68738300,0.00122106,0.25651532,
2326,2.62062502,1.39592636,20.53136063,6.00000000,-0.24975586,0.33837891,-0.25984424,-2.03403711,0.25003380,0.07000000,0.00366300,0.02123852,-0.23999999,0.23999999,-0.01229746,3.25503898,-3.32136154,-2.01719880,-0.11322641,0.00122106,0.09658915,
2334,0.84771860,-0.24290465,20.53136063,6.00000000,-0.24169922,0.33193359,0.11276725,-1.87032056,-0.07243071,0.07000000,0.00366300,0.20810658,-0.23999999,0.23999999,-0.01229746,0.51661748,-1.20951319,-1.84063113,-0.33425665,0.00122106,-0.07215039,
2342,-1.44832087,0.72794414,12.08641338,6.00000000,-0.29165038,0.33676758,0.30741921,-1.36984956,-0.25988385,0.07000000,0.00366300,-0.05537137,-0.23999999,0.23999999,-0.01229746,-0.99134701,1.17286122,-1.36284089,-0.18250544,0.00122106,-0.18969610,
2350,-2.91476941,-1.91405749,3.80008125,6.00000000,-0.30131835,0.37221679,0.53758806,-0.68371177,-0.27079773,0.07000000,0.00366300,-0.17203373,-0.14502086,0.12137851,-0.01229746,-2.63544726,3.15206480,-0.73130232,0.06922506,0.00122106,-0.27397895,
2358,-3.26192856,0.10425460,-0.15154877,6.00000000,-0.18530273,0.18691406,0.57210541,0.18289083,-0.22192013,0.07000000,0.00366300,-0.43516970,0.23998974,-0.23999999,-0.01229746,-3.59363294,4.99338722,0.17317277,0.26212537,0.00122106,-0.31467667,
2365,-2.65380144,-3.83420730,-2.55532718,5.00000000,0.18691406,-0.25620118,0.48243982,0.62925512,-0.10289012,0.07000000,0.00366300,-0.26909512,0.23999999,-0.23999999,-0.01229746,-3.54301834,4.41917372,0.64545101,0.43980587,0.00122106,-0.25335330,
2374,-1.87808001,-0.17586701,-1.91248417,6.00000000,0.23686524,-0.29326171,0.11047939,0.90105033,-0.08750109,0.07000000,0.00366300,-0.17786238,0.23999999,-0.23999999,-0.01229746,-0.74176490,1.30550635,0.91130799,0.48608547,0.00122106,-0.01185600,
2382,-1.51775265,-0.76723480,5.46046019,6.00000000,0.27714843,-0.34321290,-0.19868636,0.88337851,0.06449363,0.07000000,0.00366300,-0.07761534,0.23999999,-0.23999999,-0.01229746,1.51843643,-1.27409041,0.88968790,0.37809739,0.00122106,0.17362386,
2390,4.26065302,-0.88814199,8.59327316,6.00000000,0.28359374,-0.38188475,-0.40682772,0.35615778,0.27761444,0.07000000,0.00366300,-0.07405430,-0.10897402,0.09795081,-0.01229746,3.30216289,-3.08748746,0.35953540,-0.21828392,0.00122106,0.27299836,
2398,7.49521971,0.10305750,13.33977795,6.00000000,-0.05317383,0.04833984,-0.77232224,-0.59131038,0.41584912,0.07000000,0.00366300,-0.06963782,-0.23999999,0.23999999,-0.01229746,3.46447849,-3.24282169,-0.56824589,-0.54520941,0.00122106,0.21404287,
2406,4.16368771,1.93821311,20.53136063,6.00000000,-0.25297850,0.31743163,-0.44784021,-1.36920929,0.32897469,0.07000000,0.00366300,-0.07394267,-0.23999999,0.23999999,-0.01229746,2.26892805,-1.98618472,-1.36087465,-0.40207359,0.00122106,0.05651546,
2414,2.04601645,1.32410038,20.53136063,6.00000000,-0.24492188,0.34643555,0.06350411,-1.22595036,0.02017065,0.07000000,0.00366300,0.04528797,-0.23999999,0.23999999,-0.01229746,-0.18151423,0.00698132,-1.20628619,-0.36353576,0.00122106,-0.10288516,
2422,1.53126311,0.91349477,15.67173004,6.00000000,-0.29809570,0.35126954,0.33058459,-1.03148890,-0.21270107,0.07000000,0.00366300,-0.11144803,-0.23999999,0.23999999,-0.01229746,-1.77325451,2.12581110,-1.02110505,-0.37901279,0.00122106,-0.22719905,
2430,-2.12109160,-2.42162824,8.61003208,6.00000000,-0.29648438,0.36577147,0.55290753,-0.49205935,-0.28650504,0.07000000,0.00366300,-0.23542102,-0.18282504,0.15074325,-0.01229746,-3.16428208,3.90255642,-0.49401885,0.02677631,0.00122106,-0.30981246,
2437,-2.63704205,-0.24889016,3.84197974,5.00000000,-0.25458986,0.25136718,0.29371855,0.12096176,-0.24958904,0.07000000,0.00366300,-0.36075598,0.04660442,-0.09534135,-0.01229746,-4.33888865,5.50651360,0.11726689,0.14123724,0.00122106,-0.36584014,
2446,-2.03849149,-2.73167729,-1.16908455,6.00000000,0.00000000,-0.07089844,0.46859840,0.79238391,-0.14703605,0.07000000,0.00366300,-0.25139481,0.23999999,-0.23999999,-0.01229746,-4.73333311,5.54491138,0.80199111,0.27542216,0.00122106,-0.32973176,
2454,-2.36290598,-1.49148083,-0.40892544,6.00000000,0.21752930,-0.26103514,0.04538123,1.08318353,-0.12991488,0.07000000,0.00366300,-0.04471233,0.23999999,-0.23999999,-0.01229746,-3.17300868,3.31088948,1.09608316,0.35749125,0.00122106,-0.16371413,
2462,-1.13468039,-0.76603770,2.49284697,6.00000000,0.24331054,-0.31743163,-0.09349414,1.23285985,-0.02678683,0.07000000,0.00366300,-0.03525665,0.23999999,-0.23999999,-0.01229746,-0.28972465,0.40317106,1.24349678,0.35563967,0.00122106,0.06328438,
2470,4.28339815,-1.99905157,4.60573006,6.00000000,0.29165038,-0.34643555,-0.17749868,0.83080500,0.14685315,0.07000000,0.00366300,0.03923336,-0.03188497,0.03668505,-0.01229746,1.59348571,-1.72438538,0.80493647,-0.19605255,0.00122106,0.18684347,
2478,6.31487799,-0.07052213,10.06211567,6.00000000,0.02255859,-0.02739258,-0.71341103,-0.01678991,0.26022118,0.07000000,0.00366300,0.08061659,-0.23999999,0.23999999,-0.01229746,2.00189257,-2.26194692,-0.01802951,-0.35746247,0.00122106,0.16104713,
2486,6.16763496,2.39670277,19.70236969,6.00000000,-0.23686524,0.28359374,-0.46068433,-0.90182894,0.27996445,0.07000000,0.00366300,-0.10461044,-0.23999999,0.23999999,-0.01229746,0.88488197,-0.53930676,-0.89896172,-0.50497043,0.00122106,-0.01279953,
2494,0.61787522,0.89314407,20.53136063,6.00000000,-0.29326171,0.38510743,0.12752417,-1.08532381,0.11675292,0.07000000,0.00549451,0.03977313,-0.23999999,0.23999999,-0.01229746,-0.60911995,0.47996554,-1.07329094,-0.18795174,0.00122106,-0.12238494,
2502,4.21755743,0.96018171,15.69088364,6.00000000,-0.28520507,0.35932618,0.14727154,-0.77435213,-0.16111512,0.07000000,0.00549451,0.04738011,-0.23999999,0.23999999,-0.01229746,-2.52723670,2.35270381,-0.76520967,-0.64517838,0.00122106,-0.24079500,
2509,-1.91758442,-1.22452736,13.04409409,5.00000000,-0.31259766,0.37705079,0.31170556,-0.44943050,-0.29414812,0.07000000,0.00549451,-0.01568288,-0.20565674,0.20326962,-0.01229746,-3.63726616,3.67566347,-0.44885242,-0.00529021,0.00122106,-0.31273228,
2518,-0.99461961,-0.40930167,4.56981707,6.00000000,-0.26586914,0.32226563,0.30445349,0.19100799,-0.28537709,0.07000000,0.00366300,-0.18410756,-0.23999999,0.23999999,-0.01229746,-5.09810686,5.70024538,0.16085690,-0.09455258,0.00122106,-0.39706469,
2526,-2.84653473,-1.21375346,2.19237471,6.00000000,-0.28359374,0.34321290,0.31466454,0.87098014,-0.25134793,0.07000000,0.00366300,-0.28899550,0.16373952,-0.20212437,-0.01229746,-6.56767368,7.49618912,0.87436557,0.16121280,0.00122106,-0.46897146,
2534,-2.74956942,-1.82547200,2.07984710,6.00000000,0.09023438,-0.17885742,-0.01484295,1.40665627,-0.17682423,0.07000000,0.00549451,-0.21789140,0.22129968,-0.23999999,-0.01229746,-6.85565329,7.56251144,1.41942120,0.12289819,0.00122106,-0.44090480,
2542,-1.60035264,-0.32670170,2.11216903,6.00000000,0.18691406,-0.28198242,-0.09661685,1.69357312,-0.12323244,0.07000000,0.00549451,-0.02944317,0.23999999,-0.23999999,-0.01229746,-4.50469494,4.59894276,1.70852995,0.29788572,0.00122106,-0.21660386,
2550,1.52168632,-0.70498556,4.24659967,6.00000000,0.28198242,-0.32226563,-0.12180071,1.58590043,-0.05951761,0.07000000,0.00549451,0.03973743,0.23999999,-0.23999999,-0.01229746,-2.01760054,1.89019167,1.59971809,0.07583538,0.00122106,-0.02912448,
2558,5.53317118,-1.24727225,8.97155666,6.00000000,0.29165038,-0.34321290,-0.24449062,0.81596732,0.09530010,0.07000000,0.00549451,0.23086590,-0.23315458,0.23999999,-0.01229746,-0.23561946,-0.51836282,0.81551850,-0.31611064,0.00122106,0.07080770,
2566,8.99279308,0.92426866,14.00177479,6.00000000,-0.18369141,0.23847656,-0.54586345,-0.37827009,0.15170780,0.07000000,0.00549451,0.19576156,-0.23999999,0.23999999,-0.01229746,-0.49741885,-0.15184364,-0.38222986,-0.45055971,0.00122106,-0.04133775,
2574,3.36761594,2.15488839,20.53136063,6.00000000,-0.33193359,0.38671875,-0.15129381,-1.07327604,0.11211815,0.07000000,0.00549451,0.00595923,-0.23999999,0.23999999,-0.01229746,-1.05417895,1.03323495,-1.06272817,-0.43564484,0.00122106,-0.15890342,
2581,3.25867963,-0.03460911,19.10381889,5.00000000,-0.27231446,0.36254883,0.20630977,-0.71685237,-0.01812615,0.07000000,0.00549451,0.16226107,-0.23999999,0.23999999,-0.01229746,-3.13984728,2.62497520,-0.70304310,-0.49878609,0.00122106,-0.27151757,
2590,0.19051021,-0.55415088,14.25196838,6.00000000,-0.33032227,0.36254883,0.09909938,-0.52967346,-0.20366149,0.07000000,0.00366300,0.08385102,-0.23999999,0.23999999,-0.01229746,-4.45582581,4.19751692,-0.52652210,-0.24780023,0.00122106,-0.36882514,
2598,-1.36572087,-0.77441740,7.47757483,6.00000000,-0.31259766,0.34965819,0.21844688,0.08764900,-0.26534039,0.07000000,0.00366300,-0.07150117,-0.23999999,0.23999999,-0.01229746,-5.93237400,6.17672014,0.08468586,-0.11884588,0.00122106,-0.45270684,
2606,-2.65499854,-0.20699163,4.98401403,6.00000000,-0.31420898,0.34804687,0.24558255,0.66904247,-0.24973762,0.07000000,0.00549451,-0.24231905,-0.01937833,-0.01285346,-0.01229746,-7.25533390,8.05992985,0.66928244,0.07169273,0.00122106,-0.53246170,
2614,-3.11468530,-1.46634173,2.43179488,6.00000000,-0.06284180,0.05156250,0.25918642,1.41579378,-0.17252412,0.07000000,0.00549451,-0.28816763,0.23999999,-0.23999999,-0.01229746,-8.07214737,8.99891758,1.42488885,0.19605857,0.00122106,-0.54084802,
2622,-1.91040182,-0.26325536,2.27976298,6.00000000,0.18046875,-0.27875978,-0.06376235,1.82257390,-0.10318203,0.07000000,0.00366300,-0.21204711,0.23999999,-0.23999999,-0.01229746,-6.59559917,7.27976847,1.83757734,0.21221408,0.00122106,-0.39021170,
2630,0.05404072,-0.92046374,4.26695061,6.00000000,0.26748046,-0.33999023,0.00265333,1.99883103,-0.03333055,0.07000000,0.00366300,-0.07339431,0.23999999,-0.23999999,-0.01229746,-4.27256584,4.50818539,2.01431441,0.20915437,0.00122106,-0.18294068,
2638,4.25706196,-2.06608915,7.68227911,6.00000000,0.28842774,-0.31259766,-0.29555112,1.29675341,0.10329991,0.07000000,0.00366300,0.12785876,-0.07007149,0.08767779,-0.01229746,-2.10312176,1.74532926,1.27169228,-0.21224000,0.00122106,-0.04672228,
2646,6.85955906,-0.03341200,10.74805450,6.00000000,-0.01611328,0.07089844,-0.42255902,0.39965537,0.13806726,0.07000000,0.00366300,0.20849603,-0.23999999,0.23999999,-0.01229746,-1.40149939,0.73478359,0.39624560,-0.38077214,0.00122106,-0.05067859,
2653,6.89666939,2.18481588,16.98614693,5.00000000,-0.24008790,0.27070314,-0.37126037,-0.55316794,0.05280448,0.07000000,0.00366300,0.06058559,-0.23999999,0.23999999,-0.01229746,-2.65639114,2.45393300,-0.55279231,-0.60668945,0.00122106,-0.23411834,
2662,1.39599073,0.22516178,20.53136063,6.00000000,-0.29970703,0.39477539,0.30807054,-0.96355164,-0.04479409,0.07000000,0.00366300,0.01764003,-0.23999999,0.23999999,-0.01229746,-3.72278738,3.66693687,-0.95550966,-0.26237720,0.00122106,-0.35443020,
2670,2.57513499,-1.45317364,15.64898491,6.00000000,-0.28842774,0.37060547,0.17718107,-0.39004731,-0.18067886,0.07000000,0.00366300,0.07320621,-0.23999999,0.23999999,-0.01229746,-5.46811628,5.30754614,-0.39413744,-0.48164353,0.00122106,-0.44205391,
2678,-1.38726866,-1.40888083,10.36019421,6.00000000,-0.30454102,0.38349611,0.04040300,-0.01541339,-0.22823520,0.07000000,0.00366300,-0.07071923,-0.23999999,0.23999999,-0.01229746,-6.82598305,7.07556486,-0.01711726,-0.09107289,0.00122106,-0.53309077,
2686,-1.05447471,-0.05017142,4.26575327,6.00000000,-0.30937499,0.34482422,0.08892906,0.63985753,-0.21679126,0.07000000,0.00366300,-0.25014266,-0.23999999,0.23999999,-0.01229746,-8.34441948,9.20137596,0.63962311,-0.08798485,0.00122106,-0.61898184,
2694,-2.64661884,-0.54098278,3.26617408,6.00000000,-0.29487306,0.34643555,0.17343539,1.21901965,-0.17027742,0.07000000,0.00366300,-0.45465815,0.02654830,-0.08679938,-0.01229746,-9.71450233,11.19105148,1.22563672,0.10030707,0.00122106,-0.70306212,
2702,-2.60472035,-0.67625517,3.36553359,6.00000000,-0.02900391,-0.05639648,0.15917607,1.87365842,-0.11593635,0.07000000,0.00366300,-0.35788447,0.22251353,-0.23999999,-0.01229746,-10.36027431,11.50346470,1.88661170,0.15107775,0.00122106,-0.68893737,
2710,-1.78590333,-0.26804376,5.38504267,6.00000000,0.18046875,-0.27714843,0.01946033,2.21215892,-0.07891323,0.07000000,0.00366300,-0.17878796,0.23999999,-0.23999999,-0.01229746,-8.79122353,9.39161587,2.22433877,0.24236512,0.00122106,-0.52410054,
2718,0.82257944,-0.98151588,7.34828806,6.00000000,0.27714843,-0.34160155,-0.06874305,2.20692086,0.00294985,0.07000000,0.00366300,-0.08522394,0.23999999,-0.23999999,-0.01229746,-6.32856417,6.59385347,2.21504736,0.12394166,0.00122106,-0.32342112,
2725,5.53676271,-1.54894173,9.41209030,5.00000000,0.28037110,-0.35288087,-0.12528197,1.51234770,0.12920338,0.07000000,0.00366300,0.08329518,-0.23999999,0.23999999,-0.01229746,-4.23067808,3.96713352,1.51326001,-0.34103078,0.00122106,-0.19302395,
2734,8.28530598,0.14735022,12.83340454,6.00000000,-0.22236328,0.28198242,-0.37655178,0.30948541,0.17789175,0.07000000,0.00366300,0.18972597,-0.23999999,0.23999999,-0.01229746,-4.30223656,3.69311690,0.29964614,-0.52079457,0.00122106,-0.28200197,
2742,4.05235767,2.31889105,20.53136063,6.00000000,-0.31904298,0.38027343,-0.23007712,-0.34857634,0.13571067,0.07000000,0.00366300,-0.01432544,-0.23999999,0.23999999,-0.01229746,-5.53094816,5.58330822,-0.34877205,-0.47428110,0.00122106,-0.45091549,
2750,0.20607252,0.05158216,19.13494301,6.00000000,-0.28037110,0.38994139,0.25396428,-0.05111853,0.06389202,0.07000000,0.00366300,0.09265812,-0.23999999,0.23999999,-0.01229746,-7.26929617,6.93593836,-0.01307234,-0.17269588,0.00122106,-0.54408550,
2758,1.31817925,-0.89891595,11.61954403,6.00000000,-0.28842774,0.36254883,0.07410489,0.28414443,-0.08206537,0.07000000,0.00366300,0.04039565,-0.23999999,0.23999999,-0.01229746,-8.83136559,8.70221138,0.28307056,-0.35772806,0.00122106,-0.64590263,
2766,-3.35171127,-0.55055958,8.70460320,6.00000000,-0.30292970,0.37382811,0.14480850,0.82082134,-0.15257381,0.07000000,0.00366300,-0.08301320,-0.02660799,0.01680532,-0.01229746,-10.13861847,10.40041733,0.82100165,0.09899247,0.00122106,-0.72006595,
2774,-2.74118972,-0.30635101,4.15801430,6.00000000,-0.10634766,0.09023438,0.23015428,1.50458717,-0.16533877,0.07000000,0.00366300,-0.23790550,0.10641325,-0.13700056,-0.01229746,-10.48070240,11.25039196,1.50703073,0.11583956,0.00122106,-0.71349996,
2782,-2.34375238,-1.48310113,0.55593783,6.00000000,0.05800781,-0.12246094,0.37228179,2.08217382,-0.10423067,0.07000000,0.00366300,-0.07297193,0.23999999,-0.23999999,-0.01229746,-9.96582985,10.20668507,2.10239697,0.30540487,0.00122106,-0.60926324,
2790,-0.39846340,-1.38613594,1.31729400,6.00000000,0.23203126,-0.30937499,-0.01348350,2.11430359,-0.05241861,0.07000000,0.00366300,0.08753227,0.23999999,-0.23999999,-0.01229746,-8.44913864,8.13672543,2.13192391,0.19203424,0.00122106,-0.47052926,
2797,2.06397295,-2.01461387,3.65882325,5.00000000,0.24169922,-0.29165038,-0.08346394,1.76185942,0.03893217,0.07000000,0.00366300,0.24444126,0.22563976,-0.19132540,-0.01229746,-6.34776258,5.54142046,1.77720666,0.01874293,0.00122106,-0.31518933,
2806,3.43944192,-0.38296545,8.81713104,6.00000000,0.25458986,-0.27875978,-0.40178111,1.03725886,0.09659185,0.07000000,0.00366300,0.31163922,0.12266386,-0.07981208,-0.01229746,-4.14515686,3.13112068,1.03845716,-0.00543725,0.00122106,-0.19529161,
2814,6.77097368,-0.33508143,12.82382774,6.00000000,0.17885742,-0.11279297,-0.29224777,0.06516486,0.10903976,0.07000000,0.00366300,0.41280431,-0.23999999,0.23999999,-0.01229746,-2.96007848,1.62315619,0.06012475,-0.33281291,0.00122106,-0.16912816,
2822,7.12770987,1.89152622,17.48174667,6.00000000,-0.20302734,0.25781250,-0.15108915,-1.05828965,-0.03724471,0.07000000,0.00366300,0.39066663,-0.23999999,0.23999999,-0.01229746,-3.66868210,2.40331841,-1.05061817,-0.45215163,0.00122106,-0.31134680,
2830,3.01566815,-0.84025800,20.53136063,6.00000000,-0.30615234,0.39155275,0.23172261,-1.76872504,-0.14394252,0.07000000,0.00366300,0.20805889,-0.23999999,0.23999999,-0.01229746,-4.72111559,4.04218245,-1.75368917,-0.55655068,0.00122106,-0.46771419,
2838,0.75075340,-2.37015295,15.56997681,6.00000000,-0.28842774,0.37221679,0.30726963,-1.20251346,-0.16471699,0.07000000,0.00366300,0.10948269,-0.23999999,0.23999999,-0.01229746,-6.30762005,5.96902609,-1.19377029,-0.35956645,0.00122106,-0.55975533,
2846,-1.80984533,-1.29156494,8.83628464,6.00000000,-0.33515626,0.36899415,-0.03362348,-0.81185961,-0.16132852,0.07000000,0.00366300,0.04475360,-0.23999999,0.23999999,-0.01229746,-7.83827400,7.71435547,-0.81671846,-0.05627736,0.00122106,-0.65587687,
2854,-3.38523006,0.33050665,3.62051606,6.00000000,-0.30292970,0.35288087,0.08027029,0.02903248,-0.17855757,0.07000000,0.00366300,-0.20071153,-0.11433545,0.08814818,-0.01229746,-9.20137596,9.79827881,0.03410947,0.13960588,0.00122106,-0.72199357,
2862,-2.49099565,0.28860813,0.25785971,6.00000000,-0.15952149,0.14663085,0.26519185,0.69802976,-0.11517593,0.07000000,0.00366300,-0.25191993,0.01655650,-0.04929718,-0.01229746,-10.41612434,11.23293877,0.69786727,0.17025730,0.00122106,-0.77139920,
2869,-3.20566487,-0.32789880,0.66607112,5.00000000,-0.03544922,-0.02255859,0.26297909,1.14463103,-0.11976021,0.07000000,0.00366300,-0.16857307,0.23999999,-0.23999999,-0.01229746,-10.34805775,10.89085484,1.15350676,0.34598273,0.00122106,-0.72155738,
2878,-2.45627975,-1.22333026,4.93493271,6.00000000,0.18691406,-0.27070314,0.07783005,1.62681067,-0.07848447,0.07000000,0.00366300,0.11483280,0.23999999,-0.23999999,-0.01229746,-8.78598690,8.45786572,1.63513851,0.32678542,0.00122106,-0.53013736,
2886,0.76392150,-0.00946999,6.38222790,6.00000000,0.25781250,-0.34160155,-0.07340772,1.60031319,0.05171503,0.07000000,0.00366300,0.07358891,0.23999999,-0.23999999,-0.01229746,-6.26922274,6.03185797,1.60764182,0.16850917,0.00122106,-0.34445494,
2894,4.52521229,-1.85779369,11.40286827,6.00000000,0.27875978,-0.34482422,-0.28708974,0.81157178,0.18210156,0.07000000,0.00366300,0.25078189,-0.20425820,0.23880130,-0.01229746,-4.26034880,3.44702530,0.80686301,-0.19908349,0.00122106,-0.23257264,
2902,8.18714428,0.49810079,15.38562298,6.00000000,-0.14663085,0.25781250,-0.45797327,-0.32758269,0.21428713,0.07000000,0.00366300,0.28346023,-0.23999999,0.23999999,-0.01229746,-4.17482758,3.25329351,-0.33305699,-0.38151079,0.00122106,-0.30842885,
2910,2.98214936,2.02081299,20.53136063,6.00000000,-0.28037110,0.33032227,-0.28662860,-1.05918157,0.12767558,0.07000000,0.00366300,-0.06162238,-0.23999999,0.23999999,-0.01229746,-5.35641527,5.55712843,-1.04784179,-0.34485489,0.00122106,-0.49481133,
2918,0.85011280,-0.03341200,20.53136063,6.00000000,-0.27070314,0.36416015,0.37516159,-0.90415895,0.03954838,0.07000000,0.00366300,0.14761160,-0.23999999,0.23999999,-0.01229746,-7.31118393,6.84518147,-0.92211413,-0.25721538,0.00122106,-0.60742271,
2926,0.90637654,-0.64991891,12.51377869,6.00000000,-0.29326171,0.35126954,0.13540623,-0.51289195,-0.16663575,0.07000000,0.00366300,0.04765718,-0.23999999,0.23999999,-0.01229746,-8.87674427,8.68824863,-0.51049089,-0.33528844,0.00122106,-0.70506626,
2934,-3.84252262,-0.75406671,7.77924442,6.00000000,-0.31743163,0.37543947,0.30403006,0.03357807,-0.23390111,0.07000000,0.00366300,-0.02677290,-0.15968327,0.15733142,-0.01229746,-10.40914440,10.54004383,-0.00363839,0.12702623,0.00122106,-0.79862440,
2942,-3.58275175,0.26346901,2.38031960,6.00000000,-0.22719726,0.27070314,0.34648281,0.79655850,-0.22621720,0.07000000,0.00366300,-0.14203866,0.06910911,-0.08668220,-0.01229746,-11.60818481,12.04102707,0.79592276,0.21368192,0.00122106,-0.84380263,
2950,-2.97821569,-1.45437074,-0.82312232,6.00000000,0.01450195,-0.04189453,0.27261588,1.42789364,-0.20117643,0.07000000,0.00366300,-0.10125949,0.23999999,-0.23999999,-0.01229746,-11.76177406,12.07767868,1.43986416,0.28326795,0.00122106,-0.79750913,
2958,-2.60950875,-1.14432156,0.21476409,6.00000000,0.20141602,-0.27392578,0.02874642,1.79291856,-0.14828727,0.07000000,0.00366300,0.04499482,0.23999999,-0.23999999,-0.01229746,-10.11069202,9.93790531,1.81740022,0.38857302,0.00122106,-0.62494385,
2966,-0.72048354,0.24670960,3.69952464,6.00000000,0.27875978,-0.33837891,-0.00379975,1.91037869,-0.03535131,0.07000000,0.00366300,0.03515931,0.23999999,-0.23999999,-0.01229746,-7.40194130,7.31991100,1.92600584,0.32563642,0.00122106,-0.41697681,
2974,3.62379551,-2.92919898,7.85585880,6.00000000,0.28037110,-0.34482422,-0.18643722,1.28545892,0.13239028,0.07000000,0.00366300,0.13928191,-0.05294693,0.07263860,-0.01229746,-5.19235468,4.72286129,1.29038453,-0.12905130,0.00122106,-0.27933478,
2982,6.05869865,0.05517346,12.97346497,6.00000000,0.01289062,0.03222656,-0.49807096,0.38343942,0.23272654,0.07000000,0.00366300,0.21801123,-0.23999999,0.23999999,-0.01229746,-4.52563858,3.82227111,0.37708646,-0.25888774,0.00122106,-0.28863165,
2990,5.18601227,0.99130630,20.53136063,6.00000000,-0.24008790,0.29326171,-0.52043062,-0.65983188,0.19128056,0.07000000,0.00366300,-0.07567233,-0.23999999,0.23999999,-0.01229746,-5.47858858,5.72293472,-0.66288853,-0.37384784,0.00122106,-0.47609192,
2998,1.34810674,0.26107481,20.53136063,6.00000000,-0.27392578,0.36899415,0.24716455,-1.01379490,0.13473505,0.07000000,0.00366300,0.09352627,-0.23999999,0.23999999,-0.01229746,-7.13141537,6.79107618,-1.03319836,-0.29745901,0.00122106,-0.60916865,
3006,1.86884558,-0.69062036,16.36125946,6.00000000,-0.31904298,0.33999023,0.08150808,-0.64622289,-0.12641850,0.07000000,0.00366300,0.17233753,-0.23999999,0.23999999,-0.01229746,-9.12108994,8.56956673,-0.63752574,-0.40393037,0.00122106,-0.72255409,
3013,-2.51972604,-0.21058293,9.37258530,5.00000000,-0.30615234,0.36416015,0.27003828,-0.35888311,-0.21715382,0.07000000,0.00366300,0.10245018,-0.23999999,0.23999999,-0.01229746,-10.58716679,10.25380898,-0.36013433,-0.05062401,0.00122106,-0.82146120,
3022,-3.50254583,0.26466611,2.52516866,6.00000000,-0.31743163,0.33354491,0.25600988,0.48026109,-0.26173645,0.07000000,0.00366300,-0.10153221,-0.12417623,0.11207479,-0.01229746,-11.97819424,12.32900620,0.47650251,0.12588848,0.00122106,-0.89047468,
3030,-3.26312566,-0.90131015,-1.35822642,6.00000000,-0.17241211,0.19819336,0.48873878,1.21396518,-0.19891484,0.07000000,0.00366300,-0.20761281,0.14051926,-0.16662577,-0.01229746,-13.18596268,13.83347893,1.21023178,0.24581109,0.00122106,-0.93401343,
3038,-3.47381544,-1.45796204,-0.78361803,6.00000000,0.08862305,-0.14340821,0.20318058,1.68456769,-0.16063717,0.07000000,0.00366300,-0.04190977,0.23999999,-0.23999999,-0.01229746,-13.10393143,13.23657703,1.70255566,0.36999488,0.00122106,-0.87353086,
3046,-2.34375238,-1.07010138,0.92105359,6.00000000,0.22397462,-0.30131835,0.01624848,2.04252005,-0.12862650,0.07000000,0.00366300,-0.00896188,0.23999999,-0.23999999,-0.01229746,-10.55226040,10.55226040,2.14491057,0.43154034,0.00122106,-0.64529979,
3054,-0.60316765,0.17967194,5.71304846,6.00000000,0.24814454,-0.30615234,-0.01209233,2.10265517,0.01371936,0.07000000,0.00366300,-0.00841474,0.23999999,-0.23999999,-0.01229746,-7.81732941,7.86445379,2.11482096,0.31035542,0.00122106,-0.44140726,
3062,3.53042150,-2.23488045,11.88889122,6.00000000,0.28520507,-0.33193359,-0.30239731,1.40556955,0.19416416,0.07000000,0.00366300,0.16295844,-0.04682849,0.06988046,-0.01229746,-5.79798412,5.27263975,1.40041876,-0.12734812,0.00122106,-0.31760523,
3070,6.29333019,0.49929789,17.43625641,6.00000000,0.00322266,0.04833984,-0.64172983,0.31709450,0.27388108,0.07000000,0.00366300,0.29546347,-0.23999999,0.23999999,-0.01229746,-5.33372641,4.38077641,0.30288434,-0.19464034,0.00122106,-0.34622076,
3078,4.48091984,2.33565068,20.53136063,6.00000000,-0.22719726,0.29326171,-0.30693308,-0.65670842,0.16488409,0.07000000,0.00366300,0.05562180,-0.23999999,0.23999999,-0.01229746,-6.49437046,6.30936527,-0.65371323,-0.33353317,0.00122106,-0.53823149,
3085,1.63421381,-0.67984647,20.53136063,5.00000000,-0.26425782,0.40122071,0.30050972,-1.08989668,0.10079797,0.07000000,0.00366300,0.25824806,-0.23999999,0.23999999,-0.01229746,-8.19955635,7.37576151,-1.08033454,-0.36932200,0.00122106,-0.67600614,
3094,1.17572427,-1.02102017,14.60152245,6.00000000,-0.27714843,0.34160155,0.09845489,-0.65833557,-0.17252006,0.07000000,0.00366300,0.09535396,-0.23999999,0.23999999,-0.01229746,-9.94663143,9.60280132,-0.65341198,-0.36661911,0.00122106,-0.79289472,
3102,-3.87484431,-0.67864937,6.87543344,6.00000000,-0.29487306,0.36738282,0.28059128,-0.26984614,-0.19142424,0.07000000,0.00366300,0.14689817,-0.23999999,0.23999999,-0.01229746,-11.67974377,11.18930531,-0.27406386,0.10767913,0.00122106,-0.89291829,
3110,-4.63979149,0.64414710,1.68001556,6.00000000,-0.28359374,0.34482422,0.17675833,0.66159952,-0.26899895,0.07000000,0.00366300,0.10287705,0.12210616,-0.10615674,-0.01229746,-13.28544617,12.93987179,0.65904796,0.29118001,0.00122106,-0.95169890,
3118,-2.99497509,-0.65231317,-3.67102528,6.00000000,0.06928711,-0.05478515,0.27925602,1.29910266,-0.17857668,0.07000000,0.00366300,-0.07582814,0.15455955,-0.16264081,-0.01229746,-13.66767311,13.90503883,1.30959225,0.24236824,0.00122106,-0.95061308,
3126,-3.10151720,0.24670960,-4.81186247,6.00000000,0.14824219,-0.18046875,0.19677004,1.64298153,-0.11896352,0.07000000,0.00366300,0.04966401,0.23999999,-0.23999999,-0.01229746,-12.32028008,12.11956692,1.68036783,0.48141479,0.00122106,-0.80423403,
3134,-4.40994835,-0.53499728,3.76656222,6.00000000,0.21914062,-0.27553710,-0.00975956,1.84274662,-0.15841553,0.07000000,0.00366300,0.37212574,0.23999999,-0.23999999,-0.01229746,-9.88903522,8.74060822,1.85327637,0.66105914,0.00122106,-0.57078975,
3142,0.50654483,1.30734098,5.31800508,6.00000000,0.24814454,-0.32387695,-0.19718955,1.90556955,0.03768634,0.07000000,0.00549451,0.19425027,0.23999999,-0.23999999,-0.01229746,-7.23264408,6.60956192,1.92169690,0.34263730,0.00122106,-0.38090175,
3150,3.75787067,-2.03975296,11.68538475,6.00000000,0.28520507,-0.36254883,-0.25213903,1.25451458,0.23170972,0.07000000,0.00549451,0.20521928,-0.01464006,0.04305477,-0.01229746,-5.32848978,4.67573690,1.24762750,-0.09696352,0.00122106,-0.28612375,
3157,5.51760912,0.34966028,20.53136063,5.00000000,0.04833984,-0.02739258,-0.52057332,0.01872413,0.37392905,0.07000000,0.00549451,0.20275730,-0.23999999,0.23999999,-0.01229746,-4.77172995,4.12421322,0.00121915,-0.10669328,0.00122106,-0.33937252,
3166,4.61619186,0.60703695,20.53136063,6.00000000,-0.21591797,0.27553710,-0.25879794,-1.08942556,0.30224857,0.07000000,0.00549451,0.07224724,-0.23999999,0.23999999,-0.01229746,-6.19068289,5.97251701,-1.08693039,-0.38448006,0.00122106,-0.55012906,
3174,-0.28952724,-0.71216816,20.53136063,6.00000000,-0.27875978,0.35126954,-0.01734660,-1.43766534,0.20516269,0.07000000,0.00549451,0.27009439,-0.23999999,0.23999999,-0.01229746,-8.37234497,7.47000933,-1.42197311,-0.13341552,0.00122106,-0.71064436,
3182,-1.17897320,0.08869229,12.95670509,6.00000000,-0.28359374,0.37060547,0.07548369,-1.02409101,-0.03354403,0.07000000,0.00366300,0.25153393,-0.23999999,0.23999999,-0.01229746,-10.26777172,9.49110031,-1.01755095,-0.12937991,0.00122106,-0.83024687,
3190,-4.17411947,0.05756766,3.87071013,6.00000000,-0.28198242,0.37382811,0.13991518,-0.50368780,-0.07664978,0.07000000,0.00366300,0.17642862,-0.23999999,0.23999999,-0.01229746,-11.86300278,11.30449772,-0.51179415,0.14367352,0.00122106,-0.92188895,
3198,-4.46501493,1.07749760,-2.41287231,6.00000000,-0.31904298,0.34482422,0.46763542,0.49678385,-0.18641040,0.07000000,0.00366300,-0.13834263,0.00231600,-0.01918787,-0.01229746,-13.32558918,13.75319481,0.49013245,0.25102478,0.00122106,-0.99534416,
3206,-3.63302994,-1.85061109,-4.71489716,6.00000000,-0.03706055,0.01127930,0.52362245,1.05735958,-0.05954334,0.07000000,0.00366300,0.02558004,0.23999999,-0.23999999,-0.01229746,-14.58746147,14.53510189,1.08223486,0.39706025,0.00122106,-1.02778494,
3214,-2.37248278,-0.91806954,-4.49941921,6.00000000,0.19819336,-0.26909178,0.21836407,1.45642185,0.00390971,0.07000000,0.00366300,-0.10397912,0.23999999,-0.23999999,-0.01229746,-13.14058399,13.48266888,1.45715177,0.38956311,0.00122106,-0.90524292,
3222,-6.30376196,-0.19861192,4.47644329,6.00000000,0.20302734,-0.26264650,-0.04483977,1.54301250,0.01460094,0.07000000,0.00366300,0.23117933,0.23999999,-0.23999999,-0.01229746,-10.22937393,9.53473377,1.48815072,0.87166548,0.00122106,-0.64085138,
3229,-5.95061731,-0.08608444,11.58841896,5.00000000,0.26425782,-0.36899415,-0.39022687,2.16267514,0.14511760,0.07000000,0.00366300,-0.14132571,0.23999999,-0.23999999,-0.01229746,-6.91673946,7.38448811,2.15429592,0.83073431,0.00122106,-0.38077909,
3238,2.25072074,-5.08637476,16.00931358,6.00000000,0.30615234,-0.35771483,-0.28955445,1.47776449,0.49220499,0.07000000,0.00549451,0.08142417,-0.05435855,0.06595402,-0.01229746,-4.89913940,4.65828371,1.47487628,-0.15786910,0.00122106,-0.25465190,
3246,5.36318302,1.38515246,20.53136063,6.00000000,0.01127930,0.01289062,-0.62972176,0.35593823,0.46883097,0.07000000,0.00549451,0.22904155,-0.19942275,0.23068136,-0.01229746,-4.59196138,3.84845090,0.33539057,-0.11553170,0.00122106,-0.29654500,
3254,2.40993524,0.68006009,20.53136063,6.00000000,-0.14663085,0.25942382,-0.26324803,-0.50002909,0.30670762,0.07000000,0.00549451,0.26173747,-0.23999999,0.23999999,-0.01229746,-6.69159222,5.83638096,-0.50315189,-0.19418986,0.00122106,-0.51734054,
3262,-0.09559689,-2.40008044,20.53136063,6.00000000,-0.26748046,0.33999023,0.18313703,-1.07027268,0.12139624,0.07000000,0.00549451,0.29098529,-0.23999999,0.23999999,-0.01229746,-8.75282574,7.80685759,-1.06824636,-0.23216718,0.00122106,-0.71282268,
3270,-2.66218114,-0.13755977,15.35449886,6.00000000,-0.27231446,0.37060547,0.24271983,-0.72613925,-0.12682369,0.07000000,0.00549451,0.26497886,-0.23999999,0.23999999,-0.01229746,-10.64127254,9.75464535,-0.71799636,-0.05766730,0.00122106,-0.83036822,
3278,-3.23798656,-2.47430062,3.73663473,6.00000000,-0.29970703,0.37705079,0.33762193,-0.20940168,-0.19519512,0.07000000,0.00549451,0.24996579,-0.23999999,0.23999999,-0.01229746,-12.34820461,11.52964497,-0.22200167,0.00960001,0.00122106,-0.92812687,
3286,-5.55078554,0.88715857,-1.11641204,6.00000000,-0.30776367,0.32871094,0.56263161,0.69495898,-0.24512485,0.07000000,0.00549451,-0.03256017,0.01325810,-0.01589271,-0.01229746,-13.62753105,13.72352409,0.69283223,0.22730112,0.00122106,-0.99121171,
3294,-3.44388795,-3.00341916,-5.45231152,6.00000000,-0.01450195,0.04995117,0.57678026,1.36699486,-0.11746812,0.07000000,0.00549451,-0.15388730,0.21993503,-0.23868728,-0.01229746,-14.65378380,15.10058880,1.37720370,0.31002000,0.00122106,-1.02846646,
3301,-3.07757521,-0.73730731,-4.76876688,5.00000000,0.16918945,-0.25297850,0.26502004,1.77991045,-0.07143986,0.07000000,0.00549451,0.12472546,0.23999999,-0.23999999,-0.01229746,-13.77064800,13.40936470,1.80635834,0.47117895,0.00122106,-0.89853144,
3310,-5.42628717,1.36719596,3.20033360,6.00000000,0.21914062,-0.28520507,-0.08601421,2.01504779,-0.10425907,0.07000000,0.00549451,0.26545057,0.23999999,-0.23999999,-0.01229746,-10.47721100,9.62723541,2.02976561,0.82430565,0.00122106,-0.60696632,
3318,-5.17968416,1.40909457,10.48469257,6.00000000,0.26748046,-0.32548827,-0.21062119,2.48238564,0.12612545,0.07000000,0.00549451,-0.08399740,0.23999999,-0.23999999,-0.01229746,-7.33038282,7.59567308,2.47890711,0.76233077,0.00122106,-0.37806901,
3326,1.61865151,-2.70174980,13.44272804,6.00000000,0.29003906,-0.33032227,-0.24834587,1.96612930,0.49395302,0.07000000,0.00549451,0.19559456,0.21712890,-0.18976815,-0.01229746,-5.59727097,4.94451761,1.97957683,-0.03096032,0.00122106,-0.24924776,
3334,2.19685125,1.59823644,19.39591026,6.00000000,0.28037110,-0.27553710,-0.82099086,0.99517614,0.42621806,0.07000000,0.00549451,0.52334207,0.23999999,-0.23999999,-0.01229746,-4.66177464,2.97404099,0.97482681,0.27074838,0.00122106,-0.21596597,
3342,1.59830081,1.27262497,20.53136063,6.00000000,0.35449219,-0.32709962,-0.31037557,-0.03073143,0.19040960,0.07000000,0.00549451,0.87904978,0.21807545,-0.09870528,-0.01229746,-4.06312656,1.19555056,-0.03775114,0.17190588,0.00122106,-0.20267820,
3350,2.01728606,-1.22572446,19.26303291,6.00000000,0.30454102,-0.17080078,0.32405433,-1.16249204,-0.11304782,0.07000000,0.00549451,1.14347661,-0.23999999,0.23999999,-0.01229746,-3.34405088,-0.26354474,-1.16909254,-0.05930911,0.00122106,-0.20247050,
3358,1.36726034,-3.82343340,15.09113598,6.00000000,-0.18691406,0.25781250,0.40487561,-1.97057569,-0.37397501,0.07000000,0.00549451,0.87203175,-0.23999999,0.23999999,-0.01229746,-3.74373126,0.84299403,-1.99144602,-0.24838389,0.00122106,-0.32110715,
3366,-3.14700699,-2.74843669,13.46188164,6.00000000,-0.28198242,0.29165038,0.25224805,-2.15243173,-0.38664058,0.07000000,0.00549451,0.41099596,-0.23999999,0.23999999,-0.01229746,-5.21504354,3.85892320,-2.16011000,-0.25656599,0.00122106,-0.51012939,
3373,-4.39438581,-2.38571525,11.32745171,5.00000000,-0.29003906,0.34482422,0.27569577,-1.73770952,-0.18715285,0.07000000,0.00549451,0.32705167,-0.23999999,0.23999999,-0.01229746,-6.57290983,5.52571249,-1.74325776,-0.01940256,0.00122106,-0.59482026,
3382,-6.48452425,-0.46436831,2.79930472,6.00000000,-0.31098634,0.32709962,-0.01581636,-0.67475247,-0.11459287,0.07000000,0.00366300,0.14014116,0.16667652,-0.14693800,-0.01229746,-8.12276268,7.67421293,-0.69284034,0.39695758,0.00122106,-0.65860158,
3390,-5.06117105,-0.13277137,-2.57448077,6.00000000,0.12084961,-0.12568359,0.00640550,0.24101713,0.02896851,0.07000000,0.00366300,-0.05086212,0.23999999,-0.23999999,-0.01229746,-8.23795414,8.40201473,0.23047847,0.51629001,0.00122106,-0.61660558,
3398,-4.13222075,1.20199609,-4.65025377,6.00000000,0.21752930,-0.27231446,0.14674050,0.71220922,0.05100215,0.07000000,0.00549451,0.21904097,0.23999999,-0.23999999,-0.01229746,-6.36347055,5.71595335,0.71372026,0.72011167,0.00122106,-0.40648359,
3406,-4.27467585,0.45739934,0.93541878,6.00000000,0.25458986,-0.32065430,-0.07376845,0.95337832,-0.08645143,0.07000000,0.00549451,0.22350180,0.23999999,-0.23999999,-0.01229746,-3.72802329,2.98800373,0.96123433,0.80214339,0.00122106,-0.17801894,
3414,-2.45867395,-0.87018549,7.94803572,6.00000000,0.25942382,-0.35288087,-0.11718768,0.75546199,0.25448647,0.07000000,0.00366300,0.33496702,0.23999999,-0.23999999,-0.01229746,-1.54112577,0.46251225,0.75713861,0.47055927,0.00122106,-0.01854572,
3422,2.28902793,0.80455858,15.94466972,6.00000000,0.29970703,-0.36254883,-0.60181296,0.18861911,0.25929436,0.07000000,0.00366300,0.38072824,0.23999999,-0.23999999,-0.01229746,0.03316126,-1.26361835,0.18552291,0.14095527,0.00122106,0.06400585,
3430,1.38761103,2.82167363,20.53136063,6.00000000,0.34482422,-0.38671875,-0.41199589,-0.59293526,0.25059792,0.07000000,0.00549451,0.63038421,0.23999999,-0.23224941,-0.01229746,0.46425760,-2.51501966,-0.58542359,0.23821738,0.00122106,0.06841478,
3438,3.91828227,1.30135548,20.53136063,6.00000000,0.34482422,-0.36899415,-0.04397189,-1.72871768,-0.01820486,0.07000000,0.00549451,0.95682001,-0.22944236,0.23999999,-0.01229746,0.81332338,-3.90255642,-1.71159530,-0.02871789,0.00122106,0.05027925,
3445,1.44626904,-1.15150416,20.34521103,5.00000000,-0.14340821,0.18691406,0.37546304,-2.77804017,-0.26976046,0.07000000,0.00549451,0.93656653,-0.23999999,0.23999999,-0.01229746,0.15707964,-3.20093369,-2.75481939,-0.15421505,0.00122106,-0.08649532,
3454,-2.89322162,-2.94954967,17.19324493,6.00000000,-0.28037110,0.26103514,0.28282052,-3.11867213,-0.30109656,0.07000000,0.00549451,0.27905047,-0.23999999,0.23999999,-0.01229746,-1.68249738,0.76794487,-3.10898113,-0.24165754,0.00122106,-0.32865921,
3462,-4.18489361,-0.40092197,10.84741402,6.00000000,-0.29003906,0.34321290,0.12720694,-2.69143772,-0.19598113,0.07000000,0.00549451,0.18504608,-0.23999999,0.23999999,-0.01229746,-3.22711372,2.64766431,-2.68694830,0.05649817,0.00122106,-0.42808121,
3470,-8.20595551,-0.46556541,1.53875768,6.00000000,-0.29165038,0.32387695,0.11992937,-1.59002304,-0.15660571,0.07000000,0.00366300,-0.06219721,0.23999999,-0.23999999,-0.01229746,-4.56578159,4.78569317,-1.61913931,0.56300855,0.00122106,-0.48167101,
3478,-4.83252478,0.69801664,-4.89685631,6.00000000,0.19497070,-0.23847656,0.04953736,-0.64791524,-0.02774007,0.07000000,0.00366300,-0.00130283,0.23999999,-0.23999999,-0.01229746,-4.79092884,4.79616451,-0.67695564,0.64721805,0.00122106,-0.41700661,
3486,-3.45107055,1.16967440,-7.14381504,6.00000000,0.22719726,-0.27714843,0.13098054,-0.20691548,-0.10477898,0.07000000,0.00549451,0.26801866,0.23999999,-0.23999999,-0.01229746,-2.50629282,1.77150917,-0.19689107,0.76268524,0.00122106,-0.17350806,
3494,-4.15736008,1.47613215,1.97689652,6.00000000,0.23203126,-0.33354491,0.05031029,-0.11203691,-0.12846307,0.07000000,0.00549451,0.21259300,0.23999999,-0.23999999,-0.01229746,0.29321530,-0.96516705,-0.11115294,0.77335930,0.00122106,0.03550804,
3502,-1.70090914,-4.13707352,7.77445602,6.00000000,0.29165038,-0.38671875,-0.05177589,-0.15100890,0.11291201,0.07000000,0.00549451,0.05392027,0.23999999,-0.23999999,-0.01229746,2.19213343,-2.36841178,-0.15770316,0.40737066,0.00122106,0.16290891,
3510,3.29698682,1.19840479,17.18725967,6.00000000,0.30131835,-0.39316407,-0.47562158,-0.72772980,0.31405866,0.07000000,0.00549451,-0.00090408,-0.17702946,0.17530364,-0.01229746,3.73151398,-3.73675013,-0.72494930,-0.12358552,0.00122106,0.23259898,
3517,3.43704772,-0.21058293,20.53136063,5.00000000,-0.07250977,0.09506836,-0.41444439,-1.53360593,0.32104504,0.07000000,0.00549451,0.01862442,-0.20840484,0.20921931,-0.01229746,3.05607152,-3.11017656,-1.52212667,-0.01272415,0.00122106,0.12052046,
3526,-1.18735290,1.64851475,20.53136063,6.00000000,-0.18369141,0.27875978,-0.50526643,-2.44826007,0.19139706,0.07000000,0.00366300,0.05363933,-0.23999999,0.23999999,-0.01229746,0.35430181,-0.54628801,-2.42225289,-0.02405686,0.00122106,-0.14777908,
3534,-0.56725460,2.23389697,18.48012924,6.00000000,-0.23203126,0.32871094,-0.00512080,-2.22188234,-0.03917428,0.07000000,0.00366300,0.16553879,-0.23999999,0.23999999,-0.01229746,-2.19911480,1.67726135,-2.18932223,-0.13559441,0.00122106,-0.31662321,
3542,-4.29263258,-1.13354766,7.12443018,6.00000000,-0.28842774,0.36416015,0.15564133,-1.78076410,-0.17116795,0.07000000,0.00366300,0.10917230,-0.23999999,0.23999999,-0.01229746,-3.82925224,3.49065852,-1.79121280,0.13954839,0.00122106,-0.41588330,
3550,-6.15292740,3.93617439,-0.21858642,6.00000000,-0.32548827,0.33515626,0.24812952,-0.79070169,-0.31838059,0.07000000,0.00366300,-0.03838561,0.23999999,-0.23999999,-0.01229746,-5.37212324,5.51174974,-0.80710506,0.47517130,0.00122106,-0.47837457,
3558,-5.27066374,-1.82068360,-7.46942616,6.00000000,0.18208008,-0.23686524,0.93709832,0.09541939,-0.30667609,0.07000000,0.00366300,-0.01671592,0.23999999,-0.23999999,-0.01229746,-5.72991562,5.76133204,0.05836409,0.70415950,0.00122106,-0.43350923,
3566,-3.81977773,-1.88772118,-8.22359943,6.00000000,0.21914062,-0.31098634,0.47926152,0.49220225,-0.23313531,0.07000000,0.00366300,0.20227855,0.23999999,-0.23999999,-0.01229746,-3.20791531,2.70875096,0.49249408,0.85015476,0.00122106,-0.18970652,
3574,-1.12869489,-2.02419066,0.16568296,6.00000000,0.24492188,-0.31743163,0.08775430,0.47831553,-0.05781548,0.07000000,0.00366300,0.24880029,0.23999999,-0.23999999,-0.01229746,-0.73652893,-0.06457718,0.48215738,0.50076789,0.00122106,0.01001403,
3582,-4.27467585,-2.49465132,9.73889828,6.00000000,0.24008790,-0.36416015,-0.59281373,0.35260969,-0.13073796,0.07000000,0.00366300,-0.09673819,0.23999999,-0.23999999,-0.01229746,2.05774331,-1.76278257,0.34598643,0.78696489,0.00122106,0.16907099,
3589,1.92630649,3.17002988,18.14015198,5.00000000,0.28681642,-0.37060547,-0.37085611,0.37866557,0.47095555,0.07000000,0.00366300,-0.28594279,-0.01513863,-0.02479216,-0.01229746,4.00378513,-3.12413931,0.37414911,-0.15087062,0.00122106,0.30261511,
3598,1.75990939,-2.29114413,20.15367508,6.00000000,0.06928711,-0.11279297,-0.73099416,-0.56259614,0.46850684,0.07000000,0.00366300,0.02283613,-0.09713697,0.09897768,-0.01229746,3.47320533,-3.55523562,-0.56239271,-0.08570063,0.00122106,0.22823414,
3606,2.84328580,2.64929104,20.53136063,6.00000000,-0.01611328,0.06606445,-0.46834883,-1.47259378,0.25596505,0.07000000,0.00366300,0.22976188,-0.23999999,0.23999999,-0.01229746,1.50970984,-2.26892805,-1.46247315,-0.21885943,0.00122106,0.03080355,
3614,-1.35255277,-1.43880844,20.53136063,6.00000000,-0.21108398,0.30292970,0.06377272,-2.00560689,0.02251107,0.07000000,0.00366300,0.34525400,-0.23999999,0.23999999,-0.01229746,-0.64577180,-0.48345622,-1.98716307,0.03919326,0.00122106,-0.16098006,
3622,-2.53528833,0.23114729,14.28429031,6.00000000,-0.27875978,0.34643555,0.07195660,-1.68390012,-0.10579629,0.07000000,0.00366300,0.18834548,-0.23999999,0.23999999,-0.01229746,-2.20958686,1.59348571,-1.66995096,-0.00802895,0.00122106,-0.27094847,
3630,-4.60387850,-1.13115346,3.78930712,6.00000000,-0.31098634,0.35449219,0.24070640,-0.91507322,-0.30724740,0.07000000,0.00366300,0.15466973,-0.03111848,0.05207114,-0.01229746,-4.09454250,3.58316112,-0.93195659,0.19014689,0.00122106,-0.36718249,
3638,-5.47057962,0.66330069,-2.96114445,6.00000000,-0.08862305,0.11762695,0.58856952,-0.01498598,-0.32141894,0.07000000,0.00366300,-0.06984951,0.23999999,-0.23999999,-0.01229746,-4.81710863,5.04400158,-0.02937180,0.36183304,0.00122106,-0.37508547,
3646,-3.68450522,-2.60478473,-6.67574835,6.00000000,0.20625000,-0.24331054,0.62625575,0.62077969,-0.23062125,0.07000000,0.00549451,0.01199502,0.23999999,-0.23999999,-0.01229746,-3.86066818,3.87114024,0.62066579,0.54674006,0.00122106,-0.25138879,
3654,-2.99377799,0.80934697,-5.08599854,6.00000000,0.23364258,-0.29487306,0.17006126,0.91825575,-0.17233145,0.07000000,0.00549451,0.16415051,0.23999999,-0.23999999,-0.01229746,-1.34564888,0.81157809,0.93082666,0.64870441,0.00122106,-0.00900300,
3661,-4.28664684,-0.17586701,4.68833017,5.00000000,0.23686524,-0.34482422,-0.28898510,0.86078280,-0.12001948,0.07000000,0.00549451,-0.00602059,0.23999999,-0.23999999,-0.01229746,1.34041297,-1.32645023,0.86500537,0.77098161,0.00122106,0.16692609,
3670,0.31261450,0.23354149,11.31667709,6.00000000,0.29970703,-0.38188475,-0.16090293,0.88477731,0.31310672,0.07000000,0.00366300,-0.14011420,0.23999999,-0.23999999,-0.01229746,3.52905560,-3.05956221,0.91755384,0.12580317,0.00122106,0.31894189,
3678,3.13178706,-2.87772369,16.54681015,6.00000000,0.32548827,-0.38510743,-0.77065223,0.20871252,0.43448561,0.07000000,0.00366300,-0.03327100,-0.01940456,0.01369743,-0.01229746,4.36506844,-4.27431107,0.20255160,-0.15886021,0.00122106,0.34588081,
3686,4.91786146,1.63414943,20.53136063,6.00000000,0.07412110,-0.05961914,-0.71120954,-0.95699078,0.32480028,0.07000000,0.00366300,0.19385554,-0.23999999,0.23999999,-0.01229746,4.10501432,-4.66875553,-0.94042623,-0.16944586,0.00122106,0.26281959,
3694,2.47218442,0.60224855,20.53136063,6.00000000,-0.15791015,0.23686524,-0.07163132,-1.83093619,0.03208425,0.07000000,0.00366300,0.31355730,-0.23999999,0.23999999,-0.01229746,1.69122410,-2.71398687,-1.81526220,-0.19847099,0.00122106,0.02842692,
3702,-2.75076652,-0.95877099,20.53136063,6.00000000,-0.26103514,0.33193359,0.32924697,-2.00633836,-0.15429218,0.07000000,0.00549451,0.38937873,-0.23999999,0.23999999,-0.01229746,-0.63355452,-0.64751714,-1.98158300,-0.10325868,0.00122106,-0.15210471,
3710,-2.79625630,-1.50943732,7.86902714,6.00000000,-0.28037110,0.33193359,0.35093695,-1.19399631,-0.40121177,0.07000000,0.00549451,0.25489908,-0.23999999,0.23999999,-0.01229746,-2.60054064,1.73660266,-1.20510793,-0.12969670,0.00122106,-0.25859830,
3718,-6.45579386,0.71597314,2.47489047,6.00000000,-0.29809570,0.35449219,0.37144533,-0.55193919,-0.37097096,0.07000000,0.00366300,0.00146750,0.15062073,-0.15040809,-0.01229746,-3.92524529,3.92699075,-0.56250411,0.27620184,0.00122106,-0.34348163,
3726,-5.32573032,-1.54295623,-6.23521519,6.00000000,0.09990235,-0.13535157,0.60524309,0.41748416,-0.29676363,0.07000000,0.00366300,-0.00341430,0.23999999,-0.23999999,-0.01229746,-4.52563858,4.55530930,0.37482709,0.52743340,0.00122106,-0.31624737,
3733,-4.47698593,-0.89891595,-8.04044342,5.00000000,0.22719726,-0.29487306,0.25392559,0.81585848,-0.22931428,0.07000000,0.00366300,0.18123275,0.23999999,-0.23999999,-0.01229746,-2.82045221,2.30907059,0.81745923,0.78539813,0.00122106,-0.13565649,
3742,-2.17376399,0.56633550,-0.46878049,6.00000000,0.24331054,-0.30937499,0.03572752,0.90424705,-0.19795926,0.07000000,0.00366300,0.26890579,0.23999999,-0.23999999,-0.01229746,0.03665191,-0.91280717,0.91669470,0.63018179,0.00122106,0.10882127,
3750,-4.00772238,-0.57569867,7.03823900,6.00000000,0.24653320,-0.35771483,-0.46837237,0.92132753,-0.17465097,0.07000000,0.00366300,-0.07119915,0.23999999,-0.23999999,-0.01229746,2.76983738,-2.54119945,0.92186183,0.79414761,0.00122106,0.27348685,
3758,0.84412730,1.87237251,16.69165993,6.00000000,0.29648438,-0.39960939,-0.21086603,0.82050085,0.39081922,0.07000000,0.00366300,-0.23271731,0.23999999,-0.23999999,-0.01229746,4.86597776,-4.14690256,0.81516427,-0.01590800,0.00122106,0.40679872,
3766,5.73308706,-3.68935800,17.90073204,6.00000000,0.32226563,-0.40766603,-0.56426948,-0.03853822,0.37019065,0.07000000,0.00366300,-0.01150519,-0.23999999,0.23999999,-0.01229746,5.55189228,-5.52396727,-0.04214042,-0.42404419,0.00122106,0.41863921,
3774,3.99250245,0.96137881,20.53136063,6.00000000,-0.14018555,0.19497070,-0.44906297,-1.21897411,0.25311413,0.07000000,0.00366300,0.13610029,0.00949837,0.00742244,-0.01229746,4.23242331,-4.66701031,-1.21787012,0.06247884,0.00122106,0.24430980,
3782,-2.08757281,-0.39493647,20.53136063,6.00000000,0.01450195,0.04028320,-0.13588513,-2.02307343,0.00764329,0.07000000,0.00366300,0.23564349,-0.23999999,0.23999999,-0.01229746,2.52200079,-3.28820014,-2.00459337,-0.05113144,0.00122106,0.06788851,
3790,1.72998190,2.30093455,11.94635201,6.00000000,-0.19658203,0.25297850,0.18261111,-1.78268635,-0.17449489,0.07000000,0.00549451,0.15604104,-0.23999999,0.23999999,-0.01229746,0.53930676,-1.04545224,-1.76821685,-0.20141104,0.00122106,-0.07811563,
3798,-5.88238239,-3.57084513,9.53898239,6.00000000,-0.27553710,0.35449219,0.31446725,-1.64449668,-0.28861490,0.07000000,0.00549451,0.06377117,-0.00895396,0.01652171,-0.01229746,-0.77841681,0.57770395,-1.65245485,0.24027741,0.00122106,-0.17726299,
3805,-4.40276575,2.98208499,-0.87340057,5.00000000,-0.05156250,0.06123047,0.26581872,-0.39940491,-0.37316430,0.07000000,0.00549451,-0.13709702,0.23999999,-0.23999999,-0.01229746,-1.49400187,1.92335284,-0.41843092,0.35540962,0.00122106,-0.16128513,
3814,-3.86167622,-2.49345422,-6.64941216,6.00000000,0.20302734,-0.26103514,0.66284269,0.18834089,-0.25380537,0.07000000,0.00366300,0.00034875,0.23999999,-0.23999999,-0.01229746,-0.39444441,0.39618975,0.18169004,0.61130607,0.00122106,-0.01273313,
3822,-3.58155465,0.10425460,-5.96586752,6.00000000,0.25781250,-0.31582031,0.33350667,0.46327788,-0.25434110,0.07000000,0.00366300,0.11175528,0.23999999,-0.23999999,-0.01229746,1.81514239,-2.18689752,0.46648681,0.74488765,0.00122106,0.18935297,
3830,-3.12545919,-1.22093606,1.51361847,6.00000000,0.25458986,-0.35449219,-0.07366195,0.48960978,-0.22029310,0.07000000,0.00366300,0.05777562,0.23999999,-0.23999999,-0.01229746,3.95840669,-4.14864779,0.49330786,0.68132693,0.00122106,0.34413570,
3838,-0.79470378,-0.00468158,10.77678490,6.00000000,0.27231446,-0.38510743,-0.22001597,0.46175051,0.15433796,0.07000000,0.00366300,-0.08630341,0.23999999,-0.23999999,-0.01229746,6.11737919,-5.82067299,0.46197057,0.27654412,0.00122106,0.48874944,
3846,2.65653801,-2.82744527,16.15056992,6.00000000,0.30292970,-0.38349611,-0.58827102,-0.05110448,0.34589127,0.07000000,0.00549451,-0.13948663,0.11637982,-0.13734406,-0.01229746,7.40019608,-7.01796913,-0.01267037,-0.09130076,0.00122106,0.54517585,
3854,5.22431946,-0.17945831,20.53136063,6.00000000,0.21752930,-0.26103514,-0.81805271,-1.20588911,0.30816916,0.07000000,0.00549451,0.03507276,-0.23999999,0.23999999,-0.01229746,7.69515657,-7.78765917,-1.20540166,-0.31904545,0.00122106,0.49650788,
3862,5.18242073,1.85800731,20.53136063,6.00000000,-0.14018555,0.20141602,-0.28112650,-2.31884599,0.08279278,0.07000000,0.00366300,0.19498940,-0.23999999,0.23999999,-0.01229746,5.90619421,-6.52229548,-2.29747057,-0.24574240,0.00122106,0.29820189,
3870,-2.24558997,-1.02820277,20.53136063,6.00000000,-0.24008790,0.32548827,0.17193516,-2.77860618,-0.12276200,0.07000000,0.00366300,0.34892419,-0.23999999,0.23999999,-0.01229746,3.58490610,-4.71762466,-2.74489999,-0.06480622,0.00122106,0.11060046,
3877,-1.85533512,-0.07052213,12.93156624,5.00000000,-0.27392578,0.32871094,0.21658671,-2.01179338,-0.38436082,0.07000000,0.00366300,0.17496061,-0.23999999,0.23999999,-0.01229746,1.40324473,-1.97396731,-1.99862373,-0.14590271,0.00122106,-0.02025989,
3886,-6.05596209,0.22276758,3.83599424,6.00000000,-0.30292970,0.34482422,0.31966746,-1.26274049,-0.36532024,0.07000000,0.00366300,-0.04093602,0.10920726,-0.11557785,-0.01229746,-0.42586035,0.53930676,-1.27950013,0.26993454,0.00122106,-0.13042654,
3894,-4.82294798,-1.31670415,-6.10951948,6.00000000,0.06767578,-0.09506836,0.72589839,-0.15372379,-0.35649386,0.07000000,0.00366300,-0.14121810,0.23999999,-0.23999999,-0.01229746,-0.93375117,1.39975405,-0.18203688,0.48091021,0.00122106,-0.10322382,
3902,-4.62183523,-0.89771885,-7.33056259,6.00000000,0.23847656,-0.29648438,0.38176015,0.26788211,-0.24807076,0.07000000,0.00549451,0.05377526,0.23999999,-0.23999999,-0.01229746,0.54803336,-0.70685834,0.26462710,0.78055418,0.00122106,0.06622162,
3910,-0.87012112,0.03003434,-3.31907773,6.00000000,0.25942382,-0.32065430,0.08881734,0.41636267,-0.14412537,0.07000000,0.00549451,0.07625608,0.23999999,-0.23999999,-0.01229746,2.71224165,-2.95135188,0.42130458,0.50308532,0.00122106,0.24979784,
3918,-2.23601317,-0.33867273,6.03028011,6.00000000,0.26264650,-0.34160155,-0.30910316,0.41798174,-0.12733552,0.07000000,0.00366300,0.06957611,0.23999999,-0.23999999,-0.01229746,4.90437508,-5.15919352,0.41951495,0.50093645,0.00122106,0.41154921,
3926,-2.40121317,3.66682673,15.25035095,6.00000000,0.25297850,-0.35932618,-0.58536834,0.07749354,0.27022970,0.07000000,0.00366300,-0.19903898,0.23999999,-0.23999999,-0.01229746,7.29722166,-6.70380974,0.07674420,0.45656922,0.00122106,0.54055160,
3934,9.51353168,-0.72533631,12.18696976,6.00000000,0.34643555,-0.35610351,-0.25871155,-0.33834448,0.39110011,0.07000000,0.00366300,-0.02884224,-0.23999999,0.23999999,-0.01229746,8.18035889,-8.02676868,-0.33729404,-0.73347408,0.00122106,0.58969080,
3942,5.37395668,-0.47035381,20.53136063,6.00000000,-0.16918945,0.20463867,-0.83656090,-1.71404564,0.25869495,0.07000000,0.00366300,-0.13915482,0.12172168,-0.14289686,-0.01229746,7.43510246,-7.03891277,-1.71937990,0.16509467,0.00122106,0.41748545,
3949,0.07678563,1.09186280,20.53136063,5.00000000,0.07734375,-0.11440430,-0.09812538,-2.49236131,0.13655396,0.07000000,0.00366300,-0.03905818,-0.23999999,0.23999999,-0.01229746,6.59210873,-6.45073700,-2.46919179,-0.33078438,0.00122106,0.30723304,
3958,5.27938604,1.38994086,11.02817631,6.00000000,-0.19819336,0.24814454,0.14094634,-2.25021625,-0.15986468,0.07000000,0.00366300,0.16532893,-0.23999999,0.23999999,-0.01229746,4.61988688,-5.15046692,-2.23976564,-0.40929559,0.00122106,0.20406523,
3966,-4.91392803,-1.00186658,12.65264225,6.00000000,-0.28520507,0.33354491,0.29526818,-2.54829335,-0.22859569,0.07000000,0.00366300,-0.08229651,-0.18570697,0.17270252,-0.01229746,3.39990139,-3.13461137,-2.54404449,0.15631068,0.00122106,0.05548169,
3974,-4.25671959,1.33008587,3.22068429,6.00000000,-0.23364258,0.22880860,0.37198654,-1.27935433,-0.27796647,0.07000000,0.00366300,-0.37037742,0.14478934,-0.19629477,-0.01229746,1.71565866,-0.52010810,-1.34437585,0.28449476,0.00122106,-0.01778404,
3982,-3.83773422,-1.96194148,-1.65271318,6.00000000,0.11923828,-0.20786133,0.63124424,-0.48899415,-0.06749675,0.07000000,0.00366300,-0.28728876,0.23999999,-0.23999999,-0.01229746,1.23918378,-0.30892330,-0.50144613,0.55368382,0.00122106,0.02042716,
3990,-3.36248517,-1.98827767,-5.82580662,6.00000000,0.25781250,-0.31582031,0.26759237,-0.05020097,-0.10379171,0.07000000,0.00366300,0.00053623,0.23999999,-0.23999999,-0.01229746,2.42426229,-2.45742369,-0.05647063,0.70454913,0.00122106,0.18290216,
3998,-2.52810574,-1.46514463,0.21955249,6.00000000,0.24814454,-0.30454102,-0.05478269,0.06033029,-0.05108064,0.07000000,0.00366300,0.05116120,0.23999999,-0.23999999,-0.01229746,4.85550642,-4.97767925,0.05956975,0.59459358,0.00122106,0.37935442,
4006,-0.55049521,-0.78758556,5.06661367,6.00000000,0.27070314,-0.35932618,-0.40174550,0.23352405,0.11990581,0.07000000,0.00366300,-0.21207584,0.23999999,-0.23999999,-0.01229746,7.27976847,-6.62352467,0.23378995,0.33114806,0.00122106,0.54806340,
4014,4.16967344,-1.76322269,10.78396702,6.00000000,0.28842774,-0.38994139,-0.47156456,-0.29323032,0.39015231,0.07000000,0.00366300,-0.20018867,-0.11392018,0.08463213,-0.01229746,8.83485699,-8.20130157,-0.29071337,-0.24641809,0.00122106,0.62560678,
4021,7.40184593,-0.48591614,15.27788448,5.00000000,-0.02739258,0.00805664,-0.90799236,-1.20021439,0.47221237,0.07000000,0.00366300,-0.21062680,-0.23999999,0.23999999,-0.01229746,8.87499905,-8.21177387,-1.19677770,-0.65252578,0.00122106,0.55922455,
4030,3.03841305,2.27220416,20.53136063,6.00000000,-0.25942382,0.31420898,-0.49388754,-2.10757589,0.31026596,0.07000000,0.00366300,-0.14416564,-0.23999999,0.23999999,-0.01229746,7.11047125,-6.63748693,-2.09209704,-0.34978563,0.00122106,0.36186230,
4038,1.13621986,1.10503089,20.53136063,6.00000000,-0.25297850,0.34643555,-0.02989120,-1.92737007,-0.04512670,0.07000000,0.00366300,0.13428323,-0.23999999,0.23999999,-0.01229746,4.28303766,-4.71762466,-1.89625633,-0.29208568,0.00122106,0.19911915,
4046,0.33057100,1.37318146,13.72165298,6.00000000,-0.27714843,0.32387695,0.23791945,-1.42394102,-0.32578421,0.07000000,0.00549451,-0.15868990,-0.23999999,0.23999999,-0.01229746,2.36666656,-1.86575699,-1.41139531,-0.30234522,0.00122106,0.05530985,
4054,-3.56958365,-0.84504640,5.95366573,6.00000000,-0.26264650,0.34160155,0.57142478,-0.66512662,-0.37095281,0.07000000,0.00549451,-0.21444710,0.12541091,-0.15553160,-0.01229746,0.23736478,0.45902157,-0.67334688,0.19256487,0.00122106,-0.05948811,
4062,-3.07039261,0.71836734,0.12857282,6.00000000,0.08378907,-0.16113281,0.62668669,0.25794494,-0.34314340,0.07000000,0.00366300,-0.24265055,0.23999999,-0.23999999,-0.01229746,-0.26529005,1.05243349,0.24855506,0.31095475,0.00122106,-0.03226511,
4070,-2.76752591,-3.64386821,-4.89087105,6.00000000,0.25620118,-0.30776367,0.48122764,0.66724867,-0.24193577,0.07000000,0.00366300,0.00323650,0.23999999,-0.23999999,-0.01229746,0.97389370,-0.99658298,0.67854506,0.54697788,0.00122106,0.12490507,
4078,-1.24241948,-1.01383758,-1.48033071,6.00000000,0.25458986,-0.32709962,0.03183790,0.77760583,-0.23470472,0.07000000,0.00366300,0.02385904,0.23999999,-0.23999999,-0.01229746,3.22362304,-3.30739903,0.74252796,0.43924487,0.00122106,0.30671334,
4086,-0.58042276,-1.90687478,3.74142313,6.00000000,0.26909178,-0.34804687,-0.31269976,0.74164617,-0.02971442,0.07000000,0.00366300,-0.05842211,0.23999999,-0.23999999,-0.01229746,5.40528488,-5.25867701,0.73491019,0.32091683,0.00122106,0.46374616,
4093,3.25269413,-0.89412749,7.15555477,5.00000000,0.27714843,-0.36093751,-0.45774215,0.50499266,0.13918863,0.07000000,0.00366300,-0.06488490,0.19088233,-0.20125452,-0.01229746,7.07731009,-6.88881493,0.50611794,-0.11322585,0.00122106,0.56950647,
4102,7.50359917,-0.92285794,12.12472057,6.00000000,0.26909178,-0.33999023,-0.91075438,-0.21673636,0.28120694,0.07000000,0.00366300,0.07051092,-0.23999999,0.23999999,-0.01229746,8.21002865,-8.39154243,-0.23513424,-0.55724239,0.00122106,0.61657411,
4110,9.93850231,2.99645019,19.91425514,6.00000000,-0.16113281,0.22558594,-0.60471249,-1.21878040,0.14356807,0.07000000,0.00366300,0.18871541,-0.23999999,0.23999999,-0.01229746,7.11047125,-7.75275278,-1.21262264,-0.51106924,0.00122106,0.47536412,
4118,4.94659185,-0.57450157,20.53136063,6.00000000,-0.27714843,0.37382811,0.19211163,-1.77348208,-0.10350591,0.07000000,0.00366300,0.11536037,-0.23999999,0.23999999,-0.01229746,5.08065367,-5.46288061,-1.75425577,-0.67674416,0.00122106,0.26701394,
4126,2.14178467,-1.16108096,19.21874046,6.00000000,-0.26103514,0.33193359,0.45954818,-1.17583239,-0.33646467,0.07000000,0.00366300,0.04804970,-0.23999999,0.23999999,-0.01229746,2.84663200,-3.00196624,-1.15495074,-0.41740495,0.00122106,0.13512272,
4134,-0.67020530,-2.53295851,10.56011009,6.00000000,-0.28359374,0.33676758,0.15417109,-0.48938277,-0.35472855,0.07000000,0.00366300,-0.15642853,-0.23999999,0.23999999,-0.01229746,1.00356436,-0.49567351,-0.49064946,-0.18152539,0.00122106,0.02159204,
4142,-3.18770838,-0.89652169,4.01675653,6.00000000,-0.29487306,0.33837891,0.09619600,0.26250523,-0.36175755,0.07000000,0.00366300,-0.30751330,0.17175777,-0.21383373,-0.01229746,-0.75398225,1.74358392,0.25882959,0.11957374,0.00122106,-0.07447930,
4150,-2.32340169,-0.34106693,-1.54497421,6.00000000,0.13857421,-0.21430664,0.19689976,1.01142538,-0.26165318,0.07000000,0.00366300,-0.31505352,0.23999999,-0.23999999,-0.01229746,-1.06465089,2.08217788,1.01593578,0.16303512,0.00122106,-0.04248007,
4158,-2.78907371,-0.59006387,-4.37252617,6.00000000,0.24975586,-0.29165038,0.08758068,1.39042962,-0.30436510,0.07000000,0.00366300,-0.03009583,0.23999999,-0.23999999,-0.01229746,0.78190750,-0.71034902,1.41181350,0.44062033,0.00122106,0.16671762,
4165,-0.74442554,0.58548915,1.06470573,5.00000000,0.24331054,-0.35126954,0.16094311,1.43289042,-0.26727107,0.07000000,0.00366300,-0.07694438,0.23999999,-0.23999999,-0.01229746,3.03512740,-2.84139609,1.46443367,0.34727597,0.00122106,0.33743945,
4174,3.32092905,-2.12355018,4.66079664,6.00000000,0.27553710,-0.37221679,0.11189952,1.18396866,-0.06200226,0.07000000,0.00366300,-0.09527379,0.23999999,-0.23999999,-0.01229746,4.95673513,-4.60243368,1.21009779,-0.09951016,0.00122106,0.45666206,
4182,5.42303801,-1.52739382,11.16943359,6.00000000,0.27875978,-0.38188475,-0.50323838,0.36436558,0.12549756,0.07000000,0.00366300,-0.12825239,-0.18829140,0.16936207,-0.01229746,6.56418324,-6.10690689,0.38420612,-0.35233971,0.00122106,0.51338243,
4190,9.02750874,1.17925119,16.99333000,6.00000000,-0.12890625,0.10957031,-0.60098088,-0.65504438,0.37455267,0.07000000,0.00366300,-0.26960200,-0.23999999,0.23999999,-0.01229746,6.68461084,-5.82765436,-0.66101640,-0.67211926,0.00122106,0.42945564,
4198,5.51521492,1.02003670,20.53136063,6.00000000,-0.28681642,0.35610351,-0.41066435,-1.36717808,0.27881336,0.07000000,0.00366300,-0.24510115,-0.23999999,0.23999999,-0.01229746,5.10159731,-4.33365250,-1.35780478,-0.71042693,0.00122106,0.25921428,
4206,3.14734936,1.11580479,20.53136063,6.00000000,-0.25136718,0.35610351,0.04167425,-0.85629869,-0.02369228,0.07000000,0.00366300,-0.07365762,-0.23999999,0.23999999,-0.01229746,2.56563401,-2.32826900,-0.83898562,-0.38239974,0.00122106,0.12464241,
4214,0.35690722,0.89314407,12.03014946,6.00000000,-0.29487306,0.35288087,0.22312322,-0.38380712,-0.26874506,0.07000000,0.00366300,-0.23029630,-0.23999999,0.23999999,-0.01229746,0.72256637,0.01570796,-0.38283902,-0.22738369,0.00122106,-0.00277394,
4222,-2.34494948,-0.82349855,5.31680775,6.00000000,-0.29487306,0.34643555,0.45184973,0.36068383,-0.32220009,0.07000000,0.00366300,-0.33556235,0.16039939,-0.20623171,-0.01229746,-0.93200582,2.00712872,0.35960943,0.10240105,0.00122106,-0.08145822,
4230,-3.04166198,-0.18065540,1.96731973,6.00000000,0.10957031,-0.19658203,0.44688028,1.04988253,-0.27258214,0.07000000,0.00366300,-0.34325057,0.23999999,-0.23999999,-0.01229746,-1.16762531,2.27590919,1.05369258,0.27421919,0.00122106,-0.05080130,
4237,-2.75076652,-2.17263126,-3.67461658,5.00000000,0.24331054,-0.28842774,0.27151880,1.39272356,-0.23626737,0.07000000,0.00366300,-0.11289534,0.23999999,-0.23999999,-0.01229746,0.52185345,-0.15882497,1.41731274,0.51349735,0.00122106,0.13470699,
4246,0.02411319,-0.93243474,-0.25210524,6.00000000,0.26909178,-0.36093751,-0.01092338,1.35714936,-0.15015662,0.07000000,0.00366300,-0.03932436,0.23999999,-0.23999999,-0.01229746,2.68431640,-2.55516195,1.37846565,0.28607345,0.00122106,0.30494583,
4254,2.40754104,-1.95715308,4.07780838,6.00000000,0.29648438,-0.35288087,-0.32348108,1.03886366,-0.00091462,0.07000000,0.00366300,-0.04985815,0.23999999,-0.23999999,-0.01229746,4.54658270,-4.39648438,1.06683350,-0.01411751,0.00122106,0.42208886,
4262,4.65210485,-0.47993061,9.53539085,6.00000000,0.31420898,-0.35126954,-0.55819482,0.44089904,0.11919534,0.07000000,0.00366300,0.03183395,-0.04629895,0.04919887,-0.01229746,6.17497492,-6.16624784,0.40938884,-0.25714222,0.00122106,0.50322431,
4270,9.13165665,1.65569735,13.41280079,6.00000000,0.02578125,-0.01933594,-0.58012027,-0.51098597,0.17657679,0.07000000,0.00366300,0.07794292,-0.23999999,0.23999999,-0.01229746,6.24304295,-6.49786043,-0.51173246,-0.62231475,0.00122106,0.44746244,
4278,8.78330040,2.54873443,20.53136063,6.00000000,-0.22397462,0.29003906,-0.10023355,-1.34115064,0.03747418,0.07000000,0.00366300,-0.15729368,-0.23999999,0.23999999,-0.01229746,5.01956701,-4.52214813,-1.32937515,-0.75189549,0.00122106,0.26234400,
4286,2.38000774,-2.09003115,20.53136063,6.00000000,-0.26103514,0.37543947,0.37841517,-1.25940359,-0.16216086,0.07000000,0.00366300,-0.03176805,-0.23999999,0.23999999,-0.01229746,3.15730047,-3.06828880,-1.23969316,-0.22449535,0.00122106,0.14387667,
4294,2.32494092,-1.22692156,14.38604355,6.00000000,-0.29487306,0.32871094,0.10348952,-0.46615347,-0.32025146,0.07000000,0.00366300,-0.25379682,-0.23999999,0.23999999,-0.01229746,1.34390354,-0.51487213,-0.45876235,-0.45279330,0.00122106,0.03485407,
4302,-2.17735529,-1.62795031,8.46518326,6.00000000,-0.29003906,0.35610351,0.11810768,0.19457950,-0.30980071,0.07000000,0.00366300,-0.27735966,0.04039918,-0.07843574,-0.01229746,-0.52185345,1.42244339,0.19582281,0.02536210,0.00122106,-0.05800207,
4309,-2.03968859,-0.18065540,2.29532528,5.00000000,-0.01450195,-0.03383789,0.06140663,0.91176397,-0.27699223,0.07000000,0.00366300,-0.34813768,0.19035076,-0.23769057,-0.01229746,-1.10828412,2.23227620,0.91376996,0.04845872,0.00122106,-0.05807413,
4318,-2.28150296,-0.64034212,-1.87896526,6.00000000,0.17885742,-0.29487306,0.15308596,1.37197030,-0.24407838,0.07000000,0.00366300,-0.15298195,0.23999999,-0.23999999,-0.01229746,0.09424778,0.39269909,1.38840652,0.30446297,0.00122106,0.09296717,
4326,-0.69534445,-0.28240898,-0.52743846,6.00000000,0.26586914,-0.34482422,0.12359979,1.50923824,-0.24121360,0.07000000,0.00366300,-0.00889768,0.23999999,-0.23999999,-0.01229746,1.89193690,-1.85528505,1.52915788,0.30024129,0.00122106,0.25733173,
4334,2.72716689,-2.19298196,2.65565276,6.00000000,0.29003906,-0.35771483,-0.00432669,1.19931066,-0.14731367,0.07000000,0.00366300,-0.00794085,0.23999999,-0.23999999,-0.01229746,3.76816583,-3.81528974,1.21289599,-0.04163277,0.00122106,0.38052008,
4342,5.23150206,-1.06531298,8.49989891,6.00000000,0.29165038,-0.35932618,-0.37449056,0.53606910,-0.01581662,0.07000000,0.00366300,0.02329175,-0.11485602,0.11677305,-0.01229746,5.37386847,-5.41750193,0.54886717,-0.30754021,0.00122106,0.45182347,
4350,9.23819828,-0.51704073,12.20851707,6.00000000,-0.04672851,0.07573242,-0.45303568,-0.38721746,0.09634095,0.07000000,0.00366300,-0.00648094,-0.23999999,0.23999999,-0.01229746,5.55887365,-5.53792953,-0.39089698,-0.67093450,0.00122106,0.39334413,
4358,7.98243952,1.85082471,20.53136063,6.00000000,-0.27875978,0.31259766,-0.28454128,-1.16661108,0.10320652,0.07000000,0.00366300,-0.31795120,-0.23999999,0.23999999,-0.01229746,4.33190727,-3.28994560,-1.16854608,-0.74219799,0.00122106,0.20248882,
4366,2.25790334,-1.22213316,20.53136063,6.00000000,-0.25620118,0.35449219,0.23345657,-0.80452019,-0.03968581,0.07000000,0.00549451,-0.16201206,-0.23999999,0.23999999,-0.01229746,2.30558014,-1.78372645,-0.78672671,-0.24966884,0.00122106,0.09680482,
4374,2.31895542,-0.22015974,13.66658592,6.00000000,-0.29809570,0.34482422,0.08087270,-0.24284244,-0.18726273,0.07000000,0.00549451,-0.35691971,-0.23999999,0.23999999,-0.01229746,0.53058010,0.62133718,-0.23875964,-0.42466903,0.00122106,-0.02249720,
4381,-1.41001368,-1.38374174,9.40610409,5.00000000,-0.30131835,0.36738282,0.15634906,0.33209747,-0.21022421,0.07000000,0.00549451,-0.47872287,-0.06298141,-0.00255208,-0.01229746,-0.88313657,2.47487688,0.33473194,-0.04237622,0.00122106,-0.10374830,
4390,-1.92835832,-0.47514221,3.74621153,6.00000000,-0.10473633,0.03544922,0.16330303,1.03239417,-0.18115669,0.07000000,0.00366300,-0.48807523,0.18981212,-0.23999999,-0.01229746,-1.87273836,3.45051599,1.03668594,0.06021628,0.00122106,-0.12279257,
4398,-1.99539590,-1.02700567,-0.14676037,6.00000000,0.14663085,-0.25297850,0.24325672,1.54877722,-0.14708339,0.07000000,0.00366300,-0.31031120,0.23999999,-0.23999999,-0.01229746,-1.03672564,2.03330851,1.56655407,0.26303542,0.00122106,0.00357983,
4406,-0.33860835,-1.23290706,-0.08570822,6.00000000,0.27231446,-0.32065430,0.09004272,1.69834566,-0.12502241,0.07000000,0.00366300,-0.01265498,0.23999999,-0.23999999,-0.01229746,0.70162237,-0.65624380,1.72240543,0.25806844,0.00122106,0.18640395,
4414,2.60985112,-1.98588347,3.41341758,6.00000000,0.29809570,-0.34482422,-0.13713405,1.30840254,-0.02240420,0.07000000,0.00366300,0.07789167,0.23999999,-0.23999999,-0.01229746,2.45742369,-2.73318577,1.30352533,-0.03345743,0.00122106,0.29847068,
4422,5.60020876,-0.43803209,8.32512188,6.00000000,0.29970703,-0.34965819,-0.40981734,0.63741773,0.06171247,0.07000000,0.00366300,0.14626047,-0.11453843,0.13341421,-0.01229746,4.06138134,-4.54832792,0.63857102,-0.29977572,0.00122106,0.37354621,
4430,8.65042210,0.23473859,11.02817631,6.00000000,-0.05156250,0.09023438,-0.37676626,-0.18399177,0.10607710,0.07000000,0.00366300,0.11409775,-0.23999999,0.23999999,-0.01229746,4.22195148,-4.58847046,-0.18623233,-0.56203550,0.00122106,0.32168651,
4438,7.34558201,1.83167112,20.26859665,6.00000000,-0.25781250,0.30776367,-0.14048061,-0.98266381,0.09528867,0.07000000,0.00549451,-0.18823892,-0.23999999,0.23999999,-0.01229746,3.04210901,-2.43298888,-0.97694987,-0.70360965,0.00122106,0.13428134,
4446,1.82215869,-1.15150416,20.53136063,6.00000000,-0.27070314,0.35610351,0.30484405,-0.62599230,-0.04065137,0.07000000,0.00549451,-0.09362780,-0.23999999,0.23999999,-0.01229746,1.19380522,-0.87615532,-0.61209416,-0.20457226,0.00122106,0.03223182,
4453,2.65414381,-0.37817705,13.87727642,5.00000000,-0.29809570,0.34321290,0.02496393,0.01045708,-0.16000225,0.07000000,0.00549451,-0.21349797,-0.23999999,0.23999999,-0.01229746,-0.50789082,1.17984259,0.01311153,-0.47636104,0.00122106,-0.06551418,
4462,-1.33579338,-0.59724653,9.29357719,6.00000000,-0.30131835,0.36254883,0.07139920,0.63364226,-0.18285228,0.07000000,0.00549451,-0.44107240,-0.06429474,0.00412942,-0.01229746,-1.87273836,3.29867220,0.63445014,-0.06788749,0.00122106,-0.14977407,
4470,-1.63147724,0.08629808,4.04069853,6.00000000,-0.11440430,0.04833984,0.08914348,1.25714481,-0.17577012,0.07000000,0.00549451,-0.43221718,0.12613015,-0.18473506,-0.01229746,-2.89724660,4.30572701,1.26154733,0.00098471,0.00122106,-0.17844664,
4478,-1.73682213,-0.32550460,-0.00909377,6.00000000,0.07895508,-0.19335937,0.23121901,1.79453039,-0.16561240,0.07000000,0.00366300,-0.19982402,0.23999999,-0.23999999,-0.01229746,-2.35444903,3.00196624,1.81201267,0.21417691,0.00122106,-0.06735238,
4486,-0.33741125,-0.51105523,0.38954082,6.00000000,0.26264650,-0.31743163,0.10338335,1.96107757,-0.14764591,0.07000000,0.00366300,-0.01215506,0.23999999,-0.23999999,-0.01229746,-0.70860362,0.75049156,1.98529482,0.20468949,0.00122106,0.09384993,
4494,2.89476109,-2.51141071,2.81486702,6.00000000,0.28842774,-0.35610351,-0.00312316,1.58938646,-0.04655250,0.07000000,0.00366300,0.12054275,0.23999999,-0.23999999,-0.01229746,1.11526537,-1.46084058,1.60799742,-0.08079100,0.00122106,0.22061379,
4502,5.11418581,-0.97672749,8.15752792,6.00000000,0.28520507,-0.35288087,-0.36590856,0.92229998,0.02710922,0.07000000,0.00366300,0.14623213,-0.02130470,0.04048193,-0.01229746,2.70526028,-3.18697143,0.92333949,-0.24302557,0.00122106,0.29619887,
4510,8.32241631,-0.64872181,11.51898766,6.00000000,0.04833984,-0.02900391,-0.32990506,-0.03514887,0.07037273,0.07000000,0.00366300,0.14623497,-0.23999999,0.23999999,-0.01229746,3.16777253,-3.63377547,-0.04026878,-0.53660595,0.00122106,0.25660411,
4518,7.32403421,1.94659281,18.87876320,6.00000000,-0.24492188,0.27875978,-0.15533192,-0.92506647,0.07735509,0.07000000,0.00366300,-0.21171567,-0.23999999,0.23999999,-0.01229746,2.29510808,-1.59697628,-0.92108506,-0.61051470,0.00122106,0.07781115,
4525,2.52964520,-0.82708985,20.53136063,5.00000000,-0.27070314,0.37060547,0.35767865,-0.96321058,0.00878663,0.07000000,0.00366300,-0.10227834,-0.23999999,0.23999999,-0.01229746,0.83252209,-0.50090951,-0.94915462,-0.30462864,0.00122106,-0.02119700,
4534,2.67569160,-0.19502062,13.63187027,6.00000000,-0.29326171,0.35288087,-0.01070317,-0.08507697,-0.12685220,0.07000000,0.00366300,-0.20835491,-0.23999999,0.23999999,-0.01229746,-1.07861352,1.72438538,-0.08063197,-0.47209945,0.00122106,-0.11462233,
4542,-1.08081090,-1.04137087,8.69382954,6.00000000,-0.30131835,0.34804687,0.10990671,0.42920041,-0.15779305,0.07000000,0.00366300,-0.30285904,-0.14844491,0.10737010,-0.01229746,-2.55690742,3.53254628,0.43003187,-0.09373683,0.00122106,-0.20267998,
4550,-1.68654394,-0.75406671,3.53911304,6.00000000,-0.19335937,0.18691406,0.04352940,1.10749173,-0.19824259,0.07000000,0.00366300,-0.31031424,0.04842871,-0.09007682,-0.01229746,-4.01076651,5.01433086,1.11259854,-0.01763312,0.00122106,-0.25863749,
4558,-2.14383650,0.43704864,1.18561292,6.00000000,0.01127930,-0.05639648,0.18568349,1.65647411,-0.19520183,0.07000000,0.00366300,-0.22880414,0.23999999,-0.23999999,-0.01229746,-4.09977818,4.83805275,1.66828513,0.16503489,0.00122106,-0.21352449,
4566,-1.57162225,-0.77561456,1.68480396,6.00000000,0.20947266,-0.26425782,0.10484180,1.96871793,-0.19860391,0.07000000,0.00366300,-0.00119963,0.23999999,-0.23999999,-0.01229746,-2.63195658,2.63544726,1.98803306,0.25346598,0.00122106,-0.05134724,
4574,2.21361065,-0.79835945,1.88471973,6.00000000,0.27392578,-0.30937499,0.06172240,1.92694986,-0.11926497,0.07000000,0.00366300,0.06711279,0.23999999,-0.23999999,-0.01229746,-0.35255653,0.11344640,1.94803011,0.00579089,0.00122106,0.12845825,
4582,5.00524998,-1.67703152,8.20421505,6.00000000,0.29487306,-0.35449219,-0.22792296,1.20337057,-0.00743043,0.07000000,0.00366300,0.17293578,-0.03755824,0.06068576,-0.01229746,1.32470489,-1.89193690,1.20450795,-0.26509070,0.00122106,0.21404272,
4590,7.64246321,0.11502850,12.41082764,6.00000000,0.02255859,-0.01450195,-0.30980146,0.34989095,0.10322189,0.07000000,0.00366300,0.05849801,-0.23999999,0.23999999,-0.01229746,1.96524072,-2.15722704,0.34351617,-0.44240949,0.00122106,0.18338999,
4597,7.06785440,1.18164539,19.63772583,5.00000000,-0.22236328,0.26264650,-0.35536185,-0.55453515,0.13747130,0.07000000,0.00366300,-0.24456175,-0.23999999,0.23999999,-0.01229746,0.98087507,-0.15882497,-0.55854321,-0.62714356,0.00122106,0.00360885,
4606,1.21642566,0.52204281,20.53136063,6.00000000,-0.27392578,0.38027343,0.29485705,-0.55861503,0.08497427,0.07000000,0.00549451,-0.04712050,-0.23999999,0.23999999,-0.01229746,-0.66671580,0.82379544,-0.55186886,-0.18349874,0.00122106,-0.09694993,
4614,3.53161860,-0.14234819,13.77073383,6.00000000,-0.30292970,0.34160155,0.04966249,0.09892625,-0.05916065,0.07000000,0.00549451,-0.13519067,-0.23999999,0.23999999,-0.01229746,-2.60228610,3.09272337,0.11075932,-0.56843841,0.00122106,-0.20828584,
4622,-2.28748846,-0.98271298,10.57567215,6.00000000,-0.29003906,0.36254883,0.12161516,0.57529157,-0.12503204,0.07000000,0.00366300,-0.20498067,0.04055981,-0.06806876,-0.01229746,-3.92175484,4.56578159,0.57577628,0.04487717,0.00122106,-0.27980131,
4630,-2.27551746,-0.46676251,4.17118263,6.00000000,-0.01450195,-0.01772461,0.10186812,1.33746755,-0.15146871,0.07000000,0.00366300,-0.21651167,0.20785061,-0.23661198,-0.01229746,-4.44011736,5.13999462,1.34230423,0.06622482,0.00122106,-0.26296109,
4638,-1.52373827,0.20840237,-1.28640032,6.00000000,0.18046875,-0.27875978,0.26130688,1.84819055,-0.15360364,0.07000000,0.00366300,-0.07861336,0.23999999,-0.23999999,-0.01229746,-3.23758578,3.49240398,1.86846769,0.25049886,0.00122106,-0.11379912,
4646,-0.47148657,-1.55492723,-1.28640032,6.00000000,0.24975586,-0.32871094,0.17432232,1.79963040,-0.12384480,0.07000000,0.00366300,0.11923741,0.23999999,-0.23999999,-0.01229746,-1.13620937,0.71209431,1.86807191,0.26018003,0.00122106,0.06842391,
4654,1.48337913,-1.09164917,3.00161481,6.00000000,0.27553710,-0.35610351,-0.04855238,1.45594060,-0.04711847,0.07000000,0.00366300,0.16009498,0.23999999,-0.23999999,-0.01229746,0.87266463,-1.37706482,1.47248197,0.09397453,0.00122106,0.19806036,
4662,4.18164444,-0.46915671,8.88177395,6.00000000,0.28681642,-0.35771483,-0.29793438,0.85632843,0.03500481,0.07000000,0.00366300,0.22734836,0.11888702,-0.08866311,-0.01229746,2.44869709,-3.19395256,0.85723686,-0.13228807,0.00122106,0.28104621,
4669,8.29727745,0.28501683,12.36294365,5.00000000,0.19819336,-0.18046875,-0.22356814,-0.03595038,0.08067402,0.07000000,0.00366300,0.26636174,-0.23999999,0.23999999,-0.01229746,3.16602707,-4.02298403,-0.03956491,-0.50873530,0.00122106,0.27215132,
4678,10.70943546,1.98490000,17.64814377,6.00000000,-0.19497070,0.21914062,-0.14179766,-1.01734352,0.01163431,0.07000000,0.00366300,0.11775716,-0.23999999,0.23999999,-0.01229746,1.77674520,-2.13628292,-1.01116312,-0.79987800,0.00122106,0.07257269,
4686,3.80455756,-0.25607276,20.53136063,6.00000000,-0.29165038,0.35932618,0.31915510,-1.35578370,-0.04934453,0.07000000,0.00366300,-0.07576329,-0.23999999,0.23999999,-0.01229746,0.45553094,-0.21991149,-1.34129035,-0.45066324,0.00122106,-0.07682718,
4694,2.24353814,-2.89687729,14.93790722,6.00000000,-0.28520507,0.33354491,0.07973310,-0.39446539,-0.10999805,0.07000000,0.00366300,-0.18386757,-0.23999999,0.23999999,-0.01229746,-1.50970984,2.12406564,-0.38471770,-0.41687098,0.00122106,-0.16528261,
4702,-1.89364243,0.20481107,8.60284996,6.00000000,-0.30131835,0.35771483,-0.06648268,-0.00685664,-0.08377764,0.07000000,0.00366300,-0.32873082,-0.18109968,0.13642949,-0.01229746,-2.86583066,3.95666146,-0.00824356,-0.04327562,0.00122106,-0.26074985,
4710,-2.86089993,0.10066329,2.32166147,6.00000000,-0.24653320,0.23203126,-0.02001489,0.92788899,-0.11746404,0.07000000,0.00366300,-0.37392917,0.13894691,-0.18924062,-0.01229746,-4.28827381,5.51349497,0.92748243,0.08854724,0.00122106,-0.30385530,
4718,-2.44909716,0.58309495,-1.18225265,6.00000000,0.07573242,-0.17885742,0.21181330,1.50323880,-0.10002816,0.07000000,0.00366300,-0.27861434,0.23999999,-0.23999999,-0.01229746,-4.39299345,5.28660202,1.51502204,0.23045298,0.00122106,-0.25318021,
4726,-2.05165958,-0.48591614,-1.46716261,6.00000000,0.24814454,-0.27875978,0.33515570,1.83431530,-0.12213917,0.07000000,0.00366300,-0.05929770,0.23999999,-0.23999999,-0.01229746,-2.44346094,2.63195658,1.85864854,0.43754148,0.00122106,-0.05425821,
4734,0.94228953,-1.57527792,1.32567370,6.00000000,0.25781250,-0.31904298,0.20672134,1.63806534,-0.05845116,0.07000000,0.00366300,0.05428823,0.23999999,-0.23999999,-0.01229746,-0.19722220,0.00349066,1.57357907,0.16866577,0.00122106,0.11492439,
4741,3.23114634,-1.72132421,7.54580975,5.00000000,0.29809570,-0.35771483,-0.15237106,1.12717307,0.05371192,0.07000000,0.00366300,0.11750285,0.18173844,-0.16619685,-0.01229746,1.47131264,-1.86401165,1.13060987,-0.09459440,0.00122106,0.21591842,
4750,7.04630661,-0.51464653,14.20647907,6.00000000,0.22075196,-0.29487306,-0.39335939,0.21083882,0.21264179,0.07000000,0.00366300,0.07632735,-0.23999999,0.23999999,-0.01229746,2.85535884,-3.10668612,0.20190489,-0.38634101,0.00122106,0.24246880,
4758,9.44050884,0.79857308,18.41069794,6.00000000,-0.16596679,0.21752930,-0.39229321,-0.71734083,0.24875738,0.07000000,0.00366300,-0.00294156,-0.23999999,0.23999999,-0.01229746,1.94953275,-1.94080603,-0.71912348,-0.62170750,0.00122106,0.09344336,
4766,4.31691694,0.81413537,20.53136063,6.00000000,-0.28198242,0.36899415,0.03698103,-1.38128984,0.16415992,0.07000000,0.00366300,-0.06896672,-0.23999999,0.23999999,-0.01229746,0.47996554,-0.24783675,-1.37015295,-0.52658826,0.00122106,-0.07808040,
4774,1.83652389,-1.05813038,17.56195259,6.00000000,-0.25942382,0.35288087,0.17292741,-0.58154243,-0.02194550,0.07000000,0.00366300,-0.02078102,-0.23999999,0.23999999,-0.01229746,-1.84830368,1.90939021,-0.56745523,-0.33534217,0.00122106,-0.18595347,
4782,-1.31544268,-0.19382352,9.54975605,6.00000000,-0.31259766,0.35610351,0.15218228,-0.28929013,-0.08600003,0.07000000,0.00549451,-0.12451750,-0.23999999,0.23999999,-0.01229746,-3.27772832,3.65995550,-0.27965900,-0.08753705,0.00122106,-0.28627133,
4790,-3.64260674,-0.19741482,3.26497698,6.00000000,-0.30454102,0.33999023,0.19185959,0.61040103,-0.16044092,0.07000000,0.00549451,-0.27272272,0.20274675,-0.23954242,-0.01229746,-4.79791021,5.67581081,0.60753453,0.18624003,0.00122106,-0.35608995,
4798,-2.61549425,-0.06812793,-1.04458606,6.00000000,0.14824219,-0.24653320,0.41979301,1.33285677,-0.09295464,0.07000000,0.00549451,-0.23089524,0.23999999,-0.23999999,-0.01229746,-5.02305746,5.77005863,1.34130263,0.26535392,0.00122106,-0.30963513,
4806,-3.06919551,-1.15868676,-4.09719324,6.00000000,0.25136718,-0.28359374,0.26991886,1.69722235,-0.13616343,0.07000000,0.00549451,-0.00224797,0.23999999,-0.23999999,-0.01229746,-2.87106657,2.85710382,1.72438765,0.55967677,0.00122106,-0.08607738,
4813,-0.64267200,-0.82828695,0.32968578,5.00000000,0.26425782,-0.32871094,0.08433976,1.58582115,-0.06953223,0.07000000,0.00549451,0.15070604,0.23999999,-0.23999999,-0.01229746,-0.79412478,0.31939524,1.60899389,0.36640161,0.00122106,0.08122066,
4822,2.63738441,-1.13474476,5.69988012,6.00000000,0.29970703,-0.35126954,-0.16739051,1.17433298,0.06928539,0.07000000,0.00366300,0.16668485,0.23999999,-0.23999999,-0.01229746,1.22173047,-1.75231063,1.18350387,0.01052752,0.00122106,0.20508754,
4830,4.85202074,-0.48471904,12.66700745,6.00000000,0.28681642,-0.36899415,-0.50548416,0.47427389,0.19703177,0.07000000,0.00366300,0.16157132,0.03047407,-0.00937285,-0.01229746,2.87106657,-3.38593864,0.46856791,-0.14307454,0.00122106,0.27538088,
4838,9.11848831,0.89793247,18.03720093,6.00000000,0.11601563,-0.08056641,-0.39106899,-0.56602567,0.27498886,0.07000000,0.00366300,0.20006718,-0.23999999,0.23999999,-0.01229746,3.12239385,-3.76991129,-0.57039052,-0.52556765,0.00122106,0.21919464,
4846,8.17756748,1.30135548,20.53136063,6.00000000,-0.21269532,0.23364258,-0.05202039,-1.58160055,0.15075883,0.07000000,0.00366300,-0.07170156,-0.23999999,0.23999999,-0.01229746,1.97047675,-1.72613060,-1.56810701,-0.61507422,0.00122106,0.02184726,
4854,1.21881986,-2.25642824,20.53136063,6.00000000,-0.29326171,0.35288087,0.31107721,-1.71580839,0.03256370,0.07000000,0.00549451,0.00998385,-0.23999999,0.23999999,-0.01229746,0.13788101,-0.15533429,-1.69328022,-0.21340898,0.00122106,-0.11866917,
4862,0.75434470,-1.22692156,11.44476700,6.00000000,-0.29326171,0.32871094,0.03416346,-0.86938989,-0.10781695,0.07000000,0.00549451,-0.24166045,-0.23999999,0.23999999,-0.01229746,-1.57428694,2.35968518,-0.86715943,-0.30212000,0.00122106,-0.21558097,
4870,-3.87604141,-0.64153922,4.97323990,6.00000000,-0.28842774,0.35288087,0.09142020,-0.33627379,-0.15767947,0.07000000,0.00366300,-0.28876063,0.03211011,-0.07139679,-0.01229746,-3.16777253,4.12072229,-0.34173751,0.16462740,0.00122106,-0.30397281,
4878,-3.62704444,1.57070315,-1.29717433,6.00000000,-0.01127930,-0.03061523,0.29686275,0.62799215,-0.16525063,0.07000000,0.00366300,-0.37964267,0.23999999,-0.23999999,-0.01229746,-3.70882463,4.93579102,0.61967146,0.33147040,0.00122106,-0.28277427,
4885,-2.49458694,-1.12397087,-5.12191153,5.00000000,0.20786133,-0.25458986,0.43722489,1.03264236,-0.15821011,0.07000000,0.00366300,-0.14901824,0.23999999,-0.23999999,-0.01229746,-2.86059451,3.33706951,1.04835367,0.52682209,0.00122106,-0.15343614,
4894,-1.39205706,0.41909212,-2.69538808,6.00000000,0.24653320,-0.30615234,0.25755131,1.14716804,-0.17382610,0.07000000,0.00549451,-0.02075163,0.23999999,-0.23999999,-0.01229746,-0.09075712,0.16580628,1.16415095,0.47865346,0.00122106,0.07864106,
4902,0.93271273,-1.89849508,3.64804935,6.00000000,0.27070314,-0.34321290,0.01898982,0.89329451,-0.02855260,0.07000000,0.00549451,-0.02110295,0.23999999,-0.23999999,-0.01229746,1.98967540,-1.90939021,0.90980792,0.16007403,0.00122106,0.21771970,
4910,3.99968505,-0.59006387,10.07648087,6.00000000,0.29326171,-0.38188475,-0.37929824,0.31943315,0.13525334,0.07000000,0.00366300,0.01584613,-0.03354894,0.03470071,-0.01229746,3.61457705,-3.59188771,0.36036986,-0.17726056,0.00122106,0.30191076,
4918,8.07461643,0.18326326,16.10388374,6.00000000,0.03544922,-0.04672851,-0.53739387,-0.52524209,0.31401819,0.07000000,0.00366300,-0.12129106,-0.23999999,0.23999999,-0.01229746,4.15388346,-3.75420332,-0.52867794,-0.50782353,0.00122106,0.26202986,
4926,7.09299374,0.90272087,20.53136063,6.00000000,-0.22075196,0.26748046,-0.41803750,-1.36259532,0.27876699,0.07000000,0.00366300,-0.31487060,-0.23999999,0.23999999,-0.01229746,2.71573234,-1.68075216,-1.35412145,-0.67380553,0.00122106,0.06651352,
4934,3.03362465,-0.50267553,20.53136063,6.00000000,-0.25458986,0.36577147,0.10115378,-1.53622329,0.14053810,0.07000000,0.00366300,-0.07662717,-0.23999999,0.23999999,-0.01229746,0.41887903,-0.17802358,-1.51559162,-0.41153067,0.00122106,-0.09526692,
4942,1.27867484,0.39515010,15.73876762,6.00000000,-0.29326171,0.33676758,0.08281813,-0.90696025,-0.16325623,0.07000000,0.00366300,-0.15709105,-0.23999999,0.23999999,-0.01229746,-1.43989658,1.96175015,-0.90953684,-0.31065321,0.00122106,-0.19757965,
4950,-2.76992011,-0.70019716,6.77846813,6.00000000,-0.28681642,0.35932618,0.35267425,-0.46779746,-0.22228675,0.07000000,0.00366300,-0.23074339,-0.08310417,0.05164710,-0.01229746,-3.10668612,3.84146976,-0.47180456,0.09301609,0.00122106,-0.29990056,
4957,-4.16334581,1.72632623,1.69318366,5.00000000,-0.14985351,0.09990235,0.30412865,0.34815392,-0.28129962,0.07000000,0.00366300,-0.35781205,0.23999999,-0.23999999,-0.01229746,-3.96189737,5.12079573,0.34064710,0.32417771,0.00122106,-0.32035297,
4966,-3.10510850,-2.00743127,-4.23964834,6.00000000,0.21269532,-0.26586914,0.60429937,0.94226557,-0.18979599,0.07000000,0.00366300,-0.15185583,0.23999999,-0.23999999,-0.01229746,-3.31088948,3.78910995,0.95363647,0.56641978,0.00122106,-0.19890632,
4974,-2.35811758,-0.15551630,-4.28154659,6.00000000,0.22719726,-0.29648438,0.15709087,1.17103612,-0.19242090,0.07000000,0.00366300,-0.04404011,0.23999999,-0.23999999,-0.01229746,-0.77143556,0.91629785,1.18921518,0.58974832,0.00122106,0.02591333,
4982,-0.09559689,-1.62435901,1.06590283,6.00000000,0.26748046,-0.34160155,-0.00167858,1.03029680,-0.07879284,0.07000000,0.00366300,0.02579146,0.23999999,-0.23999999,-0.01229746,1.41197145,-1.41895270,1.06254470,0.30568534,0.00122106,0.18610859,
4990,2.95222187,-1.38853014,7.13520432,6.00000000,0.29487306,-0.38027343,-0.32784927,0.59278899,0.07740720,0.07000000,0.00366300,-0.05687279,0.16708009,-0.17569683,-0.01229746,3.30041766,-3.09795952,0.59723121,-0.05433759,0.00122106,0.29192919,
4998,5.22431946,-0.99348688,15.19648075,6.00000000,0.23041992,-0.31420898,-0.57896149,-0.14304926,0.27526546,0.07000000,0.00549451,-0.14983504,-0.23999999,0.23999999,-0.01229746,4.71762466,-4.27605677,-0.12488651,-0.28971562,0.00122106,0.33084169,
5006,9.35790825,0.84406292,20.53136063,6.00000000,-0.18530273,0.23203126,-0.46131536,-1.28401303,0.29308027,0.07000000,0.00549451,-0.17661643,-0.23999999,0.23999999,-0.01229746,3.70184350,-3.13810205,-1.28251028,-0.74276030,0.00122106,0.16268857,
5014,3.24790573,-0.52422333,20.53136063,6.00000000,-0.26264650,0.35610351,-0.03125868,-1.88884139,0.17984362,0.07000000,0.00549451,-0.10770768,-0.23999999,0.23999999,-0.01229746,1.83608627,-1.48876595,-1.86926162,-0.40736711,0.00122106,-0.01576009,
5022,2.48894382,-0.33508143,18.86559486,6.00000000,-0.26425782,0.33354491,0.10194190,-1.25938129,-0.11867605,0.07000000,0.00549451,-0.06631924,-0.23999999,0.23999999,-0.01229746,-0.82903141,1.05243349,-1.23607135,-0.41821888,0.00122106,-0.16527367,
5029,-2.05644798,-0.96954489,10.77558804,5.00000000,-0.29003906,0.37705079,0.22797789,-0.86161476,-0.21311022,0.07000000,0.00549451,-0.12061368,-0.23999999,0.23999999,-0.01229746,-2.25322008,2.64940977,-0.90702462,-0.00030485,0.00122106,-0.25422227,
5038,-3.85090232,0.85483682,1.86796033,6.00000000,-0.29487306,0.34160155,0.25280046,-0.00650642,-0.31549641,0.07000000,0.00549451,-0.28141400,0.17021556,-0.20851149,-0.01229746,-4.00902128,4.89390326,-0.01721871,0.23689133,0.00122106,-0.34394270,
5046,-3.35769677,-0.69900006,-3.51181078,6.00000000,0.12084961,-0.19980469,0.55890828,0.78708869,-0.24342886,0.07000000,0.00549451,-0.23404419,0.23999999,-0.23999999,-0.01229746,-4.34936047,5.10683346,0.78824633,0.41659856,0.00122106,-0.29962975,
5054,-3.04884458,-1.50584602,-5.56842995,6.00000000,0.23686524,-0.28842774,0.33245325,1.10674047,-0.24252944,0.07000000,0.00549451,0.05624399,0.23999999,-0.23999999,-0.01229746,-2.48534870,2.32303333,1.12614012,0.61276174,0.00122106,-0.09795192,
5062,-1.29868329,-0.23572205,-0.57651955,6.00000000,0.24008790,-0.34321290,0.14768037,1.11898649,-0.21124034,0.07000000,0.00549451,-0.03103695,0.23999999,-0.23999999,-0.01229746,0.37175512,-0.27052602,1.13391864,0.45744634,0.00122106,0.10978679,
5070,1.74434710,-1.63154161,6.00992918,6.00000000,0.27875978,-0.36254883,-0.07688052,0.90297371,0.01201962,0.07000000,0.00366300,-0.15377924,0.23999999,-0.23999999,-0.01229746,2.40680885,-1.90240884,0.90471327,0.06094420,0.00122106,0.23350346,
5078,4.16009665,-1.19220567,13.31822968,6.00000000,0.28198242,-0.37705079,-0.51960558,0.23491064,0.24982059,0.07000000,0.00366300,-0.21279392,-0.15933533,0.12928081,-0.01229746,4.09279728,-3.47320533,0.23097372,-0.24368635,0.00122106,0.31000349,
5086,9.52670002,-0.05974822,18.30295753,6.00000000,-0.08862305,0.07734375,-0.59602249,-0.76702935,0.44592121,0.07000000,0.00549451,-0.25297108,-0.23999999,0.23999999,-0.01229746,3.85543227,-3.04210901,-0.77055120,-0.77719903,0.00122106,0.20387286,
5094,6.08623171,1.14573228,20.53136063,6.00000000,-0.24331054,0.31582031,-0.50148159,-1.45562327,0.33465588,0.07000000,0.00549451,-0.22846073,-0.23999999,0.23999999,-0.01229746,1.98967540,-1.25140107,-1.44388914,-0.72435695,0.00122106,0.01309808,
5101,2.05080485,0.91110057,20.53136063,5.00000000,-0.24008790,0.35610351,0.05627558,-1.20900333,0.10421134,0.07000000,0.00549451,-0.03907502,-0.23999999,0.23999999,-0.01229746,-0.49392816,0.61610121,-1.19100499,-0.28346708,0.00122106,-0.13210291,
5110,-0.13510121,-0.21656844,13.29787922,6.00000000,-0.29970703,0.36899415,0.15652843,-0.70278168,-0.18764538,0.07000000,0.00366300,-0.07692996,-0.23999999,0.23999999,-0.01229746,-2.27241874,2.52723670,-0.71785057,-0.19847929,0.00122106,-0.23770207,
5118,-3.11348820,0.50049496,4.53629827,6.00000000,-0.28198242,0.35288087,0.37142175,-0.07809611,-0.25556535,0.07000000,0.00366300,-0.13994737,0.00235648,-0.02121244,-0.01229746,-4.00029469,4.42615509,-0.10048723,0.11390637,0.00122106,-0.33001792,
5126,-3.36607647,0.60464275,-0.79319483,6.00000000,-0.04028320,0.02255859,0.50709665,0.74584645,-0.31597170,0.07000000,0.00549451,-0.24372968,0.23999999,-0.23999999,-0.01229746,-4.74729538,5.53269386,0.74360132,0.27118030,0.00122106,-0.33418187,
5134,-3.19728518,-2.03376746,-5.14944506,6.00000000,0.21269532,-0.27875978,0.53235418,1.19478464,-0.23492505,0.07000000,0.00549451,-0.08900902,0.23999999,-0.23999999,-0.01229746,-3.79434562,4.08057976,1.21305037,0.52811331,0.00122106,-0.20857981,
5142,-1.62070334,0.17488354,-3.59560800,6.00000000,0.24492188,-0.29003906,0.14266452,1.40631771,-0.21499930,0.07000000,0.00549451,0.06148078,0.23999999,-0.23999999,-0.01229746,-1.19729578,0.98611104,1.42816150,0.49313873,0.00122106,0.02409689,
5150,-1.10954130,-1.60041702,3.97006941,6.00000000,0.27231446,-0.34321290,0.01751974,1.27982450,-0.06884637,0.07000000,0.00549451,-0.01072475,0.23999999,-0.23999999,-0.01229746,1.21823990,-1.18856919,1.29031849,0.37152219,0.00122106,0.19058082,
5158,3.60943031,-1.65668070,9.19900608,6.00000000,0.27875978,-0.39155275,-0.25141722,0.85608357,0.17860508,0.07000000,0.00549451,-0.03149765,0.09971809,-0.10500440,-0.01229746,3.00022078,-2.93040776,0.87351632,-0.13919726,0.00122106,0.29336274,
5166,6.21551895,-1.34782875,16.51568604,6.00000000,0.16596679,-0.21269532,-0.66387022,0.08350861,0.40894288,0.07000000,0.00549451,-0.14020322,-0.23999999,0.23999999,-0.01229746,4.06487179,-3.57094383,0.08226502,-0.35067484,0.00122106,0.29844108,
5173,8.71267128,1.24868298,20.53136063,5.00000000,-0.17885742,0.19980469,-0.62744993,-0.94968009,0.39670762,0.07000000,0.00549451,-0.20636559,-0.23999999,0.23999999,-0.01229746,2.89724660,-2.19911480,-0.95151949,-0.76475656,0.00122106,0.12398584,
5182,3.15812325,-0.04658011,20.53136063,6.00000000,-0.25136718,0.36416015,-0.02969439,-1.40167880,0.26494470,0.07000000,0.00549451,-0.06031208,-0.23999999,0.23999999,-0.01229746,0.48869219,-0.29670596,-1.38833880,-0.41039297,0.00122106,-0.07911085,
5190,1.19487786,0.00968363,16.86883163,6.00000000,-0.26909178,0.33515626,0.06746755,-0.74140358,-0.10402285,0.07000000,0.00549451,-0.00105787,-0.23999999,0.23999999,-0.01229746,-1.85703039,1.85877562,-0.79515988,-0.29986882,0.00122106,-0.19943500,
5198,-2.70647383,-0.68224066,7.71579790,6.00000000,-0.29809570,0.37382811,0.37694940,-0.28706485,-0.19166823,0.07000000,0.00366300,-0.07522374,-0.12991169,0.11967409,-0.01229746,-3.38244820,3.61806750,-0.33447137,0.03175595,0.00122106,-0.29199448,
5206,-4.35727596,1.03200769,1.20476651,6.00000000,-0.19819336,0.19335937,0.39695004,0.46701109,-0.33577898,0.07000000,0.00366300,-0.21974954,0.23999999,-0.23999999,-0.01229746,-4.70540762,5.41226625,0.48786575,0.29777652,0.00122106,-0.34639314,
5214,-3.09553170,-1.39571273,-4.76876688,6.00000000,0.20463867,-0.25297850,0.70745158,1.13722730,-0.19914155,0.07000000,0.00366300,-0.18700083,0.23999999,-0.23999999,-0.01229746,-4.22718716,4.83107138,1.14819670,0.49357414,0.00122106,-0.25706628,
5222,-2.79625630,-0.98031878,-5.24521303,6.00000000,0.23847656,-0.29970703,0.29800332,1.37590444,-0.18503179,0.07000000,0.00366300,0.01443644,0.23999999,-0.23999999,-0.01229746,-1.76801860,1.69995070,1.40032160,0.63158429,0.00122106,-0.02504751,
5230,-0.66182560,-1.47591853,0.51164508,6.00000000,0.27231446,-0.34482422,0.06858735,1.28979611,-0.16437979,0.07000000,0.00366300,0.04916773,0.23999999,-0.23999999,-0.01229746,0.56723201,-0.72431165,1.30851722,0.38411859,0.00122106,0.14922795,
5238,1.00813007,-0.80793625,8.38976574,6.00000000,0.26264650,-0.36093751,-0.24085101,1.03476536,0.11049701,0.07000000,0.00366300,-0.09752926,0.23999999,-0.23999999,-0.01229746,2.82568789,-2.51851010,1.03722596,0.14057037,0.00122106,0.28351113,
5245,4.15051985,-2.19777036,13.18894291,5.00000000,0.29809570,-0.38994139,-0.48434877,0.46640325,0.32417950,0.07000000,0.00366300,-0.10205313,-0.07237783,0.05741665,-0.01229746,4.25511265,-3.91128302,0.42922270,-0.22135821,0.00122106,0.34361157,
5254,9.12088299,0.76984268,19.96094322,6.00000000,0.02255859,-0.01611328,-0.74903947,-0.73836887,0.45308480,0.07000000,0.00366300,-0.07698558,-0.23999999,0.23999999,-0.01229746,4.04218245,-3.80307245,-0.74629778,-0.65658152,0.00122106,0.23966488,
5262,5.05672503,1.42106557,20.53136063,6.00000000,-0.21914062,0.29003906,-0.38016033,-1.47068381,0.32578814,0.07000000,0.00366300,-0.21294357,-0.23999999,0.23999999,-0.01229746,2.41728091,-1.70867741,-1.45920789,-0.40350923,0.00122106,0.04544091,
5270,1.20325756,-0.41289297,20.53136063,6.00000000,-0.25458986,0.35932618,0.12978458,-1.53314114,0.10244914,0.07000000,0.00366300,0.05389041,-0.23999999,0.23999999,-0.01229746,-0.17802358,-0.00349066,-1.51130152,-0.27749020,0.00122106,-0.12206234,
5278,-1.03532112,0.57710946,13.37688828,6.00000000,-0.30454102,0.33676758,0.10931739,-0.88640857,-0.19313335,0.07000000,0.00366300,-0.10192566,-0.23999999,0.23999999,-0.01229746,-1.68947875,2.02632713,-0.87899971,-0.12502947,0.00122106,-0.20718011,
5286,-2.90160131,0.43345731,3.11294532,6.00000000,-0.27553710,0.36254883,0.43167940,-0.31297591,-0.24701256,0.07000000,0.00366300,-0.17348409,-0.02575314,0.00219308,-0.01229746,-3.53254628,4.07010794,-0.32173365,0.11764272,0.00122106,-0.31411946,
5294,-3.33614898,0.56992680,-2.48230410,6.00000000,-0.05639648,0.04189453,0.55067116,0.55636424,-0.31828579,0.07000000,0.00366300,-0.22508472,0.23999999,-0.23999999,-0.01229746,-4.48375082,5.20806217,0.55020368,0.30495018,0.00122106,-0.32867968,
5302,-3.38403296,-2.33543682,-5.55526209,6.00000000,0.19980469,-0.27553710,0.51078784,0.97966594,-0.23861192,0.07000000,0.00366300,-0.05385250,0.23999999,-0.23999999,-0.01229746,-3.60934091,3.79085517,0.99448252,0.54215539,0.00122106,-0.20525280,
5310,-2.08637571,0.91588897,-3.99065113,6.00000000,0.25297850,-0.28681642,0.22793815,1.20115173,-0.22847311,0.07000000,0.00366300,0.11533398,0.23999999,-0.23999999,-0.01229746,-1.11701071,0.72780234,1.22048354,0.55086428,0.00122106,0.02650358,
5317,-2.54366803,-1.75843430,4.06344318,5.00000000,0.24814454,-0.34965819,-0.13804270,1.12400651,-0.13462563,0.07000000,0.00366300,-0.04473349,0.23999999,-0.23999999,-0.01229746,1.46084058,-1.31597829,1.13032913,0.55176306,0.00122106,0.19195276,
5326,1.85567749,0.15812413,10.71094418,6.00000000,0.28842774,-0.38833007,-0.00222417,0.92593580,0.26285839,0.07000000,0.00366300,-0.23734421,0.23999999,-0.23999999,-0.01229746,3.67217255,-2.93389869,0.98559195,0.01785827,0.00122106,0.32868287,
5334,6.54831266,-3.72766519,15.68729210,6.00000000,0.30131835,-0.39799803,-0.68097615,0.08744562,0.48203307,0.07000000,0.00366300,-0.24734743,-0.23999999,0.23999999,-0.01229746,4.96371651,-4.18180895,0.08373302,-0.53656292,0.00122106,0.35371497,
5342,8.39783382,1.03200769,20.53136063,6.00000000,-0.17563477,0.21591797,-0.78436857,-1.17795682,0.53116876,0.07000000,0.00366300,-0.30482262,-0.23999999,0.23999999,-0.01229746,4.33714342,-3.37372160,-1.18123448,-0.66987616,0.00122106,0.20070940,
5350,2.28304243,0.35085738,20.53136063,6.00000000,-0.23847656,0.34321290,-0.28361872,-1.82671416,0.35387072,0.07000000,0.00366300,-0.12356819,-0.23999999,0.23999999,-0.01229746,1.99665666,-1.59523094,-1.80964518,-0.46559840,0.00122106,-0.00080518,
5358,0.70286936,1.11341059,18.86320114,6.00000000,-0.24975586,0.33676758,0.04902665,-1.28858268,-0.05366715,0.07000000,0.00366300,0.04130977,-0.23999999,0.23999999,-0.01229746,-0.85695666,0.72256637,-1.26748371,-0.22326669,0.00122106,-0.15627481,
5366,-3.09672880,-0.27402928,8.19463825,6.00000000,-0.29648438,0.37060547,0.35610136,-0.68436581,-0.26302451,0.07000000,0.00366300,-0.01610259,-0.13591549,0.13344316,-0.01229746,-2.42077160,2.48011303,-0.68762344,0.05142619,0.00122106,-0.23846629,
5374,-5.01089287,1.85800731,1.04315794,6.00000000,-0.18208008,0.20786133,0.52230370,0.00355105,-0.39095968,0.07000000,0.00366300,-0.16838861,0.23999999,-0.23999999,-0.01229746,-3.67042756,4.18704462,0.00692075,0.34528953,0.00122106,-0.29963586,
5382,-3.49296904,-1.62914741,-5.51096916,6.00000000,0.19658203,-0.26103514,0.90264237,0.76622790,-0.25374925,0.07000000,0.00366300,-0.16363682,0.23999999,-0.23999999,-0.01229746,-3.26725626,3.78387380,0.76822633,0.56115234,0.00122106,-0.20960745,
5389,-3.21883297,-1.75604010,-7.20726109,5.00000000,0.24814454,-0.29326171,0.42914477,1.02010894,-0.21425718,0.07000000,0.00366300,0.02692488,0.23999999,-0.23999999,-0.01229746,-0.99309236,0.92502451,1.04047704,0.72997040,0.00122106,0.00632423,
5398,-0.31706056,-1.62795031,-0.35146460,6.00000000,0.27392578,-0.36093751,0.10475843,1.00354719,-0.16078740,0.07000000,0.00366300,0.02259253,0.23999999,-0.23999999,-0.01229746,1.33517683,-1.40673530,1.01856136,0.38074455,0.00122106,0.18416919,
5406,-1.41839337,-1.38613594,8.27005577,6.00000000,0.26103514,-0.36577147,-0.44834113,0.68223405,0.06942338,0.07000000,0.00366300,-0.19217654,0.23999999,-0.23999999,-0.01229746,3.63726616,-3.06479836,0.68421209,0.38500559,0.00122106,0.31070268,
5414,4.82448769,-1.21495056,13.82939243,6.00000000,0.29487306,-0.40122071,-0.40940696,0.28315130,0.43448225,0.07000000,0.00366300,-0.38699934,-0.20653839,0.15259284,-0.01229746,5.57283592,-4.34936047,0.28359577,-0.30383608,0.00122106,0.39839876,
5422,8.71626282,-1.92363429,18.88953781,6.00000000,-0.13535157,0.08217774,-0.88725775,-0.90491140,0.59382433,0.07000000,0.00366300,-0.29999390,-0.23999999,0.23999999,-0.01229746,5.01258564,-3.98982286,-0.90390676,-0.90018594,0.00122106,0.27116886,
5430,3.28980422,1.86279571,20.53136063,6.00000000,-0.25458986,0.33193359,-0.58231181,-1.58739567,0.47334442,0.07000000,0.00366300,-0.30677530,-0.23999999,0.23999999,-0.01229746,3.05258083,-2.05425239,-1.57704878,-0.54609960,0.00122106,0.07590848,
5438,1.71801090,1.02482510,20.53136063,6.00000000,-0.23525390,0.35288087,-0.01100613,-1.26918375,0.16723922,0.07000000,0.00366300,0.02424371,-0.23999999,0.23999999,-0.01229746,-0.10646509,0.02443461,-1.24996614,-0.34001189,0.00122106,-0.10478628,
5446,-1.54648316,0.37360227,12.85614872,6.00000000,-0.29165038,0.36254883,0.14275222,-0.93213040,-0.17295007,0.07000000,0.00366300,0.01203498,-0.23999999,0.23999999,-0.01229746,-1.78896248,1.74707460,-0.92725849,-0.06587434,0.00122106,-0.20616870,
5454,-3.00814319,1.43183947,2.38151670,6.00000000,-0.29809570,0.34321290,0.51693034,-0.22449285,-0.30452329,0.07000000,0.00366300,-0.13210057,-0.04574788,0.02784988,-0.01229746,-3.59014225,4.03520107,-0.23407948,0.08837336,0.00122106,-0.30840898,
5461,-4.37523222,0.46218774,-1.62996829,5.00000000,-0.07895508,0.07412110,0.82345080,0.61733496,-0.32162079,0.07000000,0.00366300,-0.18893135,0.23999999,-0.23999999,-0.01229746,-4.54832792,5.17490101,0.61348587,0.40073830,0.00122106,-0.32456538,
5470,-3.75513411,-2.93518448,-5.56124735,6.00000000,0.21591797,-0.27875978,0.64223617,1.09801590,-0.24056554,0.07000000,0.00366300,-0.08700702,0.23999999,-0.23999999,-0.01229746,-3.58141565,3.85543227,1.11318612,0.62339652,0.00122106,-0.19661990,
5478,-1.82181633,-0.23093365,-4.71848869,6.00000000,0.23525390,-0.29487306,0.21268260,1.30763257,-0.17319435,0.07000000,0.00366300,0.07798989,0.23999999,-0.23999999,-0.01229746,-1.16762531,0.91629785,1.32966340,0.56482708,0.00122106,0.02273613,
5486,-2.42874646,-2.27318764,2.91901493,6.00000000,0.24975586,-0.35288087,-0.26417416,1.18082964,-0.13099849,0.07000000,0.00366300,-0.09447069,0.23999999,-0.23999999,-0.01229746,1.54287112,-1.22871184,1.19061685,0.55774832,0.00122106,0.19727610,
5494,1.50612402,1.14932358,11.39688301,6.00000000,0.26264650,-0.39316407,-0.21792831,1.07909942,0.33371842,0.07000000,0.00366300,-0.40119570,0.23999999,-0.23999999,-0.01229746,4.02647448,-2.75936556,1.07780838,0.04910183,0.00122106,0.34239185,
5502,5.30691910,-4.99778938,15.45984364,6.00000000,0.32226563,-0.39477539,-0.61872566,0.31847215,0.54543740,0.07000000,0.00366300,-0.27672291,-0.23999999,0.23999999,-0.01229746,5.06320047,-4.14864779,0.32298970,-0.45735234,0.00122106,0.37205768,
5510,7.07743120,1.75505662,20.53136063,6.00000000,-0.15629883,0.21914062,-0.89558768,-1.03551185,0.59223896,0.07000000,0.00366300,-0.28433135,-0.23999999,0.23999999,-0.01229746,4.30921793,-3.38070273,-1.04520833,-0.61896455,0.00122106,0.20973232,
5518,0.52689552,-1.02341437,20.53136063,6.00000000,-0.25620118,0.35126954,-0.27254349,-1.73000026,0.41045448,0.07000000,0.00549451,-0.09837353,-0.23999999,0.23999999,-0.01229746,2.08392310,-1.77150917,-1.71249723,-0.30199602,0.00122106,0.01800083,
5526,1.06798518,0.76505429,18.70518303,6.00000000,-0.25620118,0.33999023,0.02954856,-1.30977881,-0.00769814,0.07000000,0.00549451,0.06216562,-0.23999999,0.23999999,-0.01229746,-0.79761547,0.63529986,-1.28856409,-0.29917210,0.00122106,-0.15276363,
5533,-2.91955781,0.25389221,10.22252750,5.00000000,-0.29970703,0.35932618,0.28342533,-0.87087756,-0.28004575,0.07000000,0.00549451,-0.12394567,-0.20083776,0.18335059,-0.01229746,-2.04727125,2.46964097,-0.87079173,0.03276816,0.00122106,-0.23924692,
5542,-4.92350483,0.97334981,1.27419829,6.00000000,-0.25297850,0.27231446,0.65675396,-0.17331938,-0.34790987,0.07000000,0.00549451,-0.17178077,0.23999999,-0.23999999,-0.01229746,-3.86066818,4.41044712,-0.18319279,0.39203730,0.00122106,-0.33086860,
5550,-3.79104733,-1.07728398,-4.82383347,6.00000000,0.21430664,-0.25620118,0.90760040,0.68817806,-0.25763234,0.07000000,0.00549451,-0.15277582,0.23999999,-0.23999999,-0.01229746,-3.71231532,4.18704462,0.68601525,0.58693600,0.00122106,-0.24991277,
5558,-2.77231431,-1.08805788,-6.96424961,6.00000000,0.22880860,-0.28842774,0.41812542,0.93305558,-0.17541659,0.07000000,0.00549451,0.03198583,0.23999999,-0.23999999,-0.01229746,-1.30027032,1.18682384,0.94996500,0.69609559,0.00122106,-0.02128367,
5566,-0.75519943,-1.12995636,-0.25090814,6.00000000,0.25781250,-0.34482422,0.15366316,0.93669313,-0.13550566,0.07000000,0.00549451,0.02715223,0.23999999,-0.23999999,-0.01229746,1.20776784,-1.27758098,0.95005763,0.41376469,0.00122106,0.16736737,
5574,-1.62908304,-2.21692395,7.75410509,6.00000000,0.26909178,-0.37705079,-0.49680942,0.68083173,0.07874949,0.07000000,0.00549451,-0.15918703,0.23999999,-0.23999999,-0.01229746,3.57967043,-3.04734492,0.68296885,0.41116038,0.00122106,0.30352616,
5582,4.19600964,-0.31592780,12.74003029,6.00000000,0.31904298,-0.39155275,-0.41730753,0.42149553,0.44565919,0.07000000,0.00549451,-0.38007039,-0.08277030,0.02954705,-0.01229746,5.60250711,-4.41568279,0.42003384,-0.23613369,0.00122106,0.41389212,
5590,7.65204000,-1.99306607,18.25627136,6.00000000,0.02578125,-0.04995117,-0.96787512,-0.71147466,0.62123269,0.07000000,0.00549451,-0.21189775,-0.23999999,0.23999999,-0.01229746,5.17490101,-4.45408010,-0.71340662,-0.81912577,0.00122106,0.31341505,
5598,3.55436349,2.85998082,20.53136063,6.00000000,-0.21591797,0.28681642,-0.45872733,-1.60482562,0.47447783,0.07000000,0.00549451,-0.26866329,-0.23999999,0.23999999,-0.01229746,3.57617950,-2.72271371,-1.59846282,-0.30665272,0.00122106,0.11705267,
5605,0.68970126,-0.25008726,20.53136063,5.00000000,-0.21430664,0.35288087,0.02962017,-1.66984260,0.20629457,0.07000000,0.00549451,0.17231864,-0.23999999,0.23999999,-0.01229746,0.58643061,-1.13620937,-1.64607656,-0.27203465,0.00122106,-0.05807420,
5614,-1.18735290,1.56591475,15.10430431,6.00000000,-0.27714843,0.35610351,0.13598505,-1.18884289,-0.18111973,0.07000000,0.00549451,0.08686438,-0.23999999,0.23999999,-0.01229746,-1.37531948,1.09955740,-1.17434514,-0.13354462,0.00122106,-0.18204245,
5622,-3.16017509,0.53161961,3.38468719,6.00000000,-0.29809570,0.34643555,0.55035830,-0.48764813,-0.27883172,0.07000000,0.00549451,0.07819061,-0.13891383,0.14919285,-0.01229746,-3.20093369,2.95309711,-0.49832660,0.03175861,0.00122106,-0.27203506,
5630,-4.52127886,1.32170618,-1.00867295,6.00000000,-0.18369141,0.23364258,0.65214413,0.36686960,-0.33996734,0.07000000,0.00549451,-0.12197795,0.23999999,-0.23999999,-0.01229746,-4.43313646,4.86423302,0.36024100,0.23448385,0.00122106,-0.32602873,
5638,-3.29544735,-2.65386581,-6.46984720,6.00000000,0.21430664,-0.23041992,0.66721749,0.96585089,-0.19347990,0.07000000,0.00549451,-0.08597681,0.23999999,-0.23999999,-0.01229746,-4.26558447,4.53436518,0.97514361,0.42242646,0.00122106,-0.26136899,
5646,-2.52331734,0.13777342,-6.46864986,6.00000000,0.23203126,-0.30454102,0.23367235,1.28579879,-0.16742222,0.07000000,0.00549451,0.08201407,0.23999999,-0.23999999,-0.01229746,-1.75056529,1.53065372,1.30733430,0.56651789,0.00122106,-0.02854428,
5654,-0.76477629,-2.51500201,1.99245882,6.00000000,0.24653320,-0.35771483,-0.12296165,1.22906232,-0.15227059,0.07000000,0.00549451,0.05475485,0.23999999,-0.23999999,-0.01229746,0.80285144,-0.96691245,1.24181509,0.38563144,0.00122106,0.16427767,
5662,-0.48226047,-0.28959158,11.21252918,6.00000000,0.24975586,-0.37060547,-0.45109755,1.05960751,0.20639664,0.07000000,0.00366300,-0.38419184,0.23999999,-0.23999999,-0.01229746,3.82576156,-2.51501966,1.05725014,0.29339290,0.00122106,0.32525003,
5670,4.16368771,-2.69935560,14.31780910,6.00000000,0.31582031,-0.39477539,-0.34347439,0.58408129,0.44554052,0.07000000,0.00366300,-0.33022496,-0.05011079,0.00409593,-0.01229746,4.84677935,-3.78736448,0.58505327,-0.22191128,0.00122106,0.37094122,
5677,6.97448063,0.37839070,20.53136063,5.00000000,0.02900391,-0.07573242,-0.98019916,-0.73963451,0.55782413,0.07000000,0.00366300,-0.28398544,-0.23999999,0.23999999,-0.01229746,4.83281660,-3.88335752,-0.75176644,-0.67963511,0.00122106,0.27491078,
5686,4.07270813,0.80336148,20.53136063,6.00000000,-0.20786133,0.29003906,-0.18508643,-1.69558787,0.46097067,0.07000000,0.00366300,-0.13791642,-0.23999999,0.23999999,-0.01229746,2.89899206,-2.45393300,-1.68533993,-0.38325983,0.00122106,0.07678284,
5694,-0.01778534,-1.22452736,20.53136063,6.00000000,-0.25620118,0.34321290,-0.05929152,-1.67832148,0.08212858,0.07000000,0.00366300,0.12675625,-0.23999999,0.23999999,-0.01229746,0.16580628,-0.58293998,-1.65361607,-0.18441954,0.00122106,-0.10080916,
5702,-3.34213448,1.81132042,12.16542149,6.00000000,-0.29487306,0.36254883,0.15153551,-1.07611644,-0.24297763,0.07000000,0.00366300,0.00895448,-0.13822588,0.13885841,-0.01229746,-1.36484742,1.32295966,-1.06779814,0.07738793,0.00122106,-0.18039691,
5710,-3.72520661,0.49810079,0.97851443,6.00000000,-0.16435547,0.21269532,0.47429213,-0.36130992,-0.30837134,0.07000000,0.00366300,0.00232542,0.12298118,-0.12277406,-0.01229746,-2.90422773,2.90946388,-0.37413448,0.20305456,0.00122106,-0.24991569,
5718,-4.01131392,1.08827150,-4.68018150,6.00000000,0.07573242,-0.10795899,0.72779256,0.46411747,-0.32641420,0.07000000,0.00366300,-0.08599852,0.23999999,-0.23999999,-0.01229746,-2.73318577,3.00196624,0.49099043,0.39209354,0.00122106,-0.18087737,
5726,-3.63662124,-3.11235547,-6.70687294,6.00000000,0.24008790,-0.29487306,0.62963128,0.79441667,-0.24017283,0.07000000,0.00366300,0.09253284,0.23999999,-0.23999999,-0.01229746,-1.06814146,0.78888881,0.80691445,0.63290542,0.00122106,-0.00778414,
5734,-0.33501706,-0.45479152,-3.31189513,6.00000000,0.25942382,-0.33193359,0.28915274,0.87267381,-0.17437083,0.07000000,0.00366300,0.05368894,0.23999999,-0.23999999,-0.01229746,1.37008345,-1.51494586,0.88773692,0.37869382,0.00122106,0.18117370,
5742,-1.76435542,-3.33501625,5.08816147,6.00000000,0.27070314,-0.35126954,-0.24312435,0.71286637,-0.10355385,0.07000000,0.00366300,-0.11886882,0.23999999,-0.23999999,-0.01229746,3.51334786,-3.10843158,0.71635813,0.42823404,0.00122106,0.31133735,
5749,2.60985112,0.48612976,12.48624516,5.00000000,0.25458986,-0.38994139,-0.31124371,0.45482424,0.33319759,0.07000000,0.00366300,-0.36912769,0.15727788,-0.20876694,-0.01229746,5.66533899,-4.41568279,0.45202741,-0.06925499,0.00122106,0.42249557,
5758,4.59584141,-1.86018789,17.55716324,6.00000000,0.22236328,-0.36738282,-0.82776141,-0.51065856,0.62628734,0.07000000,0.00366300,-0.28129482,-0.23999999,0.23999999,-0.01229746,6.46644497,-5.56236458,-0.51072443,-0.45453018,0.00122106,0.41562781,
5766,7.25220823,2.97729659,20.53136063,6.00000000,-0.16274413,0.19819336,-0.75314230,-1.71513009,0.59559709,0.07000000,0.00366300,-0.24818391,-0.23999999,0.23999999,-0.01229746,5.31801844,-4.56403589,-1.71165872,-0.66558284,0.00122106,0.24292399,
5774,1.71920800,-1.67703152,20.53136063,6.00000000,-0.24975586,0.35449219,-0.21572815,-2.16018939,0.40775195,0.07000000,0.00549451,0.03159378,-0.23999999,0.23999999,-0.01229746,2.88852000,-2.98625851,-2.13264871,-0.37894195,0.00122106,0.06066823,
5782,0.88123739,1.09186280,17.08670425,6.00000000,-0.25620118,0.32226563,0.00842163,-1.59178853,-0.02956923,0.07000000,0.00549451,0.04840763,-0.23999999,0.23999999,-0.01229746,0.06457718,-0.23561946,-1.56961656,-0.27646700,0.00122106,-0.10867199,
5790,-4.46860647,0.33409795,7.89656019,6.00000000,-0.29165038,0.34643555,0.37003741,-0.93361074,-0.31307748,0.07000000,0.00549451,-0.03549749,0.00917368,-0.01475765,-0.01229746,-1.49400187,1.62664676,-0.93887782,0.17420289,0.00122106,-0.19168460,
5798,-5.56874180,1.75266242,0.89471740,6.00000000,-0.03544922,0.03061523,0.51731318,-0.11026810,-0.34712061,0.07000000,0.00549451,-0.11860535,0.23999999,-0.23999999,-0.01229746,-2.21133208,2.60403109,-0.12620693,0.44864300,0.00122106,-0.19391592,
5806,-3.46902704,-0.76723480,-7.41795111,6.00000000,0.22075196,-0.28520507,0.83643073,0.52016562,-0.25322351,0.07000000,0.00549451,-0.00767731,0.23999999,-0.23999999,-0.01229746,-1.30201554,1.36484742,0.51770234,0.65175146,0.00122106,-0.06194800,
5814,-2.99138379,-0.58407837,-6.36450195,6.00000000,0.25136718,-0.33999023,0.39795730,0.76370358,-0.20750608,0.07000000,0.00549451,-0.03980849,0.23999999,-0.23999999,-0.01229746,1.15889859,-1.02450824,0.77424371,0.70895964,0.00122106,0.13887769,
5821,-0.98623991,-2.25403404,0.78338701,5.00000000,0.27231446,-0.35449219,0.21339799,0.71482843,-0.09662732,0.07000000,0.00549451,-0.07934909,0.23999999,-0.23999999,-0.01229746,3.13112068,-2.82917881,0.70409262,0.42801571,0.00122106,0.28059483,
5830,-0.55408651,-2.71132660,9.59045792,6.00000000,0.28520507,-0.38833007,-0.40474817,0.40423253,0.08028448,0.07000000,0.00549451,-0.20880219,0.23999999,-0.23999999,-0.01229746,5.32150888,-4.67748260,0.40637267,0.24950045,0.00122106,0.40945148,
5838,5.86357117,-0.72413921,14.35013103,6.00000000,0.31259766,-0.39960939,-0.49242884,-0.01103828,0.42584229,0.07000000,0.00549451,-0.45764863,-0.23999999,0.23999999,-0.01229746,7.30769396,-5.84510756,-0.01181334,-0.41775498,0.00122106,0.50387102,
5846,8.85153484,-1.11798537,19.57667351,6.00000000,-0.17241211,0.19013672,-0.97045374,-1.17226386,0.69521648,0.07000000,0.00549451,-0.43837124,-0.23999999,0.23999999,-0.01229746,6.44201040,-5.00909472,-1.16909170,-1.02820110,0.00122106,0.34762719,
5854,1.31937635,1.55394375,20.53136063,6.00000000,-0.25781250,0.33515626,-0.54818922,-1.79360855,0.49180248,0.07000000,0.00549451,-0.32217044,-0.23999999,0.23999999,-0.01229746,4.13119411,-3.09795952,-1.77975750,-0.58510327,0.00122106,0.13885127,
5862,1.65217030,1.48930025,20.53136063,6.00000000,-0.21591797,0.32871094,-0.04985059,-1.38157511,0.05891895,0.07000000,0.00366300,-0.07566112,-0.23999999,0.23999999,-0.01229746,0.82728606,-0.58468533,-1.35952759,-0.32276639,0.00122106,-0.04975466,
5870,-1.23403978,0.88356727,9.97592449,6.00000000,-0.29487306,0.34160155,0.28265202,-0.98003310,-0.31500486,0.07000000,0.00366300,-0.23283121,-0.23999999,0.23999999,-0.01229746,-0.90931654,1.61093891,-0.98097539,-0.07973099,0.00122106,-0.16958901,
5878,-3.96941519,-0.17945831,1.51840687,6.00000000,-0.29970703,0.35610351,0.73319876,-0.30774122,-0.37395406,0.07000000,0.00366300,-0.40078175,0.23999999,-0.23999999,-0.01229746,-2.55516195,3.83274317,-0.31860846,0.33976209,0.00122106,-0.26714009,
5886,-3.51930523,-1.30473316,-4.09479904,6.00000000,0.19980469,-0.22558594,0.88651693,0.59630126,-0.32618645,0.07000000,0.00366300,-0.36807290,0.23999999,-0.23999999,-0.01229746,-2.70700574,3.92873621,0.59554780,0.64528650,0.00122106,-0.20770809,
5893,-3.73717761,-3.06566834,-8.12184620,5.00000000,0.22075196,-0.29326171,0.47111902,0.88437027,-0.28634807,0.07000000,0.00366300,-0.21302092,0.23999999,-0.23999999,-0.01229746,-0.47123891,1.16238928,0.90555483,0.85425556,0.00122106,0.00530580,
5902,-0.26797941,-1.75843430,-2.08606386,6.00000000,0.25458986,-0.31420898,0.20795684,0.84319389,-0.19316114,0.07000000,0.00549451,-0.15346296,0.23999999,-0.23999999,-0.01229746,2.15548158,-1.66155338,0.86192387,0.45561758,0.00122106,0.21327700,
5910,-1.96427131,-1.69139671,5.64601088,6.00000000,0.25136718,-0.35932618,-0.52533478,0.80198723,-0.05118254,0.07000000,0.00549451,-0.26375508,0.23999999,-0.23999999,-0.01229746,4.42266417,-3.50462127,0.80860972,0.37461418,0.00122106,0.35753655,
5918,2.63139892,0.29459363,11.41124821,6.00000000,0.27553710,-0.36093751,-0.38534975,0.46573082,0.36440027,0.07000000,0.00549451,-0.45462662,0.15473056,-0.21819024,-0.01229746,6.33554506,-4.88692188,0.46314856,-0.08031720,0.00122106,0.46090460,
5926,8.54507732,-0.40930167,15.91833305,6.00000000,0.23203126,-0.34160155,-0.93592107,-0.53134102,0.57601678,0.07000000,0.00549451,-0.30699810,-0.23999999,0.23999999,-0.01229746,7.10523558,-6.11214304,-0.53768331,-0.88511199,0.00122106,0.46348503,
5934,7.13489246,3.20115447,20.53136063,6.00000000,-0.14824219,0.21269532,-0.52996910,-1.69605601,0.45090488,0.07000000,0.00549451,-0.16811465,-0.23999999,0.23999999,-0.01229746,5.99520588,-5.44542742,-1.69293821,-0.46923509,0.00122106,0.30526412,
5942,2.65414381,-1.45437074,20.53136063,6.00000000,-0.25297850,0.36738282,0.06162762,-2.19850755,0.17875084,0.07000000,0.00549451,0.07553482,-0.23999999,0.23999999,-0.01229746,3.42957187,-3.66344595,-2.17081833,-0.42361733,0.00122106,0.10592183,
5950,0.98059678,1.11819899,17.11543465,6.00000000,-0.24975586,0.31904298,0.14472385,-1.62773740,-0.20187983,0.07000000,0.00366300,0.03951600,-0.23999999,0.23999999,-0.01229746,0.94422311,-1.08908546,-1.60460973,-0.30938253,0.00122106,-0.04650227,
5958,-2.98420119,-1.65428650,7.28723574,6.00000000,-0.26586914,0.33999023,0.45634055,-0.97777593,-0.27828848,0.07000000,0.00366300,-0.09413117,-0.20940727,0.19599247,-0.01229746,-0.96167642,1.26012766,-0.98527759,0.01336598,0.00122106,-0.15761201,
5965,-4.39438581,0.28860813,0.73909426,5.00000000,-0.26748046,0.29326171,0.40447366,-0.17115575,-0.29771873,0.07000000,0.00366300,-0.21969821,0.23999999,-0.23999999,-0.01229746,-2.44171548,3.15206480,-0.18309695,0.30077586,0.00122106,-0.22823130,
5974,-3.42712855,-1.79554451,-4.50899601,6.00000000,0.21591797,-0.24814454,0.56962007,0.53602034,-0.18384847,0.07000000,0.00366300,-0.20300382,0.23999999,-0.23999999,-0.01229746,-2.21133208,2.86583066,0.53555083,0.46088856,0.00122106,-0.15317644,
5982,-1.77393234,0.16530673,-7.32936525,6.00000000,0.23847656,-0.29809570,0.26206428,0.78696764,-0.20949301,0.07000000,0.00366300,-0.04646526,0.23999999,-0.23999999,-0.01229746,0.09250245,0.05061455,0.79973149,0.52783185,0.00122106,0.06459343,
5990,-1.49141645,-0.86060870,1.47650838,6.00000000,0.26264650,-0.30776367,0.14633892,0.78937817,-0.16926642,0.07000000,0.00366300,0.17029931,0.23999999,-0.23999999,-0.01229746,2.29510808,-2.86583066,0.79884702,0.43349206,0.00122106,0.25743592,
5998,0.57956797,0.39754429,7.79600382,6.00000000,0.25458986,-0.36416015,-0.44001132,0.90206975,0.08688529,0.07000000,0.00366300,-0.27052039,0.23999999,-0.23999999,-0.01229746,5.15221214,-4.27605677,0.90575987,0.25051367,0.00122106,0.42856985,
6006,3.57710862,-1.67583442,14.03888512,6.00000000,0.30615234,-0.38188475,-0.32239264,0.34644836,0.46451253,0.07000000,0.00366300,-0.31945059,0.03047711,-0.07539123,-0.01229746,6.47517157,-5.48207951,0.34493947,-0.17005643,0.00122106,0.48448429,
6014,8.69232082,-0.24410175,19.29296112,6.00000000,0.11440430,-0.17080078,-0.92129469,-0.89606196,0.61480051,0.07000000,0.00366300,-0.18322638,-0.23999999,0.23999999,-0.01229746,6.63225126,-6.02313137,-0.90134913,-0.83171630,0.00122106,0.41356924,
6022,6.27537394,2.08545661,20.53136063,6.00000000,-0.19174805,0.26425782,-0.47775149,-1.84857035,0.47756082,0.07000000,0.00549451,-0.17039643,-0.23999999,0.23999999,-0.01229746,5.40528488,-4.87470436,-1.83647799,-0.40248615,0.00122106,0.25588769,
6030,1.28825164,-0.15910760,20.53136063,6.00000000,-0.23847656,0.35288087,0.03263659,-2.06122947,0.17863026,0.07000000,0.00549451,0.19447240,-0.23999999,0.23999999,-0.01229746,2.76285625,-3.38942933,-2.03344250,-0.30405223,0.00122106,0.08205758,
6037,-0.47627497,0.52084571,15.36527252,5.00000000,-0.27392578,0.33999023,-0.01521084,-1.35203350,-0.15248081,0.07000000,0.00549451,0.03737432,-0.23999999,0.23999999,-0.01229746,0.81157809,-0.94247782,-1.33573055,-0.17577367,0.00122106,-0.03772196,
6046,-3.32178378,0.70400214,3.86711884,6.00000000,-0.27714843,0.35126954,0.53192431,-0.54962415,-0.21905352,0.07000000,0.00366300,-0.04260462,-0.04477514,0.03852505,-0.01229746,-1.16762531,1.28979838,-0.56036830,0.07079923,0.00122106,-0.13656621,
6054,-3.02969098,0.77463108,-1.60722339,6.00000000,-0.09023438,0.07250977,0.63429224,0.33422557,-0.23317784,0.07000000,0.00366300,-0.19309634,0.23789729,-0.23999999,-0.01229746,-2.09264970,2.70526028,0.30869019,0.18217629,0.00122106,-0.15809509,
6062,-3.21524167,-3.50380731,-5.16620445,6.00000000,0.19980469,-0.25136718,0.65006322,0.83146489,-0.14402363,0.07000000,0.00549451,-0.06400157,0.23999999,-0.23999999,-0.01229746,-1.44338727,1.64933610,0.84246743,0.46843374,0.00122106,-0.05222679,
6070,-1.58598745,-0.59724653,-4.31027699,6.00000000,0.23686524,-0.30937499,0.18769661,1.03513968,-0.16258670,0.07000000,0.00549451,0.01964427,0.23999999,-0.23999999,-0.01229746,1.19904113,-1.27583563,1.05260789,0.47119862,0.00122106,0.17708130,
6078,-2.11510611,-2.83223391,4.59375906,6.00000000,0.26103514,-0.37705079,-0.18379593,0.98532808,-0.00329260,0.07000000,0.00549451,-0.15901318,0.23999999,-0.23999999,-0.01229746,3.74896717,-3.23933125,0.99181449,0.46714628,0.00122106,0.34102446,
6086,3.95180106,-0.33149013,9.06373310,6.00000000,0.28842774,-0.38671875,-0.19007695,0.66420156,0.32975814,0.07000000,0.00549451,-0.27155715,0.07437350,-0.11279505,-0.01229746,5.68628263,-4.77696657,0.66769600,-0.17047125,0.00122106,0.45245886,
6094,6.87631845,-3.07285094,13.99100113,6.00000000,0.13212891,-0.22075196,-0.79261285,-0.22102748,0.57731450,0.07000000,0.00549451,-0.37469524,-0.23999999,0.23999999,-0.01229746,6.49611568,-5.27263975,-0.22110760,-0.64823657,0.00122106,0.43826801,
6102,6.53035641,1.70118713,20.53136063,6.00000000,-0.17724609,0.25620118,-0.74432862,-1.21308923,0.66011459,0.07000000,0.00549451,-0.36543810,-0.23999999,0.23999999,-0.01229746,5.49778700,-4.30921793,-1.21316814,-0.81136036,0.00122106,0.27937967,
6109,3.87039828,-0.41169587,20.53136063,5.00000000,-0.24653320,0.34482422,-0.34905219,-1.39934993,0.46600893,0.07000000,0.00549451,-0.08624116,-0.23999999,0.23999999,-0.01229746,3.14857388,-2.86583066,-1.37841916,-0.68628061,0.00122106,0.12515408,
6118,2.38599324,1.49169445,18.55793953,6.00000000,-0.24653320,0.34160155,-0.08732302,-0.84180415,-0.02030767,0.07000000,0.00549451,0.04944018,-0.23999999,0.23999999,-0.01229746,0.17104226,-0.32986721,-0.82801861,-0.33711034,0.00122106,-0.04854502,
6126,-3.16616058,1.44141626,9.89332485,6.00000000,-0.29003906,0.34643555,0.44832367,-0.27440381,-0.29416561,0.07000000,0.00549451,-0.04857372,-0.01346692,0.00627603,-0.01229746,-1.40324473,1.56556034,-0.27453554,0.05677235,0.00122106,-0.13151985,
6134,-3.60190535,0.02764014,1.58305037,6.00000000,-0.07412110,0.05961914,0.72052580,0.41113022,-0.34556791,0.07000000,0.00549451,-0.12248286,0.23999999,-0.23999999,-0.01229746,-2.26194692,2.66162705,0.39148822,0.21832336,0.00122106,-0.15708241,
6142,-3.17454028,-0.65111601,-4.31027699,6.00000000,0.21752930,-0.25620118,0.89949793,1.17629123,-0.28251052,0.07000000,0.00549451,-0.08977006,0.23999999,-0.23999999,-0.01229746,-1.04370689,1.32295966,1.18328023,0.47933117,0.00122106,-0.00001137,
6150,-1.61471784,-2.96152067,-6.02931404,6.00000000,0.25620118,-0.30776367,0.34121028,1.34421957,-0.15003832,0.07000000,0.00549451,0.04732612,0.23999999,-0.23999999,-0.01229746,1.21823990,-1.34564888,1.37117124,0.49449843,0.00122106,0.20242932,
6158,0.56041437,-3.16502786,-0.82072812,6.00000000,0.27553710,-0.36254883,0.00338400,1.23523462,-0.07500919,0.07000000,0.00549451,-0.01163092,0.23999999,-0.23999999,-0.01229746,3.33183336,-3.29518175,1.25432730,0.23460793,0.00122106,0.34669739,
6166,1.69287181,-2.30670643,7.22618389,6.00000000,0.26264650,-0.37866211,-0.47354007,0.89017612,0.14815997,0.07000000,0.00549451,-0.12193258,0.23999999,-0.23999999,-0.01229746,5.17315578,-4.77871132,0.89494967,0.05734181,0.00122106,0.44670844,
6174,3.72315478,-1.39571273,13.98501492,6.00000000,0.27070314,-0.39155275,-0.73173749,0.14119856,0.33518609,0.07000000,0.00549451,-0.22475062,-0.03559908,0.00320160,-0.01229746,6.79282188,-6.08072710,0.13652998,-0.20101053,0.00122106,0.49808425,
6181,9.64880371,2.91025901,17.97016335,5.00000000,0.04833984,-0.09506836,-0.71964628,-0.94630021,0.51463783,0.07000000,0.00549451,-0.16795714,-0.23999999,0.23999999,-0.01229746,6.69857359,-6.17846537,-0.95312941,-0.81889504,0.00122106,0.42013898,
6190,5.98208427,3.02637768,20.53136063,6.00000000,-0.20786133,0.31098634,-0.18552263,-1.83402395,0.36126870,0.07000000,0.00549451,0.04398982,-0.23999999,0.23999999,-0.01229746,4.99338722,-5.13126802,-1.82228303,-0.39610597,0.00122106,0.24247165,
6198,2.82652617,-0.84384930,20.53136063,6.00000000,-0.26103514,0.35610351,-0.01020042,-1.62166536,0.00280611,0.07000000,0.00549451,0.20372850,-0.23999999,0.23999999,-0.01229746,2.37015724,-3.02640080,-1.59468734,-0.45408607,0.00122106,0.08412352,
6206,0.02531029,1.18643379,13.13387680,6.00000000,-0.28520507,0.33354491,0.31873083,-0.97965062,-0.21183468,0.07000000,0.00549451,-0.01918927,-0.23999999,0.23999999,-0.01229746,0.53407073,-0.47123891,-0.96991348,-0.30571419,0.00122106,-0.03261007,
6214,-3.19369388,-0.87497389,4.16998529,6.00000000,-0.30131835,0.35771483,0.40904012,-0.19546840,-0.29527730,0.07000000,0.00549451,-0.11467205,0.01863991,-0.03481501,-0.01229746,-1.25838232,1.63886416,-0.22470778,0.07599345,0.00122106,-0.12784724,
6222,-3.18291998,0.51246595,-1.60842049,6.00000000,-0.02578125,-0.00805664,0.63268876,0.67086101,-0.24657933,0.07000000,0.00549451,-0.27052680,0.23999999,-0.23999999,-0.01229746,-1.82561433,2.69827914,0.66674447,0.24634174,0.00122106,-0.12212048,
6230,-3.19129968,-2.86216140,-4.79031467,6.00000000,0.22397462,-0.26586914,0.34269166,1.07666969,-0.15397748,0.07000000,0.00549451,-0.04928742,0.23999999,-0.23999999,-0.01229746,-0.94596845,1.11177480,1.09522259,0.48985291,0.00122106,0.00476045,
6238,-0.66541690,0.25508931,-3.83263397,6.00000000,0.27392578,-0.32709962,0.07254080,1.24275124,-0.15878017,0.07000000,0.00549451,0.06576937,0.23999999,-0.23999999,-0.01229746,1.21998513,-1.47305787,1.27724969,0.38251638,0.00122106,0.19784793,
6246,-1.82061923,-1.17185485,4.01196814,6.00000000,0.25136718,-0.35771483,-0.13107310,1.17797267,-0.01153616,0.07000000,0.00549451,-0.11182985,0.23999999,-0.23999999,-0.01229746,3.62155819,-3.23060465,1.18757713,0.43596327,0.00122106,0.35223669,
6253,3.71477509,-0.69660586,8.28801250,5.00000000,0.29326171,-0.40283203,-0.06859567,0.87031823,0.25075585,0.07000000,0.00549451,-0.15978138,0.15472384,-0.17782250,-0.01229746,5.26216793,-4.76125813,0.87568426,-0.14232516,0.00122106,0.44856119,
6262,7.45571518,-1.06651008,15.67651844,6.00000000,0.20947266,-0.33515626,-0.78042114,-0.09898277,0.51831424,0.07000000,0.00549451,-0.23310712,-0.23999999,0.23999999,-0.01229746,6.46644497,-5.80845547,-0.10669184,-0.59229803,0.00122106,0.46336067,
6270,9.31002426,1.63295233,20.53136063,6.00000000,-0.18369141,0.19819336,-0.58245623,-1.17500472,0.50976586,0.07000000,0.00549451,-0.24301666,-0.23999999,0.23999999,-0.01229746,5.49604177,-4.72460651,-1.17540812,-0.77467728,0.00122106,0.30193913,
6278,3.67048240,0.38557330,20.53136063,6.00000000,-0.25136718,0.34804687,-0.13305402,-1.60081494,0.33143297,0.07000000,0.00366300,0.02605966,-0.23999999,0.23999999,-0.01229746,3.11541271,-3.19569802,-1.58418810,-0.50760770,0.00122106,0.12187739,
6286,2.81455517,0.61900795,18.57589722,6.00000000,-0.26909178,0.31259766,0.03630312,-0.92474061,-0.08452242,0.07000000,0.00366300,-0.00518565,-0.23999999,0.23999999,-0.01229746,0.61086524,-0.58293998,-0.90522218,-0.43869787,0.00122106,-0.02429824,
6294,-2.94230270,-0.03820041,9.60362625,6.00000000,-0.29809570,0.34482422,0.38059980,-0.39715558,-0.24113733,0.07000000,0.00366300,-0.17273501,-0.02521800,0.00129121,-0.01229746,-0.95294976,1.47305787,-0.39894831,0.06646013,0.00122106,-0.12103986,
6302,-2.59394646,-0.70139426,0.43981904,6.00000000,-0.06284180,0.05478515,0.43443173,0.25967640,-0.29461947,0.07000000,0.00366300,-0.22516070,0.21398361,-0.23999999,-0.01229746,-1.88495564,2.60752177,0.25554797,0.17117229,0.00122106,-0.15226503,
6310,-2.36170888,-0.96954489,-5.29668808,6.00000000,0.18691406,-0.28681642,0.63497388,0.86362511,-0.27777898,0.07000000,0.00366300,-0.03832017,0.23999999,-0.23999999,-0.01229746,-1.12224674,1.23743844,0.87025678,0.41008282,0.00122106,-0.02149445,
6318,-2.11271191,-0.49429584,-4.95790863,6.00000000,0.25781250,-0.32387695,0.31619853,1.10238183,-0.23509856,0.07000000,0.00366300,0.10362826,0.23999999,-0.23999999,-0.01229746,1.05243349,-1.36659288,1.11962628,0.49785089,0.00122106,0.17640908,
6325,-0.97307181,-1.73090100,0.97013474,5.00000000,0.26586914,-0.34160155,0.11089983,1.05690026,-0.17163035,0.07000000,0.00366300,0.08307517,0.23999999,-0.23999999,-0.01229746,2.99498510,-3.25852966,1.06923914,0.37689614,0.00122106,0.31960177,
6334,2.41831493,-0.51105523,7.05499840,6.00000000,0.29487306,-0.37221679,-0.20542428,0.77300847,0.12148938,0.07000000,0.00366300,-0.09981117,0.23999999,-0.23999999,-0.01229746,5.19584560,-4.89564848,0.77769601,0.00870466,0.00122106,0.44236371,
6342,5.15249300,-2.11995888,12.94952297,6.00000000,0.31098634,-0.37866211,-0.64694732,0.07564037,0.39689568,0.07000000,0.00366300,-0.16623443,-0.21635571,0.19215436,-0.01229746,6.74569750,-6.19417334,0.09964228,-0.33105391,0.00122106,0.49951753,
6350,9.94927597,1.03559911,18.58786774,6.00000000,-0.13535157,0.15629883,-0.75546277,-0.97763002,0.52219868,0.07000000,0.00366300,-0.14477582,-0.23999999,0.23999999,-0.01229746,6.17846537,-5.72118902,-0.98030472,-0.80763781,0.00122106,0.38011450,
6358,4.90828466,1.72991753,20.53136063,6.00000000,-0.26425782,0.35288087,-0.33431023,-1.57437420,0.33459339,0.07000000,0.00366300,-0.03594746,-0.23999999,0.23999999,-0.01229746,4.29874611,-4.17657280,-1.56040502,-0.54702151,0.00122106,0.20542221,
6366,3.36761594,0.55556160,20.53136063,6.00000000,-0.23525390,0.32709962,0.09484214,-0.97679716,-0.05284718,0.07000000,0.00366300,0.14292707,-0.23999999,0.23999999,-0.01229746,1.36484742,-1.82910514,-0.92399448,-0.46216255,0.00122106,0.04841670,
6374,-2.31502175,0.38677040,12.98543549,6.00000000,-0.28681642,0.34482422,0.29253289,-0.46587101,-0.24649887,0.07000000,0.00366300,0.01852693,-0.14292981,0.14486288,-0.01229746,-0.30717796,0.24609143,-0.46196356,-0.04190037,0.00122106,-0.05382430,
6382,-2.27432036,-0.54816538,2.21631670,6.00000000,-0.19658203,0.23364258,0.35164315,0.39941978,-0.34156826,0.07000000,0.00366300,-0.08137788,0.06092093,-0.07205254,-0.01229746,-1.76976395,2.02458191,0.39369661,0.02444787,0.00122106,-0.11646907,
6390,-3.16137218,0.15333574,-1.91966677,6.00000000,0.01289062,-0.04833984,0.52432311,1.06635451,-0.30967054,0.07000000,0.00366300,-0.15836085,0.23999999,-0.23999999,-0.01229746,-1.69471467,2.20609617,1.07236052,0.26380545,0.00122106,-0.06651932,
6397,-3.51212263,-2.19537616,-3.36696172,5.00000000,0.23203126,-0.28681642,0.37123641,1.40203333,-0.28154412,0.07000000,0.00366300,0.05603854,0.23999999,-0.23999999,-0.01229746,-0.62133718,0.46425760,1.42281580,0.51618069,0.00122106,0.06807323,
6406,-0.73125744,-0.58647257,-1.29717433,6.00000000,0.27392578,-0.33676758,0.12533897,1.52023911,-0.23279293,0.07000000,0.00366300,0.08382766,0.23999999,-0.23999999,-0.01229746,1.62664676,-1.90066361,1.54200184,0.38020203,0.00122106,0.24945061,
6414,1.20924306,-1.59682572,4.52312994,6.00000000,0.27714843,-0.35449219,-0.09971391,1.32194173,-0.06410970,0.07000000,0.00366300,0.04765714,0.23999999,-0.23999999,-0.01229746,3.71231532,-3.84321499,1.33276749,0.13634008,0.00122106,0.38928619,
6422,3.96856046,-1.99785447,11.11436749,6.00000000,0.28037110,-0.35771483,-0.52836275,0.70001161,0.14462605,0.07000000,0.00366300,0.01149730,0.15592061,-0.15557331,-0.01229746,5.37037849,-5.41924715,0.69632345,-0.13326088,0.00122106,0.46599552,
6430,8.08898163,-0.09446415,15.63701439,6.00000000,0.21752930,-0.27070314,-0.64654368,-0.24418969,0.31978202,0.07000000,0.00366300,0.04419518,-0.23999999,0.23999999,-0.01229746,6.41932058,-6.52404070,-0.25526422,-0.51699477,0.00122106,0.47425753,
6438,9.62007332,1.79216683,20.53136063,6.00000000,-0.16918945,0.20463867,-0.43418583,-1.44154811,0.21186915,0.07000000,0.00366300,0.04618682,-0.23999999,0.23999999,-0.01229746,5.28834772,-5.42099285,-1.43540251,-0.58394444,0.00122106,0.29996336,
6446,3.35205364,0.16051833,20.53136063,6.00000000,-0.28520507,0.35610351,0.17299771,-1.90163231,0.07008177,0.07000000,0.00366300,0.08359839,-0.23999999,0.23999999,-0.01229746,3.43829870,-3.70707917,-1.87939310,-0.45669222,0.00122106,0.12600636,
6454,2.23276424,-1.18981147,16.60546875,6.00000000,-0.25942382,0.30454102,0.19383962,-1.19400966,-0.19286579,0.07000000,0.00366300,0.01321231,-0.23999999,0.23999999,-0.01229746,1.00880027,-1.05068827,-1.17704225,-0.44441083,0.00122106,-0.01239032,
6462,-1.99419880,-0.93363184,7.40694618,6.00000000,-0.28198242,0.32709962,0.26459694,-0.59211147,-0.23362511,0.07000000,0.00366300,-0.21644896,-0.22633061,0.19636716,-0.01229746,-0.73478359,1.43989658,-0.59782380,-0.05166286,0.00122106,-0.12400775,
6469,-3.30143309,0.51007175,1.44658089,5.00000000,-0.29487306,0.29165038,0.30333772,0.23650509,-0.24102388,0.07000000,0.00366300,-0.36436182,0.22279674,-0.23999999,-0.01229746,-2.17642546,3.35801339,0.22880518,0.20066324,0.00122106,-0.19290385,
6478,-3.16137218,-1.60640252,-2.47871280,6.00000000,0.20302734,-0.25942382,0.44692016,0.89560711,-0.18377864,0.07000000,0.00366300,-0.29512250,0.23999999,-0.23999999,-0.01229746,-2.19562435,3.15031934,0.90360701,0.38329720,0.00122106,-0.13453278,
6486,-1.55246866,-0.16509309,-4.47188568,6.00000000,0.23847656,-0.29326171,0.20644522,1.22780406,-0.19019008,0.07000000,0.00366300,-0.10025719,0.23999999,-0.23999999,-0.01229746,0.16929694,0.15707964,1.24630547,0.45694447,0.00122106,0.09748596,
6494,-0.71689224,-0.63555372,2.37074280,6.00000000,0.26425782,-0.34482422,0.12522446,1.22018659,-0.09221250,0.07000000,0.00366300,-0.06330088,0.23999999,-0.23999999,-0.01229746,2.54469013,-2.34921336,1.23377073,0.34008729,0.00122106,0.28289583,
6502,3.64175200,-0.16509309,6.11407709,6.00000000,0.27553710,-0.36738282,-0.10255489,1.03418410,0.14840382,0.07000000,0.00366300,-0.13122168,0.17243023,-0.19120665,-0.01229746,4.41742849,-3.97062397,1.02730930,-0.13368598,0.00122106,0.39756262,
6510,6.18678856,-1.50345182,12.33541012,6.00000000,0.23525390,-0.33837891,-0.60313463,0.32976305,0.33776334,0.07000000,0.00366300,-0.11260293,-0.23999999,0.23999999,-0.01229746,5.57283592,-5.20108128,0.32501203,-0.45241988,0.00122106,0.43397623,
6518,8.61091805,1.95018411,20.53136063,6.00000000,-0.17724609,0.21752930,-0.67958319,-0.65305823,0.47686267,0.07000000,0.00366300,-0.17361844,-0.23999999,0.23999999,-0.01229746,4.84677935,-4.28129292,-0.66046369,-0.61061823,0.00122106,0.29672545,
6526,4.17326450,0.71118474,20.53136063,6.00000000,-0.26425782,0.35610351,-0.16281730,-1.02876186,0.32948834,0.07000000,0.00366300,-0.01757358,-0.23999999,0.23999999,-0.01229746,2.66337252,-2.59355927,-1.01933038,-0.57358003,0.00122106,0.12031873,
6534,2.43507433,1.08348310,18.87038422,6.00000000,-0.27070314,0.33193359,0.11072160,-0.46392599,-0.02819508,0.07000000,0.00366300,0.03113452,-0.23999999,0.23999999,-0.01229746,0.08377581,-0.17627826,-0.45217228,-0.37063491,0.00122106,-0.02464465,
6541,-1.17298770,0.25030088,10.70017052,5.00000000,-0.29487306,0.35932618,0.31971988,-0.02171852,-0.17462409,0.07000000,0.00366300,-0.14882317,-0.21077965,0.19027735,-0.01229746,-1.30550635,1.78372645,-0.02127203,-0.11728367,0.00122106,-0.11809996,
6550,-2.62028265,-0.98750138,2.80289602,6.00000000,-0.25458986,0.26909178,0.39557877,0.66879749,-0.21349123,0.07000000,0.00366300,-0.22191797,0.17475168,-0.20469743,-0.01229746,-2.95484257,3.66170073,0.66933143,0.10690450,0.00122106,-0.20220181,
6558,-3.33854318,-0.42725819,-1.08648455,6.00000000,0.11762695,-0.20463867,0.52741230,1.40905643,-0.13404721,0.07000000,0.00366300,-0.27476841,0.23999999,-0.23999999,-0.01229746,-2.89899206,3.78910995,1.41889679,0.33238202,0.00122106,-0.14649555,
6566,-2.47064495,-2.01820517,-3.91403675,6.00000000,0.23847656,-0.30615234,0.27261734,1.68252814,-0.08202399,0.07000000,0.00366300,-0.06454329,0.23999999,-0.23999999,-0.01229746,-0.85172069,1.05766952,1.71279383,0.51635474,0.00122106,0.06011750,
6574,-1.34896147,-0.78638846,0.45777556,6.00000000,0.28037110,-0.35771483,0.08242328,1.67298961,-0.02971666,0.07000000,0.00366300,0.00239143,0.23999999,-0.23999999,-0.01229746,1.15191734,-1.15715337,1.70234489,0.42833370,0.00122106,0.21717635,
6582,1.89159048,-2.00024867,5.51193523,6.00000000,0.27231446,-0.35126954,-0.27778068,1.39673746,0.12956904,0.07000000,0.00366300,-0.02463767,0.23999999,-0.23999999,-0.01229746,3.19569802,-3.09795952,1.42507017,0.05951750,0.00122106,0.34409145,
6590,3.62379551,-1.21135926,12.55567646,6.00000000,0.28359374,-0.38349611,-0.59432310,0.72761595,0.31016281,0.07000000,0.00366300,-0.01970615,0.14931323,-0.15311569,-0.01229746,4.86423302,-4.77172995,0.70292163,-0.12385744,0.00122106,0.42344758,
6598,7.98962212,1.33846557,17.99650002,6.00000000,0.22397462,-0.27714843,-0.58248168,-0.28835291,0.38053763,0.07000000,0.00366300,0.16775008,-0.23999999,0.23999999,-0.01229746,5.47858858,-6.02138615,-0.31211132,-0.50696015,0.00122106,0.41343391,
6606,8.56423092,1.78737843,20.53136063,6.00000000,-0.15952149,0.22558594,-0.12463108,-1.44745851,0.20069429,0.07000000,0.00366300,0.20893751,-0.23999999,0.23999999,-0.01229746,4.29874611,-4.97418833,-1.43870711,-0.47276908,0.00122106,0.24359730,
6613,2.35127735,-1.48549533,20.53136063,5.00000000,-0.27392578,0.33999023,0.30964792,-1.86230004,0.04930354,0.07000000,0.00366300,0.26890483,-0.23999999,0.23999999,-0.01229746,2.58308721,-3.45575190,-1.84263062,-0.45315376,0.00122106,0.09069157,
6622,1.29782856,-1.34663165,15.18091869,6.00000000,-0.26586914,0.32065430,0.26722583,-1.04439163,-0.16920651,0.07000000,0.00366300,0.07961600,-0.23999999,0.23999999,-0.01229746,0.22863814,-0.49043754,-1.03396761,-0.43291497,0.00122106,-0.05490810,
6630,-3.70126462,-1.43641424,7.39976358,6.00000000,-0.29326171,0.33032227,0.17879654,-0.39105645,-0.16141911,0.07000000,0.00366300,-0.07489128,0.01923238,-0.02976846,-0.01229746,-1.46782184,1.71391332,-0.39787203,0.10351747,0.00122106,-0.15193847,
6638,-3.58993435,0.38317910,0.01125694,6.00000000,-0.03061523,0.01450195,0.41861704,0.54609019,-0.15148328,0.07000000,0.00366300,-0.31228495,0.23999999,-0.23999999,-0.01229746,-2.03330851,3.05781674,0.54046875,0.24816394,0.00122106,-0.15319045,
6646,-2.96504760,-1.86856759,-4.77355528,6.00000000,0.22558594,-0.28359374,0.38379067,1.02253962,-0.05939331,0.07000000,0.00366300,-0.12614931,0.23999999,-0.23999999,-0.01229746,-1.05243349,1.46258593,1.03760552,0.49577945,0.00122106,-0.01562566,
6654,-1.43275857,0.25628641,-3.82664847,6.00000000,0.26264650,-0.32709962,0.16695745,1.20086527,-0.07314308,0.07000000,0.00366300,-0.05410199,0.23999999,-0.23999999,-0.01229746,1.27059972,-1.11002934,1.22018528,0.47366834,0.00122106,0.18570553,
6662,-0.28952724,-0.82948405,1.58903587,6.00000000,0.27231446,-0.34804687,-0.03260294,1.09474492,0.03808055,0.07000000,0.00366300,-0.00719168,0.23999999,-0.23999999,-0.01229746,3.11366725,-3.07527018,1.15028691,0.29977566,0.00122106,0.32164046,
6670,3.70280409,0.20241687,8.07133675,6.00000000,0.27392578,-0.36738282,-0.25937214,0.65201807,0.23118450,0.07000000,0.00366300,-0.05161763,0.11215838,-0.12031166,-0.01229746,4.90262985,-4.70366240,0.64675057,-0.13946131,0.00122106,0.41462037,
6678,7.16003132,-0.52901173,14.79545212,6.00000000,0.15952149,-0.23203126,-0.50878412,-0.06642726,0.42098385,0.07000000,0.00366300,-0.11954303,-0.23999999,0.23999999,-0.01229746,5.83987188,-5.45415401,-0.05009311,-0.47608578,0.00122106,0.42692035,
6685,8.81322765,0.99729180,20.53136063,5.00000000,-0.17402343,0.22880860,-0.47746560,-1.07436585,0.42794809,0.07000000,0.00366300,-0.16076639,-0.23999999,0.23999999,-0.01229746,4.81187296,-4.28827381,-1.07389975,-0.69636387,0.00122106,0.26421604,
6694,2.33691192,0.13657631,20.53136063,6.00000000,-0.24008790,0.35288087,-0.17580815,-1.30106783,0.21562085,0.07000000,0.00366300,0.04289685,-0.23999999,0.23999999,-0.01229746,2.46789551,-2.60228610,-1.28569627,-0.34753877,0.00122106,0.09457429,
6702,2.43387723,2.33684778,16.75151443,6.00000000,-0.27231446,0.32548827,0.11689413,-0.76880527,-0.05817287,0.07000000,0.00366300,-0.07304078,-0.23999999,0.23999999,-0.01229746,0.15009832,0.07155850,-0.75435400,-0.43875322,0.00122106,-0.05198680,
6710,-3.03807068,-0.57569867,7.71220684,6.00000000,-0.28037110,0.35771483,0.33275920,-0.13002434,-0.17449486,0.07000000,0.00366300,-0.10799724,0.04968374,-0.06461504,-0.01229746,-1.63537347,1.98793006,-0.13367504,0.09293556,0.00122106,-0.14727747,
6718,-4.04243851,1.85321891,2.40904999,6.00000000,-0.01772461,-0.02739258,0.35592264,0.48958686,-0.20543733,0.07000000,0.00366300,-0.18719858,0.23999999,-0.23999999,-0.01229746,-2.16246295,2.76285625,0.48709375,0.28466308,0.00122106,-0.14967434,
6726,-2.76992011,-1.79195321,-5.55047369,6.00000000,0.22880860,-0.28359374,0.65365386,1.03552294,-0.13957717,0.07000000,0.00366300,-0.08247147,0.23999999,-0.23999999,-0.01229746,-0.84124869,1.11002934,1.04796267,0.51957583,0.00122106,0.00483671,
6734,-1.52732956,-1.04376507,-4.47787142,6.00000000,0.24975586,-0.33837891,0.20835453,1.17129219,-0.12055942,0.07000000,0.00366300,-0.00323743,0.23999999,-0.23999999,-0.01229746,1.42244339,-1.39451814,1.19234276,0.48948163,0.00122106,0.19544548,
6742,-0.68457049,-2.91363668,0.75345945,6.00000000,0.28842774,-0.34321290,-0.00235805,1.07161522,-0.02000010,0.07000000,0.00366300,-0.02250776,0.23999999,-0.23999999,-0.01229746,3.39641094,-3.35452271,1.07609653,0.34391263,0.00122106,0.34188974,
6750,2.36803675,-1.46634173,6.84789991,6.00000000,0.28520507,-0.38510743,-0.43937212,0.71822137,0.15373342,0.07000000,0.00366300,-0.05274360,0.23999999,-0.23999999,-0.01229746,5.29358339,-5.12603235,0.72982067,-0.00738195,0.00122106,0.45044804,
6757,4.46296310,-1.33944905,14.13465309,5.00000000,0.29165038,-0.38994139,-0.65123016,0.12720805,0.33152539,0.07000000,0.00366300,-0.08945893,-0.05085617,0.03705956,-0.01229746,6.89754152,-6.59385347,0.10671502,-0.22281274,0.00122106,0.52220351,
6766,10.24855137,1.13256419,20.09262276,6.00000000,0.04028320,-0.02094727,-0.60511231,-1.18530679,0.31884876,0.07000000,0.00366300,0.10770807,-0.23999999,0.23999999,-0.01229746,6.40535831,-6.76140547,-1.18718696,-0.75008667,0.00122106,0.41117522,
6774,6.46331882,1.58626544,20.53136063,6.00000000,-0.20463867,0.31582031,0.00860109,-2.06626105,0.12778123,0.07000000,0.00366300,0.11694949,-0.23999999,0.23999999,-0.01229746,4.93928194,-5.32325411,-2.04575634,-0.42448393,0.00122106,0.23506664,
6782,1.59231532,-2.17023706,20.53136063,6.00000000,-0.25781250,0.34321290,0.13445616,-1.85327780,-0.17920941,0.07000000,0.00366300,0.19099681,-0.23999999,0.23999999,-0.01229746,2.58308721,-3.21664190,-1.82395840,-0.36999097,0.00122106,0.08251864,
6790,-0.23206639,-0.00707579,12.18696976,6.00000000,-0.26748046,0.33515626,0.17924677,-1.21533215,-0.25799337,0.07000000,0.00366300,-0.02152747,-0.23999999,0.23999999,-0.01229746,0.76794487,-0.70860362,-1.20993710,-0.26190323,0.00122106,-0.03350362,
6798,-2.85371733,-0.70498556,3.93774772,6.00000000,-0.28359374,0.34965819,0.20747343,-0.43537912,-0.31197193,0.07000000,0.00366300,-0.08615784,-0.05106944,0.03895601,-0.01229746,-1.24441981,1.49225652,-0.41546446,0.05023596,0.00122106,-0.13612735,
6806,-2.73879552,-0.29198578,-3.01142263,6.00000000,-0.09506836,0.07089844,0.48285115,0.40018195,-0.27118242,0.07000000,0.00366300,-0.19730942,0.23467579,-0.23999999,-0.01229746,-2.29685330,2.92168117,0.39268196,0.17275518,0.00122106,-0.16804588,
6814,-3.02969098,-1.63992131,-4.37731457,6.00000000,0.20786133,-0.25781250,0.27879524,0.90529174,-0.24737857,0.07000000,0.00366300,-0.11984244,0.23999999,-0.23999999,-0.01229746,-1.40499008,1.79943442,0.91526175,0.38009846,0.00122106,-0.05131496,
6822,-1.70210624,1.00806570,-3.29274130,6.00000000,0.25620118,-0.30937499,0.17682587,1.14679587,-0.24612243,0.07000000,0.00366300,0.03566971,0.23999999,-0.23999999,-0.01229746,0.84299403,-0.97563910,1.16308892,0.45103645,0.00122106,0.16024299,
6829,-1.94631481,-0.50626683,5.68192387,5.00000000,0.23847656,-0.37866211,-0.09679653,1.12205946,-0.11961092,0.07000000,0.00366300,-0.06245627,0.23999999,-0.23999999,-0.01229746,3.33706951,-3.12937546,1.12809038,0.44805810,0.00122106,0.32976961,
6838,4.10383272,0.30297333,10.26083469,6.00000000,0.27875978,-0.38671875,-0.04919564,0.77015829,0.24020508,0.07000000,0.00366300,-0.19669382,0.04768269,-0.07558320,-0.01229746,5.25693178,-4.60766935,0.73885179,-0.19596076,0.00122106,0.43183139,
6846,7.69513559,-3.14587426,15.11148739,6.00000000,0.08862305,-0.17241211,-0.59995037,-0.18460041,0.43134281,0.07000000,0.00366300,-0.26597244,-0.23999999,0.23999999,-0.01229746,5.95855379,-5.07367229,-0.18787813,-0.62926078,0.00122106,0.40590966,
6854,7.54310369,1.52401626,20.53136063,6.00000000,-0.21914062,0.27553710,-0.69142300,-1.15975010,0.48094153,0.07000000,0.00366300,-0.31767753,-0.23999999,0.23999999,-0.01229746,5.07367229,-4.00902128,-1.15841866,-0.76786637,0.00122106,0.26040083,
6862,3.33768845,0.34008345,20.53136063,6.00000000,-0.24169922,0.33837891,-0.33331388,-1.26336133,0.25561824,0.07000000,0.00366300,-0.08043277,-0.23999999,0.23999999,-0.01229746,2.61275792,-2.34746790,-1.24629605,-0.54878521,0.00122106,0.09465320,
6870,1.38042843,2.55352283,16.43069267,6.00000000,-0.27070314,0.32871094,0.02407347,-0.68510598,-0.07919983,0.07000000,0.00366300,-0.16141810,-0.23999999,0.23999999,-0.01229746,0.30019665,0.21293017,-0.67677337,-0.28563875,0.00122106,-0.05029711,
6878,-2.60112906,0.15213862,6.18231201,6.00000000,-0.27875978,0.33837891,0.51280105,-0.05435548,-0.22255886,0.07000000,0.00366300,-0.29447788,0.06178454,-0.10207121,-0.01229746,-1.38928211,2.33001447,-0.05901664,0.10148120,0.00122106,-0.14664185,
6886,-4.00053978,0.64055580,2.20195150,6.00000000,0.00644531,-0.06284180,0.52089345,0.58718413,-0.24062616,0.07000000,0.00366300,-0.25075009,0.23999999,-0.23999999,-0.01229746,-2.06123376,2.87455726,0.58522952,0.37315589,0.00122106,-0.14298993,
6894,-2.59753776,-2.43958473,-4.91840458,6.00000000,0.22236328,-0.29970703,0.66953939,1.09745646,-0.18274090,0.07000000,0.00366300,-0.14275259,0.23999999,-0.23999999,-0.01229746,-0.64926249,1.08035886,1.11318016,0.57754958,0.00122106,0.01813281,
6901,-1.33459628,-1.30473316,-3.73686576,5.00000000,0.24975586,-0.33515626,0.24347532,1.20571399,-0.14122070,0.07000000,0.00366300,-0.06833708,0.23999999,-0.23999999,-0.01229746,1.53938031,-1.33517683,1.22795463,0.49464971,0.00122106,0.20460665,
6910,-0.15664904,-3.32663655,1.64889085,6.00000000,0.28037110,-0.34482422,-0.14731987,1.07491159,-0.01949043,0.07000000,0.00549451,-0.05476457,0.23999999,-0.23999999,-0.01229746,3.59712362,-3.37721205,1.09657526,0.27859771,0.00122106,0.34875166,
6918,2.31057572,-0.93243474,7.98634291,6.00000000,0.29487306,-0.36899415,-0.51852679,0.68582660,0.19854861,0.07000000,0.00549451,-0.09815039,0.23999999,-0.23999999,-0.01229746,5.59203482,-5.23075199,0.65462780,-0.01803371,0.00122106,0.46532056,
6926,6.90864038,-0.86180580,13.57800102,6.00000000,0.31904298,-0.36416015,-0.73780161,0.01268990,0.35938612,0.07000000,0.00366300,-0.04829754,-0.23999999,0.23999999,-0.01229746,6.97084475,-6.80852938,0.05674314,-0.50499541,0.00122106,0.52687645,
6934,10.18390846,2.11777830,20.01481247,6.00000000,-0.14985351,0.21752930,-0.63627577,-1.14690793,0.25219178,0.07000000,0.00366300,0.16425557,-0.23999999,0.23999999,-0.01229746,5.88874102,-6.42281151,-1.14760232,-0.61235595,0.00122106,0.38282675,
6942,4.00447369,0.65851229,20.53136063,6.00000000,-0.25297850,0.36254883,0.02355939,-1.64436758,-0.00794247,0.07000000,0.00366300,0.03196724,-0.23999999,0.23999999,-0.01229746,4.06836271,-4.17831802,-1.62491024,-0.51056665,0.00122106,0.19256791,
6950,2.24353814,-1.51183152,18.37957191,6.00000000,-0.25620118,0.33032227,0.42275375,-1.03428733,-0.28340325,0.07000000,0.00366300,0.06298079,-0.23999999,0.23999999,-0.01229746,1.45385933,-1.65108144,-1.01615179,-0.42244959,0.00122106,0.04014005,
6958,-1.40881658,-1.49267793,9.36061478,6.00000000,-0.28198242,0.33354491,0.20119639,-0.40771267,-0.37535846,0.07000000,0.00366300,-0.13167661,-0.23999999,0.23999999,-0.01229746,-0.30892330,0.73303831,-0.41134286,-0.11895430,0.00122106,-0.07415021,
6966,-4.06518316,0.08869229,4.40222263,6.00000000,-0.30937499,0.34643555,0.27112353,0.28238922,-0.37122461,0.07000000,0.00366300,-0.36855111,0.23999999,-0.23999999,-0.01229746,-1.84830368,3.02989173,0.27971619,0.23148724,0.00122106,-0.16560416,
6973,-2.87167382,-1.24966645,-2.31590700,5.00000000,0.20463867,-0.24331054,0.36701879,1.06409299,-0.28531423,0.07000000,0.00366300,-0.35842556,0.23999999,-0.23999999,-0.01229746,-2.13628292,3.29343629,1.07188952,0.31978762,0.00122106,-0.12511735,
6982,-2.99736929,-0.59245813,-6.07121229,6.00000000,0.24653320,-0.29970703,0.17593996,1.42088163,-0.30301261,0.07000000,0.00366300,-0.16850568,0.23999999,-0.23999999,-0.01229746,0.21118484,0.32114059,1.44639885,0.55733067,0.00122106,0.10921311,
6990,-1.35853827,0.53521091,0.26384524,6.00000000,0.26425782,-0.36093751,0.11002317,1.40320182,-0.27361971,0.07000000,0.00366300,-0.12591204,0.23999999,-0.23999999,-0.01229746,2.43997025,-2.04552579,1.42156613,0.43850738,0.00122106,0.27656794,
6998,1.52647471,-1.19579697,5.36708593,6.00000000,0.29165038,-0.35449219,0.00296399,1.22960794,-0.10471535,0.07000000,0.00549451,-0.17017068,0.23999999,-0.23999999,-0.01229746,4.35285091,-3.82576156,1.24107075,0.08617979,0.00122106,0.40977722,
7006,4.26424456,-0.68463486,11.86016083,6.00000000,0.29648438,-0.36416015,-0.46615195,0.56796283,0.13165872,0.07000000,0.00549451,-0.22398809,-0.04551756,0.01347485,-0.01229746,6.02662182,-5.30754614,0.56517476,-0.25418562,0.00122106,0.47485626,
7014,8.53430271,0.05158216,17.12860107,6.00000000,0.03706055,-0.05156250,-0.64512205,-0.36299384,0.33572492,0.07000000,0.00549451,-0.23383552,-0.23999999,0.23999999,-0.01229746,6.30412960,-5.57458162,-0.37123924,-0.70096135,0.00122106,0.42230320,
7022,6.74463749,1.54077566,20.53136063,6.00000000,-0.20786133,0.28198242,-0.46516025,-1.26878738,0.24379674,0.07000000,0.00549451,-0.27132803,-0.23999999,0.23999999,-0.01229746,4.83979797,-3.98458672,-1.26429176,-0.64192659,0.00122106,0.24089262,
7030,2.24114394,0.20002267,20.53136063,6.00000000,-0.26748046,0.33837891,0.07364134,-1.21454740,-0.00651428,0.07000000,0.00549451,-0.02501138,-0.23999999,0.23999999,-0.01229746,2.38586497,-2.31081581,-1.19670188,-0.31567037,0.00122106,0.09127894,
7038,0.75195050,1.18284249,12.81544781,6.00000000,-0.27392578,0.31904298,0.15683295,-0.56639814,-0.23405305,0.07000000,0.00549451,-0.27493832,-0.23999999,0.23999999,-0.01229746,0.37350047,0.50963616,-0.56199783,-0.28378272,0.00122106,-0.04884800,
7045,-3.50134873,-0.31473070,5.04147482,5.00000000,-0.29487306,0.35610351,0.36833978,0.06742047,-0.28887850,0.07000000,0.00549451,-0.35392916,0.21897197,-0.23999999,-0.01229746,-1.30027032,2.43298888,0.06360507,0.20061091,0.00122106,-0.13798286,
7054,-3.48698354,0.69322819,-0.33111390,6.00000000,0.16757813,-0.26586914,0.48407561,0.83463985,-0.27126902,0.07000000,0.00549451,-0.36360276,0.23999999,-0.23999999,-0.01229746,-1.11177480,2.28638124,0.83339250,0.38477248,0.00122106,-0.06667953,
7062,-2.47902465,-2.13552117,-6.06881809,6.00000000,0.24008790,-0.31904298,0.42360097,1.11959481,-0.21991058,0.07000000,0.00549451,-0.14406578,0.23999999,-0.23999999,-0.01229746,0.91804314,-0.46251225,1.14395380,0.60413694,0.00122106,0.14212787,
7070,-0.52415901,0.08390388,-2.13155365,6.00000000,0.26909178,-0.33837891,0.21527922,1.15387976,-0.20503166,0.07000000,0.00549451,-0.15738711,0.23999999,-0.23999999,-0.01229746,3.07177949,-2.55341673,1.17316282,0.40128088,0.00122106,0.30207890,
7078,0.34493622,-2.30431223,3.89345503,6.00000000,0.26103514,-0.37382811,-0.18366230,0.95884562,-0.07133979,0.07000000,0.00549451,-0.13688211,0.23999999,-0.23999999,-0.01229746,4.96895266,-4.52214813,0.97130692,0.18462114,0.00122106,0.43556121,
7086,2.91391468,-0.28240898,10.67862225,6.00000000,0.28198242,-0.38027343,-0.46183312,0.48526973,0.15628816,0.07000000,0.00549451,-0.13038352,0.16578361,-0.18522954,-0.01229746,6.62526989,-6.18544674,0.48429975,-0.11082797,0.00122106,0.52351600,
7094,7.81963396,-0.61400592,15.31379700,6.00000000,0.24492188,-0.31904298,-0.68509728,-0.29056093,0.28839979,0.07000000,0.00549451,-0.05019347,-0.23999999,0.23999999,-0.01229746,7.66548634,-7.52935028,-0.29487577,-0.60024202,0.00122106,0.55758333,
7102,9.57458401,2.19199848,20.53136063,6.00000000,-0.16757813,0.22558594,-0.45905760,-1.35382819,0.15201418,0.07000000,0.00549451,0.01540238,-0.23999999,0.23999999,-0.01229746,6.49611568,-6.54498482,-1.31071484,-0.56251472,0.00122106,0.39583546,
7110,3.83089399,-0.51225233,20.53136063,6.00000000,-0.24975586,0.36899415,0.18174680,-1.75809896,-0.03444330,0.07000000,0.00549451,-0.01676569,-0.23999999,0.23999999,-0.01229746,4.35983229,-4.30747271,-1.73739147,-0.51282221,0.00122106,0.19855821,
7117,0.65977377,-1.25445485,18.37119293,5.00000000,-0.27392578,0.32871094,0.28789109,-1.12196672,-0.25648862,0.07000000,0.00549451,-0.05036586,-0.23999999,0.23999999,-0.01229746,2.14850020,-1.98269403,-1.10363674,-0.23174304,0.00122106,0.07792909,
7126,-2.19890308,-1.52619672,6.91972589,6.00000000,-0.27070314,0.33354491,0.21805999,-0.42475098,-0.29230902,0.07000000,0.00549451,-0.22720824,-0.10108560,0.06932961,-0.01229746,0.01745329,0.67893308,-0.43514705,-0.00205564,0.00122106,-0.05551202,
7134,-3.96702099,0.42268342,1.04076362,6.00000000,-0.16113281,0.13374023,0.28029567,0.39079484,-0.32777110,0.07000000,0.00549451,-0.32628077,0.23999999,-0.23999999,-0.01229746,-1.13620937,2.19562435,0.38497639,0.27743790,0.00122106,-0.09450187,
7142,-3.18531418,-1.25924325,-3.95713234,6.00000000,0.19819336,-0.25297850,0.43120110,0.87845957,-0.24474549,0.07000000,0.00549451,-0.22492650,0.23999999,-0.23999999,-0.01229746,-0.49916416,1.21125853,0.88840717,0.47606060,0.00122106,0.00217079,
7150,-2.55324483,-0.10164675,-5.14944506,6.00000000,0.24008790,-0.30292970,0.20254850,1.16013074,-0.27734476,0.07000000,0.00549451,-0.12651056,0.23999999,-0.23999999,-0.01229746,1.85703039,-1.44687796,1.17866838,0.58230382,0.00122106,0.21773449,
7158,-2.48022175,-0.11242066,2.33722401,6.00000000,0.28359374,-0.36416015,0.10946654,1.15768147,-0.17749041,0.07000000,0.00549451,-0.16940874,0.23999999,-0.23999999,-0.01229746,4.12072229,-3.61108613,1.16999555,0.54033244,0.00122106,0.38566279,
7166,3.14615226,-1.57527792,7.21660709,6.00000000,0.28681642,-0.37221679,-0.05424369,0.86767977,0.06040791,0.07000000,0.00549451,-0.19375004,0.23999999,-0.23999999,-0.01229746,6.05280161,-5.40004873,0.87628150,-0.07852226,0.00122106,0.50159317,
7174,4.82448769,-1.55971563,13.36371994,6.00000000,0.30615234,-0.39477539,-0.59044856,0.15525407,0.28714523,0.07000000,0.00366300,-0.25804397,-0.20575243,0.16896576,-0.01229746,7.46826363,-6.61654329,0.15137666,-0.34075257,0.00122106,0.54851663,
7182,9.20348263,0.02883724,19.64969635,6.00000000,-0.13051757,0.09184571,-0.62159050,-0.95078433,0.42917517,0.07000000,0.00366300,-0.27058518,-0.23999999,0.23999999,-0.01229746,7.04589462,-6.16624784,-0.95393318,-0.75328749,0.00122106,0.43036163,
7189,4.52162123,1.19361639,20.53136063,5.00000000,-0.26909178,0.32871094,-0.35902813,-1.66957414,0.25983620,0.07000000,0.00366300,-0.16395764,-0.23999999,0.23999999,-0.01229746,5.34594345,-4.81885433,-1.65632892,-0.58602679,0.00122106,0.26254576,
7198,2.42070913,0.88237017,20.53136063,6.00000000,-0.25136718,0.34643555,0.07696860,-1.14478266,-0.03557595,0.07000000,0.00366300,-0.05408885,-0.23999999,0.23999999,-0.01229746,2.44346094,-2.27067351,-1.12194002,-0.34488067,0.00122106,0.09680352,
7206,-1.25199628,0.87638462,9.79875374,6.00000000,-0.28681642,0.34160155,0.21830289,-0.61284262,-0.21925388,0.07000000,0.00366300,-0.21945731,-0.23678848,0.20621108,-0.01229746,0.49043754,0.19896753,-0.61418742,-0.08486325,0.00122106,-0.03622495,
7214,-3.42114305,0.17847484,3.11294532,6.00000000,-0.28842774,0.30292970,0.40880796,0.08488766,-0.24377051,0.07000000,0.00549451,-0.26436979,0.23999999,-0.23999999,-0.01229746,-1.31074226,2.15373635,0.07867503,0.21825236,0.00122106,-0.12746501,
7222,-2.96385050,-0.30156261,-2.98508644,6.00000000,0.20947266,-0.25620118,0.67820990,0.83348358,-0.20465307,0.07000000,0.00549451,-0.28526053,0.23999999,-0.23999999,-0.01229746,-1.30027032,2.22005868,0.83513737,0.39904034,0.00122106,-0.06984065,
7230,-2.50536084,-2.03137326,-6.72722387,6.00000000,0.25620118,-0.30454102,0.30547887,1.14355028,-0.17923123,0.07000000,0.00549451,-0.07773557,0.23999999,-0.23999999,-0.01229746,0.83077669,-0.59864789,1.16633332,0.58376056,0.00122106,0.14198926,
7238,-1.20890069,-1.23889256,-0.03303578,6.00000000,0.23525390,-0.34804687,0.10759103,1.17295873,-0.12220132,0.07000000,0.00549451,-0.07465534,0.23999999,-0.23999999,-0.01229746,3.18173528,-2.93913436,1.18940187,0.43213964,0.00122106,0.32362390,
7246,0.15818849,-1.11678827,5.80642223,6.00000000,0.27070314,-0.37382811,-0.25478950,1.11677921,0.08873843,0.07000000,0.00549451,-0.16525328,0.23999999,-0.23999999,-0.01229746,5.28311205,-4.69668102,1.08847308,0.21456666,0.00122106,0.46398556,
7254,3.19882464,-1.58605182,12.27316093,6.00000000,0.29809570,-0.37543947,-0.56656700,0.58201689,0.33141673,0.07000000,0.00549451,-0.12877962,0.12992370,-0.14917652,-0.01229746,6.91324949,-6.46469927,0.58028919,-0.15873970,0.00122106,0.55469668,
7261,7.76337004,-0.35303792,15.61187553,5.00000000,0.19658203,-0.27070314,-0.85783434,-0.17448156,0.43207216,0.07000000,0.00549451,-0.02148945,-0.23999999,0.23999999,-0.01229746,7.54680347,-7.44033861,-0.18040532,-0.60663694,0.00122106,0.55504233,
7270,7.81484556,3.00123858,20.53136063,6.00000000,-0.16918945,0.24169922,-0.38283589,-1.35067487,0.20911664,0.07000000,0.00549451,-0.01982058,-0.23999999,0.23999999,-0.01229746,6.12261486,-6.04931116,-1.30475652,-0.39348707,0.00122106,0.36007786,
7278,1.48936462,-0.23572205,20.53136063,6.00000000,-0.25297850,0.35771483,0.30717599,-1.67522442,-0.02682780,0.07000000,0.00549451,0.08812444,-0.23999999,0.23999999,-0.01229746,4.03345585,-4.32841635,-1.64340580,-0.32285884,0.00122106,0.19387615,
7286,0.90637654,-1.54774463,14.16577721,6.00000000,-0.27875978,0.32065430,0.34006417,-1.01331151,-0.27297342,0.07000000,0.00549451,-0.07461920,-0.23999999,0.23999999,-0.01229746,1.70518661,-1.46084058,-1.00555325,-0.36109260,0.00122106,0.04701349,
7294,-3.30143309,-1.10481727,6.54742765,6.00000000,-0.28520507,0.33999023,0.32431901,-0.36931583,-0.23339993,0.07000000,0.00549451,-0.23880732,0.05792723,-0.09119543,-0.01229746,-0.19547687,0.93026048,-0.37556088,0.11211234,0.00122106,-0.07319315,
7302,-2.80583310,-1.03418827,-1.51504660,6.00000000,0.00966797,-0.06284180,0.47050613,0.48074120,-0.19622630,0.07000000,0.00366300,-0.35926676,0.23999999,-0.23999999,-0.01229746,-0.75398225,1.91637158,0.47683376,0.25436935,0.00122106,-0.06489706,
7310,-3.36009097,-1.88293278,-5.08719540,6.00000000,0.23686524,-0.28520507,0.37514365,0.80166525,-0.13436089,0.07000000,0.00366300,-0.09325309,0.23999999,-0.23999999,-0.01229746,0.46600291,-0.16406095,0.81612110,0.55948424,0.00122106,0.08433262,
7318,-2.24199867,-0.17826121,-2.93839955,6.00000000,0.25136718,-0.31259766,0.16099183,0.96630150,-0.16784687,0.07000000,0.00366300,-0.01877034,0.23999999,-0.23999999,-0.01229746,2.64242840,-2.63893771,0.98062479,0.56193060,0.00122106,0.27783513,
7326,-2.14263940,-0.42606109,2.75501204,6.00000000,0.28037110,-0.36577147,-0.11237232,0.97289282,-0.02505935,0.07000000,0.00366300,-0.11241888,0.23999999,-0.23999999,-0.01229746,4.83281660,-4.45931625,0.96998590,0.49725068,0.00122106,0.42979389,
7333,3.35923624,0.42627472,7.74572563,5.00000000,0.29487306,-0.38188475,-0.23581325,0.68417251,0.26524675,0.07000000,0.00366300,-0.15685929,0.20536304,-0.22810611,-0.01229746,6.63574219,-6.10865259,0.68860817,-0.11145955,0.00122106,0.53986490,
7342,5.40388441,-1.44958234,13.86889648,6.00000000,0.25620118,-0.35610351,-0.70245427,-0.03545110,0.43601590,0.07000000,0.00366300,-0.14465597,-0.23999999,0.23999999,-0.01229746,7.85921764,-7.38797855,-0.03934079,-0.39171186,0.00122106,0.57671112,
7350,7.88786888,1.78977263,20.53136063,6.00000000,-0.14824219,0.21269532,-0.58788884,-1.09652507,0.41882810,0.07000000,0.00366300,-0.13074210,-0.23999999,0.23999999,-0.01229746,7.02495003,-6.59210873,-1.09778810,-0.52334911,0.00122106,0.43222708,
7358,3.41071153,0.15333574,20.53136063,6.00000000,-0.24169922,0.34482422,-0.08948668,-1.68437612,0.20178573,0.07000000,0.00549451,-0.05497129,-0.23999999,0.23999999,-0.01229746,5.00211382,-4.82932615,-1.66712713,-0.49060664,0.00122106,0.24687478,
7366,2.19206285,1.18763089,19.00805092,6.00000000,-0.26103514,0.33193359,0.15145272,-1.06057835,-0.11949586,0.07000000,0.00549451,-0.08517523,-0.23999999,0.23999999,-0.01229746,2.41728091,-2.13104701,-1.04055071,-0.36667153,0.00122106,0.09388278,
7374,-1.95110321,-0.49070454,9.12598324,6.00000000,-0.26748046,0.33999023,0.29408005,-0.53993028,-0.20507231,0.07000000,0.00366300,-0.27681631,-0.12331572,0.08495858,-0.01229746,0.52010810,0.36128318,-0.54183304,-0.00921115,0.00122106,-0.03449189,
7382,-3.74316311,0.80695277,2.60537457,6.00000000,-0.17080078,0.13696289,0.31559250,0.22879282,-0.23890418,0.07000000,0.00366300,-0.30132121,0.23999999,-0.23999999,-0.01229746,-0.88139129,1.85528505,0.22184289,0.26336271,0.00122106,-0.08973194,
7390,-2.51254344,-1.23410416,-3.85178757,6.00000000,0.19658203,-0.25942382,0.62029082,0.82271159,-0.16585520,0.07000000,0.00366300,-0.20591457,0.23999999,-0.23999999,-0.01229746,-0.35779250,1.02450824,0.82929736,0.44726166,0.00122106,0.00984097,
7398,-1.84096992,-1.72012711,-5.96826172,6.00000000,0.24653320,-0.32387695,0.28212070,1.06935942,-0.17582519,0.07000000,0.00366300,-0.10267835,0.23999999,-0.23999999,-0.01229746,1.82561433,-1.49574709,1.09028852,0.52268404,0.00122106,0.20946831,
7405,-2.22643638,-1.38015044,0.93661588,5.00000000,0.25136718,-0.34321290,0.03749833,1.12320077,-0.11303037,0.07000000,0.00366300,-0.14349088,0.23999999,-0.23999999,-0.01229746,4.02298403,-3.55872631,1.13713574,0.50852084,0.00122106,0.37741354,
7414,2.12861657,-1.09524047,5.99197292,6.00000000,0.27231446,-0.37060547,-0.22633995,0.97193706,0.14915062,0.07000000,0.00366300,-0.24526525,0.23999999,-0.23999999,-0.01229746,6.08072710,-5.29183865,0.98075527,0.01732790,0.00122106,0.50843567,
7422,3.70519829,-1.85659659,12.98783016,6.00000000,0.29648438,-0.38510743,-0.71244806,0.33974308,0.34070122,0.07000000,0.00366300,-0.30976367,-0.08023317,0.03643855,-0.01229746,7.66374063,-6.66192198,0.33732092,-0.27762049,0.00122106,0.57191700,
7430,8.10454369,1.14214098,19.54076004,6.00000000,0.00644531,-0.02578125,-0.67886573,-0.70232683,0.42397365,0.07000000,0.00366300,-0.10343644,-0.23999999,0.23999999,-0.01229746,7.42986679,-7.05811119,-0.71108639,-0.69081354,0.00122106,0.49485254,
7438,6.24544621,2.30572295,20.53136063,6.00000000,-0.21108398,0.29003906,-0.18174209,-1.56730986,0.18679056,0.07000000,0.00366300,-0.06468662,-0.23999999,0.23999999,-0.01229746,5.71595335,-5.51524067,-1.55717468,-0.49839410,0.00122106,0.30910617,
7446,0.43471879,-2.14390087,20.53136063,6.00000000,-0.24653320,0.35771483,0.19363338,-1.48846579,-0.12502587,0.07000000,0.00366300,0.10541616,-0.23999999,0.23999999,-0.01229746,3.33532429,-3.69835258,-1.46615648,-0.18043396,0.00122106,0.15961060,
7454,-0.61513865,0.89673537,11.87332916,6.00000000,-0.28037110,0.32065430,0.21942791,-0.81046706,-0.27947804,0.07000000,0.00366300,-0.08552878,-0.23999999,0.23999999,-0.01229746,1.37531948,-1.09955740,-0.80604023,-0.19458264,0.00122106,0.03296641,
7462,-3.60070825,-0.97433329,4.35074759,6.00000000,-0.28520507,0.33354491,0.30385402,-0.05174688,-0.32409233,0.07000000,0.00366300,-0.17047028,0.18325488,-0.20683266,-0.01229746,-0.58817595,1.14319062,-0.05802393,0.15872991,0.00122106,-0.06883626,
7470,-3.23559237,-0.06932503,-2.75165176,6.00000000,0.14663085,-0.19819336,0.54268801,0.78168684,-0.27741715,0.07000000,0.00366300,-0.21609467,0.23999999,-0.23999999,-0.01229746,-0.82728606,1.52192700,0.78064805,0.30994180,0.00122106,-0.03002540,
7477,-3.40438366,-2.00743127,-6.49378920,5.00000000,0.25458986,-0.29003906,0.44425628,1.07417834,-0.24176367,0.07000000,0.00366300,0.07613848,0.23999999,-0.23999999,-0.01229746,0.69115037,-0.95469511,1.09486866,0.62550902,0.00122106,0.14579667,
7486,-1.20411229,-0.21537134,-2.04895353,6.00000000,0.25781250,-0.35449219,0.18942061,1.10580754,-0.23661624,0.07000000,0.00366300,0.08819312,0.23999999,-0.23999999,-0.01229746,3.06479836,-3.36150432,1.12429869,0.46661860,0.00122106,0.33158863,
7494,-1.41599917,-2.14390087,4.17118263,6.00000000,0.26103514,-0.36093751,-0.04539114,0.95458037,-0.07238803,0.07000000,0.00366300,-0.02822129,0.23999999,-0.23999999,-0.01229746,5.23598766,-5.16442919,0.96120262,0.40206683,0.00122106,0.47022769,
7502,3.49929690,0.00130392,8.83628464,6.00000000,0.27070314,-0.38027343,-0.32162336,0.58118194,0.22752611,0.07000000,0.00366300,-0.14017448,0.18020733,-0.20078498,-0.01229746,7.09825420,-6.66890335,0.59631991,-0.12801936,0.00122106,0.56813186,
7510,7.41261959,-0.88455069,15.49216557,6.00000000,0.25942382,-0.35449219,-0.73651403,-0.15749079,0.43132138,0.07000000,0.00366300,-0.21147466,-0.23999999,0.23999999,-0.01229746,8.38281631,-7.68468428,-0.16344351,-0.57092279,0.00122106,0.60223025,
7518,8.52472591,1.07270920,20.53136063,6.00000000,-0.17241211,0.21914062,-0.59992939,-1.37270021,0.38786578,0.07000000,0.00366300,-0.15621036,-0.23999999,0.23999999,-0.01229746,7.20471907,-6.68461084,-1.37078238,-0.62930441,0.00122106,0.42561853,
7526,2.64097571,0.50049496,20.53136063,6.00000000,-0.26909178,0.36577147,-0.02923139,-1.98029304,0.18548879,0.07000000,0.00366300,0.02187960,-0.23999999,0.23999999,-0.01229746,5.02654839,-5.09112549,-1.96052074,-0.37980694,0.00122106,0.23704952,
7534,1.25832415,0.62020504,17.87439537,6.00000000,-0.25620118,0.31904298,0.05570251,-1.27879977,-0.18516982,0.07000000,0.00549451,-0.02254429,-0.23999999,0.23999999,-0.01229746,2.56912470,-2.49407530,-1.25637877,-0.31984597,0.00122106,0.10027156,
7542,-3.08715200,-0.15072788,8.21498871,6.00000000,-0.26586914,0.33999023,0.31985509,-0.75007230,-0.25471011,0.07000000,0.00549451,-0.14518018,-0.03031475,0.00952765,-0.01229746,0.54803336,-0.09599311,-0.75416344,0.07773444,0.00122106,-0.03287510,
7549,-4.32375717,1.10024250,1.77937496,5.00000000,-0.07089844,0.04672851,0.42092392,0.10542063,-0.34541929,0.07000000,0.00549451,-0.17806602,0.23999999,-0.23999999,-0.01229746,-0.64053583,1.22347581,0.09684157,0.32814035,0.00122106,-0.06203980,
7558,-3.26791406,-1.16706645,-4.70412350,6.00000000,0.23041992,-0.29487306,0.69782668,0.61983645,-0.24051690,0.07000000,0.00366300,-0.09231432,0.23999999,-0.23999999,-0.01229746,0.24434610,0.03316126,0.62324131,0.54727572,0.00122106,0.05527768,
7566,-2.08278441,-0.34226403,-4.90403938,6.00000000,0.25297850,-0.33354491,0.29420283,0.85144341,-0.23306069,0.07000000,0.00366300,0.02809345,0.23999999,-0.23999999,-0.01229746,2.14850020,-2.22878551,0.86446929,0.56370395,0.00122106,0.23029593,
7574,-2.06602478,-1.74766040,1.28497219,6.00000000,0.26103514,-0.37060547,0.02667035,0.82939929,-0.15690589,0.07000000,0.00549451,-0.09532305,0.23999999,-0.23999999,-0.01229746,4.56927156,-4.26733017,0.83862579,0.50328118,0.00122106,0.40228409,
7582,1.25832415,0.24910380,8.42926979,6.00000000,0.28359374,-0.38027343,-0.23664252,0.67572141,0.15339805,0.07000000,0.00549451,-0.23826796,0.23999999,-0.23999999,-0.01229746,6.81376553,-6.04058456,0.67838418,0.08998534,0.00122106,0.54163277,
7590,4.57549047,-3.10277867,13.32541275,6.00000000,0.29809570,-0.39799803,-0.60306031,0.07691237,0.38331410,0.07000000,0.00366300,-0.23100215,-0.18551651,0.15225053,-0.01229746,8.28507805,-7.59567308,0.07800978,-0.33619487,0.00122106,0.60507947,
7598,9.49437809,0.41550082,18.31253433,6.00000000,-0.09184571,0.11762695,-0.79504943,-1.05098903,0.46151292,0.07000000,0.00366300,-0.19774769,-0.23999999,0.23999999,-0.01229746,7.78591394,-7.16632223,-1.05299592,-0.82662618,0.00122106,0.48766732,
7606,4.76942110,1.20319319,20.53136063,6.00000000,-0.24653320,0.35288087,-0.30716407,-1.75601494,0.26473832,0.07000000,0.00366300,-0.12139376,-0.23999999,0.23999999,-0.01229746,5.92713833,-5.52745819,-1.74109435,-0.50312257,0.00122106,0.30478621,
7614,1.26909804,-0.22375104,20.53136063,6.00000000,-0.23041992,0.34965819,0.13042030,-1.33567560,-0.08368974,0.07000000,0.00366300,0.07346454,-0.23999999,0.23999999,-0.01229746,3.16253662,-3.40513754,-1.31050873,-0.25469756,0.00122106,0.15057795,
7621,-0.43796775,0.51007175,12.95191669,5.00000000,-0.27070314,0.33837891,0.22222719,-0.92811072,-0.25761041,0.07000000,0.00366300,-0.07117625,-0.23999999,0.23999999,-0.01229746,1.32994080,-1.11177480,-0.92238057,-0.20219982,0.00122106,0.02279861,
7630,-3.20446777,-0.27762058,3.88028693,6.00000000,-0.28037110,0.34482422,0.47410941,-0.04732845,-0.31107855,0.07000000,0.00366300,-0.19671288,0.12217923,-0.14929560,-0.01229746,-0.72780234,1.34215820,-0.05605227,0.12014683,0.00122106,-0.08363657,
7638,-3.09433460,-0.31353360,-2.29076791,6.00000000,0.08701172,-0.14663085,0.73866123,0.77170080,-0.23833957,0.07000000,0.00366300,-0.24244574,0.23999999,-0.23999999,-0.01229746,-1.20776784,1.99491143,0.77115923,0.32381943,0.00122106,-0.06340723,
7646,-3.34931707,-2.51500201,-4.42639589,6.00000000,0.23847656,-0.31420898,0.40317753,1.11486351,-0.17167273,0.07000000,0.00366300,-0.03898510,0.23999999,-0.23999999,-0.01229746,0.34033921,-0.22165681,1.13433254,0.59285271,0.00122106,0.11196955,
7654,-1.89244533,-1.39930403,-0.36582983,6.00000000,0.25942382,-0.33032227,0.10516091,1.16473007,-0.15485734,0.07000000,0.00366300,-0.00466363,0.23999999,-0.23999999,-0.01229746,2.63021111,-2.61275792,1.17867601,0.50670904,0.00122106,0.28745463,
7662,-0.98743701,-1.69139671,3.92817092,6.00000000,0.28198242,-0.38349611,-0.19984555,1.15696919,0.00892599,0.07000000,0.00366300,-0.13050953,0.23999999,-0.23999999,-0.01229746,4.90786600,-4.45582581,1.14787149,0.36232349,0.00122106,0.44167125,
7670,3.47296071,-1.19579697,9.06852150,6.00000000,0.30615234,-0.38833007,-0.34141651,0.74494803,0.30866611,0.07000000,0.00366300,-0.20428699,0.17023954,-0.19942658,-0.01229746,6.75267887,-6.11388826,0.74867690,-0.14416307,0.00122106,0.54648542,
7678,6.88589525,-0.98391008,14.87924957,6.00000000,0.22719726,-0.33193359,-0.80780786,-0.09131447,0.50150454,0.07000000,0.00366300,-0.19410588,-0.23999999,0.23999999,-0.01229746,7.84700060,-7.28849506,-0.09729010,-0.58212197,0.00122106,0.56928235,
7686,8.54507732,2.29973745,20.53136063,6.00000000,-0.17241211,0.23364258,-0.65712857,-1.21353185,0.41655904,0.07000000,0.00366300,0.00416234,-0.23999999,0.23999999,-0.01229746,6.68286562,-6.70730019,-1.21426916,-0.63102460,0.00122106,0.42112672,
7693,3.98891115,0.53999931,20.53136063,5.00000000,-0.27553710,0.37866211,0.02037320,-1.86011755,0.20750020,0.07000000,0.00366300,0.09445228,-0.23999999,0.23999999,-0.01229746,4.80838203,-5.09985209,-1.85009074,-0.48927730,0.00122106,0.23761952,
7702,1.72639060,-0.32550460,17.07114029,6.00000000,-0.25297850,0.32387695,0.27772406,-1.18444419,-0.12873748,0.07000000,0.00366300,0.12355355,-0.23999999,0.23999999,-0.01229746,2.09788561,-2.50280213,-1.16682339,-0.39124814,0.00122106,0.08364020,
7710,-2.26833487,-0.81392175,8.17189312,6.00000000,-0.28359374,0.33193359,0.35331294,-0.60331488,-0.20200065,0.07000000,0.00366300,-0.16151761,-0.22075330,0.19806965,-0.01229746,0.42411500,0.10471976,-0.60862416,-0.07637504,0.00122106,-0.03753725,
7718,-4.33453083,0.29579073,3.09259462,6.00000000,-0.27553710,0.27231446,0.42275980,0.23753302,-0.23395833,0.07000000,0.00366300,-0.37442625,0.23999999,-0.23999999,-0.01229746,-1.08734012,2.29510808,0.23144054,0.29255030,0.00122106,-0.11119281,
7726,-3.07398391,-2.03496456,-2.23929262,6.00000000,0.20947266,-0.24169922,0.51363778,0.92806137,-0.11372341,0.07000000,0.00366300,-0.27256674,0.23999999,-0.23999999,-0.01229746,-1.30201554,2.18340683,0.93733829,0.44528359,0.00122106,-0.06198692,
7734,-2.59274936,0.06355316,-4.75799274,6.00000000,0.25942382,-0.30776367,0.17535318,1.23762858,-0.11704363,0.07000000,0.00366300,-0.03408788,0.23999999,-0.23999999,-0.01229746,0.85521132,-0.75747293,1.25630105,0.58409989,0.00122106,0.15800948,
7742,-2.23122478,-0.75406671,3.15244961,6.00000000,0.23686524,-0.35771483,0.06578260,1.20351720,-0.05270075,0.07000000,0.00366300,0.01670996,0.23999999,-0.23999999,-0.01229746,3.33357882,-3.25329351,1.18733370,0.50583071,0.00122106,0.34587795,
7750,2.94264507,-0.94799703,5.04865742,6.00000000,0.29003906,-0.34804687,-0.05942677,1.10201073,0.16628246,0.07000000,0.00366300,-0.09210899,0.23999999,-0.23999999,-0.01229746,5.22551584,-4.92357397,1.10675168,-0.04902744,0.00122106,0.47245669,
7758,4.30494595,-1.83744299,11.82424831,6.00000000,0.29165038,-0.36577147,-0.65112954,0.40333480,0.36131197,0.07000000,0.00366300,-0.09188409,-0.01690485,0.00287770,-0.01229746,6.80329323,-6.55894709,0.41887593,-0.24323650,0.00122106,0.54233122,
7765,8.10693836,1.12298739,17.32013893,5.00000000,0.05639648,-0.08056641,-0.77669793,-0.48030743,0.52816635,0.07000000,0.00366300,-0.05673181,-0.23999999,0.23999999,-0.01229746,7.19599247,-7.06683826,-0.50279307,-0.57351893,0.00122106,0.50504762,
7774,6.43099689,2.27459836,20.53136063,6.00000000,-0.21108398,0.25942382,-0.30108932,-1.53268468,0.35146180,0.07000000,0.00366300,-0.11903664,-0.23999999,0.23999999,-0.01229746,5.57283592,-5.18188238,-1.57122445,-0.50174356,0.00122106,0.28945863,
7782,0.33895072,-0.34226403,20.53136063,6.00000000,-0.27714843,0.35610351,0.26878032,-1.64456820,0.08759417,0.07000000,0.00366300,0.09626959,-0.23999999,0.23999999,-0.01229746,3.29343629,-3.60585046,-1.62177968,-0.15612558,0.00122106,0.14049420,
7790,0.37725794,-0.35782632,12.21570015,6.00000000,-0.26748046,0.32065430,0.31339687,-0.89178157,-0.12964520,0.07000000,0.00366300,-0.12248370,-0.23999999,0.23999999,-0.01229746,1.31946886,-0.93375117,-0.88718385,-0.30576289,0.00122106,0.02028884,
7798,-3.88202691,-1.45077944,6.58932590,6.00000000,-0.27553710,0.33837891,0.35224089,-0.26142254,-0.12633677,0.07000000,0.00366300,-0.16682130,0.17893758,-0.20207055,-0.01229746,-0.64053583,1.17809725,-0.26567423,0.18749708,0.00122106,-0.08862032,
7806,-2.79386210,-0.33747563,-1.45638871,6.00000000,0.11601563,-0.20625000,0.45719451,0.63940489,-0.07346288,0.07000000,0.00366300,-0.31140882,0.23999999,-0.23999999,-0.01229746,-0.82728606,1.82386911,0.63582170,0.25220436,0.00122106,-0.05207343,
7814,-2.37128568,-1.69498801,-5.55885315,6.00000000,0.24331054,-0.29809570,0.32017970,0.91679978,-0.00615953,0.07000000,0.00366300,-0.05575791,0.23999999,-0.23999999,-0.01229746,0.97912967,-0.80459678,0.93444192,0.50605685,0.00122106,0.14042494,
7822,-1.48662806,-0.69181746,-1.05057156,6.00000000,0.27714843,-0.33837891,0.11985201,0.97451138,-0.03681020,0.07000000,0.00549451,0.04738807,0.23999999,-0.23999999,-0.01229746,3.17475390,-3.29518175,1.00829434,0.45003855,0.00122106,0.32179451,
7830,0.37965214,-1.22931576,3.66720295,6.00000000,0.28359374,-0.36899415,-0.16537006,0.85197645,0.11888043,0.07000000,0.00549451,-0.02842123,0.23999999,-0.23999999,-0.01229746,5.15919352,-5.09112549,0.86025292,0.22232611,0.00122106,0.45562094,
7837,3.09707117,-0.53619438,9.21456814,5.00000000,0.30131835,-0.37060547,-0.37016931,0.36750427,0.30480486,0.07000000,0.00549451,0.02352232,0.18337494,-0.18198761,-0.01229746,6.71079111,-6.84518147,0.31599492,-0.09074551,0.00122106,0.54239625,
7846,7.13608932,0.40712112,14.45308113,6.00000000,0.25136718,-0.30292970,-0.64077848,-0.48315817,0.45770878,0.07000000,0.00549451,0.03701209,-0.23999999,0.23999999,-0.01229746,7.84176397,-7.97440910,-0.50194329,-0.42646167,0.00122106,0.56320292,
7854,9.50754642,2.21115208,20.53136063,6.00000000,-0.15629883,0.20463867,-0.36708865,-1.62033236,0.40671808,0.07000000,0.00549451,-0.02949256,-0.23999999,0.23999999,-0.01229746,6.96386385,-6.88183308,-1.60913897,-0.57702726,0.00122106,0.40703464,
7862,2.78223348,0.18446036,20.53136063,6.00000000,-0.27070314,0.35288087,0.12914945,-2.21587539,0.19634089,0.07000000,0.00366300,0.03722242,-0.23999999,0.23999999,-0.01229746,5.20457220,-5.26565838,-2.17271495,-0.39130884,0.00122106,0.23205829,
7870,2.80497837,0.19882557,17.23035622,6.00000000,-0.27875978,0.33676758,0.18264782,-1.42789829,-0.07996934,0.07000000,0.00366300,-0.08447266,-0.23999999,0.23999999,-0.01229746,2.68955255,-2.41553569,-1.40441680,-0.48785079,0.00122106,0.09268475,
7878,-3.82815742,-1.70576191,9.59165478,6.00000000,-0.27553710,0.34160155,0.22235800,-0.79960138,-0.11530869,0.07000000,0.00549451,-0.16217494,0.10093052,-0.12408513,-0.01229746,0.84124869,-0.30892330,-0.80365127,0.17567310,0.00122106,-0.01927031,
7886,-3.52768493,1.51324224,1.56150258,6.00000000,0.05156250,-0.09829102,0.20313029,0.04189996,-0.13418587,0.07000000,0.00549451,-0.21660008,0.23999999,-0.23999999,-0.01229746,0.25481808,0.44680429,0.03173465,0.25551838,0.00122106,-0.00453021,
7894,-2.78428531,-1.26762295,-5.23922729,6.00000000,0.26425782,-0.29487306,0.50109845,0.51758385,-0.09502578,0.07000000,0.00549451,0.04382586,0.23999999,-0.23999999,-0.01229746,1.32295966,-1.46433127,0.52032804,0.52367812,0.00122106,0.14609055,
7902,-2.19411469,-1.05813038,-3.24006891,6.00000000,0.25458986,-0.34643555,0.23486185,0.67748791,-0.12076852,0.07000000,0.00549451,0.09562317,0.23999999,-0.23999999,-0.01229746,3.53080106,-3.90255642,0.68577915,0.53092855,0.00122106,0.33081338,
7909,0.22043774,-2.11636758,0.74867105,5.00000000,0.29003906,-0.38027343,0.06508819,0.63826442,0.01878540,0.07000000,0.00549451,0.14492689,0.23999999,-0.23999999,-0.01229746,5.29532862,-5.76307726,0.64548028,0.25790775,0.00122106,0.47362188,
7918,3.33529425,-1.02939987,6.70424795,6.00000000,0.28359374,-0.36254883,-0.35213524,0.24298894,0.20755370,0.07000000,0.00366300,0.12524486,0.23999999,-0.22906527,-0.01229746,7.20297384,-7.61312628,0.24528223,-0.05551803,0.00122106,0.58262742,
7926,6.26340294,-0.64632761,14.00656319,6.00000000,0.30776367,-0.36093751,-0.61785799,-0.40798396,0.39052436,0.07000000,0.00366300,0.09263846,-0.14869341,0.15916857,-0.01229746,8.75980759,-9.04080582,-0.41035047,-0.27815723,0.00122106,0.64726210,
7934,11.15595436,1.63295233,19.54076004,6.00000000,-0.06284180,0.12568359,-0.50952548,-1.49189615,0.35690659,0.07000000,0.00549451,0.17328414,-0.23999999,0.23999999,-0.01229746,8.08436489,-8.66381454,-1.48220289,-0.70392901,0.00122106,0.52357078,
7942,6.48726082,0.89912957,20.53136063,6.00000000,-0.26264650,0.33193359,-0.05788234,-2.19313049,0.10369255,0.07000000,0.00549451,0.08178324,-0.23999999,0.23999999,-0.01229746,6.35299826,-6.61828852,-2.16678762,-0.59940296,0.00122106,0.32768655,
7950,1.50013852,-0.64632761,20.53136063,6.00000000,-0.27875978,0.33837891,0.26454997,-1.70268071,-0.17918384,0.07000000,0.00549451,0.11080252,-0.23999999,0.23999999,-0.01229746,4.10152388,-4.46280670,-1.67179787,-0.31239787,0.00122106,0.20199254,
7958,-0.24284029,-0.36860025,8.98711872,6.00000000,-0.26586914,0.31098634,0.21049699,-1.03099716,-0.23509459,0.07000000,0.00549451,-0.22220939,-0.23999999,0.23999999,-0.01229746,2.26369190,-1.54461634,-1.03457844,-0.24654719,0.00122106,0.06925540,
7966,-3.90836310,0.04200535,4.62488365,6.00000000,-0.28037110,0.32548827,0.25030419,-0.18135351,-0.22478209,0.07000000,0.00366300,-0.42063534,0.22177593,-0.23999999,-0.01229746,0.30194196,1.05766952,-0.19061601,0.20713326,0.00122106,-0.04216946,
7974,-2.69450283,-1.12277377,-1.52582049,6.00000000,0.17402343,-0.24169922,0.46367824,0.59989268,-0.11542928,0.07000000,0.00366300,-0.44107184,0.23999999,-0.23999999,-0.01229746,-0.09599311,1.53239918,0.60075665,0.34749174,0.00122106,-0.01538762,
7981,-2.82738113,-1.42803454,-5.35175467,5.00000000,0.24653320,-0.31259766,0.18835182,0.96104383,-0.11467877,0.07000000,0.00366300,-0.19392203,0.23999999,-0.23999999,-0.01229746,1.59523094,-0.96865773,0.97819769,0.56355399,0.00122106,0.17394057,
7990,-1.54648316,-1.09164917,1.52439237,6.00000000,0.26586914,-0.32065430,-0.00458504,0.97608191,-0.04584511,0.07000000,0.00549451,-0.19293384,0.23999999,-0.23999999,-0.01229746,4.21497011,-3.57094383,0.98953968,0.44389296,0.00122106,0.37382153,
7998,3.85842729,-0.75526381,2.88908744,6.00000000,0.29648438,-0.35932618,-0.37890142,0.87859172,0.09992977,0.07000000,0.00549451,-0.18477926,0.14894918,-0.17557314,-0.01229746,6.08247232,-5.45938969,0.89063787,-0.16533673,0.00122106,0.50604558,
8006,5.27699184,0.13777342,10.74087143,6.00000000,0.20463867,-0.28842774,-0.62616277,0.15407167,0.21951684,0.07000000,0.00366300,-0.19773830,-0.23999999,0.23999999,-0.01229746,7.41066790,-6.76664162,0.15151995,-0.40637434,0.00122106,0.55197436,
8014,9.31122112,2.93659520,17.77024841,6.00000000,-0.19819336,0.23686524,-0.46031210,-0.83405960,0.31225854,0.07000000,0.00366300,-0.33310777,-0.23999999,0.23999999,-0.01229746,6.74744320,-5.64264917,-0.84062433,-0.78871977,0.00122106,0.40691477,
8022,3.09347987,0.62978184,20.53136063,6.00000000,-0.29326171,0.37382811,-0.06017185,-1.25549197,0.19166355,0.07000000,0.00366300,-0.18445861,-0.23999999,0.23999999,-0.01229746,5.04400158,-4.44186306,-1.24432778,-0.44244254,0.00122106,0.26656389,
8030,4.97771645,1.71555233,20.38471603,6.00000000,-0.24975586,0.31743163,0.02162163,-0.62167460,-0.14262629,0.07000000,0.00366300,-0.21035583,-0.23999999,0.23999999,-0.01229746,2.42949820,-1.75231063,-0.60598660,-0.63324338,0.00122106,0.11787833,
8038,-0.98863411,-0.36022052,14.30703545,6.00000000,-0.28520507,0.33354491,0.28336066,-0.21212001,-0.29404771,0.07000000,0.00366300,-0.36243725,-0.03134948,-0.01857287,-0.01229746,0.68591440,0.51487213,-0.20982504,0.01173347,0.00122106,-0.00680447,
8046,-1.88167131,-0.90849274,5.17195892,6.00000000,-0.07895508,0.03061523,0.27264467,0.45356193,-0.29567629,0.07000000,0.00366300,-0.35600588,0.17142406,-0.22011882,-0.01229746,-0.21642081,1.36310208,0.45456541,0.08221392,0.00122106,-0.02651615,
8053,-1.87927711,0.20121977,-0.87100637,5.00000000,0.14018555,-0.23203126,0.39241618,1.06081498,-0.25320688,0.07000000,0.00366300,-0.18069117,0.23999999,-0.23999999,-0.01229746,0.47996554,0.09599311,1.06658530,0.31120014,0.00122106,0.09423834,
8062,-2.06961608,-2.23128915,-2.33625793,6.00000000,0.27070314,-0.32871094,0.24334316,1.23625290,-0.17772785,0.07000000,0.00366300,0.11557952,0.23999999,-0.23999999,-0.01229746,2.09788561,-2.46615028,1.25707054,0.44483864,0.00122106,0.27085364,
8070,0.61548102,-2.54732370,-0.37660372,6.00000000,0.28842774,-0.32548827,-0.13341258,1.09053540,-0.09552161,0.07000000,0.00366300,0.15632835,0.23999999,-0.23999999,-0.01229746,4.02822018,-4.52389383,1.10604894,0.24044642,0.00122106,0.41176724,
8078,1.90595567,-0.94320863,3.67438555,6.00000000,0.31420898,-0.33837891,-0.40579730,0.82882273,-0.00233431,0.07000000,0.00366300,0.23271926,0.23999999,-0.23999999,-0.01229746,5.79798412,-6.55196571,0.83647180,0.11047655,0.00122106,0.53555560,
8086,5.70675087,-0.13636267,9.65869236,6.00000000,0.31582031,-0.36577147,-0.65928739,0.22963935,0.02098663,0.07000000,0.00366300,0.43287468,0.12973873,-0.07256795,-0.01229746,7.11745262,-8.50149918,0.22874969,-0.16141739,0.00122106,0.61252105,
8094,9.12088299,2.43620706,15.76630116,6.00000000,0.19819336,-0.14824219,-0.46260270,-0.69809145,-0.06309529,0.07000000,0.00366300,0.52382076,-0.23999999,0.23999999,-0.01229746,7.72308207,-9.39685345,-0.69111001,-0.36960936,0.00122106,0.59953362,
8102,10.63162422,2.38712597,19.93939400,6.00000000,-0.16596679,0.21430664,0.09173194,-1.59190059,-0.28092915,0.07000000,0.00366300,0.26467824,-0.23999999,0.23999999,-0.01229746,6.64621353,-7.51887798,-1.56675708,-0.82985419,0.00122106,0.41513503,
8110,5.21593952,-1.45915914,20.53136063,6.00000000,-0.28681642,0.32709962,0.45806342,-1.94549632,-0.36709666,0.07000000,0.00366300,-0.03460601,-0.23999999,0.23999999,-0.01229746,5.13999462,-5.02654839,-1.92111480,-0.76594019,0.00122106,0.24080411,
8118,0.41556516,-4.46627665,15.51610756,6.00000000,-0.29326171,0.32387695,0.19782059,-0.97050011,-0.39188752,0.07000000,0.00366300,-0.20950246,-0.23999999,0.23999999,-0.01229746,3.13286591,-2.44695163,-0.96132630,-0.15263665,0.00122106,0.13712108,
8125,-1.32142818,-1.04975057,8.01148224,5.00000000,-0.27070314,0.32871094,-0.19003576,-0.42983642,-0.26882052,0.07000000,0.00366300,-0.39483869,-0.22688496,0.17238325,-0.01229746,1.33866751,-0.06283185,-0.43174297,-0.11023043,0.00122106,0.02241830,
8134,-2.27551746,-0.37937415,0.05914098,6.00000000,-0.24975586,0.25942382,-0.19044541,0.64862311,-0.31785488,0.07000000,0.00366300,-0.32032898,0.03741368,-0.08109057,-0.01229746,-0.89709926,1.93382490,0.64439672,-0.03020754,0.00122106,-0.05875276,
8142,-2.89202452,1.23790908,-0.72017169,6.00000000,-0.01611328,-0.05478515,0.05387887,1.19936788,-0.30915251,0.07000000,0.00366300,-0.19691606,0.23999999,-0.23999999,-0.01229746,-1.61268425,2.24449348,1.20546651,0.16041249,0.00122106,-0.05471536,
8150,-2.54366803,0.50887465,-0.06176621,6.00000000,0.20947266,-0.27392578,0.18551202,1.57805324,-0.36473605,0.07000000,0.00366300,-0.00920813,0.23999999,-0.23999999,-0.01229746,-0.30194196,0.33161256,1.59322333,0.36026290,0.00122106,0.09514305,
8158,-0.69654155,-0.22614524,4.48123169,6.00000000,0.24492188,-0.34482422,0.15094204,1.64034736,-0.34331745,0.07000000,0.00366300,0.00831787,0.23999999,-0.23999999,-0.01229746,2.21831346,-2.16944432,1.65195644,0.30907071,0.00122106,0.29316282,
8166,3.63816071,0.20840237,9.25527000,6.00000000,0.27875978,-0.37060547,0.02507448,1.26625192,-0.08198886,0.07000000,0.00366300,-0.17203240,0.20854098,-0.23276718,-0.01229746,4.26034880,-3.70184350,1.26847839,-0.13620466,0.00122106,0.39997855,
8174,7.60415554,-3.10517287,13.16260719,6.00000000,0.25458986,-0.36254883,-0.21623521,0.37575009,0.10496125,0.07000000,0.00366300,-0.22015969,-0.23999999,0.23999999,-0.01229746,5.78402090,-5.09287071,0.36988503,-0.56430340,0.00122106,0.44248012,
8182,9.64281845,0.83568323,17.82411766,6.00000000,-0.18691406,0.21591797,-0.50751376,-0.80184627,0.27771059,0.07000000,0.00366300,-0.38795799,-0.23999999,0.23999999,-0.01229746,5.53967476,-4.27431107,-0.80920041,-0.74913180,0.00122106,0.31077880,
8190,1.13981116,0.44542834,20.53136063,6.00000000,-0.27392578,0.36416015,-0.32650685,-1.24655247,0.22632414,0.07000000,0.00366300,-0.29992670,-0.23999999,0.23999999,-0.01229746,4.15911961,-3.17998981,-1.23683953,-0.38185555,0.00122106,0.18548624,
8197,2.69963360,1.99687099,16.89756203,5.00000000,-0.25942382,0.33515626,-0.13707107,-0.49858513,-0.01952960,0.07000000,0.00366300,-0.28352106,-0.23999999,0.23999999,-0.01229746,1.64060950,-0.71383971,-0.49184006,-0.47718674,0.00122106,0.05137381,
8206,-1.06524861,1.17685699,9.47433949,6.00000000,-0.28681642,0.34321290,0.22434269,0.02518014,-0.23843151,0.07000000,0.00549451,-0.35949785,-0.10489406,0.05536677,-0.01229746,-0.32812190,1.49574709,0.02173832,-0.05118763,0.00122106,-0.06775615,
8214,-2.58077836,0.08869229,3.30208707,6.00000000,-0.16918945,0.12890625,0.48176154,0.68569416,-0.30458656,0.07000000,0.00549451,-0.47758204,0.23999999,-0.23999999,-0.01229746,-1.29677963,2.83965063,0.68594062,0.20739366,0.00122106,-0.10352328,
8222,-1.67457294,-0.44641179,-1.11282074,6.00000000,0.19658203,-0.25781250,0.66047889,1.42086005,-0.26826698,0.07000000,0.00549451,-0.36268735,0.23999999,-0.23999999,-0.01229746,-0.44680429,1.61442959,1.43208575,0.41763359,0.00122106,0.03002393,
8230,-1.66619325,-2.75442219,-2.81390095,6.00000000,0.25458986,-0.32709962,0.27596581,1.61983240,-0.17045467,0.07000000,0.00549451,-0.17821501,0.23999999,-0.23999999,-0.01229746,1.56032443,-0.99134701,1.65124297,0.49183583,0.00122106,0.22288591,
8238,0.87285769,-2.74484539,1.45735478,6.00000000,0.28037110,-0.34965819,-0.21076019,1.38140333,-0.02734328,0.07000000,0.00549451,-0.19620642,0.23999999,-0.23999999,-0.01229746,3.53429174,-2.88328385,1.40487885,0.16052240,0.00122106,0.34916490,
8246,3.19643044,-0.88694489,6.24815226,6.00000000,0.29326171,-0.36254883,-0.52634639,0.94737428,0.11044004,0.07000000,0.00549451,-0.17152917,0.12743787,-0.15209284,-0.01229746,5.17490101,-4.60417843,0.95614696,-0.17073937,0.00122106,0.44600332,
8254,6.96610117,0.25868061,11.64228916,6.00000000,0.19819336,-0.25620118,-0.60389775,0.23546410,0.18545143,0.07000000,0.00366300,-0.01553640,-0.23999999,0.23999999,-0.01229746,5.94110060,-5.91666603,0.23008060,-0.55557418,0.00122106,0.47147089,
8262,9.71464443,3.34839797,18.56871414,6.00000000,-0.18369141,0.22719726,-0.25638226,-0.63665450,0.01636929,0.07000000,0.00366300,0.00312929,-0.23999999,0.23999999,-0.01229746,4.82234430,-4.80489111,-0.63093066,-0.68674701,0.00122106,0.31721371,
8269,4.63295126,0.16410963,20.53136063,5.00000000,-0.28520507,0.34965819,0.41376394,-1.01964819,-0.11958542,0.07000000,0.00366300,0.00859312,-0.23999999,0.23999999,-0.01229746,3.08399677,-3.09795952,-1.06243348,-0.54922748,0.00122106,0.15712440,
8278,1.80899060,-2.28994703,18.28021240,6.00000000,-0.28037110,0.31904298,0.20698304,-0.22655752,-0.28053930,0.07000000,0.00366300,-0.22036590,-0.23999999,0.23999999,-0.01229746,0.99134701,-0.27925268,-0.21539623,-0.34011537,0.00122106,0.03167498,
8286,-1.82061923,-0.75406671,10.55053329,6.00000000,-0.30131835,0.34321290,0.00423196,0.24505095,-0.23389219,0.07000000,0.00366300,-0.31261170,-0.03024030,-0.01255469,-0.01229746,-0.66322511,1.67551613,0.24683160,-0.02806869,0.00122106,-0.06567483,
8294,-3.29903865,-0.01306129,3.74142313,6.00000000,-0.09667969,0.04028320,0.03259052,1.05483258,-0.22061996,0.07000000,0.00366300,-0.43380889,0.23999999,-0.23999999,-0.01229746,-1.28979838,2.70176983,1.05647826,0.14294243,0.00122106,-0.07065266,
8302,-2.21685958,0.41669792,-2.71573877,6.00000000,0.20302734,-0.26425782,0.25832027,1.56897593,-0.16556454,0.07000000,0.00366300,-0.29484668,0.23999999,-0.23999999,-0.01229746,-0.26179940,1.21474910,1.58483922,0.33662891,0.00122106,0.06534945,
8310,-1.67577004,-0.76962900,-3.56448340,6.00000000,0.25458986,-0.31420898,0.17244866,1.68815744,-0.19373679,0.07000000,0.00366300,-0.09190775,0.23999999,-0.23999999,-0.01229746,1.69122410,-1.40848064,1.71872115,0.44380653,0.00122106,0.24923804,
8318,0.56400567,-0.72653341,1.03597522,6.00000000,0.29326171,-0.34160155,0.02837860,1.50432849,-0.11763635,0.07000000,0.00366300,-0.03692890,0.23999999,-0.23999999,-0.01229746,3.63028479,-3.50636625,1.51397145,0.21325091,0.00122106,0.38682258,
8326,2.76307988,-1.50704312,6.87184191,6.00000000,0.29165038,-0.34321290,-0.24719283,0.98852712,-0.04730054,0.07000000,0.00366300,0.06530400,0.23999999,-0.23999999,-0.01229746,5.11905050,-5.41575623,0.94263875,-0.05792816,0.00122106,0.47427431,
8334,5.99046373,-0.05017142,12.88009071,6.00000000,0.31098634,-0.36738282,-0.45869380,0.20464726,0.02105094,0.07000000,0.00366300,0.17682761,-0.13985418,0.16233867,-0.01229746,6.46993589,-7.01098776,0.20009857,-0.31451201,0.00122106,0.52945018,
8341,8.74259853,1.67125964,18.06593132,5.00000000,-0.04189453,0.09345703,-0.38116616,-0.76925814,0.00117008,0.07000000,0.00366300,0.23280451,-0.23999999,0.23999999,-0.01229746,6.16275787,-6.91848516,-0.76829052,-0.45340335,0.00122106,0.44059467,
8350,6.06228971,0.86800492,20.53136063,6.00000000,-0.24975586,0.29809570,0.19066672,-1.69706297,-0.10218068,0.07000000,0.00549451,-0.11722478,-0.23999999,0.23999999,-0.01229746,4.50818539,-4.13293982,-1.68171978,-0.70670617,0.00122106,0.20101197,
8358,0.33775362,-2.59760213,20.53136063,6.00000000,-0.27875978,0.34643555,0.36664343,-1.22540283,-0.20923595,0.07000000,0.00549451,-0.06994623,-0.23111495,0.22010355,-0.01229746,2.37364769,-2.14151883,-1.20337439,-0.05247390,0.00122106,0.08271358,
8366,0.22762033,-0.76005220,10.08605766,6.00000000,-0.27714843,0.31743163,-0.00286798,-0.62169528,-0.19292924,0.07000000,0.00366300,-0.25767648,-0.23999999,0.23999999,-0.01229746,0.57246798,0.26354474,-0.62237626,-0.24089350,0.00122106,-0.03714451,
8374,-5.15574217,-0.08488734,6.12125969,6.00000000,-0.30292970,0.35449219,0.03853116,0.12186968,-0.22692880,0.07000000,0.00366300,-0.36452073,0.23999999,-0.23999999,-0.01229746,-0.82030475,2.01236463,0.11887956,0.30091161,0.00122106,-0.09746143,
8382,-2.44790006,0.09348068,-2.02022314,6.00000000,0.18530273,-0.25781250,0.26684454,0.93805033,-0.13402890,0.07000000,0.00366300,-0.39235300,0.23999999,-0.23999999,-0.01229746,-0.89360857,2.18689752,0.93937153,0.28735518,0.00122106,-0.04576975,
8390,-2.29467106,-0.72653341,-6.23042679,6.00000000,0.24008790,-0.30937499,0.22560182,1.28051388,-0.20742223,0.07000000,0.00366300,-0.21079729,0.23999999,-0.23999999,-0.01229746,1.31423295,-0.63704520,1.30287182,0.50284874,0.00122106,0.17414781,
8398,-0.52655321,0.16650383,-1.00388455,6.00000000,0.28037110,-0.35932618,0.17445318,1.32839882,-0.18557149,0.07000000,0.00366300,-0.16258062,0.23999999,-0.23999999,-0.01229746,3.23060465,-2.71398687,1.34848702,0.36814690,0.00122106,0.32932192,
8406,2.02207446,-1.20297956,5.03668642,6.00000000,0.29165038,-0.38349611,-0.02113210,1.03187251,-0.07068173,0.07000000,0.00366300,-0.11488285,0.23999999,-0.23999999,-0.01229746,4.94800854,-4.58323479,1.04324615,0.03126869,0.00122106,0.44426262,
8413,5.41824961,-0.53858858,11.77277279,5.00000000,0.29970703,-0.36899415,-0.33811823,0.40457734,0.08726892,0.07000000,0.00366300,-0.05978840,-0.17457934,0.16500337,-0.01229746,6.27096796,-6.08072710,0.38901031,-0.34212777,0.00122106,0.49995106,
8422,10.31918049,0.61062825,16.87840843,6.00000000,-0.09184571,0.10634766,-0.44172844,-0.51561546,0.20430718,0.07000000,0.00366300,-0.18727103,-0.23999999,0.23999999,-0.01229746,5.86256075,-5.22377014,-0.54465997,-0.75321639,0.00122106,0.38172674,
8430,6.06827545,1.87117541,20.53136063,6.00000000,-0.25942382,0.33515626,-0.20268050,-1.10835075,0.13093676,0.07000000,0.00366300,-0.33135107,-0.23999999,0.23999999,-0.01229746,4.24114990,-3.12937546,-1.10186267,-0.62760419,0.00122106,0.19372289,
8438,2.12143397,-0.58168417,20.53136063,6.00000000,-0.25458986,0.33193359,0.07014615,-0.70908844,-0.05487397,0.07000000,0.00549451,-0.21894018,-0.23999999,0.23999999,-0.01229746,1.69471467,-0.97738439,-0.69174325,-0.30839458,0.00122106,0.05110389,
8446,-0.82463133,0.26586321,12.61912346,6.00000000,-0.28681642,0.34965819,0.10533644,-0.16599612,-0.19272110,0.07000000,0.00549451,-0.30021757,-0.20021084,0.15864621,-0.01229746,-0.08901179,1.05592418,-0.16462022,-0.10322030,0.00122106,-0.05800527,
8454,-2.98898959,0.12460531,3.41700888,6.00000000,-0.24492188,0.26103514,0.12887689,0.58342206,-0.27078390,0.07000000,0.00549451,-0.36158785,0.21296975,-0.23999999,-0.01229746,-1.58824956,2.76460147,0.58153921,0.12755589,0.00122106,-0.12319013,
8462,-2.76034331,1.61499584,-1.34864962,6.00000000,0.16113281,-0.25942382,0.48494029,1.27209854,-0.24569018,0.07000000,0.00549451,-0.29304999,0.23999999,-0.23999999,-0.01229746,-1.43640602,2.38062906,1.27583539,0.34274969,0.00122106,-0.04830046,
8470,-2.56042743,-2.28396153,-5.95868492,6.00000000,0.23847656,-0.30454102,0.50164354,1.56023467,-0.23823710,0.07000000,0.00549451,-0.05768731,0.23999999,-0.23999999,-0.01229746,0.62482786,-0.46774822,1.59213018,0.59327525,0.00122106,0.16048884,
8478,-1.03651822,-0.84983480,-1.52103209,6.00000000,0.29003906,-0.35771483,0.17924878,1.57136977,-0.20744310,0.07000000,0.00549451,0.00981060,0.23999999,-0.23999999,-0.01229746,2.53072739,-2.51676464,1.57252562,0.43419468,0.00122106,0.31426966,
8485,0.20846672,-2.16066027,5.03189802,5.00000000,0.27714843,-0.36093751,-0.11444759,1.27213573,-0.05016843,0.07000000,0.00549451,0.04697408,0.23999999,-0.23999999,-0.01229746,4.26034880,-4.38601255,1.30892420,0.22664431,0.00122106,0.42882198,
8494,4.10263586,-1.28677654,11.72608566,6.00000000,0.27714843,-0.37060547,-0.52376038,0.60385972,0.16862273,0.07000000,0.00549451,-0.05286729,0.13112283,-0.13992289,-0.01229746,6.16973877,-5.99695158,0.59988308,-0.14874293,0.00122106,0.50628960,
8502,8.32002163,0.79378468,15.51131916,6.00000000,0.21591797,-0.26586914,-0.52261633,-0.29301646,0.30641034,0.07000000,0.00549451,-0.02487860,-0.23999999,0.23999999,-0.01229746,6.85739851,-6.81551075,-0.30032659,-0.58427823,0.00122106,0.49677470,
8510,9.50156021,1.41029167,20.53136063,6.00000000,-0.15468749,0.21430664,-0.25364292,-1.45564675,0.19492629,0.07000000,0.00549451,0.00474898,-0.23999999,0.23999999,-0.01229746,5.57807255,-5.54491138,-1.47905803,-0.61241013,0.00122106,0.31208235,
8518,1.78385139,-0.27163509,20.53136063,6.00000000,-0.26264650,0.33837891,0.28335211,-1.82441008,0.06083233,0.07000000,0.00549451,0.01561741,-0.23999999,0.23999999,-0.01229746,3.77165651,-3.83448839,-1.80361497,-0.28409564,0.00122106,0.15310892,
8526,1.30141985,-2.05531526,15.00255108,6.00000000,-0.26748046,0.33032227,0.14877981,-1.02614546,-0.13092767,0.07000000,0.00549451,-0.08241352,-0.23999999,0.23999999,-0.01229746,1.41546202,-1.14493597,-1.01516414,-0.36093450,0.00122106,0.02307544,
8534,-3.63183284,-0.06333952,6.74494934,6.00000000,-0.28681642,0.33676758,0.10913196,-0.39769101,-0.13967453,0.07000000,0.00549451,-0.22257616,0.08588795,-0.11691904,-0.01229746,-0.43284163,1.15191734,-0.40355712,0.14078116,0.00122106,-0.09119708,
8542,-3.17454028,0.75428033,-1.33787572,6.00000000,0.04511719,-0.09667969,0.41239378,0.49971908,-0.14196867,0.07000000,0.00549451,-0.34571719,0.23999999,-0.23999999,-0.01229746,-0.93898714,2.06646991,0.49253479,0.28736141,0.00122106,-0.07611175,
8550,-3.05602741,-1.56210983,-5.92636347,6.00000000,0.24169922,-0.28037110,0.46050757,0.84967977,-0.12692119,0.07000000,0.00549451,-0.12080051,0.23999999,-0.23999999,-0.01229746,0.39269909,-0.01047198,0.86447275,0.58494270,0.00122106,0.08559632,
8557,-1.31903398,0.19403715,-3.91044545,5.00000000,0.25781250,-0.33354491,0.27402487,1.04900908,-0.14382413,0.07000000,0.00549451,0.03219320,0.23999999,-0.23999999,-0.01229746,2.23925757,-2.34746790,1.06580281,0.50004834,0.00122106,0.25827512,
8566,-1.07721961,-1.35979974,2.38151670,6.00000000,0.28520507,-0.34643555,0.09757259,0.97104514,-0.01228267,0.07000000,0.00366300,0.02561041,0.23999999,-0.23999999,-0.01229746,4.36506844,-4.44011736,0.98135519,0.37265784,0.00122106,0.41183013,
8574,3.72794318,-0.22853944,7.88698339,6.00000000,0.29165038,-0.35126954,-0.22128405,0.61491823,0.21701658,0.07000000,0.00366300,-0.06052653,0.15138373,-0.16101024,-0.01229746,6.27969456,-6.14879465,0.60241693,-0.13888803,0.00122106,0.52152312,
8582,6.19875956,-0.98750138,14.48300934,6.00000000,0.22236328,-0.28037110,-0.53739202,-0.03074696,0.43263635,0.07000000,0.00366300,-0.09497917,-0.23999999,0.23999999,-0.01229746,7.43684816,-7.15235901,-0.04881656,-0.38825572,0.00122106,0.55029190,
8590,9.53627682,1.45817566,20.53136063,6.00000000,-0.19335937,0.19497070,-0.48197845,-0.99355280,0.48168349,0.07000000,0.00366300,-0.08656670,-0.23999999,0.23999999,-0.01229746,6.26398659,-5.99346066,-0.99299669,-0.73250049,0.00122106,0.38918418,
8598,3.73392868,0.24431539,20.53136063,6.00000000,-0.26425782,0.33354491,0.02591397,-1.48918390,0.37201071,0.07000000,0.00366300,-0.04810823,-0.23999999,0.23999999,-0.01229746,4.33365250,-4.16610098,-1.47443521,-0.44352037,0.00122106,0.21325293,
8606,1.66533852,0.15572993,18.60462761,6.00000000,-0.24653320,0.33515626,0.24361962,-0.92618650,0.11309782,0.07000000,0.00366300,-0.04548093,-0.23999999,0.23999999,-0.01229746,1.74009323,-1.61792016,-0.90803313,-0.33097556,0.00122106,0.06006844,
8614,-1.73442793,-0.65470737,8.55975437,6.00000000,-0.27392578,0.34643555,0.29379174,-0.42312941,0.06652691,0.07000000,0.00366300,-0.17689195,-0.16212933,0.13750505,-0.01229746,-0.13788101,0.74001962,-0.42519847,-0.04633048,0.00122106,-0.06767206,
8622,-4.19806147,0.94821072,3.21948719,6.00000000,-0.21752930,0.19980469,0.43318936,0.41681007,0.07711259,0.07000000,0.00366300,-0.34374058,0.23999999,-0.23999999,-0.01229746,-1.40499008,2.51152873,0.41141072,0.29187411,0.00122106,-0.11941057,
8629,-2.98898959,-2.32226872,-2.55293298,5.00000000,0.18691406,-0.23525390,0.62193513,1.04991746,0.15463060,0.07000000,0.00366300,-0.25395665,0.23999999,-0.23999999,-0.01229746,-1.32994080,2.16246295,1.06169641,0.51702142,0.00122106,-0.05130600,
8638,-2.15939879,-1.35022295,-4.51498127,6.00000000,0.23847656,-0.30292970,0.22212136,1.30373156,0.13550374,0.07000000,0.00549451,-0.12453233,0.23999999,-0.23999999,-0.01229746,1.27758098,-0.86219269,1.32632363,0.60173970,0.00122106,0.17927551,
8646,-1.59077585,-1.82427490,1.51242137,6.00000000,0.29487306,-0.34321290,0.08723069,1.28372526,0.23212466,0.07000000,0.00549451,-0.00041199,0.23999999,-0.23999999,-0.01229746,3.35277748,-3.34230542,1.30051053,0.47837153,0.00122106,0.35229373,
8654,3.43704772,-0.39254227,4.71825743,6.00000000,0.27875978,-0.35288087,-0.32676658,1.05808532,0.39122921,0.07000000,0.00549451,-0.02598713,0.23999999,-0.23999999,-0.01229746,5.21504354,-5.11032391,1.09008944,-0.09094334,0.00122106,0.47371310,
8662,4.25227356,0.12221111,12.51856709,6.00000000,0.30937499,-0.37543947,-0.53878593,0.42780817,0.56722754,0.07000000,0.00549451,-0.05963565,0.06694868,-0.07683571,-0.01229746,6.82249212,-6.60956192,0.39960361,-0.18034992,0.00122106,0.53872323,
8670,8.39903069,2.26621866,19.18282700,6.00000000,0.15952149,-0.19819336,-0.43992993,-0.65774965,0.64637595,0.07000000,0.00549451,0.10888273,-0.23999999,0.23999999,-0.01229746,7.04763937,-7.41415834,-0.61579239,-0.55074871,0.00122106,0.50104737,
8678,6.59859085,1.41986847,20.53136063,6.00000000,-0.19174805,0.27875978,0.01416581,-1.63169634,0.46300432,0.07000000,0.00549451,0.20497578,-0.23999999,0.23999999,-0.01229746,5.75085974,-6.42804766,-1.61993730,-0.36088529,0.00122106,0.34033376,
8686,0.50534773,-0.18185250,20.53136063,6.00000000,-0.26103514,0.35288087,0.14586285,-1.73205495,0.19692191,0.07000000,0.00549451,0.29936033,-0.23999999,0.23999999,-0.01229746,3.68439007,-4.65304804,-1.70783210,-0.25271964,0.00122106,0.18724065,
8694,-0.24164319,0.32452115,12.24443054,6.00000000,-0.28198242,0.32387695,0.25132731,-0.98167217,0.06043966,0.07000000,0.00549451,0.16407606,-0.23999999,0.23999999,-0.01229746,1.65457213,-2.18340683,-0.97504205,-0.27032390,0.00122106,0.07227734,
8701,-3.87125301,0.06714447,5.84951782,5.00000000,-0.28520507,0.32548827,0.21254446,-0.38705921,0.00957124,0.07000000,0.00549451,0.05661367,0.08094777,-0.07407530,-0.01229746,-0.23212880,0.04712389,-0.39277029,0.10618916,0.00122106,-0.04122880,
8710,-3.76231670,1.17326570,-2.91086626,6.00000000,0.02094727,-0.05639648,0.43113312,0.61835092,0.02870135,0.07000000,0.00366300,-0.21727848,0.23999999,-0.23999999,-0.01229746,-0.57770395,1.28107166,0.61204731,0.23295964,0.00122106,-0.02666460,
8718,-3.40438366,-1.15389836,-5.22725630,6.00000000,0.23041992,-0.28359374,0.35493094,0.94629842,0.05931923,0.07000000,0.00366300,-0.02758835,0.23999999,-0.23999999,-0.01229746,0.80110615,-0.71209431,0.96049201,0.53855908,0.00122106,0.13159636,
8726,-1.46627736,0.91948026,-3.57525730,6.00000000,0.27070314,-0.33999023,0.20131843,1.11453676,0.05682521,0.07000000,0.00549451,0.01251188,0.23999999,-0.23999999,-0.01229746,2.98276758,-3.02465558,1.14980710,0.48002157,0.00122106,0.31685817,
8734,-2.61549425,-2.68977880,4.70508957,6.00000000,0.26748046,-0.36416015,-0.06458668,1.07109666,0.13886951,0.07000000,0.00549451,-0.01140129,0.23999999,-0.23999999,-0.01229746,5.04749250,-4.98640585,1.07648921,0.50916696,0.00122106,0.46557814,
8742,3.81772590,0.01566913,9.60841465,6.00000000,0.29326171,-0.38349611,-0.14735046,0.71511620,0.38668701,0.07000000,0.00549451,0.00236322,0.14807391,-0.14943948,-0.01229746,6.76489639,-6.74220657,0.71280944,-0.17260593,0.00122106,0.56751734,
8750,7.44015312,-1.35979974,15.31738853,6.00000000,0.23847656,-0.29003906,-0.53519219,0.02215657,0.51120049,0.07000000,0.00549451,-0.06839381,-0.23999999,0.23999999,-0.01229746,7.80860281,-7.60090876,-0.00830203,-0.46344620,0.00122106,0.58837283,
8758,7.87350368,0.90152377,20.53136063,6.00000000,-0.17724609,0.22880860,-0.45422947,-1.08802664,0.47124514,0.07000000,0.00366300,-0.13966677,-0.23999999,0.23999999,-0.01229746,6.72475338,-6.27969456,-1.08778834,-0.51499140,0.00122106,0.41326478,
8766,1.64618480,0.56872970,20.53136063,6.00000000,-0.25942382,0.37382811,0.01412314,-1.62020111,0.33791474,0.07000000,0.00366300,0.09275061,-0.23999999,0.23999999,-0.01229746,4.49945879,-4.80838203,-1.60431027,-0.31408271,0.00122106,0.23312208,
8773,1.65097320,0.95060492,17.18965340,5.00000000,-0.25136718,0.30776367,0.05003709,-0.95157945,0.01069643,0.07000000,0.00366300,0.08660024,-0.23999999,0.23999999,-0.01229746,1.99316597,-2.27940011,-0.93386829,-0.36495820,0.00122106,0.09381897,
8782,-3.76949930,-0.74808121,8.11802387,6.00000000,-0.27070314,0.32871094,0.37021348,-0.49975583,-0.06481548,0.07000000,0.00549451,-0.09300789,0.03751094,-0.05103834,-0.01229746,-0.00174533,0.30194196,-0.50354189,0.09893373,0.00122106,-0.05094705,
8790,-4.65535402,1.82089722,1.31489980,6.00000000,-0.01127930,-0.02416992,0.55907369,0.35102984,-0.13145800,0.07000000,0.00549451,-0.23853043,0.23999999,-0.23999999,-0.01229746,-0.68940508,1.45734990,0.34461349,0.36488700,0.00122106,-0.05565526,
8798,-3.29544735,-2.50183392,-6.08318329,6.00000000,0.23525390,-0.28198242,0.72679800,0.84486806,-0.01607541,0.07000000,0.00549451,-0.10019500,0.23999999,-0.23999999,-0.01229746,0.35604715,-0.04014257,0.85619891,0.65854466,0.00122106,0.08041655,
8806,-1.87568581,-0.65710157,-5.00698996,6.00000000,0.26748046,-0.33676758,0.23564748,1.07043815,0.00160402,0.07000000,0.00549451,-0.01019258,0.23999999,-0.23999999,-0.01229746,2.50454736,-2.47313142,1.08828795,0.59872687,0.00122106,0.27322918,
8814,-1.14904559,-1.80990970,1.39869678,6.00000000,0.26425782,-0.34482422,-0.06320059,1.04211545,0.09254012,0.07000000,0.00549451,-0.04553876,0.23999999,-0.23999999,-0.01229746,4.74205971,-4.67748260,1.05240798,0.41229904,0.00122106,0.44152582,
8822,2.45781922,0.55675870,7.30399513,6.00000000,0.27231446,-0.36093751,-0.36771840,0.89647877,0.37398469,0.07000000,0.00549451,-0.06908825,0.23999999,-0.23999999,-0.01229746,6.74395227,-6.43153811,0.85838413,-0.01675606,0.00122106,0.56985277,
8830,4.17326450,-1.33226645,14.04846191,6.00000000,0.32387695,-0.39155275,-0.60797590,0.34190428,0.52831173,0.07000000,0.00549451,0.01865352,0.07471752,-0.07421334,-0.01229746,8.04945850,-8.03375053,0.32405394,-0.20203304,0.00122106,0.64241755,
8838,8.15362549,1.64133203,20.53136063,6.00000000,0.16274413,-0.15468749,-0.63478923,-0.80380070,0.49079600,0.07000000,0.00549451,0.19770949,-0.23999999,0.23999999,-0.01229746,8.15243340,-8.80344105,-0.81192070,-0.44808757,0.00122106,0.58524597,
8845,6.77815628,2.67562723,20.53136063,5.00000000,-0.16435547,0.21591797,-0.15148278,-1.73998606,0.29252371,0.07000000,0.00549451,0.19357106,-0.23999999,0.23999999,-0.01229746,7.02495003,-7.64628744,-1.72111535,-0.38756049,0.00122106,0.42584574,
8854,0.59872162,-0.38535964,20.53136063,6.00000000,-0.26264650,0.35449219,0.23406787,-2.09528017,0.04296752,0.07000000,0.00549451,0.32662186,-0.23999999,0.23999999,-0.01229746,4.60941458,-5.67581081,-2.06975913,-0.28800911,0.00122106,0.23607439,
8862,-0.99940801,-0.48232481,11.94515514,6.00000000,-0.28681642,0.30615234,0.26406971,-1.27049005,-0.14913425,0.07000000,0.00549451,0.16013548,-0.23999999,0.23999999,-0.01229746,2.62322998,-3.14682865,-1.26576781,-0.24698918,0.00122106,0.12307722,
8870,-4.38361216,0.22157048,4.18075943,6.00000000,-0.27070314,0.33032227,0.21132812,-0.57717097,-0.16354311,0.07000000,0.00366300,0.05254130,0.12081356,-0.11442845,-0.01229746,0.49392816,-0.66671580,-0.58805668,0.14657494,0.00122106,-0.00036730,
8878,-3.57078075,0.13298501,-4.23725414,6.00000000,0.07895508,-0.10795899,0.50259703,0.38910195,-0.16642174,0.07000000,0.00366300,-0.05814978,0.23999999,-0.23999999,-0.01229746,-0.24260075,0.41713369,0.37793797,0.23496196,0.00122106,0.00466129,
8886,-3.55880976,-0.60682333,-6.12149048,6.00000000,0.25620118,-0.30292970,0.36212972,0.75996977,-0.09462995,0.07000000,0.00549451,0.13533436,0.23999999,-0.23999999,-0.01229746,0.98262036,-1.43989658,0.76806670,0.53041279,0.00122106,0.15279722,
8894,-1.24720788,0.67287749,-2.22013903,6.00000000,0.26425782,-0.33837891,0.18559693,0.92445838,-0.09192006,0.07000000,0.00549451,0.22530788,0.23999999,-0.23999999,-0.01229746,3.06479836,-3.79783654,0.93786359,0.42560786,0.00122106,0.33361804,
8902,-1.18735290,-2.54612660,4.57460546,6.00000000,0.27070314,-0.35610351,-0.15907134,0.87982976,-0.03092238,0.07000000,0.00549451,0.14965139,0.23999999,-0.23999999,-0.01229746,5.41052055,-5.89746761,0.88145530,0.40216166,0.00122106,0.50211763,
8910,0.86447799,1.39832056,11.99423599,6.00000000,0.27231446,-0.38994139,-0.35830659,0.67461908,0.30293569,0.07000000,0.00549451,-0.02336760,0.23999999,-0.23999999,-0.01229746,7.67595768,-7.56251144,0.67474830,0.16856630,0.00122106,0.63144308,
8917,7.84237862,-2.77477288,13.71686459,5.00000000,0.30937499,-0.37543947,-0.49755216,0.05829185,0.42794302,0.07000000,0.00549451,0.03570401,-0.23999999,0.23999999,-0.01229746,8.72664642,-8.81391239,0.04981649,-0.56444466,0.00122106,0.67314649,
8926,9.41536903,2.05433178,20.52477646,6.00000000,-0.18530273,0.21430664,-0.82664168,-1.18664122,0.36533540,0.07000000,0.00549451,-0.01009141,-0.23999999,0.23999999,-0.01229746,7.82954693,-7.81383944,-1.18590271,-0.36822885,0.00122106,0.50310206,
8934,2.06517005,1.79096973,20.53136063,6.00000000,-0.27875978,0.33515626,-0.36644414,-1.73407292,0.17273827,0.07000000,0.00549451,0.01205230,-0.23999999,0.23999999,-0.01229746,5.98473406,-5.98997021,-1.73017764,-0.36258984,0.00122106,0.32527396,
8942,1.07037938,1.88314641,17.75947380,6.00000000,-0.26425782,0.32871094,0.06479567,-1.13518000,-0.13197546,0.07000000,0.00549451,0.07551222,-0.23999999,0.23999999,-0.01229746,3.27074695,-3.50462127,-1.11513531,-0.29531419,0.00122106,0.17788833,
8950,-2.37008858,1.12059319,7.20703030,6.00000000,-0.27392578,0.32709962,0.22241409,-0.53979272,-0.27261102,0.07000000,0.00549451,-0.17565231,-0.09764726,0.07263258,-0.01229746,1.44338727,-0.87790060,-0.54388487,-0.02070987,0.00122106,0.04590894,
8958,-5.06955099,1.98968840,2.44616008,6.00000000,-0.13374023,0.12729493,0.46064535,0.26557702,-0.31713369,0.07000000,0.00366300,-0.23606312,0.23999999,-0.23999999,-0.01229746,0.04537856,0.71558499,0.25799787,0.39522824,0.00122106,-0.00479183,
8966,-3.24038076,-0.70378846,-4.42519903,6.00000000,0.21430664,-0.28198242,0.62831354,0.91395885,-0.26608041,0.07000000,0.00366300,-0.16175291,0.23999999,-0.23999999,-0.01229746,0.50265479,0.00000000,0.91973531,0.55727029,0.00122106,0.08992903,
8974,-2.16179299,-1.36339104,-4.80946827,6.00000000,0.27714843,-0.31743163,0.19676197,1.21074557,-0.21497907,0.07000000,0.00366300,0.01283941,0.23999999,-0.23999999,-0.01229746,2.44869709,-2.51676464,1.23050213,0.57147366,0.00122106,0.28507897,
8982,-1.57641065,-2.37015295,1.80690825,6.00000000,0.25620118,-0.36738282,-0.17040403,1.21537292,-0.18410544,0.07000000,0.00366300,0.01650731,0.23999999,-0.23999999,-0.01229746,4.67224646,-4.74729538,1.23620093,0.45769963,0.00122106,0.44977152,
8989,-0.07764038,-0.08847864,8.61482048,5.00000000,0.25136718,-0.39316407,-0.45747766,1.11981416,0.09580378,0.07000000,0.00366300,-0.29612243,0.23999999,-0.23999999,-0.01229746,7.26755095,-6.35299826,1.10677481,0.25418177,0.00122106,0.60086834,
8998,4.55633688,-3.02975535,12.66700745,6.00000000,0.29648438,-0.35771483,-0.51657283,0.59836376,0.28658283,0.07000000,0.00549451,-0.26398200,-0.04339591,0.00547221,-0.01229746,8.71093845,-7.88714266,0.60141999,-0.31911138,0.00122106,0.67680573,
9006,7.70231819,1.27621627,18.92185974,6.00000000,0.04350586,-0.07250977,-0.92876363,-0.55466843,0.32738391,0.07000000,0.00549451,-0.14996627,-0.23999999,0.23999999,-0.01229746,8.75806236,-8.24842644,-0.56742585,-0.68256450,0.00122106,0.60383004,
9014,4.92025566,1.79096973,20.53136063,6.00000000,-0.22719726,0.29003906,-0.35364267,-1.43925714,0.17730595,0.07000000,0.00549451,-0.17645817,-0.23999999,0.23999999,-0.01229746,7.36528921,-6.80154848,-1.43206620,-0.35481837,0.00122106,0.43240809,
9022,-0.59359086,0.09467778,20.53136063,6.00000000,-0.25458986,0.35449219,0.07143486,-1.44478047,-0.09307908,0.07000000,0.00549451,0.09263480,-0.23999999,0.23999999,-0.01229746,4.74729538,-5.03003931,-1.42431915,-0.10995871,0.00122106,0.26391631,
9030,-0.79590088,1.30494678,12.61672878,6.00000000,-0.27070314,0.32065430,0.15520041,-0.85609877,-0.28548449,0.07000000,0.00549451,-0.14651597,-0.23999999,0.23999999,-0.01229746,2.88502932,-2.41379046,-0.84939945,-0.16260275,0.00122106,0.13715036,
9038,-3.94068480,-0.54098278,5.01394129,6.00000000,-0.27553710,0.32065430,0.35816953,-0.11679434,-0.36270264,0.07000000,0.00549451,-0.24278176,0.23999999,-0.23999999,-0.01229746,0.72082096,0.06632251,-0.12193984,0.22184375,0.00122106,0.01524797,
9046,-3.80780673,0.75906879,-2.77200246,6.00000000,0.20302734,-0.26586914,0.58319527,0.79959220,-0.37018600,0.07000000,0.00549451,-0.33354908,0.23999999,-0.23999999,-0.01229746,0.48869219,0.58992130,0.79590642,0.43111774,0.00122106,0.05683759,
9054,-2.68732023,-2.59281373,-6.71644974,6.00000000,0.24492188,-0.32226563,0.47441289,1.06656158,-0.30093658,0.07000000,0.00549451,-0.12558815,0.23999999,-0.23999999,-0.01229746,2.37190247,-1.97396731,1.09124422,0.64663285,0.00122106,0.24878263,
9061,-1.91159892,0.67527169,-2.43322301,5.00000000,0.28198242,-0.31420898,0.16997108,1.18246472,-0.28602064,0.07000000,0.00549451,-0.03652935,0.23999999,-0.23999999,-0.01229746,4.43139076,-4.32143545,1.20040309,0.55026221,0.00122106,0.42039764,
9070,-1.06165731,-2.63351512,2.50242376,6.00000000,0.27392578,-0.35449219,-0.40734115,1.03832603,-0.18491383,0.07000000,0.00549451,-0.13860044,0.23999999,-0.23999999,-0.01229746,6.59385347,-6.15403128,1.11715400,0.38001198,0.00122106,0.56929427,
9078,2.61224532,1.72393203,10.37695312,6.00000000,0.29003906,-0.39316407,-0.33315185,0.78075272,0.15804815,0.07000000,0.00549451,-0.47276199,0.23999999,-0.23999999,-0.01229746,8.92386818,-7.46477365,0.77961022,-0.05926704,0.00122106,0.68479991,
9086,6.51718807,-2.53774691,15.40717125,6.00000000,0.30292970,-0.39799803,-0.58218467,0.00703523,0.38888994,0.07000000,0.00549451,-0.49563271,-0.23999999,0.23999999,-0.01229746,10.07229424,-8.49800777,0.00717711,-0.57932293,0.00122106,0.70792598,
9094,7.90343094,1.24269748,20.53136063,6.00000000,-0.14340821,0.19658203,-0.65459806,-1.34867084,0.34985363,0.07000000,0.00549451,-0.45183167,-0.23999999,0.23999999,-0.01229746,9.30434990,-7.85572720,-1.35380089,-0.76328218,0.00122106,0.55362684,
9102,1.02608657,0.86920202,20.53136063,6.00000000,-0.26586914,0.35288087,-0.19056068,-2.05172753,0.15581656,0.07000000,0.00549451,-0.14588946,-0.23999999,0.23999999,-0.01229746,7.23438978,-6.77536821,-2.03482223,-0.35466743,0.00122106,0.37868485,
9110,2.06517005,1.57668865,17.74510956,6.00000000,-0.25942382,0.32871094,-0.04526679,-1.43789828,-0.21671388,0.07000000,0.00549451,-0.07662687,-0.23999999,0.23999999,-0.01229746,4.41393757,-4.15562916,-1.41732526,-0.38808608,0.00122106,0.22153910,
9118,-4.58592224,0.21079656,9.49468994,6.00000000,-0.26103514,0.35126954,0.30726799,-0.85549384,-0.39010248,0.07000000,0.00549451,-0.14088783,0.23999999,-0.23999999,-0.01229746,2.50978351,-2.05948853,-0.85863179,0.25566566,0.00122106,0.11278069,
9126,-3.82336903,3.11496329,0.74627686,6.00000000,0.19819336,-0.26425782,0.46128118,-0.06148903,-0.48892921,0.07000000,0.00549451,-0.26862359,0.23999999,-0.23999999,-0.01229746,2.22529483,-1.35088491,-0.07440305,0.33850557,0.00122106,0.13180129,
9133,-2.83695793,-1.60759962,-8.82813549,5.00000000,0.28359374,-0.31904298,0.98061872,0.48015252,-0.40000325,0.07000000,0.00549451,-0.12916529,0.23999999,-0.23999999,-0.01229746,3.86241364,-3.45051599,0.48098069,0.72460371,0.00122106,0.31526831,
9142,-2.77231431,-0.76484060,-3.92840195,6.00000000,0.28520507,-0.35449219,0.36861625,0.65293092,-0.33132246,0.07000000,0.00549451,-0.06678631,0.23999999,-0.23999999,-0.01229746,6.26573181,-6.07200050,0.66207796,0.69649404,0.00122106,0.51922375,
9150,-0.62232125,-4.15981865,1.60220397,6.00000000,0.27231446,-0.33999023,-0.00848146,0.49604136,-0.20987016,0.07000000,0.00549451,-0.10652883,0.23999999,-0.23999999,-0.01229746,8.30078602,-7.94473886,0.49671310,0.36250663,0.00122106,0.65713459,
9158,0.36887825,-0.04298881,7.46680117,6.00000000,0.30292970,-0.41088867,-0.70176613,0.20601530,0.05052613,0.07000000,0.00549451,-0.17330657,0.23999999,-0.23999999,-0.01229746,10.15083408,-9.57138634,0.18805879,0.13836706,0.00122106,0.76591134,
9166,4.08348227,-1.33705485,13.53370857,6.00000000,0.31904298,-0.40122071,-0.83688015,-0.24169585,0.28062487,0.07000000,0.00549451,-0.33553922,-0.07519034,0.02672777,-0.01229746,11.93979740,-10.89783669,-0.24056040,-0.29131001,0.00122106,0.85795355,
9174,8.74858379,0.62259924,20.12255096,6.00000000,0.00644531,-0.05317383,-0.97972840,-1.37322307,0.24528262,0.07000000,0.00549451,-0.08445011,-0.23999999,0.23999999,-0.01229746,11.53313541,-11.25213814,-1.37047756,-0.84041893,0.00122106,0.76142824,
9182,5.58943510,2.91145611,20.53136063,6.00000000,-0.20141602,0.26103514,-0.12315389,-2.24190235,-0.06042986,0.07000000,0.00549451,-0.18737116,-0.23999999,0.23999999,-0.01229746,9.69879532,-9.03906059,-2.20624447,-0.27919197,0.00122106,0.54308820,
9190,-0.38888660,-0.05495982,20.53136063,6.00000000,-0.28198242,0.32548827,0.36333475,-2.35121489,-0.30016315,0.07000000,0.00549451,-0.02237421,-0.23999999,0.23999999,-0.01229746,7.32689190,-7.27453232,-2.31778646,-0.11170256,0.00122106,0.38252425,
9198,-0.27755621,-1.40768373,12.86213493,6.00000000,-0.27231446,0.30454102,0.24317710,-1.55926967,-0.43342617,0.07000000,0.00549451,-0.28612566,-0.23999999,0.23999999,-0.01229746,5.46288061,-4.52563858,-1.54965496,-0.22220333,0.00122106,0.26146439,
9205,-4.55360031,-0.62477982,5.85071468,5.00000000,-0.30454102,0.32871094,0.27919391,-1.02613568,-0.41552201,0.07000000,0.00549451,-0.42850065,0.23999999,-0.23999999,-0.01229746,3.62504888,-2.23576689,-1.03421545,0.28911999,0.00122106,0.14344187,
9214,-3.75992250,-1.23170996,-3.75841355,6.00000000,0.23364258,-0.30454102,0.40621290,0.11308055,-0.38012165,0.07000000,0.00549451,-0.56309956,0.23999999,-0.23999999,-0.01229746,3.20442462,-1.37706482,0.09984767,0.45358121,0.00122106,0.18277860,
9222,-2.96025920,-1.51661992,-6.46864986,6.00000000,0.25620118,-0.31582031,0.25316265,0.42911202,-0.34519926,0.07000000,0.00549451,-0.43295360,0.23999999,-0.23999999,-0.01229746,5.06320047,-3.66519141,0.43749368,0.60642576,0.00122106,0.36638713,
9230,-1.36931217,0.59386885,-2.07050133,6.00000000,0.27714843,-0.32871094,0.07397274,0.51099676,-0.35571104,0.07000000,0.00549451,-0.41891536,0.23999999,-0.23999999,-0.01229746,7.23438978,-5.89048624,0.51649612,0.44224024,0.00122106,0.54347420,
9238,-1.69252944,-1.38613594,5.18632412,6.00000000,0.26425782,-0.34965819,-0.17035529,0.50496715,-0.22391352,0.07000000,0.00549451,-0.51173246,0.23999999,-0.23999999,-0.01229746,9.39161587,-7.76147938,0.51139581,0.32754967,0.00122106,0.69031042,
9246,4.32170534,0.54478770,9.14872742,6.00000000,0.28681642,-0.39638671,-0.31459871,0.04446821,0.04982359,0.07000000,0.00549451,-0.65478665,0.01534796,-0.10696203,-0.01229746,11.27308178,-9.21184731,0.04079732,-0.21898746,0.00122106,0.77657855,
9254,7.74661064,-0.80195075,15.08515072,6.00000000,0.06928711,-0.24169922,-0.67442656,-0.78813732,0.21495715,0.07000000,0.00549451,-0.70391709,-0.23999999,0.23999999,-0.01229746,11.90663624,-9.65167046,-0.78770375,-0.76895213,0.00122106,0.76118755,
9262,6.10299110,1.38994086,20.53136063,6.00000000,-0.22236328,0.26748046,-0.62124187,-1.89015186,0.21111675,0.07000000,0.00549451,-0.50358582,-0.23999999,0.23999999,-0.01229746,10.49641037,-8.86801815,-1.88213170,-0.84788328,0.00122106,0.59407616,
9270,2.97376966,-0.07411344,20.53136063,6.00000000,-0.24653320,0.33999023,-0.23301196,-2.11725831,-0.04385160,0.07000000,0.00549451,-0.44764876,-0.23999999,0.23999999,-0.01229746,8.39328861,-6.94466496,-2.08914733,-0.48916164,0.00122106,0.42610365,
9277,0.45746371,2.07468247,17.49850655,5.00000000,-0.26748046,0.30937499,0.01222598,-1.54874015,-0.34130585,0.07000000,0.00549451,-0.49422368,-0.23999999,0.23999999,-0.01229746,6.25176954,-4.65304804,-1.53460574,-0.18665802,0.00122106,0.29714203,
9286,-3.45466185,0.05277926,7.18548250,6.00000000,-0.25781250,0.33676758,0.32280222,-0.93541586,-0.45887414,0.07000000,0.00549451,-0.66741264,0.18648185,-0.23999999,-0.01229746,4.08057976,-1.90589952,-0.94216442,0.22492079,0.00122106,0.15480165,
9295,-3.99216008,2.22551727,1.60818946,7.00000000,0.14340821,-0.26909178,0.38571912,-0.13672222,-0.46503943,0.07000000,0.00549451,-0.68444425,0.23999999,-0.23999999,-0.01229746,3.54301834,-1.33692217,-0.15806502,0.40474856,0.00122106,0.17328469,
9302,-3.07398391,-1.49507213,-5.74679804,6.00000000,0.25136718,-0.33515626,0.71742034,0.36049631,-0.40412173,0.07000000,0.00549451,-0.37484789,0.23999999,-0.23999999,-0.01229746,4.89215755,-3.66868210,0.36444876,0.76326716,0.00122106,0.35514927,
9310,-1.68534684,-1.30593026,-2.73728657,6.00000000,0.25942382,-0.36738282,0.23585708,0.42833742,-0.37095037,0.07000000,0.00549451,-0.37318528,0.23999999,-0.23999999,-0.01229746,7.17330313,-5.98473406,0.43807530,0.56239462,0.00122106,0.53705513,
9318,-1.62668884,-3.78991437,2.84838605,6.00000000,0.28520507,-0.35610351,-0.08379048,0.36974913,-0.20784758,0.07000000,0.00549451,-0.43793815,0.23999999,-0.23999999,-0.01229746,9.37765408,-7.97790003,0.38450813,0.38862365,0.00122106,0.69073784,
9326,2.84927130,-1.57408082,6.80480433,6.00000000,0.31259766,-0.38188475,-0.48345768,0.02381519,0.01766851,0.07000000,0.00549451,-0.47234070,0.12760590,-0.19442552,-0.01229746,11.17708874,-9.63421726,0.02959189,-0.15073770,0.00122106,0.79416114,
9334,6.73266649,-0.31473070,12.87769699,6.00000000,0.20947266,-0.32065430,-0.83979559,-0.67779922,0.21894084,0.07000000,0.00549451,-0.54475522,-0.23999999,0.23999999,-0.01229746,12.48433971,-10.71108627,-0.67839873,-0.72988915,0.00122106,0.83127475,
9342,10.05940914,1.43064237,19.85918999,6.00000000,-0.18208008,0.22236328,-0.63062769,-1.86491668,0.15729837,0.07000000,0.00549451,-0.36741900,-0.23999999,0.23999999,-0.01229746,11.21199512,-10.01295376,-1.85619187,-0.96896005,0.00122106,0.66621816,
9349,4.65689325,1.39832056,20.53136063,5.00000000,-0.27231446,0.34321290,-0.02915522,-2.48240614,-0.00394551,0.07000000,0.00549451,-0.32614285,-0.23999999,0.23999999,-0.01229746,9.74591923,-8.69697571,-2.45910954,-0.48816153,0.00122106,0.51517683,
9358,3.07791758,-0.74209571,17.96058655,6.00000000,-0.27714843,0.33515626,0.18730125,-1.75625610,-0.34175745,0.07000000,0.00549451,-0.41227257,-0.23999999,0.23999999,-0.01229746,7.17679405,-5.84859848,-1.72715235,-0.39473468,0.00122106,0.36151898,
9366,-2.14862490,-0.97553039,10.67503166,6.00000000,-0.28198242,0.33999023,0.33138907,-1.27105868,-0.39095318,0.07000000,0.00549451,-0.70198560,-0.00833842,-0.08910514,-0.01229746,5.57283592,-3.30739903,-1.26841450,0.09892866,0.00122106,0.23969468,
9374,-2.19052339,-1.06411588,2.55629325,6.00000000,-0.04350586,-0.08056641,0.19706868,-0.40942091,-0.35069671,0.07000000,0.00549451,-0.64839804,0.19088076,-0.23999999,-0.01229746,4.09105158,-1.98967540,-0.41669530,0.14826618,0.00122106,0.19766758,
9382,-1.79787433,-0.68463486,-2.63194180,6.00000000,0.17402343,-0.32226563,0.41590679,0.15842591,-0.32091442,0.07000000,0.00549451,-0.41946644,0.23999999,-0.23999999,-0.01229746,4.69319010,-3.33706951,0.15468195,0.39057031,0.00122106,0.31594101,
9390,-1.92356992,-1.92004299,-2.03099704,6.00000000,0.24492188,-0.33999023,0.22817822,0.36105609,-0.29914054,0.07000000,0.00549451,-0.21312514,0.23999999,-0.23999999,-0.01229746,6.43153811,-5.73340654,0.37000954,0.47062519,0.00122106,0.49491590,
9398,-0.51937062,-2.19657326,1.07069123,6.00000000,0.27875978,-0.37382811,0.06506665,0.33205971,-0.21161829,0.07000000,0.00549451,-0.24887848,0.23999999,-0.23999999,-0.01229746,8.47706413,-7.68293953,0.34038758,0.31886172,0.00122106,0.64331055,
9406,3.11622477,-1.41366923,5.46046019,6.00000000,0.28842774,-0.35610351,-0.33305138,-0.08105177,-0.00498457,0.07000000,0.00549451,-0.24319002,0.13299325,-0.16858846,-0.01229746,10.43183327,-9.64992619,-0.07599398,-0.13440555,0.00122106,0.76050073,
9414,6.45374203,-0.36381185,10.82586575,6.00000000,0.18046875,-0.27553710,-0.74337316,-0.78646350,0.18280689,0.07000000,0.00549451,-0.22691095,-0.23999999,0.23999999,-0.01229746,11.78097248,-11.04793453,-0.78554589,-0.58310390,0.00122106,0.80800623,
9421,8.40741062,2.58105636,16.17451286,5.00000000,-0.18208008,0.21752930,-0.63677198,-1.59349871,0.23421000,0.07000000,0.00549451,-0.27696830,-0.23999999,0.23999999,-0.01229746,10.90132618,-9.99201012,-1.58666706,-0.76161289,0.00122106,0.67388165,
9430,5.56908417,1.61978424,20.53136063,6.00000000,-0.27553710,0.33999023,0.08519855,-2.14421225,0.10955013,0.07000000,0.00549451,-0.32352981,-0.23999999,0.23999999,-0.01229746,9.20661163,-8.16639519,-2.12144375,-0.62367827,0.00122106,0.49993947,
9438,4.06193447,0.22276758,19.33126831,6.00000000,-0.28681642,0.32871094,0.23100983,-1.48665702,-0.15800411,0.07000000,0.00549451,-0.50899398,-0.23999999,0.23999999,-0.01229746,6.96211815,-5.34768867,-1.45936632,-0.45378375,0.00122106,0.36061981,
9446,-0.53852421,-1.19100857,12.88966751,6.00000000,-0.28198242,0.31582031,0.26641521,-1.00598943,-0.19701882,0.07000000,0.00549451,-0.73348248,-0.20303680,0.10141839,-0.01229746,5.44019127,-3.01069307,-0.99690092,-0.07640216,0.00122106,0.24548626,
9454,-1.10116160,-1.14671576,5.71544266,6.00000000,-0.25942382,0.15468749,0.18333434,-0.21908203,-0.12746611,0.07000000,0.00549451,-0.80759138,-0.00932732,-0.10181631,-0.01229746,3.53603721,-0.90058988,-0.21814781,-0.00022184,0.00122106,0.15470314,
9462,-2.30903625,-0.41528717,2.88908744,6.00000000,-0.02739258,-0.09667969,0.16311388,0.43247446,-0.08093283,0.07000000,0.00549451,-0.61710620,0.23999999,-0.23999999,-0.01229746,2.60577655,-0.63704520,0.43172938,0.15272836,0.00122106,0.15572752,
9470,-1.67098165,-1.73688650,0.33567128,6.00000000,0.21108398,-0.30131835,0.14663827,0.86518186,-0.04242848,0.07000000,0.00549451,-0.31229183,0.23999999,-0.23999999,-0.01229746,3.38593864,-2.36317563,0.87875783,0.27611774,0.00122106,0.28758138,
9478,-1.11911809,-1.01862597,2.78972793,6.00000000,0.24169922,-0.31904298,0.02672465,1.02514160,-0.00889704,0.07000000,0.00366300,-0.21300894,0.23999999,-0.23999999,-0.01229746,5.72293472,-5.03702021,1.03616655,0.33902228,0.00122106,0.48444527,
9486,4.01764154,-0.39972487,3.18118000,6.00000000,0.29165038,-0.33354491,-0.15224236,0.80155224,0.12609465,0.07000000,0.00366300,-0.20596413,0.17576729,-0.20526999,-0.01229746,7.39845037,-6.72126293,0.81293499,-0.16459525,0.00122106,0.59871703,
9493,6.35677671,-0.16748729,8.23893070,5.00000000,0.24169922,-0.32387695,-0.37165961,-0.02141193,0.22593541,0.07000000,0.00366300,-0.18674082,-0.23999999,0.23999999,-0.01229746,8.74060822,-8.17163181,-0.02158552,-0.50974321,0.00122106,0.64272070,
9502,9.01434040,2.18002748,13.97902966,6.00000000,-0.21108398,0.24331054,-0.23700176,-1.13845503,0.29239681,0.07000000,0.00549451,-0.33490813,-0.23999999,0.23999999,-0.01229746,8.37583542,-7.28500414,-1.14073706,-0.73824489,0.00122106,0.50751525,
9510,2.37761354,0.66330069,20.53136063,6.00000000,-0.29970703,0.38188475,0.14687656,-1.53526926,0.23623151,0.07000000,0.00549451,-0.33105800,-0.23999999,0.23999999,-0.01229746,7.19424725,-6.07200050,-1.52085805,-0.34620377,0.00122106,0.39052957,
9518,3.82371140,-0.08967575,16.82214355,6.00000000,-0.26425782,0.35610351,0.28012866,-0.91057855,0.11711055,0.07000000,0.00549451,-0.42905188,-0.23999999,0.23999999,-0.01229746,5.11556005,-3.68962598,-0.89665532,-0.49897873,0.00122106,0.26476493,
9526,0.00017118,-1.83504879,12.23724747,6.00000000,-0.28842774,0.33032227,0.12185179,-0.37723240,0.01104730,0.07000000,0.00549451,-0.59550685,-0.23999999,0.22526044,-0.01229746,3.32485223,-1.43815136,-0.36991918,-0.20706928,0.00122106,0.15071502,
9534,-0.61633575,-0.38655674,7.73136044,6.00000000,-0.27553710,0.33032227,0.18852559,0.22166662,0.07315959,0.07000000,0.00549451,-0.76814353,-0.11097609,0.00565871,-0.01229746,1.58999491,0.94247782,0.22176787,-0.09515387,0.00122106,0.04261445,
9542,-1.81822503,-1.35979974,4.52791834,6.00000000,-0.14179687,0.06123047,0.21262582,0.88347185,0.08956106,0.07000000,0.00549451,-0.53379184,0.20987505,-0.23999999,-0.01229746,0.03141592,1.71565866,0.89389688,0.05414668,0.00122106,0.00587987,
9550,-1.26755857,-0.83187824,3.56185818,6.00000000,0.17885742,-0.25781250,0.13632217,1.28497791,0.11322834,0.07000000,0.00549451,-0.17044631,0.23999999,-0.23999999,-0.01229746,0.47996554,0.07504916,1.29526639,0.14358293,0.00122106,0.11489124,
9558,-0.80428058,-0.51105523,4.77930975,6.00000000,0.23686524,-0.29970703,0.00249530,1.39487648,0.15581013,0.07000000,0.00549451,0.00014215,0.23999999,-0.23999999,-0.01229746,2.65813661,-2.67209911,1.40475130,0.27694073,0.00122106,0.31112856,
9565,3.37001014,0.21678208,4.73262262,5.00000000,0.30454102,-0.35288087,-0.06839675,1.23643243,0.21502316,0.07000000,0.00549451,0.02646782,0.23999999,-0.23999999,-0.01229746,4.26907539,-4.33539772,1.24838436,-0.10543010,0.00122106,0.42409918,
9574,6.41304064,0.41909212,8.09168816,6.00000000,0.32065430,-0.37543947,-0.12845320,0.26088488,0.31203389,0.07000000,0.00549451,0.13524005,-0.23999999,0.23999999,-0.01229746,5.82765436,-6.20115471,0.28325409,-0.43275648,0.00122106,0.48112491,
9582,9.35431767,1.44141626,11.61714935,6.00000000,-0.19497070,0.22558594,-0.04563551,-0.91805428,0.35792944,0.07000000,0.00549451,-0.03951380,-0.23999999,0.23999999,-0.01229746,5.68279219,-5.55538273,-0.91714776,-0.66280907,0.00122106,0.35865998,
9590,0.29585508,0.34008345,20.53136063,6.00000000,-0.29648438,0.34804687,0.07907991,-1.20590281,0.29638854,0.07000000,0.00549451,-0.20801279,-0.22857119,0.19837712,-0.01229746,4.88343096,-4.15911961,-1.20911038,-0.09712833,0.00122106,0.25345176,
9598,2.93546247,0.59386885,16.06437874,6.00000000,-0.25458986,0.29809570,0.28638461,-0.55029756,0.26156953,0.07000000,0.00549451,-0.26940718,-0.23999999,0.23999999,-0.01229746,2.85361338,-1.94953275,-0.54189640,-0.46937901,0.00122106,0.14764035,
9606,0.30064347,-1.38853014,11.52018452,6.00000000,-0.27714843,0.33354491,0.10651018,-0.04709844,0.17704788,0.07000000,0.00549451,-0.28519332,-0.23999999,0.23999999,-0.01229746,0.99483770,-0.07679449,-0.04349348,-0.22208196,0.00122106,0.03563796,
9614,-0.31227216,0.20720527,8.23893070,6.00000000,-0.29165038,0.36416015,0.19864331,0.57918727,0.20142953,0.07000000,0.00549451,-0.35083342,-0.13555299,0.08741356,-0.01229746,-0.61435592,1.76976395,0.57825333,-0.15012081,0.00122106,-0.04545469,
9622,-1.23164558,-1.66984892,5.45447445,6.00000000,-0.18046875,0.15307617,0.15790296,1.16074657,0.23158169,0.07000000,0.00366300,-0.34603530,0.06958058,-0.11643602,-0.01229746,-1.86750233,2.97927690,1.16915989,-0.05983277,0.00122106,-0.09349121,
9630,-0.70731544,-0.24051045,5.11569500,6.00000000,-0.00322266,-0.08378907,0.02796579,1.60211194,0.25462636,0.07000000,0.00366300,-0.21935076,0.22983070,-0.23999999,-0.01229746,-1.72613060,2.44520640,1.60960400,-0.02201271,0.00122106,-0.03841580,
9637,-0.52775031,-0.06812793,6.82156372,5.00000000,0.18852539,-0.25297850,0.01415371,1.79755020,0.27333707,0.07000000,0.00366300,0.04059726,0.23999999,-0.23999999,-0.01229746,-0.07679449,-0.03141592,1.80435228,0.13016416,0.00122106,0.13736278,
9646,4.14213991,0.23354149,5.34314394,6.00000000,0.28037110,-0.34321290,0.07644978,1.61389840,0.27456364,0.07000000,0.00549451,0.16262996,0.12983268,-0.10828823,-0.01229746,1.65806282,-2.19562435,1.62528121,-0.21303089,0.00122106,0.26997763,
9654,6.44296789,-0.04179171,8.59806156,6.00000000,0.20463867,-0.19013672,-0.01120132,0.58308905,0.30942106,0.07000000,0.00549451,0.23444526,-0.23999999,0.23999999,-0.01229746,2.58832335,-3.34754157,0.58287072,-0.42902905,0.00122106,0.27146199,
9662,6.64647532,0.73512673,13.57560635,6.00000000,-0.21914062,0.25297850,-0.02639252,-0.43622464,0.35317123,0.07000000,0.00549451,0.01651452,-0.23999999,0.23999999,-0.01229746,2.51327419,-2.55516195,-0.43827063,-0.46013799,0.00122106,0.15836024,
9670,0.60949552,-1.05693328,20.53136063,6.00000000,-0.28681642,0.35126954,0.07289788,-0.55120593,0.31981936,0.07000000,0.00549451,-0.05486305,-0.23999999,0.23999999,-0.01229746,1.35961151,-1.16238928,-0.54541749,-0.20531881,0.00122106,0.05584079,
9678,2.16572666,1.62337554,13.42716599,6.00000000,-0.28842774,0.35288087,0.12569591,0.09770606,0.28650540,0.07000000,0.00366300,-0.18728559,-0.23999999,0.23999999,-0.01229746,-0.41015238,1.01403630,0.10023052,-0.42456219,0.00122106,-0.05152078,
9686,0.02890160,-0.92525214,9.79157066,6.00000000,-0.30776367,0.36577147,0.20449217,0.63492483,0.23685279,0.07000000,0.00366300,-0.27297342,-0.23813513,0.20105490,-0.01229746,-1.85179436,2.75063896,0.63604134,-0.20992947,0.00122106,-0.12686443,
9694,-0.54211551,-0.66548127,7.46919537,6.00000000,-0.30292970,0.29326171,0.21403478,1.11673439,0.23637456,0.07000000,0.00366300,-0.39701045,-0.08535098,0.03177915,-0.01229746,-3.12064886,4.45757103,1.11970222,-0.12881097,0.00122106,-0.20335567,
9702,-1.35853827,-1.27839684,6.17991781,6.00000000,-0.15952149,0.08701172,0.18123484,1.67055881,0.28412497,0.07000000,0.00366300,-0.32865900,0.15528649,-0.19924906,-0.01229746,-4.03694677,5.08239889,1.68024540,-0.02104139,0.00122106,-0.22296828,
9709,-0.83420813,-0.91447824,5.63882828,5.00000000,0.09506836,-0.18046875,0.05137549,1.96192300,0.30952045,0.07000000,0.00366300,-0.11407913,0.23999999,-0.23999999,-0.01229746,-3.49938512,3.84146976,1.97346818,0.04115294,0.00122106,-0.13129973,
9718,1.47978783,0.20002267,6.64199877,6.00000000,0.26425782,-0.33515626,-0.01837555,2.06042385,0.33377349,0.07000000,0.00366300,0.17409995,0.23999999,-0.23999999,-0.01229746,-1.55508828,0.96865773,2.06801796,0.00674502,0.00122106,0.05883281,
9726,5.19319487,-0.41049877,6.92331743,6.00000000,0.28198242,-0.36577147,0.01053726,1.27274847,0.36016119,0.07000000,0.00366300,0.18518955,-0.10476013,0.12972274,-0.01229746,0.46251225,-1.05243349,1.27915525,-0.30509704,0.00122106,0.15512869,
9734,7.18397331,0.16770095,9.41807556,6.00000000,-0.04995117,0.09667969,-0.03338929,0.26953790,0.35964903,0.07000000,0.00549451,0.14423081,-0.23999999,0.23999999,-0.01229746,0.72082096,-1.18682384,0.26787639,-0.48085740,0.00122106,0.09355079,
9742,3.40831733,0.63217604,18.20359802,6.00000000,-0.29487306,0.36416015,-0.04647693,-0.44160989,0.33575574,0.07000000,0.00549451,0.15146445,-0.23999999,0.23999999,-0.01229746,-0.15707964,-0.32986721,-0.44356379,-0.33225662,0.00122106,-0.02522240,
9750,1.12424886,0.87638462,16.23795891,6.00000000,-0.30131835,0.36899415,0.03264145,0.07828932,0.21276517,0.07000000,0.00366300,0.02077456,-0.23999999,0.23999999,-0.01229746,-1.30027032,1.24441981,0.08369893,-0.29959902,0.00122106,-0.08922804,
9758,-0.00820853,-0.52182913,12.51856709,6.00000000,-0.29003906,0.36738282,0.17207332,0.36190280,0.10864563,0.07000000,0.00366300,0.06133097,-0.23999999,0.23999999,-0.01229746,-2.94087982,2.75587487,0.36104861,-0.21662374,0.00122106,-0.19053310,
9766,-0.84019363,0.25149798,9.81431580,6.00000000,-0.31582031,0.36093751,0.08298761,0.78048468,0.06738245,0.07000000,0.00366300,-0.11184800,-0.16517094,0.15041795,-0.01229746,-4.16261005,4.53436518,0.78060055,-0.13721642,0.00122106,-0.27126992,
9774,-1.41001368,-0.71815372,7.30519247,6.00000000,-0.24008790,0.25942382,0.28109893,1.39310896,0.08171615,0.07000000,0.00366300,-0.17923886,0.03276318,-0.05630387,-0.01229746,-5.26914883,5.84510756,1.39608669,-0.05231535,0.00122106,-0.31685400,
9781,-1.18615580,-1.24727225,5.75853825,5.00000000,-0.04028320,-0.00322266,0.10356350,1.87088621,0.16094081,0.07000000,0.00366300,-0.15101445,0.19447814,-0.21402577,-0.01229746,-5.34419823,5.83638096,1.87948751,-0.00683066,0.00122106,-0.28407618,
9790,-0.60556185,-1.03418827,5.43651819,6.00000000,0.17080078,-0.22880860,-0.06805981,2.13589478,0.21898836,0.07000000,0.00366300,0.08361524,0.23999999,-0.23999999,-0.01229746,-3.90255642,3.63901138,2.14729214,0.08709052,0.00122106,-0.12459217,
9798,3.36043334,0.27783421,2.92739463,6.00000000,0.26103514,-0.32226563,-0.15229802,1.87285674,0.22687593,0.07000000,0.00366300,0.26865524,0.18021074,-0.14328536,-0.01229746,-2.15373635,1.29154360,1.89384913,-0.13440821,0.00122106,0.01478494,
9806,5.68520308,0.56274420,5.88303661,6.00000000,0.22880860,-0.22719726,-0.13777712,0.99685502,0.23275064,0.07000000,0.00366300,0.33541718,-0.19119847,0.23668337,-0.01229746,-0.68416905,-0.39618975,1.00679517,-0.31380016,0.00122106,0.06790914,
9814,7.38628340,0.17608064,10.42364025,6.00000000,-0.15146485,0.22397462,-0.07929417,-0.08562841,0.22769420,0.07000000,0.00366300,0.02474892,-0.23999999,0.23999999,-0.01229746,-0.70685834,0.64228117,-0.08716011,-0.51487297,0.00122106,-0.05696907,
9822,0.46344921,-0.43444079,20.53136063,6.00000000,-0.31904298,0.40605468,0.01739422,-0.62782198,0.21535380,0.07000000,0.00549451,0.07005692,-0.23999999,0.23999999,-0.01229746,-1.21300387,0.99658298,-0.62655294,-0.13846570,0.00122106,-0.13212173,
9830,3.32452035,1.47134376,14.60870457,6.00000000,-0.28842774,0.36093751,-0.13561098,0.02920662,0.07153149,0.07000000,0.00549451,0.04359031,-0.23999999,0.23999999,-0.01229746,-3.04734492,2.89375591,0.03470039,-0.52957499,0.00122106,-0.22517897,
9838,-0.82941973,-0.14713658,12.63947392,6.00000000,-0.31098634,0.38510743,0.16065456,0.24995075,-0.04420141,0.07000000,0.00549451,0.13302970,-0.22625548,0.23999999,-0.01229746,-4.47851515,4.06138134,0.24955221,-0.11601532,0.00122106,-0.30777857,
9846,-1.44113827,0.37120807,7.64756346,6.00000000,-0.30292970,0.35771483,0.07054916,0.92613846,-0.13903183,0.07000000,0.00549451,-0.00457945,-0.09953208,0.09944266,-0.01229746,-5.90095854,5.90619421,0.92712188,-0.07900168,0.00122106,-0.37872496,
9853,-2.66218114,-0.59485233,5.83634949,5.00000000,-0.16757813,0.18691406,0.20775199,1.47956705,-0.13458355,0.07000000,0.00549451,-0.15352015,0.16290167,-0.18292995,-0.01229746,-6.68635654,7.16981220,1.48418379,0.06101780,0.00122106,-0.41483510,
9862,-2.38445377,-1.40528953,4.16399956,6.00000000,0.10634766,-0.16596679,0.07841220,2.01383901,-0.09684334,0.07000000,0.00366300,-0.02362237,0.23999999,-0.23999999,-0.01229746,-5.92888355,6.02138615,2.02570033,0.17528424,0.00122106,-0.30099347,
9870,0.59513032,-0.68822616,1.40707648,6.00000000,0.25297850,-0.30131835,-0.02423296,2.10002041,-0.04222320,0.07000000,0.00366300,0.14932482,0.23999999,-0.23999999,-0.01229746,-4.31445408,3.82576156,2.12224960,0.10521766,0.00122106,-0.14842471,
9878,2.61942792,-0.97193909,5.17554998,6.00000000,0.29165038,-0.32709962,-0.21949592,1.48812640,0.01248746,0.07000000,0.00366300,0.36566776,0.23999999,-0.23592988,-0.01229746,-2.25671077,1.09083080,1.50010705,-0.00516034,0.00122106,-0.01165679,
9886,5.03996563,0.22276758,9.71136475,6.00000000,0.28359374,-0.34643555,-0.24140729,0.61791819,0.04766173,0.07000000,0.00366300,0.40756032,-0.03820512,0.09332177,-0.01229746,-0.36128318,-0.94422311,0.61914080,-0.15957658,0.00122106,0.07242712,
9894,7.79090357,0.71836734,12.81425095,6.00000000,0.02255859,0.05156250,-0.29813185,-0.55521810,0.02504902,0.07000000,0.00366300,0.41195345,-0.23999999,0.23999999,-0.01229746,0.00000000,-1.33517683,-0.55551779,-0.36070156,0.00122106,0.00555354,
9902,5.00644684,1.23192358,18.59744453,6.00000000,-0.26586914,0.32387695,0.09088419,-1.41639984,0.00533007,0.07000000,0.00366300,-0.00719148,-0.23999999,0.23999999,-0.01229746,-0.55501467,0.57246798,-1.40267479,-0.50770390,0.00122106,-0.14848027,
9910,-1.48423386,-2.42282534,20.53136063,6.00000000,-0.30454102,0.38188475,0.15584786,-1.23663390,-0.05757364,0.07000000,0.00549451,0.15583816,-0.23999999,0.23999999,-0.01229746,-1.82910514,1.33866751,-1.21085274,0.00727791,0.00122106,-0.21313918,
9918,0.84532440,0.03721695,11.13711262,6.00000000,-0.29003906,0.35126954,-0.03785167,-0.83942503,-0.07669657,0.07000000,0.00549451,-0.06384353,-0.23999999,0.23999999,-0.01229746,-3.25852966,3.46273303,-0.83815396,-0.28637311,0.00122106,-0.31878003,
9925,-3.16975188,-0.73132181,8.75488186,5.00000000,-0.30937499,0.35288087,0.01298284,-0.30314457,-0.10145904,0.07000000,0.00549451,-0.14463019,-0.08216666,0.06245250,-0.01229746,-4.50644016,4.97767925,-0.30912989,0.09652027,0.00122106,-0.38589650,
9934,-3.02250838,0.55077320,3.74740863,6.00000000,-0.13857421,0.11118164,0.11338732,0.49837285,-0.08376572,0.07000000,0.00549451,-0.24367952,0.11844787,-0.15123984,-0.01229746,-5.38608599,6.18021107,0.49506950,0.15194622,0.00122106,-0.40138978,
9942,-3.03328228,-0.64273632,2.34680080,6.00000000,0.06767578,-0.16113281,0.28554016,1.00471425,-0.01581988,0.07000000,0.00549451,-0.20226930,0.23999999,-0.23999999,-0.01229746,-4.86772299,5.52222157,1.01076460,0.33974898,0.00122106,-0.31763867,
9950,-1.44233537,-0.77202320,2.45094848,6.00000000,0.25297850,-0.30292970,0.10776588,1.15215552,0.02238775,0.07000000,0.00549451,0.09020530,0.23999999,-0.23999999,-0.01229746,-3.27598286,2.98451304,1.16331005,0.32970604,0.00122106,-0.14986865,
9958,3.41549993,-1.22811866,2.62213397,6.00000000,0.25620118,-0.33999023,-0.25123990,0.79860675,0.09890805,0.07000000,0.00549451,0.11009020,0.06534824,-0.05073679,-0.01229746,-0.99483770,0.63879049,0.81049049,-0.07148647,0.00122106,0.00330557,
9966,5.20516586,0.47535586,8.13717747,6.00000000,0.10312500,-0.13051757,-0.29706627,0.06045198,0.19603628,0.07000000,0.00366300,0.05717418,-0.23999999,0.23999999,-0.01229746,0.18151423,-0.36826447,0.06237781,-0.26803520,0.00122106,0.02522103,
9974,6.04553032,0.50288916,16.19606018,6.00000000,-0.21914062,0.27070314,-0.40428230,-0.93773067,0.19369949,0.07000000,0.00366300,-0.14152230,-0.23999999,0.23999999,-0.01229746,-0.52534413,0.99658298,-0.93711287,-0.46835914,0.00122106,-0.12823717,
9982,0.36528695,0.59267175,20.53136063,6.00000000,-0.29003906,0.40122071,0.04828968,-1.28046203,0.11461072,0.07000000,0.00549451,0.01341798,-0.23999999,0.23999999,-0.01229746,-1.51669109,1.47480321,-1.26753724,-0.18278238,0.00122106,-0.21074319,
9990,3.93264747,2.17523909,17.05438232,6.00000000,-0.30131835,0.35771483,-0.04231004,-0.82863313,-0.08691543,0.07000000,0.00549451,0.06239174,-0.23999999,0.23999999,-0.01229746,-3.63203025,3.43131733,-0.81512272,-0.59927189,0.00122106,-0.33356377,
9997,-1.50338745,-0.47514221,12.81185627,5.00000000,-0.28681642,0.38671875,0.29455647,-0.55878532,-0.20864110,0.07000000,0.00549451,0.02273615,-0.23999999,0.23999999,-0.01229746,-4.84677935,4.78394747,-0.55741292,-0.06105179,0.00122106,-0.40981099,
10006,-1.60274684,-0.34944662,5.73339891,6.00000000,-0.29809570,0.37705079,0.14268409,0.08251454,-0.25434220,0.07000000,0.00549451,-0.11779694,-0.23999999,0.23999999,-0.01229746,-6.43677425,6.81725597,0.05582243,-0.04905602,0.00122106,-0.50319368,
10014,-3.39480686,-0.04538301,3.58580017,6.00000000,-0.30776367,0.33676758,0.26837102,0.77567375,-0.16882804,0.07000000,0.00549451,-0.33253598,0.11610192,-0.16047952,-0.01229746,-7.73180866,8.77900600,0.77590126,0.17362070,0.00122106,-0.57158065,
10022,-2.76992011,-1.75244880,1.63811696,6.00000000,0.06123047,-0.11762695,0.08685877,1.39075530,-0.08320099,0.07000000,0.00366300,-0.21466744,0.23409376,-0.23999999,-0.01229746,-8.16115952,8.86103725,1.40349627,0.16591385,0.00122106,-0.54197419,
10030,-1.94032931,-0.64034212,1.77219224,6.00000000,0.19819336,-0.30615234,-0.07538743,1.73940539,-0.04633060,0.07000000,0.00366300,-0.02900855,0.23999999,-0.23999999,-0.01229746,-6.04931116,6.15403128,1.75662613,0.31364202,0.00122106,-0.32642877,
10038,0.77948385,-0.59365523,3.11055112,6.00000000,0.27714843,-0.33515626,-0.14294045,1.69065285,0.02420651,0.07000000,0.00549451,0.03359792,0.23999999,-0.23999999,-0.01229746,-3.89906549,3.77165651,1.70772684,0.16055451,0.00122106,-0.16380550,
10046,4.02961254,-0.95757383,9.43483448,6.00000000,0.27714843,-0.34160155,-0.29695353,0.89904660,0.13616265,0.07000000,0.00549451,0.17003715,-0.06154950,0.08449429,-0.01229746,-1.87273836,1.30550635,0.89952528,-0.15922880,0.00122106,-0.05479307,
10054,7.52155590,0.09946619,13.87727642,6.00000000,-0.00966797,0.05639648,-0.38493749,-0.22730635,0.15569821,0.07000000,0.00549451,0.20802183,-0.23999999,0.23999999,-0.01229746,-1.19205987,0.51661748,-0.23311764,-0.40688676,0.00122106,-0.08296692,
10062,5.03876877,2.55831122,20.53136063,6.00000000,-0.25620118,0.34160155,-0.13623480,-1.16592836,0.09703584,0.07000000,0.00549451,-0.04402654,-0.23999999,0.23999999,-0.01229746,-1.79943442,1.94429684,-1.15619910,-0.43219715,0.00122106,-0.23047292,
10069,0.75554180,-1.31790125,20.53136063,5.00000000,-0.29648438,0.36899415,0.26050884,-1.30083978,0.02408593,0.07000000,0.00549451,0.16792734,-0.23999999,0.23999999,-0.01229746,-3.34754157,2.84663200,-1.24951386,-0.23206784,0.00122106,-0.33220133,
10078,1.03087497,0.32691535,13.57800102,6.00000000,-0.29970703,0.35771483,0.06697264,-0.85461950,-0.12882341,0.07000000,0.00549451,-0.00996420,-0.23999999,0.23999999,-0.01229746,-4.95673513,4.98815060,-0.84751344,-0.33135632,0.00122106,-0.44355515,
10086,-2.80224180,-0.84025800,7.90853119,6.00000000,-0.29809570,0.36254883,0.14058037,-0.36722326,-0.19636601,0.07000000,0.00549451,-0.04316919,-0.21214598,0.20652148,-0.01229746,-6.40012264,6.58512688,-0.38342795,0.05022889,0.00122106,-0.52433836,
10094,-3.45107055,1.23910618,2.94295692,6.00000000,-0.29970703,0.28520507,0.18223165,0.37114266,-0.18960235,0.07000000,0.00549451,-0.24387577,0.05497521,-0.08745651,-0.01229746,-7.67246771,8.42121410,0.32910913,0.18502906,0.00122106,-0.58616394,
10102,-3.28467345,-0.98031878,0.23032640,6.00000000,0.00966797,-0.05639648,0.38050917,1.02434444,-0.10632519,0.07000000,0.00549451,-0.26579839,0.23999999,-0.23999999,-0.01229746,-8.14196110,9.00066280,1.03005910,0.31480077,0.00122106,-0.57529086,
10110,-3.12905049,-1.27959394,0.77021891,6.00000000,0.19980469,-0.28198242,0.12606670,1.39575386,-0.08695300,0.07000000,0.00549451,-0.08409482,0.23999999,-0.23999999,-0.01229746,-6.65668583,6.92023039,1.40993333,0.45744732,0.00122106,-0.40985113,
10118,-1.68774104,-0.59604943,3.21829009,6.00000000,0.25942382,-0.33676758,-0.10212319,1.47265506,-0.00359317,0.07000000,0.00549451,-0.05964484,0.23999999,-0.23999999,-0.01229746,-4.01251173,4.18006372,1.48600376,0.42467681,0.00122106,-0.19880757,
10126,3.10904217,-2.27079344,7.06936359,6.00000000,0.27553710,-0.31904298,-0.20969972,0.92981756,0.15544197,0.07000000,0.00549451,0.15158652,0.04122428,-0.02076533,-0.01229746,-1.91637158,1.43466055,0.93773192,-0.08726069,0.00122106,-0.05863295,
10134,6.44536209,0.07193287,11.49624252,6.00000000,0.09023438,-0.05156250,-0.50282806,0.01546264,0.20218745,0.07000000,0.00549451,0.26172590,-0.23999999,0.23999999,-0.01229746,-0.90757120,0.06457718,0.01280504,-0.31045592,0.00122106,-0.03386437,
10141,6.60816765,1.79456103,20.50203133,5.00000000,-0.20947266,0.26264650,-0.36222509,-1.05595696,0.16369955,0.07000000,0.00549451,0.05338933,-0.23999999,0.23999999,-0.01229746,-1.40673530,1.23394775,-1.05099392,-0.41066831,0.00122106,-0.18124011,
10150,1.47978783,-0.22734234,20.53136063,6.00000000,-0.30615234,0.38188475,0.32481214,-1.63557518,0.10938982,0.07000000,0.00549451,0.18747675,-0.23999999,0.23999999,-0.01229746,-2.93215322,2.31256127,-1.61940002,-0.33321881,0.00122106,-0.32233781,
10158,2.54281330,-0.21537134,17.48653603,6.00000000,-0.29165038,0.34482422,0.02377810,-1.17828918,-0.07979164,0.07000000,0.00549451,0.10777745,-0.23999999,0.23999999,-0.01229746,-4.75951290,4.39822960,-1.16103590,-0.45430300,0.00122106,-0.44059426,
10166,-2.06841898,-0.54696828,10.16027832,6.00000000,-0.30131835,0.37705079,0.19136970,-0.92599195,-0.14112832,0.07000000,0.00549451,0.09178387,-0.23999999,0.23999999,-0.01229746,-6.18370152,5.89746761,-0.92759359,-0.05025154,0.00122106,-0.53372133,
10174,-3.02849388,0.57830656,3.11414242,6.00000000,-0.31904298,0.34482422,0.06113188,-0.14871381,-0.16262159,0.07000000,0.00549451,-0.03465697,-0.13547717,0.13131340,-0.01229746,-7.81907511,7.92030382,-0.15714490,0.10514025,0.00122106,-0.61221898,
10182,-2.53289413,0.32212695,-1.03381205,6.00000000,-0.18046875,0.23686524,0.31319463,0.55297351,-0.10560903,0.07000000,0.00549451,-0.22294958,-0.01594901,-0.01336911,-0.01229746,-9.05651379,9.81573200,0.56413960,0.13224970,0.00122106,-0.67760533,
10190,-3.13503599,-0.81511885,-1.26485252,6.00000000,-0.05961914,0.06123047,0.19660562,1.07188261,-0.09665158,0.07000000,0.00549451,-0.09999157,0.23999999,-0.23999999,-0.01229746,-9.45968437,9.78606129,1.08147347,0.30121994,0.00122106,-0.65048206,
10198,-1.77034104,-0.81751305,0.71156096,6.00000000,0.19013672,-0.28520507,-0.08945847,1.49294305,-0.07764652,0.07000000,0.00549451,-0.12017496,0.23999999,-0.23999999,-0.01229746,-7.79638577,8.14021587,1.49110138,0.24404939,0.00122106,-0.49384096,
10206,-2.67056084,-0.21058293,6.81677532,6.00000000,0.21108398,-0.32548827,0.15511926,1.70691371,0.05097286,0.07000000,0.00549451,-0.00579001,0.23999999,-0.23999999,-0.01229746,-4.82758093,4.87470436,1.71337032,0.49553204,0.00122106,-0.23615739,
10213,4.81251669,-0.95039123,8.24491692,5.00000000,0.28198242,-0.33193359,-0.14019495,1.32975650,0.19853297,0.07000000,0.00549451,0.15163279,-0.14759168,0.16837069,-0.01229746,-3.09795952,2.60926723,1.33825433,-0.25607097,0.00122106,-0.11555032,
10222,7.08102274,-2.02419066,14.37886143,6.00000000,-0.11923828,0.15791015,-0.47583625,0.06872753,0.25214985,0.07000000,0.00549451,0.13357462,-0.23999999,0.23999999,-0.01229746,-2.91120934,2.48011303,0.05560696,-0.33962891,0.00122106,-0.20095661,
10230,3.53401279,1.71794653,20.53136063,6.00000000,-0.27231446,0.36093751,-0.32497793,-0.79007578,0.25961432,0.07000000,0.00549451,-0.10658997,-0.23999999,0.23999999,-0.01229746,-3.66693687,4.01600266,-0.78825462,-0.37400833,0.00122106,-0.35471535,
10238,1.52408051,-0.52422333,20.53136063,6.00000000,-0.25136718,0.39155275,0.05130985,-0.66426456,0.08065610,0.07000000,0.00549451,0.11708295,-0.23999999,0.23999999,-0.01229746,-5.95680857,5.55363798,-0.65252161,-0.32417327,0.00122106,-0.49061835,
10246,-0.71928644,1.39233506,13.47145844,6.00000000,-0.29003906,0.38188475,0.12218240,-0.44575375,-0.10847072,0.07000000,0.00549451,0.05923410,-0.23999999,0.23999999,-0.01229746,-7.41415834,7.21693659,-0.44084191,-0.15608132,0.00122106,-0.59308022,
10254,-3.15179539,-1.08925498,5.67474127,6.00000000,-0.30776367,0.35449219,0.28944090,0.16743182,-0.23837556,0.07000000,0.00366300,0.05862367,-0.14538515,0.15443890,-0.01229746,-9.00764370,8.82612991,0.16370896,0.07022470,0.00122106,-0.66554171,
10262,-3.95864129,1.89990592,1.39869678,6.00000000,-0.22397462,0.22075196,0.38176796,0.88489199,-0.22187428,0.07000000,0.00366300,-0.14361387,0.14560178,-0.16363862,-0.01229746,-10.04960537,10.48593807,0.88796014,0.21662030,0.00122106,-0.71364594,
10270,-4.45902967,-2.03735876,-2.10641456,6.00000000,0.09345703,-0.14179687,0.64949346,1.47962081,-0.15288188,0.07000000,0.00366300,-0.19690639,0.23999999,-0.23999999,-0.01229746,-9.86634636,10.50513744,1.49436712,0.49567354,0.00122106,-0.66217756,
10278,-3.06560421,-1.77519369,-1.73770738,6.00000000,0.24331054,-0.26909178,0.17596380,1.88470662,-0.09077951,0.07000000,0.00366300,0.05774851,0.23999999,-0.23999999,-0.01229746,-7.91332293,7.71959114,1.90863740,0.57690513,0.00122106,-0.44788176,
10285,-0.24762870,-1.29276204,0.94379848,5.00000000,0.26425782,-0.29648438,-0.20862745,1.78963363,-0.00186735,0.07000000,0.00366300,0.15712991,0.23999999,-0.23999999,-0.01229746,-5.47160721,4.99338722,1.81236899,0.34930536,0.00122106,-0.26599944,
10294,1.73836160,-1.10481727,6.47560167,6.00000000,0.26425782,-0.33515626,-0.37506628,1.47478104,0.17350106,0.07000000,0.00549451,0.19415918,0.23999999,-0.23999999,-0.01229746,-3.02989173,2.40331841,1.48256254,0.12853108,0.00122106,-0.09138612,
10302,5.16326714,-0.88694489,12.90642738,6.00000000,0.31098634,-0.33999023,-0.62216169,0.64778829,0.23448980,0.07000000,0.00549451,0.36651152,-0.04670829,0.09620332,-0.01229746,-1.46782184,0.27750733,0.63996899,-0.13701922,0.00122106,-0.01976927,
10310,6.90624619,2.09862471,20.53136063,6.00000000,0.02255859,0.04189453,-0.31240797,-0.59717101,0.12827808,0.07000000,0.00549451,0.43184042,-0.23999999,0.23999999,-0.01229746,-1.35263014,-0.01919862,-0.59904850,-0.22321007,0.00122106,-0.09786606,
10318,5.23988152,-0.55415088,20.53136063,6.00000000,-0.23203126,0.30131835,0.16728358,-1.76313150,-0.06617516,0.07000000,0.00549451,0.20889071,-0.23999999,0.23999999,-0.01229746,-2.71224165,2.03505397,-1.75382471,-0.56461298,0.00122106,-0.31447574,
10326,0.17255370,-1.66745472,20.53136063,6.00000000,-0.30292970,0.35288087,0.34942204,-2.15775728,-0.16826473,0.07000000,0.00549451,0.20211348,-0.23999999,0.23999999,-0.01229746,-4.05614519,3.39990139,-2.13518214,-0.26074108,0.00122106,-0.44677570,
10334,-0.62471545,-2.03376746,11.72369194,6.00000000,-0.28037110,0.34321290,0.12875274,-1.57433975,-0.23964909,0.07000000,0.00549451,0.04108906,-0.23999999,0.23999999,-0.01229746,-5.74736881,5.60076141,-1.57350326,-0.22284786,0.00122106,-0.54372913,
10342,-5.81414747,-0.10763226,5.42095566,6.00000000,-0.30937499,0.34965819,0.06893148,-1.00314629,-0.21505877,0.07000000,0.00549451,-0.04889300,0.02857128,-0.03503072,-0.01229746,-7.23438978,7.40892267,-1.04046261,0.34215009,0.00122106,-0.63566375,
10350,-4.06757736,1.04397881,-3.45195580,6.00000000,-0.01611328,0.03222656,0.27557522,-0.02837948,-0.24188760,0.07000000,0.00549451,-0.17434517,0.23999999,-0.23999999,-0.01229746,-8.03724098,8.58003902,-0.06886744,0.41418421,0.00122106,-0.63755095,
10357,-3.40917206,0.26945451,-6.17296600,5.00000000,0.22880860,-0.26425782,0.31755590,0.38534468,-0.21074410,0.07000000,0.00549451,-0.00607027,0.23999999,-0.23999999,-0.01229746,-7.02669573,7.03367710,0.38331068,0.58068240,0.00122106,-0.50602978,
10366,-2.31981039,0.38557330,-3.58603120,6.00000000,0.25458986,-0.29648438,0.23036201,0.53822345,-0.19310080,0.07000000,0.00549451,0.18692534,0.23999999,-0.23999999,-0.01229746,-4.23940468,3.53603721,0.57285082,0.57877213,0.00122106,-0.25670338,
10374,-1.18495870,-1.21495056,4.50397635,6.00000000,0.24169922,-0.32387695,-0.06393768,0.48019019,-0.14391865,0.07000000,0.00549451,0.13878465,0.23999999,-0.23999999,-0.01229746,-1.47305787,1.02101767,0.48301175,0.41852519,0.00122106,-0.05235660,
10382,3.90990257,-0.90250725,10.33505440,6.00000000,0.27875978,-0.35932618,-0.12904213,0.01315069,0.18075293,0.07000000,0.00366300,0.14784966,-0.16601704,0.18552685,-0.01229746,0.50789082,-0.98262036,0.01279163,-0.15944564,0.00122106,0.05782348,
10390,7.38149500,-0.72413921,17.08790016,6.00000000,-0.10957031,0.14018555,-0.66952163,-0.93214637,0.23545553,0.07000000,0.00366300,-0.01138721,-0.23999999,0.23999999,-0.01229746,0.51487213,-0.47996554,-0.93291551,-0.31995982,0.00122106,-0.03322591,
10398,2.66850901,0.60703695,20.53136063,6.00000000,-0.27070314,0.32065430,-0.55771309,-1.79344451,0.19316286,0.07000000,0.00366300,-0.29450616,-0.23999999,0.23999999,-0.01229746,-0.88313657,1.87622893,-1.77889228,-0.36573759,0.00122106,-0.24176547,
10406,0.86806929,1.28579319,20.53136063,6.00000000,-0.24975586,0.37060547,0.05912707,-1.87892044,-0.01795705,0.07000000,0.00366300,-0.00675252,-0.23999999,0.23999999,-0.01229746,-3.30390835,3.33706951,-1.85523689,-0.25192592,0.00122106,-0.39257267,
10414,0.68251866,2.23150277,14.04487038,6.00000000,-0.30454102,0.37221679,0.16931732,-1.65623355,-0.29564166,0.07000000,0.00366300,-0.06133298,-0.23999999,0.23999999,-0.01229746,-5.04923725,5.23598766,-1.64683497,-0.28309900,0.00122106,-0.51914918,
10422,-4.60028744,-0.31832200,6.13921642,6.00000000,-0.29970703,0.36899415,0.38623649,-1.04131353,-0.41939819,0.07000000,0.00366300,-0.03542448,-0.10106854,0.09660174,-0.01229746,-6.78409481,6.85390806,-1.05029345,0.23637500,0.00122106,-0.59728044,
10429,-3.75273991,2.99764729,-0.78361803,5.00000000,-0.14663085,0.15791015,0.47008216,-0.34308603,-0.39417002,0.07000000,0.00366300,-0.18837380,0.08151814,-0.10636613,-0.01229746,-7.84525490,8.45088482,-0.33709335,0.30358484,0.00122106,-0.64713866,
10438,-3.98378038,-2.05651236,-4.99980736,6.00000000,0.03544922,-0.07412110,0.50235552,0.32684648,-0.33641937,0.07000000,0.00549451,-0.09396956,0.23999999,-0.23999999,-0.01229746,-7.87318039,8.16290474,0.32352915,0.53788811,0.00122106,-0.58664322,
10446,-3.21524167,0.47775006,-2.76601696,6.00000000,0.22558594,-0.26586914,0.14862184,0.66233051,-0.28151414,0.07000000,0.00549451,0.08366758,0.23999999,-0.23999999,-0.01229746,-6.00742340,5.70548105,0.66701853,0.57256019,0.00122106,-0.39484626,
10454,-1.54648316,-2.20375586,1.99126172,6.00000000,0.21269532,-0.30937499,-0.21775384,0.72771049,-0.23042431,0.07000000,0.00366300,0.06824075,0.23999999,-0.23999999,-0.01229746,-3.11890340,2.86583066,0.73426121,0.47657323,0.00122106,-0.17132773,
10462,0.74596500,0.40951532,9.39652729,6.00000000,0.26103514,-0.33676758,-0.08842877,0.55703086,0.07284447,0.07000000,0.00366300,-0.07255838,0.23999999,-0.23999999,-0.01229746,-0.31939524,0.57421333,0.55874628,0.15013573,0.00122106,0.01115228,
10470,6.04313612,-4.48303604,13.12908840,6.00000000,0.30292970,-0.37060547,-0.43144754,-0.07486852,0.17775974,0.07000000,0.00366300,-0.00178026,-0.23999999,0.23999999,-0.01229746,1.24092913,-1.21998513,-0.07643431,-0.40897346,0.00122106,0.08661740,
10478,7.89505148,1.45578146,20.53136063,6.00000000,-0.17402343,0.22397462,-0.77229500,-1.35591638,0.23617470,0.07000000,0.00366300,0.02979607,-0.23999999,0.23999999,-0.01229746,0.60562927,-0.69987702,-1.35351336,-0.35268116,0.00122106,-0.05262899,
10486,2.79899287,0.47296166,20.53136063,6.00000000,-0.28359374,0.37221679,-0.24519834,-2.19928694,0.13148125,0.07000000,0.00366300,-0.08236710,-0.23999999,0.23999999,-0.01229746,-1.06116021,1.30550635,-2.17738438,-0.43555713,0.00122106,-0.25310454,
10494,0.48260280,0.74709773,20.53136063,6.00000000,-0.24814454,0.35288087,0.17423140,-2.02632046,-0.09021319,0.07000000,0.00366300,0.12292394,-0.23999999,0.23999999,-0.01229746,-3.40862799,3.01592898,-2.02238131,-0.20024782,0.00122106,-0.39854109,
10501,-1.10714710,-0.83546954,10.86537075,5.00000000,-0.30454102,0.37866211,0.18321626,-1.70956433,-0.26644322,0.07000000,0.00366300,0.00961715,-0.23999999,0.23999999,-0.01229746,-4.65828371,4.60417843,-1.70803571,-0.16004550,0.00122106,-0.48286504,
10510,-4.40396309,0.37839070,3.49362326,6.00000000,-0.30292970,0.36416015,0.23720860,-0.96610147,-0.35517523,0.07000000,0.00549451,-0.10861217,-0.11874044,0.10403691,-0.01229746,-6.41233969,6.71428204,-0.96834588,0.20844330,0.00122106,-0.56999952,
10518,-2.93512011,-0.23213075,-3.19457912,6.00000000,-0.15791015,0.17563477,0.57813942,-0.15313934,-0.32437360,0.07000000,0.00549451,-0.18501785,0.07542533,-0.10005876,-0.01229746,-7.62010765,8.21526527,-0.16138422,0.26671565,0.00122106,-0.61389494,
10526,-3.65098643,-1.61717641,-3.91882515,6.00000000,0.01450195,-0.05800781,0.18147881,0.47392663,-0.30498418,0.07000000,0.00366300,-0.02790460,0.23999999,-0.23999999,-0.01229746,-7.78416824,7.87841606,0.47294945,0.41857368,0.00122106,-0.56107485,
10534,-1.14784849,0.57710946,-1.91128707,6.00000000,0.20463867,-0.26748046,-0.03910200,0.87130713,-0.22849567,0.07000000,0.00366300,0.14932624,0.23999999,-0.23999999,-0.01229746,-6.08596325,5.72642517,0.90856540,0.30247784,0.00122106,-0.38474858,
10542,-2.94589400,-0.26564956,5.17315578,6.00000000,0.19819336,-0.31904298,-0.17473646,0.94235075,-0.17792588,0.07000000,0.00549451,0.02756651,0.23999999,-0.23999999,-0.01229746,-3.06479836,2.98102236,0.94712973,0.55288005,0.00122106,-0.16137414,
10550,2.15016437,1.51443934,11.20534706,6.00000000,0.26586914,-0.35126954,0.01110842,0.61460996,0.11586800,0.07000000,0.00549451,-0.02892385,0.08804581,-0.09242234,-0.01229746,-0.65798914,0.75921822,0.61581999,-0.01988214,0.00122106,-0.00943774,
10558,8.19312954,-4.19333744,13.36132526,6.00000000,0.13857421,-0.18852539,-0.36892128,-0.43315911,0.22947583,0.07000000,0.00366300,-0.04749621,-0.23999999,0.23999999,-0.01229746,0.31066859,-0.16057029,-0.43075180,-0.59957653,0.00122106,-0.01459607,
10566,7.35276461,2.55831122,20.53136063,6.00000000,-0.21591797,0.27553710,-0.47788471,-1.67813039,0.32834163,0.07000000,0.00366300,-0.19312575,-0.23999999,0.23999999,-0.01229746,-0.14137168,0.76619959,-1.67085469,-0.44593164,0.00122106,-0.16532804,
10573,1.48577332,-0.41289297,20.53136063,5.00000000,-0.27392578,0.36577147,-0.19090304,-2.02974200,0.27571389,0.07000000,0.00366300,-0.08323126,-0.23999999,0.23999999,-0.01229746,-1.61268425,1.89542758,-2.00390100,-0.35397431,0.00122106,-0.28702787,
10582,1.19248366,2.35719848,16.53364372,6.00000000,-0.29487306,0.37705079,-0.05742756,-1.78529263,0.03462769,0.07000000,0.00366300,-0.00194499,-0.23999999,0.23999999,-0.01229746,-3.87986708,3.87812161,-1.73877513,-0.30728766,0.00122106,-0.42646986,
10590,-3.72760081,-0.03580621,8.66390228,6.00000000,-0.29648438,0.38027343,0.14061721,-1.22374320,-0.15285081,0.07000000,0.00366300,0.00788287,-0.21630354,0.21743236,-0.01229746,-5.29881954,5.29358339,-1.21074414,0.13858578,0.00122106,-0.49634328,
10598,-3.69767332,1.89392042,1.34841859,6.00000000,-0.27070314,0.34482422,0.28052101,-0.48764196,-0.26711151,0.07000000,0.00366300,-0.11489491,-0.00472334,-0.01036483,-0.01229746,-6.85041714,7.14363241,-0.48117793,0.23021089,0.00122106,-0.56800735,
10606,-3.16855478,-0.28959158,-3.67341948,6.00000000,-0.04995117,0.02094727,0.73592871,0.26797229,-0.28018758,0.07000000,0.00366300,-0.20529948,0.23999999,-0.23999999,-0.01229746,-7.59392786,8.25366211,0.25987455,0.34220299,0.00122106,-0.58362263,
10614,-3.43071985,-1.89250958,-2.95515895,6.00000000,0.21914062,-0.23203126,0.43235347,0.66442358,-0.21548398,0.07000000,0.00366300,0.04054075,0.23999999,-0.23999999,-0.01229746,-6.55196571,6.40361309,0.67136121,0.52971220,0.00122106,-0.44245175,
10622,-1.52014685,-1.78836191,-1.10683525,6.00000000,0.22558594,-0.32065430,-0.14840223,0.90117592,-0.27050474,0.07000000,0.00366300,0.16955400,0.23999999,-0.23999999,-0.01229746,-3.81179905,3.29518175,0.91041487,0.47342253,0.00122106,-0.20403141,
10630,-0.18897076,0.70879054,8.00429916,6.00000000,0.24814454,-0.33032227,-0.07354316,0.80019355,0.01217248,0.07000000,0.00366300,-0.02891834,0.23999999,-0.23999999,-0.01229746,-0.80634212,0.89709926,0.80402404,0.26917589,0.00122106,0.00116177,
10638,5.33325529,-3.71090579,10.47152424,6.00000000,0.28842774,-0.36093751,-0.32764098,0.22952452,0.16588242,0.07000000,0.00366300,0.04872404,-0.23999999,0.23999999,-0.01229746,0.88488197,-1.08734012,0.23413026,-0.32436171,0.00122106,0.09560894,
10645,7.89744568,1.68801904,17.14296722,5.00000000,-0.16435547,0.21108398,-0.87312883,-0.94643629,0.26942649,0.07000000,0.00366300,0.13249144,-0.23999999,0.23999999,-0.01229746,0.35604715,-0.77667153,-0.94775051,-0.38544852,0.00122106,-0.02769912,
10654,2.81455517,1.84962761,20.53136063,6.00000000,-0.27070314,0.36738282,-0.39099726,-1.75851738,0.17522475,0.07000000,0.00366300,-0.10233332,-0.23999999,0.23999999,-0.01229746,-1.18856919,1.52192700,-1.74094605,-0.37149605,0.00122106,-0.23831216,
10662,2.04122806,0.32332405,20.53136063,6.00000000,-0.27392578,0.37060547,0.27231199,-1.64158452,-0.00881258,0.07000000,0.00366300,0.15324418,-0.23999999,0.23999999,-0.01229746,-3.54127288,3.01767421,-1.60932434,-0.36347619,0.00122106,-0.37086654,
10670,-0.03334765,-0.03101780,13.50138664,6.00000000,-0.31904298,0.37543947,0.15724510,-1.40080285,-0.19041738,0.07000000,0.00366300,0.00051002,-0.23999999,0.23999999,-0.01229746,-4.80314636,4.81710863,-1.39331663,-0.25074509,0.00122106,-0.47263235,
10678,-3.60549664,-1.02820277,5.78487444,6.00000000,-0.31098634,0.37705079,0.25996122,-0.71611565,-0.26463771,0.07000000,0.00366300,-0.05684922,-0.19267079,0.18534227,-0.01229746,-6.46993589,6.65668583,-0.72657049,0.11726227,0.00122106,-0.55481213,
10686,-3.40198946,1.30494678,1.30532300,6.00000000,-0.25297850,0.28198242,0.38082346,0.01923708,-0.22695816,0.07000000,0.00549451,-0.21821593,0.02594611,-0.05502206,-0.01229746,-7.74053526,8.48404598,-0.00745082,0.21413498,0.00122106,-0.61648816,
10694,-3.89998341,-2.09481978,-1.95797396,6.00000000,-0.00644531,0.01289062,0.32132053,0.66949958,-0.18760309,0.07000000,0.00549451,-0.15091377,0.23999999,-0.23999999,-0.01229746,-8.41423225,8.89594364,0.67280954,0.39491162,0.00122106,-0.60865277,
10702,-2.93631721,-0.17826121,-1.18225265,6.00000000,0.19497070,-0.27070314,0.00490622,1.09405661,-0.17078701,0.07000000,0.00549451,0.06109347,0.23999999,-0.23999999,-0.01229746,-6.94990110,6.76838684,1.10400319,0.43625027,0.00122106,-0.43641472,
10710,-1.51176715,0.04559665,3.56185818,6.00000000,0.21752930,-0.33515626,-0.11036295,1.22696090,-0.10928539,0.07000000,0.00549451,0.05395810,0.23999999,-0.23999999,-0.01229746,-4.02647448,3.87463093,1.23610544,0.42034593,0.00122106,-0.20423849,
10717,2.90912628,0.21558498,8.51905251,5.00000000,0.27553710,-0.33837891,-0.04696363,0.87248766,0.13538851,0.07000000,0.00549451,0.04451128,0.05314071,-0.04727121,-0.01229746,-1.76801860,1.62839222,0.87636590,-0.06328475,0.00122106,-0.06617619,
10726,6.89188099,-2.78794098,11.86734390,6.00000000,0.10634766,-0.08862305,-0.51784474,-0.03825239,0.21004817,0.07000000,0.00366300,0.16857408,-0.23999999,0.23999999,-0.01229746,-0.74525559,0.19896753,-0.04363656,-0.42717919,0.00122106,-0.03805888,
10734,7.58619928,2.91983581,20.53136063,6.00000000,-0.22397462,0.27231446,-0.61223990,-1.11537313,0.23829949,0.07000000,0.00366300,-0.03798425,-0.23999999,0.23999999,-0.01229746,-1.18333328,1.30725169,-1.10938466,-0.43156055,0.00122106,-0.17958945,
10742,2.93546247,0.48732686,20.53136063,6.00000000,-0.29809570,0.38833007,0.11406788,-1.74279106,0.18281062,0.07000000,0.00366300,0.04828604,-0.23999999,0.23999999,-0.01229746,-2.59704995,2.39110112,-1.74876511,-0.44834590,0.00122106,-0.32262164,
10750,2.21480775,0.56394130,17.91509819,6.00000000,-0.28842774,0.36738282,0.05005789,-1.36020577,-0.05209898,0.07000000,0.00366300,0.08249161,-0.23999999,0.23999999,-0.01229746,-4.50120401,4.25336742,-1.33998156,-0.39796275,0.00122106,-0.43620852,
10758,-1.91758442,0.11024010,9.65151024,6.00000000,-0.29648438,0.38349611,0.25690442,-0.99934691,-0.16350125,0.07000000,0.00366300,-0.02475613,-0.23999999,0.23999999,-0.01229746,-5.86256075,5.94808197,-1.00072515,-0.06894553,0.00122106,-0.52627712,
10766,-2.65978694,0.33529505,2.43299198,6.00000000,-0.30937499,0.36738282,0.19758034,-0.33541909,-0.22304560,0.07000000,0.00366300,-0.14513695,-0.21460059,0.19560908,-0.01229746,-7.63057947,8.11054516,-0.29622126,0.07444742,0.00122106,-0.62501526,
10774,-2.46825075,0.25508931,-1.04458606,6.00000000,-0.25942382,0.32387695,0.44382846,0.33471531,-0.16403180,0.07000000,0.00549451,-0.30140996,-0.02777514,-0.01227313,-0.01229746,-9.06000328,10.04436970,0.33003670,0.16520488,0.00122106,-0.70458102,
10782,-3.15418959,-0.93961734,-0.52025580,6.00000000,-0.07573242,0.03867187,0.11596301,0.98023260,-0.14168525,0.07000000,0.00549451,-0.22476332,0.20953941,-0.23887077,-0.01229746,-9.73719215,10.46150398,0.98693740,0.24878725,0.00122106,-0.69455576,
10789,-1.92476702,-0.30275971,1.18202162,5.00000000,0.16113281,-0.23847656,0.11363986,1.38040602,-0.05828324,0.07000000,0.00549451,-0.02293365,0.23999999,-0.23999999,-0.01229746,-8.79645920,8.86103725,1.39210963,0.26725706,0.00122106,-0.56563699,
10798,-1.55845416,-1.26522875,5.95366573,6.00000000,0.20786133,-0.30937499,-0.11151610,1.58153987,-0.06348255,0.07000000,0.00366300,0.12181229,0.23999999,-0.23999999,-0.01229746,-5.80845547,5.38957644,1.53600311,0.36566973,0.00122106,-0.30533394,
10806,3.72794318,1.24150038,10.53616714,6.00000000,0.26909178,-0.33999023,-0.12086885,1.20433724,0.12106437,0.07000000,0.00366300,0.04399468,-0.00841189,0.01479111,-0.01229746,-3.14333820,3.01069307,1.20655346,-0.12402320,0.00122106,-0.14529377,
10814,8.66359043,-3.50380731,11.33702850,6.00000000,0.03544922,-0.02739258,-0.17976885,0.35564262,0.19438568,0.07000000,0.00366300,0.13963729,-0.23999999,0.23999999,-0.01229746,-2.45044208,2.00014734,0.34720016,-0.64285272,0.00122106,-0.14327271,
10822,6.53035641,2.45296645,20.39908218,6.00000000,-0.24008790,0.26909178,-0.52431726,-0.84056556,0.19858761,0.07000000,0.00366300,-0.15664767,-0.23999999,0.23999999,-0.01229746,-3.02291012,3.52032900,-0.84212279,-0.35586089,0.00122106,-0.31155908,
10830,1.15537345,0.38078490,20.53136063,6.00000000,-0.28359374,0.41249999,0.18047020,-1.33487856,0.18943006,0.07000000,0.00366300,-0.02073123,-0.23999999,0.23999999,-0.01229746,-4.20449829,4.28303766,-1.32266355,-0.27931389,0.00122106,-0.42284584,
10838,2.43986273,-0.21297713,15.07916546,6.00000000,-0.29970703,0.36093751,-0.10974706,-0.84831470,-0.03329518,0.07000000,0.00366300,-0.11404847,-0.23999999,0.23999999,-0.01229746,-5.90793943,6.22384405,-0.82182479,-0.44933718,0.00122106,-0.52653182,
10846,-2.85970283,0.13537921,9.10563183,6.00000000,-0.29003906,0.36738282,0.27166119,-0.46933362,-0.14918734,0.07000000,0.00366300,-0.16402742,-0.21520561,0.19353163,-0.01229746,-7.26580524,7.83827400,-0.47157755,0.09261742,0.00122106,-0.61197221,
10854,-2.05046248,-0.00707579,1.78655756,6.00000000,-0.29648438,0.29970703,0.29957166,0.18017039,-0.20557359,0.07000000,0.00366300,-0.32587567,-0.15270428,0.10948999,-0.01229746,-8.83311176,9.87681866,0.17492104,0.09314150,0.00122106,-0.69888180,
10861,-3.09074330,-0.17107861,0.30933505,5.00000000,-0.18852539,0.17402343,0.58061922,0.90472621,-0.18649743,0.07000000,0.00366300,-0.39693353,0.23999999,-0.23999999,-0.01229746,-9.80700588,11.07934952,0.90780795,0.34825382,0.00122106,-0.72581446,
10870,-2.81541014,-1.95595598,0.27461913,6.00000000,0.19497070,-0.25781250,0.21028070,1.39382720,-0.12019186,0.07000000,0.00366300,-0.16434044,0.23999999,-0.23999999,-0.01229746,-9.23977375,9.77558899,1.41041207,0.35093889,0.00122106,-0.61710143,
10878,-1.98222780,-0.64752471,1.52678657,6.00000000,0.22397462,-0.28359374,-0.08690576,1.62296426,-0.04784392,0.07000000,0.00366300,-0.07228725,0.23999999,-0.23999999,-0.01229746,-6.35997963,6.57640028,1.63952816,0.43196076,0.00122106,-0.37079757,
10886,2.00531507,-0.36141765,4.07062578,6.00000000,0.27392578,-0.30937499,-0.23540442,1.39966428,0.13099101,0.07000000,0.00366300,-0.03995762,0.23394015,-0.23877098,-0.01229746,-4.00029469,4.11723137,1.41517186,0.04752815,0.00122106,-0.20037448,
10894,4.84244394,-0.78997976,10.04535580,6.00000000,0.27714843,-0.34804687,-0.58443725,0.56879485,0.23240128,0.07000000,0.00366300,0.11612426,-0.23999999,0.23999999,-0.01229746,-2.11882973,1.73485732,0.56720215,-0.26337320,0.00122106,-0.10595495,
10902,8.57021618,2.62654614,16.18768120,6.00000000,-0.18369141,0.24975586,-0.60091066,-0.69515222,0.28310838,0.07000000,0.00366300,0.19069788,-0.23999999,0.23999999,-0.01229746,-2.20609617,1.58475900,-0.69744521,-0.45660171,0.00122106,-0.19787480,
10910,3.34367394,2.94617200,20.53136063,6.00000000,-0.31259766,0.38671875,-0.10348876,-1.53379822,0.16257824,0.07000000,0.00366300,0.07278204,-0.23999999,0.23999999,-0.01229746,-3.29867220,3.06305289,-1.51724637,-0.43881148,0.00122106,-0.35733679,
10918,2.12263107,-0.28600028,20.50682068,6.00000000,-0.27231446,0.38510743,0.28218490,-1.23873436,-0.00711283,0.07000000,0.00366300,0.22736555,-0.23999999,0.23999999,-0.01229746,-5.52745819,4.78743792,-1.21581566,-0.40020770,0.00122106,-0.48256636,
10926,-0.49542856,-0.24410175,12.45751476,6.00000000,-0.31743163,0.37705079,0.12294786,-1.02212512,-0.10961070,0.07000000,0.00366300,0.09682031,-0.23999999,0.23999999,-0.01229746,-6.83645487,6.54323912,-1.01886702,-0.21240649,0.00122106,-0.58590740,
10933,-3.48578644,0.22755598,7.22977495,5.00000000,-0.30454102,0.36738282,0.13331999,-0.46343037,-0.12173943,0.07000000,0.00366300,-0.00712700,-0.20754936,0.20733875,-0.01229746,-8.13672543,8.17686749,-0.46741265,0.10400611,0.00122106,-0.65660006,
10942,-3.07637811,0.73871803,0.77021891,6.00000000,-0.26103514,0.33032227,0.14798662,0.43533146,-0.06598906,0.07000000,0.00366300,-0.13921674,0.00253433,-0.02018529,-0.01229746,-9.55044174,9.97106552,0.43560547,0.16834942,0.00122106,-0.71218163,
10950,-3.26671696,-0.41049877,-0.99071646,6.00000000,-0.03544922,0.02578125,0.03518800,1.01222980,-0.03330962,0.07000000,0.00366300,-0.05223874,0.21585181,-0.22137460,-0.01229746,-10.38121796,10.55226040,1.01861417,0.24869892,0.00122106,-0.71955281,
10958,-2.93392301,-0.06214242,0.88394344,6.00000000,0.17724609,-0.22558594,-0.13137992,1.41915655,0.01234488,0.07000000,0.00366300,0.02410539,0.23999999,-0.23999999,-0.01229746,-9.06000328,8.90292454,1.39409590,0.36762989,0.00122106,-0.57970148,
10966,-1.46867156,-0.90370435,4.42736197,6.00000000,0.22075196,-0.32226563,-0.24278797,1.60374439,0.08235323,0.07000000,0.00366300,0.00866241,0.23999999,-0.23999999,-0.01229746,-6.01265907,6.03709364,1.61322296,0.38249063,0.00122106,-0.33594209,
10974,3.53640699,0.59985435,8.56095123,6.00000000,0.27070314,-0.35126954,-0.13442330,1.12800407,0.30751279,0.07000000,0.00549451,0.12979385,-0.03355245,0.05143808,-0.01229746,-3.94444418,3.50811172,1.13370919,-0.12207890,0.00122106,-0.19360615,
10982,6.78055048,-1.67463732,12.85974026,6.00000000,0.00000000,0.01772461,-0.53947741,0.11456577,0.38198149,0.07000000,0.00549451,0.17700258,-0.23999999,0.23999999,-0.01229746,-3.09970474,2.53072739,0.10655117,-0.33925092,0.00122106,-0.20789298,
10990,6.94814444,1.99567389,20.53136063,6.00000000,-0.24008790,0.29165038,-0.42084974,-0.89703035,0.46073279,0.07000000,0.00549451,-0.02031252,-0.23999999,0.23999999,-0.01229746,-3.94269872,4.01774788,-0.89492518,-0.52870035,0.00122106,-0.37366855,
10998,0.89919394,0.65013260,20.53136063,6.00000000,-0.26748046,0.38027343,-0.04767004,-1.24621797,0.44709787,0.07000000,0.00549451,0.21913889,-0.23999999,0.23999999,-0.01229746,-5.42622852,4.68271828,-1.21020293,-0.20883316,0.00122106,-0.47705987,
11005,2.67808580,1.02961349,16.63419914,5.00000000,-0.28842774,0.35771483,-0.15255269,-0.88880324,0.26263350,0.07000000,0.00549451,0.28571934,-0.23999999,0.23999999,-0.01229746,-7.36179876,6.42804766,-0.87397170,-0.40866786,0.00122106,-0.59329402,
11014,-2.65858984,-0.57210737,9.89931011,6.00000000,-0.29970703,0.36093751,0.17557970,-0.56575423,0.13623706,0.07000000,0.00549451,0.20505616,-0.23999999,0.23999999,-0.01229746,-8.84358311,8.16814137,-0.56767297,-0.02549720,0.00122106,-0.69038689,
11022,-2.89920712,0.07911547,2.58143258,6.00000000,-0.32065430,0.33193359,0.15645912,0.11457600,0.07363302,0.07000000,0.00549451,0.03670935,-0.20923381,0.21527681,-0.01229746,-10.34282112,10.22588444,0.10867232,0.06686552,0.00122106,-0.77595133,
11030,-3.22362137,-0.05974822,-0.44483846,6.00000000,-0.26103514,0.29809570,0.50456822,0.84502876,0.11094722,0.07000000,0.00549451,-0.14833117,-0.01301259,-0.00564581,-0.01229746,-11.67974377,12.15447330,0.84632677,0.14781776,0.00122106,-0.84253687,
11038,-2.83935213,-2.61795282,-0.46399209,6.00000000,-0.07895508,0.05800781,0.17807284,1.41578174,0.17216989,0.07000000,0.00549451,-0.01535819,0.16340041,-0.16363713,-0.01229746,-12.74613953,12.77755547,1.42912960,0.20357122,0.00122106,-0.86393863,
11046,-2.81181884,-0.49549294,2.32884431,6.00000000,0.11279297,-0.12890625,-0.10155851,1.85466373,0.25684485,0.07000000,0.00549451,-0.06876767,0.23999999,-0.23999999,-0.01229746,-11.35685730,11.52615452,1.88411617,0.32737032,0.00122106,-0.72722650,
11054,-2.87406802,-0.76603770,7.08492565,6.00000000,0.21108398,-0.28681642,-0.16769008,2.07484198,0.29824501,0.07000000,0.00549451,0.25741804,0.23999999,-0.23999999,-0.01229746,-8.82612991,8.08960152,2.18027759,0.45370147,0.00122106,-0.48082876,
11062,3.30416942,1.63055813,8.74291039,6.00000000,0.29326171,-0.30937499,-0.39777568,1.89959729,0.38892660,0.07000000,0.00549451,0.32630318,0.23999999,-0.20265327,-0.01229746,-6.68112040,5.62519598,1.91035795,0.01634714,0.00122106,-0.32132888,
11070,4.89391947,-2.49824262,12.41441917,6.00000000,0.32387695,-0.29326171,-0.35384279,0.93469381,0.43618611,0.07000000,0.00549451,0.61016065,-0.06140209,0.14473493,-0.01229746,-5.29532862,3.32136154,0.91959602,-0.11879979,0.00122106,-0.25895226,
11077,6.19516802,2.40388536,18.55674362,5.00000000,0.01289062,0.15146485,-0.31228665,-0.30729213,0.35128239,0.07000000,0.00549451,0.60957718,-0.23999999,0.23999999,-0.01229746,-4.80838203,2.83266950,-0.30382025,-0.11127913,0.00122106,-0.31403616,
11086,4.62337446,-1.19938827,20.53136063,6.00000000,-0.24492188,0.33354491,-0.04132166,-1.28892112,0.21387498,0.07000000,0.00549451,0.33139363,-0.23999999,0.23999999,-0.01229746,-5.97251701,4.89215755,-1.28808200,-0.39442256,0.00122106,-0.51278192,
11094,-1.26875567,-1.94398499,20.53136063,6.00000000,-0.29003906,0.36738282,0.22910859,-1.30267882,0.14416894,0.07000000,0.00549451,0.29270950,-0.23999999,0.23999999,-0.01229746,-7.13141537,6.19068289,-1.28884304,-0.14152378,0.00122106,-0.60698813,
11102,-0.26079682,-2.65506291,8.95719147,6.00000000,-0.31098634,0.37866211,0.13875455,-0.74828279,0.03939178,0.07000000,0.00549451,0.21952932,-0.23999999,0.23999999,-0.01229746,-8.79296875,8.10356331,-0.75761819,-0.23393050,0.00122106,-0.70192373,
11110,-4.44227028,-0.73850441,4.70269537,6.00000000,-0.28681642,0.35288087,0.13496287,-0.14964435,-0.01693900,0.07000000,0.00549451,0.12325035,-0.12141833,0.13912728,-0.01229746,-10.26777172,9.86983681,-0.15723234,0.16039263,0.00122106,-0.77919400,
11118,-2.52571154,-0.54098278,-1.09965265,6.00000000,-0.15468749,0.21108398,0.39262351,0.63784260,0.01960652,0.07000000,0.00549451,0.01986226,-0.12444465,0.12856711,-0.01229746,-11.61342144,11.54011726,0.63439184,0.08215224,0.00122106,-0.83368146,
11126,-3.10750270,-1.29755056,-1.33907282,6.00000000,-0.15468749,0.21269532,0.19649811,1.12204957,0.05304667,0.07000000,0.00549451,-0.08333062,0.15968663,-0.16932559,-0.01229746,-12.28362751,12.56637096,1.12377322,0.24130923,0.00122106,-0.86108851,
11134,-3.89878631,-0.00348448,3.71867824,6.00000000,0.10957031,-0.14018555,0.07276279,1.63948357,0.10750107,0.07000000,0.00549451,-0.11275611,0.23999999,-0.23999999,-0.01229746,-11.60993004,11.97644997,1.66785228,0.34870827,0.00122106,-0.77220225,
11142,-3.32178378,0.22755598,7.21660709,6.00000000,0.21108398,-0.25136718,-0.12565798,1.93589818,0.19727056,0.07000000,0.00549451,0.16786376,0.23999999,-0.23999999,-0.01229746,-9.30086040,8.63239861,1.85756469,0.50255120,0.00122106,-0.54098320,
11149,1.53605151,1.02961349,7.27765894,5.00000000,0.28359374,-0.31582031,-0.24838325,1.95354927,0.24026126,0.07000000,0.00549451,0.25350013,0.23999999,-0.23999999,-0.01229746,-7.22740841,6.40012264,1.96396053,0.13075060,0.00122106,-0.36978969,
11158,4.38874292,-1.50943732,12.93396091,6.00000000,0.29648438,-0.32387695,-0.29973826,0.91922140,0.35341874,0.07000000,0.00549451,0.46793485,-0.08308461,0.14711653,-0.01229746,-5.43146467,3.92175484,0.90779388,-0.11641704,0.00122106,-0.28926814,
11166,7.00560522,1.57908285,19.00445938,6.00000000,-0.02255859,0.12729493,-0.23520519,-0.32524446,0.26716509,0.07000000,0.00549451,0.49865404,-0.23999999,0.23999999,-0.01229746,-5.14348555,3.53080106,-0.32917970,-0.23589256,0.00122106,-0.35572177,
11174,3.45739841,0.11981691,20.53136063,6.00000000,-0.26103514,0.31259766,-0.05983456,-1.24119091,0.13545893,0.07000000,0.00549451,0.18046466,-0.23999999,0.23999999,-0.01229746,-6.07549143,5.49429607,-1.23358405,-0.33746415,0.00122106,-0.53324419,
11182,-0.74921393,-0.93842024,20.53136063,6.00000000,-0.28681642,0.34965819,0.28759888,-1.29146934,0.08119173,0.07000000,0.00549451,0.23443632,-0.23999999,0.23999999,-0.01229746,-7.65850449,6.91324949,-1.27466893,-0.17294724,0.00122106,-0.65355486,
11190,-0.25122002,-0.81272465,10.90248013,6.00000000,-0.31582031,0.35932618,0.15240258,-0.81948590,-0.04049645,0.07000000,0.00549451,0.20884994,-0.23999999,0.23999999,-0.01229746,-9.39336205,8.74584484,-0.81891859,-0.23418130,0.00122106,-0.75663602,
11198,-4.73316574,-0.45239729,5.10372400,6.00000000,-0.30937499,0.35771483,0.22235626,-0.23469760,-0.11774247,0.07000000,0.00549451,0.11735679,-0.14831126,0.16528490,-0.01229746,-10.81231499,10.41961575,-0.24115682,0.16656826,0.00122106,-0.82646263,
11206,-3.76231670,0.55436450,-0.80037743,6.00000000,-0.19174805,0.24975586,0.46318832,0.62557548,-0.10458862,0.07000000,0.00366300,-0.13664247,0.00999969,-0.02684695,-0.01229746,-11.90140057,12.33249569,0.62214953,0.20223853,0.00122106,-0.87575620,
11214,-2.61669135,-1.52978802,-3.76559615,6.00000000,-0.04350586,0.04350586,0.45027301,1.15323174,-0.07018308,0.07000000,0.00366300,-0.18106818,0.22208890,-0.23999999,-0.01229746,-12.46514130,13.03062820,1.16555309,0.29286367,0.00122106,-0.88226503,
11221,-4.25432539,-0.48232481,0.20039888,5.00000000,0.15791015,-0.25620118,0.10964295,1.51134419,-0.04961753,0.07000000,0.00366300,0.06322059,0.23999999,-0.23999999,-0.01229746,-11.18057919,10.97113895,1.52572119,0.53514636,0.00122106,-0.72546273,
11230,-3.08356071,-0.02982070,5.21864557,6.00000000,0.23364258,-0.32387695,-0.06160957,1.85014987,0.02100017,0.07000000,0.00366300,0.18368141,0.23999999,-0.23999999,-0.01229746,-8.12625313,7.53982258,1.85839009,0.56764054,0.00122106,-0.45485505,
11238,2.60745692,-0.09805545,8.18386459,6.00000000,0.26586914,-0.31098634,-0.17043930,1.54901946,0.24714407,0.07000000,0.00366300,0.22060342,0.16829842,-0.13734926,-0.01229746,-5.93761015,5.23075199,1.55721104,0.00315058,0.00122106,-0.30725777,
11246,4.02003574,-2.04095006,14.55842686,6.00000000,0.21430664,-0.22880860,-0.51508641,0.65496445,0.31880391,0.07000000,0.00366300,0.40684175,-0.00054903,0.05633455,-0.01229746,-4.73856878,3.42782664,0.63989079,-0.02785991,0.00122106,-0.26529709,
11254,6.21192741,1.59823644,20.53136063,6.00000000,0.06445312,0.02416992,-0.53001076,-0.56378800,0.28278553,0.07000000,0.00366300,0.36265218,-0.23999999,0.23999999,-0.01229746,-4.30223656,3.13112068,-0.56620097,-0.16906373,0.00122106,-0.32605025,
11262,4.94778919,0.33888635,20.53136063,6.00000000,-0.19819336,0.31098634,0.04326185,-1.62438560,0.16174348,0.07000000,0.00366300,0.26967776,-0.23999999,0.23999999,-0.01229746,-5.53618479,4.66701031,-1.61275721,-0.44722399,0.00122106,-0.51137096,
11270,-1.36093247,-0.53020889,20.53136063,6.00000000,-0.28198242,0.36093751,0.15423094,-1.89608705,0.00610906,0.07000000,0.00366300,0.33274290,-0.23999999,0.23999999,-0.01229746,-7.03018618,5.92015696,-1.87305439,-0.09762973,0.00122106,-0.63508624,
11278,-0.95272112,-0.06932503,9.54137707,6.00000000,-0.29970703,0.37866211,0.18930921,-1.31115746,-0.09697290,0.07000000,0.00366300,0.28551844,-0.23999999,0.23999999,-0.01229746,-8.79645920,7.87318039,-1.31078911,-0.18646756,0.00122106,-0.73294407,
11286,-5.71239424,0.28381974,3.89944053,6.00000000,-0.29970703,0.34965819,0.22001846,-0.63893527,-0.16646603,0.07000000,0.00366300,0.21252996,-0.11815161,0.14808400,-0.01229746,-10.19272327,9.51378918,-0.64914602,0.22607414,0.00122106,-0.80025631,
11293,-3.21404457,0.81174117,-3.66743398,5.00000000,-0.15468749,0.22236328,0.43036610,0.19069925,-0.17603116,0.07000000,0.00366300,-0.01006295,-0.09849876,0.09865606,-0.01229746,-11.55058861,11.56804180,0.18005699,0.16880950,0.00122106,-0.86509538,
11302,-3.08954620,-1.41606343,-4.53413486,6.00000000,-0.14179687,0.16113281,0.23266560,0.70692319,-0.11271143,0.07000000,0.00366300,0.03025332,0.16144806,-0.15551525,-0.01229746,-12.37787533,12.29933548,0.70368290,0.29662329,0.00122106,-0.88486701,
11310,-2.15221620,-0.61161172,-1.00029325,6.00000000,0.11601563,-0.11440430,-0.02387078,1.18436813,-0.09344260,0.07000000,0.00366300,0.10737478,0.21277541,-0.19630143,-0.01229746,-11.93805218,11.57851505,1.18159509,0.24518195,0.00122106,-0.80449224,
11318,-4.53444672,0.42028922,7.95402098,6.00000000,0.17563477,-0.23364258,-0.21888269,1.60825908,0.01359998,0.07000000,0.00549451,0.07662512,0.23999999,-0.23999999,-0.01229746,-9.12981701,8.91165161,1.61033916,0.63341033,0.00122106,-0.56691253,
11326,-1.09517610,-0.51344943,11.01620483,6.00000000,0.26103514,-0.31904298,-0.08277181,1.70152462,0.19885638,0.07000000,0.00549451,-0.18243612,0.23999999,-0.23999999,-0.01229746,-6.22908020,6.80329323,1.69967997,0.27126104,0.00122106,-0.36528456,
11334,5.39909601,-2.19178486,13.95987606,6.00000000,0.29809570,-0.33032227,-0.05526939,0.98555088,0.34214109,0.07000000,0.00366300,0.08759250,-0.23999999,0.23999999,-0.01229746,-4.55181837,4.27954721,0.97945940,-0.31999731,0.00122106,-0.26320988,
11342,7.28812122,-0.54337698,19.85440063,6.00000000,-0.19819336,0.24169922,-0.55648857,-0.21752264,0.29619315,0.07000000,0.00366300,0.21526867,-0.23999999,0.23999999,-0.01229746,-4.86597776,4.16784620,-0.23232055,-0.28841510,0.00122106,-0.36135748,
11350,0.40359417,0.70998764,20.53136063,6.00000000,-0.27714843,0.33193359,-0.23755796,-0.91542971,0.26540789,0.07000000,0.00366300,0.15422295,-0.23999999,0.23999999,-0.01229746,-7.03367710,6.53800344,-0.90975660,-0.16529603,0.00122106,-0.58646888,
11358,-0.99102831,0.86561072,20.53136063,6.00000000,-0.27231446,0.36738282,0.03690352,-0.84282011,0.18300150,0.07000000,0.00366300,0.31705394,-0.23999999,0.23999999,-0.01229746,-9.17345047,8.15941429,-0.82708400,-0.12612239,0.00122106,-0.72208762,
11365,-0.78273278,-0.14115109,9.46476269,5.00000000,-0.29165038,0.34160155,0.08512551,-0.38885421,-0.01188360,0.07000000,0.00366300,0.30593732,-0.23999999,0.23999999,-0.01229746,-10.82278633,9.85761929,-0.38928309,-0.16206060,0.00122106,-0.81771982,
11374,-4.77266979,0.84047163,2.72987294,6.00000000,-0.29003906,0.35126954,0.21092395,0.11415578,-0.06474789,0.07000000,0.00549451,0.12539501,-0.13916010,0.15761572,-0.01229746,-12.43721581,12.04451656,0.11215726,0.16047427,0.00122106,-0.92623615,
11382,-3.45945024,-0.18783802,-3.74165416,6.00000000,-0.19497070,0.25458986,0.62216032,1.07790589,-0.09565172,0.07000000,0.00549451,-0.01607266,0.00640255,-0.00665295,-0.01229746,-13.80555439,13.87013149,1.07936001,0.16782612,0.00122106,-0.97344655,
11390,-2.30903625,-1.68181992,-4.44794369,6.00000000,-0.02416992,0.01772461,0.35022649,1.55041444,-0.05028829,0.07000000,0.00549451,-0.04632309,0.13401073,-0.13815361,-0.01229746,-14.26283073,14.41816425,1.56999290,0.20075126,0.00122106,-0.97286093,
11398,-4.43748188,-0.30635101,-0.04859810,6.00000000,0.07895508,-0.08056641,0.01763773,1.86993706,0.03971061,0.07000000,0.00549451,0.09911652,0.23999999,-0.23999999,-0.01229746,-13.27148438,12.93638039,1.88554764,0.51375765,0.00122106,-0.85553086,
11406,-3.77907610,0.24670960,5.23061657,6.00000000,0.21430664,-0.25620118,-0.35267475,2.35889840,0.09644146,0.07000000,0.00549451,0.23719972,0.23999999,-0.23999999,-0.01229746,-10.77391720,10.00422764,2.36707258,0.60925698,0.00122106,-0.61197865,
11414,-1.05686891,0.13059081,8.15752792,6.00000000,0.27392578,-0.33193359,-0.33025217,2.58335042,0.20727645,0.07000000,0.00549451,0.12300920,0.23999999,-0.23999999,-0.01229746,-7.99709892,7.59043694,2.58815956,0.41854101,0.00122106,-0.39224404,
11422,3.27663612,-1.96433568,13.66299534,6.00000000,0.30937499,-0.35771483,-0.23611873,1.82405353,0.38128632,0.07000000,0.00366300,0.29906869,0.08176014,-0.03999975,-0.01229746,-6.37917852,5.41401148,1.81031060,-0.09347796,0.00122106,-0.31210616,
11430,5.09024382,0.93504256,20.46252823,6.00000000,0.13535157,-0.11762695,-0.48779035,0.70192534,0.33580825,0.07000000,0.00366300,0.44667196,-0.02033000,0.08170054,-0.01229746,-5.73515224,4.29001951,0.67837799,-0.02857920,0.00122106,-0.32971659,
11437,3.65731430,0.21558498,20.53136063,5.00000000,0.02094727,0.05961914,-0.12076739,-0.40893772,0.23659995,0.07000000,0.00366300,0.42641231,-0.23999999,0.23999999,-0.01229746,-6.33554506,4.96022606,-0.41688228,-0.19079603,0.00122106,-0.46349144,
11446,0.81060845,-1.18981147,20.53136063,6.00000000,-0.23041992,0.30615234,0.09117694,-1.20924294,0.15269047,0.07000000,0.00549451,0.33978313,-0.23999999,0.23999999,-0.01229746,-7.66374063,6.55371141,-1.20593643,-0.13272375,0.00122106,-0.63430107,
11454,-2.48620725,-0.67864937,15.77707481,6.00000000,-0.30292970,0.34160155,-0.03283549,-1.02688777,-0.02078712,0.07000000,0.00549451,0.30655789,-0.23999999,0.23999999,-0.01229746,-9.14901638,8.14545155,-1.01863503,0.00859265,0.00122106,-0.73467630,
11462,-3.90836310,-1.03418827,4.11491871,6.00000000,-0.29487306,0.35288087,0.01163773,-0.39373639,-0.03990218,0.07000000,0.00366300,0.25210840,-0.15117803,0.18667975,-0.01229746,-10.90307236,10.08974838,-0.40407860,0.17916039,0.00122106,-0.83021891,
11470,-4.73795414,2.72231412,-1.34984672,6.00000000,-0.20786133,0.27231446,0.22293523,0.41078186,-0.13899687,0.07000000,0.00366300,0.02718735,0.13532001,-0.12991339,-0.01229746,-12.22777653,12.14225578,0.41058767,0.31807679,0.00122106,-0.89694178,
11478,-4.85526991,-0.83906090,-5.52294016,6.00000000,0.07412110,-0.10634766,0.55524832,1.05053508,-0.04461373,0.07000000,0.00549451,0.00246020,0.23999999,-0.23999999,-0.01229746,-12.27664661,12.27839088,1.05074406,0.51462662,0.00122106,-0.85555160,
11486,-3.39839816,-0.70498556,-4.47068882,6.00000000,0.21591797,-0.29165038,0.28001627,1.39011097,0.00794613,0.07000000,0.00549451,0.18321776,0.23999999,-0.23999999,-0.01229746,-10.25380898,9.59931087,1.35684037,0.61374182,0.00122106,-0.65287501,
11494,-5.24552488,-0.42007557,3.70072174,6.00000000,0.23847656,-0.27714843,-0.15495302,1.57151186,-0.08517356,0.07000000,0.00366300,0.45605028,0.23999999,-0.23999999,-0.01229746,-7.55902100,6.04058456,1.57868576,0.84819752,0.00122106,-0.39324254,
11502,-0.74801683,0.85603392,9.14753056,6.00000000,0.28520507,-0.33193359,-0.20184046,1.72845125,0.21180488,0.07000000,0.00366300,0.24801362,0.23999999,-0.23999999,-0.01229746,-4.81361771,4.00727606,1.73369527,0.39551795,0.00122106,-0.20438199,
11509,1.73955870,-2.76040769,14.34653950,5.00000000,0.30131835,-0.35126954,-0.38690066,1.21287322,0.42378348,0.07000000,0.00366300,0.33402300,0.23999999,-0.23999999,-0.01229746,-3.12937546,2.02981806,1.19621921,0.10016811,0.00122106,-0.10703131,
11518,2.97975516,2.23748827,20.53136063,6.00000000,0.32387695,-0.37866211,-0.56560433,0.00786540,0.42249137,0.07000000,0.00549451,0.55698937,0.21104805,-0.13576081,-0.01229746,-2.06472445,0.26179940,-0.00150859,0.14260256,0.00122106,-0.09003004,
11526,3.83448529,0.75068903,20.53136063,6.00000000,0.28198242,-0.24814454,-0.27751181,-1.22465444,0.26306364,0.07000000,0.00549451,0.52249992,-0.16152714,0.23159492,-0.01229746,-1.01054561,-0.68416905,-1.21999729,0.03114873,0.00122106,-0.10814501,
11534,1.52048922,-0.26086116,20.09621429,6.00000000,-0.11762695,0.22236328,0.11801678,-2.10698366,0.23802924,0.07000000,0.00549451,0.11597475,-0.23999999,0.23999999,-0.01229746,-0.96691245,0.59166664,-2.08911324,-0.01866119,0.00122106,-0.21704842,
11542,-1.88526261,-1.79315031,15.32696533,6.00000000,-0.22075196,0.31904298,0.01907937,-2.45302033,0.16266243,0.07000000,0.00549451,0.03427869,-0.23999999,0.23999999,-0.01229746,-3.09272337,2.96880507,-2.43822980,-0.02209891,0.00122106,-0.41683072,
11550,-3.49296904,0.24790670,8.91768742,6.00000000,-0.29809570,0.35771483,-0.34308070,-2.10344911,0.06873884,0.07000000,0.00549451,0.06604342,-0.23999999,0.23999999,-0.01229746,-4.88692188,4.67573690,-2.10440850,0.18095697,0.00122106,-0.52337402,
11558,-6.17806625,1.85202181,2.99922061,6.00000000,-0.29003906,0.34643555,-0.29671979,-1.23790979,-0.03483888,0.07000000,0.00549451,-0.14261122,0.23999999,-0.23999999,-0.01229746,-6.35648918,6.79107618,-1.25117695,0.53787410,0.00122106,-0.59804642,
11566,-4.43748188,1.63175523,-3.20774722,6.00000000,0.20786133,-0.23686524,0.40950584,-0.32626870,0.02319979,0.07000000,0.00549451,-0.07346778,0.23999999,-0.23999999,-0.01229746,-6.56941938,6.81900167,-0.34572816,0.60557634,0.00122106,-0.53616488,
11574,-3.76111960,0.68006009,-4.76517534,6.00000000,0.24492188,-0.29970703,0.49732980,0.07786317,-0.10044573,0.07000000,0.00549451,0.19353348,0.23999999,-0.23999999,-0.01229746,-4.13992071,3.49589443,0.14945656,0.76965714,0.00122106,-0.27849793,
11581,-2.40001607,-1.30473316,0.38834372,5.00000000,0.25297850,-0.32065430,0.30981433,0.27025178,-0.09824308,0.07000000,0.00549451,0.33144975,0.23999999,-0.23999999,-0.01229746,-1.97222209,0.91629785,0.27063024,0.56658894,0.00122106,-0.09228584,
11590,-0.47866917,-3.71329999,8.23893070,6.00000000,0.27231446,-0.36254883,-0.13290364,0.01136423,0.11678804,0.07000000,0.00549451,0.20791535,0.23999999,-0.23999999,-0.01229746,0.40491641,-1.07512283,0.00206915,0.31957650,0.00122106,0.06039789,
11598,0.70885485,-1.17424917,17.97854424,6.00000000,0.31420898,-0.39799803,-0.63001013,-0.53567654,0.30224392,0.07000000,0.00549451,0.21511829,0.23999999,-0.23999999,-0.01229746,1.72089458,-2.41029978,-0.53761071,0.24276043,0.00122106,0.11524872,
11606,4.62576866,-0.89053619,20.53136063,6.00000000,0.35932618,-0.37060547,-0.64757556,-1.52509260,0.34863937,0.07000000,0.00549451,0.46707112,-0.23999999,0.23999999,-0.01229746,2.18689752,-3.69486189,-1.51859760,-0.09834383,0.00122106,0.10954633,
11614,4.10742426,2.40388536,20.53136063,6.00000000,-0.14501953,0.21914062,-0.20164548,-2.75641966,0.16009058,0.07000000,0.00549451,0.67493057,-0.23999999,0.23999999,-0.01229746,0.80110615,-2.99323964,-2.72031951,0.00253057,0.00122106,-0.06238535,
11622,-1.63985693,-1.52380252,20.53136063,6.00000000,-0.24492188,0.33837891,0.18669455,-3.34802341,-0.04255055,0.07000000,0.00549451,0.67874956,-0.23999999,0.23999999,-0.01229746,-1.54636168,-0.61610121,-3.31139159,-0.16724096,0.00122106,-0.27916032,
11630,-2.87287092,-1.21614766,11.56926537,6.00000000,-0.27714843,0.34804687,0.14208826,-2.79793811,-0.18225934,0.07000000,0.00549451,0.53784561,-0.23999999,0.23999999,-0.01229746,-3.44877076,1.69820547,-2.79284430,-0.13260090,0.00122106,-0.40437904,
11638,-7.02561378,-0.98031878,4.32680559,6.00000000,-0.30131835,0.33676758,0.12495846,-2.02649236,-0.18701848,0.07000000,0.00549451,0.33547869,-0.22410011,0.23999999,-0.01229746,-4.80838203,3.70707917,-2.05266666,0.21683531,0.00122106,-0.48176819,
11646,-4.58592224,0.01088073,-5.97424746,6.00000000,-0.25136718,0.32387695,0.46019351,-0.98777717,-0.17060664,0.07000000,0.00549451,0.16457272,-0.07819772,0.10063878,-0.01229746,-6.63923216,6.10690689,-1.03165472,0.22949910,0.00122106,-0.56149560,
11653,-4.48297167,-0.90609854,-6.25317192,5.00000000,-0.12568359,0.16274413,0.26968959,-0.38742608,-0.08987464,0.07000000,0.00549451,-0.00276788,0.18198007,-0.18189541,-0.01229746,-7.75100708,7.77020597,-0.41061419,0.36901426,0.00122106,-0.62342489,
11662,-2.78308821,-0.10044965,-1.80115378,6.00000000,0.16435547,-0.17402343,0.09789236,0.24460405,-0.01411111,0.07000000,0.00366300,0.02835947,0.23999999,-0.23999999,-0.01229746,-7.16632223,7.03367710,0.27613175,0.34341463,0.00122106,-0.52147448,
11670,-5.05877686,1.01405120,5.26772690,6.00000000,0.19335937,-0.26264650,-0.40695184,0.47501326,-0.09096429,0.07000000,0.00366300,0.30888247,0.23999999,-0.23999999,-0.01229746,-4.78220224,3.68264461,0.47679713,0.72212207,0.00122106,-0.28972551,
11678,-3.69887042,1.63055813,13.13148212,6.00000000,0.22236328,-0.35610351,-0.24452603,1.02897477,0.20251714,0.07000000,0.00366300,0.07887778,0.23999999,-0.23999999,-0.01229746,-1.28630757,1.04370689,1.03027189,0.57275063,0.00122106,-0.01594427,
11686,4.29058075,-0.06453662,13.88445854,6.00000000,0.27553710,-0.38349611,0.00073423,0.46660304,0.31569016,0.07000000,0.00366300,0.20839179,-0.23890314,0.23999999,-0.01229746,0.21293017,-0.87615532,0.46522433,-0.27854776,0.00122106,0.07978035,
11694,4.17685604,-0.77920586,19.51801491,6.00000000,-0.17563477,0.21591797,-0.38943833,-0.55440360,0.20124933,0.07000000,0.00549451,0.23846348,-0.04542987,0.07701513,-0.01229746,-0.56548673,-0.20594886,-0.56171572,0.03108758,0.00122106,-0.05584821,
11702,-2.07560182,0.26466611,20.53136063,6.00000000,-0.06445312,0.13212891,-0.25629407,-1.10238969,0.11742674,0.07000000,0.00549451,0.15023269,-0.23999999,0.23999999,-0.01229746,-1.80641580,1.32295966,-1.09293318,0.00281114,0.00122106,-0.20567816,
11710,1.89278758,1.39233506,14.77749634,6.00000000,-0.20947266,0.31420898,0.09179698,-1.06171679,0.05372425,0.07000000,0.00366300,0.19993320,-0.23999999,0.23999999,-0.01229746,-3.87463093,3.22711372,-1.05057085,-0.25571057,0.00122106,-0.34821829,
11718,-3.88681531,-2.33064842,11.91043949,6.00000000,-0.28681642,0.34804687,0.12164776,-1.02918887,-0.14565934,0.07000000,0.00366300,0.15059137,-0.19766232,0.21818818,-0.01229746,-5.05621910,4.55530930,-1.03089297,0.10635856,0.00122106,-0.44480452,
11725,-4.18489361,2.13334060,3.63248706,5.00000000,-0.25458986,0.31582031,0.21120037,-0.19895431,-0.20837037,0.07000000,0.00366300,0.08958744,0.07038407,-0.05761752,-0.01229746,-6.67588425,6.41757584,-0.20440459,0.22422013,0.00122106,-0.51763695,
11734,-5.47057962,-0.85582030,-1.39653361,6.00000000,0.01933594,-0.00322266,0.62632883,0.63964802,-0.23640291,0.07000000,0.00366300,-0.02721362,0.23999999,-0.23999999,-0.01229746,-6.94641066,7.03018618,0.63581759,0.41757122,0.00122106,-0.48542574,
11742,-3.64739513,-1.45796204,-4.14507723,6.00000000,0.23041992,-0.26264650,0.49075595,1.06623662,-0.17472224,0.07000000,0.00366300,0.11054488,0.23999999,-0.23999999,-0.01229746,-5.48906040,5.10159731,1.02585244,0.56797063,0.00122106,-0.32507682,
11750,-2.40839577,-1.24248385,-1.50068140,6.00000000,0.25136718,-0.31259766,-0.01059349,1.22880530,-0.16433030,0.07000000,0.00366300,0.26540148,0.23999999,-0.23999999,-0.01229746,-2.89375591,2.01236463,1.24340451,0.57827473,0.00122106,-0.09297401,
11758,-2.73759842,-0.42366689,5.68072653,6.00000000,0.23847656,-0.34321290,-0.22698522,1.20153844,0.05959906,0.07000000,0.00366300,0.14320970,0.23999999,-0.23999999,-0.01229746,-0.27401668,-0.18849556,1.20704639,0.58344972,0.00122106,0.08911861,
11766,1.36366904,-1.94997048,11.80030632,6.00000000,0.30131835,-0.38027343,-0.43300316,0.82507479,0.26205280,0.07000000,0.00366300,0.15321879,0.23999999,-0.23999999,-0.01229746,1.25663710,-1.74183869,0.82135451,0.10376754,0.00122106,0.17491263,
11774,4.18284178,1.14932358,20.53136063,6.00000000,0.34643555,-0.37382811,-0.79486680,-0.08086379,0.31801131,0.07000000,0.00366300,0.34391075,0.07212657,-0.02625311,-0.01229746,1.95302343,-3.06130743,-0.09088266,-0.02308647,0.00122106,0.18301943,
11782,5.11897421,2.40268826,20.53136063,6.00000000,0.16757813,-0.12568359,-0.20873263,-1.25558352,0.15412699,0.07000000,0.00549451,0.58140719,-0.23999999,0.23999999,-0.01229746,1.56730568,-3.46796918,-1.24605763,-0.12820101,0.00122106,0.09638148,
11790,2.78941607,-1.48310113,20.53136063,6.00000000,-0.18530273,0.24653320,0.20746370,-2.33652020,-0.11101103,0.07000000,0.00549451,0.54464036,-0.23999999,0.23999999,-0.01229746,-0.17976892,-1.58475900,-2.32134247,-0.28053331,0.00122106,-0.11725278,
11797,-4.32974243,-1.07369268,20.53136063,5.00000000,-0.29326171,0.33354491,0.31011829,-2.48211169,-0.21927944,0.07000000,0.00549451,0.38133958,-0.23999999,0.23999999,-0.01229746,-1.29328895,0.12042772,-2.45098066,-0.08663431,0.00122106,-0.24131341,
11806,-1.89483953,-2.49225712,5.57179022,6.00000000,-0.27875978,0.34804687,0.13044177,-1.72282803,-0.28694376,0.07000000,0.00549451,0.27802640,-0.23999999,0.23999999,-0.01229746,-3.38942933,2.41379046,-1.74635327,-0.11122026,0.00122106,-0.34895200,
11814,-7.39791203,2.27938676,1.56030548,6.00000000,-0.29970703,0.33837891,0.17844996,-0.88533515,-0.26743227,0.07000000,0.00549451,0.06291905,0.23999999,-0.23999999,-0.01229746,-4.70191669,4.48724174,-0.89852768,0.41558886,0.00122106,-0.41746566,
11822,-4.55719185,-1.20657086,-6.60990763,6.00000000,0.19174805,-0.25136718,0.47624338,0.01675220,-0.20979957,0.07000000,0.00549451,0.06964009,0.23999999,-0.23999999,-0.01229746,-5.04574680,4.82583523,-0.00265503,0.50685978,0.00122106,-0.37959909,
11830,-3.56359816,0.34128055,-7.60469866,6.00000000,0.21914062,-0.29326171,0.33213335,0.37166551,-0.17164494,0.07000000,0.00549451,0.28282487,0.23999999,-0.23999999,-0.01229746,-2.65639114,1.77150917,0.37158382,0.68665439,0.00122106,-0.14118977,
11838,-1.54768026,-0.10523806,-0.16471688,6.00000000,0.23847656,-0.31259766,0.10396004,0.36359328,-0.12064944,0.07000000,0.00549451,0.33596805,0.23999999,-0.23999999,-0.01229746,-0.01745329,-1.08210409,0.36753467,0.51028901,0.00122106,0.06831305,
11846,-3.43431115,-1.82666910,9.60003471,6.00000000,0.25458986,-0.36093751,-0.39063570,0.29463544,-0.09416790,0.07000000,0.00549451,0.08510381,0.23999999,-0.23999999,-0.01229746,2.63719249,-2.91295433,0.28805834,0.68296903,0.00122106,0.23299713,
11854,3.99609375,2.80611110,16.15296555,6.00000000,0.30292970,-0.38671875,-0.21093464,-0.05985416,0.41747311,0.07000000,0.00366300,-0.04048443,-0.23999999,0.23999999,-0.01229746,4.20798874,-4.08930635,-0.05829361,-0.30385780,0.00122106,0.31330612,
11862,6.73745489,0.00250102,20.53136063,6.00000000,-0.15952149,0.19174805,-0.73342067,-1.23872781,0.42140424,0.07000000,0.00366300,0.03563069,-0.23999999,0.23999999,-0.01229746,3.12588477,-3.28994560,-1.23724115,-0.32000729,0.00122106,0.15097421,
11869,0.09953055,0.24311829,20.53136063,5.00000000,-0.24814454,0.34482422,-0.45563999,-1.86091220,0.29137525,0.07000000,0.00366300,0.04662803,-0.23999999,0.23999999,-0.01229746,0.94247782,-1.09257603,-1.84261441,-0.15628244,0.00122106,-0.06325513,
11878,-0.01778534,2.80251980,19.33964729,6.00000000,-0.23203126,0.35126954,0.03900012,-1.52767694,-0.07551105,0.07000000,0.00366300,0.30579829,-0.23999999,0.23999999,-0.01229746,-2.26020145,1.24441981,-1.50073779,-0.21510945,0.00122106,-0.24575236,
11886,-3.04285908,-0.14953078,9.00148392,6.00000000,-0.29970703,0.35449219,0.19751087,-1.15192509,-0.22623855,0.07000000,0.00366300,0.25158682,-0.23999999,0.23999999,-0.01229746,-3.83448839,3.01418352,-1.15423334,-0.02797359,0.00122106,-0.35161257,
11894,-5.31854773,3.35438347,1.33644760,6.00000000,-0.30776367,0.34965819,0.29170179,-0.41225609,-0.35754499,0.07000000,0.00366300,0.18112430,0.11722527,-0.09229155,-0.01229746,-5.55363798,4.97418833,-0.41606176,0.25218281,0.00122106,-0.42980927,
11902,-3.58394885,-0.39493647,-6.87087584,6.00000000,0.05317383,-0.07089844,0.96998507,0.55842137,-0.32343608,0.07000000,0.00366300,0.03708212,0.13998313,-0.13422814,-0.01229746,-6.16624784,6.03011274,0.54696363,0.15403515,0.00122106,-0.42326072,
11910,-3.85569072,-1.58724892,-7.46703196,6.00000000,0.11601563,-0.14663085,0.55604982,0.99453926,-0.26417047,0.07000000,0.00549451,0.10483254,0.23999999,-0.23999999,-0.01229746,-4.89564848,4.52389383,1.00644970,0.47187853,0.00122106,-0.28093609,
11918,-2.57239866,-2.06249785,-0.35385883,6.00000000,0.25136718,-0.27714843,0.15317260,1.18966711,-0.19206166,0.07000000,0.00549451,0.23507348,0.23999999,-0.23999999,-0.01229746,-2.71922302,1.97920334,1.20078099,0.47126481,0.00122106,-0.08730550,
11926,-3.84970522,-4.11672306,7.53862715,6.00000000,0.20463867,-0.34804687,-0.53679723,1.23133147,-0.17942514,0.07000000,0.00549451,0.01733342,0.23999999,-0.23999999,-0.01229746,0.34033921,-0.39618975,1.22364771,0.74718857,0.00122106,0.12012149,
11934,-0.36255038,4.22826719,15.77108955,6.00000000,0.29809570,-0.38994139,-0.18962708,1.16410339,0.27816126,0.07000000,0.00549451,-0.05607732,0.23999999,-0.23999999,-0.01229746,2.26892805,-2.03156328,1.15851867,0.14440733,0.00122106,0.25470686,
11941,4.72991657,-5.64781523,15.68848991,5.00000000,0.31743163,-0.37866211,-0.51430911,0.31925431,0.38960975,0.07000000,0.00549451,0.15843368,-0.17697543,0.19735917,-0.01229746,2.85535884,-3.43131733,0.32545137,-0.27205873,0.00122106,0.26422802,
11950,4.51204443,2.86955762,20.53136063,6.00000000,-0.07895508,0.15952149,-0.53380132,-0.86839390,0.33314058,0.07000000,0.00549451,0.14716414,-0.01881085,0.03745037,-0.01229746,2.06297922,-2.54119945,-0.86790204,0.04023811,0.00122106,0.11079551,
11958,-1.35255277,-2.60837603,20.53136063,6.00000000,0.00000000,0.08862305,-0.14602561,-1.57399750,0.15276967,0.07000000,0.00549451,0.33464688,-0.23999999,0.23999999,-0.01229746,0.58817595,-1.65631747,-1.56484759,-0.06579022,0.00122106,-0.03261159,
11966,2.79779577,1.56711185,12.21689701,6.00000000,-0.20786133,0.28520507,0.07953443,-1.49641907,-0.09517973,0.07000000,0.00366300,0.19967636,-0.23999999,0.23999999,-0.01229746,-1.28805304,0.64751714,-1.48400259,-0.29654232,0.00122106,-0.18760434,
11974,-5.94702578,-2.30670643,11.42202187,6.00000000,-0.29970703,0.36416015,0.27474126,-1.32807779,-0.24490519,0.07000000,0.00366300,0.22517979,0.03648775,-0.00636655,-0.01229746,-2.46615028,1.71565866,-1.33048379,0.25050902,0.00122106,-0.25741422,
11982,-5.39396524,2.38952017,1.47411418,6.00000000,-0.01450195,0.04833984,0.33480749,-0.32922903,-0.37380451,0.07000000,0.00366300,0.05647679,0.23999999,-0.23999999,-0.01229746,-3.16428208,2.96356916,-0.33782113,0.36746180,0.00122106,-0.26197830,
11990,-3.89280081,-0.75526381,-5.58518934,6.00000000,0.20625000,-0.27553710,0.78797454,0.31437078,-0.23207591,0.07000000,0.00366300,0.13636735,0.23999999,-0.23999999,-0.01229746,-1.93906081,1.51669109,0.30659428,0.50151324,0.00122106,-0.10831687,
11998,-2.94349980,-1.05214489,-6.00776625,6.00000000,0.23525390,-0.31582031,0.42749825,0.49511263,-0.22417682,0.07000000,0.00549451,0.16611630,0.23999999,-0.23999999,-0.01229746,0.62657320,-1.19904113,0.50011128,0.58264196,0.00122106,0.10900715,
12006,-1.41719627,-2.14030957,-0.27485016,6.00000000,0.29648438,-0.35610351,0.09574430,0.48804280,-0.15174887,0.07000000,0.00549451,0.16597846,0.23999999,-0.23999999,-0.01229746,2.57610607,-3.13984728,0.49195373,0.45680445,0.00122106,0.25400168,
12013,-0.17460555,-0.99947238,8.47835159,5.00000000,0.25458986,-0.36093751,-0.31326309,0.26007608,0.13061619,0.07000000,0.00549451,0.09749886,0.23999999,-0.23999999,-0.01229746,4.53436518,-4.84677935,0.25953561,0.28851116,0.00122106,0.37485921,
12022,2.77505088,-0.54696828,16.37921715,6.00000000,0.28842774,-0.37221679,-0.59358513,-0.30839819,0.40787813,0.07000000,0.00549451,-0.00072391,0.13675518,-0.13873456,-0.01229746,6.13657761,-6.12959671,-0.31134105,-0.01357305,0.00122106,0.44193900,
12030,7.18995905,0.40951532,20.53136063,6.00000000,0.23847656,-0.23847656,-0.81504864,-1.48026872,0.40840560,0.07000000,0.00549451,0.17009330,-0.23999999,0.23999999,-0.01229746,6.33554506,-6.87834263,-1.44233179,-0.41522706,0.00122106,0.39152569,
12038,5.53676271,3.05151677,20.53136063,6.00000000,-0.15146485,0.23041992,-0.27455711,-2.68657207,0.21644209,0.07000000,0.00549451,0.24549483,-0.23999999,0.23999999,-0.01229746,4.88343096,-5.69500923,-2.65845013,-0.17209658,0.00122106,0.19639771,
12046,-2.61788845,-0.82349855,20.53136063,6.00000000,-0.25781250,0.35771483,0.12271851,-3.12484050,-0.02877950,0.07000000,0.00549451,0.49665034,-0.23999999,0.23999999,-0.01229746,2.48011303,-4.12595844,-3.08482456,-0.03439768,0.00122106,0.01997079,
12054,-0.81744868,0.38916460,11.43758488,6.00000000,-0.28037110,0.31582031,0.30659938,-2.33524275,-0.29541168,0.07000000,0.00549451,0.30041790,-0.23999999,0.23999999,-0.01229746,0.40491641,-1.34564888,-2.32510805,-0.25588885,0.00122106,-0.11447714,
12062,-6.03680849,0.49450946,3.78092742,6.00000000,-0.30292970,0.33032227,0.32871461,-1.64090288,-0.29336777,0.07000000,0.00549451,0.05113184,-0.14012757,0.14606404,-0.01229746,-1.26187313,1.09606671,-1.66052508,0.15984344,0.00122106,-0.21874617,
12070,-4.60028744,0.19044586,-4.64187384,6.00000000,-0.17080078,0.22719726,0.68780637,-0.67870283,-0.31372800,0.07000000,0.00549451,-0.19100131,0.19517325,-0.22164431,-0.01229746,-2.57785130,3.18697143,-0.71056944,0.31373793,0.00122106,-0.27134097,
12078,-3.81738353,-1.56689823,-6.62427330,6.00000000,0.14501953,-0.24814454,0.45286277,-0.09554661,-0.15306781,0.07000000,0.00549451,-0.11909977,0.23999999,-0.23999999,-0.01229746,-2.47662210,2.84663200,-0.10801512,0.52465266,0.00122106,-0.21184859,
12085,-2.14623070,1.00447440,-6.10114002,5.00000000,0.22719726,-0.29003906,0.23160699,0.27004772,-0.08186336,0.07000000,0.00549451,0.04595415,0.23999999,-0.23999999,-0.01229746,-0.39444441,0.27401668,0.26631081,0.56421751,0.00122106,-0.00440761,
12094,-2.05165958,-1.56450403,4.07780838,6.00000000,0.24492188,-0.30615234,-0.22361970,0.24601179,-0.07660723,0.07000000,0.00549451,0.28223276,0.23999999,-0.23999999,-0.01229746,2.10661244,-3.00894761,0.24663678,0.48708016,0.00122106,0.21036980,
12102,-1.10355580,-1.19938827,7.59608793,6.00000000,0.25458986,-0.34643555,-0.87705922,0.21294776,0.00052058,0.07000000,0.00549451,-0.04666942,0.23999999,-0.23999999,-0.01229746,4.64606667,-4.52563858,0.21033219,0.57577842,0.00122106,0.36075208,
12110,5.68161201,2.45536065,14.28548717,6.00000000,0.34804687,-0.37221679,-0.08720438,-0.09314167,0.30501553,0.07000000,0.00366300,-0.06974825,-0.23999999,0.23999999,-0.01229746,5.94808197,-5.81718206,-0.09395452,-0.41225940,0.00122106,0.43994626,
12118,5.95933914,-1.74167490,20.53136063,6.00000000,-0.14824219,0.20463867,-0.51953906,-1.52697027,0.28441113,0.07000000,0.00366300,0.02601432,-0.23999999,0.23999999,-0.01229746,5.13650370,-5.21329880,-1.52438581,-0.21168518,0.00122106,0.27813500,
12126,2.30339313,1.70118713,20.53136063,6.00000000,-0.25458986,0.35771483,-0.02554185,-2.32572794,0.18568319,0.07000000,0.00549451,-0.03524025,-0.23999999,0.23999999,-0.01229746,3.60759544,-3.49065852,-2.30151296,-0.43024892,0.00122106,0.09513825,
12134,2.21480775,-0.50147843,18.59505081,6.00000000,-0.26103514,0.31582031,0.03928699,-1.72597611,-0.14261165,0.07000000,0.00549451,0.15870944,-0.23999999,0.23999999,-0.01229746,0.59690261,-1.05417895,-1.71009731,-0.40177494,0.00122106,-0.06733768,
12142,-5.02645540,1.25347137,11.93438148,6.00000000,-0.28842774,0.33837891,0.17686638,-1.25867581,-0.26154223,0.07000000,0.00549451,-0.00039476,0.02350907,-0.02451215,-0.01229746,-0.93375117,0.95993108,-1.25473523,0.21484122,0.00122106,-0.16864309,
12150,-3.69767332,0.10904299,0.60980737,6.00000000,-0.01772461,0.02416992,0.42089313,-0.51483035,-0.34883481,0.07000000,0.00549451,-0.09735371,0.17911381,-0.19294193,-0.01229746,-1.74707460,2.06472445,-0.52987391,0.24804696,0.00122106,-0.18629985,
12157,-3.68689942,0.54718190,-4.93636084,5.00000000,0.14340821,-0.21269532,0.70715415,0.09718957,-0.25905451,0.07000000,0.00549451,0.01149546,0.23999999,-0.23999999,-0.01229746,-0.82554072,0.82205003,0.08619368,0.53178042,0.00122106,-0.05406126,
12166,-2.51014924,-1.63273871,-5.10275793,6.00000000,0.25458986,-0.30615234,0.46276858,0.38670790,-0.22839998,0.07000000,0.00366300,0.16586328,0.23999999,-0.23999999,-0.01229746,1.09781218,-1.65980804,0.38734215,0.55509913,0.00122106,0.13218746,
12174,-1.46747446,-1.91525459,-0.10725604,6.00000000,0.28681642,-0.36577147,0.11104513,0.33693808,-0.15768801,0.07000000,0.00366300,0.20796421,0.23999999,-0.23999999,-0.01229746,3.10843158,-3.80830836,0.33935165,0.44927329,0.00122106,0.29164538,
12182,1.36247194,-1.99426317,7.62002993,6.00000000,0.28520507,-0.37866211,-0.34395504,0.03001828,0.09129171,0.07000000,0.00549451,0.08955534,0.23999999,-0.23999999,-0.01229746,5.30230999,-5.58505344,0.02722475,0.16647515,0.00122106,0.41493294,
12190,4.60302401,-1.59802282,12.68975163,6.00000000,0.28681642,-0.39799803,-0.63847065,-0.64978415,0.29972664,0.07000000,0.00549451,0.04101753,-0.11525881,0.11870390,-0.01229746,6.99353456,-7.15584993,-0.65125388,-0.17058787,0.00122106,0.48712912,
12198,9.39501858,0.07911547,15.69567204,6.00000000,-0.03061523,0.06767578,-0.75421202,-1.75960922,0.39583045,0.07000000,0.00366300,0.11111271,-0.23999999,0.23999999,-0.01229746,6.66541243,-7.02495003,-1.75139165,-0.60822189,0.00122106,0.38981467,
12206,4.51204443,1.60661614,20.53136063,6.00000000,-0.27231446,0.34482422,-0.39976218,-2.69900441,0.23263754,0.07000000,0.00366300,0.07150523,-0.23999999,0.23999999,-0.01229746,5.28136635,-5.52222157,-2.67038798,-0.32832846,0.00122106,0.20802735,
12214,1.25832415,0.66689199,20.53136063,6.00000000,-0.24169922,0.34160155,0.28962493,-2.60723090,-0.07692381,0.07000000,0.00366300,0.25401944,-0.23999999,0.23999999,-0.01229746,2.68780708,-3.53080106,-2.56421971,-0.35768676,0.00122106,0.04163796,
12222,-0.12432732,0.90631217,11.83502197,6.00000000,-0.30131835,0.34804687,0.38545650,-2.18850636,-0.23892362,0.07000000,0.00366300,-0.05221662,-0.23999999,0.23999999,-0.01229746,1.07337749,-0.89011794,-2.17799330,-0.35236812,0.00122106,-0.09604523,
12229,-3.21763587,-2.26361084,6.66115236,5.00000000,-0.29165038,0.35126954,0.54535067,-1.51829815,-0.24021412,0.07000000,0.00366300,-0.16873331,-0.23332027,0.20956479,-0.01229746,-0.61610121,1.11002934,-1.50358844,0.07213143,0.00122106,-0.18281236,
12238,-2.18573499,-0.24889016,-0.22457193,6.00000000,-0.27070314,0.28842774,0.45296189,-0.73182750,-0.17051215,0.07000000,0.00549451,-0.39989462,-0.07979327,0.02486026,-0.01229746,-2.18166161,3.46447849,-0.75248116,0.12931314,0.00122106,-0.26995656,
12246,-3.31819248,-2.92081928,-1.53779161,6.00000000,-0.13051757,0.06445312,0.23443292,-0.13606171,-0.10459847,0.07000000,0.00549451,-0.32006609,0.23022050,-0.23999999,-0.01229746,-3.44702530,4.48026037,-0.13777137,0.28768307,0.00122106,-0.31342840,
12254,-1.87808001,-0.63196242,-0.88297737,6.00000000,0.19335937,-0.25458986,0.08377459,0.37296736,-0.07604110,0.07000000,0.00549451,-0.20185813,0.23999999,-0.23999999,-0.01229746,-2.59704995,3.25678444,0.37262815,0.25918055,0.00122106,-0.19522649,
12262,-1.97624230,-0.17466991,3.61812186,6.00000000,0.23525390,-0.27714843,-0.14857702,0.56072026,-0.01946162,0.07000000,0.00549451,0.10049704,0.23999999,-0.23999999,-0.01229746,-0.09250245,-0.22863814,0.56393659,0.38703752,0.00122106,0.04820806,
12270,1.04524016,-1.19459987,8.61960888,6.00000000,0.24975586,-0.34804687,-0.51572430,0.62391257,0.12696609,0.07000000,0.00549451,-0.03458339,0.23999999,-0.23999999,-0.01229746,2.59006858,-2.48011303,0.62402380,0.17269844,0.00122106,0.24257091,
12278,5.75583220,3.35198927,13.68693733,6.00000000,0.30615234,-0.39477539,-0.20507100,-0.07629858,0.31139264,0.07000000,0.00549451,-0.04737765,-0.23999999,0.23999999,-0.01229746,4.08930635,-4.00029469,-0.08326250,-0.34398711,0.00122106,0.30072576,
12286,10.59451389,0.42388052,16.74433327,6.00000000,-0.18530273,0.22880860,-0.34495419,-1.47271979,0.29816991,0.07000000,0.00549451,0.12341481,-0.23999999,0.23999999,-0.01229746,3.37023091,-3.75594854,-1.47107005,-0.77654040,0.00122106,0.15850961,
12294,1.79342830,2.37276077,20.53136063,6.00000000,-0.29809570,0.38188475,-0.01899293,-2.16025829,0.15439671,0.07000000,0.00549451,0.05491583,-0.23999999,0.23999999,-0.01229746,2.52200079,-2.70002437,-2.13888454,-0.18628186,0.00122106,0.03616814,
12301,3.45859551,0.98771501,16.44505692,5.00000000,-0.26586914,0.33999023,0.24465159,-1.56066394,-0.01015511,0.07000000,0.00549451,0.09653983,-0.23999999,0.23999999,-0.01229746,0.17278759,-0.48171088,-1.53904724,-0.58153480,0.00122106,-0.09047738,
12310,-1.93194962,-0.88095939,11.12753582,6.00000000,-0.28842774,0.36254883,0.25671870,-1.07220328,-0.14688914,0.07000000,0.00549451,-0.02902877,-0.23999999,0.23999999,-0.01229746,-1.38928211,1.47829378,-1.07322514,-0.05608463,0.00122106,-0.19153805,
12318,-1.64225113,-0.42845529,4.08139992,6.00000000,-0.30937499,0.35288087,0.27394849,-0.48641792,-0.08779293,0.07000000,0.00549451,-0.15426880,-0.23999999,0.22048992,-0.01229746,-2.92168117,3.40688276,-0.47195745,-0.03388816,0.00122106,-0.27457350,
12326,-1.88286841,-1.08207238,1.24905920,6.00000000,-0.28198242,0.32871094,0.25722495,0.23940441,-0.09915690,0.07000000,0.00549451,-0.26643103,-0.06581543,0.02972431,-0.01229746,-4.58498001,5.46811628,0.23461998,0.04026532,0.00122106,-0.36518756,
12334,-2.48022175,-1.63872421,2.18399501,6.00000000,-0.09829102,0.07734375,0.06181978,0.79641294,-0.05149814,0.07000000,0.00549451,-0.26916790,0.09804764,-0.13418157,-0.01229746,-5.56236458,6.42804766,0.80215156,0.09820858,0.00122106,-0.39502096,
12342,-0.87371242,-1.18382597,4.14963436,6.00000000,0.05478515,-0.11923828,-0.01858450,1.21201015,-0.00747714,0.07000000,0.00549451,-0.12518859,0.16865948,-0.18520594,-0.01229746,-4.97767925,5.38783169,1.22064114,0.06080718,0.00122106,-0.30192325,
12350,-0.18178815,-1.28318524,8.02225590,6.00000000,0.13535157,-0.17563477,-0.20410861,1.39309883,0.02129844,0.07000000,0.00549451,0.09012537,0.23999999,-0.23999999,-0.01229746,-2.88502932,2.60228610,1.39730561,0.10192645,0.00122106,-0.09984125,
12358,5.13453674,0.88596147,9.49109840,6.00000000,0.24492188,-0.33354491,-0.28033268,1.34334910,0.10057472,0.07000000,0.00549451,-0.03852224,-0.15026259,0.14476025,-0.01229746,-0.50265479,0.63529986,1.34456217,-0.30521590,0.00122106,0.06084592,
12366,9.75175476,-1.30114186,11.55011177,6.00000000,-0.10312500,0.12407227,0.03858582,0.16620409,0.20052131,0.07000000,0.00549451,0.02944983,-0.23999999,0.23999999,-0.01229746,-0.44854963,0.34557518,0.15577519,-0.77592373,0.00122106,-0.01776761,
12373,5.18720913,1.58985674,20.53136063,5.00000000,-0.31098634,0.36416015,-0.17043395,-0.74177659,0.19820450,0.07000000,0.00549451,0.22262338,-0.23999999,0.23999999,-0.01229746,-1.39102733,0.69115037,-0.74284667,-0.41551456,0.00122106,-0.13509974,
12382,2.55717850,-0.30635101,17.94263077,6.00000000,-0.30131835,0.37060547,-0.07995883,-0.49641207,0.03855703,0.07000000,0.00366300,0.16847697,-0.23999999,0.23999999,-0.01229746,-2.68955255,2.12930179,-0.48823020,-0.40781313,0.00122106,-0.22053567,
12390,0.89799678,0.08988938,12.20133495,6.00000000,-0.29809570,0.37382811,0.13176480,-0.20910603,-0.08169600,0.07000000,0.00366300,0.10796077,-0.23999999,0.23999999,-0.01229746,-4.14864779,3.78910995,-0.20739722,-0.32726148,0.00122106,-0.31936574,
12398,-0.83181393,-0.66188997,7.33871126,6.00000000,-0.29326171,0.36738282,0.21743034,0.23179275,-0.14818458,0.07000000,0.00549451,-0.10066853,-0.23999999,0.23999999,-0.01229746,-5.40179396,5.71071768,0.22998762,-0.17892914,0.00122106,-0.40582329,
12406,-1.88765681,-0.54577118,5.73938465,6.00000000,-0.30776367,0.34643555,0.28293058,0.82563794,-0.14585124,0.07000000,0.00549451,-0.26149949,-0.07433106,0.03943497,-0.01229746,-6.66541243,7.52062368,0.82687306,-0.00464891,0.00122106,-0.47618788,
12414,-1.38607156,-2.17622256,4.24300861,6.00000000,-0.14824219,0.09506836,0.26533693,1.34916925,-0.11862186,0.07000000,0.00366300,-0.30031711,0.01287404,-0.05247726,-0.01229746,-7.58345556,8.56083965,1.35975194,0.00571191,0.00122106,-0.51248014,
12422,-1.04370081,-1.39571273,5.19111252,6.00000000,-0.04028320,-0.03061523,0.02242569,1.72041309,-0.05437025,0.07000000,0.00366300,-0.21608472,0.18854712,-0.21668161,-0.01229746,-7.08429146,7.78765917,1.73161530,0.05859707,0.00122106,-0.43605527,
12430,-0.27755621,-0.78878266,8.29519463,6.00000000,0.15307617,-0.24814454,-0.13226248,1.91983926,0.03910781,0.07000000,0.00549451,-0.05367308,0.23999999,-0.23999999,-0.01229746,-5.48382473,5.64788580,1.92338860,0.03778551,0.00122106,-0.27922493,
12438,5.36916828,0.36282837,5.59333801,6.00000000,0.27553710,-0.31582031,-0.12018225,1.73149967,0.09494368,0.07000000,0.00549451,0.18340035,-0.23947382,0.23999999,-0.01229746,-3.97586012,3.37895751,1.74085379,-0.36356360,0.00122106,-0.14972647,
12445,7.50719070,-1.05453908,8.20421505,5.00000000,-0.19497070,0.24814454,-0.21107045,0.58564758,0.11717934,0.07000000,0.00549451,0.21252644,-0.23999999,0.23999999,-0.01229746,-3.90255642,3.20966029,0.58331335,-0.51553768,0.00122106,-0.22729224,
12454,4.33367634,1.08228600,19.46653938,6.00000000,-0.33032227,0.38671875,-0.13649446,-0.29154730,0.12951241,0.07000000,0.00366300,0.04229161,-0.23999999,0.23999999,-0.01229746,-4.27431107,4.13992071,-0.29691947,-0.52889651,0.00122106,-0.34319592,
12462,2.98813486,0.50408626,16.13859940,6.00000000,-0.27714843,0.37866211,0.15966277,0.22493282,0.01950607,0.07000000,0.00366300,0.08797719,-0.23999999,0.23999999,-0.01229746,-5.99520588,5.70199108,0.22772089,-0.47077367,0.00122106,-0.42969871,
12470,0.72561431,0.35564578,13.34935474,6.00000000,-0.32226563,0.36899415,0.04254900,0.43723938,-0.12822236,0.07000000,0.00366300,0.08710353,-0.23999999,0.23999999,-0.01229746,-7.38274288,7.09127235,0.43658027,-0.27593112,0.00122106,-0.51824200,
12478,0.45985791,0.29219943,8.62080669,6.00000000,-0.31098634,0.37382811,0.18576686,0.87892747,-0.15795991,0.07000000,0.00366300,-0.21881071,-0.23999999,0.23999999,-0.01229746,-8.52942467,9.21882915,0.87956572,-0.28803456,0.00122106,-0.60734451,
12486,-1.73203373,-0.88694489,7.39617205,6.00000000,-0.32226563,0.38671875,0.37563995,1.30107939,-0.13641207,0.07000000,0.00366300,-0.36077785,-0.07098651,0.02352917,-0.01229746,-9.78431511,10.98859215,1.30557108,0.01140741,0.00122106,-0.69194293,
12494,-0.40684313,-1.56570113,5.63643360,6.00000000,-0.13374023,0.09667969,0.19175780,1.85584283,-0.02519687,0.07000000,0.00366300,-0.49908835,-0.12857324,0.06258260,-0.01229746,-10.39518070,11.99215698,1.86790788,-0.08834338,0.00122106,-0.70804912,
12502,-1.67816424,-1.76561689,6.21463346,6.00000000,-0.16918945,0.14501953,0.09816059,2.21544480,0.04300261,0.07000000,0.00366300,-0.40841529,0.23999999,-0.23999999,-0.01229746,-10.11941910,11.47030449,2.23083043,0.11710217,0.00122106,-0.65205371,
12510,-0.10517370,-1.04256797,8.81832790,6.00000000,0.17724609,-0.22397462,-0.13844268,2.50995564,0.11836769,0.07000000,0.00366300,-0.16546136,0.07384163,-0.09450591,-0.01229746,-9.22232056,9.76337242,2.51517749,-0.09430835,0.00122106,-0.53166497,
12517,3.06714344,-0.36860025,4.63326311,5.00000000,0.09829102,-0.14824219,-0.16714984,2.43451381,0.10519847,0.07000000,0.00366300,0.02366201,0.05028538,-0.04546504,-0.01229746,-8.11927223,8.03549576,2.44992352,-0.14564708,0.00122106,-0.42751107,
12526,5.01722097,1.22952938,8.59087849,6.00000000,0.06928711,-0.05800781,-0.20217136,1.40074110,0.04972367,0.07000000,0.00366300,0.14545685,-0.23999999,0.23999999,-0.01229746,-7.72133636,7.24311638,1.40429652,-0.40838599,0.00122106,-0.46209049,
12534,5.20995426,0.94102806,12.98902702,6.00000000,-0.22558594,0.30292970,0.12405837,0.50096375,0.00899528,0.07000000,0.00366300,0.01152769,-0.23999999,0.23999999,-0.01229746,-7.85223627,7.81907511,0.49436587,-0.47687185,0.00122106,-0.55879140,
12542,1.03446627,-0.79237396,20.06628799,6.00000000,-0.32065430,0.37543947,0.17014360,0.31530869,-0.04048193,0.07000000,0.00366300,0.02094664,-0.23999999,0.23999999,-0.01229746,-8.67428684,8.60272789,0.30774924,-0.25844908,0.00122106,-0.63438404,
12550,1.62583411,-0.11002646,13.65222073,6.00000000,-0.30292970,0.36093751,0.07356723,0.81977004,-0.07068103,0.07000000,0.00366300,0.04473415,-0.23999999,0.23999999,-0.01229746,-10.19272327,10.07229424,0.79521859,-0.37724817,0.00122106,-0.71216309,
12558,-0.94673562,-0.02263810,9.74248981,6.00000000,-0.30776367,0.38188475,-0.05196294,1.15941489,-0.10481849,0.07000000,0.00549451,-0.07591036,-0.23999999,0.23999999,-0.01229746,-11.57851505,11.82111454,1.15977526,-0.12197115,0.00122106,-0.80408716,
12566,-0.96708632,0.50288916,6.00633812,6.00000000,-0.30937499,0.35449219,0.04613484,1.71141315,-0.12655213,0.07000000,0.00549451,-0.27794051,-0.23999999,0.20514250,-0.01229746,-12.83166122,13.67814541,1.70142770,-0.10569042,0.00122106,-0.87985545,
12574,-1.82181633,-0.12798297,5.50834417,6.00000000,-0.29326171,0.31582031,0.17808782,2.18047690,-0.11188264,0.07000000,0.00549451,-0.21335350,-0.02254626,-0.00408781,-0.01229746,-14.40769291,15.09709835,2.19063282,0.01275411,0.00122106,-0.95550668,
12582,-1.66858745,-0.55893928,5.82557583,6.00000000,-0.08862305,0.09667969,0.08066685,2.65194726,-0.11225883,0.07000000,0.00549451,-0.13030110,0.03258941,-0.04765183,-0.01229746,-15.26290417,15.68701935,2.66328335,-0.00372056,0.00122106,-0.97570091,
12589,-1.82540762,-1.01742887,6.27448845,5.00000000,-0.00161133,-0.02578125,0.00746843,2.95538092,-0.08624292,0.07000000,0.00549451,-0.13218425,0.23999999,-0.23999999,-0.01229746,-14.14938450,14.62062359,2.98694706,0.16960537,0.00122106,-0.86885172,
12598,0.31740290,-1.22692156,8.90930748,6.00000000,0.22236328,-0.29003906,-0.16673765,3.16767836,-0.04773839,0.07000000,0.00366300,0.10797319,0.23999999,-0.23999999,-0.01229746,-12.78802776,12.49306679,3.19277072,0.00229463,0.00122106,-0.71870410,
12606,4.86878014,0.77343398,7.50869942,6.00000000,0.26264650,-0.32226563,-0.03307483,2.48750067,0.03842902,0.07000000,0.00366300,0.25040844,-0.13732210,0.17341745,-0.01229746,-10.74599266,9.93092346,2.49677992,-0.24488893,0.00122106,-0.59800565,
12614,6.31846952,0.16051833,8.89135075,6.00000000,-0.11279297,0.16596679,-0.34171030,1.47361338,0.06166035,0.07000000,0.00366300,0.28257501,-0.23999999,0.23999999,-0.01229746,-10.05135155,9.11410999,1.47484910,-0.30809608,0.00122106,-0.61602056,
12622,2.27466273,0.97215271,16.46899986,6.00000000,-0.29165038,0.34643555,-0.21948351,0.65418720,0.11434399,0.07000000,0.00366300,0.14072739,-0.23999999,0.23999999,-0.01229746,-11.21723175,10.76693630,0.64398968,-0.26636225,0.00122106,-0.79181075,
12630,-0.64506620,0.93025416,19.48808861,6.00000000,-0.31420898,0.37221679,0.03698959,0.75160813,0.09243586,0.07000000,0.00366300,0.19958314,-0.23999999,0.23999999,-0.01229746,-12.55240822,11.91885376,0.74485815,-0.14242867,0.00122106,-0.87520134,
12638,1.14220536,-0.18185250,12.63827705,6.00000000,-0.28198242,0.37221679,-0.00771542,1.16362488,0.04429204,0.07000000,0.00366300,0.05783267,-0.23999999,0.23999999,-0.01229746,-14.07957172,13.88758469,1.16075850,-0.32105070,0.00122106,-0.97982562,
12646,-2.70647383,-0.77441740,9.62637138,6.00000000,-0.30131835,0.36738282,0.10788254,1.57905686,-0.04400028,0.07000000,0.00549451,0.09595335,-0.11453396,0.12991473,-0.01229746,-15.39380360,15.10408020,1.56377149,0.03607044,0.00122106,-1.04228377,
12654,-1.83019602,-0.03580621,4.46806335,6.00000000,-0.19980469,0.24492188,0.12161322,2.18380046,-0.08996883,0.07000000,0.00549451,-0.03023230,-0.11032867,0.10896295,-0.01229746,-16.62076950,16.71327209,2.19416356,-0.01311061,0.00122106,-1.10509181,
12661,-3.13383889,-0.11361776,3.37630749,5.00000000,-0.13535157,0.20463867,0.31357899,2.74915385,-0.07710598,0.07000000,0.00549451,-0.12420839,0.23999999,-0.23999999,-0.01229746,-16.59459114,16.98903465,2.76389408,0.20723610,0.00122106,-1.06854618,
12670,-2.63225365,-1.13594186,3.19315100,6.00000000,0.17885742,-0.23203126,0.06662576,3.08867431,-0.03544636,0.07000000,0.00366300,0.11771735,0.23999999,-0.23999999,-0.01229746,-16.01688766,15.62767887,3.12745023,0.21800694,0.00122106,-0.96783251,
12678,-1.01736450,-1.14551866,1.28976071,6.00000000,0.27231446,-0.29003906,-0.01701551,3.14616418,-0.00754465,0.07000000,0.00366300,0.20304568,0.23999999,-0.23999999,-0.01229746,-13.67814541,12.99746704,3.17889380,0.31906003,0.00122106,-0.77108872,
12686,1.63541090,-1.11918247,6.78086233,6.00000000,0.28842774,-0.32065430,-0.25625360,2.50173473,0.03123990,0.07000000,0.00366300,0.48187873,0.23999999,-0.23999999,-0.01229746,-11.57851505,10.03913403,2.51217389,0.16512074,0.00122106,-0.63658446,
12694,4.83765554,-0.82948405,12.29710293,6.00000000,0.30615234,-0.33515626,-0.25425997,1.69102335,0.06400494,0.07000000,0.00366300,0.68059814,0.04513749,0.04899132,-0.01229746,-9.67959595,7.50142479,1.67981791,-0.05422620,0.00122106,-0.52853000,
12702,6.40226650,0.09707199,17.28422546,6.00000000,0.09667969,-0.00966797,-0.19811985,0.43647304,-0.02594036,0.07000000,0.00366300,0.76057273,-0.23999999,0.23999999,-0.01229746,-8.97448349,6.54323912,0.42152381,-0.16492411,0.00122106,-0.55613893,
12710,6.21911001,0.58908045,20.53136063,6.00000000,-0.22397462,0.26586914,0.14139690,-0.68529737,-0.08794747,0.07000000,0.00366300,0.38746598,-0.23999999,0.23999999,-0.01229746,-9.73370171,8.54338646,-0.68432510,-0.49710616,0.00122106,-0.75583649,
12718,-0.95272112,-2.31748033,20.53136063,6.00000000,-0.29970703,0.35771483,0.26035723,-1.15261555,-0.06122794,0.07000000,0.00366300,0.30496347,-0.23999999,0.23999999,-0.01229746,-10.97986603,9.97455692,-1.14866459,-0.20816278,0.00122106,-0.88512617,
12726,0.21445222,-2.40606594,11.44117546,6.00000000,-0.29809570,0.32387695,-0.00764512,-0.61567485,-0.09715673,0.07000000,0.00366300,0.21298020,-0.23999999,0.23999999,-0.01229746,-12.79500866,12.07069683,-0.61945254,-0.24626902,0.00122106,-0.99637926,
12733,-4.65415716,-0.10404095,6.43968868,5.00000000,-0.30454102,0.38994139,0.04140909,-0.31335828,-0.07190096,0.07000000,0.00366300,0.12756561,-0.22115773,0.23999999,-0.01229746,-14.07782555,13.64672947,-0.31672889,0.20286620,0.00122106,-1.08028638,
12742,-3.16735768,0.85723102,-2.07050133,6.00000000,-0.29970703,0.33837891,0.15099400,0.82774776,-0.15071642,0.07000000,0.00549451,-0.08604972,-0.04472375,0.03520134,-0.01229746,-15.66607475,15.95929146,0.82298654,0.21887796,0.00122106,-1.14024150,
12750,-2.21566248,-0.23572205,-3.64468908,6.00000000,-0.09829102,0.08701172,0.35263667,1.29677212,-0.11193087,0.07000000,0.00549451,-0.02240437,-0.01755834,0.01706952,-0.01229746,-16.99077988,17.09550095,1.34260201,0.18883689,0.00122106,-1.19710279,
12758,-5.04321480,0.98412371,0.67684501,6.00000000,-0.05156250,0.08056641,0.35594797,1.72583508,-0.05759066,0.07000000,0.00366300,-0.09512274,0.23999999,-0.23999999,-0.01229746,-16.28566742,16.59633636,1.74785256,0.53287667,0.00122106,-1.12011969,
12766,-2.63225365,-2.23488045,3.37151909,6.00000000,0.19335937,-0.24975586,0.05324082,2.18219876,-0.08672048,0.07000000,0.00366300,0.25665724,0.23999999,-0.23999999,-0.01229746,-15.22625256,14.40071106,2.16212893,0.33988512,0.00122106,-0.96050215,
12774,-3.51212263,1.51563644,8.44722652,6.00000000,0.22397462,-0.33837891,-0.15496854,2.45854974,0.02405624,0.07000000,0.00549451,-0.07273158,0.23999999,-0.23999999,-0.01229746,-11.85427666,12.08291435,2.46426654,0.60426199,0.00122106,-0.72130233,
12782,2.03883386,-0.31712490,12.85375500,6.00000000,0.27070314,-0.34804687,0.20350489,2.04593992,0.29028434,0.07000000,0.00549451,0.06743030,0.08227402,-0.07157433,-0.01229746,-9.89427185,9.67610550,2.03468966,-0.02169430,0.00122106,-0.58918631,
12790,3.28741002,-1.49387503,16.48815346,6.00000000,0.13696289,-0.11279297,-0.31198639,0.94917315,0.22039454,0.07000000,0.00366300,0.33877343,-0.11587538,0.16326271,-0.01229746,-9.23977375,8.15592384,0.92863989,-0.04030375,0.00122106,-0.59306186,
12798,3.77223587,1.55753505,20.53136063,6.00000000,-0.04995117,0.15952149,-0.19750643,-0.08834311,0.19978534,0.07000000,0.00366300,0.31240535,-0.23999999,0.23999999,-0.01229746,-9.76162624,8.75980759,-0.09607100,-0.17885943,0.00122106,-0.71291614,
12805,1.64498770,-0.11720906,20.53136063,5.00000000,-0.23847656,0.33515626,0.00956111,-0.85517943,0.15368842,0.07000000,0.00366300,0.20595178,-0.23999999,0.23999999,-0.01229746,-11.23817539,10.57843971,-0.85284102,-0.26067230,0.00122106,-0.89810604,
12814,-3.47980094,-0.10404095,17.08071709,6.00000000,-0.29648438,0.36738282,0.09263418,-0.74531746,0.02242499,0.07000000,0.00366300,0.15831262,-0.23999999,0.23999999,-0.01229746,-12.91020107,12.41278172,-0.73683423,0.09834087,0.00122106,-1.01957917,
12822,-2.33537269,-0.87976229,6.02429438,6.00000000,-0.32065430,0.33837891,0.18354794,-0.11309075,-0.09795243,0.07000000,0.00366300,0.19544451,-0.23999999,0.23999999,-0.01229746,-14.81086349,14.19650841,-0.11876816,0.01499294,0.00122106,-1.11693156,
12830,-6.39354467,2.78456330,2.06907320,6.00000000,-0.31098634,0.36093751,0.43481886,0.53183818,-0.16144317,0.07000000,0.00366300,0.12983915,0.10190827,-0.08183342,-0.01229746,-16.26646805,15.84235382,0.53629482,0.36267951,0.00122106,-1.17983305,
12838,-4.50212526,-1.95954728,-4.20972061,6.00000000,0.02416992,-0.04350586,0.51669365,1.46520376,-0.26795530,0.07000000,0.00366300,0.10744772,0.23999999,-0.23999999,-0.01229746,-17.08851814,16.76388741,1.47148955,0.39685851,0.00122106,-1.17582440,
12846,-2.29107976,-0.67266387,-5.05367661,6.00000000,0.22880860,-0.29809570,0.27671754,1.81618762,-0.19107498,0.07000000,0.00366300,0.19672264,0.23999999,-0.23999999,-0.01229746,-15.22625256,14.56302738,1.84432840,0.41486961,0.00122106,-0.99402773,
12854,-5.66331291,-0.14354528,3.37391329,6.00000000,0.21752930,-0.30615234,-0.02313739,1.96582866,-0.17365392,0.07000000,0.00366300,0.26062119,0.23999999,-0.23999999,-0.01229746,-11.97819424,11.12821865,1.97891355,0.82194585,0.00122106,-0.73279357,
12862,-0.93476456,2.07827401,6.35589123,6.00000000,0.23525390,-0.33837891,0.06112723,2.05266690,0.05596257,0.07000000,0.00366300,0.28883931,0.23999999,-0.23999999,-0.01229746,-9.73893738,8.78249741,2.06841826,0.37902725,0.00122106,-0.54814768,
12870,0.18332760,-2.54133821,14.47462940,6.00000000,0.29648438,-0.36577147,-0.50870782,1.45454097,0.21951599,0.07000000,0.00366300,0.43188778,0.23999999,-0.23999999,-0.01229746,-7.87841606,6.48738909,1.43400717,0.32029212,0.00122106,-0.43801236,
12877,3.17967105,1.01045990,20.53136063,5.00000000,0.30776367,-0.37382811,-0.63295907,0.60231131,0.28730449,0.07000000,0.00366300,0.60123211,0.20087370,-0.11838628,-0.01229746,-6.58338213,4.64257574,0.58614391,0.15233579,0.00122106,-0.38206255,
12886,3.44901872,1.29536998,20.53136063,6.00000000,0.26586914,-0.19013672,-0.20181346,-0.79515147,0.09025211,0.07000000,0.00366300,0.76631308,-0.17332083,0.23999999,-0.01229746,-5.69500923,3.22885919,-0.79470980,0.04911755,0.00122106,-0.39739856,
12894,2.72836399,-1.35620844,19.75743484,6.00000000,-0.13212891,0.25297850,0.23968634,-1.89816380,-0.07103756,0.07000000,0.00366300,0.61869454,-0.23999999,0.23999999,-0.01229746,-6.08072710,4.05789042,-1.89063764,-0.16335991,0.00122106,-0.53379792,
12902,-2.56042743,-2.66224551,15.03487301,6.00000000,-0.24169922,0.30292970,0.24082817,-2.25334859,-0.17391770,0.07000000,0.00549451,0.34000197,-0.23999999,0.23999999,-0.01229746,-8.35838127,7.30420303,-2.25216222,-0.14825168,0.00122106,-0.76476818,
12910,-3.60070825,-1.51302862,12.07683659,6.00000000,-0.28681642,0.36254883,-0.10493425,-2.03499842,-0.16744442,0.07000000,0.00549451,0.26091045,-0.23999999,0.23999999,-0.01229746,-9.57662201,8.69348526,-2.03212047,0.11039597,0.00122106,-0.85189867,
12918,-5.95899677,1.21875548,2.96689892,6.00000000,-0.27231446,0.36899415,-0.07519896,-0.94603807,-0.13474700,0.07000000,0.00366300,0.11243480,0.07795131,-0.06156778,-0.01229746,-11.00604630,10.67094326,-0.95963216,0.44347250,0.00122106,-0.89977807,
12926,-3.57916045,0.92067736,-3.71052957,6.00000000,0.03061523,-0.00161133,0.18150578,-0.21336618,-0.05944294,0.07000000,0.00366300,0.09835008,0.12322125,-0.10842586,-0.01229746,-11.66927052,11.34987545,-0.22862041,0.38478640,0.00122106,-0.89550793,
12934,-3.92991090,1.03679621,-5.82460976,6.00000000,0.11118164,-0.08862305,0.16016045,0.30132702,-0.17274457,0.07000000,0.00366300,0.22243664,0.23999999,-0.23999999,-0.01229746,-10.90481663,10.18225098,0.29767352,0.58934021,0.00122106,-0.78228033,
12942,-4.45902967,0.48134136,1.29454911,6.00000000,0.23847656,-0.27714843,0.10970644,0.68331432,-0.11522388,0.07000000,0.00366300,0.24011239,0.23999999,-0.23999999,-0.01229746,-8.45961094,7.62534332,0.68639874,0.66841358,0.00122106,-0.56116557,
12949,-4.29622364,-1.15748966,5.02710962,5.00000000,0.27553710,-0.33999023,0.06880715,0.84838259,-0.08835550,0.07000000,0.00366300,0.27566320,0.23999999,-0.23999999,-0.01229746,-6.23606110,5.30754614,0.85004091,0.70679951,0.00122106,-0.37625772,
12958,0.04925231,-0.46077701,13.14465046,6.00000000,0.29326171,-0.35771483,-0.24765469,0.38700223,0.21026056,0.07000000,0.00366300,0.38473195,0.23999999,-0.23999999,-0.01229746,-4.09977818,2.86583066,0.38425994,0.21153045,0.00122106,-0.23241144,
12966,2.81575227,-0.06573372,18.95178604,6.00000000,0.29648438,-0.36899415,-0.41209701,-0.34145135,0.24344535,0.07000000,0.00366300,0.50938857,0.05133723,0.01774727,-0.01229746,-2.79078126,1.14144540,-0.34537593,0.09823089,0.00122106,-0.17377263,
12974,3.15094066,0.87159622,20.53136063,6.00000000,0.13857421,-0.05156250,-0.45371979,-1.55760920,0.19536830,0.07000000,0.00366300,0.48616436,-0.11272410,0.17826568,-0.01229746,-2.55167127,0.97738439,-1.54692626,0.15456212,0.00122106,-0.25227934,
12982,1.80061090,1.14812648,20.53136063,6.00000000,-0.06123047,0.18046875,-0.03164719,-2.63556051,0.12247695,0.07000000,0.00366300,0.33005467,-0.23999999,0.23999999,-0.01229746,-3.65122867,2.57959676,-2.60418797,-0.10373461,0.00122106,-0.43513238,
12990,-1.05567181,-0.29677418,20.53136063,6.00000000,-0.24653320,0.33032227,0.10039321,-3.07611895,0.00913406,0.07000000,0.00549451,0.35964972,-0.23999999,0.23999999,-0.01229746,-5.25518656,4.09803295,-3.03457856,-0.08037047,0.00122106,-0.58893037,
12998,-2.87167382,-0.39373937,9.51384354,6.00000000,-0.29970703,0.34965819,-0.10507322,-2.65252733,-0.16550274,0.07000000,0.00549451,0.26819307,-0.23999999,0.23999999,-0.01229746,-6.90626812,6.02662182,-2.65267515,0.06854405,0.00122106,-0.69305205,
13006,-6.06553888,2.39071727,1.76381254,6.00000000,-0.28198242,0.36577147,0.07438501,-1.73310757,-0.13441250,0.07000000,0.00549451,0.09510398,-0.06477398,0.07787755,-0.01229746,-8.37758064,8.07214737,-1.75219214,0.39648053,0.00122106,-0.76428950,
13014,-4.77985239,0.30656463,-5.83298922,6.00000000,-0.09829102,0.15468749,0.47298312,-0.77891409,-0.20272784,0.07000000,0.00549451,0.08468828,0.19724259,-0.18506834,-0.01229746,-9.71275711,9.47015572,-0.81246698,0.47786975,0.00122106,-0.78813988,
13021,-3.99694848,0.22516178,-6.83256865,5.00000000,0.15952149,-0.17724609,0.35455608,-0.19070165,-0.16409676,0.07000000,0.00549451,0.07147303,0.23999999,-0.23999999,-0.01229746,-9.03557014,8.84881973,-0.20776021,0.57224542,0.00122106,-0.69697845,
13030,-1.94870901,-0.65351027,-3.28436160,6.00000000,0.23686524,-0.28198242,0.15000652,0.11172319,-0.08417418,0.07000000,0.00549451,0.38722515,0.23999999,-0.23999999,-0.01229746,-6.84169054,5.63741350,0.10823858,0.49909431,0.00122106,-0.46709508,
13038,-7.01962805,-0.94081444,9.89093018,6.00000000,0.19013672,-0.33032227,-0.40160301,0.34214127,-0.11070280,0.07000000,0.00549451,0.08005267,0.23999999,-0.23999999,-0.01229746,-3.04559946,2.78030944,0.33811879,1.00835431,0.00122106,-0.19480479,
13046,1.81138480,1.03799331,13.01895523,6.00000000,0.28520507,-0.35771483,0.18606673,0.33167365,0.31764624,0.07000000,0.00549451,0.26081705,-0.22345693,0.23999999,-0.01229746,-1.43640602,0.62308258,0.33340803,-0.21130991,0.00122106,-0.05333558,
13054,2.45063663,-2.23966885,17.73792648,6.00000000,-0.15952149,0.21752930,-0.73994595,-0.55735981,0.22447172,0.07000000,0.00549451,0.09552811,0.22947331,-0.21713464,-0.01229746,-1.58824956,1.28107166,-0.56560457,0.26865399,0.00122106,-0.15212996,
13062,-0.88688058,0.46218774,20.53136063,6.00000000,0.23525390,-0.25942382,-0.49189714,-1.14998138,0.31319296,0.07000000,0.00366300,-0.08922365,-0.23999999,0.23999999,-0.01229746,-2.22005868,2.54294467,-1.14206052,-0.20738298,0.00122106,-0.26920021,
13070,6.17840862,1.05235851,17.10106850,6.00000000,-0.18046875,0.24975586,-0.04484503,-1.89572871,0.19296500,0.07000000,0.00366300,0.06708805,-0.23999999,0.23999999,-0.01229746,-2.87281203,2.65988159,-1.89869308,-0.34469751,0.00122106,-0.35642469,
13078,-4.48656273,-0.78878266,16.94903755,6.00000000,-0.28198242,0.38510743,0.12053004,-2.13205552,0.10375698,0.07000000,0.00549451,0.34957644,-0.23072289,0.23999999,-0.01229746,-5.31452751,4.16784620,-2.11532497,0.23196030,0.00122106,-0.52232140,
13086,-1.49381065,1.74907112,5.40060520,6.00000000,-0.26586914,0.36416015,-0.18290375,-1.51742685,-0.15481760,0.07000000,0.00549451,0.23488635,-0.23999999,0.23999999,-0.01229746,-6.97782612,6.24129772,-1.52218890,0.12654558,0.00122106,-0.61772746,
13093,-7.29376411,1.28579319,2.57903838,5.00000000,-0.27392578,0.36899415,0.19938833,-0.81064570,-0.14452375,0.07000000,0.00549451,0.02349916,0.23999999,-0.23999999,-0.01229746,-8.15417862,8.04596806,-0.82045138,0.50614715,0.00122106,-0.67977583,
13102,-3.03567648,0.33290085,-4.97825956,6.00000000,0.20947266,-0.22719726,0.53227872,0.25180680,-0.20453335,0.07000000,0.00549451,0.11695297,0.23999999,-0.23999999,-0.01229746,-8.26762486,7.91157722,0.24055552,0.38572383,0.00122106,-0.59746718,
13110,-3.00335479,-1.52619672,-5.45829678,6.00000000,0.24169922,-0.28037110,0.38250601,0.46150503,-0.12439920,0.07000000,0.00549451,0.30161327,0.23999999,-0.23999999,-0.01229746,-5.83987188,4.84503412,0.46479270,0.53329653,0.00122106,-0.37173837,
13118,-4.90554810,-0.42845529,3.25659728,6.00000000,0.23847656,-0.34482422,-0.00753878,0.58665365,-0.12095948,0.07000000,0.00366300,0.26675409,0.23999999,-0.23999999,-0.01229746,-2.90422773,2.06297922,0.58953476,0.76494539,0.00122106,-0.14609197,
13126,-1.36811507,-1.53098512,8.47116852,6.00000000,0.26425782,-0.35771483,-0.14147770,0.56863195,0.19860049,0.07000000,0.00366300,0.19169192,0.23999999,-0.23999999,-0.01229746,-0.54977870,-0.06632251,0.56664038,0.37749827,0.00122106,0.02250464,
13134,1.24994445,-3.36135244,15.28626347,6.00000000,0.32065430,-0.39477539,-0.68139231,0.05952495,0.32213679,0.07000000,0.00549451,0.26083636,0.23999999,-0.23999999,-0.01229746,0.64402652,-1.49574709,0.04966360,0.18316515,0.00122106,0.08635484,
13142,4.12777472,1.22354388,20.53136063,6.00000000,0.35288087,-0.37382811,-0.74864423,-0.90718347,0.34582058,0.07000000,0.00549451,0.45889646,-0.04217039,0.10330619,-0.01229746,1.21125853,-2.69129777,-0.90446198,0.02255546,0.00122106,0.07863475,
13150,5.49127293,1.24748588,20.53136063,6.00000000,0.06284180,0.02416992,-0.17975882,-2.18939996,0.10535490,0.07000000,0.00549451,0.68253583,-0.23999999,0.23999999,-0.01229746,0.33161256,-2.55341673,-2.16796255,-0.14074089,0.00122106,-0.05371366,
13158,0.68371576,-2.08524275,20.53136063,6.00000000,-0.22397462,0.28037110,0.21181361,-3.11487865,-0.13285434,0.07000000,0.00549451,0.41530585,-0.23999999,0.23999999,-0.01229746,-1.17809725,-0.12042772,-3.09075999,-0.25038981,0.00122106,-0.27814087,
13165,-3.82217193,-1.77040529,17.03043938,5.00000000,-0.28359374,0.33193359,0.29122779,-2.94740748,-0.21732350,0.07000000,0.00549451,0.33350229,-0.23999999,0.23999999,-0.01229746,-2.60228610,1.51320040,-2.92146683,-0.08485633,0.00122106,-0.37794793,
13174,-4.73316574,-1.51542282,4.94211531,6.00000000,-0.30454102,0.36254883,-0.01483129,-2.18594384,-0.28074688,0.07000000,0.00549451,0.15957490,-0.23999999,0.23999999,-0.01229746,-4.29700041,3.80656314,-2.21002054,0.18329173,0.00122106,-0.48029804,
13182,-5.39635944,1.44261336,-3.65187168,6.00000000,-0.29003906,0.34965819,0.38699386,-1.18477809,-0.25696853,0.07000000,0.00549451,-0.02579673,0.08692798,-0.09051923,-0.01229746,-5.94633675,6.04233027,-1.22070336,0.37857178,0.00122106,-0.54977506,
13190,-4.95462942,-0.55415088,-7.11029577,6.00000000,0.03383789,-0.05156250,0.30862466,-0.42493889,-0.23312329,0.07000000,0.00549451,-0.08792048,0.23999999,-0.23999999,-0.01229746,-6.62003374,6.93768358,-0.47823542,0.57753175,0.00122106,-0.55221444,
13198,-2.15221620,-0.25846696,-6.06043863,6.00000000,0.23847656,-0.28198242,0.26921690,0.07128783,-0.17685159,0.07000000,0.00549451,0.03129870,0.23999999,-0.23999999,-0.01229746,-5.10857916,4.97244310,0.04314744,0.52869189,0.00122106,-0.37912393,
13206,-3.07398391,0.14974442,2.99562931,6.00000000,0.22719726,-0.26909178,-0.12233933,0.14154063,-0.18694191,0.07000000,0.00549451,0.31207797,0.23999999,-0.23999999,-0.01229746,-2.46265960,1.46433127,0.14221042,0.59164220,0.00122106,-0.14124031,
13214,-5.21440029,-2.00743127,13.20450497,6.00000000,0.23203126,-0.36093751,-0.50546557,0.49209487,-0.01093508,0.07000000,0.00549451,-0.24885330,0.23999999,-0.23999999,-0.01229746,1.23045707,-0.48869219,0.48515278,0.83309329,0.00122106,0.10757738,
13222,4.48929930,0.49810079,14.35252476,6.00000000,0.30937499,-0.39477539,-0.03247777,0.04191885,0.30410796,0.07000000,0.00549451,-0.07878681,-0.23999999,0.23999999,-0.01229746,2.35270381,-2.09614038,0.04136726,-0.25864470,0.00122106,0.17605068,
13230,5.35959148,0.41071242,20.31169319,6.00000000,-0.14985351,0.21430664,-0.56245816,-1.06420028,0.21113540,0.07000000,0.00549451,-0.01040661,-0.23999999,0.23999999,-0.01229746,1.27758098,-1.24092913,-1.06474173,-0.21896251,0.00122106,0.01576336,
13237,-1.15622830,1.15890050,20.53136063,5.00000000,-0.24814454,0.35126954,-0.27171344,-1.69105339,0.13447841,0.07000000,0.00549451,-0.00237838,-0.23999999,0.23999999,-0.01229746,-0.79237950,0.78016222,-1.67413104,-0.08500642,0.00122106,-0.18706223,
13246,0.26353335,1.73590302,17.82172394,6.00000000,-0.26103514,0.33193359,0.02282022,-1.41292858,-0.03231436,0.07000000,0.00549451,0.06270094,-0.23999999,0.23999999,-0.01229746,-3.63203025,3.36150432,-1.39345098,-0.25673500,0.00122106,-0.37258166,
13254,-4.44227028,-0.05376272,9.18823242,6.00000000,-0.29003906,0.35449219,0.17899840,-0.94004697,-0.22218060,0.07000000,0.00549451,0.07106164,-0.07159270,0.08109991,-0.01229746,-5.15395689,4.91310167,-0.94258034,0.19339827,0.00122106,-0.45267075,
13262,-5.75788403,2.60020995,1.56868517,6.00000000,-0.12246094,0.13696289,0.22984503,-0.15267681,-0.29978105,0.07000000,0.00366300,-0.01494323,0.23999999,-0.23999999,-0.01229746,-6.14355898,6.15577650,-0.15960765,0.44729424,0.00122106,-0.47675735,
13270,-4.11905289,0.32571825,-6.25197458,6.00000000,0.19658203,-0.25136718,0.78383869,0.62851620,-0.30360845,0.07000000,0.00366300,0.00813088,0.23999999,-0.23999999,-0.01229746,-5.20282650,5.19933558,0.62581682,0.59017301,0.00122106,-0.34502232,
13278,-2.33417559,-1.34184325,-7.50055075,6.00000000,0.24331054,-0.27875978,0.55823749,0.89227170,-0.24482886,0.07000000,0.00549451,0.08294834,0.23999999,-0.23999999,-0.01229746,-2.61450338,2.30034399,0.88767648,0.61255288,0.00122106,-0.12112825,
13286,-1.52134395,-1.83983719,-0.86142957,6.00000000,0.25297850,-0.33193359,0.23016642,0.87689453,-0.17202458,0.07000000,0.00549451,0.05931232,0.23999999,-0.23999999,-0.01229746,-0.08377581,-0.09424778,0.88844043,0.46950606,0.00122106,0.07174177,
13294,-2.77231431,-2.11277628,9.01465225,6.00000000,0.27231446,-0.36899415,-0.39501902,0.59429675,0.10589890,0.07000000,0.00549451,0.08527078,0.23999999,-0.23999999,-0.01229746,1.74009323,-2.00014734,0.59357411,0.52386487,0.00122106,0.18769804,
13302,2.49133801,-1.26882005,16.84369278,6.00000000,0.30615234,-0.39799803,-0.58223122,0.18554321,0.32658231,0.07000000,0.00549451,0.02584557,0.08668413,-0.08441884,-0.01229746,3.27074695,-3.31787109,0.17987567,-0.05589926,0.00122106,0.26380020,
13309,6.81646347,-2.23128915,20.53136063,5.00000000,0.20786133,-0.19497070,-0.78408855,-0.82090479,0.43151510,0.07000000,0.00549451,0.11385037,-0.23999999,0.23999999,-0.01229746,3.41735482,-3.78736448,-0.82439768,-0.35382354,0.00122106,0.21187563,
13318,4.14692831,2.55711412,20.53136063,6.00000000,-0.17241211,0.24169922,-0.56043077,-2.09522915,0.28824177,0.07000000,0.00366300,0.08602326,-0.23999999,0.23999999,-0.01229746,1.70693207,-1.98269403,-2.07947111,-0.09818557,0.00122106,-0.01797590,
13326,-1.11672390,-0.69660586,20.53136063,6.00000000,-0.24653320,0.35126954,0.06622341,-2.49821877,0.05048741,0.07000000,0.00366300,0.34545457,-0.23999999,0.23999999,-0.01229746,-0.76794487,-0.33859387,-2.46710634,-0.14413230,0.00122106,-0.20729050,
13334,-0.89645737,1.44979596,11.58841896,6.00000000,-0.29165038,0.34482422,0.08500433,-1.93231761,-0.26149639,0.07000000,0.00549451,0.22072166,-0.23999999,0.23999999,-0.01229746,-2.65639114,1.89542758,-1.92113566,-0.17156044,0.00122106,-0.31481212,
13342,-5.48135376,-0.03820041,3.01119161,6.00000000,-0.30615234,0.35610351,0.32972366,-1.34286034,-0.36672521,0.07000000,0.00549451,0.19183683,-0.12129205,0.14694704,-0.01229746,-4.29874611,3.67217255,-1.36117756,0.18908963,0.00122106,-0.40752298,
13350,-5.26348114,0.83927453,-5.66060686,6.00000000,-0.17080078,0.20141602,0.72765023,-0.20354706,-0.41907784,0.07000000,0.00549451,-0.09492995,0.20139800,-0.21419170,-0.01229746,-5.33372641,5.67581081,-0.23102891,0.30685741,0.00122106,-0.43869093,
13358,-4.06877470,-1.51901412,-7.14501190,6.00000000,0.16435547,-0.22236328,0.64820737,0.42683417,-0.29300484,0.07000000,0.00549451,-0.09733959,0.23999999,-0.23999999,-0.01229746,-5.05447340,5.35641527,0.42288971,0.53453583,0.00122106,-0.36409393,
13366,-1.03412402,0.97694111,-6.52012539,6.00000000,0.24008790,-0.30937499,0.27296272,0.70931059,-0.18665816,0.07000000,0.00366300,-0.04068210,0.23999999,-0.23999999,-0.01229746,-2.62322998,2.72794962,0.71789289,0.45475700,0.00122106,-0.14812340,
13374,-3.40677786,-1.71653581,6.05781317,6.00000000,0.26103514,-0.29809570,-0.04057644,0.66319841,-0.12060856,0.07000000,0.00366300,0.30881315,0.23999999,-0.23999999,-0.01229746,-0.22514747,-0.74351025,0.66702503,0.57764381,0.00122106,0.07369751,
13381,2.68766260,-1.67942572,5.42694139,5.00000000,0.25620118,-0.35449219,-0.99157441,0.49825928,-0.15768082,0.07000000,0.00366300,0.04094803,0.23999999,-0.23999999,-0.01229746,1.82561433,-1.97920334,0.49782673,0.33260831,0.00122106,0.18624416,
13390,5.32966423,3.84639192,16.92509460,6.00000000,0.32548827,-0.36577147,-0.08662236,0.41014424,0.24907604,0.07000000,0.00366300,-0.18913808,-0.23999999,0.21509968,-0.01229746,3.89208412,-3.30216289,0.40833628,-0.32557514,0.00122106,0.30616611,
13398,3.90750837,-3.33381915,20.53136063,6.00000000,-0.15146485,0.18046875,-0.52910858,-1.08969867,0.26727301,0.07000000,0.00366300,0.08057767,-0.23999999,0.23999999,-0.01229746,2.34572244,-2.59530449,-1.09133327,-0.13356492,0.00122106,0.10631596,
13406,1.18530107,2.33325648,20.53136063,6.00000000,-0.26425782,0.32548827,-0.21799725,-1.72801328,0.11788898,0.07000000,0.00366300,-0.11241644,-0.23999999,0.23999999,-0.01229746,0.93549645,-0.57072270,-1.70879948,-0.29887620,0.00122106,-0.07218133,
13414,1.22241116,-0.38176835,18.27662086,6.00000000,-0.26586914,0.36254883,0.06690174,-1.34475064,-0.07202069,0.07000000,0.00366300,0.15761769,-0.23999999,0.23999999,-0.01229746,-1.97222209,1.44164193,-1.32476711,-0.31692207,0.00122106,-0.23285824,
13422,-4.47339487,1.80054653,9.33068752,6.00000000,-0.29648438,0.35610351,-0.02844313,-0.94515103,-0.24856682,0.07000000,0.00366300,0.03743833,-0.00518723,0.01006638,-0.01229746,-3.30914426,3.19395256,-0.94514799,0.20134223,0.00122106,-0.31956330,
13430,-4.51409626,1.96694350,0.63853776,6.00000000,-0.06123047,0.06284180,0.30860329,-0.14855835,-0.33383811,0.07000000,0.00366300,-0.09993484,0.23999999,-0.23999999,-0.01229746,-4.01774788,4.33714342,-0.15807432,0.33166003,0.00122106,-0.33055580,
13438,-4.61225843,0.51605731,-6.21007633,6.00000000,0.19335937,-0.25942382,0.88574940,0.60199195,-0.28185543,0.07000000,0.00366300,-0.12424079,0.23999999,-0.23999999,-0.01229746,-2.79950809,3.15206480,0.59772909,0.67744350,0.00122106,-0.18243101,
13446,-2.93631721,-2.88370919,-6.68771935,6.00000000,0.22719726,-0.30454102,0.63503581,0.80817342,-0.26597771,0.07000000,0.00366300,0.01871513,0.23999999,-0.23999999,-0.01229746,-0.22165681,0.16057029,0.82322007,0.75778061,0.00122106,0.05302781,
13453,-1.96546841,-1.55851853,-0.84586728,5.00000000,0.25297850,-0.34804687,0.28376767,0.77588320,-0.14963655,0.07000000,0.00366300,-0.05231367,0.23999999,-0.23999999,-0.01229746,1.93382490,-1.78198111,0.78765744,0.56331766,0.00122106,0.20116913,
13462,-2.18812919,-3.68337250,9.40371037,6.00000000,0.31259766,-0.38510743,-0.48231420,0.44585526,0.09238760,0.07000000,0.00549451,0.13168094,0.23999999,-0.23999999,-0.01229746,3.32834291,-3.75071239,0.44193169,0.42083627,0.00122106,0.30524367,
13470,5.52838278,-0.89053619,13.00937843,6.00000000,0.31904298,-0.38833007,-0.71989220,-0.02424147,0.27129364,0.07000000,0.00549451,-0.13159037,-0.17340007,0.15381990,-0.01229746,5.59028959,-5.18013716,-0.02586761,-0.25593543,0.00122106,0.40487573,
13478,6.98046637,0.22157048,17.49491501,6.00000000,-0.06767578,0.08056641,-0.89225161,-1.00410223,0.50260812,0.07000000,0.00366300,-0.12943366,-0.23999999,0.23999999,-0.01229746,4.95149946,-4.51342154,-1.00300634,-0.50803483,0.00122106,0.28587228,
13486,1.85687459,1.62457263,20.53136063,6.00000000,-0.24008790,0.34160155,-0.56547910,-2.05390429,0.30651560,0.07000000,0.00366300,-0.13649729,-0.23999999,0.23999999,-0.01229746,2.99323964,-2.54992604,-2.03878880,-0.29742324,0.00122106,0.06024435,
13494,1.25353575,1.30015838,20.53136063,6.00000000,-0.20786133,0.34643555,0.04856231,-1.87332511,0.00891931,0.07000000,0.00366300,0.32399380,-0.23999999,0.23999999,-0.01229746,-0.49392816,-0.53930676,-1.84339643,-0.31126815,0.00122106,-0.13868791,
13502,-2.63345075,0.98771501,14.10951328,6.00000000,-0.30615234,0.36254883,0.23790023,-1.48922896,-0.36494839,0.07000000,0.00366300,0.16931349,-0.23999999,0.23999999,-0.01229746,-1.81514239,1.22696650,-1.47567999,-0.10542333,0.00122106,-0.22907063,
13510,-3.54923296,1.39832056,1.99605012,6.00000000,-0.29003906,0.34482422,0.54112417,-0.77157241,-0.44528702,0.07000000,0.00366300,0.12952791,-0.21577892,0.23328198,-0.01229746,-3.63901138,3.20267916,-0.78553575,0.02576625,0.00122106,-0.32484141,
13518,-5.09588718,0.21558498,-2.31949830,6.00000000,-0.27875978,0.33193359,0.75399655,0.20076630,-0.49168462,0.07000000,0.00366300,-0.16110292,0.19735266,-0.21884613,-0.01229746,-4.93230057,5.48382473,0.18736768,0.23616718,0.00122106,-0.37891856,
13525,-4.03405857,-1.91405749,-5.68215466,5.00000000,0.14340821,-0.19819336,0.59436935,0.82721364,-0.30599716,0.07000000,0.00366300,-0.18868132,0.23999999,-0.23999999,-0.01229746,-5.26216793,5.86605167,0.83283329,0.46251237,0.00122106,-0.36177129,
13534,-2.38924217,-0.24649596,-5.75398064,6.00000000,0.21591797,-0.28037110,0.09008986,1.25414240,-0.25482702,0.07000000,0.00549451,0.04339640,0.23999999,-0.23999999,-0.01229746,-2.93913436,2.80648947,1.27225065,0.53516430,0.00122106,-0.11718327,
13542,-1.92835832,-1.50345182,3.24462628,6.00000000,0.23525390,-0.31743163,-0.17646737,1.19480300,-0.22596568,0.07000000,0.00549451,0.18968807,0.23999999,-0.23999999,-0.01229746,-0.27925268,-0.32463124,1.20458424,0.48656109,0.00122106,0.09350158,
13550,-0.33741125,-1.16826355,9.35582638,6.00000000,0.23364258,-0.35288087,-0.63598567,0.89115471,-0.03847494,0.07000000,0.00366300,-0.20092618,0.23999999,-0.23999999,-0.01229746,2.69304299,-2.02981806,0.88960302,0.39204219,0.00122106,0.24651790,
13558,6.98764896,-0.59964073,12.77235222,6.00000000,0.31904298,-0.38510743,0.00954627,0.61418575,0.20862180,0.07000000,0.00366300,-0.15048747,-0.23999999,0.23999999,-0.01229746,3.73151398,-3.23234963,0.61323631,-0.45974249,0.00122106,0.31203955,
13566,6.57704306,0.28980523,20.53136063,6.00000000,-0.15307617,0.20463867,-0.81427521,-0.86401659,0.28772438,0.07000000,0.00366300,-0.22616859,-0.23999999,0.23999999,-0.01229746,2.96356916,-2.24100256,-0.87437081,-0.36429960,0.00122106,0.13047107,
13574,-1.52852666,0.98651791,20.53136063,6.00000000,-0.26425782,0.34321290,-0.20895027,-1.58818233,0.27495185,0.07000000,0.00366300,-0.22583438,-0.23999999,0.23999999,-0.01229746,1.45909524,-0.73478359,-1.57622290,-0.08723682,0.00122106,-0.03475036,
13582,3.43585062,0.06953867,17.48653603,6.00000000,-0.24653320,0.34160155,-0.18290317,-1.15649188,-0.05345208,0.07000000,0.00366300,-0.01093721,-0.23999999,0.23999999,-0.01229746,-1.61442959,1.65108144,-1.14100158,-0.59534472,0.00122106,-0.21028590,
13590,-4.37762642,1.78857553,10.31111240,6.00000000,-0.30454102,0.37221679,0.04109166,-0.74955100,-0.31350100,0.07000000,0.00366300,-0.08150009,0.10019298,-0.11149992,-0.01229746,-2.83615994,3.09970474,-0.74776602,0.24725479,0.00122106,-0.28190371,
13597,-3.28946185,2.42663026,-0.41012254,5.00000000,0.03706055,-0.04511719,0.45415232,-0.07797116,-0.40692773,0.07000000,0.00366300,-0.11031713,0.23999999,-0.23999999,-0.01229746,-3.54650903,3.93571734,-0.08762908,0.27204645,0.00122106,-0.29140452,
13606,-3.37445617,0.54718190,-7.49935389,6.00000000,0.23041992,-0.29970703,0.99367934,0.67526740,-0.39448190,0.07000000,0.00366300,0.02589354,0.23999999,-0.23999999,-0.01229746,-1.83957708,1.75754654,0.67283738,0.59265846,0.00122106,-0.08517885,
13614,-3.37206197,-3.22368574,-5.04290295,6.00000000,0.24492188,-0.32871094,0.56499702,0.74448901,-0.31242013,0.07000000,0.00366300,0.06840204,0.23999999,-0.23999999,-0.01229746,0.82030475,-1.02625358,0.75610030,0.68745929,0.00122106,0.13019454,
13622,-0.34339678,-2.07327175,-0.08211692,6.00000000,0.27714843,-0.33999023,0.25456536,0.65969467,-0.18675259,0.07000000,0.00366300,-0.02506092,0.23999999,-0.23999999,-0.01229746,3.02989173,-2.97753191,0.66921872,0.36013624,0.00122106,0.27926087,
13630,0.84053600,-4.02694035,6.99035501,6.00000000,0.33999023,-0.37866211,-0.44191918,0.35343966,-0.03258448,0.07000000,0.00366300,0.13410722,0.23999999,-0.23999999,-0.01229746,4.23591423,-4.68620920,0.33366311,0.13505523,0.00122106,0.36527291,
13638,6.11615944,-1.91405749,13.47145844,6.00000000,0.27553710,-0.38671875,-0.87751424,-0.32545429,0.15445405,0.07000000,0.00366300,-0.13998042,-0.18160692,0.16085932,-0.01229746,6.68635654,-6.23257065,-0.32976273,-0.24264519,0.00122106,0.46444860,
13646,6.16284657,1.70358133,15.60229874,6.00000000,-0.10151367,0.11440430,-0.87601507,-1.19928718,0.45348555,0.07000000,0.00366300,-0.20006064,-0.23999999,0.23999999,-0.01229746,6.17672014,-5.53094816,-1.19749022,-0.44946134,0.00122106,0.35316673,
13654,1.50851822,1.16249180,20.53136063,6.00000000,-0.23847656,0.31582031,-0.51507008,-2.20258570,0.23065488,0.07000000,0.00366300,-0.16489822,-0.23999999,0.23999999,-0.01229746,4.02822018,-3.48891306,-2.18569899,-0.32529700,0.00122106,0.12051836,
13662,0.93630403,1.46775246,20.53136063,6.00000000,-0.23041992,0.36093751,0.08655852,-2.06072950,0.00717890,0.07000000,0.00366300,0.17071831,-0.23999999,0.23999999,-0.01229746,1.15017200,-1.69296932,-2.02875495,-0.26885015,0.00122106,-0.04776374,
13669,0.74835920,0.45261094,12.99860382,5.00000000,-0.30131835,0.34965819,0.19373687,-1.60250783,-0.35702872,0.07000000,0.00366300,-0.02285354,-0.23999999,0.23999999,-0.01229746,-0.45902157,0.54279739,-1.59264433,-0.35003155,0.00122106,-0.16256498,
13678,-5.13658857,1.00926280,5.34553814,6.00000000,-0.28359374,0.36093751,0.49921319,-0.90052927,-0.43886113,0.07000000,0.00366300,0.01254341,0.11942665,-0.11809645,-0.01229746,-2.33699584,2.24972939,-0.92967844,0.26757467,0.00122106,-0.24529037,
13686,-4.16334581,1.11101639,-0.64355719,6.00000000,0.04672851,-0.09506836,0.60979104,0.03754118,-0.47683856,0.07000000,0.00366300,-0.16572730,0.23999999,-0.23999999,-0.01229746,-2.46265960,2.98800373,0.02536917,0.32313037,0.00122106,-0.20812246,
13694,-3.62105894,-2.29353833,-6.45069361,6.00000000,0.23364258,-0.28037110,0.56533909,0.48694912,-0.32270661,0.07000000,0.00549451,-0.04287712,0.23999999,-0.23999999,-0.01229746,-0.75398225,0.84648466,0.48935392,0.62198567,0.00122106,-0.02408646,
13702,-1.37649477,-0.23691915,-3.66863108,6.00000000,0.25458986,-0.32065430,0.10920843,0.59496844,-0.28399333,0.07000000,0.00549451,0.00344457,0.23999999,-0.23999999,-0.01229746,1.66853476,-1.65806282,0.60463017,0.49634403,0.00122106,0.17512502,
13710,-0.42599672,-3.43437552,2.09660673,6.00000000,0.29165038,-0.36577147,-0.21201289,0.40012062,-0.15759306,0.07000000,0.00366300,0.06949122,0.23999999,-0.23999999,-0.01229746,3.48716784,-3.71929669,0.39772984,0.31494772,0.00122106,0.30305666,
13718,3.17847395,-0.64034212,8.55017757,6.00000000,0.28198242,-0.39155275,-0.54693317,0.06747831,0.07682826,0.07000000,0.00366300,-0.12656771,0.14347528,-0.16214851,-0.01229746,5.84859848,-5.38434076,0.06830055,-0.04779395,0.00122106,0.43576914,
13726,7.59338188,-0.84744060,12.84058666,6.00000000,0.20463867,-0.31420898,-0.68298382,-0.73501980,0.31031111,0.07000000,0.00366300,-0.11277627,-0.23999999,0.23999999,-0.01229746,6.71602678,-6.34427166,-0.73461068,-0.59618789,0.00122106,0.44375896,
13734,9.39262486,1.54436696,20.53136063,6.00000000,-0.18852539,0.21430664,-0.57786334,-2.04030180,0.20613945,0.07000000,0.00366300,-0.20521498,-0.23999999,0.23999999,-0.01229746,5.74213314,-5.07541704,-2.02701902,-0.64241099,0.00122106,0.25669211,
13741,2.66731191,0.96616721,20.53136063,5.00000000,-0.25620118,0.37060547,0.04791866,-2.71665454,0.10114263,0.07000000,0.00366300,0.07728769,-0.23999999,0.23999999,-0.01229746,3.88161206,-4.13119411,-2.68778539,-0.37308416,0.00122106,0.09977895,
13750,2.73075819,0.76744848,18.28021240,6.00000000,-0.25458986,0.33354491,-0.05969736,-2.17658997,-0.28395367,0.07000000,0.00366300,0.03833444,-0.23999999,0.23999999,-0.01229746,1.17286122,-1.29328895,-2.14222026,-0.46636850,0.00122106,-0.06745952,
13758,-3.52768493,-0.22614524,10.57088375,6.00000000,-0.28681642,0.36254883,0.29020205,-1.59842944,-0.38226363,0.07000000,0.00366300,-0.03880266,-0.20380417,0.19764550,-0.01229746,-0.43284163,0.57072270,-1.60000217,0.09232742,0.00122106,-0.16143252,
13766,-3.57317495,1.93103051,1.19518971,6.00000000,-0.25620118,0.27553710,0.35209867,-0.77789307,-0.43501508,0.07000000,0.00366300,-0.24637698,0.06198058,-0.09584127,-0.01229746,-1.94953275,2.73318577,-0.76909733,0.21670294,0.00122106,-0.23880143,
13774,-3.12426209,-1.39451563,-3.83383107,6.00000000,0.00644531,-0.05961914,0.68228483,-0.01776198,-0.34481156,0.07000000,0.00366300,-0.25884822,0.23999999,-0.23999999,-0.01229746,-2.46789551,3.30216289,-0.02842170,0.41028452,0.00122106,-0.22105621,
13782,-3.08236361,-1.21973896,-3.97389174,6.00000000,0.22558594,-0.28842774,0.18169837,0.39739138,-0.29710856,0.07000000,0.00366300,-0.08070573,0.23999999,-0.23999999,-0.01229746,-0.96167642,1.20602250,0.39979494,0.51678127,0.00122106,-0.05027758,
13790,-0.30149823,-1.06531298,-1.54736841,6.00000000,0.24492188,-0.34804687,-0.04421639,0.45679006,-0.25005519,0.07000000,0.00366300,-0.03906588,0.23999999,-0.23999999,-0.01229746,1.39102733,-1.26187313,0.46334708,0.32183504,0.00122106,0.13641852,
13798,0.85609829,-0.08249314,6.02190018,6.00000000,0.26586914,-0.35449219,-0.16828854,0.36735228,-0.02675341,0.07000000,0.00549451,-0.25884858,0.23999999,-0.23999999,-0.01229746,3.72627807,-2.94786096,0.37665933,0.13927761,0.00122106,0.28137356,
13806,5.93060875,-3.06686544,10.13873005,6.00000000,0.28520507,-0.38510743,-0.39991900,-0.35009244,0.16884980,0.07000000,0.00549451,-0.26897570,-0.23999999,0.23999999,-0.01229746,5.33721685,-4.45757103,-0.34515277,-0.43764770,0.00122106,0.34478945,
13813,9.86667633,0.63097894,14.53209019,5.00000000,-0.18691406,0.18530273,-0.75349605,-1.40878093,0.36511603,0.07000000,0.00549451,-0.50624597,-0.23999999,0.23999999,-0.01229746,5.37386847,-3.74896717,-1.40535140,-0.94567180,0.00122106,0.23839629,
13822,2.19804835,1.61140454,20.53136063,6.00000000,-0.30292970,0.40605468,-0.50433534,-2.19471073,0.32107419,0.07000000,0.00549451,-0.38649482,-0.23999999,0.23999999,-0.01229746,4.03869200,-2.78380013,-2.17714596,-0.64971805,0.00122106,0.09412464,
13830,4.94060659,3.91103530,20.53136063,6.00000000,-0.23525390,0.34643555,-0.35654739,-1.63793969,-0.04472072,0.07000000,0.00549451,-0.16432905,-0.23999999,0.23999999,-0.01229746,1.02625358,-0.49567351,-1.61331320,-0.69165927,0.00122106,-0.06786553,
13838,-0.99821091,0.86321652,15.92312145,6.00000000,-0.29970703,0.36899415,0.17218339,-1.45495188,-0.37646440,0.07000000,0.00366300,-0.19391800,-0.23999999,0.23999999,-0.01229746,-0.40840703,1.04021621,-1.44749820,0.03208059,0.00122106,-0.16540882,
13846,-1.30466878,0.30656463,4.25378227,6.00000000,-0.30776367,0.34804687,0.66091877,-0.78375322,-0.51682436,0.07000000,0.00366300,-0.34562266,-0.18534465,0.13798326,-0.01229746,-1.92858887,3.02989173,-0.79511362,0.04857756,0.00122106,-0.24895199,
13854,-4.22679186,0.75428033,3.80367255,6.00000000,-0.24331054,0.24814454,0.50331366,-0.11458379,-0.48868772,0.07000000,0.00366300,-0.43870744,0.23999999,-0.23999999,-0.01229746,-3.00196624,4.41742849,-0.12206769,0.37587944,0.00122106,-0.29427293,
13862,-2.24918127,-2.72688890,-1.04458606,6.00000000,0.18046875,-0.22397462,0.41221538,0.60199249,-0.34284306,0.07000000,0.00366300,-0.33568293,0.23999999,-0.23999999,-0.01229746,-2.86757612,3.94793463,0.60998875,0.36424711,0.00122106,-0.21330348,
13870,-0.56246620,-0.75765800,-2.34583473,6.00000000,0.23203126,-0.31098634,-0.10787289,0.85002267,-0.24502194,0.07000000,0.00366300,-0.20580080,0.23999999,-0.23999999,-0.01229746,-0.30019665,0.96691245,0.86228812,0.26890093,0.00122106,0.02293989,
13878,1.09551847,-1.58006632,3.01837420,6.00000000,0.26264650,-0.34160155,-0.20933007,0.60512364,-0.12841469,0.07000000,0.00366300,-0.17835942,0.23999999,-0.23999999,-0.01229746,1.82037842,-1.24092913,0.61552173,0.07897291,0.00122106,0.16184491,
13885,4.60302401,-2.37374425,6.76649714,5.00000000,0.30131835,-0.36093751,-0.56186134,-0.01300892,-0.00322940,0.07000000,0.00366300,-0.14012803,-0.23999999,0.23999999,-0.01229746,3.46447849,-3.01069307,-0.00823545,-0.33353543,0.00122106,0.24674264,
13894,8.44691467,0.35923707,11.24245739,6.00000000,-0.20141602,0.23364258,-0.76707739,-1.02849531,0.13019374,0.07000000,0.00366300,-0.34645063,-0.23999999,0.23999999,-0.01229746,3.48716784,-2.37539315,-1.02882910,-0.72957224,0.00122106,0.14431435,
13902,4.83286715,2.09742761,20.53136063,6.00000000,-0.29809570,0.38833007,-0.49159071,-1.70405090,0.09022177,0.07000000,0.00366300,-0.46112099,-0.23999999,0.23999999,-0.01229746,2.46440482,-0.98960167,-1.69143367,-0.71104485,0.00122106,0.00262788,
13910,4.49049664,1.28100479,20.53136063,6.00000000,-0.26586914,0.38833007,0.02212587,-1.13136673,-0.14800639,0.07000000,0.00366300,-0.15847772,-0.23999999,0.23999999,-0.01229746,0.08901179,0.41887903,-1.11050081,-0.50982022,0.00122106,-0.09678385,
13918,1.70603991,1.92863631,15.13183784,6.00000000,-0.31259766,0.37382811,0.06018299,-1.02487111,-0.38260335,0.07000000,0.00366300,-0.25486258,-0.23999999,0.23999999,-0.01229746,-1.20602250,2.02632713,-1.01914406,-0.31115934,0.00122106,-0.20152432,
13926,0.09234794,-1.33466065,8.21738338,6.00000000,-0.30454102,0.35771483,0.40350434,-0.50392872,-0.47017708,0.07000000,0.00549451,-0.41994679,-0.23999999,0.23999999,-0.01229746,-2.59530449,3.96189737,-0.50363880,-0.12575226,0.00122106,-0.28358299,
13934,-1.34417307,-0.56731898,5.20667458,6.00000000,-0.31259766,0.34160155,0.26234731,0.01320947,-0.45735031,0.07000000,0.00549451,-0.64071894,-0.14731862,0.06016722,-0.01229746,-3.80830836,5.86605167,0.01202488,0.02743408,0.00122106,-0.36545300,
13942,-1.68414974,-1.24008965,3.56066108,6.00000000,-0.22236328,0.15791015,0.34065253,0.73562032,-0.32721987,0.07000000,0.00549451,-0.76222616,0.12585744,-0.22914740,-0.01229746,-4.68620920,7.12967014,0.74341184,0.15002210,0.00122106,-0.39463583,
13950,-1.52254105,-2.65985131,3.65762615,6.00000000,0.05317383,-0.20947266,-0.10724033,1.20326424,-0.25018618,0.07000000,0.00549451,-0.35830790,0.13124543,-0.17955270,-0.01229746,-4.45058966,5.61472464,1.22528875,0.04113331,0.00122106,-0.29086053,
13957,0.15220298,0.16530673,3.83000875,5.00000000,0.11762695,-0.24492188,-0.25615016,1.40484190,-0.16243452,0.07000000,0.00549451,-0.30875993,0.23999999,-0.23999999,-0.01229746,-2.50803804,3.49240398,1.41477966,0.04814403,0.00122106,-0.12458579,
13966,4.39712238,-1.57767212,6.05422211,6.00000000,0.25781250,-0.32065430,-0.21425992,0.90018713,-0.01146191,0.07000000,0.00549451,-0.11940688,-0.23999999,0.23999999,-0.01229746,-0.83077669,1.21474910,0.91009974,-0.34635761,0.00122106,-0.00936092,
13974,7.94652653,-0.97912169,8.03662109,6.00000000,-0.20947266,0.24975586,-0.46542773,-0.09934819,0.04496392,0.07000000,0.00549451,-0.09578612,-0.23999999,0.23999999,-0.01229746,-0.71907568,1.02450824,-0.09995162,-0.68159807,0.00122106,-0.07358212,
13982,4.01883888,2.79054880,20.04473877,6.00000000,-0.34965819,0.38833007,-0.49950472,-0.73750943,0.07674268,0.07000000,0.00549451,-0.47314548,-0.23999999,0.23999999,-0.01229746,-1.06116021,2.60403109,-0.73708707,-0.51773709,0.00122106,-0.19511437,
13990,3.84525919,1.80533493,18.25627136,6.00000000,-0.27875978,0.39638671,0.11304916,-0.33655173,-0.01260515,0.07000000,0.00549451,-0.29354024,-0.23999999,0.23999999,-0.01229746,-2.66162705,3.61108613,-0.33488587,-0.48892027,0.00122106,-0.26619631,
13998,3.54718089,1.83765662,14.49976826,6.00000000,-0.33515626,0.38994139,-0.08609934,-0.21042264,-0.18735881,0.07000000,0.00549451,-0.27223748,-0.23999999,0.23999999,-0.01229746,-4.24464083,5.11730576,-0.21194661,-0.52809465,0.00122106,-0.37288308,
14006,0.38444054,1.41148877,11.01620483,6.00000000,-0.32226563,0.37866211,0.25301045,0.20724480,-0.29973379,0.07000000,0.00549451,-0.45566982,-0.23999999,0.23999999,-0.01229746,-5.28660202,6.78409481,0.20482709,-0.16287065,0.00122106,-0.44501159,
14014,-0.11594760,-0.34226403,7.25970268,6.00000000,-0.33032227,0.36899415,0.27215067,0.65197229,-0.31110039,0.07000000,0.00549451,-0.47825003,-0.23999999,0.18114619,-0.01229746,-6.78758526,8.32522011,0.65468186,-0.08165468,0.00122106,-0.52381706,
14022,-1.19573259,-0.35184082,6.90655804,6.00000000,-0.30776367,0.30131835,0.02192430,1.27281606,-0.27163187,0.07000000,0.00549451,-0.55806702,-0.15100583,0.07616915,-0.01229746,-7.93775702,9.74242783,1.27713943,-0.06953813,0.00122106,-0.57735765,
14029,-1.51176715,-1.39451563,7.11126232,5.00000000,-0.21914062,0.18369141,-0.07504714,1.82710278,-0.23819965,0.07000000,0.00549451,-0.39681029,-0.04113340,-0.01147659,-0.01229746,-8.83311176,10.11941910,1.83753633,-0.06570303,0.00122106,-0.58293617,
14038,-0.66661400,-0.50506973,8.08570194,6.00000000,-0.09345703,0.02900391,-0.28543988,2.31971335,-0.21416467,0.07000000,0.00549451,-0.29272407,0.00298871,-0.04134965,-0.01229746,-8.63763428,9.57836628,2.32454181,-0.12024781,0.00122106,-0.51706886,
14046,2.87919879,1.17446280,7.81396008,6.00000000,-0.05961914,-0.06284180,-0.09220226,2.40177464,-0.15614840,0.07000000,0.00549451,-0.48315907,-0.23999999,0.17939219,-0.01229746,-8.00582504,9.57313061,2.40383697,-0.30961293,0.00122106,-0.48578009,
14054,4.59584141,-0.98869848,10.62954140,6.00000000,-0.25620118,0.21914062,0.23536034,1.98171902,-0.05406671,0.07000000,0.00549451,-0.29097438,-0.23999999,0.23999999,-0.01229746,-8.73362732,9.69181347,1.97900701,-0.34430981,0.00122106,-0.55178022,
14062,1.85687459,-0.11481486,19.05713081,6.00000000,-0.34804687,0.38188475,-0.17057176,1.65215003,0.03264574,0.07000000,0.00549451,-0.26431593,-0.23999999,0.23999999,-0.01229746,-9.36194611,10.22762966,1.62633920,-0.38713297,0.00122106,-0.62244976,
14070,2.92947698,0.65851229,15.71722031,6.00000000,-0.29487306,0.37866211,-0.18926373,2.04988670,0.13061868,0.07000000,0.00366300,-0.50919920,-0.23999999,0.23999999,-0.01229746,-10.51560879,12.14749146,2.03468227,-0.52740532,0.00122106,-0.70679009,
14078,1.24036765,0.90391797,13.05606461,6.00000000,-0.31420898,0.39316407,-0.09793700,2.21004391,0.10142339,0.07000000,0.00366300,-0.44810280,-0.23999999,0.23999999,-0.01229746,-11.96423244,13.36398602,2.19700646,-0.40561894,0.00122106,-0.79761028,
14086,-0.45712134,1.56471765,10.02380848,6.00000000,-0.31582031,0.36093751,-0.07292206,2.64166999,0.01082066,0.07000000,0.00366300,-0.34429738,-0.23464999,0.19043130,-0.01229746,-13.36747742,14.49321461,2.63571548,-0.22024927,0.00122106,-0.86033106,
14094,-1.77273524,-0.01904679,7.66911125,6.00000000,-0.28198242,0.32065430,0.14200811,3.12353754,-0.07678103,0.07000000,0.00366300,-0.42558354,0.08757880,-0.14246619,-0.01229746,-14.70090771,16.07797241,3.13033390,-0.01995350,0.00122106,-0.93582994,
14101,-1.96307421,0.28501683,7.13161278,5.00000000,0.00161133,-0.07412110,0.15581191,3.52639985,-0.12636474,0.07000000,0.00366300,-0.18429583,0.23999999,-0.23999999,-0.01229746,-14.89638519,15.48979664,3.53339791,0.05989151,0.00122106,-0.88787156,
14110,0.81779104,-0.55055958,1.55072868,6.00000000,0.22397462,-0.27553710,0.21645454,3.79006982,-0.16004680,0.07000000,0.00366300,0.11632050,0.23999999,-0.23999999,-0.01229746,-13.58913326,13.25752068,3.80323172,0.02157123,0.00122106,-0.73441058,
14118,1.40556753,-2.11517048,4.21667242,6.00000000,0.26909178,-0.32387695,0.09482925,3.14116073,-0.07671451,0.07000000,0.00366300,0.20979445,0.23999999,-0.23999999,-0.01229746,-11.22944927,10.55924225,3.16178298,0.00682861,0.00122106,-0.58785653,
14126,3.96257496,-0.88095939,9.25886059,6.00000000,0.28359374,-0.34643555,-0.19835699,2.30697513,0.04850297,0.07000000,0.00366300,0.41889325,0.09378169,-0.03516234,-0.01229746,-8.95353889,7.57298374,2.30524254,-0.10762997,0.00122106,-0.45296735,
14134,6.65964317,-0.78519136,9.64193344,6.00000000,0.11923828,-0.07895508,-0.31267178,1.27009118,0.09813013,0.07000000,0.00366300,0.50864410,-0.23999999,0.23999999,-0.01229746,-7.64454222,5.99520588,1.26664507,-0.25964186,0.00122106,-0.42065221,
14142,6.83801126,1.55753505,13.07162762,6.00000000,-0.21108398,0.26748046,-0.30253688,0.23484434,0.08896613,0.07000000,0.00366300,0.38759205,-0.23999999,0.23999999,-0.01229746,-8.14021587,6.91499472,0.23642278,-0.38373959,0.00122106,-0.55688113,
14150,1.74913549,0.36761677,20.02678299,6.00000000,-0.32871094,0.37060547,0.18523049,-0.34288865,0.03713841,0.07000000,0.00366300,0.02109829,-0.23999999,0.23999999,-0.01229746,-8.88547134,8.81565857,-0.34422526,-0.40793407,0.00122106,-0.70274574,
14158,0.24198554,-2.20974135,15.62863445,6.00000000,-0.29809570,0.37543947,0.40695819,0.10064019,0.04792474,0.07000000,0.00549451,0.00418751,-0.23999999,0.23999999,-0.01229746,-10.44055939,10.41961575,0.10163191,-0.23350021,0.00122106,-0.78599334,
14166,-0.71928644,-0.71695662,10.20337391,6.00000000,-0.32871094,0.37705079,-0.02553484,0.39982131,0.04337072,0.07000000,0.00549451,-0.03789185,-0.23999999,0.23999999,-0.01229746,-11.83682346,11.95899582,0.39951551,-0.14362423,0.00122106,-0.87501836,
14173,-3.02849388,-0.05256562,6.83233738,5.00000000,-0.32065430,0.36738282,0.07919307,1.04153299,0.04490672,0.07000000,0.00549451,-0.12418703,-0.09365699,0.07856712,-0.01229746,-13.04459095,13.42856407,1.02977598,0.09299237,0.00122106,-0.93004555,
14182,-2.54845643,0.30297333,4.04668379,6.00000000,-0.13696289,0.17241211,0.08426964,1.69441473,0.05095384,0.07000000,0.00549451,-0.21241271,0.00845125,-0.03519216,-0.01229746,-13.87013149,14.53161049,1.69329000,0.09645119,0.00122106,-0.95365155,
14190,-2.42635226,0.66808909,2.44376588,6.00000000,-0.07089844,0.01127930,0.14484671,2.15531778,0.07504777,0.07000000,0.00549451,-0.15339090,0.23999999,-0.23999999,-0.01229746,-13.64498425,14.13367653,2.17050672,0.22989789,0.00122106,-0.89205498,
14198,-1.73562503,-1.35740554,4.41658831,6.00000000,0.22719726,-0.26748046,0.24786676,2.56931067,0.06852914,0.07000000,0.00549451,0.14072239,0.23999999,-0.23999999,-0.01229746,-12.48608589,12.01310062,2.59994650,0.24219170,0.00122106,-0.73762071,
14206,3.64534330,0.66569489,3.19315100,6.00000000,0.26264650,-0.33676758,0.02110960,2.18803596,0.14105898,0.07000000,0.00549451,0.17265852,-0.00456759,0.02965131,-0.01229746,-10.07578564,9.52426147,2.21373630,-0.11581051,0.00122106,-0.57777739,
14214,4.92863560,-1.08566368,8.47954845,6.00000000,0.01933594,-0.00483398,-0.11912020,1.42595434,0.18412814,0.07000000,0.00549451,0.22862124,-0.23999999,0.23999999,-0.01229746,-9.00066280,8.26238823,1.42593741,-0.25611573,0.00122106,-0.54973364,
14222,3.98771405,0.34846318,16.41034126,6.00000000,-0.23041992,0.25458986,-0.28983283,0.54778278,0.25772282,0.07000000,0.00549451,-0.06286800,-0.23999999,0.23999999,-0.01229746,-9.64119911,9.84889317,0.53588289,-0.28373262,0.00122106,-0.70014155,
14230,0.83933890,1.65210605,20.53136063,6.00000000,-0.29003906,0.37705079,0.15304509,0.05907149,0.35810551,0.07000000,0.00549451,-0.05470177,-0.23999999,0.23999999,-0.01229746,-10.70235920,10.92750645,0.04274026,-0.27576479,0.00122106,-0.82003164,
14238,2.83131480,0.50288916,17.21120262,6.00000000,-0.25620118,0.36254883,-0.18081787,0.54044276,0.19700719,0.07000000,0.00549451,-0.02284531,-0.23999999,0.23999999,-0.01229746,-12.74439430,12.82991505,0.53962713,-0.48969012,0.00122106,-0.92960167,
14245,-1.68295264,0.88356727,11.53215599,5.00000000,-0.31582031,0.39799803,0.18439768,0.70004636,0.11809728,0.07000000,0.00549451,0.01798842,-0.23999999,0.23999999,-0.01229746,-14.25584888,14.25235844,0.70384192,-0.02858484,0.00122106,-1.03156078,
14254,-2.26354647,0.31255013,4.68593597,6.00000000,-0.28198242,0.38671875,0.17272882,1.40327883,-0.00865459,0.07000000,0.00549451,-0.00036304,-0.17973554,0.18207663,-0.01229746,-15.90169430,15.86853409,1.43424261,0.02847169,0.00122106,-1.10178804,
14262,-3.24995756,2.19319558,2.41623259,6.00000000,-0.24653320,0.30937499,0.37396857,1.93110359,-0.00363370,0.07000000,0.00549451,-0.28987688,0.02197778,-0.05861896,-0.01229746,-17.07281113,17.96292686,1.96952415,0.14892207,0.00122106,-1.18470395,
14270,-4.71161795,-1.45556784,1.55072868,6.00000000,-0.06284180,-0.00644531,0.50178319,2.58582973,0.02322816,0.07000000,0.00549451,-0.02110016,0.23999999,-0.23999999,-0.01229746,-17.59815407,17.66447639,2.60657811,0.47666901,0.00122106,-1.14463937,
14278,-2.92434621,-0.92884344,0.63853776,6.00000000,0.19174805,-0.24653320,0.14442447,2.99472642,0.03019666,0.07000000,0.00549451,0.10840130,0.23999999,-0.23999999,-0.01229746,-16.02037811,15.68701935,3.03307796,0.43692815,0.00122106,-0.97757477,
14286,-1.43754697,-0.09805545,3.09379172,6.00000000,0.26748046,-0.33515626,0.01234843,3.09753871,0.10795512,0.07000000,0.00549451,0.18366574,0.23999999,-0.23999999,-0.01229746,-13.37969398,12.80722618,3.12293744,0.40375668,0.00122106,-0.76479065,
14294,2.06277585,-2.83582520,7.70981264,6.00000000,0.29648438,-0.34643555,-0.03539149,2.57958698,0.29193804,0.07000000,0.00549451,0.33635920,0.23999999,-0.20482451,-0.01229746,-11.15439892,10.06356812,2.58406973,0.02717474,0.00122106,-0.61132771,
14302,2.60027432,-0.62477982,14.45547581,6.00000000,0.29487306,-0.28037110,-0.48342255,1.69431663,0.33858621,0.07000000,0.00549451,0.42590517,0.23999999,-0.23999999,-0.01229746,-9.27118874,7.89412403,1.67612505,0.15242685,0.00122106,-0.52663106,
14310,5.99764633,1.25107718,18.90869141,6.00000000,0.29970703,-0.34643555,-0.41412622,0.58459646,0.30130306,0.07000000,0.00549451,0.67498243,-0.23999999,0.23999999,-0.01229746,-8.07214737,5.88525057,0.57061124,-0.14318874,0.00122106,-0.48733217,
14317,6.08383751,2.22551727,20.53136063,5.00000000,-0.15952149,0.22558594,0.05155364,-0.64685696,0.19124390,0.07000000,0.00549451,0.88198262,-0.23999999,0.23999999,-0.01229746,-8.50673485,5.60076141,-0.63858539,-0.25057313,0.00122106,-0.58615762,
14326,0.81539685,-2.36895585,20.53136063,6.00000000,-0.31098634,0.30131835,0.32568529,-1.58870935,0.04918239,0.07000000,0.00549451,0.54717970,-0.23999999,0.23999999,-0.01229746,-10.23112011,8.46310139,-1.59031272,-0.42333305,0.00122106,-0.83394414,
14334,-3.12905049,-2.61555862,16.33492470,6.00000000,-0.30615234,0.35126954,0.50446010,-1.31803226,0.09684341,0.07000000,0.00549451,0.44760668,-0.23999999,0.23999999,-0.01229746,-11.65879917,10.19097805,-1.31364822,-0.21379837,0.00122106,-0.93035185,
14342,-2.42994356,-3.63668561,6.22540760,6.00000000,-0.30292970,0.35449219,-0.04440250,-0.78964287,0.08381203,0.07000000,0.00549451,0.25188577,-0.23999999,0.23999999,-0.01229746,-13.08473396,12.27839088,-0.81075454,-0.01251784,0.00122106,-1.02943337,
14350,-3.34572577,2.42423606,-1.38097131,6.00000000,-0.29809570,0.33837891,0.19400196,0.00885589,0.24252379,0.07000000,0.00549451,0.07528797,-0.23999999,0.23999999,-0.01229746,-14.59269714,14.34311581,0.00268853,0.11780820,0.00122106,-1.10235083,
14358,-4.64936876,-0.86539710,-4.16183662,6.00000000,-0.26909178,0.35932618,0.18300739,0.78959763,0.23995703,0.07000000,0.00549451,0.08240920,0.12554783,-0.11207056,-0.01229746,-16.33977318,16.10240746,0.78867650,0.34979540,0.00122106,-1.17634475,
14366,-2.39163637,1.14094388,-2.75763726,6.00000000,0.06928711,-0.06606445,-0.00446986,1.45333505,0.14400847,0.07000000,0.00549451,0.07626772,0.05948353,-0.04650187,-0.01229746,-17.18276596,16.92794800,1.46257746,0.22227231,0.00122106,-1.18867683,
14374,-5.60106373,0.78301078,1.38911998,6.00000000,0.03706055,-0.01611328,-0.03139297,1.67711413,0.21260838,0.07000000,0.00549451,0.09650820,0.23999999,-0.23999999,-0.01229746,-15.19832706,14.89289474,1.69351888,0.69920039,0.00122106,-1.02129340,
14382,-5.04321480,-0.42007557,9.71136475,6.00000000,0.18852539,-0.24814454,-0.00943905,2.38082552,0.27965644,0.07000000,0.00549451,0.20403352,0.23999999,-0.23999999,-0.01229746,-13.06378937,12.44419765,2.37729502,0.53026277,0.00122106,-0.79098725,
14389,-0.66182560,1.11580479,11.60637569,5.00000000,0.27875978,-0.33515626,-0.21962076,2.39497662,0.28722635,0.07000000,0.00549451,0.29297593,0.23999999,-0.23999999,-0.01229746,-11.32718658,10.38645363,2.39163589,0.31438613,0.00122106,-0.64528286,
14398,1.76230359,-1.10601437,15.23359108,6.00000000,0.28359374,-0.36577147,-0.01500024,1.48291063,0.37570876,0.07000000,0.00549451,0.49630547,0.10623769,-0.03750357,-0.01229746,-9.47015572,7.87143469,1.46343255,0.03272834,0.00122106,-0.54899156,
14406,4.16129351,1.43902206,20.42661476,6.00000000,0.18369141,-0.11762695,-0.17877813,0.38123244,0.35337123,0.07000000,0.00549451,0.63223165,-0.16319144,0.23999999,-0.01229746,-8.47182846,6.43502903,0.36832857,-0.03677467,0.00122106,-0.53831524,
14414,3.17607975,-0.13516557,20.53136063,6.00000000,-0.11601563,0.26264650,-0.16906653,-0.56698024,0.23319796,0.07000000,0.00549451,0.42285293,-0.23999999,0.23999999,-0.01229746,-9.17868710,7.81209373,-0.57043576,-0.08454766,0.00122106,-0.68980968,
14422,-3.08236361,-1.74646330,20.53136063,6.00000000,-0.26425782,0.36254883,0.05354932,-1.08047736,0.30117086,0.07000000,0.00549451,0.16263062,-0.23999999,0.23999999,-0.01229746,-10.54004383,10.01644516,-1.07736969,0.05525328,0.00122106,-0.86536932,
14430,-2.39642477,-0.69660586,11.12873268,6.00000000,-0.29165038,0.33999023,0.00116030,-0.51424372,0.11560532,0.07000000,0.00549451,0.12987775,-0.23999999,0.23999999,-0.01229746,-12.37089348,11.93805218,-0.51315194,0.01553058,0.00122106,-0.96202344,
14438,-3.76949930,-0.56133348,3.51397395,6.00000000,-0.29648438,0.33676758,0.11212185,0.01718360,0.02777405,0.07000000,0.00549451,0.22645333,-0.17764068,0.21006578,-0.01229746,-14.03419209,13.35875034,0.01222688,0.17626922,0.00122106,-1.04091072,
14446,-5.23355389,2.73548222,-1.68742919,6.00000000,-0.24814454,0.31904298,0.38021985,0.88232827,-0.06375232,0.07000000,0.00549451,-0.08188006,0.13470903,-0.14370254,-0.01229746,-15.28908443,15.56833649,0.88731354,0.33125871,0.00122106,-1.10980392,
14454,-2.34854078,-0.89412749,-5.92157507,6.00000000,0.09023438,-0.11118164,0.56467581,1.52780652,0.10676501,0.07000000,0.00549451,-0.01134501,0.23999999,-0.23999999,-0.01229746,-15.64687634,15.67480183,1.53870571,0.31504586,0.00122106,-1.07729447,
14461,-4.82534218,0.67527169,-2.44878531,5.00000000,0.23525390,-0.29165038,0.11272036,1.90025926,0.04085461,0.07000000,0.00549451,0.31185353,0.23999999,-0.23999999,-0.01229746,-13.89631176,12.86482143,1.98031378,0.68095547,0.00122106,-0.86945319,
14470,-7.32848024,0.00848653,5.83156109,6.00000000,0.22719726,-0.32709962,-0.25628418,2.06486464,0.02711644,0.07000000,0.00549451,0.24568996,0.23999999,-0.23999999,-0.01229746,-10.58018589,9.77907944,2.06821775,1.04862070,0.00122106,-0.61839819,
14478,-1.09517610,0.61062825,10.06091881,6.00000000,0.27231446,-0.32065430,0.32158458,2.18371558,0.36488020,0.07000000,0.00549451,0.29708824,0.23999999,-0.23999999,-0.01229746,-8.44390297,7.42986679,2.19495940,0.14169735,0.00122106,-0.43408823,
14486,0.74596500,-3.60795522,15.11986637,6.00000000,0.29648438,-0.37060547,-0.50221908,1.47385573,0.40467146,0.07000000,0.00549451,0.28437257,0.23999999,-0.23999999,-0.01229746,-6.45422745,5.54491138,1.44692302,0.27443284,0.00122106,-0.34500945,
14494,1.37683713,0.52563411,20.53136063,6.00000000,0.33515626,-0.36577147,-0.42362434,0.47585189,0.51158875,0.07000000,0.00549451,0.48119357,0.21621533,-0.15052755,-0.01229746,-5.36165190,3.81354451,0.45728284,0.16467059,0.00122106,-0.31616807,
14502,3.45859551,1.99447680,20.53136063,6.00000000,0.28681642,-0.27070314,-0.31576481,-0.71134663,0.39065570,0.07000000,0.00549451,0.50746953,-0.14562887,0.21434671,-0.01229746,-4.21671581,2.57610607,-0.70829427,0.04463958,0.00122106,-0.31289047,
14510,-1.05088341,-0.39014804,20.51160812,6.00000000,-0.10634766,0.20786133,0.04950999,-1.62952399,0.41187984,0.07000000,0.00549451,0.23914903,-0.13075446,0.16275240,-0.01229746,-4.24813128,3.48193192,-1.61990750,0.21509778,0.00122106,-0.41716707,
14518,-0.43557355,-1.32149255,14.42435074,6.00000000,-0.10634766,0.23847656,-0.01954548,-1.95750439,0.35161558,0.07000000,0.00549451,0.09076917,-0.23999999,0.23999999,-0.01229746,-5.91317511,5.63915873,-1.95113862,-0.15622129,0.00122106,-0.58964515,
14526,-3.87005591,0.42268342,8.00070763,6.00000000,-0.26264650,0.36254883,-0.37633973,-1.76707160,0.34689417,0.07000000,0.00549451,0.12205587,-0.15520626,0.17183623,-0.01229746,-7.63756084,7.27278709,-1.77165782,0.31299192,0.00122106,-0.70446658,
14533,-5.69802904,1.16728020,3.95331001,5.00000000,-0.20463867,0.26586914,-0.38374871,-1.13513815,0.22557999,0.07000000,0.00549451,-0.06949526,0.21030384,-0.21938294,-0.01229746,-8.48753548,8.67254066,-1.14263177,0.52068466,0.00122106,-0.73963046,
14542,-6.01765490,2.83244753,-1.96755075,6.00000000,0.16596679,-0.20141602,0.24949089,-0.19235575,0.26215819,0.07000000,0.00549451,0.01374919,0.23999999,-0.23999999,-0.01229746,-8.06342125,8.03549576,-0.19871926,0.74699825,0.00122106,-0.62748176,
14550,-4.27826738,0.06355316,-4.89565945,6.00000000,0.23203126,-0.29648438,0.39400351,0.33520871,0.07352023,0.07000000,0.00549451,0.39527148,0.23999999,-0.23999999,-0.01229746,-5.97251701,4.79267406,0.33169380,0.85307974,0.00122106,-0.38708994,
14558,-3.44388795,0.21558498,-0.09408793,6.00000000,0.25297850,-0.33676758,0.27725282,0.47710010,0.04299553,0.07000000,0.00366300,0.46746209,0.23999999,-0.23999999,-0.01229746,-3.85543227,2.36666656,0.48192549,0.66698086,0.00122106,-0.19766116,
14566,-3.30981278,-3.38649154,10.25006008,6.00000000,0.28681642,-0.35288087,-0.01234803,0.22665764,0.27080959,0.07000000,0.00366300,0.44661823,0.23999999,-0.23999999,-0.01229746,-1.74358392,0.29845130,0.21341699,0.49518663,0.00122106,-0.05889148,
14574,0.67773026,-1.41366923,20.34521103,6.00000000,0.31420898,-0.38994139,-0.43599072,-0.31201506,0.40791148,0.07000000,0.00549451,0.39344776,0.23999999,-0.23999999,-0.01229746,-0.16057029,-1.10653877,-0.32039389,0.21999007,0.00122106,0.01031327,
14582,2.95222187,-1.59682572,20.53136063,6.00000000,0.34321290,-0.41733399,-0.62297827,-1.33147800,0.49928343,0.07000000,0.00549451,0.45718774,0.01028446,0.05061235,-0.01229746,0.50440013,-1.97571266,-1.33187461,0.14096594,0.00122106,-0.00700743,
14590,2.08312654,0.95539331,20.53136063,6.00000000,0.09990235,-0.01772461,-0.19350693,-2.52713299,0.36149672,0.07000000,0.00549451,0.55532724,-0.23999999,0.23999999,-0.01229746,-0.06981317,-1.72787595,-2.50153494,0.11714319,0.00122106,-0.12808426,
14598,-1.65182805,-1.09164917,17.91390038,6.00000000,-0.19335937,0.26748046,0.05804049,-3.09498620,0.19043791,0.07000000,0.00549451,0.27602655,-0.23999999,0.23999999,-0.01229746,-1.56206965,0.66147983,-3.06862330,0.07915387,0.00122106,-0.31720686,
14605,-4.43628454,-0.27043799,12.89086533,5.00000000,-0.25620118,0.34160155,-0.01733247,-3.02469635,0.22878741,0.07000000,0.00549451,0.47027010,-0.23999999,0.23999999,-0.01229746,-3.62853932,2.13104701,-3.00749755,0.19123738,0.00122106,-0.44840017,
14614,-5.12342024,0.88596147,2.73585844,6.00000000,-0.31098634,0.35610351,-0.31790623,-2.18764734,0.06644069,0.07000000,0.00366300,0.29572555,0.07639979,-0.03647208,-0.01229746,-5.27613020,4.30921793,-2.20766115,0.47104019,0.00122106,-0.52903968,
14622,-5.68964911,1.67365384,-5.58159828,6.00000000,0.00644531,0.02900391,0.17218743,-1.22893834,0.19412687,0.07000000,0.00366300,0.19163752,0.23999999,-0.23999999,-0.01229746,-6.00916862,5.38434076,-1.26458955,0.56014597,0.00122106,-0.52962011,
14630,-4.66133976,1.20439029,-7.69807243,6.00000000,0.20625000,-0.26103514,0.22515056,-0.49063036,0.07213923,0.07000000,0.00549451,0.23072599,0.23999999,-0.23999999,-0.01229746,-4.42440987,3.69660735,-0.51709032,0.71571749,0.00122106,-0.34914249,
14638,-2.37846828,-0.66069287,-2.76841116,6.00000000,0.24814454,-0.28198242,0.26563823,-0.15849829,0.04138846,0.07000000,0.00549451,0.38846648,0.23999999,-0.23999999,-0.01229746,-1.78372645,0.52010810,-0.16862357,0.56582290,0.00122106,-0.10438982,
14646,-5.46100283,-2.53176141,8.69023800,6.00000000,0.28359374,-0.37221679,0.04221431,-0.02048873,0.11757291,0.07000000,0.00549451,0.27448708,0.23999999,-0.23999999,-0.01229746,0.48694685,-1.39451814,-0.02899371,0.70580518,0.00122106,0.06785472,
14654,2.37881064,-1.85899079,15.36168098,6.00000000,0.29970703,-0.38510743,-0.26930675,-0.41105074,0.44545105,0.07000000,0.00549451,0.40162462,-0.08273895,0.13614297,-0.01229746,1.75056529,-3.04734492,-0.41491300,-0.08773971,0.00122106,0.15072885,
14662,0.79145485,-1.33944905,20.53136063,6.00000000,0.00000000,0.07250977,-0.44413528,-1.04481924,0.46377215,0.07000000,0.00366300,0.27454174,0.23999999,-0.23999999,-0.01229746,1.27932644,-2.15897226,-1.04389954,0.35547969,0.00122106,0.05160109,
14670,-0.13869253,-0.50866103,20.53136063,6.00000000,0.32226563,-0.32226563,-0.71371078,-1.81211960,0.45812061,0.07000000,0.00366300,0.32754761,-0.23999999,0.23999999,-0.01229746,0.53756142,-1.57079637,-1.79763067,-0.00246653,0.00122106,-0.05614549,
14677,4.39831972,2.51401854,16.84129715,5.00000000,-0.16274413,0.21108398,-0.23704711,-2.34031796,0.35435405,0.07000000,0.00366300,0.38316834,-0.23999999,0.23999999,-0.01229746,-0.31066859,-0.91978854,-2.31180024,-0.05727372,0.00122106,-0.15505613,
14686,-7.41347456,-1.84941399,16.71081352,6.00000000,-0.28037110,0.34482422,0.10927240,-2.43370104,0.12381652,0.07000000,0.00549451,0.40518549,-0.03047351,0.08445290,-0.01229746,-2.25845599,0.92327923,-2.41605043,0.34272569,0.00122106,-0.30377752,
14694,-1.43395567,1.72512913,2.42940068,6.00000000,-0.06123047,0.15952149,-0.08627447,-1.68093252,-0.12433279,0.07000000,0.00549451,0.39132243,-0.15767333,0.21021421,-0.01229746,-3.61283159,2.34921336,-1.69699776,0.17795791,0.00122106,-0.35513031,
14702,-6.94780207,2.18601298,-2.19978833,6.00000000,-0.19174805,0.29326171,0.44856673,-1.00627291,-0.19614436,0.07000000,0.00549451,0.09787419,0.23999999,-0.23999999,-0.01229746,-3.62504888,3.29867220,-1.02554321,0.47134858,0.00122106,-0.33742598,
14710,-4.78823233,-0.00348448,-4.92079878,6.00000000,0.20141602,-0.23525390,0.62510878,-0.15086715,-0.17327046,0.07000000,0.00549451,0.06471580,0.23999999,-0.23999999,-0.01229746,-3.40164661,3.19744325,-0.17005813,0.51967818,0.00122106,-0.26449829,
14718,-3.18291998,-1.43641424,-5.26556349,6.00000000,0.24331054,-0.28842774,0.27603349,0.21556355,-0.12730375,0.07000000,0.00366300,0.22388674,0.23999999,-0.23999999,-0.01229746,-0.82030475,0.14486232,0.21016070,0.63644940,0.00122106,-0.02077609,
14726,-4.29143524,-0.50387263,3.39785528,6.00000000,0.26425782,-0.35932618,-0.05161718,0.35362986,-0.11755449,0.07000000,0.00366300,0.07286900,0.23999999,-0.23999999,-0.01229746,1.63013756,-1.85703039,0.35458279,0.74609524,0.00122106,0.16405390,
14734,-0.82223713,-1.79315031,11.13591480,6.00000000,0.28520507,-0.38994139,-0.03111688,0.35912627,0.24208117,0.07000000,0.00366300,-0.00487340,0.23999999,-0.23999999,-0.01229746,3.49240398,-3.45051599,0.35805094,0.24219239,0.00122106,0.29457563,
14742,2.19565415,-3.06207705,18.15451813,6.00000000,0.32065430,-0.39960939,-0.52019167,-0.24608706,0.31204560,0.07000000,0.00366300,0.07304824,0.10824057,-0.09960563,-0.01229746,4.21497011,-4.48549604,-0.24108425,-0.00599866,0.00122106,0.31322929,
14749,4.07151127,0.15333574,20.53136063,5.00000000,0.24008790,-0.21591797,-0.50847811,-1.36632931,0.32246041,0.07000000,0.00366300,0.25527689,-0.20282167,0.23593298,-0.01229746,3.97062397,-4.79616451,-1.36221683,-0.07511389,0.00122106,0.23022175,
14758,3.29938102,1.20678449,20.53136063,6.00000000,-0.12084961,0.24331054,-0.16538136,-2.49939656,0.13806254,0.07000000,0.00366300,0.31485218,-0.23999999,0.23999999,-0.01229746,1.92335284,-2.93389869,-2.47436666,-0.12209316,0.00122106,-0.00608961,
14766,-4.69007015,-0.76124930,20.53136063,6.00000000,-0.23525390,0.33032227,0.09496395,-2.69778967,0.00042398,0.07000000,0.00366300,0.35452318,-0.23999999,0.23999999,-0.01229746,-0.20943952,-0.95294976,-2.66108060,0.15869002,0.00122106,-0.17262243,
14774,-2.13904810,-0.70498556,6.11766815,6.00000000,-0.28681642,0.35771483,0.18010212,-2.05096674,-0.25327784,0.07000000,0.00366300,0.26194772,-0.23999999,0.23999999,-0.01229746,-2.15897226,1.27758098,-2.06705213,-0.00618252,0.00122106,-0.28778189,
14782,-8.35200119,3.22629356,0.39073792,6.00000000,-0.29809570,0.32548827,0.30630133,-1.15773189,-0.31062117,0.07000000,0.00366300,0.05947635,0.23999999,-0.23999999,-0.01229746,-3.37721205,3.16951799,-1.17407155,0.51755750,0.00122106,-0.33965570,
14790,-6.10504293,-1.18382597,-8.89876461,6.00000000,0.19497070,-0.24653320,0.77056438,-0.09365829,-0.31366295,0.07000000,0.00366300,0.03257800,0.23999999,-0.23999999,-0.01229746,-3.71929669,3.55174494,-0.11945724,0.77252865,0.00122106,-0.28736338,
14798,-3.80062413,-0.34346113,-9.30937004,6.00000000,0.24169922,-0.31098634,0.46263090,0.33622229,-0.19667257,0.07000000,0.00366300,0.15014684,0.23999999,-0.23999999,-0.01229746,-1.11177480,0.66671580,0.33332533,0.89590347,0.00122106,-0.03909071,
14806,0.93750113,-0.50866103,-2.70137358,6.00000000,0.27392578,-0.34160155,0.17134443,0.44455782,-0.04044176,0.07000000,0.00549451,0.15859951,0.23999999,-0.23999999,-0.01229746,1.09083080,-1.59697628,0.45052728,0.33501613,0.00122106,0.13773198,
14814,-4.21960926,-0.17586701,11.75361919,6.00000000,0.26103514,-0.36093751,-0.29267210,0.38167280,-0.07675018,0.07000000,0.00549451,0.19663168,0.23999999,-0.23999999,-0.01229746,3.15904593,-3.79958177,0.37978429,0.67551041,0.00122106,0.29401186,
14821,-4.50811052,4.55986404,17.79778099,5.00000000,0.29487306,-0.40605468,-0.71750003,0.17048013,0.27681640,0.07000000,0.00549451,-0.01275852,0.23999999,-0.23999999,-0.01229746,5.03702021,-4.98815060,0.17258880,0.66753417,0.00122106,0.39397898,
14830,5.98088694,-3.73724198,19.72152328,6.00000000,0.33999023,-0.39477539,-0.22501765,-0.67665166,0.41390091,0.07000000,0.00549451,0.02391965,-0.23999999,0.23999999,-0.01229746,6.00044155,-6.15054035,-0.69007450,-0.55772156,0.00122106,0.41344631,
14838,5.15847874,2.24945927,20.53136063,6.00000000,-0.17724609,0.21430664,-0.36168253,-1.65689313,0.29783207,0.07000000,0.00549451,-0.11881250,-0.07189449,0.05361520,-0.01229746,5.31278229,-4.93753624,-1.64681244,0.06288552,0.00122106,0.26510605,
14846,-6.82450056,0.24431539,20.53136063,6.00000000,-0.04672851,0.08701172,-0.15500882,-2.21839905,0.25141087,0.07000000,0.00366300,0.27289060,0.22351304,-0.18800592,-0.01229746,2.52898192,-3.40862799,-2.19088769,0.39054811,0.00122106,0.05937068,
14854,-0.59598505,2.53796053,10.23928642,6.00000000,0.23686524,-0.25620118,-0.10637065,-1.88003862,0.00520203,0.07000000,0.00366300,0.30191392,-0.11362240,0.15320309,-0.01229746,2.35444903,-3.32310677,-1.87136507,0.10093084,0.00122106,0.07129978,
14862,-1.69731784,-0.12558877,-0.80516583,6.00000000,-0.06606445,0.17402343,0.39114344,-1.90178847,0.00715393,0.07000000,0.00366300,0.24890074,-0.02908332,0.06140557,-0.01229746,2.54643536,-3.34754157,-1.93022597,0.17033459,0.00122106,0.07729145,
14870,-4.33692503,0.05038505,2.76219463,6.00000000,-0.03544922,0.09023438,0.16620214,-1.73442578,-0.12961455,0.07000000,0.00366300,0.19060780,0.16904914,-0.14448752,-0.01229746,1.90240884,-2.52723670,-1.75118840,0.30790788,0.00122106,0.03576397,
14878,-6.43065453,0.15692703,-1.02303815,6.00000000,0.14663085,-0.16757813,0.58737248,-0.78461897,-0.13501453,0.07000000,0.00366300,-0.08609465,0.23999999,-0.23999999,-0.01229746,2.63370180,-2.35270381,-0.80855489,0.55719399,0.00122106,0.12866583,
14886,-3.76351380,-2.30790353,-0.28921536,6.00000000,0.26586914,-0.31582031,0.28315046,-0.29516992,-0.08621674,0.07000000,0.00366300,0.13974246,0.23999999,-0.23999999,-0.01229746,4.21497011,-4.68097305,-0.30513728,0.64939016,0.00122106,0.31568718,
14893,-2.50655794,-0.94919413,2.22828770,5.00000000,0.28520507,-0.36577147,-0.22740531,-0.08583798,-0.05979957,0.07000000,0.00366300,0.06031239,0.23999999,-0.23999999,-0.01229746,6.00567818,-6.20115471,-0.09009005,0.59267831,0.00122106,0.45987052,
14902,-0.06686647,-2.06130075,10.05493355,6.00000000,0.28681642,-0.37705079,-0.21039321,-0.32026964,0.19964679,0.07000000,0.00366300,0.00621048,0.23999999,-0.23999999,-0.01229746,7.79813099,-7.83129263,-0.32117146,0.21581692,0.00122106,0.56940049,
14910,3.69322729,-2.48746872,15.49096775,6.00000000,0.34321290,-0.39960939,-0.47907111,-1.01916671,0.27364078,0.07000000,0.00366300,0.07187885,-0.07718644,0.08462927,-0.01229746,8.97622776,-9.19788551,-0.99666601,-0.14300418,0.00122106,0.61779207,
14918,5.36198568,0.58668625,20.53136063,6.00000000,0.00000000,0.01933594,-0.35854530,-2.08471560,0.21533604,0.07000000,0.00366300,0.14223671,-0.23999999,0.23999999,-0.01229746,8.39154243,-8.84009266,-2.06776071,-0.17014432,0.00122106,0.49875140,
14926,-0.62950385,-0.53499728,20.53136063,6.00000000,-0.19497070,0.29648438,0.01388672,-2.93205309,0.07853227,0.07000000,0.00366300,0.26650870,-0.23999999,0.23999999,-0.01229746,6.50833273,-7.38274288,-2.90018606,0.00741515,0.00122106,0.30901760,
14934,0.16537109,0.17608064,19.18641853,6.00000000,-0.27231446,0.30937499,0.01432606,-2.66002369,-0.19670920,0.07000000,0.00549451,0.22220998,-0.23999999,0.23999999,-0.01229746,4.07010794,-4.78743792,-2.61965823,-0.24408628,0.00122106,0.14265585,
14942,-5.31615353,-0.30994231,9.29237938,6.00000000,-0.27553710,0.35610351,0.24466249,-1.92055118,-0.31938213,0.07000000,0.00549451,0.19252521,-0.06712465,0.09164944,-0.01229746,1.88495564,-2.52374625,-1.92487764,0.16255546,0.00122106,0.02168062,
14950,-5.60465479,2.19678688,-0.64714855,6.00000000,-0.10473633,0.12729493,0.33938700,-0.90301824,-0.40785599,0.07000000,0.00549451,0.00215110,0.23999999,-0.23999999,-0.01229746,0.46774822,-0.45029494,-0.92553616,0.37527698,0.00122106,-0.03763054,
14958,-3.80541253,-0.45838282,-7.46942616,6.00000000,0.22075196,-0.29165038,0.78568351,-0.11733571,-0.33521372,0.07000000,0.00549451,-0.03121823,0.23999999,-0.23999999,-0.01229746,0.80110615,-0.71383971,-0.13818890,0.50573814,0.00122106,0.04758157,
14965,-4.23397446,-0.94320863,-7.27310181,5.00000000,0.25781250,-0.33999023,0.46932158,0.22981788,-0.26903108,0.07000000,0.00549451,0.01190533,0.23999999,-0.23999999,-0.01229746,2.76111078,-2.81172562,0.22624531,0.77339196,0.00122106,0.23134173,
14974,-2.33058429,-0.18304960,1.41904759,6.00000000,0.25620118,-0.33676758,0.12731475,0.29592416,-0.15729377,0.07000000,0.00549451,0.23518047,0.23999999,-0.23999999,-0.01229746,5.00560427,-5.79449320,0.29881310,0.57307118,0.00122106,0.43415904,
14982,2.70561910,-2.50063682,3.89225793,6.00000000,0.25781250,-0.38833007,-0.56579012,0.28048134,-0.18345937,0.07000000,0.00549451,-0.00441664,0.23999999,-0.23999999,-0.01229746,7.30943871,-7.28151369,0.27887350,0.17145592,0.00122106,0.57617331,
14990,1.22121406,2.46852875,17.25070572,6.00000000,0.29003906,-0.39799803,-0.31902191,-0.06014490,0.35649368,0.07000000,0.00549451,-0.34950504,0.23999999,-0.23999999,-0.01229746,9.37416267,-8.25889778,-0.06325236,0.11507228,0.00122106,0.66868329,
14998,7.62450647,-3.71569419,20.53136063,6.00000000,0.33999023,-0.40122071,-0.37436354,-1.30269420,0.33033842,0.07000000,0.00549451,-0.14765245,-0.23999999,0.23999999,-0.01229746,10.01120853,-9.55916882,-1.29121363,-0.56501836,0.00122106,0.65004313,
15006,7.39107180,3.11376619,20.53136063,6.00000000,-0.13535157,0.19013672,-0.28798619,-2.61784244,0.18551664,0.07000000,0.00549451,0.01992486,-0.23999999,0.23999999,-0.01229746,8.85405540,-8.90466976,-2.59930968,-0.28285435,0.00122106,0.48001814,
15014,-2.13066840,0.28262264,20.53136063,6.00000000,-0.24814454,0.36577147,0.00551679,-3.19984722,-0.04231126,0.07000000,0.00549451,0.22371760,-0.23999999,0.23999999,-0.01229746,6.77362299,-7.47175455,-3.15916061,0.00643975,0.00122106,0.30293113,
15022,-1.13946879,3.02518058,12.27794933,6.00000000,-0.24975586,0.33032227,0.09453744,-2.39177537,-0.25116721,0.07000000,0.00549451,0.09698981,-0.23999999,0.23999999,-0.01229746,4.42615509,-4.76649427,-2.37102866,-0.09874338,0.00122106,0.17231235,
15030,-5.49691582,-0.63076532,4.79247761,6.00000000,-0.29003906,0.31904298,0.18839373,-1.61495101,-0.36353743,0.07000000,0.00549451,0.07721899,0.16062814,-0.15176083,-0.01229746,2.35968518,-2.57959676,-1.63199592,0.28381303,0.00122106,0.06380208,
15037,-3.99216008,3.88589621,-4.46470308,5.00000000,0.12246094,-0.16274413,0.59173471,-0.62804395,-0.39335430,0.07000000,0.00549451,-0.20016149,0.23999999,-0.23999999,-0.01229746,1.53588974,-0.89360857,-0.65423989,0.33326620,0.00122106,0.04340362,
15046,-4.29023838,-1.90088928,-9.21479893,6.00000000,0.24975586,-0.30131835,0.72902626,-0.08979775,-0.35459849,0.07000000,0.00549451,-0.00597411,0.23999999,-0.23999999,-0.01229746,2.94087982,-2.93738914,-0.10346377,0.75468379,0.00122106,0.21285647,
15054,-1.94990611,-0.56133348,-5.18056965,6.00000000,0.28520507,-0.33193359,0.33295530,0.17051397,-0.28053263,0.07000000,0.00549451,-0.01578084,0.23999999,-0.23999999,-0.01229746,5.23424244,-5.15046692,0.16837078,0.63183057,0.00122106,0.41105014,
15062,0.65378827,-3.40923643,2.88310194,6.00000000,0.28520507,-0.34160155,-0.04222841,-0.02471476,-0.08390624,0.07000000,0.00549451,0.03712606,0.23999999,-0.23999999,-0.01229746,7.30071211,-7.35656261,-0.00568280,0.21077564,0.00122106,0.55457187,
15070,-0.03334765,-3.30628562,8.79917431,6.00000000,0.26103514,-0.36416015,-0.60043198,-0.31276092,-0.07288158,0.07000000,0.00549451,-0.11617391,0.23999999,-0.23999999,-0.01229746,9.53298855,-9.15425205,-0.31389406,0.24999177,0.00122106,0.68887240,
15078,6.98166323,1.86279571,14.19091606,6.00000000,0.32065430,-0.38994139,-0.28666228,-0.65937746,0.25563693,0.07000000,0.00549451,-0.27270752,-0.23999999,0.23999999,-0.01229746,11.16836262,-10.28697109,-0.65901005,-0.49122292,0.00122106,0.76955205,
15086,9.48599815,-2.24685144,20.53136063,6.00000000,-0.16435547,0.21430664,-0.65523273,-2.11766315,0.32163003,0.07000000,0.00549451,-0.21038598,-0.23999999,0.23999999,-0.01229746,10.40216255,-9.73544598,-2.09948301,-0.75559390,0.00122106,0.60938305,
15094,1.48337913,1.86638701,20.53136063,6.00000000,-0.28681642,0.35449219,-0.25135356,-2.93884921,0.15531759,0.07000000,0.00549451,-0.23354644,-0.23999999,0.23999999,-0.01229746,8.92037773,-8.16464996,-2.91219616,-0.27162665,0.00122106,0.42712745,
15102,2.72357559,0.33409795,18.99368477,6.00000000,-0.25620118,0.32387695,0.04450047,-2.30561090,-0.21044241,0.07000000,0.00549451,-0.03245440,-0.23999999,0.23999999,-0.01229746,5.74562407,-5.64264917,-2.26829147,-0.45816639,0.00122106,0.25606376,
15109,-3.52648783,0.14735022,11.43159866,5.00000000,-0.29326171,0.32065430,0.36065373,-1.88817310,-0.40347952,0.07000000,0.00549451,-0.17375109,-0.07337363,0.04777336,-0.01229746,4.05439997,-3.51334786,-1.88669288,0.13248858,0.00122106,0.14468671,
15118,-4.18848467,0.91828316,2.06667900,6.00000000,-0.09667969,0.08701172,0.60030460,-1.05871356,-0.40606424,0.07000000,0.00549451,-0.33469206,0.23999999,-0.23999999,-0.01229746,2.60228610,-1.51320040,-1.07781005,0.34690028,0.00122106,0.07652342,
15126,-2.68612313,-1.57767212,-4.56047106,6.00000000,0.22397462,-0.27714843,0.82706195,-0.34810248,-0.37271529,0.07000000,0.00549451,-0.20150563,0.23999999,-0.23999999,-0.01229746,2.76285625,-2.15548158,-0.36329955,0.57588172,0.00122106,0.15900844,
15134,-2.47663045,-1.22572446,-5.35295200,6.00000000,0.27714843,-0.31420898,0.36269528,-0.01231662,-0.31354111,0.07000000,0.00549451,-0.12698989,0.23999999,-0.23999999,-0.01229746,4.81885433,-4.43662691,-0.01845920,0.63140804,0.00122106,0.35185778,
15142,-1.16460800,-1.98468637,0.87556374,6.00000000,0.26748046,-0.32387695,0.00419772,-0.02605101,-0.22371632,0.07000000,0.00549451,-0.04787698,0.23999999,-0.23999999,-0.01229746,7.10872602,-6.96386385,-0.02462430,0.41086543,0.00122106,0.53275889,
15150,2.05439615,0.07552417,5.80642223,6.00000000,0.25942382,-0.38349611,-0.47326618,-0.20814301,0.01492540,0.07000000,0.00549451,-0.20524859,0.23999999,-0.23999999,-0.01229746,9.33576679,-8.64461517,-0.20850079,0.01816270,0.00122106,0.67329979,
15158,5.89708996,-1.36458814,9.46595955,6.00000000,0.28037110,-0.36738282,-0.54549056,-0.87378877,0.20976672,0.07000000,0.00549451,-0.27286112,-0.23999999,0.23999999,-0.01229746,10.79660606,-9.93790531,-0.87126511,-0.46310255,0.00122106,0.72568309,
15166,10.20665264,2.91145611,14.34893417,6.00000000,-0.17724609,0.22236328,-0.78606850,-2.06675816,0.32276210,0.07000000,0.00549451,-0.35017514,-0.23999999,0.23999999,-0.01229746,10.43532372,-9.26944351,-2.06071615,-0.98501694,0.00122106,0.59402597,
15174,1.74434710,2.47930264,20.53136063,6.00000000,-0.28359374,0.36093751,-0.29255500,-2.68670702,0.18111524,0.07000000,0.00549451,-0.36183581,-0.23999999,0.23999999,-0.01229746,9.33751106,-8.16115952,-2.66575408,-0.34217298,0.00122106,0.46178603,
15181,5.71991920,2.63372874,19.59582710,5.00000000,-0.27553710,0.32226563,0.19496761,-2.30320406,-0.14303865,0.07000000,0.00549451,-0.35887548,-0.23999999,0.23999999,-0.01229746,6.63574219,-5.46113491,-2.27249193,-0.65153968,0.00122106,0.28727743,
15190,-1.81702793,-1.08925498,14.07719231,6.00000000,-0.30937499,0.34482422,0.45388642,-1.93677139,-0.29743916,0.07000000,0.00549451,-0.57576728,-0.11193005,0.03155535,-0.01229746,4.94975376,-3.08225155,-1.92800081,0.12640172,0.00122106,0.15471581,
15198,-0.82702553,-1.20776796,5.55862236,6.00000000,-0.13696289,0.05317383,0.41520622,-1.16239524,-0.19735207,0.07000000,0.00549451,-0.64024043,-0.02640989,-0.06225525,-0.01229746,3.44527984,-1.34041297,-1.16698408,0.11603665,0.00122106,0.09474136,
15206,-2.67894053,-1.36578524,1.85239804,6.00000000,-0.05478515,-0.07895508,0.32444853,-0.61923641,-0.17249911,0.07000000,0.00366300,-0.56029099,0.23999999,-0.23999999,-0.01229746,2.90422773,-1.06814146,-0.62422031,0.34279141,0.00122106,0.10034858,
15214,-1.93194962,-2.56168890,-0.13718356,6.00000000,0.21752930,-0.30454102,0.20420454,-0.22689673,-0.11615413,0.07000000,0.00366300,-0.34541327,0.23999999,-0.23999999,-0.01229746,3.53429174,-2.42949820,-0.22416559,0.37414676,0.00122106,0.20994839,
15222,-1.00419641,-1.59682572,1.19758391,6.00000000,0.26586914,-0.32871094,-0.01576375,-0.01313040,-0.06599922,0.07000000,0.00366300,-0.29089200,0.23999999,-0.23999999,-0.01229746,5.96204472,-5.03352928,-0.01176976,0.33826497,0.00122106,0.41796651,
15230,2.59309173,-0.95398253,2.12533712,6.00000000,0.26909178,-0.35288087,-0.29207250,0.01331459,0.03270262,0.07000000,0.00366300,-0.29103234,0.14899248,-0.19032687,-0.01229746,7.64628744,-6.67588425,0.01523675,-0.06368643,0.00122106,0.54520243,
15238,6.04193926,0.57830656,8.00310230,6.00000000,0.21752930,-0.30615234,-0.44918746,-0.74548692,0.12482574,0.07000000,0.00549451,-0.17660278,-0.23999999,0.23999999,-0.01229746,8.76853371,-8.19257545,-0.74765813,-0.49902156,0.00122106,0.58653039,
15246,10.88900089,3.34600377,13.51814556,6.00000000,-0.20141602,0.22558594,-0.26623142,-1.69817781,0.09590245,0.07000000,0.00549451,-0.07609707,-0.23999999,0.23999999,-0.01229746,7.91681337,-7.66548634,-1.69291759,-0.95113719,0.00122106,0.46528631,
15253,5.93898869,2.23150277,20.53136063,5.00000000,-0.31098634,0.36577147,0.23845100,-1.92284250,-0.08774974,0.07000000,0.00549451,-0.02793856,-0.23999999,0.23999999,-0.01229746,6.57290983,-6.46993589,-1.89928782,-0.51923531,0.00122106,0.35305023,
15262,6.45972729,0.69442528,17.36682510,6.00000000,-0.29487306,0.33193359,0.49552399,-1.11709642,-0.22739010,0.07000000,0.00549451,-0.22569034,-0.23999999,0.23999999,-0.01229746,4.34761524,-3.58839703,-1.08668566,-0.81963110,0.00122106,0.21997301,
15270,1.96341658,-3.13031197,12.63827705,6.00000000,-0.28520507,0.33515626,0.08776238,-0.49317023,-0.21856618,0.07000000,0.00549451,-0.37867045,-0.23999999,0.23999999,-0.01229746,2.66686320,-1.45385933,-0.48702401,-0.31005400,0.00122106,0.11910959,
15278,0.90398234,0.06475027,8.37899208,6.00000000,-0.29487306,0.35126954,-0.01251274,0.15093966,-0.07648465,0.07000000,0.00549451,-0.50746888,-0.23999999,0.23999999,-0.01229746,0.86044729,0.80634212,0.14808726,-0.30560744,0.00122106,0.01013700,
15286,-0.57802856,-0.87018549,4.85233259,6.00000000,-0.30131835,0.34643555,-0.19714597,0.76925123,-0.06148305,0.07000000,0.00549451,-0.62560177,-0.23999999,0.20304538,-0.01229746,-0.78888881,2.78205466,0.77329457,-0.26077461,0.00122106,-0.07993434,
15294,-0.00102593,0.08510098,4.47285175,6.00000000,-0.29487306,0.32065430,-0.09158985,1.32314694,-0.05555689,0.07000000,0.00366300,-0.79965740,-0.23999999,0.13330948,-0.01229746,-2.20784140,4.76998472,1.32755685,-0.26071012,0.00122106,-0.16369143,
15302,0.36169562,0.87518752,7.31117773,6.00000000,-0.31904298,0.23686524,0.02541460,1.80705845,-0.06524184,0.07000000,0.00366300,-0.75695115,-0.12999922,0.02779436,-0.01229746,-3.50113058,5.94633675,1.80456543,-0.22093752,0.00122106,-0.22728768,
15310,1.73596740,-0.41648427,11.28674984,6.00000000,-0.19013672,0.12246094,0.12356483,2.19228959,-0.06247265,0.07000000,0.00366300,-0.45818776,-0.06048328,-0.00090738,-0.01229746,-4.22718716,5.72642517,2.18930292,-0.23872285,0.00122106,-0.20964301,
15318,2.74751759,-0.54217988,15.04923820,6.00000000,-0.13374023,0.07895508,0.06997911,2.44525909,-0.02792996,0.07000000,0.00366300,-0.20345739,-0.04963506,0.02286379,-0.01229746,-3.83274317,4.49596834,2.42849183,-0.29752031,0.00122106,-0.13289410,
15325,3.83448529,-1.00545788,16.56596375,5.00000000,-0.12890625,0.08056641,-0.01790325,2.51124597,0.02513063,0.07000000,0.00366300,-0.08140922,-0.12530863,0.11500484,-0.01229746,-3.05607152,3.32310677,2.48572230,-0.39040521,0.00122106,-0.05457582,
15334,6.59859085,-0.03820041,13.57321262,6.00000000,-0.14340821,0.16757813,-0.04982556,2.41380858,0.08806733,0.07000000,0.00366300,-0.07440547,-0.23999999,0.23999999,-0.01229746,-3.21664190,3.46273303,2.39635372,-0.69175267,0.00122106,-0.07173000,
15342,3.90271997,0.52563411,12.99022388,6.00000000,-0.31259766,0.38671875,-0.06069076,1.92899537,0.06589365,0.07000000,0.00366300,-0.05692327,-0.23999999,0.23999999,-0.01229746,-4.05614519,4.24289560,1.91647875,-0.46933606,0.00122106,-0.16892955,
15350,0.92193884,1.39353216,10.55771542,6.00000000,-0.32226563,0.37221679,0.06725300,2.24495506,0.02931761,0.07000000,0.00549451,-0.23836946,-0.13842514,0.10680190,-0.01229746,-5.00036812,5.76133204,2.24270272,-0.30363315,0.00122106,-0.23839703,
15358,-0.50141406,0.14974442,8.00429916,6.00000000,-0.21430664,0.22719726,0.19270985,2.66337872,0.01339296,0.07000000,0.00549451,-0.18862247,0.13402024,-0.15857732,-0.01229746,-6.08247232,6.68635654,2.66807842,-0.14762242,0.00122106,-0.28147188,
15366,-0.00461723,0.25269511,5.39821100,6.00000000,0.06606445,-0.11601563,0.15302472,3.09233856,-0.00643013,0.07000000,0.00366300,-0.02013513,0.23999999,-0.23999999,-0.01229746,-5.75435066,5.82067299,3.10620117,-0.09912238,0.00122106,-0.20432846,
15374,2.10587168,-0.83068115,1.28018379,6.00000000,0.25458986,-0.28520507,0.09858678,2.96167970,0.00880344,0.07000000,0.00366300,0.18216291,0.23999999,-0.23999999,-0.01229746,-4.32667112,3.74198580,2.99474931,-0.14337836,0.00122106,-0.08002706,
15382,3.57591152,-0.97433329,4.60453272,6.00000000,0.29165038,-0.32226563,-0.02690695,2.31605434,0.03756979,0.07000000,0.00366300,0.37584060,0.20743953,-0.15580960,-0.01229746,-2.17817092,0.97214842,2.33194637,-0.18734866,0.00122106,0.05558333,
15390,5.51521492,-0.66907257,6.74973774,6.00000000,0.25297850,-0.23364258,-0.12359098,1.39214694,0.04431663,0.07000000,0.00366300,0.43429706,-0.06596751,0.12495954,-0.01229746,-0.46600291,-0.95818579,1.39734077,-0.29556400,0.00122106,0.12851641,
15397,7.01757622,0.31973276,7.65235186,5.00000000,-0.00161133,0.09667969,-0.19347127,0.38522926,0.05739632,0.07000000,0.00366300,0.27169338,-0.23999999,0.23999999,-0.01229746,-0.11868239,-0.74874628,0.38894141,-0.43837550,0.00122106,0.05327034,
15406,5.01961517,1.75266242,13.10275173,6.00000000,-0.29648438,0.37221679,-0.05850324,-0.43532610,0.04546200,0.07000000,0.00366300,-0.05656269,-0.23999999,0.23999999,-0.01229746,-0.43284163,0.62133718,-0.43264103,-0.53364915,0.00122106,-0.07337677,
15414,0.69568676,-1.00904918,16.40076447,6.00000000,-0.31582031,0.39477539,0.13099024,-0.10377005,-0.05806489,0.07000000,0.00366300,0.01865740,-0.23999999,0.23999999,-0.01229746,-1.49749255,1.42069805,-0.10023013,-0.22273839,0.00122106,-0.11891106,
15422,1.78744280,-0.63675082,11.71052361,6.00000000,-0.30937499,0.36416015,0.02679610,0.32349923,-0.14488749,0.07000000,0.00366300,-0.11101289,-0.23999999,0.23999999,-0.01229746,-2.82743335,3.17824459,0.32353032,-0.39622867,0.00122106,-0.20415691,
15430,-0.38768950,-0.10763226,10.66545486,6.00000000,-0.32548827,0.37382811,0.02587922,0.81645280,-0.19696033,0.07000000,0.00366300,-0.19367638,-0.20081815,0.17492759,-0.01229746,-3.96887851,4.57450819,0.81565487,-0.16526976,0.00122106,-0.26532644,
15438,-0.82702553,-0.74568701,8.52144718,6.00000000,-0.26909178,0.28198242,0.04642902,1.40103281,-0.22696213,0.07000000,0.00549451,-0.24627063,-0.06454951,0.03162920,-0.01229746,-5.11905050,5.91492081,1.40335703,-0.12152018,0.00122106,-0.31340703,
15446,-0.51218802,-0.38057125,8.13478374,6.00000000,-0.12890625,0.08862305,0.07297326,1.89408183,-0.22997546,0.07000000,0.00549451,-0.25279251,0.05305484,-0.08664613,-0.01229746,-5.53443909,6.34950781,1.89751065,-0.09898641,0.00122106,-0.30803099,
15454,1.02488947,-0.24769306,6.81677532,6.00000000,0.01450195,-0.07895508,0.01075055,2.14591455,-0.18209866,0.07000000,0.00549451,-0.15016368,0.05980237,-0.07940625,-0.01229746,-5.35117960,5.83463526,2.15312624,-0.14560057,0.00122106,-0.26178947,
15462,4.27741241,-0.49908423,6.24575806,6.00000000,0.06284180,-0.11440430,-0.06047386,1.83844316,-0.13747510,0.07000000,0.00549451,-0.10857466,-0.23999999,0.23999999,-0.01229746,-4.74555016,5.09112549,1.84686458,-0.39689711,0.00122106,-0.23382425,
15469,4.81371355,-0.52302623,9.72932148,5.00000000,-0.24008790,0.27070314,0.04978937,1.21879613,-0.07029194,0.07000000,0.00549451,-0.22732174,-0.23999999,0.23999999,-0.01229746,-4.64781141,5.37212324,1.21618557,-0.43606886,0.00122106,-0.28848717,
15478,-0.11953891,-1.55851853,19.99565887,6.00000000,-0.32226563,0.38349611,-0.07190874,1.04023564,-0.03048892,0.07000000,0.00366300,-0.22641899,-0.21854070,0.18848605,-0.01229746,-5.27962112,6.01615000,1.02610564,-0.17498598,0.00122106,-0.35277244,
15486,3.45021582,1.06313241,13.55525589,6.00000000,-0.26586914,0.29970703,-0.21856564,1.64259303,-0.07938801,0.07000000,0.00366300,-0.24418689,-0.23999999,0.23999999,-0.01229746,-6.82772827,7.62010765,1.63578737,-0.58203596,0.00122106,-0.42754519,
15494,0.88961709,0.81652957,11.87692070,6.00000000,-0.29809570,0.38833007,0.01085225,1.80350804,-0.17829442,0.07000000,0.00549451,-0.12405249,-0.23780525,0.22215123,-0.01229746,-8.33569241,8.73711872,1.79855943,-0.23988101,0.00122106,-0.51103783,
15502,-0.68935889,1.31691778,10.20935917,6.00000000,-0.29970703,0.36416015,0.13470264,2.28097129,-0.25086248,0.07000000,0.00549451,-0.25072789,-0.04614116,0.01362295,-0.01229746,-9.51902580,10.30791378,2.27865362,-0.13161761,0.00122106,-0.58232951,
15510,-1.16341090,0.50049496,7.60566473,6.00000000,-0.11601563,0.11601563,0.16883011,2.73724151,-0.22404774,0.07000000,0.00549451,-0.25849783,0.13283604,-0.16616210,-0.01229746,-10.17177868,11.00430107,2.74200559,-0.05394451,0.00122106,-0.59813541,
15518,-0.16862005,-0.69660586,4.77332401,6.00000000,0.10151367,-0.16918945,0.12882069,3.06717658,-0.20594829,0.07000000,0.00549451,0.01707964,0.23999999,-0.23999999,-0.01229746,-9.55742264,9.51378918,3.08519769,0.00263264,0.00122106,-0.49149603,
15526,3.06235504,0.01207783,2.51439476,6.00000000,0.25297850,-0.30937499,-0.00794145,2.71281600,-0.14332470,0.07000000,0.00549451,0.17450279,0.07991962,-0.05478595,-0.01229746,-8.03549576,7.46128273,2.74221706,-0.18329334,0.00122106,-0.37879977,
15534,3.78899527,-0.61879432,5.54904556,6.00000000,0.10957031,-0.09023438,-0.11535766,1.97256935,-0.05975252,0.07000000,0.00549451,0.25722650,-0.02258747,0.05850066,-0.01229746,-6.60258055,5.76307726,1.98538971,-0.18635215,0.00122106,-0.31986812,
15541,4.59464407,0.32930955,9.69221115,5.00000000,-0.01127930,0.03222656,-0.20428471,1.28010297,-0.00019330,0.07000000,0.00549451,-0.02936646,-0.23999999,0.23999999,-0.01229746,-5.82416391,5.91841173,1.27992773,-0.32742298,0.00122106,-0.34892219,
15550,4.38036299,0.78301078,14.38843822,6.00000000,-0.27875978,0.34321290,0.08144780,0.67050558,0.11976901,0.07000000,0.00549451,-0.18186305,-0.23999999,0.23999999,-0.01229746,-6.40361309,6.99702501,0.67140627,-0.45304704,0.00122106,-0.45863470,
15558,-0.84857333,-0.76244640,20.53136063,6.00000000,-0.31098634,0.39799803,-0.15773492,0.74010378,0.06692618,0.07000000,0.00549451,-0.11476861,-0.23214206,0.21727256,-0.01229746,-7.33736420,7.70562887,0.73176271,-0.10141578,0.00122106,-0.51792395,
15566,2.22558165,1.46416116,12.55807114,6.00000000,-0.28037110,0.32226563,-0.03235062,1.15591156,-0.00554547,0.07000000,0.00366300,-0.12704238,-0.23999999,0.23999999,-0.01229746,-9.04429626,9.45968437,1.15215671,-0.44059500,0.00122106,-0.61713487,
15574,-1.83498442,-0.72294211,10.56489849,6.00000000,-0.29165038,0.37060547,0.14623444,1.54579961,-0.11483993,0.07000000,0.00366300,-0.07784690,-0.02860245,0.01977965,-0.01229746,-10.50862694,10.76868153,1.54627430,-0.00135964,0.00122106,-0.69329929,
15582,-2.01454949,0.22755598,6.28645945,6.00000000,-0.09345703,0.09345703,0.13368170,2.13212347,-0.20222010,0.07000000,0.00549451,-0.07447758,0.08888394,-0.09720892,-0.01229746,-11.18756008,11.42841530,2.14602089,0.01074114,0.00122106,-0.69796878,
15590,-1.56803095,0.11383140,1.81169665,6.00000000,0.06445312,-0.10957031,0.19161774,2.62323427,-0.22507481,0.07000000,0.00549451,-0.05424117,0.23999999,-0.23999999,-0.01229746,-10.68141460,10.87863731,2.64253044,0.14846314,0.00122106,-0.61923534,
15598,-0.45472714,-0.69780296,2.28694558,6.00000000,0.24492188,-0.29648438,0.26190966,2.49380946,-0.15522413,0.07000000,0.00549451,0.04657652,0.23999999,-0.23999999,-0.01229746,-9.21533871,9.02335262,2.52031827,0.13426545,0.00122106,-0.50220954,
15606,2.40394974,-1.63872421,3.48165226,6.00000000,0.27231446,-0.33515626,0.08770391,2.01795220,-0.03938883,0.07000000,0.00549451,0.19867113,0.15740497,-0.12935489,-0.01229746,-7.01622343,6.37045193,2.03794670,-0.04736416,0.00122106,-0.35773635,
15613,4.24987936,-1.05334198,8.13119221,5.00000000,0.20302734,-0.20947266,-0.19140144,1.23482704,0.07906509,0.07000000,0.00549451,0.23102348,-0.11384271,0.14578329,-0.01229746,-5.45589924,4.69668102,1.23592019,-0.16624972,0.00122106,-0.29412597,
15622,5.56549311,-0.76244640,13.27034569,6.00000000,-0.08540039,0.14663085,-0.33070999,0.31416395,0.15003699,0.07000000,0.00366300,-0.00474045,-0.23999999,0.23999999,-0.01229746,-4.98466063,5.00036812,0.30592251,-0.30277175,0.00122106,-0.35870317,
15630,3.36402464,0.47176456,20.53136063,6.00000000,-0.27070314,0.36738282,-0.09789287,-0.38794062,0.21744937,0.07000000,0.00366300,-0.08292220,-0.23999999,0.23999999,-0.01229746,-5.86605167,6.16101217,-0.42869359,-0.40308750,0.00122106,-0.48954576,
15638,0.78427225,0.35803998,20.45055771,6.00000000,-0.28359374,0.34965819,-0.08184656,-0.12213892,0.03809530,0.07000000,0.00549451,0.00489737,-0.23999999,0.23999999,-0.01229746,-7.63232470,7.62708902,-0.09176654,-0.24613293,0.00122106,-0.58574480,
15646,-0.66781110,1.08468020,12.85495186,6.00000000,-0.29003906,0.37221679,0.18567827,0.14390440,-0.07473843,0.07000000,0.00549451,0.00254203,-0.23999999,0.23999999,-0.01229746,-9.28515148,9.29038715,0.14453009,-0.15006641,0.00122106,-0.69478011,
15654,-3.09672880,-0.62717402,7.13640118,6.00000000,-0.30454102,0.37060547,0.16877942,0.80865568,-0.20832950,0.07000000,0.00366300,0.01848521,-0.05527389,0.05939284,-0.01229746,-10.94670486,10.84198570,0.80874586,0.09001346,0.00122106,-0.76849681,
15662,-3.92512250,1.36599886,2.97168732,6.00000000,-0.11440430,0.15952149,0.22416545,1.49025083,-0.23493342,0.07000000,0.00366300,-0.15859593,0.23461699,-0.23999999,-0.01229746,-11.63087463,12.11782074,1.51084828,0.22875078,0.00122106,-0.79016870,
15670,-2.86688542,-0.31832200,-0.74890208,6.00000000,0.18852539,-0.23686524,0.51732898,2.07650685,-0.20331065,0.07000000,0.00549451,-0.02036260,0.23999999,-0.23999999,-0.01229746,-10.60811138,10.67443371,2.09685278,0.37189776,0.00122106,-0.65070587,
15678,-1.71407723,-1.50345182,-1.96276236,6.00000000,0.24331054,-0.30776367,0.18246295,2.21066785,-0.18545969,0.07000000,0.00549451,0.20966390,0.23999999,-0.23999999,-0.01229746,-8.46659184,7.80511284,2.24337745,0.42756081,0.00122106,-0.44689202,
15685,-0.59119666,-1.22452736,3.99161720,5.00000000,0.24653320,-0.33676758,-0.00058215,1.87717581,-0.03158320,0.07000000,0.00549451,0.23031883,0.23999999,-0.23999999,-0.01229746,-6.08770800,5.32325411,1.89220059,0.32484224,0.00122106,-0.29592317,
15694,2.86124229,-2.03017616,9.75565815,6.00000000,0.24975586,-0.34965819,-0.39085245,1.21667981,0.10526434,0.07000000,0.00549451,0.25796109,0.23999999,-0.20499367,-0.01229746,-3.66693687,2.83441448,1.21237040,0.04858974,0.00122106,-0.15593129,
15702,6.54113007,-0.33867273,13.77911377,6.00000000,0.29970703,-0.31743163,-0.37880069,0.29555193,0.23433803,0.07000000,0.00549451,0.28747863,-0.23999999,0.23999999,-0.01229746,-2.02807260,1.09955740,0.28805870,-0.28363758,0.00122106,-0.09597806,
15710,8.40022755,1.88913190,19.72750854,6.00000000,-0.16596679,0.22558594,-0.30648091,-0.99652672,0.15269339,0.07000000,0.00549451,0.27375084,-0.23999999,0.23999999,-0.01229746,-2.59704995,1.69820547,-0.99513894,-0.38350272,0.00122106,-0.23893832,
15718,3.62499261,0.60344565,20.53136063,6.00000000,-0.26586914,0.35610351,0.18437234,-1.83545208,0.02184422,0.07000000,0.00549451,0.20057493,-0.23999999,0.23999999,-0.01229746,-4.40346575,3.77165651,-1.81720281,-0.56328887,0.00122106,-0.45515901,
15726,1.17572427,-1.01742887,20.53136063,6.00000000,-0.27392578,0.34321290,0.26004046,-1.44942522,-0.07265594,0.07000000,0.00549451,0.12123567,-0.23999999,0.23999999,-0.01229746,-6.33554506,5.96029949,-1.42521381,-0.32206902,0.00122106,-0.57633489,
15734,-1.02454710,-1.09643757,9.28160572,6.00000000,-0.30131835,0.34160155,0.16126011,-1.10691333,-0.12610972,0.07000000,0.00549451,0.05144054,-0.23999999,0.23999999,-0.01229746,-7.95695591,7.77020597,-1.10974693,-0.15829907,0.00122106,-0.68549937,
15742,-4.89956284,1.25706267,2.74663234,6.00000000,-0.29970703,0.35932618,0.09700289,-0.18028879,-0.15628895,0.07000000,0.00549451,-0.08047783,0.02145511,-0.03157398,-0.01229746,-9.45794010,9.74242783,-0.20417774,0.27027455,0.00122106,-0.74841005,
15750,-4.38840055,0.27424291,-2.67623448,6.00000000,-0.03867187,0.02739258,0.42824456,0.65473664,-0.12984338,0.07000000,0.00549451,-0.19638509,0.23999999,-0.23999999,-0.01229746,-10.31489563,10.91703415,0.65112257,0.42318904,0.00122106,-0.75898695,
15757,-3.12665629,-0.98271298,-5.39485073,5.00000000,0.21752930,-0.25458986,0.26854581,1.07445705,-0.15031371,0.07000000,0.00549451,-0.09235337,0.23999999,-0.23999999,-0.01229746,-9.10538292,9.41256046,1.08840823,0.54303032,0.00122106,-0.62082821,
15766,-1.27833259,-0.16030470,-3.24725151,6.00000000,0.22397462,-0.28681642,0.17566532,1.23604441,-0.08073632,0.07000000,0.00366300,0.09835924,0.23999999,-0.23999999,-0.01229746,-6.36696100,6.03360367,1.25576317,0.46550161,0.00122106,-0.37656945,
15774,-3.36248517,-0.84145510,7.42131138,6.00000000,0.24814454,-0.31420898,-0.05919908,1.26383543,-0.04587583,0.07000000,0.00366300,0.04292408,0.23999999,-0.23999999,-0.01229746,-3.71406078,3.55523562,1.26645422,0.57874513,0.00122106,-0.18092197,
15782,4.38754559,-0.24051045,13.07042980,6.00000000,0.29487306,-0.35932618,-0.08789957,0.76146805,0.28691924,0.07000000,0.00549451,0.08568603,-0.23999999,0.23999999,-0.01229746,-1.72613060,1.44338727,0.76126105,-0.27252346,0.00122106,-0.06269004,
15790,8.87427998,-0.85342610,19.29655075,6.00000000,-0.18530273,0.20947266,-0.55530775,-0.26260874,0.37358961,0.07000000,0.00549451,0.05728735,-0.23999999,0.23999999,-0.01229746,-2.06472445,1.87448359,-0.27493423,-0.47885996,0.00122106,-0.17192982,
15798,2.64935541,1.37557566,20.53136063,6.00000000,-0.26103514,0.35932618,-0.45773628,-0.98709309,0.29022050,0.07000000,0.00549451,-0.09146276,-0.23999999,0.23999999,-0.01229746,-3.82750702,4.13468504,-0.98180616,-0.35701835,0.00122106,-0.37914568,
15806,2.98095226,1.12777579,20.53136063,6.00000000,-0.25458986,0.36899415,-0.09963787,-0.83227825,0.17393483,0.07000000,0.00549451,0.04364577,-0.23999999,0.23999999,-0.01229746,-6.58512688,6.38092375,-0.88952601,-0.48016116,0.00122106,-0.56124759,
15814,-2.41318417,0.53042251,13.17816925,6.00000000,-0.28842774,0.36093751,0.08475574,-0.55025446,0.00149600,0.07000000,0.00549451,-0.05099680,-0.23999999,0.23999999,-0.01229746,-7.96742821,8.12974358,-0.55770433,0.04644176,0.00122106,-0.65338659,
15822,-3.40438366,0.87997591,1.59143007,6.00000000,-0.29648438,0.38671875,0.18742952,0.09382544,-0.13149476,0.07000000,0.00549451,-0.09714980,-0.04423073,0.03198314,-0.01229746,-9.84191227,10.10545635,0.08388728,0.18865407,0.00122106,-0.75169235,
15829,-4.96061468,2.28537226,-1.61919439,5.00000000,-0.11923828,0.10957031,0.54725587,0.82738626,-0.23458222,0.07000000,0.00549451,-0.13767248,0.23999999,-0.23999999,-0.01229746,-10.70934010,11.17708874,0.82683957,0.45648092,0.00122106,-0.77078712,
15838,-4.78344393,-1.32867515,-6.60990763,6.00000000,0.21108398,-0.23847656,0.72371775,1.45029807,-0.14461385,0.07000000,0.00549451,0.05889061,0.23999999,-0.23999999,-0.01229746,-9.84889317,9.71275711,1.46727729,0.76536727,0.00122106,-0.63411963,
15846,-1.58479035,-0.05855112,-4.86333752,6.00000000,0.25781250,-0.29970703,0.32894662,1.65036798,-0.04450453,0.07000000,0.00549451,0.15672344,0.23999999,-0.23999999,-0.01229746,-7.11047125,6.64795923,1.67897856,0.57905167,0.00122106,-0.39476883,
15854,-2.56282163,-2.26001954,4.76614141,6.00000000,0.26586914,-0.33193359,-0.09682512,1.64161825,-0.05004165,0.07000000,0.00549451,0.20565490,0.23999999,-0.23999999,-0.01229746,-4.53785610,3.88161206,1.64875567,0.54656255,0.00122106,-0.19604455,
15862,-1.60992944,-0.15551630,14.44589901,6.00000000,0.24492188,-0.35288087,-0.41533455,1.28061807,0.33666101,0.07000000,0.00549451,0.10413960,0.23999999,-0.23999999,-0.01229746,-1.96524072,1.64235485,1.26916504,0.39760333,0.00122106,-0.04413517,
15870,6.47768402,-2.29353833,15.79383469,6.00000000,0.31420898,-0.35449219,-0.38279805,0.72117448,0.41977260,0.07000000,0.00366300,0.18539616,-0.23999999,0.23999999,-0.01229746,-0.65449846,0.06632251,0.71124458,-0.42189178,0.00122106,0.02649988,
15878,6.63570118,1.51084805,20.53136063,6.00000000,-0.15468749,0.20947266,-0.83972722,-0.60954148,0.39674467,0.07000000,0.00366300,0.07285291,-0.14665022,0.15608147,-0.01229746,-1.27234507,1.03847086,-0.61587554,-0.00368407,0.00122106,-0.13112164,
15886,1.81377900,0.65252680,20.53136063,6.00000000,-0.14340821,0.23364258,-0.11512028,-1.37880576,0.26835996,0.07000000,0.00366300,0.14741080,-0.23999999,0.23999999,-0.01229746,-3.27772832,2.80648947,-1.36891150,-0.43335074,0.00122106,-0.33832234,
15894,1.41275012,0.34966028,17.97136116,6.00000000,-0.23364258,0.32709962,0.18831085,-1.27703047,0.02927355,0.07000000,0.00366300,0.31575197,-0.23999999,0.23999999,-0.01229746,-5.61996031,4.58847046,-1.26042473,-0.25257415,0.00122106,-0.48345697,
15901,-4.03405857,-1.52380252,9.74488354,5.00000000,-0.27714843,0.37060547,0.19902998,-1.04843545,-0.17405938,0.07000000,0.00366300,0.29672033,-0.23999999,0.23999999,-0.01229746,-6.92023039,5.92888355,-1.05276859,0.05231908,0.00122106,-0.56686473,
15910,-4.63500309,3.08144450,0.90189999,6.00000000,-0.29003906,0.36093751,0.32983378,-0.03798755,-0.26219708,0.07000000,0.00549451,0.13996826,0.00475237,0.01498359,-0.01229746,-8.60970879,8.17337704,-0.04197657,0.19410835,0.00122106,-0.64435548,
15918,-4.16454268,-1.44239974,-6.16578341,6.00000000,-0.04028320,0.07412110,0.72528833,0.69711524,-0.16700290,0.07000000,0.00549451,0.02963278,0.19034564,-0.18524390,-0.01229746,-9.54345989,9.41256046,0.69393808,0.24935032,0.00122106,-0.66511726,
15926,-4.42551088,-0.50387263,-6.61349916,6.00000000,0.18046875,-0.20463867,0.41703531,1.22340763,-0.16459814,0.07000000,0.00549451,0.07469516,0.23999999,-0.23999999,-0.01229746,-8.59051037,8.34965515,1.24266458,0.53591985,0.00122106,-0.55254525,
15934,-1.95708871,0.45141384,-1.85981166,6.00000000,0.24814454,-0.27875978,0.16819550,1.46322143,-0.05763058,0.07000000,0.00549451,0.35396880,0.23999999,-0.23999999,-0.01229746,-6.48738909,5.36514187,1.48323250,0.47350752,0.00122106,-0.34406605,
15942,-3.30741858,-2.17143416,9.39054203,6.00000000,0.25620118,-0.34160155,-0.39152792,1.66583383,-0.15603071,0.07000000,0.00549451,0.40747952,0.23999999,-0.23999999,-0.01229746,-3.94618964,2.62322998,1.65806389,0.68778872,0.00122106,-0.11873125,
15950,-4.39678001,2.72351122,19.51202965,6.00000000,0.24008790,-0.35932618,-0.55205303,1.14763224,0.16828802,0.07000000,0.00549451,0.28162664,0.23999999,-0.23999999,-0.01229746,-1.09955740,0.17278759,1.13122761,0.70288283,0.00122106,0.03794968,
15958,9.55303574,-3.74083328,12.55088806,6.00000000,0.31582031,-0.34965819,0.05386126,0.88257051,0.25903651,0.07000000,0.00549451,0.28130937,-0.23999999,0.23999999,-0.01229746,0.35779250,-1.26361835,0.87951279,-0.76445985,0.00122106,0.12886421,
15966,-0.36733878,0.96856141,20.30331421,6.00000000,-0.18208008,0.20786133,-0.60209239,-0.13732713,0.31974772,0.07000000,0.00549451,0.07956730,0.23999999,-0.23999999,-0.01229746,-0.37524578,0.11344640,-0.13580853,0.94159973,0.00122106,-0.02850863,
15973,-1.98462200,0.82610643,20.53136063,5.00000000,0.24492188,-0.29487306,-0.16208602,-0.76234055,0.35700646,0.07000000,0.00549451,0.19622460,-0.23999999,0.23999999,-0.01229746,-1.21649444,0.58817595,-0.76172370,-0.85462725,0.00122106,-0.12675683,
15982,7.60774708,0.50408626,9.29597092,6.00000000,-0.20625000,0.28681642,0.01214174,-1.09910464,0.13979024,0.07000000,0.00366300,0.20747079,-0.23999999,0.23999999,-0.01229746,-1.25489175,0.59341192,-1.09669840,-0.47594410,0.00122106,-0.15366638,
15990,-6.65331554,-1.56091273,10.97071552,6.00000000,-0.29970703,0.36416015,-0.00336183,-1.11439705,0.11829794,0.07000000,0.00366300,0.24787027,0.23999999,-0.23999999,-0.01229746,-3.19220710,2.38062906,-1.11855650,0.42205754,0.00122106,-0.29829437,
15998,-1.42318177,3.11616039,2.55988455,6.00000000,0.20141602,-0.24008790,-0.06761201,-0.40294084,0.02832123,0.07000000,0.00366300,0.19874236,-0.00210827,0.02905243,-0.01229746,-3.23409510,2.61799383,-0.40758210,0.10823217,0.00122106,-0.25478590,
16006,-6.92026901,0.21917628,-0.59088480,6.00000000,0.00805664,0.00483398,0.40698779,0.04699904,0.00462311,0.07000000,0.00366300,0.32227787,0.23999999,-0.23999999,-0.01229746,-2.24274802,1.18507862,0.04118890,0.74846160,0.00122106,-0.12533732,
16014,-3.18291998,-0.31951910,3.00879741,6.00000000,0.21430664,-0.27553710,0.19036567,0.08717554,0.05623579,0.07000000,0.00366300,0.36609587,0.23999999,-0.23999999,-0.01229746,-0.71383971,-0.46425760,0.08674652,0.41208789,0.00122106,-0.00423011,
16022,-2.15820169,-1.10840857,2.43179488,6.00000000,0.26103514,-0.33193359,0.04299715,0.35627493,0.00936937,0.07000000,0.00366300,0.33358774,0.23999999,-0.23999999,-0.01229746,1.08908546,-2.17118955,0.35347390,0.44453594,0.00122106,0.15552810,
16030,-1.40761948,-1.08566368,9.40849876,6.00000000,0.31098634,-0.38671875,-0.17418857,0.04706157,0.16249822,0.07000000,0.00549451,0.23801783,0.23999999,-0.23999999,-0.01229746,2.86233997,-3.63203025,0.04376218,0.39535981,0.00122106,0.25069472,
16038,1.50133562,-0.52422333,16.79461098,6.00000000,0.30454102,-0.39155275,-0.44843283,-0.47876045,0.36138955,0.07000000,0.00549451,0.22980389,0.23999999,-0.22981247,-0.01229746,4.28129292,-5.00211382,-0.47986510,0.12352166,0.00122106,0.32017097,
16046,3.28980422,0.32691535,20.09022903,5.00000000,0.32709962,-0.36899415,-0.43392977,-1.21055186,0.32679641,0.07000000,0.00549451,0.42404413,0.01400012,0.04169066,-0.01229746,4.84503412,-6.21511745,-1.20261431,0.02280390,0.00122106,0.32913464,
16054,3.33170295,1.03320479,20.53136063,6.00000000,0.10634766,-0.04350586,-0.12333233,-2.32378459,0.18362105,0.07000000,0.00549451,0.44319293,-0.23999999,0.23999999,-0.01229746,4.63734007,-6.07200050,-2.30048513,0.00002830,0.00122106,0.23230942,
16062,-0.02017954,-0.98510718,17.86242485,6.00000000,-0.18046875,0.26425782,0.07944739,-2.88947487,0.06682964,0.07000000,0.00549451,0.32715404,-0.23999999,0.23999999,-0.01229746,2.85710382,-3.92175484,-2.86491156,-0.04808080,0.00122106,0.03880437,
16070,-4.03884697,-0.28001478,16.66173172,6.00000000,-0.26264650,0.32387695,0.06788222,-2.66813540,-0.01018841,0.07000000,0.00549451,0.18680277,-0.23999999,0.23999999,-0.01229746,1.09955740,-1.69471467,-2.63936663,0.09596463,0.00122106,-0.09861332,
16078,-4.30939198,-1.19100857,4.48362589,6.00000000,-0.27714843,0.33193359,-0.01098115,-1.63058484,-0.08661791,0.07000000,0.00549451,0.07609166,-0.01192275,0.02119686,-0.01229746,-0.94422311,0.71733028,-1.65081358,0.24128951,0.00122106,-0.18983847,
16086,-4.54641771,2.75822711,-2.70616198,6.00000000,-0.04995117,0.05800781,0.18735455,-0.75597411,-0.10229953,0.07000000,0.00549451,-0.01888783,0.23999999,-0.23999999,-0.01229746,-1.92684352,1.97571266,-0.77903932,0.38976216,0.00122106,-0.20800598,
16094,-4.31058884,0.00968363,-7.45027256,6.00000000,0.19819336,-0.25620118,0.50286478,-0.04342779,-0.15229730,0.07000000,0.00549451,0.08949874,0.23999999,-0.23999999,-0.01229746,-0.95469511,0.74351025,-0.08262062,0.61654252,0.00122106,-0.06998628,
16102,-3.64739513,0.26945451,-4.00022793,6.00000000,0.24492188,-0.30776367,0.33782756,0.28618810,-0.09956674,0.07000000,0.00549451,0.18481331,0.23999999,-0.23999999,-0.01229746,1.47305787,-2.09090447,0.28421962,0.70638365,0.00122106,0.15841168,
16110,-5.19165516,-1.20537376,6.03746271,6.00000000,0.26909178,-0.34804687,-0.06151912,0.42278302,-0.09777553,0.07000000,0.00549451,0.07637800,0.23999999,-0.23999999,-0.01229746,3.81005383,-4.06661701,0.42178524,0.81461257,0.00122106,0.32780176,
16117,1.56717622,-1.18143177,10.72890091,5.00000000,0.29970703,-0.37705079,-0.09393171,0.37082908,0.30322385,0.07000000,0.00549451,-0.03170650,0.23999999,-0.23999999,-0.01229746,5.49255133,-5.39306736,0.37138596,-0.02191859,0.00122106,0.44309855,
16126,3.49809980,-1.43521714,17.68884468,6.00000000,0.34321290,-0.39799803,-0.56483096,-0.30342257,0.34686610,0.07000000,0.00366300,-0.03659611,0.03137088,-0.03801933,-0.01229746,6.35997963,-6.25700521,-0.31866685,-0.09188570,0.00122106,0.45592791,
16134,5.05313396,-0.48591614,20.53136063,6.00000000,0.14018555,-0.14340821,-0.49288899,-1.41836047,0.35668719,0.07000000,0.00366300,0.09964423,-0.23999999,0.23999999,-0.01229746,6.03185797,-6.35474396,-1.42477989,-0.21082701,0.00122106,0.36474425,
16142,3.46458101,2.37036657,20.53136063,6.00000000,-0.16274413,0.27070314,-0.17811684,-2.40628076,0.18626614,0.07000000,0.00366300,0.24296549,-0.23999999,0.23999999,-0.01229746,4.22544241,-5.02305746,-2.38047647,-0.20663609,0.00122106,0.17092347,
16150,-3.10391140,0.35085738,20.53136063,6.00000000,-0.26103514,0.32871094,0.05147910,-2.38809609,0.01209539,0.07000000,0.00366300,0.26394409,-0.23999999,0.23999999,-0.01229746,1.87099290,-2.75063896,-2.35070086,0.04855868,0.00122106,-0.00300883,
16158,-4.37164116,-0.11002646,6.41335249,6.00000000,-0.26909178,0.34321290,0.06191385,-1.58926857,-0.16612306,0.07000000,0.00366300,0.20239118,-0.01788833,0.04448088,-0.01229746,-0.32288590,-0.32986721,-1.60005414,0.20316675,0.00122106,-0.12310773,
16166,-6.34685755,3.92061210,-1.17507005,6.00000000,-0.07412110,0.08862305,0.35554615,-0.64289039,-0.23768985,0.07000000,0.00366300,-0.04052040,0.23999999,-0.23999999,-0.01229746,-0.97738439,1.08035886,-0.65595859,0.46732777,0.00122106,-0.12752941,
16174,-5.46459436,-1.57288373,-8.69286346,6.00000000,0.21269532,-0.27714843,0.77870268,0.02087593,-0.22978312,0.07000000,0.00549451,-0.01363139,0.23999999,-0.23999999,-0.01229746,-0.09075712,0.15184364,0.02268583,0.81045932,0.00122106,-0.00697419,
16182,-3.77309060,-1.16227806,-6.79426146,6.00000000,0.25297850,-0.31420898,0.38830197,0.41779673,-0.13369407,0.07000000,0.00549451,0.06120794,0.23999999,-0.23999999,-0.01229746,2.12930179,-2.29685330,0.41848755,0.88618404,0.00122106,0.20165174,
16189,-2.09714961,-0.97433329,0.28898433,5.00000000,0.25942382,-0.34321290,0.10520608,0.40235522,-0.00526018,0.07000000,0.00549451,0.19306740,0.23999999,-0.23999999,-0.01229746,4.06487179,-4.65130234,0.40753704,0.59260267,0.00122106,0.36403134,
16198,-0.93117326,-3.57204223,7.21062136,6.00000000,0.25781250,-0.39477539,-0.63596368,0.43615904,-0.12274944,0.07000000,0.00549451,-0.01109041,0.23999999,-0.23999999,-0.01229746,6.46993589,-6.41233969,0.43192309,0.47027564,0.00122106,0.52273464,
16206,2.49971771,3.00482988,19.92143822,6.00000000,0.29970703,-0.41249999,-0.21553139,0.24988341,0.47952801,0.07000000,0.00549451,-0.30046627,0.16664675,-0.20955119,-0.01229746,8.28682327,-7.25882435,0.25242057,-0.10046288,0.00122106,0.61044800,
16214,5.78695679,-2.82385397,20.53136063,6.00000000,0.27553710,-0.37060547,-0.49045163,-0.98402101,0.41604561,0.07000000,0.00549451,0.00492847,-0.23999999,0.23999999,-0.01229746,8.01804256,-8.01455212,-0.98182452,-0.41653249,0.00122106,0.53838539,
16222,4.75864697,2.01243329,20.53136063,6.00000000,-0.15307617,0.19658203,-0.35872978,-2.13412905,0.32526743,0.07000000,0.00549451,0.13814202,-0.23999999,0.23999999,-0.01229746,6.60432577,-6.97084475,-2.10127306,-0.07984537,0.00122106,0.35566068,
16230,-3.63183284,-0.04777721,20.53136063,6.00000000,-0.25297850,0.33193359,-0.04841646,-2.57060575,0.14573935,0.07000000,0.00549451,0.31238908,-0.16426253,0.20450410,-0.01229746,4.20624352,-5.21155310,-2.53750753,0.11734316,0.00122106,0.16361371,
16238,-1.49620485,1.46535826,9.29956245,6.00000000,-0.18208008,0.28681642,-0.15562014,-1.77276230,-0.01925006,0.07000000,0.00549451,0.13639504,-0.20398208,0.22088170,-0.01229746,2.19213343,-2.63195658,-1.76881468,0.03870425,0.00122106,0.04665486,
16246,-5.23834229,1.39712346,0.67804211,6.00000000,-0.22075196,0.28681642,0.13736697,-1.21048045,-0.13938552,0.07000000,0.00549451,-0.00824468,0.23999999,-0.23999999,-0.01229746,0.21816616,-0.20071286,-1.22932041,0.37465733,0.00122106,-0.07830317,
16254,-5.16412210,2.02560139,-7.39281178,6.00000000,0.22880860,-0.26586914,0.75497133,-0.15434094,-0.21706635,0.07000000,0.00549451,-0.09147842,0.23999999,-0.23999999,-0.01229746,0.08203048,0.19024087,-0.17965817,0.60318941,0.00122106,-0.01622574,
16261,-4.48656273,-2.54492950,-10.23472881,5.00000000,0.24975586,-0.31904298,0.74724907,0.31705657,-0.19134016,0.07000000,0.00549451,0.09600197,0.23999999,-0.23999999,-0.01229746,1.81165183,-2.08566856,0.31366307,0.91616213,0.00122106,0.17028990,
16270,-1.52613246,-0.70019716,-4.21570635,6.00000000,0.27714843,-0.33837891,0.24909888,0.59221697,-0.01067672,0.07000000,0.00366300,0.06333572,0.23999999,-0.23999999,-0.01229746,4.21671581,-4.43139076,0.59762400,0.62985349,0.00122106,0.37469810,
16278,-0.87490952,-2.65626001,6.06738997,6.00000000,0.27553710,-0.33515626,-0.21773367,0.32530609,0.20129783,0.07000000,0.00366300,0.14280592,0.23999999,-0.23999999,-0.01229746,6.35648918,-6.79805756,0.32723969,0.34137452,0.00122106,0.52446508,
16286,-5.04680586,-1.78836191,14.00776005,6.00000000,0.27714843,-0.37382811,-0.99465406,0.37724450,0.09771937,0.07000000,0.00549451,-0.02400264,0.23999999,-0.23999999,-0.01229746,8.50673485,-8.40725136,0.37199178,0.84183955,0.00122106,0.67318380,
16294,7.83639336,-0.58766967,13.65940380,6.00000000,0.35610351,-0.38671875,-0.12978572,0.10130786,0.40775922,0.07000000,0.00549451,-0.21315320,-0.23999999,0.23999999,-0.01229746,9.79827881,-9.09142017,0.08212948,-0.75587440,0.00122106,0.72732353,
16302,3.77822137,-0.89652169,20.53136063,6.00000000,-0.15307617,0.19174805,-0.72964090,-1.26099837,0.44039088,0.07000000,0.00549451,-0.13959974,0.01559529,-0.03711620,-0.01229746,8.44390297,-7.99360800,-1.26032484,-0.00405598,0.00122106,0.52855748,
16310,-1.91997862,0.58189785,20.53136063,6.00000000,0.01611328,-0.01450195,-0.07531459,-1.97894084,0.25882021,0.07000000,0.00549451,0.13538355,-0.23999999,0.23999999,-0.01229746,6.91673946,-7.36005354,-1.96030343,-0.08242981,0.00122106,0.39644206,
16318,5.40627861,1.43662786,9.96754456,6.00000000,-0.19819336,0.23686524,-0.02954002,-1.68531048,-0.06580917,0.07000000,0.00549451,0.27536201,-0.23999999,0.23999999,-0.01229746,4.51516676,-5.41924715,-1.67977953,-0.49490809,0.00122106,0.25389606,
16326,-6.84724569,0.96616721,10.94318199,6.00000000,-0.27231446,0.37543947,0.31000265,-1.63866377,-0.14243460,0.07000000,0.00549451,0.33997846,0.20772633,-0.16321528,-0.01229746,2.68606162,-3.77514720,-1.63789821,0.28775471,0.00122106,0.12047433,
16333,-4.35488176,2.47331715,-0.50110221,5.00000000,0.17241211,-0.17885742,0.18283480,-0.32678315,-0.31478509,0.07000000,0.00549451,0.22727178,0.23999999,-0.23999999,-0.01229746,1.97222209,-2.74016690,-0.34101069,0.33356866,0.00122106,0.15383165,
16342,-2.64183044,-0.37099445,-8.90474987,6.00000000,0.24975586,-0.30454102,0.71627694,0.11141219,-0.27483636,0.07000000,0.00549451,0.25357330,0.23999999,-0.23999999,-0.01229746,3.73849511,-4.53262043,0.10124859,0.35502541,0.00122106,0.31999803,
16350,-3.11827660,-2.19537616,-5.83179235,6.00000000,0.28359374,-0.34804687,0.43358791,0.39239410,-0.28733307,0.07000000,0.00549451,0.28230563,0.23999999,-0.23999999,-0.01229746,5.89223146,-6.87659740,0.38784605,0.48243740,0.00122106,0.51648188,
16358,-1.22805429,-2.81068587,0.45538136,6.00000000,0.24169922,-0.36254883,0.16016887,0.29231840,-0.14057645,0.07000000,0.00549451,0.30914295,0.23999999,-0.23999999,-0.01229746,8.04073238,-9.09491062,0.29008698,0.38326323,0.00122106,0.67553264,
16366,0.41077676,0.19882557,9.08647823,6.00000000,0.26748046,-0.39155275,-0.07353581,0.31270435,0.08718938,0.07000000,0.00549451,0.08066466,0.23999999,-0.23999999,-0.01229746,10.29046059,-10.56447792,0.31303236,0.20949480,0.00122106,0.81451851,
16374,3.17847395,-2.68259621,14.80502892,6.00000000,0.31904298,-0.42055663,-0.46006802,-0.23470619,0.38799998,0.07000000,0.00366300,-0.06386419,0.23999999,-0.23999999,-0.01229746,11.35860252,-11.12298298,-0.22859272,-0.06311372,0.00122106,0.83873767,
16382,6.52676487,-2.14270377,20.53136063,6.00000000,0.35288087,-0.45117188,-0.75732547,-1.33079433,0.51105177,0.07000000,0.00366300,-0.15007910,-0.23999999,0.23999999,-0.01229746,12.25395584,-11.79668045,-1.34978509,-0.39695114,0.00122106,0.81057489,
16390,7.89505148,2.56309962,20.53136063,6.00000000,-0.12729493,0.20463867,-0.48376736,-2.64486384,0.46382192,0.07000000,0.00549451,0.03639103,-0.23999999,0.23999999,-0.01229746,11.16487122,-11.30624294,-2.62167406,-0.47183841,0.00122106,0.65933794,
16398,-3.06201291,-0.75406671,20.53136063,6.00000000,-0.23364258,0.33354491,-0.19456200,-3.06582975,0.14612341,0.07000000,0.00549451,0.25325650,-0.05167130,0.08295667,-0.01229746,8.69872093,-9.54171562,-3.03089046,0.16780388,0.00122106,0.46531582,
16405,-1.41959047,2.70675182,13.90361214,5.00000000,-0.07250977,0.14663085,-0.03058504,-2.29353428,-0.14962007,0.07000000,0.00549451,0.21752031,-0.22103272,0.23999999,-0.01229746,6.88881493,-7.60963535,-2.26671100,-0.02013274,0.00122106,0.37620303,
16414,-3.93230510,-0.29916838,0.50206828,6.00000000,-0.24008790,0.31582031,0.37656498,-1.72303367,-0.29580143,0.07000000,0.00366300,0.24190220,0.12999517,-0.09901929,-0.01229746,5.15744781,-5.93586493,-1.75310767,0.19697599,0.00122106,0.28932428,
16422,-4.83132792,3.51599193,-2.58046651,6.00000000,0.09829102,-0.09990235,0.50223643,-0.87240952,-0.40135893,0.07000000,0.00366300,-0.05876464,0.23999999,-0.23999999,-0.01229746,4.55007362,-4.35459661,-0.89273691,0.28443745,0.00122106,0.27193832,
16430,-4.54162931,-1.59921992,-7.56639147,6.00000000,0.27070314,-0.30615234,0.79339135,-0.33272111,-0.32627660,0.07000000,0.00366300,-0.01037678,0.23999999,-0.23999999,-0.01229746,5.77005863,-5.74736881,-0.35316813,0.65713966,0.00122106,0.41260478,
16438,-0.82343423,0.15453283,-4.93157244,6.00000000,0.25781250,-0.32709962,0.21236189,-0.04409975,-0.16725823,0.07000000,0.00366300,-0.06119166,0.23999999,-0.23999999,-0.01229746,8.08785534,-7.89761496,-0.09312639,0.46739849,0.00122106,0.60309291,
16446,-2.38804507,-2.05411816,4.62488365,6.00000000,0.28842774,-0.31582031,0.02858378,-0.18533014,-0.01837677,0.07000000,0.00549451,0.07118824,0.23999999,-0.23999999,-0.01229746,10.24682808,-10.50339127,-0.18516907,0.48573494,0.00122106,0.77823812,
16454,1.19368076,-2.22650075,6.61326790,6.00000000,0.26264650,-0.36577147,-0.96037000,-0.12230226,-0.01415726,0.07000000,0.00549451,-0.16855101,0.23999999,-0.23999999,-0.01229746,12.45641518,-11.93107033,-0.12498200,0.19703737,0.00122106,0.91852033,
16462,7.52514696,2.65168524,14.04726410,6.00000000,0.33837891,-0.40283203,-0.21058130,-0.43485853,0.28458920,0.07000000,0.00366300,-0.24136612,-0.23999999,0.23999999,-0.01229746,13.68163681,-12.92416286,-0.43825877,-0.53162593,0.00122106,0.97753072,
16470,9.44170570,-0.19142932,20.53136063,6.00000000,-0.10634766,0.19335937,-0.50420779,-1.81222200,0.21081012,0.07000000,0.00366300,-0.16654727,-0.23999999,0.23999999,-0.01229746,12.65014648,-12.11258507,-1.80267334,-0.65065932,0.00122106,0.80759251,
16477,1.20684886,1.63295233,20.53136063,5.00000000,-0.24975586,0.34160155,0.01878559,-2.41553760,0.01056453,0.07000000,0.00366300,-0.05044282,-0.23999999,0.23999999,-0.01229746,10.60636616,-10.42834187,-2.39199066,-0.20812520,0.00122106,0.61871552,
16486,1.90475857,0.63935870,18.13296890,6.00000000,-0.26586914,0.31743163,0.13802269,-1.73508489,-0.29459208,0.07000000,0.00366300,-0.09128471,-0.23999999,0.23999999,-0.01229746,7.61487150,-7.48920774,-1.79990149,-0.40759093,0.00122106,0.44009897,
16494,-3.97779489,-0.42366689,9.18703461,6.00000000,-0.26586914,0.35126954,0.20546971,-1.18841302,-0.39069182,0.07000000,0.00366300,-0.12312689,0.20798849,-0.22653985,-0.01229746,5.69675446,-5.28485680,-1.19328189,0.18943402,0.00122106,0.32925409,
16502,-4.32615137,3.21791387,0.26983073,6.00000000,0.15629883,-0.26425782,0.28906837,-0.19077902,-0.44427630,0.07000000,0.00366300,-0.29903993,0.23999999,-0.23999999,-0.01229746,5.24296904,-4.27082062,-0.20741904,0.35731080,0.00122106,0.34650895,
16510,-2.64542174,-0.90131015,-8.68687820,6.00000000,0.26748046,-0.32871094,0.73893791,0.35429218,-0.33136174,0.07000000,0.00366300,-0.12255187,0.23999999,-0.23999999,-0.01229746,6.91150379,-6.53276730,0.35057774,0.67210627,0.00122106,0.54038286,
16518,-2.98898959,-0.99827528,-4.51139021,6.00000000,0.28359374,-0.32709962,0.29635641,0.56836599,-0.29815465,0.07000000,0.00366300,-0.09912077,0.23999999,-0.23999999,-0.01229746,9.06698513,-8.73362732,0.57546914,0.70050728,0.00122106,0.72026676,
16526,-0.50141406,-2.58563113,0.77620441,6.00000000,0.29809570,-0.35288087,0.13989112,0.44344163,-0.21091653,0.07000000,0.00366300,-0.10430647,0.23999999,-0.23999999,-0.01229746,11.07934952,-10.76868153,0.47616383,0.37079740,0.00122106,0.86907083,
16534,1.48457623,-1.57408082,5.41257620,6.00000000,0.33193359,-0.36738282,-0.41212025,0.16848135,-0.04263965,0.07000000,0.00366300,-0.07133436,0.23999999,-0.23999999,-0.01229746,12.69552517,-12.43547058,0.16033015,0.05264056,0.00122106,0.96938169,
16542,5.49127293,-1.86258209,13.87368488,6.00000000,0.31098634,-0.38510743,-0.62919509,-0.35096005,0.22288425,0.07000000,0.00366300,-0.34893459,-0.08513162,0.03460383,-0.01229746,14.74977684,-13.65371037,-0.35090369,-0.34632567,0.00122106,1.05406284,
16549,10.33953094,-0.65470737,17.38358498,5.00000000,0.00966797,-0.06606445,-0.59518445,-1.38103497,0.29266953,0.07000000,0.00366300,-0.17982362,-0.23999999,0.23999999,-0.01229746,14.23665047,-13.64672947,-1.37348735,-0.92288959,0.00122106,0.95852470,
16558,6.86195326,0.83328903,20.53136063,6.00000000,-0.23203126,0.29809570,-0.18225026,-2.36428189,0.03115306,0.07000000,0.00366300,-0.05306818,-0.23999999,0.23999999,-0.01229746,12.37438393,-12.21206856,-2.34414935,-0.42564803,0.00122106,0.75928485,
16566,2.11425138,-0.61400592,20.53136063,6.00000000,-0.25781250,0.36093751,0.18936865,-2.17947221,-0.29634243,0.07000000,0.00366300,0.11393931,-0.23999999,0.23999999,-0.01229746,9.63945293,-9.97804737,-2.13342237,-0.38034075,0.00122106,0.58263958,
16574,-0.52296191,0.17248935,11.60398197,6.00000000,-0.27231446,0.31259766,0.19044445,-1.54340649,-0.36159757,0.07000000,0.00366300,-0.24151714,-0.23999999,0.23999999,-0.01229746,7.73704433,-6.96735477,-1.53781748,-0.22177052,0.00122106,0.44181186,
16582,-3.96582389,0.14256182,4.40581417,6.00000000,-0.26586914,0.30131835,0.27948013,-0.74085414,-0.35481188,0.07000000,0.00366300,-0.43992770,0.23999999,-0.23999999,-0.01229746,5.59901619,-4.16784620,-0.75378066,0.22756633,0.00122106,0.31397328,
16590,-3.34931707,-0.37578285,-2.68461418,6.00000000,0.23041992,-0.26909178,0.51683217,0.03344475,-0.31115258,0.07000000,0.00549451,-0.55824149,0.23999999,-0.23999999,-0.01229746,5.04749250,-3.23933125,0.02290928,0.43452972,0.00122106,0.31850100,
16598,-2.93392301,-1.66984892,-7.56639147,6.00000000,0.26586914,-0.33676758,0.30037633,0.49763906,-0.27974060,0.07000000,0.00549451,-0.47849646,0.23999999,-0.23999999,-0.01229746,7.06683826,-5.51698589,0.50461853,0.63113034,0.00122106,0.51883715,
16606,-0.51697642,0.27424291,-3.53335857,6.00000000,0.25942382,-0.32065430,0.24102618,0.65647244,-0.25884616,0.07000000,0.00366300,-0.45836467,0.23999999,-0.23999999,-0.01229746,9.17694092,-7.69864750,0.66452193,0.47117084,0.00122106,0.69730735,
16614,-3.04525328,-2.77836418,6.51630306,6.00000000,0.25297850,-0.34804687,-0.22287919,0.62738150,-0.21039149,0.07000000,0.00366300,-0.29091579,0.23999999,-0.23999999,-0.01229746,11.39001846,-10.45975780,0.63916165,0.41761464,0.00122106,0.88172597,
16621,5.27340031,1.62576973,7.94324732,5.00000000,0.28198242,-0.38833007,-0.44381374,0.44447556,0.04884790,0.07000000,0.00366300,-0.38610661,0.01031789,-0.06536111,-0.01229746,13.00793839,-11.69545078,0.44315648,-0.34891009,0.00122106,0.97502315,
16630,8.16679287,-0.47274801,12.63109398,6.00000000,0.08540039,-0.17724609,-0.66622001,-0.43965551,0.15617101,0.07000000,0.00549451,-0.42253301,-0.23999999,0.23999999,-0.01229746,13.27672005,-11.91885376,-0.44353732,-0.80852646,0.00122106,0.92569733,
16638,6.67400837,1.70118713,20.53136063,6.00000000,-0.21269532,0.27392578,-0.33537164,-1.48497128,0.08606013,0.07000000,0.00549451,-0.29740342,-0.23999999,0.23999999,-0.01229746,12.14923668,-11.19105148,-1.48229301,-0.55689359,0.00122106,0.77665210,
16646,5.54514217,-0.62477982,20.53136063,6.00000000,-0.27392578,0.32226563,0.07197265,-1.49366283,-0.21626866,0.07000000,0.00549451,-0.29338980,-0.23999999,0.23999999,-0.01229746,9.82096767,-8.88023472,-1.46905744,-0.62557441,0.00122106,0.60069370,
16654,0.42155066,0.86920202,18.34365845,6.00000000,-0.26909178,0.35932618,0.30895361,-1.01139379,-0.35977626,0.07000000,0.00549451,-0.51928616,-0.06651045,-0.00645715,-0.01229746,8.02153301,-6.38615942,-0.99917245,-0.05966401,0.00122106,0.47290388,
16662,-1.66499615,-1.97870088,7.42729664,6.00000000,-0.09184571,0.03061523,0.11851858,-0.28842658,-0.37681878,0.07000000,0.00549451,-0.49850211,0.12469576,-0.19436990,-0.01229746,6.53102207,-4.92531919,-0.28474426,0.00800140,0.00122106,0.41367289,
16670,-2.65140724,1.67724514,1.20356941,6.00000000,0.10795899,-0.23525390,0.13224840,0.29049009,-0.33093038,0.07000000,0.00549451,-0.37052613,0.23999999,-0.23999999,-0.01229746,6.59036350,-5.40004873,0.27964351,0.26026249,0.00122106,0.47852427,
16678,-2.40959287,-1.39571273,-3.36815882,6.00000000,0.24814454,-0.31259766,0.36528227,0.66104627,-0.29110572,0.07000000,0.00549451,-0.16820091,0.23999999,-0.23999999,-0.01229746,8.01629734,-7.46826363,0.66949308,0.49368626,0.00122106,0.63810533,
16686,-1.45789766,-1.94997048,-2.53976488,6.00000000,0.28198242,-0.36577147,0.17294636,0.74426287,-0.27409148,0.07000000,0.00549451,-0.08331621,0.23999999,-0.23999999,-0.01229746,9.82445908,-9.58360291,0.75774372,0.45227462,0.00122106,0.79553628,
16693,0.40479127,-1.96433568,1.90028214,5.00000000,0.29326171,-0.35449219,-0.08459523,0.56576949,-0.19238198,0.07000000,0.00549451,-0.09849600,0.23999999,-0.23999999,-0.01229746,11.68672466,-11.38478279,0.56266356,0.21084084,0.00122106,0.92124623,
16702,4.49887609,-1.79913580,7.10886765,6.00000000,0.29487306,-0.38510743,-0.44083449,0.08597472,-0.03833580,0.07000000,0.00366300,-0.09790397,0.10301203,-0.11908275,-0.01229746,13.39889336,-13.08124256,0.07294554,-0.26306522,0.00122106,1.01660132,
16710,9.96483898,-0.26086116,11.75481606,6.00000000,0.17563477,-0.22397462,-0.62471414,-0.72555435,0.03369487,0.07000000,0.00366300,0.09516089,-0.23999999,0.23999999,-0.01229746,13.75144958,-14.04990005,-0.72563308,-0.83158302,0.00122106,1.00438809,
16718,11.60247231,2.85638952,19.60420609,6.00000000,-0.17080078,0.19980469,-0.30593029,-1.66430771,-0.05719687,0.07000000,0.00549451,-0.30015081,-0.23999999,0.23999999,-0.01229746,13.03062820,-12.08815002,-1.63830161,-0.67850178,0.00122106,0.83061045,
16726,3.83687949,-1.28917074,20.53136063,6.00000000,-0.28198242,0.36416015,0.34112722,-1.85783136,-0.18497968,0.07000000,0.00549451,-0.15383352,-0.23999999,0.23999999,-0.01229746,11.14043617,-10.63603687,-1.83140624,-0.37111178,0.00122106,0.68803394,
16734,3.07312894,-0.27762058,16.01529884,6.00000000,-0.28198242,0.32709962,-0.04088506,-0.89512146,-0.36590454,0.07000000,0.00549451,-0.28323078,-0.23999999,0.23999999,-0.01229746,8.95877457,-8.04247665,-0.87967038,-0.49104768,0.00122106,0.57947618,
16742,-1.76076412,-0.90849274,9.88374805,6.00000000,-0.28198242,0.34160155,0.00443533,-0.31263772,-0.36915052,0.07000000,0.00549451,-0.40624392,0.11067268,-0.16792122,-0.01229746,7.07556486,-5.77878523,-0.31235129,-0.02057639,0.00122106,0.46817937,
16750,-2.28509426,0.62858474,2.55509615,6.00000000,0.06606445,-0.17080078,-0.09093767,0.58541650,-0.37335661,0.07000000,0.00549451,-0.37553445,0.23999999,-0.23999999,-0.01229746,6.09643507,-4.88168621,0.57906872,0.01531461,0.00122106,0.46240160,
16758,-1.92955542,0.69442528,-2.37217093,6.00000000,0.24492188,-0.32226563,0.15601568,1.00215769,-0.38304812,0.07000000,0.00549451,-0.22845443,0.23999999,-0.23999999,-0.01229746,7.45081043,-6.70380974,1.00966966,0.30938101,0.00122106,0.61441344,
16765,-0.76597339,-0.19262642,-2.15669274,5.00000000,0.28037110,-0.37382811,0.14894159,1.12678790,-0.40783784,0.07000000,0.00549451,-0.15589182,0.23999999,-0.23999999,-0.01229746,9.26944351,-8.80867672,1.14457941,0.32584694,0.00122106,0.77754539,
16774,1.46661973,-1.12756217,1.57467067,6.00000000,0.29648438,-0.36899415,0.00830709,0.87965226,-0.29126787,0.07000000,0.00549451,-0.08255880,0.23999999,-0.23999999,-0.01229746,11.05840588,-10.78962612,0.88273430,0.08560081,0.00122106,0.89878458,
16782,4.76702690,-1.36698234,6.84909678,6.00000000,0.30292970,-0.39960939,-0.31901819,0.28052235,-0.13492736,0.07000000,0.00549451,-0.08630605,0.08885279,-0.10339507,-0.01229746,12.63443851,-12.34645939,0.29290092,-0.28751126,0.00122106,0.97345454,
16790,9.05863285,-0.13516557,11.89248276,6.00000000,0.15952149,-0.20947266,-0.40425184,-0.60907656,-0.00373397,0.07000000,0.00549451,-0.29393724,-0.23999999,0.23999999,-0.01229746,13.72875977,-12.77057457,-0.62179494,-0.71150362,0.00122106,0.96268868,
16798,10.83632851,2.05193758,18.22514725,6.00000000,-0.19497070,0.24492188,-0.25579846,-1.55549419,-0.01871833,0.07000000,0.00549451,-0.34218386,-0.23999999,0.23999999,-0.01229746,12.59778595,-11.47728443,-1.54889083,-0.86644179,0.00122106,0.79871637,
16806,4.29656601,-0.39613357,20.53136063,6.00000000,-0.26748046,0.36899415,0.14959501,-1.57818270,-0.14094628,0.07000000,0.00549451,-0.24192171,-0.23999999,0.23999999,-0.01229746,10.95543194,-10.15083408,-1.55636513,-0.39646727,0.00122106,0.68715113,
16814,3.74949098,-0.20340033,15.08634758,6.00000000,-0.26425782,0.31582031,-0.04914983,-0.60062474,-0.29448834,0.07000000,0.00549451,-0.48014259,-0.23999999,0.23999999,-0.01229746,8.87499905,-7.29547644,-0.58946180,-0.54898316,0.00122106,0.56987226,
16822,-1.53331506,-0.86898839,10.92163372,6.00000000,-0.29809570,0.32387695,-0.05782216,0.02259602,-0.31897986,0.07000000,0.00366300,-0.69686437,0.04921168,-0.14560220,-0.01229746,7.11570740,-4.87819529,0.02415293,-0.08998156,0.00122106,0.45959735,
16830,-1.28551519,0.14615312,4.55664873,6.00000000,-0.00966797,-0.14663085,0.01429631,0.85563678,-0.32259649,0.07000000,0.00366300,-0.76501465,0.22742872,-0.23999999,-0.01229746,6.20988131,-3.69486189,0.85172343,-0.05480126,0.00122106,0.44269168,
16837,-1.52493536,-0.60921752,-0.52025580,5.00000000,0.21591797,-0.31098634,0.19771616,1.34269226,-0.29142386,0.07000000,0.00366300,-0.55245185,0.23999999,-0.23999999,-0.01229746,6.99527931,-5.22377014,1.35715413,0.22034165,0.00122106,0.57144892,
16846,0.34733042,-1.50225472,-0.22217771,6.00000000,0.30615234,-0.34160155,0.06771266,1.41933465,-0.25035837,0.07000000,0.00366300,-0.41291741,0.23999999,-0.23999999,-0.01229746,8.82787514,-7.50840664,1.44362617,0.19020078,0.00122106,0.73752248,
16854,2.83969450,-0.98750138,3.70551014,6.00000000,0.29809570,-0.37705079,-0.25496066,1.01478744,-0.14037853,0.07000000,0.00366300,-0.37147823,0.23999999,-0.23999999,-0.01229746,10.58891296,-9.40383339,1.02953124,-0.12646340,0.00122106,0.83898705,
16862,5.97370434,-0.61520302,7.37582159,6.00000000,0.31743163,-0.38994139,-0.37178662,0.33072647,-0.07520362,0.07000000,0.00366300,-0.30735219,-0.23728564,0.19307512,-0.01229746,11.99215698,-11.01477242,0.33245844,-0.49594155,0.00122106,0.90298891,
16870,9.79844189,1.05116141,10.97789764,6.00000000,-0.14663085,0.13696289,-0.32316235,-0.66654450,-0.09155495,0.07000000,0.00366300,-0.24697104,-0.23999999,0.23999999,-0.01229746,11.59771252,-10.80358791,-0.67169291,-0.83165151,0.00122106,0.80312163,
16878,6.11376524,1.94060731,20.53136063,6.00000000,-0.30131835,0.35449219,-0.02788718,-1.12106597,-0.19744112,0.07000000,0.00366300,-0.36189908,-0.23999999,0.23999999,-0.01229746,10.55924225,-9.39510727,-1.11409295,-0.56900930,0.00122106,0.67513543,
16886,4.67963839,-0.78878266,19.45576668,6.00000000,-0.28037110,0.32065430,0.18996783,-0.25777724,-0.31502745,0.07000000,0.00366300,-0.47421610,-0.23999999,0.23999999,-0.01229746,8.40375996,-6.86263466,-0.24232626,-0.48779473,0.00122106,0.56263542,
16894,1.10988367,-1.45437074,14.45188427,6.00000000,-0.29648438,0.32548827,-0.14571008,0.25631541,-0.33199745,0.07000000,0.00366300,-0.64136648,-0.22380394,0.13510518,-0.01229746,6.64446878,-4.57101727,0.26169115,-0.31685087,0.00122106,0.44836694,
16902,-0.15545194,0.18805166,8.47954845,6.00000000,-0.25942382,0.20302734,-0.19880247,1.01643431,-0.29422596,0.07000000,0.00366300,-0.70487583,-0.08110638,-0.01568727,-0.01229746,4.83107138,-2.55865288,1.01338506,-0.27489260,0.00122106,0.35770708,
16909,-1.20890069,-0.19741482,5.25575590,5.00000000,-0.12890625,-0.00161133,-0.14428195,1.51722300,-0.32340270,0.07000000,0.00366300,-0.57327634,0.18008269,-0.23999999,-0.01229746,3.59886885,-1.75929189,1.52261329,-0.14307639,0.00122106,0.31949934,
16918,-1.40163398,-0.21537134,3.53432465,6.00000000,0.16274413,-0.28842774,0.06096084,2.05135155,-0.30871588,0.07000000,0.00549451,-0.27694303,0.23999999,-0.23999999,-0.01229746,3.95491624,-3.05956221,2.06406379,0.09010923,0.00122106,0.42426509,
16926,0.02291609,-0.67266387,3.26617408,6.00000000,0.27070314,-0.33999023,0.05322798,2.09801340,-0.27554417,0.07000000,0.00549451,-0.25912067,0.23999999,-0.23999999,-0.01229746,5.86430645,-5.00734949,2.11748099,0.17457809,0.00122106,0.57567370,
16934,3.78660107,-1.40289533,4.78649235,6.00000000,0.28681642,-0.35126954,0.05933100,1.70567966,-0.16923563,0.07000000,0.00549451,-0.17196143,0.23999999,-0.23999999,-0.01229746,7.45081043,-6.90452242,1.72191799,-0.15220173,0.00122106,0.67519784,
16942,5.98208427,-1.39690983,8.15513420,6.00000000,0.29809570,-0.36416015,-0.30082667,0.86639786,-0.09087665,0.07000000,0.00549451,-0.16558388,-0.14145017,0.11689028,-0.01229746,9.16996002,-8.63588905,0.84326673,-0.44571346,0.00122106,0.74152380,
16950,7.94892073,0.61781085,11.04134464,6.00000000,-0.09345703,0.07895508,-0.24588425,-0.15453306,-0.01053973,0.07000000,0.00549451,-0.20632729,-0.23999999,0.23999999,-0.01229746,9.31656742,-8.64636135,-0.15998298,-0.61132181,0.00122106,0.67185867,
16958,5.52838278,0.91349477,18.50526810,6.00000000,-0.27714843,0.34965819,-0.09442534,-0.92507523,-0.00651237,0.07000000,0.00549451,-0.37202734,-0.23999999,0.23999999,-0.01229746,8.48579121,-7.27104187,-0.92420566,-0.57431376,0.00122106,0.52863634,
16966,1.85807168,-0.31832200,17.46498680,6.00000000,-0.29003906,0.33676758,0.10790558,-0.35420367,-0.06470694,0.07000000,0.00366300,-0.45920739,-0.23999999,0.23999999,-0.01229746,6.71951771,-5.27263975,-0.34477454,-0.31340778,0.00122106,0.43359977,
16974,1.32895315,-0.74927831,12.37611198,6.00000000,-0.29326171,0.34965819,-0.01508737,0.23633300,-0.12615353,0.07000000,0.00366300,-0.59130204,-0.23999999,0.22089107,-0.01229746,4.71937037,-2.86059451,0.23892972,-0.32868227,0.00122106,0.30652750,
16981,-0.84019363,0.46937037,8.85902977,5.00000000,-0.28842774,0.29648438,-0.08645806,0.94703519,-0.17049786,0.07000000,0.00366300,-0.79463238,-0.04185955,-0.06687322,-0.01229746,3.21315122,-0.61435592,0.94405878,-0.18911798,0.00122106,0.21804295,
16990,-1.75956702,-0.35662922,6.26970005,6.00000000,-0.08862305,-0.03222656,0.25499985,1.68138254,-0.14708304,0.07000000,0.00366300,-0.71159077,0.23999999,-0.23999999,-0.01229746,2.11184835,0.15009832,1.68676448,0.04818708,0.00122106,0.20445727,
16998,-0.83899653,-1.32029545,4.22984028,6.00000000,0.22719726,-0.29326171,0.16050197,2.05942750,-0.12944090,0.07000000,0.00366300,-0.41809082,0.23999999,-0.23999999,-0.01229746,2.86757612,-1.49749255,2.07784247,0.15721710,0.00122106,0.32537907,
17006,1.13981116,-1.73090100,3.03393650,6.00000000,0.29003906,-0.35126954,-0.03838029,2.12291694,-0.05517667,0.07000000,0.00366300,-0.35370648,0.23999999,-0.23999999,-0.01229746,4.45931625,-3.31088948,2.14664841,0.08229648,0.00122106,0.45965794,
17014,4.13495731,-0.52661753,6.42771769,6.00000000,0.29809570,-0.38188475,-0.20977278,1.43508220,0.04884835,0.07000000,0.00366300,-0.22454414,0.15886144,-0.19046856,-0.01229746,5.98647928,-5.26042223,1.44552541,-0.23600063,0.00122106,0.53999519,
17022,6.93737078,-0.02383520,8.78600597,6.00000000,0.22880860,-0.29648438,-0.22750369,0.49105462,0.07364371,0.07000000,0.00366300,-0.13424371,-0.23999999,0.23999999,-0.01229746,7.27104187,-6.82423735,0.48876458,-0.54381883,0.00122106,0.57242835,
17030,8.13806248,1.74907112,12.00860119,6.00000000,-0.18530273,0.23847656,-0.00826383,-0.48649341,0.06105114,0.07000000,0.00366300,-0.30014241,-0.23999999,0.23999999,-0.01229746,6.93244791,-5.96029949,-0.49120340,-0.63377112,0.00122106,0.45527238,
17038,0.36648405,-0.79117686,20.53136063,6.00000000,-0.30937499,0.38671875,0.19416413,-0.68692893,0.03083214,0.07000000,0.00366300,-0.36689544,-0.13698238,0.08544436,-0.01229746,5.83812618,-4.68097305,-0.67897636,-0.11813372,0.00122106,0.34615299,
17046,2.77983928,-0.07052213,13.61151981,6.00000000,-0.16274413,0.13374023,0.03604534,0.15233004,-0.01736096,0.07000000,0.00366300,-0.42920381,-0.23999999,0.23999999,-0.01229746,4.22369671,-2.83615994,0.15455198,-0.45044205,0.00122106,0.28271708,
17053,-0.58880246,-0.55893928,10.52539349,5.00000000,-0.26909178,0.33837891,-0.02774137,0.52744305,-0.04370807,0.07000000,0.00366300,-0.35367671,0.04969719,-0.09858540,-0.01229746,2.88502932,-1.74707460,0.52857816,-0.09243467,0.00122106,0.21663630,
17062,-1.95349741,0.89314407,8.49271679,6.00000000,0.00000000,-0.07734375,-0.08554545,1.15744817,-0.05472324,0.07000000,0.00366300,-0.44293112,0.22171143,-0.23999999,-0.01229746,2.41902637,-1.00530958,1.15542316,-0.04169768,0.00122106,0.21850491,
17070,0.09474214,-0.10643516,1.99844432,6.00000000,0.24008790,-0.33515626,0.24926192,1.59590530,-0.03557640,0.07000000,0.00366300,-0.20840141,0.23999999,-0.23999999,-0.01229746,3.09970474,-2.43647981,1.60863996,0.11659776,0.00122106,0.33407146,
17078,2.29501343,-1.41366923,1.77817786,6.00000000,0.27392578,-0.33032227,0.01766183,1.23615599,-0.02703625,0.07000000,0.00366300,-0.07378449,0.23999999,-0.23999999,-0.01229746,4.59545183,-4.36506844,1.25578392,-0.03704530,0.00122106,0.43725628,
17086,4.30135441,-0.87736809,4.14843750,6.00000000,0.29003906,-0.34804687,-0.10350857,0.69638741,0.01040664,0.07000000,0.00366300,0.09314778,0.00966325,0.00167523,-0.01229746,5.97775269,-6.28842115,0.68540817,-0.25910640,0.00122106,0.51971239,
17094,6.08742905,0.45380804,8.01507282,6.00000000,0.05317383,-0.06928711,-0.15074745,-0.09241702,0.03367516,0.07000000,0.00366300,0.05680345,-0.23999999,0.23999999,-0.01229746,6.82598305,-7.02320480,-0.09132499,-0.40236700,0.00122106,0.52065378,
17102,6.01201153,0.84406292,13.60553455,6.00000000,-0.23525390,0.25781250,-0.04697867,-0.72632945,0.05208436,0.07000000,0.00366300,-0.30720139,-0.23999999,0.23999999,-0.01229746,6.25176954,-5.24645996,-0.72481275,-0.56564504,0.00122106,0.38235611,
17110,0.66575927,-1.14432156,20.53136063,6.00000000,-0.28520507,0.37382811,0.21280317,-0.61078882,0.06627324,0.07000000,0.00366300,-0.22858223,-0.20400482,0.17144096,-0.01229746,4.87121391,-4.14864779,-0.59848195,-0.16868651,0.00122106,0.29892066,
17118,3.50767660,0.42028922,14.84453392,6.00000000,-0.25297850,0.23686524,-0.21272045,0.23336151,-0.00839180,0.07000000,0.00366300,-0.37959546,-0.23999999,0.23999999,-0.01229746,2.97404099,-1.72787595,0.23575610,-0.59185779,0.00122106,0.19876716,
17125,-0.27635911,-0.37099445,11.56687164,5.00000000,-0.27875978,0.34804687,-0.04283978,0.68862569,-0.03002017,0.07000000,0.00366300,-0.44390881,-0.08495334,0.02408061,-0.01229746,1.55508828,-0.12566370,0.68938196,-0.17385125,0.00122106,0.11612673,
17134,-1.58718455,-0.14234819,8.74291039,6.00000000,-0.12246094,0.08056641,-0.04152957,1.35483837,-0.11324152,0.07000000,0.00366300,-0.30934361,0.15829022,-0.20047706,-0.01229746,0.33859387,0.66671580,1.35578442,-0.07883105,0.00122106,0.09081603,
17142,-0.94553852,0.68125719,3.86352754,6.00000000,0.13696289,-0.23847656,0.21356992,1.86409581,-0.14334628,0.07000000,0.00366300,-0.09929861,0.23999999,-0.23999999,-0.01229746,0.56025064,-0.23561946,1.87318707,0.09533470,0.00122106,0.17263488,
17150,1.32416475,-1.23290706,0.67923921,6.00000000,0.28037110,-0.33193359,0.26499864,1.83788931,-0.09525397,0.07000000,0.00549451,0.06474370,0.23999999,-0.23999999,-0.01229746,1.67551613,-1.89891827,1.89626968,0.02004375,0.00122106,0.27902412,
17158,2.93426538,-1.95116758,3.59417987,6.00000000,0.27392578,-0.36577147,-0.08798459,1.34185266,0.00741424,0.07000000,0.00549451,0.15421620,0.23999999,-0.23999999,-0.01229746,3.38419342,-3.87114024,1.35572088,-0.10316864,0.00122106,0.37870836,
17166,4.99208164,-0.08967575,7.79360962,6.00000000,0.29003906,-0.35771483,-0.20487531,0.59791732,0.12108170,0.07000000,0.00549451,0.16928647,-0.02131341,0.04287241,-0.01229746,5.08938026,-5.62868690,0.60050762,-0.25449485,0.00122106,0.45584595,
17174,7.37790394,0.76984268,9.82149887,6.00000000,0.02900391,-0.03544922,-0.19894275,-0.36782449,0.16594027,0.07000000,0.00549451,0.11662374,-0.23999999,0.23999999,-0.01229746,5.51524067,-5.89048624,-0.36744940,-0.47284982,0.00122106,0.40667763,
17182,5.19918013,0.89553827,16.74193764,6.00000000,-0.25458986,0.31098634,0.05403761,-1.20084929,0.17291901,0.07000000,0.00549451,-0.21781217,-0.23999999,0.23999999,-0.01229746,5.07716274,-4.35285091,-1.19474268,-0.46903899,0.00122106,0.26839983,
17190,-0.54331261,-1.31790125,20.53136063,6.00000000,-0.27553710,0.38349611,0.05700164,-0.83778888,0.13670826,0.07000000,0.00549451,-0.13641956,-0.19713479,0.17699626,-0.01229746,3.59712362,-3.13810205,-0.81911683,-0.10833278,0.00122106,0.19654265,
17197,1.89039338,0.67407459,13.32660961,5.00000000,-0.25458986,0.25781250,-0.12764631,-0.22629884,0.05004915,0.07000000,0.00549451,-0.27605024,-0.23999999,0.23999999,-0.01229746,1.95127821,-1.07337749,-0.22423667,-0.41968453,0.00122106,0.09666019,
17206,-1.27234697,-0.00348448,8.84586143,6.00000000,-0.28037110,0.34482422,0.10591086,0.45727599,-0.03214597,0.07000000,0.00549451,-0.32228416,0.02385364,-0.06828928,-0.01229746,0.23736478,0.81157809,0.45645702,-0.03853297,0.00122106,0.01085207,
17214,-2.39403057,0.16530673,6.05901051,6.00000000,-0.04189453,-0.01127930,0.16062878,1.09056103,-0.07632573,0.07000000,0.00549451,-0.35925913,0.23999999,-0.23999999,-0.01229746,-0.22165681,1.39800870,1.09206486,0.08092182,0.00122106,0.02231522,
17222,-0.54331261,-0.96715069,1.74944735,6.00000000,0.23525390,-0.28681642,0.27625841,1.51701188,-0.04794166,0.07000000,0.00549451,-0.13605644,0.23999999,-0.23999999,-0.01229746,0.77667153,-0.32986721,1.53186166,0.18165353,0.00122106,0.15726598,
17230,1.90236437,-2.01221967,1.34961569,6.00000000,0.29326171,-0.33193359,-0.01604730,1.26914692,-0.00218834,0.07000000,0.00549451,0.02483515,0.23999999,-0.23999999,-0.01229746,2.34746790,-2.41902637,1.28892839,0.01413772,0.00122106,0.28122506,
17238,3.82730269,-0.70498556,5.65319347,6.00000000,0.28359374,-0.35126954,-0.16654313,0.72817969,0.05634951,0.07000000,0.00549451,0.10581210,0.06608014,-0.05291341,-0.01229746,3.97935081,-4.31968975,0.73490518,-0.17817001,0.00122106,0.37227255,
17246,6.36276197,0.04439955,9.63235664,6.00000000,0.10473633,-0.14340821,-0.25018635,-0.10676188,0.07706204,0.07000000,0.00549451,0.11178342,-0.23999999,0.23999999,-0.01229746,4.83281660,-5.20457220,-0.10759783,-0.38903180,0.00122106,0.37401807,
17254,7.66401100,1.70597553,14.50096607,6.00000000,-0.22397462,0.21914062,-0.05664331,-0.93163085,0.08115114,0.07000000,0.00549451,-0.21004806,-0.23999999,0.23999999,-0.01229746,4.19577122,-3.51334786,-0.92779553,-0.65938234,0.00122106,0.22348028,
17262,-0.31945476,-0.85582030,20.53136063,6.00000000,-0.28520507,0.38188475,0.31566516,-0.92334664,0.06837451,0.07000000,0.00549451,-0.24693291,-0.12362363,0.08854950,-0.01229746,2.98625851,-2.19038820,-0.91086376,-0.01648551,0.00122106,0.12829217,
17269,2.58471203,-0.78878266,15.84171867,5.00000000,-0.16113281,0.14663085,-0.04518844,-0.16861716,-0.00660199,0.07000000,0.00549451,-0.23608461,-0.23999999,0.23999999,-0.01229746,1.30201554,-0.54105204,-0.16080046,-0.49393433,0.00122106,0.05853694,
17278,0.35211882,-0.06812793,8.80276585,6.00000000,-0.28520507,0.33999023,-0.01028973,0.20539676,-0.01592756,0.07000000,0.00549451,-0.33017039,-0.18846954,0.14292422,-0.01229746,-0.02268928,1.10130274,0.20511697,-0.14966592,0.00122106,-0.02489823,
17286,-2.72682452,-0.49190164,7.69065905,6.00000000,-0.25458986,0.22558594,0.07859861,0.67603260,-0.02398480,0.07000000,0.00549451,-0.42782345,0.15782388,-0.21632302,-0.01229746,-1.00007367,2.40855432,0.67779958,0.06505385,0.00122106,-0.07961650,
17294,-1.86132061,-0.28959158,3.66241455,6.00000000,0.11118164,-0.21591797,0.24575594,1.35321105,0.00389589,0.07000000,0.00549451,-0.37043753,0.23999999,-0.23999999,-0.01229746,-0.84997535,2.06821513,1.35888553,0.15866113,0.00122106,-0.00792351,
17302,-0.49782279,-0.87617099,0.15371194,6.00000000,0.27714843,-0.31259766,0.17552823,1.58919251,0.02264526,0.07000000,0.00549451,-0.00191253,0.23999999,-0.23999999,-0.01229746,0.44505897,-0.44331363,1.60973537,0.26294443,0.00122106,0.15535630,
17310,2.17769766,-1.35979974,4.17597103,6.00000000,0.29165038,-0.36093751,-0.10625014,1.17151332,0.08681259,0.07000000,0.00549451,0.14680538,0.23999999,-0.23999999,-0.01229746,2.08392310,-2.59704995,1.18393350,0.00974303,0.00122106,0.26681265,
17318,4.60900927,-0.62358272,7.75530243,6.00000000,0.29970703,-0.34804687,-0.17512588,0.48075083,0.11340648,0.07000000,0.00549451,0.24623166,-0.03200094,0.06421848,-0.01229746,3.71406078,-4.50818539,0.48299956,-0.21794909,0.00122106,0.35001794,
17326,7.55148315,1.17925119,10.66306019,6.00000000,0.01611328,0.02739258,-0.20735255,-0.47406060,0.10984636,0.07000000,0.00549451,0.22764683,-0.23999999,0.23999999,-0.01229746,4.16086483,-4.89739418,-0.47248310,-0.45100790,0.00122106,0.30908111,
17334,6.23108101,1.41148877,17.50808334,6.00000000,-0.25458986,0.28520507,0.00333539,-1.28316653,0.10208470,0.07000000,0.00549451,-0.18532062,-0.23999999,0.23999999,-0.01229746,3.35277748,-2.74365759,-1.27300870,-0.57497048,0.00122106,0.13484751,
17341,-1.06644571,-1.43282294,20.53136063,5.00000000,-0.28198242,0.38027343,0.32803586,-1.08821201,0.07358894,0.07000000,0.00549451,-0.14316411,-0.11534139,0.09446178,-0.01229746,2.14151883,-1.65282679,-1.07043815,0.02411550,0.00122106,0.06545489,
17350,1.89757597,-0.23213075,12.78073215,6.00000000,-0.14663085,0.15307617,-0.10629123,-0.44393969,-0.00437460,0.07000000,0.00549451,-0.14908671,-0.23999999,0.23999999,-0.01229746,0.47996554,0.01570796,-0.44060516,-0.43109867,0.00122106,-0.01551089,
17358,-0.17939395,0.67168039,6.75931454,6.00000000,-0.28359374,0.33999023,0.10334870,-0.01989752,-0.02194257,0.07000000,0.00549451,-0.22491452,-0.15878266,0.12758859,-0.01229746,-0.68242371,1.41197145,-0.02293637,-0.08705914,0.00122106,-0.08151736,
17366,-3.04525328,-0.80314785,6.01471758,6.00000000,-0.22397462,0.20625000,0.17190573,0.47965547,-0.02296421,0.07000000,0.00549451,-0.24968837,0.19676423,-0.23098516,-0.01229746,-1.82910514,2.63893771,0.48086730,0.12552883,0.00122106,-0.13192677,
17374,-1.72963953,-0.45120019,1.94457483,6.00000000,0.14824219,-0.22558594,0.16782117,1.14111388,-0.00407617,0.07000000,0.00549451,-0.19730194,0.23999999,-0.23999999,-0.01229746,-1.44687796,2.08566856,1.14686608,0.13534883,0.00122106,-0.04749375,
17382,-0.65224880,-0.33029300,0.85760725,6.00000000,0.28037110,-0.31259766,0.07325123,1.32368112,0.03228396,0.07000000,0.00549451,0.04293120,0.23999999,-0.23999999,-0.01229746,0.33161256,-0.48345622,1.33896756,0.25568068,0.00122106,0.13458779,
17390,3.10664797,-1.47472143,4.73501682,6.00000000,0.28359374,-0.35610351,-0.04850223,0.87677121,0.08321851,0.07000000,0.00549451,0.20505142,0.16943069,-0.14238769,-0.01229746,1.94604206,-2.63370180,0.88632917,-0.08521825,0.00122106,0.24059287,
17398,5.83484077,-0.83427244,8.86501503,6.00000000,0.22880860,-0.22558594,-0.16402157,0.11980454,0.10795102,0.07000000,0.00549451,0.18285652,-0.23999999,0.23999999,-0.01229746,3.30565357,-3.90081096,0.11829871,-0.32589924,0.00122106,0.28262183,
17406,8.06863117,1.21995258,13.57321262,6.00000000,-0.20463867,0.21752930,-0.21926427,-0.79236692,0.14026500,0.07000000,0.00549451,-0.04720940,-0.23999999,0.23999999,-0.01229746,2.87804794,-2.71224165,-0.79053110,-0.56445366,0.00122106,0.15461236,
17413,4.40071392,0.53042251,20.53136063,5.00000000,-0.29326171,0.38510743,0.07736260,-1.24185407,0.14631364,0.07000000,0.00549451,-0.19381011,-0.23999999,0.23999999,-0.01229746,1.89019167,-1.22522104,-1.22958565,-0.55785710,0.00122106,0.02496778,
17422,3.45021582,-0.19142932,17.22796059,6.00000000,-0.27231446,0.35610351,0.03010819,-0.29580554,-0.00400382,0.07000000,0.00549451,-0.10251458,-0.23999999,0.23999999,-0.01229746,-0.64228117,0.97912967,-0.28402895,-0.49516726,0.00122106,-0.08339446,
17430,-0.59239376,0.33529505,11.43159866,6.00000000,-0.31420898,0.34482422,0.11176778,0.06365138,-0.03756655,0.07000000,0.00549451,-0.28570291,-0.23999999,0.21433035,-0.01229746,-1.97047675,2.89724660,0.06333724,-0.13180891,0.00122106,-0.18172687,
17438,-1.91040182,-0.62956822,6.69227695,6.00000000,-0.29809570,0.33032227,0.14866690,0.71295494,-0.08200328,0.07000000,0.00549451,-0.41388083,0.01554671,-0.07173909,-0.01229746,-3.33706951,4.68795443,0.71445274,0.01180372,0.00122106,-0.25412986,
17446,-2.87885642,0.33888635,4.17357683,6.00000000,-0.04995117,-0.01933594,0.14957088,1.36024618,-0.06699634,0.07000000,0.00549451,-0.45164421,0.23999999,-0.23999999,-0.01229746,-3.85368705,5.29532862,1.36448526,0.15592706,0.00122106,-0.24242847,
17454,-1.72365403,-1.39092433,0.04836707,6.00000000,0.21591797,-0.26425782,0.23557967,1.86404240,-0.03741138,0.07000000,0.00549451,-0.25070357,0.23999999,-0.23999999,-0.01229746,-2.60403109,3.40339208,1.88702464,0.31046110,0.00122106,-0.08469142,
17462,-0.06566937,-1.15988386,0.12737572,6.00000000,0.24814454,-0.31259766,0.05812047,1.84901416,0.00561444,0.07000000,0.00549451,-0.03766105,0.23999999,-0.23999999,-0.01229746,-0.54628801,0.66846108,1.87645602,0.25880298,0.00122106,0.09853291,
17470,2.74991179,-0.39733067,5.34673548,6.00000000,0.28842774,-0.33515626,-0.19985509,1.31657445,0.05889235,0.07000000,0.00549451,0.10026625,0.23999999,-0.23999999,-0.01229746,1.28107166,-1.59697628,1.31436682,-0.04296100,0.00122106,0.20910910,
17478,5.98208427,0.38317910,10.47032738,6.00000000,0.31904298,-0.37705079,-0.21535981,0.49969870,0.08773032,0.07000000,0.00549451,0.25342602,-0.23542239,0.23999999,-0.01229746,2.59879518,-3.42957187,0.49801135,-0.34214392,0.00122106,0.26897404,
17486,8.80963612,1.21157289,15.09951591,6.00000000,-0.17241211,0.22075196,-0.17096056,-0.65351379,0.03268379,0.07000000,0.00549451,0.25243920,-0.23999999,0.23999999,-0.01229746,2.15722704,-3.00545692,-0.65542322,-0.52509403,0.00122106,0.14608936,
17494,5.11538315,1.38754666,20.53136063,6.00000000,-0.29970703,0.35610351,0.20623001,-1.33228409,-0.02855117,0.07000000,0.00549451,-0.09068730,-0.23999999,0.23999999,-0.01229746,0.90757120,-0.63355452,-1.31789660,-0.68282104,0.00122106,-0.04383735,
17502,1.69526601,-2.61795282,18.67645264,6.00000000,-0.27714843,0.35288087,0.33139876,-0.56960839,-0.04084768,0.07000000,0.00549451,-0.08345013,-0.23999999,0.23999999,-0.01229746,-1.11701071,1.37531948,-0.55486655,-0.24619752,0.00122106,-0.13373630,
17510,0.05763201,-0.35662922,10.99106598,6.00000000,-0.31904298,0.34804687,-0.14589921,-0.27803856,-0.01567280,0.07000000,0.00549451,-0.32813209,-0.23999999,0.23999999,-0.01229746,-2.38935566,3.45575190,-0.27724925,-0.22787970,0.00122106,-0.24555118,
17518,-3.16256928,0.69322819,5.61488581,6.00000000,-0.29326171,0.36416015,0.02650212,0.54222810,0.00160691,0.07000000,0.00549451,-0.51130354,0.05080274,-0.12022558,-0.01229746,-3.75071239,5.41750193,0.53902793,0.08022811,0.00122106,-0.30528146,
17526,-2.70048833,0.52443701,1.05512893,6.00000000,0.00644531,-0.08701172,0.09993236,1.28117120,0.01950266,0.07000000,0.00366300,-0.52263540,0.23999999,-0.23999999,-0.01229746,-4.25162220,5.92539263,1.28567982,0.15875095,0.00122106,-0.28748834,
17534,-2.61669135,-0.32311040,-1.38815391,6.00000000,0.21430664,-0.27714843,0.28125268,1.68137479,-0.00060017,0.07000000,0.00366300,-0.27556729,0.23999999,-0.23999999,-0.01229746,-2.87455726,3.77165651,1.70276117,0.44113016,0.00122106,-0.12231825,
17542,-0.35177648,-0.60442913,-0.23175453,6.00000000,0.25942382,-0.32387695,0.23107904,1.66822577,0.01462042,0.07000000,0.00549451,-0.09999996,0.23999999,-0.23999999,-0.01229746,-0.70162237,1.02276289,1.69339216,0.36405745,0.00122106,0.06374389,
17550,2.51647711,-1.03059697,5.94289160,6.00000000,0.28037110,-0.36093751,-0.04023442,1.17465925,0.09198097,0.07000000,0.00549451,-0.05127107,0.23999999,-0.23999999,-0.01229746,1.23045707,-1.10304809,1.18655479,-0.01861128,0.00122106,0.18087244,
17557,4.95497179,-0.41409007,11.39688301,5.00000000,0.29165038,-0.35449219,-0.21755980,0.51566088,0.17680238,0.07000000,0.00549451,0.03892846,-0.17145523,0.17569104,-0.01229746,2.63544726,-2.73493099,0.49151772,-0.27638909,0.00122106,0.24406382,
17566,9.41896057,0.77941948,16.50610924,6.00000000,-0.09990235,0.12890625,-0.33816200,-0.76712805,0.20638865,0.07000000,0.00549451,0.09866637,-0.23999999,0.23999999,-0.01229746,2.15548158,-2.48011303,-0.77239609,-0.62617856,0.00122106,0.11778611,
17574,4.85800648,2.43620706,20.53136063,6.00000000,-0.28842774,0.33676758,0.03481001,-1.41906965,0.11152299,0.07000000,0.00549451,-0.19067773,-0.23999999,0.23999999,-0.01229746,1.03323495,-0.39968041,-1.40403247,-0.49813834,0.00122106,-0.05420616,
17582,0.92193884,-1.10960567,20.53136063,6.00000000,-0.27714843,0.34804687,0.19433324,-0.93304080,-0.00765969,0.07000000,0.00366300,-0.04365554,-0.23999999,0.23999999,-0.01229746,-1.10479343,1.26361835,-0.91192842,-0.21081012,0.00122106,-0.15914030,
17590,0.12826097,0.04918795,10.52778816,6.00000000,-0.28842774,0.37221679,0.03919950,-0.56276971,-0.07960238,0.07000000,0.00366300,-0.28706667,-0.23999999,0.23999999,-0.01229746,-2.56563401,3.45400643,-0.55462313,-0.22774355,0.00122106,-0.27040070,
17598,-3.63542414,0.33409795,4.82001114,6.00000000,-0.30615234,0.34643555,0.09997178,0.22106935,-0.15407015,0.07000000,0.00549451,-0.41028130,0.08841591,-0.14415559,-0.01229746,-4.00727606,5.35816097,0.21596950,0.15388775,0.00122106,-0.34067184,
17606,-2.67175794,0.64295000,-0.01986768,6.00000000,0.01933594,-0.11440430,0.31170294,0.89770514,-0.09453797,0.07000000,0.00549451,-0.39072147,0.23999999,-0.23999999,-0.01229746,-4.51691198,5.78751183,0.89876246,0.25722933,0.00122106,-0.32512984,
17614,-3.17214608,-0.77082610,-3.15866613,6.00000000,0.23364258,-0.29326171,0.31289867,1.34266031,-0.14524588,0.07000000,0.00366300,-0.11692724,0.23999999,-0.23999999,-0.01229746,-3.02291012,3.39466548,1.36094046,0.53991574,0.00122106,-0.13845778,
17622,-1.06883991,-1.07608688,-0.83030498,6.00000000,0.25136718,-0.30937499,0.18189082,1.36861718,-0.09034885,0.07000000,0.00366300,0.00016005,0.23999999,-0.23999999,-0.01229746,-0.64926249,0.64926249,1.38955092,0.42253104,0.00122106,0.05909273,
17629,1.71322250,-1.59682572,4.18435049,5.00000000,0.27875978,-0.34965819,-0.06625266,0.97051197,0.02207642,0.07000000,0.00366300,0.03563809,0.23999999,-0.23999999,-0.01229746,1.32819557,-1.44338727,0.98221302,0.07516557,0.00122106,0.17879702,
17638,4.53838062,-0.49190164,10.85818768,6.00000000,0.30454102,-0.37543947,-0.34873158,0.31742847,0.16410665,0.07000000,0.00366300,0.02987282,-0.10440917,0.10755441,-0.01229746,2.95833302,-3.06305289,0.31537145,-0.20903158,0.00122106,0.25530556,
17646,8.77252579,0.00489522,16.04163361,6.00000000,-0.03061523,0.03544922,-0.37098357,-0.75983477,0.25274828,0.07000000,0.00366300,0.02645884,-0.23999999,0.23999999,-0.01229746,2.82219744,-2.90248251,-0.76287651,-0.57977444,0.00122106,0.15997669,
17654,6.42142010,2.15608549,20.53136063,6.00000000,-0.24331054,0.30454102,-0.06465869,-1.65070057,0.19274631,0.07000000,0.00549451,-0.17705627,-0.23999999,0.23999999,-0.01229746,1.52018178,-0.96167642,-1.63675177,-0.59318978,0.00122106,-0.02996881,
17662,0.86687219,-1.19819117,20.53136063,6.00000000,-0.26586914,0.34804687,0.10938992,-1.37746406,0.04194032,0.07000000,0.00549451,-0.02735888,-0.23999999,0.23999999,-0.01229746,-0.59515727,0.68765974,-1.35405159,-0.19354865,0.00122106,-0.14952637,
17670,0.91715044,0.03242854,12.45751476,6.00000000,-0.28681642,0.35288087,0.07967537,-0.95184916,-0.08346429,0.07000000,0.00549451,-0.27375159,-0.23999999,0.23999999,-0.01229746,-2.10835791,2.94786096,-0.94486040,-0.30982682,0.00122106,-0.26308426,
17678,-3.91554570,-0.31473070,6.25533485,6.00000000,-0.30615234,0.35126954,0.09448748,-0.27699926,-0.15393843,0.07000000,0.00549451,-0.26720095,0.03640150,-0.07290877,-0.01229746,-3.63901138,4.50644016,-0.28243756,0.16870683,0.00122106,-0.33339572,
17686,-3.42593145,1.09305990,-0.33949360,6.00000000,-0.02094727,-0.02900391,0.21043900,0.60692471,-0.16121142,0.07000000,0.00549451,-0.30226788,0.23999999,-0.23999999,-0.01229746,-4.31096315,5.28311205,0.60087776,0.27804512,0.00122106,-0.32050732,
17694,-2.55683613,-0.58288127,-4.58920145,6.00000000,0.23686524,-0.26748046,0.41725248,1.04679215,-0.18676111,0.07000000,0.00549451,-0.11535807,0.23999999,-0.23999999,-0.01229746,-3.22013235,3.57792497,1.05967450,0.48265746,0.00122106,-0.17849180,
17701,-2.06003928,-0.16629019,-2.84502578,5.00000000,0.24331054,-0.32226563,0.27224937,1.17994535,-0.18192248,0.07000000,0.00549451,-0.02813835,0.23999999,-0.23999999,-0.01229746,-0.85521132,0.93898714,1.19788980,0.52581632,0.00122106,0.01828262,
17710,0.82736784,-2.45275283,3.63488126,6.00000000,0.26586914,-0.36093751,0.06659852,0.87809104,-0.04671768,0.07000000,0.00549451,-0.11936650,0.23999999,-0.23999999,-0.01229746,1.51669109,-1.20602250,0.90579820,0.17488146,0.00122106,0.17367372,
17718,3.60464191,-0.94081444,9.98909283,6.00000000,0.29970703,-0.35932618,-0.35248140,0.28445783,0.10492700,0.07000000,0.00549451,-0.09411494,-0.06569798,0.05171250,-0.01229746,3.13635659,-2.83092403,0.28503507,-0.16905765,0.00122106,0.24940380,
17726,8.33199310,-0.26445246,15.30661488,6.00000000,0.00805664,-0.03222656,-0.43637481,-0.65462416,0.27858692,0.07000000,0.00366300,-0.21435955,-0.23999999,0.23999999,-0.01229746,3.53603721,-2.85710382,-0.65730256,-0.60865545,0.00122106,0.19216800,
17734,6.46690989,1.58267415,20.53136063,6.00000000,-0.23847656,0.30131835,-0.30194986,-1.64138412,0.25655106,0.07000000,0.00366300,-0.26818216,-0.23999999,0.23999999,-0.01229746,2.13279223,-1.24092913,-1.63224936,-0.63545871,0.00122106,0.00528091,
17742,1.55520523,-0.42127267,20.53136063,6.00000000,-0.27070314,0.37060547,-0.00108638,-1.56566262,0.06935020,0.07000000,0.00549451,-0.12369214,-0.23999999,0.23999999,-0.01229746,0.13788101,0.26005405,-1.54209292,-0.28288868,0.00122106,-0.12082621,
17750,1.41873562,1.08587730,14.06402397,6.00000000,-0.29648438,0.34643555,0.13033476,-1.19872677,-0.15407012,0.07000000,0.00549451,-0.21055523,-0.23999999,0.23999999,-0.01229746,-1.60744822,2.28987193,-1.19099617,-0.33373693,0.00122106,-0.24076131,
17758,-3.34572577,-0.43922919,7.03225327,6.00000000,-0.29003906,0.37382811,0.21473572,-0.64531982,-0.24646686,0.07000000,0.00549451,-0.24145067,-0.05834686,0.02515538,-0.01229746,-3.24456692,4.02472925,-0.65067512,0.14171484,0.00122106,-0.32475775,
17766,-3.63901544,1.73949432,0.57509142,6.00000000,-0.10957031,0.07734375,0.28758007,0.21293356,-0.26784697,0.07000000,0.00549451,-0.39509085,0.23999999,-0.23999999,-0.01229746,-4.00727606,5.29532862,0.20230055,0.29324916,0.00122106,-0.33657116,
17773,-2.78907371,-0.98869848,-4.08402491,5.00000000,0.19658203,-0.26264650,0.53630042,0.67935562,-0.23411767,0.07000000,0.00549451,-0.25521272,0.23999999,-0.23999999,-0.01229746,-3.46273303,4.27082062,0.68606055,0.51865935,0.00122106,-0.24237254,
17782,-2.60711455,-0.78279716,-3.86974406,6.00000000,0.24008790,-0.29809570,0.19486091,0.90924352,-0.22915770,0.07000000,0.00549451,-0.11600797,0.23999999,-0.23999999,-0.01229746,-0.68765974,1.05417895,0.92405146,0.59574652,0.00122106,0.00884938,
17790,0.29465798,-1.87575018,0.66966242,6.00000000,0.26586914,-0.33676758,0.02086932,0.75178868,-0.11293947,0.07000000,0.00549451,-0.05644448,0.23999999,-0.23999999,-0.01229746,1.49574709,-1.31772363,0.76607084,0.26750067,0.00122106,0.16371790,
17798,3.16051745,-1.12636507,7.18189096,6.00000000,0.28359374,-0.38510743,-0.31833079,0.30473322,0.03733957,0.07000000,0.00366300,-0.04852323,0.03722062,-0.04477315,-0.01229746,3.24805784,-3.07527018,0.30445963,-0.10369697,0.00122106,0.26382273,
17806,6.35797358,-0.86898839,15.11627579,6.00000000,0.07895508,-0.12729493,-0.48182008,-0.49942249,0.21655545,0.07000000,0.00366300,-0.18735391,-0.23999999,0.23999999,-0.01229746,4.15213823,-3.53778243,-0.47014180,-0.39489809,0.00122106,0.25758672,
17814,9.15081024,2.01003909,20.53136063,6.00000000,-0.19497070,0.22719726,-0.33978274,-1.44397974,0.21397552,0.07000000,0.00366300,-0.36311203,-0.23999999,0.23999999,-0.01229746,2.84139609,-1.69296932,-1.43723047,-0.84276330,0.00122106,0.06487156,
17822,2.68048000,-1.32029545,20.53136063,6.00000000,-0.27070314,0.35610351,0.10665914,-1.71594536,0.09708975,0.07000000,0.00366300,-0.16120149,-0.23999999,0.23999999,-0.01229746,0.75747293,-0.24958208,-1.69320464,-0.34231836,0.00122106,-0.08761753,
17830,2.55358720,1.34923947,17.35964203,6.00000000,-0.28842774,0.32548827,-0.02709034,-1.05524361,-0.13597819,0.07000000,0.00549451,-0.34953618,-0.23999999,0.23999999,-0.01229746,-1.11701071,2.25671077,-1.03901267,-0.44073373,0.00122106,-0.20701495,
17838,-2.11031771,-1.16347516,8.65791607,6.00000000,-0.28681642,0.37221679,0.15968354,-0.61920351,-0.19554748,0.07000000,0.00549451,-0.32773498,-0.22747615,0.18250947,-0.01229746,-2.86059451,3.89732027,-0.61952007,0.01333475,0.00122106,-0.30568063,
17845,-4.24355125,1.52760756,1.87993133,5.00000000,-0.28681642,0.28842774,0.08025905,0.17017795,-0.28705728,0.07000000,0.00549451,-0.47991750,0.20926121,-0.23999999,-0.01229746,-4.27082062,5.82939959,0.16048539,0.26224735,0.00122106,-0.37321877,
17854,-2.76513171,0.12580241,-3.07127786,6.00000000,0.16113281,-0.25136718,0.55747193,0.89497876,-0.23154280,0.07000000,0.00549451,-0.37202132,0.23999999,-0.23999999,-0.01229746,-4.22369671,5.42622852,0.89730066,0.45677650,0.00122106,-0.29821125,
17862,-2.31023335,-1.45915914,-5.34936047,6.00000000,0.23041992,-0.28359374,0.36276355,1.13894498,-0.23184456,0.07000000,0.00549451,-0.10080968,0.23999999,-0.23999999,-0.01229746,-2.09439516,2.42775321,1.16260564,0.59542751,0.00122106,-0.07811454,
17870,-1.16700220,-1.09404337,0.08308300,6.00000000,0.26264650,-0.32387695,0.12929057,1.14546275,-0.18327212,0.07000000,0.00366300,-0.06721824,0.23999999,-0.23999999,-0.01229746,0.42586035,-0.20245820,1.16235924,0.42966175,0.00122106,0.10815576,
17878,2.84448290,-2.06369495,6.88620710,6.00000000,0.29970703,-0.37543947,-0.16578032,0.73424357,0.03553317,0.07000000,0.00366300,-0.04527787,0.15345237,-0.16027537,-0.01229746,2.29336262,-2.11010313,0.74126279,-0.06176507,0.00122106,0.22577778,
17886,4.87356853,-1.72970390,14.63743496,6.00000000,0.18369141,-0.27875978,-0.53341550,-0.03703400,0.22532050,0.07000000,0.00549451,-0.18631759,-0.23751372,0.21079250,-0.01229746,3.80830836,-3.11890340,-0.04547220,-0.25229207,0.00122106,0.26268145,
17894,9.34234619,0.73153543,19.40309334,6.00000000,-0.18369141,0.17080078,-0.48849660,-1.07753456,0.36483723,0.07000000,0.00549451,-0.31874615,-0.23999999,0.23999999,-0.01229746,2.89026546,-1.86575699,-1.07866359,-0.80201280,0.00122106,0.09919845,
17902,0.98179388,0.22995019,20.53136063,6.00000000,-0.28520507,0.36093751,-0.14562978,-1.70237112,0.27726394,0.07000000,0.00549451,-0.24070092,-0.23999999,0.23999999,-0.01229746,1.47829378,-0.72256637,-1.68865871,-0.25686079,0.00122106,-0.04095449,
17910,3.16171455,1.57190025,18.75665855,6.00000000,-0.26909178,0.34321290,-0.07304808,-1.14701366,-0.01662602,0.07000000,0.00549451,-0.10640208,-0.23999999,0.23999999,-0.01229746,-1.22522104,1.57603240,-1.12813711,-0.51895618,0.00122106,-0.19032350,
17917,-1.76914394,-0.01306129,11.91043949,5.00000000,-0.28842774,0.38671875,0.22857177,-0.86234212,-0.15567076,0.07000000,0.00549451,-0.21544734,-0.23999999,0.23169602,-0.01229746,-2.38586497,3.08574224,-0.86135769,0.00307655,0.00122106,-0.27402517,
17926,-2.72443032,0.26346901,2.13012552,6.00000000,-0.30292970,0.35610351,0.19320604,-0.03957713,-0.31236088,0.07000000,0.00366300,-0.30737603,0.00933522,-0.05088039,-0.01229746,-4.25162220,5.22551584,-0.04904091,0.13241589,0.00122106,-0.36646068,
17934,-2.85730863,1.69161034,-2.06451583,6.00000000,-0.04672851,0.00000000,0.55146116,0.75482875,-0.27026212,0.07000000,0.00366300,-0.36460984,0.23999999,-0.23999999,-0.01229746,-4.86946869,6.04407501,0.75022227,0.32613540,0.00122106,-0.35892871,
17942,-3.17454028,-1.96433568,-3.97748303,6.00000000,0.22236328,-0.24492188,0.40199804,1.17495418,-0.25960737,0.07000000,0.00366300,-0.10332882,0.23999999,-0.23999999,-0.01229746,-3.92350030,4.25685787,1.19378042,0.54127443,0.00122106,-0.22144851,
17950,-2.31023335,0.17847484,-1.66348720,6.00000000,0.22236328,-0.31582031,0.07138910,1.34915364,-0.24154589,0.07000000,0.00366300,-0.03684188,0.23999999,-0.23999999,-0.01229746,-1.13970006,1.25489175,1.36750972,0.54576623,0.00122106,0.01113054,
17958,-0.55528361,-1.24966645,5.02591228,6.00000000,0.26425782,-0.36254883,0.01024494,1.13438630,-0.03404845,0.07000000,0.00366300,-0.12190799,0.23999999,-0.23999999,-0.01229746,1.22522104,-0.76270890,1.18625641,0.31056130,0.00122106,0.16331547,
17966,4.33367634,-1.98109508,10.30033875,6.00000000,0.29648438,-0.37543947,-0.41902030,0.46974719,0.13353123,0.07000000,0.00366300,-0.15439308,-0.15339923,0.13159430,-0.01229746,2.79601741,-2.28114533,0.47192591,-0.24584779,0.00122106,0.22667456,
17974,7.41980219,0.45620224,16.45104218,6.00000000,-0.10473633,0.05156250,-0.52584583,-0.51325691,0.33261284,0.07000000,0.00549451,-0.32639089,-0.23999999,0.23999999,-0.01229746,3.01418352,-1.98269403,-0.51928443,-0.53489602,0.00122106,0.15323581,
17982,4.56830788,0.88117307,20.53136063,6.00000000,-0.24492188,0.33354491,-0.32073578,-1.45617545,0.30158451,0.07000000,0.00549451,-0.33095199,-0.23999999,0.23999999,-0.01229746,1.43815136,-0.40491641,-1.44920647,-0.61449271,0.00122106,-0.03596881,
17989,1.63062251,1.51204515,20.53136063,5.00000000,-0.25458986,0.34643555,-0.11805512,-1.20057452,0.09690402,0.07000000,0.00549451,-0.13671847,-0.23999999,0.23999999,-0.01229746,-0.80110615,1.23394775,-1.18385553,-0.34086931,0.00122106,-0.16903289,
17998,0.24557684,0.56035000,14.10352802,6.00000000,-0.30615234,0.37543947,0.24510182,-0.90393287,-0.11900405,0.07000000,0.00366300,-0.21957095,-0.23999999,0.23999999,-0.01229746,-2.56388855,3.27423787,-0.89761913,-0.19975519,0.00122106,-0.28910416,
18006,-3.47620964,-0.27881768,5.92972374,6.00000000,-0.27875978,0.35288087,0.22830573,-0.25858998,-0.24956043,0.07000000,0.00366300,-0.17384051,0.03045434,-0.05391635,-0.01229746,-4.29525518,4.83805275,-0.26342434,0.16809803,0.00122106,-0.36747879,
18014,-3.89758921,2.23988247,1.05153763,6.00000000,-0.01450195,-0.00644531,0.35592249,0.52766895,-0.29880708,0.07000000,0.00549451,-0.36182564,0.23999999,-0.23999999,-0.01229746,-4.64955711,5.81194639,0.52202499,0.31935310,0.00122106,-0.35958439,
18022,-2.72802162,-1.76681399,-5.58159828,6.00000000,0.21591797,-0.28359374,0.60439700,1.00976837,-0.25989988,0.07000000,0.00549451,-0.18250172,0.23999999,-0.23999999,-0.01229746,-3.56919837,4.15911961,1.02551770,0.57643914,0.00122106,-0.21338183,
18030,-2.12109160,-0.63076532,-3.31548643,6.00000000,0.25781250,-0.29648438,0.13704154,1.18541825,-0.21765776,0.07000000,0.00549451,-0.01539189,0.23999999,-0.23999999,-0.01229746,-1.08384943,1.13097346,1.20470643,0.55532777,0.00122106,0.00732951,
18038,0.14621748,-2.35099936,2.75261784,6.00000000,0.27875978,-0.33676758,-0.06204536,0.92137957,-0.07325911,0.07000000,0.00549451,0.04342050,0.23999999,-0.23999999,-0.01229746,0.94771379,-1.11526537,0.93585551,0.25871164,0.00122106,0.15171532,
18046,3.08510017,-1.27959394,8.99430180,6.00000000,0.28359374,-0.38349611,-0.44223112,0.45535043,0.06071125,0.07000000,0.00549451,0.09580196,0.12992708,-0.11798009,-0.01229746,2.66337252,-2.96182370,0.45634788,-0.05822426,0.00122106,0.25074232,
18054,6.88948679,-0.47753641,15.26710987,6.00000000,0.21269532,-0.21914062,-0.51196736,-0.33989128,0.27002585,0.07000000,0.00549451,-0.03778332,-0.23999999,0.23999999,-0.01229746,3.82401657,-3.71755123,-0.34408039,-0.36696142,0.00122106,0.26058075,
18061,8.97842789,1.09665120,20.53136063,5.00000000,-0.19335937,0.19335937,-0.44600010,-1.38986242,0.22701558,0.07000000,0.00549451,-0.16890401,-0.23999999,0.23999999,-0.01229746,2.99149418,-2.40855432,-1.36785436,-0.67577064,0.00122106,0.10180950,
18070,2.62780762,0.33290085,20.53136063,6.00000000,-0.25781250,0.37543947,0.21527854,-1.99287570,0.11214949,0.07000000,0.00549451,-0.01377419,-0.23999999,0.23999999,-0.01229746,0.80110615,-0.75398225,-1.97415757,-0.32732084,0.00122106,-0.09333491,
18078,2.72118139,0.44423124,17.05797386,6.00000000,-0.28359374,0.33032227,0.07964589,-1.34305978,-0.16261654,0.07000000,0.00549451,-0.10987112,-0.23999999,0.23999999,-0.01229746,-1.39102733,1.71216798,-1.32147276,-0.47351250,0.00122106,-0.21869583,
18086,-2.55563903,-0.87617099,8.68185806,6.00000000,-0.30131835,0.37221679,0.23664027,-0.89021593,-0.19008121,0.07000000,0.00549451,-0.22711921,-0.21473862,0.18334977,-0.01229746,-2.80998015,3.51858377,-0.89432377,0.05273351,0.00122106,-0.30876750,
18094,-3.81020093,2.02201009,0.75824785,6.00000000,-0.27714843,0.26264650,0.15285973,0.03681439,-0.21843214,0.07000000,0.00549451,-0.40232617,0.18681705,-0.23999999,-0.01229746,-4.18879032,5.50302315,0.02262527,0.25706533,0.00122106,-0.36631495,
18102,-3.01891708,-0.88095939,-3.98107433,6.00000000,0.14179687,-0.23686524,0.42151856,0.74980885,-0.15147354,0.07000000,0.00549451,-0.29980671,0.23999999,-0.23999999,-0.01229746,-4.47502422,5.44717264,0.75306904,0.42186129,0.00122106,-0.32032359,
18110,-2.65619564,-0.90011305,-5.30147648,6.00000000,0.23364258,-0.29809570,0.20960885,1.06062710,-0.15984675,0.07000000,0.00549451,-0.02331781,0.23999999,-0.23999999,-0.01229746,-2.33874130,2.41204500,1.07758474,0.57345623,0.00122106,-0.10180010,
18118,-1.02813840,-0.60562623,-0.59208190,6.00000000,0.25297850,-0.34482422,0.08880123,1.05242944,-0.13227423,0.07000000,0.00549451,-0.03356327,0.23999999,-0.23999999,-0.01229746,0.33859387,-0.20943952,1.06819034,0.41633850,0.00122106,0.10275264,
18126,1.10270107,-1.32628095,6.74016094,6.00000000,0.26586914,-0.35610351,-0.09220755,0.78814214,0.05733832,0.07000000,0.00549451,-0.05728039,0.23999999,-0.23999999,-0.01229746,2.24274802,-2.01934600,0.83132964,0.11928129,0.00122106,0.22381637,
18133,5.38473082,-0.81033045,13.26914883,5.00000000,0.30292970,-0.36899415,-0.43617341,0.17111121,0.21020091,0.07000000,0.00549451,0.00149328,-0.23999999,0.23999999,-0.01229746,3.61981273,-3.61981273,0.15803474,-0.32358044,0.00122106,0.29086390,
18142,9.86069107,1.08348310,19.32169151,6.00000000,-0.19174805,0.23686524,-0.55661446,-0.86838400,0.31642744,0.07000000,0.00549451,-0.08051355,-0.23999999,0.23999999,-0.01229746,2.76111078,-2.54119945,-0.87019926,-0.62598670,0.00122106,0.13364552,
18150,3.58309412,1.11341059,20.53136063,6.00000000,-0.26586914,0.35610351,-0.21012813,-1.49081028,0.20391804,0.07000000,0.00549451,-0.25096691,-0.23999999,0.23999999,-0.01229746,1.25489175,-0.44156829,-1.47782183,-0.46993691,0.00122106,-0.04949632,
18158,2.61344242,0.43944284,20.53136063,6.00000000,-0.26264650,0.36093751,0.10524961,-1.04513133,0.00942986,0.07000000,0.00549451,-0.03676781,-0.23999999,0.23999999,-0.01229746,-1.39451814,1.51843643,-1.02402425,-0.39277232,0.00122106,-0.18958479,
18166,-0.46071264,-0.28719738,10.72770405,6.00000000,-0.30454102,0.35126954,0.16622208,-0.70798254,-0.08892475,0.07000000,0.00549451,-0.24089484,-0.23999999,0.23999999,-0.01229746,-2.66337252,3.46622396,-0.69745922,-0.16620822,0.00122106,-0.28819913,
18174,-4.02448177,0.65851229,3.76057673,6.00000000,-0.29970703,0.35288087,0.15071000,-0.00129160,-0.15770549,0.07000000,0.00549451,-0.36264262,0.12223205,-0.17151999,-0.01229746,-4.27605677,5.44717264,-0.00792575,0.21376564,0.00122106,-0.37181672,
18182,-3.56958365,1.31572068,-1.52941179,6.00000000,0.06767578,-0.16596679,0.51416588,0.82830596,-0.12316737,0.07000000,0.00549451,-0.42591840,0.23999999,-0.23999999,-0.01229746,-4.46455240,5.85383415,0.82474834,0.43408424,0.00122106,-0.33108604,
18190,-2.60112906,-1.44958234,-5.89882994,6.00000000,0.23203126,-0.28681642,0.41825289,1.18632638,-0.10299242,0.07000000,0.00549451,-0.12421042,0.23999999,-0.23999999,-0.01229746,-2.77507353,3.19046187,1.20781672,0.63181335,0.00122106,-0.13570374,
18198,-0.67858499,-0.19262642,-2.63553309,6.00000000,0.26586914,-0.33193359,0.14157073,1.26420307,-0.09071999,0.07000000,0.00549451,-0.02642351,0.23999999,-0.23999999,-0.01229746,-0.37524578,0.46251225,1.28493321,0.42903697,0.00122106,0.06360383,
18205,0.47542021,-1.76441979,4.93972111,5.00000000,0.27231446,-0.36093751,-0.12221976,0.95807350,0.08175815,0.07000000,0.00549451,-0.02832555,0.23999999,-0.23999999,-0.01229746,1.56381500,-1.43291533,0.97777939,0.19349323,0.00122106,0.18851274,
18214,3.67048240,-0.81152755,11.34421062,6.00000000,0.27875978,-0.35771483,-0.47467732,0.40666759,0.21777640,0.07000000,0.00549451,-0.08222730,-0.00232049,-0.01006708,-0.01229746,3.41211867,-3.16428208,0.38658255,-0.14581412,0.00122106,0.27952614,
18222,8.23143673,0.16171543,16.20324326,6.00000000,0.06767578,-0.08862305,-0.57052082,-0.56140357,0.36085716,0.07000000,0.00549451,-0.03176837,-0.23999999,0.23999999,-0.01229746,3.60759544,-3.49938512,-0.56565881,-0.59219962,0.00122106,0.22635373,
18230,5.87913322,1.98130870,20.53136063,6.00000000,-0.20947266,0.26103514,-0.30388188,-1.58761895,0.27104208,0.07000000,0.00549451,-0.23261075,-0.23999999,0.23999999,-0.01229746,2.56912470,-1.83434105,-1.55074811,-0.39767238,0.00122106,0.05013551,
18238,0.20008701,-0.56731898,20.53136063,6.00000000,-0.24975586,0.35288087,0.18326864,-1.83812785,0.11805661,0.07000000,0.00549451,0.04851967,-0.23999999,0.23999999,-0.01229746,0.24609143,-0.39618975,-1.81449509,-0.17399457,0.00122106,-0.11199281,
18246,0.48260280,0.45021674,14.76193333,6.00000000,-0.28037110,0.33999023,0.07740292,-1.19275546,-0.08342406,0.07000000,0.00549451,-0.12076196,-0.23999999,0.23999999,-0.01229746,-1.46782184,1.85877562,-1.18069220,-0.27500850,0.00122106,-0.21590680,
18254,-3.13743019,-0.66188997,6.00753498,6.00000000,-0.31420898,0.35288087,0.26655364,-0.71175539,-0.14870059,0.07000000,0.00549451,-0.16686738,-0.10343557,0.08033335,-0.01229746,-3.11366725,3.67217255,-0.71842360,0.10896677,0.00122106,-0.30975604,
18262,-4.32615137,2.32846808,0.32130608,6.00000000,-0.16113281,0.14663085,0.32877010,0.17048065,-0.16351005,0.07000000,0.00366300,-0.34998339,0.23999999,-0.23999999,-0.01229746,-4.00029469,5.13650370,0.15908957,0.34888792,0.00122106,-0.33601967,
18270,-3.19728518,-1.28198814,-4.17859602,6.00000000,0.22075196,-0.23847656,0.50149095,0.75530189,-0.10465613,0.07000000,0.00366300,-0.16176538,0.23999999,-0.23999999,-0.01229746,-3.55174494,4.06138134,0.76138049,0.55024695,0.00122106,-0.23252772,
18277,-2.11510611,0.10305750,-4.92558718,5.00000000,0.23203126,-0.30131835,0.16077484,0.98020869,-0.08909383,0.07000000,0.00366300,-0.01941715,0.23999999,-0.23999999,-0.01229746,-1.17809725,1.23220241,0.99536365,0.57318383,0.00122106,-0.01818620,
18286,0.46464631,-2.00024867,1.09104192,6.00000000,0.27392578,-0.35771483,-0.03473502,0.83881903,0.02135114,0.07000000,0.00549451,-0.07374538,0.23999999,-0.23999999,-0.01229746,1.13970006,-0.95294976,0.85668314,0.24335465,0.00122106,0.14643483,
18294,2.85884809,-0.78040296,7.24414015,6.00000000,0.28842774,-0.35449219,-0.31252816,0.52102441,0.17587580,0.07000000,0.00549451,-0.09395607,0.10515471,-0.11902273,-0.01229746,2.98800373,-2.66162705,0.52463013,-0.07697177,0.00122106,0.25607705,
18302,5.23509312,-1.52739382,14.70926094,6.00000000,0.17241211,-0.24492188,-0.53763312,-0.22345154,0.33778900,0.07000000,0.00549451,-0.13469021,-0.23999999,0.23999999,-0.01229746,4.12421322,-3.67566347,-0.22681165,-0.31507412,0.00122106,0.27766463,
18310,8.53190899,1.30255258,20.53136063,6.00000000,-0.20302734,0.23203126,-0.47194645,-1.30486965,0.32041007,0.07000000,0.00549451,-0.24263322,-0.23999999,0.23999999,-0.01229746,3.05607152,-2.27765465,-1.30135405,-0.71665990,0.00122106,0.10243618,
18318,3.11263347,0.64175290,20.53136063,6.00000000,-0.24814454,0.35126954,0.13473324,-1.80677426,0.21274170,0.07000000,0.00549451,-0.00741945,-0.23999999,0.23999999,-0.01229746,0.98262036,-0.93375117,-1.78900683,-0.39746705,0.00122106,-0.06169247,
18326,2.81694937,0.37120807,19.26183510,6.00000000,-0.28520507,0.33837891,0.01758083,-1.21194720,-0.11166774,0.07000000,0.00549451,-0.08353132,-0.23999999,0.23999999,-0.01229746,-1.17809725,1.46084058,-1.15855002,-0.45858562,0.00122106,-0.19084443,
18334,-1.74041343,-0.13995399,9.27442360,6.00000000,-0.29648438,0.36416015,0.26525277,-0.78038311,-0.16364518,0.07000000,0.00366300,-0.21148494,-0.23999999,0.23999999,-0.01229746,-2.67209911,3.30739903,-0.78321385,-0.02848169,0.00122106,-0.28686661,
18342,-3.66654873,0.56394130,2.60417747,6.00000000,-0.29648438,0.36899415,0.12644544,-0.01239320,-0.21057947,0.07000000,0.00366300,-0.35802698,0.11043072,-0.15886432,-0.01229746,-4.16261005,5.32150888,-0.02089179,0.20403846,0.00122106,-0.36406374,
18349,-3.24516916,0.42747182,-3.18979073,5.00000000,0.06445312,-0.11118164,0.46242386,0.80798906,-0.15382072,0.07000000,0.00366300,-0.41053033,0.23999999,-0.23999999,-0.01229746,-4.66177464,5.99695158,0.80675000,0.39398879,0.00122106,-0.34350824,
18358,-2.11989450,-1.28557944,-5.48463297,6.00000000,0.23041992,-0.27553710,0.26354751,1.17703485,-0.12041760,0.07000000,0.00366300,-0.12529235,0.23999999,-0.23999999,-0.01229746,-2.79427218,3.20442462,1.19733560,0.50839198,0.00122106,-0.13719001,
18366,-0.94912982,-0.85103190,-1.22415113,6.00000000,0.25297850,-0.31420898,0.07526537,1.24006319,-0.11772534,0.07000000,0.00366300,-0.06816241,0.23999999,-0.23999999,-0.01229746,-0.13089970,0.34732053,1.25913322,0.39674431,0.00122106,0.07487611,
18374,1.48936462,-0.64153922,5.54186296,6.00000000,0.26909178,-0.34965819,-0.05602490,1.03732777,0.09739354,0.07000000,0.00366300,0.02299288,0.23999999,-0.23999999,-0.01229746,1.71740401,-1.74358392,1.00420046,0.08737391,0.00122106,0.21020916,
18382,4.13854885,-2.36297035,12.73883343,6.00000000,0.29165038,-0.40122071,-0.47079891,0.41236809,0.21418357,0.07000000,0.00366300,0.03494438,-0.01552588,0.01932517,-0.01229746,3.34405088,-3.44702530,0.40712976,-0.16731054,0.00122106,0.29044425,
18390,8.63126850,1.15052068,18.94819450,6.00000000,0.05478515,-0.05639648,-0.63003045,-0.62589383,0.33850750,0.07000000,0.00366300,0.09579350,-0.23999999,0.23999999,-0.01229746,3.46447849,-3.77165651,-0.63088387,-0.51555157,0.00122106,0.22793829,
18398,7.23784304,2.11777830,20.53136063,6.00000000,-0.19980469,0.24492188,-0.22118066,-1.55045533,0.22480695,0.07000000,0.00366300,-0.16562104,-0.23999999,0.23999999,-0.01229746,2.14500976,-1.60221231,-1.53658223,-0.55799228,0.00122106,0.02580234,
18406,0.30064347,-0.59006387,20.53136063,6.00000000,-0.26103514,0.36254883,0.23275073,-1.68061817,0.05540975,0.07000000,0.00366300,0.04774867,-0.23999999,0.23999999,-0.01229746,0.04363323,-0.19722220,-1.65935802,-0.13067254,0.00122106,-0.11540026,
18414,1.04643726,0.05876476,12.63229084,6.00000000,-0.28198242,0.32548827,0.06575807,-0.92044938,-0.10593545,0.07000000,0.00366300,-0.13650504,-0.23999999,0.23999999,-0.01229746,-1.66678941,2.13453770,-0.91522861,-0.33083388,0.00122106,-0.21803412,
18421,-2.70527673,-0.27283219,5.69868326,5.00000000,-0.30454102,0.36093751,0.21815430,-0.50551927,-0.14167792,0.07000000,0.00366300,-0.24236812,-0.13695255,0.10391513,-0.01229746,-3.15206480,3.90953755,-0.51158500,0.06237108,0.00122106,-0.30910030,
18430,-3.90956020,1.74308562,-1.22415113,6.00000000,-0.19819336,0.17724609,0.35498750,0.50084573,-0.13833447,0.07000000,0.00366300,-0.40889913,0.23999999,-0.23999999,-0.01229746,-4.33365250,5.66184807,0.49040687,0.32630801,0.00122106,-0.34229013,
18438,-3.29305315,-1.41486633,-3.51540208,6.00000000,0.21914062,-0.24169922,0.39866027,1.05599344,-0.09400401,0.07000000,0.00366300,-0.24110126,0.23999999,-0.23999999,-0.01229746,-3.98982286,4.76649427,1.06881809,0.50843012,0.00122106,-0.25194970,
18446,-1.36452377,0.74829483,-3.49265718,6.00000000,0.23041992,-0.30937499,0.14052363,1.24038720,-0.08364156,0.07000000,0.00549451,-0.10010264,0.23999999,-0.23999999,-0.01229746,-1.35088491,1.68249738,1.25891340,0.47847536,0.00122106,-0.01962999,
18454,-0.50021696,-1.25086355,3.00161481,6.00000000,0.26748046,-0.35288087,-0.02056894,1.17345726,0.03290809,0.07000000,0.00549451,-0.12538230,0.23999999,-0.23999999,-0.01229746,0.97040302,-0.56897730,1.18707073,0.31131238,0.00122106,0.14858116,
18462,3.45739841,-0.79716235,9.73770142,6.00000000,0.30131835,-0.36093751,-0.30065879,0.66186863,0.21249256,0.07000000,0.00366300,-0.14319795,0.03130025,-0.05154220,-0.01229746,2.82743335,-2.33699584,0.66403258,-0.14329541,0.00122106,0.24894902,
18470,6.45613623,-1.29036784,14.69968414,6.00000000,0.07250977,-0.14824219,-0.58310932,-0.03849322,0.35193387,0.07000000,0.00366300,-0.16745000,-0.23999999,0.23999999,-0.01229746,3.59363294,-3.02291012,-0.04316640,-0.46669936,0.00122106,0.24879971,
18478,7.24023724,1.24150038,20.53136063,6.00000000,-0.19174805,0.24653320,-0.44703645,-0.98772264,0.32693011,0.07000000,0.00549451,-0.30731505,-0.23999999,0.23999999,-0.01229746,2.32303333,-1.33343160,-0.98802495,-0.64626205,0.00122106,0.06383324,
18486,1.54203701,0.55795580,20.53136063,6.00000000,-0.26103514,0.37543947,0.08482260,-1.41461539,0.21351339,0.07000000,0.00549451,-0.04189818,-0.23999999,0.23999999,-0.01229746,0.26878071,-0.12915437,-1.40149844,-0.28784138,0.00122106,-0.08987787,
18493,2.32254672,0.69083399,16.95262909,5.00000000,-0.28037110,0.33354491,0.03907484,-0.83811039,-0.06763665,0.07000000,0.00549451,-0.07403844,-0.23999999,0.23999999,-0.01229746,-1.66329885,1.88321030,-0.84630185,-0.43220082,0.00122106,-0.19952148,
18502,-2.06482768,-0.33986983,8.41011620,6.00000000,-0.30937499,0.36899415,0.30597448,-0.49369031,-0.13823892,0.07000000,0.00549451,-0.17497391,-0.21836242,0.19425923,-0.01229746,-3.31263494,3.89906549,-0.49655202,-0.00169253,0.00122106,-0.30954060,
18510,-4.12384129,1.59344804,2.65206146,6.00000000,-0.28359374,0.28681642,0.23466027,0.30483073,-0.16643126,0.07000000,0.00549451,-0.38563508,0.23999999,-0.23999999,-0.01229746,-4.62861347,5.89746761,0.29814354,0.27112350,0.00122106,-0.37908453,
18518,-3.53606462,-0.83666670,-2.48350120,6.00000000,0.20947266,-0.21591797,0.56915522,1.05245316,-0.08970053,0.07000000,0.00549451,-0.35970733,0.23999999,-0.23999999,-0.01229746,-4.67748260,5.84859848,1.05960810,0.50900686,0.00122106,-0.32010990,
18526,-2.15939879,-1.37775624,-5.68454885,6.00000000,0.23041992,-0.29487306,0.19844794,1.37248731,-0.05916905,0.07000000,0.00549451,-0.15304960,0.23999999,-0.23999999,-0.01229746,-2.18515205,2.68082595,1.39897108,0.59056461,0.00122106,-0.07836142,
18534,-0.98743701,-1.19459987,-0.14316906,6.00000000,0.26748046,-0.32065430,-0.00253432,1.33195078,-0.01418017,0.07000000,0.00549451,-0.08082477,0.23999999,-0.23999999,-0.01229746,0.23038346,0.03839725,1.35265076,0.41290584,0.00122106,0.11265903,
18542,2.65414381,-1.63513291,6.05541897,6.00000000,0.27392578,-0.37060547,-0.23835845,0.93396461,0.16097023,0.07000000,0.00549451,-0.05431126,0.21353890,-0.22175319,-0.01229746,2.13453770,-1.92335284,0.91651249,-0.03845361,0.00122106,0.22276470,
18550,4.67365313,-1.39331853,13.93713093,6.00000000,0.28198242,-0.34160155,-0.54508024,0.24941599,0.28516915,0.07000000,0.00549451,-0.12841548,-0.16045070,0.14168930,-0.01229746,3.72104192,-3.32485223,0.23634320,-0.24188270,0.00122106,0.28671411,
18558,9.36509132,1.39472926,20.28416061,6.00000000,-0.08540039,0.07734375,-0.50741327,-0.80070674,0.30209133,0.07000000,0.00549451,0.03040961,-0.23999999,0.23999999,-0.01229746,2.97753191,-3.06130743,-0.80599540,-0.69485873,0.00122106,0.16869558,
18565,5.31529903,1.26065397,20.53136063,5.00000000,-0.23203126,0.33193359,-0.05660173,-1.56957316,0.18356514,0.07000000,0.00549451,-0.06726244,-0.23999999,0.23999999,-0.01229746,1.45385933,-1.23220241,-1.55576253,-0.48245090,0.00122106,-0.01497114,
18574,1.21044016,-1.21973896,20.53136063,6.00000000,-0.26748046,0.35771483,0.12374759,-1.21085918,-0.07631621,0.07000000,0.00549451,0.06454129,-0.23999999,0.23999999,-0.01229746,-1.01752698,0.77667153,-1.18812060,-0.26278275,0.00122106,-0.15488736,
18582,-0.40325180,0.34128055,10.04415894,6.00000000,-0.30454102,0.34321290,0.21233895,-0.74618077,-0.09848870,0.07000000,0.00549451,-0.19377467,-0.23999999,0.23999999,-0.01229746,-2.41379046,3.03512740,-0.74605823,-0.20031983,0.00122106,-0.26344264,
18590,-3.71802402,-0.82110435,3.81923485,6.00000000,-0.29165038,0.35449219,0.11524796,-0.04557136,-0.15026948,0.07000000,0.00549451,-0.28288338,0.07116200,-0.10968818,-0.01229746,-3.92524529,4.86248732,-0.05046898,0.16709758,0.00122106,-0.33726946,
18598,-3.11348820,1.21276999,-2.82706928,6.00000000,0.01772461,-0.08540039,0.40289396,0.78628135,-0.09927817,0.07000000,0.00549451,-0.38862240,0.23999999,-0.23999999,-0.01229746,-4.41568279,5.67755604,0.78265059,0.32624117,0.00122106,-0.32555443,
18606,-2.52810574,-1.09643757,-5.57441568,6.00000000,0.21591797,-0.27714843,0.30671975,1.18887043,-0.07604984,0.07000000,0.00549451,-0.06185183,0.23999999,-0.23999999,-0.01229746,-3.13635659,3.34754157,1.20916319,0.51397312,0.00122106,-0.15158172,
18614,-0.94075012,0.27424291,-2.48589540,6.00000000,0.24008790,-0.32065430,0.17378391,1.27279270,-0.09069089,0.07000000,0.00549451,-0.02026337,0.23999999,-0.23999999,-0.01229746,-0.42236969,0.48869219,1.29330873,0.41229030,0.00122106,0.06411538,
18622,0.59991872,-1.19579697,3.99999690,6.00000000,0.25781250,-0.35610351,-0.06649288,1.03780329,0.07944713,0.07000000,0.00549451,-0.06696097,0.23999999,-0.23999999,-0.01229746,1.65631747,-1.43640602,1.07295001,0.18537055,0.00122106,0.19584942,
18630,4.21875477,-0.62238562,11.56687164,6.00000000,0.29970703,-0.37382811,-0.38366660,0.43037739,0.23735617,0.07000000,0.00549451,-0.08124532,-0.09841358,0.08616843,-0.01229746,3.33357882,-3.06305289,0.37264204,-0.21174769,0.00122106,0.27282721,
18637,8.19193268,-0.10763226,16.95143127,5.00000000,-0.02416992,0.00644531,-0.52592939,-0.38868541,0.41309795,0.07000000,0.00549451,-0.18509044,-0.23999999,0.23999999,-0.01229746,3.57617950,-2.98800373,-0.39340866,-0.57125878,0.00122106,0.21914172,
18646,5.57028151,1.49289155,20.53136063,6.00000000,-0.23041992,0.31420898,-0.32861525,-1.31607306,0.32317176,0.07000000,0.00549451,-0.20366862,-0.23999999,0.23999999,-0.01229746,1.82212377,-1.14842665,-1.31118417,-0.59072810,0.00122106,0.01088911,
18654,1.20445466,1.19122219,20.53136063,6.00000000,-0.25620118,0.36254883,-0.00604371,-1.18594384,0.13446757,0.07000000,0.00549451,-0.02174760,-0.23999999,0.23999999,-0.01229746,-0.44505897,0.52708948,-1.16949809,-0.25017780,0.00122106,-0.12683564,
18662,0.92553014,1.37318146,13.75397491,6.00000000,-0.28520507,0.36093751,0.13914526,-0.78620887,-0.04389180,0.07000000,0.00549451,-0.08719078,-0.23999999,0.23999999,-0.01229746,-2.24274802,2.53072739,-0.75984657,-0.30234706,0.00122106,-0.23992383,
18670,-4.00053978,-0.56372768,6.47201014,6.00000000,-0.29970703,0.35610351,0.22462986,-0.21536283,-0.16147366,0.07000000,0.00549451,-0.14152814,0.08435789,-0.10374609,-0.01229746,-3.80307245,4.23416901,-0.21943390,0.18663532,0.00122106,-0.32451892,
18678,-3.43790245,3.15207338,0.12976994,6.00000000,0.00805664,-0.06928711,0.39691472,0.62195230,-0.15608531,0.07000000,0.00549451,-0.25511152,0.23999999,-0.23999999,-0.01229746,-4.08756113,4.91659260,0.61616194,0.28876320,0.00122106,-0.29607692,
18686,-3.15299249,-1.66865182,-6.22563839,6.00000000,0.24169922,-0.28359374,0.57329345,1.10680878,-0.11612837,0.07000000,0.00549451,-0.02191630,0.23999999,-0.23999999,-0.01229746,-2.72445917,2.80125356,1.12345123,0.59487402,0.00122106,-0.12459993,
18694,-1.97863650,0.22755598,-3.18500233,6.00000000,0.24169922,-0.32226563,0.18221015,1.23680139,-0.08910785,0.07000000,0.00549451,0.02538766,0.23999999,-0.23999999,-0.01229746,-0.10821041,0.02792527,1.25700152,0.54824460,0.00122106,0.09171294,
18702,-0.38050690,-2.80350327,2.77057433,6.00000000,0.28359374,-0.36093751,-0.05164503,0.96604413,0.05057962,0.07000000,0.00549451,0.08217565,0.23999999,-0.23999999,-0.01229746,1.71391332,-1.98269403,0.97812736,0.31040978,0.00122106,0.21532521,
18709,3.61302161,-1.10721147,8.31793976,5.00000000,0.27875978,-0.36577147,-0.46496686,0.52725226,0.20594725,0.07000000,0.00549451,0.03991989,0.11728605,-0.11304325,-0.01229746,3.41211867,-3.53254628,0.52922213,-0.09203404,0.00122106,0.30868512,
18718,7.06905174,-0.76723480,15.01931000,6.00000000,0.19335937,-0.21430664,-0.54064387,-0.23531152,0.40000433,0.07000000,0.00549451,-0.06936692,-0.23999999,0.23999999,-0.01229746,4.52738380,-4.28303766,-0.24061769,-0.41426632,0.00122106,0.31640893,
18726,8.76893520,0.61182535,20.53136063,6.00000000,-0.18046875,0.21591797,-0.43823332,-1.41794133,0.31416816,0.07000000,0.00549451,-0.20888278,-0.23999999,0.23999999,-0.01229746,3.42259073,-2.79776287,-1.41358674,-0.67172271,0.00122106,0.12683685,
18734,0.41915646,0.45261094,20.53136063,6.00000000,-0.26103514,0.37543947,0.11329449,-1.88341331,0.18104972,0.07000000,0.00549451,0.05312735,-0.23999999,0.23999999,-0.01229746,1.35437548,-1.52018178,-1.86505604,-0.13482809,0.00122106,-0.03240901,
18742,2.47457862,0.24910380,16.59828568,6.00000000,-0.28359374,0.35126954,0.03331777,-1.31166041,-0.07240169,0.07000000,0.00549451,-0.04244039,-0.23999999,0.23999999,-0.01229746,-0.83252209,0.97563910,-1.29456139,-0.47281563,0.00122106,-0.16494328,
18750,-3.41994596,-0.62118852,8.56214809,6.00000000,-0.28198242,0.35610351,0.23654580,-0.86842424,-0.14327700,0.07000000,0.00549451,-0.02296186,-0.07302921,0.06933384,-0.01229746,-2.39459157,2.54294467,-0.84735858,0.12221742,0.00122106,-0.25381845,
18758,-4.22200346,1.95257831,1.34602439,6.00000000,-0.13374023,0.14985351,0.18733825,-0.08904833,-0.19460955,0.07000000,0.00549451,-0.19176354,0.23999999,-0.23999999,-0.01229746,-3.32310677,3.99854946,-0.10483831,0.29062080,0.00122106,-0.28654253,
18766,-3.08236361,-0.74568701,-5.01177835,6.00000000,0.21108398,-0.25136718,0.59824306,0.55477136,-0.14798974,0.07000000,0.00549451,-0.14560786,0.23999999,-0.23999999,-0.01229746,-2.56912470,3.05432630,0.55416811,0.48488212,0.00122106,-0.17121059,
18774,-2.19650888,-0.61520302,-5.28950548,6.00000000,0.23686524,-0.28681642,0.24748704,0.80369949,-0.12772605,0.07000000,0.00549451,0.02454080,0.23999999,-0.23999999,-0.01229746,-0.10646509,0.02967060,0.81626439,0.56066453,0.00122106,0.05957524,
18781,-0.55767781,-1.63034451,-0.71897459,5.00000000,0.28842774,-0.34321290,0.11093477,0.76086187,-0.08755466,0.07000000,0.00549451,0.07835938,0.23999999,-0.23999999,-0.01229746,1.84132230,-2.07694173,0.77305174,0.36073971,0.00122106,0.21006203,
18790,2.68646550,-1.37536204,6.26491165,6.00000000,0.26748046,-0.36254883,-0.33860418,0.36037141,0.13527223,0.07000000,0.00549451,0.00172832,0.20664215,-0.20769821,-0.01229746,3.82576156,-3.83797884,0.36393982,-0.00790086,0.00122106,0.31866559,
18798,4.59344721,-1.25086355,14.76313114,6.00000000,0.25620118,-0.35288087,-0.53408772,-0.34338588,0.34132925,0.07000000,0.00549451,-0.10038042,-0.17401484,0.15859111,-0.01229746,5.40702963,-5.10159731,-0.38751304,-0.20236300,0.00122106,0.37138909,
18806,9.85949421,1.04757011,20.21592522,6.00000000,-0.08862305,0.09990235,-0.54048842,-1.50231171,0.37779889,0.07000000,0.00549451,-0.05813691,-0.23999999,0.23999999,-0.01229746,4.70889807,-4.53611040,-1.49536026,-0.75469893,0.00122106,0.23739624,
18814,3.00848556,1.66527414,20.53136063,6.00000000,-0.24008790,0.34804687,-0.11160988,-2.17950702,0.24429017,0.07000000,0.00549451,0.00778380,-0.23999999,0.23999999,-0.01229746,3.12064886,-3.13112068,-2.15981793,-0.24679029,0.00122106,0.07261947,
18822,2.43986273,-0.21297713,20.53136063,6.00000000,-0.24653320,0.32871094,0.09686081,-1.80142128,-0.06191786,0.07000000,0.00549451,0.12052894,-0.23999999,0.23999999,-0.01229746,0.30368727,-0.69638640,-1.76980090,-0.45837018,0.00122106,-0.10068440,
18830,-1.93673801,0.48852396,12.88727379,6.00000000,-0.28520507,0.34643555,0.21080469,-1.31641591,-0.14097808,0.07000000,0.00549451,-0.06385551,-0.23999999,0.23999999,-0.01229746,-1.13271868,1.32819557,-1.31055903,-0.05782214,0.00122106,-0.19183496,
18838,-2.68851733,-0.21656844,2.44376588,6.00000000,-0.30292970,0.36738282,0.18614174,-0.56413651,-0.20978227,0.07000000,0.00549451,-0.23682144,-0.11907293,0.08645193,-0.01229746,-2.84139609,3.56745291,-0.62595844,0.08426315,0.00122106,-0.29293019,
18846,-3.30023599,0.90032667,-2.58286071,6.00000000,-0.15307617,0.16435547,0.48465624,0.22740403,-0.17851624,0.07000000,0.00549451,-0.30536371,0.23999999,-0.23999999,-0.01229746,-4.04916382,5.04225588,0.21545184,0.30674657,0.00122106,-0.33015171,
18853,-3.39360976,-1.07249558,-4.18099022,5.00000000,0.19335937,-0.25136718,0.25599277,0.79666358,-0.14710692,0.07000000,0.00549451,-0.13191912,0.23999999,-0.23999999,-0.01229746,-3.69137144,4.11548662,0.80290204,0.45637405,0.00122106,-0.23672581,
18862,-0.85815012,-0.01186419,-3.76679325,6.00000000,0.24008790,-0.28842774,0.07439409,1.08085990,-0.13401294,0.07000000,0.00549451,0.03027824,0.23999999,-0.23999999,-0.01229746,-1.06639612,0.95469511,1.09612942,0.38911468,0.00122106,0.00117232,
18870,-1.80146563,-0.65111601,5.50475264,6.00000000,0.25781250,-0.34482422,-0.06831171,1.03200698,-0.02428618,0.07000000,0.00549451,-0.12185474,0.23999999,-0.23999999,-0.01229746,1.65108144,-1.24441981,1.03759515,0.42103481,0.00122106,0.18961756,
18878,2.99771166,0.01088073,11.72249413,6.00000000,0.27714843,-0.39960939,-0.06286797,0.61447185,0.25872290,0.07000000,0.00549451,-0.10700224,0.11839016,-0.13405102,-0.01229746,3.26551104,-2.90597320,0.61326373,-0.08589610,0.00122106,0.28183931,
18886,7.67717886,-2.67541361,15.63940811,6.00000000,0.18852539,-0.24653320,-0.56065178,-0.42757529,0.45655474,0.07000000,0.00549451,-0.16624962,-0.23999999,0.23999999,-0.01229746,4.27954721,-3.75245786,-0.43215603,-0.56742483,0.00122106,0.27306518,
18894,8.31882477,2.25065637,20.53136063,6.00000000,-0.18852539,0.23525390,-0.49998912,-1.61302948,0.48513088,0.07000000,0.00549451,-0.28846717,-0.23999999,0.23999999,-0.01229746,3.63726616,-2.69653368,-1.60702705,-0.64129597,0.00122106,0.11851035,
18902,0.72322011,0.36402547,20.53136063,6.00000000,-0.26103514,0.38510743,-0.17139664,-1.99599922,0.33040574,0.07000000,0.00549451,0.07220301,-0.23999999,0.23999999,-0.01229746,1.46782184,-1.70867741,-1.97462618,-0.28753427,0.00122106,-0.03122981,
18910,2.11664557,1.84723341,15.56159687,6.00000000,-0.28842774,0.34965819,0.01813532,-1.34376764,0.00467118,0.07000000,0.00549451,-0.01790832,-0.23999999,0.23999999,-0.01229746,-0.68067843,0.72256637,-1.32549930,-0.41075772,0.00122106,-0.15444039,
18918,-3.04525328,-0.25487566,7.05380106,6.00000000,-0.28037110,0.35771483,0.34689176,-0.77471775,-0.15932903,0.07000000,0.00549451,-0.01152821,-0.12985900,0.12770629,-0.01229746,-2.26369190,2.31430674,-0.78136849,0.06588435,0.00122106,-0.23386577,
18925,-2.99497509,1.30973518,1.25384760,5.00000000,-0.19980469,0.20463867,0.32617044,-0.25029093,-0.21819590,0.07000000,0.00549451,-0.15753347,0.02483073,-0.04645979,-0.01229746,-3.49240398,4.03171062,-0.26360869,0.14386886,0.00122106,-0.30604035,
18934,-3.46304154,-2.07686305,-3.55849791,6.00000000,0.00161133,-0.01933594,0.63710767,0.57098502,-0.16579919,0.07000000,0.00549451,-0.08037003,0.23999999,-0.23999999,-0.01229746,-3.81703496,4.06661701,0.56852853,0.40086791,0.00122106,-0.25749546,
18942,-2.96145630,-0.88814199,-1.32470763,6.00000000,0.20786133,-0.26909178,0.06289901,0.93752366,-0.12209512,0.07000000,0.00549451,0.03982299,0.23999999,-0.23999999,-0.01229746,-2.22704005,2.10486698,0.94643044,0.44687980,0.00122106,-0.09115951,
18950,-1.33818758,-0.89412749,1.53157496,6.00000000,0.23525390,-0.33515626,-0.04469440,1.03358662,-0.02383749,0.07000000,0.00549451,-0.03418864,0.23999999,-0.23999999,-0.01229746,0.59166664,-0.47298422,1.04515684,0.40322116,0.00122106,0.12223385,
18958,2.74272919,-1.10002887,6.77248240,6.00000000,0.27553710,-0.35449219,-0.15094963,0.78899592,0.19040917,0.07000000,0.00549451,-0.05286862,0.19054526,-0.19866657,-0.01229746,2.54643536,-2.27067351,0.79002202,-0.04581547,0.00122106,0.24275485,
18966,6.01201153,-2.41324854,12.33660698,6.00000000,0.25620118,-0.33837891,-0.59965658,-0.00753747,0.32545325,0.07000000,0.00549451,-0.07568042,-0.23999999,0.23999999,-0.01229746,3.86415887,-3.60410500,-0.03544700,-0.39172816,0.00122106,0.28584713,
18974,9.63443851,2.34642458,19.94298553,6.00000000,-0.17241211,0.22075196,-0.57754719,-1.11439359,0.41611764,0.07000000,0.00549451,-0.20121205,-0.23999999,0.23999999,-0.01229746,3.30565357,-2.68082595,-1.11416817,-0.68868518,0.00122106,0.13951571,
18982,1.99693537,0.69681954,20.53136063,6.00000000,-0.26586914,0.36738282,-0.00154958,-1.59276581,0.27348167,0.07000000,0.00549451,-0.00967251,-0.23999999,0.23999999,-0.01229746,1.45036852,-1.40673530,-1.57784724,-0.31376758,0.00122106,-0.01257981,
18990,3.63696361,0.47775006,18.60702133,6.00000000,-0.26586914,0.33837891,0.01421417,-0.92442685,-0.07243146,0.07000000,0.00549451,0.06718664,-0.23999999,0.23999999,-0.01229746,-1.15191734,0.98087507,-0.90484500,-0.55701923,0.00122106,-0.15237418,
18997,-1.12869489,-0.11242066,11.23407745,5.00000000,-0.29326171,0.36899415,0.29290023,-0.56528401,-0.18710423,0.07000000,0.00549451,-0.07937006,-0.23999999,0.23999999,-0.01229746,-2.37364769,2.63544726,-0.56543911,-0.12195128,0.00122106,-0.23300764,
19006,-2.20369148,-0.39493647,3.21948719,6.00000000,-0.28842774,0.34804687,0.21033973,0.12634160,-0.25256813,0.07000000,0.00549451,-0.19268081,-0.07873900,0.05255170,-0.01229746,-4.12246752,4.71587992,0.12103307,0.02944469,0.00122106,-0.32758284,
19014,-2.40360737,0.50767756,-0.68066734,6.00000000,-0.13212891,0.10634766,0.38661391,0.85897529,-0.23363948,0.07000000,0.00549451,-0.26622036,0.20136167,-0.23715195,-0.01229746,-5.12428665,5.98473406,0.86009914,0.15393369,0.00122106,-0.35742506,
19022,-3.08236361,-1.44838524,-2.21894193,6.00000000,0.15307617,-0.25781250,0.19804385,1.36661327,-0.17800495,0.07000000,0.00549451,-0.08305737,0.23999999,-0.23999999,-0.01229746,-4.56752682,4.83107138,1.38265693,0.34951121,0.00122106,-0.25286576,
19030,-1.65901065,0.01806333,-1.05296576,6.00000000,0.23041992,-0.29326171,0.03684076,1.62306023,-0.17286110,0.07000000,0.00549451,0.12062298,0.23999999,-0.23999999,-0.01229746,-2.05425239,1.70169604,1.64379680,0.41010547,0.00122106,-0.01560469,
19038,0.48379990,-0.61161172,4.17357683,6.00000000,0.26748046,-0.33354491,-0.02644558,1.44862485,-0.02462208,0.07000000,0.00549451,0.05137424,0.23999999,-0.23999999,-0.01229746,0.47822019,-0.65798914,1.46117687,0.21110180,0.00122106,0.15502411,
19046,4.95976019,-2.24326015,9.73770142,6.00000000,0.30615234,-0.36577147,-0.27480999,0.79837573,0.17053899,0.07000000,0.00549451,0.12508197,-0.09182462,0.10796679,-0.01229746,1.99840200,-2.39110112,0.79768646,-0.25598925,0.00122106,0.22844133,
19054,7.26178503,0.69562238,16.54561424,6.00000000,-0.03867187,0.04189453,-0.61104989,-0.28496021,0.36143526,0.07000000,0.00549451,-0.02862839,-0.23999999,0.23999999,-0.01229746,2.39459157,-2.30034399,-0.29212832,-0.31044340,0.00122106,0.15756564,
19062,5.95814228,2.03517818,20.53136063,6.00000000,-0.23525390,0.33193359,-0.29026172,-1.14185071,0.36868981,0.07000000,0.00549451,-0.19762512,-0.23999999,0.23999999,-0.01229746,1.19205987,-0.54279739,-1.15376210,-0.63151646,0.00122106,-0.02267863,
19069,0.61667812,-0.08488734,20.53136063,5.00000000,-0.27070314,0.37866211,-0.03322305,-1.03496766,0.15365648,0.07000000,0.00549451,0.07024580,-0.23999999,0.23999999,-0.01229746,-0.84823000,0.61959189,-1.01967263,-0.18514803,0.00122106,-0.13594988,
19078,1.41514432,2.23509407,12.78911114,6.00000000,-0.30292970,0.34321290,0.17072657,-0.61787969,-0.05597502,0.07000000,0.00549451,-0.09679857,-0.23999999,0.23999999,-0.01229746,-2.54119945,2.84314132,-0.61211884,-0.36756581,0.00122106,-0.25373250,
19086,-3.37685037,-1.52380252,7.14956951,6.00000000,-0.29648438,0.37866211,0.30404377,-0.11406346,-0.19002610,0.07000000,0.00549451,-0.09110144,0.02318299,-0.03563660,-0.01229746,-4.09628773,4.39473915,-0.11631510,0.12991619,0.00122106,-0.33399266,
19094,-3.27629375,2.28776646,2.10259223,6.00000000,-0.02900391,0.02578125,0.32609174,0.62940276,-0.18107849,0.07000000,0.00549451,-0.24839216,0.23999999,-0.23999999,-0.01229746,-4.55705500,5.35292482,0.62698495,0.21134073,0.00122106,-0.32958245,
19102,-2.98898959,-2.13432407,-2.89290977,6.00000000,0.22558594,-0.25136718,0.44988152,1.08418477,-0.13738967,0.07000000,0.00549451,-0.06024185,0.23999999,-0.23999999,-0.01229746,-3.44353461,3.63552094,1.09815192,0.46916053,0.00122106,-0.18900016,
19110,-1.45550346,-0.79596525,-2.25126362,6.00000000,0.25620118,-0.31582031,0.00814838,1.16729462,-0.10010055,0.07000000,0.00549451,0.09795931,0.23999999,-0.23999999,-0.01229746,-1.07512283,0.75398225,1.18543339,0.44090009,0.00122106,0.02209543,
19118,1.10629237,-1.48070693,3.00879741,6.00000000,0.27553710,-0.33354491,-0.17686145,0.88329571,0.04401530,0.07000000,0.00549451,0.15813535,0.23999999,-0.23999999,-0.01229746,1.03672564,-1.55683362,0.89358103,0.16693312,0.00122106,0.16494563,
19126,3.63097811,-1.13713896,8.46757698,6.00000000,0.27553710,-0.37060547,-0.53174841,0.28654575,0.13755064,0.07000000,0.00549451,0.28882703,0.13200574,-0.09386680,-0.01229746,2.57436061,-3.49938512,0.28634107,-0.04639101,0.00122106,0.25466087,
19134,7.74661064,0.87399042,13.55765057,6.00000000,0.21430664,-0.17724609,-0.41993850,-0.59787220,0.23607084,0.07000000,0.00549451,0.24946553,-0.23999999,0.23999999,-0.01229746,3.50113058,-4.30747271,-0.59681761,-0.36109644,0.00122106,0.25240669,
19141,9.25974655,1.72991753,20.53136063,5.00000000,-0.20141602,0.22558594,-0.24380784,-1.59707046,0.15269418,0.07000000,0.00549451,0.00965008,-0.23999999,0.23999999,-0.01229746,2.76285625,-2.78729081,-1.58137250,-0.59443671,0.00122106,0.09143624,
19150,0.84652150,-0.82828695,20.53136063,6.00000000,-0.26748046,0.37705079,0.35896817,-2.03553677,0.02340458,0.07000000,0.00549451,0.17156062,-0.23999999,0.23999999,-0.01229746,0.94945914,-1.48702049,-2.01407766,-0.20122972,0.00122106,-0.06060946,
19158,3.48253751,-0.16389599,15.53047276,6.00000000,-0.29165038,0.33354491,0.10882277,-1.33684766,-0.14339432,0.07000000,0.00549451,-0.03558412,-0.23999999,0.23999999,-0.01229746,-1.02101767,1.14144540,-1.32077134,-0.57691377,0.00122106,-0.18545562,
19166,-2.09954381,-0.94560283,9.62637138,6.00000000,-0.30615234,0.35932618,0.18231423,-0.94043130,-0.14910628,0.07000000,0.00549451,-0.08320220,-0.23999999,0.23999999,-0.01229746,-2.37190247,2.68606162,-0.92038566,0.00202835,0.00122106,-0.26264668,
19174,-3.60789084,0.33290085,2.96450472,6.00000000,-0.29809570,0.36577147,-0.00111711,-0.04920974,-0.12920509,0.07000000,0.00549451,-0.31326103,0.09057528,-0.13324450,-0.01229746,-3.87637639,4.84503412,-0.06936407,0.18525605,0.00122106,-0.33794472,
19182,-2.88963032,0.30895883,-1.44441772,6.00000000,0.04350586,-0.09667969,0.14538069,0.67057246,-0.08470858,0.07000000,0.00549451,-0.30775601,0.23999999,-0.23999999,-0.01229746,-4.43139076,5.42099285,0.66908503,0.23311460,0.00122106,-0.32409179,
19190,-2.88364482,0.15453283,-3.20295882,6.00000000,0.21752930,-0.28037110,0.11491372,1.10796976,-0.11161400,0.07000000,0.00549451,-0.04953513,0.23999999,-0.23999999,-0.01229746,-2.85361338,3.00545692,1.12000787,0.44926047,0.00122106,-0.13945290,
19198,-0.68935889,0.08270678,0.80493480,6.00000000,0.25781250,-0.31259766,0.12119397,1.17165148,-0.08431425,0.07000000,0.00549451,0.00813970,0.23999999,-0.23999999,-0.01229746,-0.20071286,0.16929694,1.18622291,0.34305561,0.00122106,0.07649651,
19206,3.37120724,-1.86018789,5.32997608,6.00000000,0.28681642,-0.35288087,-0.01992995,0.73652655,0.08254832,0.07000000,0.00549451,0.09984271,0.08407328,-0.07130744,-0.01229746,1.57428694,-1.89891827,0.74474847,-0.10851958,0.00122106,0.19060755,
19213,6.61654758,-0.88455069,12.30069447,5.00000000,0.12407227,-0.17080078,-0.45495373,-0.03909582,0.16669123,0.07000000,0.00549451,0.02973664,-0.23999999,0.23999999,-0.01229746,2.57959676,-2.67035365,-0.04314184,-0.36423126,0.00122106,0.19737585,
19222,8.91139030,1.39353216,20.53136063,6.00000000,-0.19335937,0.25136718,-0.39207378,-0.91838962,0.26865590,0.07000000,0.00549451,-0.20607780,-0.23999999,0.23999999,-0.01229746,1.49051118,-0.83426738,-0.91646469,-0.68926847,0.00122106,0.01879524,
19230,1.78863990,0.35684288,20.53136063,6.00000000,-0.27553710,0.38349611,0.05318081,-1.24456978,0.18941903,0.07000000,0.00549451,-0.01570350,-0.23999999,0.23999999,-0.01229746,-0.09424778,0.15882497,-1.23244739,-0.27399057,0.00122106,-0.10275604,
19238,4.59943247,1.37198436,17.17528915,6.00000000,-0.27553710,0.34321290,0.01054816,-0.63519359,-0.00419381,0.07000000,0.00549451,-0.05309054,-0.23999999,0.23999999,-0.01229746,-2.24449348,2.41553569,-0.64262605,-0.65819120,0.00122106,-0.22673893,
19246,-1.65063095,-0.84025800,11.31667709,6.00000000,-0.30937499,0.37060547,0.23330930,-0.34721440,-0.08297966,0.07000000,0.00549451,-0.14251192,-0.19925162,0.17964041,-0.01229746,-3.56570768,4.00029469,-0.37183967,-0.00287098,0.00122106,-0.31606942,
19254,-2.43114066,0.38078490,3.50439715,6.00000000,-0.27231446,0.26586914,0.07579038,0.40183797,-0.12266403,0.07000000,0.00549451,-0.28697428,-0.00002883,-0.03876114,-0.01229746,-4.85899639,5.78227568,0.39827013,0.07182491,0.00122106,-0.37511486,
19262,-2.92314911,0.43944284,-0.26287916,6.00000000,-0.06123047,0.00322266,0.42470750,1.10679317,-0.04141786,0.07000000,0.00549451,-0.29189959,0.23999999,-0.23999999,-0.01229746,-5.26042223,6.21162653,1.11129117,0.28813440,0.00122106,-0.35267723,
19270,-2.79625630,-1.67344022,-1.58447850,6.00000000,0.20463867,-0.26909178,0.19517437,1.49619603,-0.01830841,0.07000000,0.00549451,-0.04060897,0.23999999,-0.23999999,-0.01229746,-4.13468504,4.26209402,1.51622891,0.42276546,0.00122106,-0.20546992,
19278,-0.95032692,-0.33149013,0.19321628,6.00000000,0.25458986,-0.31259766,0.01155771,1.60416555,0.05193159,0.07000000,0.00549451,0.05721021,0.23999999,-0.23999999,-0.01229746,-1.67202544,1.48003924,1.62444210,0.36584002,0.00122106,0.00118124,
19285,2.58710623,-2.24565434,3.61931896,5.00000000,0.28198242,-0.33837891,-0.18549246,1.20912337,0.16346793,0.07000000,0.00549451,0.12458831,0.23999999,-0.23999999,-0.01229746,0.38746309,-0.78539819,1.22270250,-0.00534987,0.00122106,0.13986416,
19294,5.34522629,-0.32311040,10.94318199,6.00000000,0.29326171,-0.36416015,-0.54562634,0.34991410,0.25199527,0.07000000,0.00549451,0.21248546,-0.11855889,0.14643763,-0.01229746,2.01760054,-2.70526028,0.34697360,-0.21719517,0.00122106,0.20793387,
19302,9.13524818,1.89870882,17.21239853,6.00000000,-0.03222656,0.10795899,-0.41151208,-0.79637718,0.23931898,0.07000000,0.00549451,0.24105862,-0.23999999,0.23999999,-0.01229746,1.82212377,-2.59704995,-0.79618090,-0.48328733,0.00122106,0.10728572,
19310,6.15566397,1.71674943,20.53136063,6.00000000,-0.24653320,0.34965819,0.13663140,-1.60888803,0.12389132,0.07000000,0.00549451,0.13168044,-0.23999999,0.23999999,-0.01229746,0.49567351,-0.91455257,-1.59052587,-0.64669490,0.00122106,-0.06637252,
19318,1.61865151,-1.93440819,20.53136063,6.00000000,-0.27231446,0.37382811,0.25817791,-1.24440145,-0.04875024,0.07000000,0.00549451,0.23646803,-0.23999999,0.23999999,-0.01229746,-1.44164193,0.67893308,-1.22381818,-0.30389994,0.00122106,-0.17538673,
19326,1.49535012,-0.74329281,12.41322136,6.00000000,-0.30937499,0.35288087,0.13111089,-0.93108952,-0.05470312,0.07000000,0.00549451,0.00239208,-0.23999999,0.23999999,-0.01229746,-2.76111078,2.74714804,-0.92843926,-0.39560300,0.00122106,-0.28045917,
19334,-3.00574899,-1.32508385,7.21540976,6.00000000,-0.29487306,0.38510743,0.10515267,-0.32017145,-0.05167246,0.07000000,0.00549451,-0.12580073,-0.10930539,0.09207665,-0.01229746,-4.12944889,4.50120401,-0.30923736,0.06487396,0.00122106,-0.35105988,
19342,-2.34016109,0.83927453,0.81570870,6.00000000,-0.15307617,0.18852539,0.09373708,0.55142462,0.00768866,0.07000000,0.00549451,-0.24582011,0.06075531,-0.09386669,-0.01229746,-5.10508823,5.89223146,0.54685861,0.09638564,0.00122106,-0.37815216,
19350,-2.74717522,-0.36740315,-1.99747825,6.00000000,0.01289062,-0.05156250,0.16382940,1.09935391,0.02153637,0.07000000,0.00549451,-0.13574399,0.23999999,-0.23999999,-0.01229746,-5.18013716,5.62170553,1.10861826,0.27486759,0.00122106,-0.32802904,
19357,-2.34973788,0.59626305,-0.41012254,5.00000000,0.20625000,-0.25297850,0.05220197,1.45592797,0.02568711,0.07000000,0.00549451,0.03254016,0.23999999,-0.23999999,-0.01229746,-3.65122867,3.54476380,1.47021389,0.37505773,0.00122106,-0.16403942,
19366,0.65019691,-0.74448991,1.92182994,6.00000000,0.27714843,-0.31259766,0.02219992,1.49769282,0.09393873,0.07000000,0.00549451,0.19054537,0.23999999,-0.23999999,-0.01229746,-1.23918378,0.61261052,1.51304615,0.18181777,0.00122106,0.04258899,
19374,3.95180106,-0.97672749,9.05056572,6.00000000,0.30454102,-0.35449219,-0.20370346,0.78151846,0.23797612,0.07000000,0.00549451,0.30482215,0.05525769,-0.01443110,-0.01229746,0.44680429,-1.44164193,0.78207695,-0.12499498,0.00122106,0.12983271,
19382,8.22425365,-0.11840616,13.74679184,6.00000000,0.11601563,-0.09990235,-0.33296305,-0.17507833,0.34118229,0.07000000,0.00549451,0.23247939,-0.23999999,0.23999999,-0.01229746,1.22696650,-1.97571266,-0.18020910,-0.41440672,0.00122106,0.10842198,
19390,8.59535503,1.31093228,20.53136063,6.00000000,-0.21108398,0.25458986,-0.22342739,-1.12706757,0.35868073,0.07000000,0.00549451,-0.04705957,-0.23999999,0.23999999,-0.01229746,0.39618975,-0.21293017,-1.12008381,-0.60026795,0.00122106,-0.05983382,
19398,1.71801090,-0.68822616,20.53136063,6.00000000,-0.28681642,0.37382811,0.06069497,-1.30309093,0.20965502,0.07000000,0.00549451,0.11846898,-0.23999999,0.23999999,-0.01229746,-1.16587996,0.75398225,-1.27930915,-0.27443311,0.00122106,-0.17025250,
19406,2.91870308,1.89990592,14.64222336,6.00000000,-0.29487306,0.35771483,0.04413101,-0.79482222,0.04101919,0.07000000,0.00549451,-0.02293485,-0.23999999,0.23999999,-0.01229746,-2.95658755,3.04734492,-0.78380054,-0.49227756,0.00122106,-0.28884518,
19414,-2.57239866,-1.01742887,8.99789333,6.00000000,-0.29648438,0.35771483,0.19874699,-0.29784492,-0.07409563,0.07000000,0.00549451,-0.05524770,-0.14511068,0.13752803,-0.01229746,-4.43837214,4.53087473,-0.29474238,0.03836119,0.00122106,-0.36613595,
19422,-3.22481847,0.89194697,3.09139752,6.00000000,-0.19819336,0.21269532,0.14799683,0.45038694,-0.10126123,0.07000000,0.00549451,-0.12934752,0.13017674,-0.14740758,-0.01229746,-5.58505344,5.98997021,0.46806863,0.15925345,0.00122106,-0.40488747,
19429,-2.25875807,0.02165464,-1.40611041,5.00000000,0.08701172,-0.12568359,0.37596589,1.00833118,-0.07070623,0.07000000,0.00549451,-0.05818427,0.23999999,-0.23999999,-0.01229746,-5.71420765,5.90968513,1.01513731,0.22452594,0.00122106,-0.36541831,
19438,-2.31621885,-1.24846935,-2.04895353,6.00000000,0.21430664,-0.29809570,0.09057315,1.34894168,-0.06130485,0.07000000,0.00549451,0.14696680,0.23999999,-0.23999999,-0.01229746,-3.66170073,3.12588477,1.30912995,0.39055610,0.00122106,-0.15665159,
19446,0.67773026,-1.25325775,0.80134350,6.00000000,0.27392578,-0.31259766,-0.01821859,1.30976176,0.05027838,0.07000000,0.00549451,0.21375391,0.23999999,-0.23999999,-0.01229746,-1.26885426,0.57246798,1.32476926,0.19504853,0.00122106,0.02386956,
19454,3.65252590,-1.34543455,7.07894039,6.00000000,0.29970703,-0.36738282,-0.31123263,0.71386331,0.17498170,0.07000000,0.00549451,0.29241079,0.12555909,-0.08645682,-0.01229746,0.53407073,-1.48702049,0.71621311,-0.06571613,0.00122106,0.13155849,
19462,7.62450647,0.34966028,12.69693470,6.00000000,0.18369141,-0.17563477,-0.42901841,-0.12189700,0.29168907,0.07000000,0.00549451,0.21352187,-0.23999999,0.23999999,-0.01229746,1.61792016,-2.31081581,-0.12419283,-0.34909457,0.00122106,0.14005582,
19470,10.48797131,1.76223922,19.40788269,6.00000000,-0.19013672,0.23686524,-0.23408017,-1.08467746,0.26062435,0.07000000,0.00549451,0.03456672,-0.23999999,0.23999999,-0.01229746,0.62482786,-0.72954762,-1.07780039,-0.75410736,0.00122106,-0.02881697,
19478,1.14699376,-0.30515391,20.53136063,6.00000000,-0.29648438,0.39155275,0.24966945,-1.40911996,0.12972838,0.07000000,0.00549451,0.16405809,-0.23999999,0.23999999,-0.01229746,-0.80808741,0.26878071,-1.39578259,-0.14627051,0.00122106,-0.14735669,
19486,4.51922703,0.28142551,15.17014503,6.00000000,-0.28037110,0.32548827,0.04808125,-0.81234521,-0.04136674,0.07000000,0.00549451,0.03886420,-0.23999999,0.23999999,-0.01229746,-2.82045221,2.70002437,-0.80216986,-0.65979493,0.00122106,-0.27237624,
19494,-2.28270006,-1.29156494,11.06528664,6.00000000,-0.30937499,0.39316407,0.17933667,-0.45621014,-0.08817965,0.07000000,0.00549451,0.01431477,-0.16729492,0.16907185,-0.01229746,-4.14690256,4.11374092,-0.45828453,0.03416955,0.00122106,-0.35042226,
19501,-3.31699538,-0.12439167,3.81564355,5.00000000,-0.24331054,0.26748046,-0.05587766,0.34087214,-0.12253793,0.07000000,0.00549451,-0.06708476,0.11642952,-0.12527795,-0.01229746,-5.34245300,5.58679914,0.32758385,0.15952353,0.00122106,-0.39183736,
19510,-2.19291759,0.70160794,-1.15471923,6.00000000,0.06123047,-0.08862305,0.20191297,1.01041198,-0.08795226,0.07000000,0.00549451,-0.11864167,0.23999999,-0.23999999,-0.01229746,-5.24296904,5.63043213,1.02002716,0.17023727,0.00122106,-0.33706596,
19518,-3.01053739,-0.21417423,-2.81749225,6.00000000,0.20625000,-0.29648438,0.17967741,1.34447312,-0.11750743,0.07000000,0.00549451,0.14097327,0.23999999,-0.23999999,-0.01229746,-3.56919837,3.13112068,1.36214840,0.44757026,0.00122106,-0.14977452,
19526,-0.20692727,-0.67386097,-0.34428200,6.00000000,0.24975586,-0.31259766,0.12744528,1.37571394,-0.06991864,0.07000000,0.00549451,0.21241847,0.23999999,-0.23999999,-0.01229746,-1.08908546,0.41713369,1.39343488,0.28915265,0.00122106,0.05251938,
19534,2.60625982,-1.63034451,5.36948013,6.00000000,0.28198242,-0.36577147,-0.10506724,0.84435081,0.03953641,0.07000000,0.00549451,0.24621251,0.23999999,-0.21981418,-0.01229746,0.78365284,-1.58126831,0.85074234,0.00470170,0.00122106,0.15484458,
19542,6.31487799,-0.15910760,12.21689701,6.00000000,0.29165038,-0.34643555,-0.45989481,0.00422167,0.14266899,0.07000000,0.00549451,0.23615800,-0.22881085,0.23999999,-0.01229746,2.27067351,-3.02640080,0.00090575,-0.25396603,0.00122106,0.20354015,
19550,10.11327934,1.36240757,18.36400986,6.00000000,-0.13696289,0.21269532,-0.39429450,-1.08602726,0.14527960,0.07000000,0.00549451,0.23433588,-0.23999999,0.23999999,-0.01229746,1.48876595,-2.24972939,-1.08208764,-0.56418318,0.00122106,0.05921264,
19558,5.79413939,2.30332875,20.53136063,6.00000000,-0.27553710,0.35610351,0.09130363,-1.82775414,0.03657626,0.07000000,0.00549451,0.04763448,-0.23999999,0.23999999,-0.01229746,0.09599311,-0.25132740,-1.80426908,-0.69737494,0.00122106,-0.12240405,
19566,3.22037244,-1.66027200,19.60061455,6.00000000,-0.25942382,0.34482422,0.14741942,-1.03005755,-0.12001841,0.07000000,0.00549451,0.07670177,-0.23999999,0.23999999,-0.01229746,-2.12755632,1.88670087,-1.00719976,-0.43041596,0.00122106,-0.22722268,
19573,0.05164651,0.27783421,10.73249245,5.00000000,-0.30454102,0.35932618,0.11989167,-0.78529322,-0.14111950,0.07000000,0.00549451,-0.07272562,-0.23999999,0.23999999,-0.01229746,-3.46796918,3.71057010,-0.78444338,-0.23666289,0.00122106,-0.33393571,
19582,-4.05919790,-0.23332785,4.80923700,6.00000000,-0.31098634,0.36899415,0.00882157,0.03103395,-0.15689453,0.07000000,0.00549451,-0.15988150,0.09333141,-0.11493973,-0.01229746,-5.00909472,5.52745819,0.03285676,0.18551363,0.00122106,-0.39660129,
19590,-2.28270006,1.04876721,-0.80037743,6.00000000,0.02739258,-0.09023438,0.18418783,0.78978783,-0.10535092,0.07000000,0.00549451,-0.17112973,0.18539524,-0.20821930,-0.01229746,-5.51873112,6.06851006,0.78887618,0.15397279,0.00122106,-0.38107064,
19598,-3.13264179,-0.53380018,-3.50462818,6.00000000,0.17080078,-0.22397462,0.18500073,1.15408123,-0.12798126,0.07000000,0.00549451,0.09128170,0.23999999,-0.23999999,-0.01229746,-4.25685787,3.96189737,1.16872859,0.45050281,0.00122106,-0.22282377,
19606,-1.46508026,-0.17227571,0.18124527,6.00000000,0.24814454,-0.31582031,0.03503446,1.27667642,-0.08650395,0.07000000,0.00549451,0.09801963,0.23999999,-0.23999999,-0.01229746,-1.67377079,1.35263014,1.29261923,0.39853129,0.00122106,-0.01711737,
19614,3.29219842,-1.78357339,3.39546108,6.00000000,0.27553710,-0.35126954,0.01078188,0.92540312,0.08418127,0.07000000,0.00549451,0.10761347,0.12146281,-0.10738622,-0.01229746,0.45902157,-0.80808741,0.93706274,-0.08256474,0.00122106,0.11760216,
19622,5.85638857,-0.87138259,10.95635033,6.00000000,0.15952149,-0.21591797,-0.44994807,0.15450768,0.18530956,0.07000000,0.00549451,0.02602877,-0.23999999,0.23999999,-0.01229746,1.52018178,-1.60046685,0.15139943,-0.29513115,0.00122106,0.13068564,
19630,9.14961338,0.46697617,18.62018967,6.00000000,-0.19335937,0.23525390,-0.33520487,-0.77112114,0.29708496,0.07000000,0.00549451,-0.25182018,-0.23999999,0.23999999,-0.01229746,0.86568326,-0.05235988,-0.77285504,-0.71922469,0.00122106,-0.02353583,
19638,2.12622237,-0.07650764,20.53136063,6.00000000,-0.29487306,0.38994139,-0.01948994,-1.10039186,0.21468176,0.07000000,0.00549451,0.02023162,-0.23999999,0.23999999,-0.01229746,-0.62657320,0.55676001,-1.08916342,-0.33025983,0.00122106,-0.12709795,
19645,5.43261480,1.51204515,19.46055412,5.00000000,-0.28520507,0.33354491,-0.03538768,-0.68377936,0.01629069,0.07000000,0.00549451,-0.00321841,-0.23999999,0.23999999,-0.01229746,-2.70351481,2.73493099,-0.66789615,-0.72176129,0.00122106,-0.26189736,
19654,-1.43275857,-0.92525214,12.99980164,6.00000000,-0.30454102,0.38349611,0.23255771,-0.33651474,-0.11134431,0.07000000,0.00549451,0.09422284,-0.19423690,0.20693368,-0.01229746,-4.36332321,4.09279728,-0.37262267,0.00012535,0.00122106,-0.35080647,
19662,-2.27072906,-0.34226403,4.38067484,6.00000000,-0.25458986,0.31904298,-0.04191115,0.41019583,-0.19036245,0.07000000,0.00549451,-0.04342575,-0.03249530,0.02694751,-0.01229746,-5.71071768,5.85557985,0.40641969,0.04649881,0.00122106,-0.41088733,
19670,-2.82019854,1.72034073,0.85641015,6.00000000,-0.08862305,0.07573242,0.22008583,1.02747977,-0.16269165,0.07000000,0.00549451,-0.16081156,0.23020646,-0.23999999,-0.01229746,-6.23082542,6.73522568,1.04205847,0.16516365,0.00122106,-0.41473567,
19678,-3.31460118,-0.63555372,-2.15310144,6.00000000,0.18208008,-0.27392578,0.22144829,1.52214885,-0.19509320,0.07000000,0.00549451,0.04233510,0.23999999,-0.23999999,-0.01229746,-5.49080610,5.35641527,1.53867388,0.39255118,0.00122106,-0.29540706,
19686,-1.63267434,-0.00468158,-1.21457434,6.00000000,0.25136718,-0.30454102,0.11152737,1.70811057,-0.17055549,0.07000000,0.00549451,0.15737011,0.23999999,-0.23999999,-0.01229746,-2.99498510,2.48534870,1.73088169,0.42825699,0.00122106,-0.07337387,
19694,1.66892982,-1.72132421,2.50721216,6.00000000,0.25136718,-0.33354491,0.02821488,1.40149534,-0.05395444,0.07000000,0.00549451,0.21636689,0.23999999,-0.23999999,-0.01229746,-0.67020649,-0.03665191,1.41644812,0.10230839,0.00122106,0.08379453,
19702,4.83167028,-1.34304035,9.72213936,6.00000000,0.28359374,-0.36093751,-0.36458093,0.67793190,0.05692873,0.07000000,0.00549451,0.18915936,-0.00063765,0.02557848,-0.01229746,1.23394775,-1.83783174,0.67552739,-0.15920958,0.00122106,0.16972700,
19710,9.15799236,-0.57689577,14.45906734,6.00000000,0.07573242,-0.05639648,-0.40957806,-0.37294915,0.15378648,0.07000000,0.00549451,0.21930867,-0.23999999,0.23999999,-0.01229746,1.43291533,-2.13977361,-0.37938440,-0.54896516,0.00122106,0.10690902,
19717,7.93575287,2.32128549,20.53136063,5.00000000,-0.19980469,0.24008790,-0.12479085,-1.35088897,0.09997969,0.07000000,0.00549451,-0.10861327,-0.23999999,0.23999999,-0.01229746,0.42411500,-0.06457718,-1.33878016,-0.60790002,0.00122106,-0.08251586,
19726,1.22001696,-2.06608915,20.53136063,6.00000000,-0.26909178,0.36577147,0.29103705,-1.43525815,-0.01853010,0.07000000,0.00549451,0.12585649,-0.23999999,0.23999999,-0.01229746,-1.47131264,1.06290555,-1.41556048,-0.20254573,0.00122106,-0.20278522,
19734,2.91750598,-0.07890183,13.67496586,6.00000000,-0.31259766,0.36254883,0.02644141,-0.85993636,-0.11113065,0.07000000,0.00549451,-0.17890842,-0.23999999,0.23999999,-0.01229746,-3.03512740,3.60585046,-0.85257095,-0.50696635,0.00122106,-0.32030150,
19742,-2.99976349,-1.04615927,7.80677748,6.00000000,-0.29487306,0.37060547,0.10234247,-0.27675557,-0.14492622,0.07000000,0.00549451,-0.16672815,-0.09854887,0.07586026,-0.01229746,-4.63210392,5.18886375,-0.28013539,0.08503765,0.00122106,-0.39510548,
19750,-3.62465024,0.67766589,1.06709993,6.00000000,-0.15468749,0.15952149,0.02094471,0.60235381,-0.14969091,0.07000000,0.00549451,-0.24059194,0.22087915,-0.23999999,-0.01229746,-5.71246243,6.49611568,0.59838814,0.21911997,0.00122106,-0.41981348,
19758,-2.55563903,0.17727774,-3.42083120,6.00000000,0.18691406,-0.23041992,0.28218049,1.16255081,-0.15693805,0.07000000,0.00549451,-0.05851944,0.23999999,-0.23999999,-0.01229746,-5.33721685,5.53269386,1.17277718,0.33832073,0.00122106,-0.32491747,
19766,-1.94152641,0.35564578,-3.49624848,6.00000000,0.25297850,-0.29970703,0.18987547,1.35057044,-0.17388482,0.07000000,0.00549451,0.10317524,0.23999999,-0.23999999,-0.01229746,-2.90422773,2.60228610,1.33241367,0.45334303,0.00122106,-0.10931113,
19774,0.21564932,-1.84223139,1.58424747,6.00000000,0.25781250,-0.32065430,0.10984074,1.18320549,-0.09671152,0.07000000,0.00549451,0.15941548,0.23999999,-0.23999999,-0.01229746,-0.60737455,0.08726646,1.19725919,0.23885179,0.00122106,0.06347826,
19782,4.21995163,-0.69900006,9.04338264,6.00000000,0.29648438,-0.36738282,-0.22283301,0.56311715,0.10151658,0.07000000,0.00549451,0.21804097,-0.00745589,0.03628740,-0.01229746,1.21823990,-1.91986215,0.56458855,-0.15037969,0.00122106,0.16525076,
19789,7.21150684,-0.77800876,14.44470215,5.00000000,0.04833984,-0.04511719,-0.40062034,-0.15808734,0.20429930,0.07000000,0.00549451,0.06215844,-0.23999999,0.23999999,-0.01229746,1.87622893,-2.07345128,-0.16386956,-0.34559637,0.00122106,0.13807841,
19798,8.67915249,1.39712346,20.53136063,6.00000000,-0.22397462,0.28359374,-0.28669670,-1.14753330,0.26492283,0.07000000,0.00549451,-0.17443971,-0.23999999,0.23999999,-0.01229746,0.40142572,0.18849556,-1.14313865,-0.77889669,0.00122106,-0.07893573,
19806,1.16255605,-1.08686078,20.53136063,6.00000000,-0.27714843,0.36899415,0.01132347,-1.17593455,0.11442678,0.07000000,0.00549451,0.03726640,-0.23999999,0.23999999,-0.01229746,-1.22347581,1.10304809,-1.16050231,-0.16280144,0.00122106,-0.17738828,
19814,2.59428883,2.09144211,14.99536800,6.00000000,-0.28037110,0.34321290,0.08460598,-0.77371550,-0.01990303,0.07000000,0.00549451,-0.13502973,-0.23999999,0.23999999,-0.01229746,-3.09097815,3.51334786,-0.76410627,-0.47651243,0.00122106,-0.30980089,
19822,-3.29185605,-0.94799703,9.05056572,6.00000000,-0.29003906,0.36416015,0.10384597,-0.20200609,-0.12091763,0.07000000,0.00549451,-0.05459982,-0.01816101,0.01072466,-0.01229746,-4.63035822,4.80140066,-0.20380896,0.12143835,0.00122106,-0.37334287,
19830,-4.20883560,1.79456103,1.93260384,6.00000000,-0.06606445,0.04995117,0.11793554,0.61275750,-0.16357084,0.07000000,0.00549451,-0.21473037,0.23999999,-0.23999999,-0.01229746,-5.29358339,5.97426176,0.61014354,0.28790182,0.00122106,-0.38337356,
19838,-2.31143045,0.44423124,-4.24084520,6.00000000,0.19980469,-0.27875978,0.50441891,1.08848226,-0.13057844,0.07000000,0.00549451,-0.14913493,0.23999999,-0.23999999,-0.01229746,-4.29176474,4.75951290,1.09855378,0.42429575,0.00122106,-0.26405120,
19846,-2.54606223,-0.71575952,-4.03374672,6.00000000,0.24492188,-0.29487306,0.31607985,1.23296022,-0.12854680,0.07000000,0.00549451,0.06535824,0.23999999,-0.23999999,-0.01229746,-1.94429684,1.72089458,1.25453198,0.57139677,0.00122106,-0.04480068,
19854,-0.34579098,-2.22171235,1.21793461,6.00000000,0.25458986,-0.33032227,0.03241526,1.04664457,-0.01843423,0.07000000,0.00549451,0.15053879,0.23999999,-0.23999999,-0.01229746,0.37524578,-0.86568326,1.06105542,0.32604647,0.00122106,0.13182876,
19861,2.42549753,-1.80631840,7.38180685,5.00000000,0.30292970,-0.37060547,-0.35944378,0.56623733,0.12458918,0.07000000,0.00549451,0.25455862,0.23999999,-0.23999999,-0.01229746,1.85703039,-2.67908049,0.56790382,0.04335728,0.00122106,0.21558377,
19870,6.65485477,-0.45000309,14.13106155,6.00000000,0.29970703,-0.37060547,-0.54622859,-0.22340517,0.24630097,0.07000000,0.00549451,0.29748210,-0.22933178,0.23999999,-0.01229746,3.45051599,-4.40172052,-0.22794664,-0.25414735,0.00122106,0.28317890,
19878,11.00392246,1.52641046,19.56589890,6.00000000,-0.13535157,0.21752930,-0.40131253,-1.37019670,0.14343868,0.07000000,0.00549451,0.42098480,-0.23999999,0.23999999,-0.01229746,2.36492109,-3.76467514,-1.36158681,-0.57838356,0.00122106,0.12693091,
19886,5.52239752,0.87758172,20.53136063,6.00000000,-0.28681642,0.34965819,0.19037904,-2.14589500,-0.04384827,0.07000000,0.00549451,0.17048010,-0.23999999,0.23999999,-0.01229746,0.84299403,-1.38928211,-2.11821961,-0.72311425,0.00122106,-0.07440363,
19894,2.01369476,-2.84061360,20.53136063,6.00000000,-0.27070314,0.34160155,0.46162701,-1.51637125,-0.14362602,0.07000000,0.00549451,0.12572140,-0.23999999,0.23999999,-0.01229746,-1.23045707,0.83252209,-1.49024582,-0.38830626,0.00122106,-0.19370708,
19902,-0.24164319,-1.53577352,9.43962288,6.00000000,-0.30454102,0.36093751,-0.03056052,-1.11867237,-0.12463898,0.07000000,0.00549451,-0.03702785,-0.23999999,0.23999999,-0.01229746,-2.73493099,2.84314132,-1.12249637,-0.21038458,0.00122106,-0.29621175,
19910,-4.74154520,0.85603392,4.23702288,6.00000000,-0.29648438,0.36254883,0.03478125,-0.14887103,-0.08961192,0.07000000,0.00549451,-0.26897418,0.17020497,-0.20686626,-0.01229746,-3.97586012,4.88343096,-0.17448276,0.25778693,0.00122106,-0.35015649,
19918,-3.05842161,-0.32550460,-2.69897938,6.00000000,0.12568359,-0.18369141,0.14699797,0.59388906,-0.04855545,0.07000000,0.00549451,-0.17896324,0.23999999,-0.23999999,-0.01229746,-4.44360828,5.01433086,0.59153390,0.28843024,0.00122106,-0.31542948,
19926,-2.99736929,-0.12199747,-5.32901001,6.00000000,0.23525390,-0.30776367,0.15522090,0.97117305,-0.10662899,0.07000000,0.00549451,0.06984572,0.23999999,-0.23999999,-0.01229746,-2.50803804,2.25845599,0.98275793,0.53193319,0.00122106,-0.10904619,
19933,-1.50099325,-0.21896264,-0.29998928,5.00000000,0.25458986,-0.33515626,0.12802176,0.98440349,-0.10193537,0.07000000,0.00549451,0.11305912,0.23999999,-0.23999999,-0.01229746,-0.12740904,-0.24434610,0.99771816,0.44620031,0.00122106,0.08269844,
19942,2.59069753,-1.55253303,5.46405125,6.00000000,0.29326171,-0.35771483,0.04092581,0.59727740,0.04690418,0.07000000,0.00549451,0.11763487,0.18608300,-0.17097917,-0.01229746,1.82386911,-2.19911480,0.60300362,-0.02034086,0.00122106,0.19880439,
19950,6.64647532,0.02764014,12.34259319,6.00000000,0.23686524,-0.28520507,-0.31852064,-0.11410742,0.17065048,0.07000000,0.00549451,0.13924816,-0.23999999,0.23999999,-0.01229746,3.09970474,-3.53952789,-0.11638665,-0.37971836,0.00122106,0.24395637,
19958,10.36107922,0.09467778,18.77700996,6.00000000,-0.15952149,0.21591797,-0.33397537,-1.03860927,0.29838106,0.07000000,0.00549451,-0.05298834,-0.23999999,0.23999999,-0.01229746,2.48011303,-2.28638124,-1.03553188,-0.67621797,0.00122106,0.10446739,
19966,4.23311996,0.99370050,20.53136063,6.00000000,-0.27875978,0.37866211,-0.16307139,-1.56744623,0.24141920,0.07000000,0.00549451,-0.06051784,-0.23999999,0.23999999,-0.01229746,0.93898714,-0.74001962,-1.55166817,-0.50997734,0.00122106,-0.05124808,
19974,5.24945831,0.77941948,18.94580078,6.00000000,-0.25942382,0.33676758,-0.02352007,-0.81668061,0.02625698,0.07000000,0.00549451,-0.03321741,-0.23999999,0.23999999,-0.01229746,-1.64235485,1.69296932,-0.78578782,-0.67806345,0.00122106,-0.19005466,
19982,-1.43874407,0.61302245,11.49863625,6.00000000,-0.31582031,0.36254883,0.18539026,-0.55895275,-0.08914573,0.07000000,0.00549451,-0.07192787,-0.23999999,0.23158526,-0.01229746,-3.02814627,3.25329351,-0.58147681,-0.02179903,0.00122106,-0.28245717,
19990,-3.23319817,0.24790670,3.22666979,6.00000000,-0.29809570,0.33999023,0.04321234,0.33084410,-0.17325684,0.07000000,0.00549451,-0.07452524,0.12113306,-0.13108575,-0.01229746,-4.72809696,5.00909472,0.36206931,0.14387307,0.00122106,-0.34400350,
19998,-3.37325907,2.14770579,-0.44005007,6.00000000,0.08378907,-0.10795899,0.37109405,1.08172786,-0.12547095,0.07000000,0.00549451,-0.16595854,0.23999999,-0.23999999,-0.01229746,-4.89913940,5.43320990,1.08552003,0.24902338,0.00122106,-0.31033176,
20005,-3.01891708,-0.95398253,-4.37372351,5.00000000,0.23847656,-0.27392578,0.40046573,1.40260375,-0.12317462,0.07000000,0.00549451,0.05738538,0.23999999,-0.23999999,-0.01229746,-3.42782664,3.22536850,1.42419457,0.51170129,0.00122106,-0.14830542,
20014,-0.91321677,-0.93722314,-2.07648683,6.00000000,0.26264650,-0.32871094,0.11031345,1.42865050,-0.12951227,0.07000000,0.00549451,0.20214108,0.23999999,-0.23999999,-0.01229746,-0.99309236,0.33684853,1.45073092,0.39830852,0.00122106,0.05902600,
20022,1.35648644,-1.97032118,4.57340813,6.00000000,0.28842774,-0.35288087,-0.03678203,1.09886456,0.04404687,0.07000000,0.00549451,0.20176400,0.23999999,-0.23999999,-0.01229746,1.02101767,-1.67377079,1.10618913,0.12370935,0.00122106,0.18854788,
20030,4.58027887,-1.71773291,10.83065414,6.00000000,0.28037110,-0.37382811,-0.47867063,0.42015046,0.15486676,0.07000000,0.00549451,0.25771931,0.05212156,-0.01817192,-0.01229746,2.61101270,-3.44702530,0.41476858,-0.12074526,0.00122106,0.26083142,
20038,8.74020481,-0.31473070,15.63222599,6.00000000,0.13857421,-0.09023438,-0.42534655,-0.42218527,0.27609617,0.07000000,0.00549451,0.21659149,-0.23999999,0.23999999,-0.01229746,3.19918847,-3.89557481,-0.42656532,-0.45064977,0.00122106,0.23819730,
20046,9.03947926,1.20439029,20.53136063,6.00000000,-0.19980469,0.22397462,-0.27611607,-1.48313534,0.18692949,0.07000000,0.00549451,-0.02535787,-0.23999999,0.23999999,-0.01229746,1.95476878,-1.86575699,-1.47144032,-0.64543366,0.00122106,0.03344770,
20054,2.49492931,-1.00545788,20.53136063,6.00000000,-0.27875978,0.36416015,0.31991410,-1.73919499,0.07850470,0.07000000,0.00549451,0.10035983,-0.23999999,0.23999999,-0.01229746,0.18151423,-0.52883476,-1.72824717,-0.33782196,0.00122106,-0.10336580,
20062,2.71639299,-0.23332785,13.47983837,6.00000000,-0.28842774,0.31582031,0.00210467,-0.84996468,-0.11095929,0.07000000,0.00549451,-0.10757332,-0.23999999,0.23999999,-0.01229746,-1.66155338,2.01760054,-0.84192884,-0.48331302,0.00122106,-0.20036903,
20070,-2.91836071,-0.67864937,6.55101871,6.00000000,-0.29809570,0.38188475,0.10420548,-0.41388863,-0.15125732,0.07000000,0.00549451,-0.16544075,-0.10528948,0.08249760,-0.01229746,-3.23409510,3.75769401,-0.41887528,0.06708366,0.00122106,-0.29957381,
20077,-3.17573738,1.82089722,0.11660182,5.00000000,-0.16274413,0.14824219,0.15688579,0.55189013,-0.16587403,0.07000000,0.00549451,-0.30513909,0.22450629,-0.23999999,-0.01229746,-4.19053555,5.17490101,0.54389977,0.19866222,0.00122106,-0.31538290,
20086,-3.05842161,-1.18023467,-3.01381683,6.00000000,0.18369141,-0.26586914,0.44429082,1.08486187,-0.14842100,0.07000000,0.00549451,-0.16158016,0.23999999,-0.23999999,-0.01229746,-3.60585046,4.12421322,1.09640253,0.42363387,0.00122106,-0.20874333,
20094,-2.06961608,0.28621393,-2.86537647,6.00000000,0.24975586,-0.29326171,0.25547644,1.30636799,-0.13282545,0.07000000,0.00549451,0.07179562,0.23999999,-0.23999999,-0.01229746,-1.21649444,0.99832833,1.32467163,0.51232100,0.00122106,0.01386216,
20102,0.63822591,-1.99186897,1.57586777,6.00000000,0.27875978,-0.34643555,0.02632330,1.14749479,-0.05665872,0.07000000,0.00549451,0.09566601,0.23999999,-0.23999999,-0.01229746,0.82554072,-1.15017200,1.16217768,0.21522158,0.00122106,0.16023807,
20110,3.75308228,-0.38775384,8.93684101,6.00000000,0.28520507,-0.38510743,-0.27921966,0.62965453,0.12668118,0.07000000,0.00549451,0.14764178,0.08521314,-0.06614688,-0.01229746,2.51501966,-2.98451304,0.63153547,-0.11783306,0.00122106,0.25960487,
20118,7.41860533,-1.06890428,15.64180279,6.00000000,0.15307617,-0.15468749,-0.42703235,-0.14425743,0.29265970,0.07000000,0.00549451,-0.00088252,-0.23999999,0.23999999,-0.01229746,3.57792497,-3.55349040,-0.15148944,-0.39113584,0.00122106,0.26116878,
20126,9.28847694,1.43183947,20.53136063,6.00000000,-0.20786133,0.21914062,-0.40590584,-1.10493016,0.29302263,0.07000000,0.00549451,-0.16564344,-0.23999999,0.23999999,-0.01229746,2.43124366,-1.89891827,-1.10129309,-0.73999977,0.00122106,0.07974695,
20134,2.01489186,0.06834157,20.53136063,6.00000000,-0.27070314,0.35610351,0.08101664,-1.35752547,0.16523132,0.07000000,0.00549451,-0.04074682,-0.23999999,0.23999999,-0.01229746,0.56025064,-0.43284163,-1.34325266,-0.26121217,0.00122106,-0.06460973,
20142,2.98813486,1.63774073,15.46702576,6.00000000,-0.29003906,0.32709962,-0.02325195,-0.58578330,-0.08081418,0.07000000,0.00549451,-0.12101561,-0.23999999,0.23999999,-0.01229746,-1.56730568,1.96698606,-0.58467859,-0.50129855,0.00122106,-0.17881903,
20149,-2.19770598,0.12101401,8.83748150,5.00000000,-0.28681642,0.39316407,0.20904545,-0.26015607,-0.17630658,0.07000000,0.00549451,-0.11900072,-0.11739635,0.10092461,-0.01229746,-3.02989173,3.42259073,-0.26207587,0.02586937,0.00122106,-0.26600105,
20158,-3.84491682,1.80533493,1.66924167,6.00000000,-0.17402343,0.18208008,0.14036757,0.66949260,-0.24827348,0.07000000,0.00549451,-0.22959201,0.23999999,-0.23999999,-0.01229746,-4.18006372,4.92706442,0.66523147,0.23797128,0.00122106,-0.29734069,
20166,-2.92554331,0.01327493,-2.67024899,6.00000000,0.19335937,-0.25781250,0.57594758,1.24116993,-0.20462684,0.07000000,0.00549451,-0.16621375,0.23999999,-0.23999999,-0.01229746,-3.56570768,4.08930635,1.25127625,0.41779935,0.00122106,-0.19715095,
20174,-2.57838416,-1.23649836,-4.69813776,6.00000000,0.24008790,-0.29487306,0.29500946,1.45481503,-0.17491673,0.07000000,0.00549451,0.03060671,0.23999999,-0.23999999,-0.01229746,-1.12922800,1.01229095,1.48047042,0.57187146,0.00122106,0.02820580,
20182,0.06002622,-2.09841108,-0.17549078,6.00000000,0.26748046,-0.32871094,0.02498792,1.31816518,-0.09914769,0.07000000,0.00549451,0.11291257,0.23999999,-0.23999999,-0.01229746,0.97912967,-1.36833811,1.33874917,0.30194449,0.00122106,0.19077142,
20190,2.21839905,-1.60281122,6.42412615,6.00000000,0.28681642,-0.37705079,-0.34108597,0.92532575,0.05729143,0.07000000,0.00549451,0.13736613,0.23999999,-0.23999999,-0.01229746,2.76285625,-3.21664190,0.93064189,0.05430225,0.00122106,0.29554421,
20198,5.60499716,-1.61837351,14.58476257,6.00000000,0.29970703,-0.38188475,-0.60577995,0.20251909,0.19053045,0.07000000,0.00549451,0.13612877,-0.08360443,0.10066226,-0.01229746,4.38426685,-4.79965544,0.19405186,-0.21905142,0.00122106,0.36592326,
20206,10.15038967,1.30973518,19.23430252,6.00000000,0.00644531,0.04995117,-0.39702079,-0.86295944,0.15141861,0.07000000,0.00549451,0.29101712,-0.23999999,0.23999999,-0.01229746,3.88510299,-4.83281660,-0.86369467,-0.61649454,0.00122106,0.26763350,
20214,6.56148100,1.16009760,20.53136063,6.00000000,-0.22558594,0.29165038,0.06564040,-1.78599751,-0.01760898,0.07000000,0.00549451,0.02077338,-0.23999999,0.23999999,-0.01229746,2.35444903,-2.42077160,-1.76781607,-0.61503708,0.00122106,0.04679790,
20221,0.52091002,-2.67661071,20.53136063,5.00000000,-0.25942382,0.35610351,0.35437268,-1.58807278,-0.16650690,0.07000000,0.00549451,0.09715226,-0.23999999,0.23999999,-0.01229746,0.56548673,-0.88139129,-1.56544054,-0.17724818,0.00122106,-0.06413060,
20230,0.43591589,-0.88574779,10.56370068,6.00000000,-0.29648438,0.34643555,0.06015185,-0.88904703,-0.17737067,0.07000000,0.00549451,-0.10239981,-0.23999999,0.23999999,-0.01229746,-1.22522104,1.55857909,-0.88951987,-0.27573669,0.00122106,-0.17501393,
20238,-4.62542629,-0.44641179,5.16597319,6.00000000,-0.30292970,0.34160155,0.10637425,-0.14958464,-0.18523888,0.07000000,0.00549451,-0.22791879,0.20455408,-0.23586336,-0.01229746,-2.63021111,3.35626817,-0.15602666,0.24364623,0.00122106,-0.24044034,
20246,-2.72083902,0.05996186,-3.13232994,6.00000000,0.15629883,-0.24492188,0.18590413,0.69612509,-0.15028566,0.07000000,0.00549451,-0.15717980,0.23999999,-0.23999999,-0.01229746,-3.04036355,3.54650903,0.69313151,0.25297752,0.00122106,-0.19790791,
20254,-2.85730863,-0.11840616,-6.24958038,6.00000000,0.22880860,-0.29970703,0.22709402,1.04231024,-0.17103459,0.07000000,0.00549451,0.05281398,0.23999999,-0.23999999,-0.01229746,-0.83077669,0.66322511,1.05780590,0.52584779,0.00122106,0.02048796,
20262,-0.66900820,0.03961115,-1.06373966,6.00000000,0.25942382,-0.36577147,0.13847893,1.05418646,-0.15345506,0.07000000,0.00549451,0.03640346,0.23999999,-0.23999999,-0.01229746,1.45211387,-1.58126831,1.07106388,0.37002021,0.00122106,0.19835600,
20270,1.22121406,-1.54774463,5.11210346,6.00000000,0.29326171,-0.35610351,0.01512633,0.79037577,-0.04468127,0.07000000,0.00549451,0.04771555,0.23999999,-0.23999999,-0.01229746,3.30041766,-3.43829870,0.79708987,0.11183509,0.00122106,0.31735861,
20278,5.63971329,0.42747182,11.51060772,6.00000000,0.30292970,-0.37543947,-0.32393301,0.15873395,0.13355628,0.07000000,0.00549451,0.05184594,-0.21527168,0.22078902,-0.01229746,4.83281660,-4.97069740,0.15752244,-0.31281635,0.00122106,0.38780731,
20286,9.69070244,0.03123144,17.14296722,6.00000000,-0.14340821,0.17885742,-0.39591968,-0.79832000,0.28948891,0.07000000,0.00549451,-0.10289581,-0.23999999,0.23999999,-0.01229746,4.52738380,-4.18529940,-0.79995209,-0.62429541,0.00122106,0.27108580,
20293,6.04193926,0.43465441,20.53136063,5.00000000,-0.28359374,0.36738282,-0.31304291,-1.48497713,0.26601610,0.07000000,0.00549451,-0.20764522,-0.23999999,0.23999999,-0.01229746,3.00371170,-2.34397721,-1.47197890,-0.72018164,0.00122106,0.09098069,
20302,4.50845289,0.62978184,20.53136063,6.00000000,-0.24814454,0.33032227,-0.02568378,-0.83968514,-0.00095531,0.07000000,0.00549451,-0.12517813,-0.23999999,0.23999999,-0.01229746,0.13788101,0.26354474,-0.81906086,-0.52966565,0.00122106,-0.07198155,
20310,-1.81822503,0.87159622,13.22605324,6.00000000,-0.30131835,0.38349611,0.11153899,-0.53785497,-0.15234096,0.07000000,0.00549451,-0.18496677,-0.13115750,0.10532174,-0.01229746,-1.15191734,1.74009323,-0.53641379,0.01713938,0.00122106,-0.15191513,
20318,-2.42635226,0.44303414,2.68198895,6.00000000,-0.16757813,0.17885742,0.11660233,0.18662915,-0.25946614,0.07000000,0.00549451,-0.10901596,0.07288609,-0.08793747,-0.01229746,-2.60926723,2.96705961,0.18051690,0.08811765,0.00122106,-0.20180665,
20326,-3.87484431,2.62295485,-1.06373966,6.00000000,0.01289062,-0.05639648,0.35677794,0.90218902,-0.23737916,0.07000000,0.00549451,-0.13545734,0.23999999,-0.23999999,-0.01229746,-2.46091413,2.89201045,0.90255970,0.37672880,0.00122106,-0.13596466,
20334,-3.01412868,-1.31191576,-4.52336121,6.00000000,0.23364258,-0.28681642,0.49697077,1.27568376,-0.20894559,0.07000000,0.00549451,0.04222143,0.23999999,-0.23999999,-0.01229746,-0.98611104,0.82030475,1.29344165,0.53736937,0.00122106,0.03209072,
20342,-0.90603417,-0.88694489,-2.49786639,6.00000000,0.26264650,-0.33354491,0.19197589,1.28911650,-0.18575785,0.07000000,0.00549451,0.10321603,0.23999999,-0.23999999,-0.01229746,1.20078659,-1.54636168,1.31153142,0.40594691,0.00122106,0.20148444,
20350,0.47063181,-2.06130075,3.47087836,6.00000000,0.27875978,-0.36899415,-0.00949751,1.05593622,-0.02381624,0.07000000,0.00549451,0.13022676,0.23999999,-0.23999999,-0.01229746,3.18871641,-3.60235953,1.06560326,0.20385320,0.00122106,0.34002647,
20358,3.71477509,-2.41923404,9.98071289,6.00000000,0.27231446,-0.36416015,-0.48519608,0.47171929,0.10088409,0.07000000,0.00549451,0.11894225,0.18125537,-0.16652671,-0.01229746,4.83281660,-5.22377014,0.46838158,-0.07647371,0.00122106,0.41768119,
20365,7.83399916,-0.38416255,16.12423515,5.00000000,0.24492188,-0.27553710,-0.51852846,-0.30806798,0.23812300,0.07000000,0.00549451,0.14919633,-0.23999999,0.23999999,-0.01229746,5.85557985,-6.33903599,-0.31298855,-0.43646622,0.00122106,0.44049767,
20374,10.19947052,0.95898461,20.53136063,6.00000000,-0.19013672,0.22719726,-0.42367813,-1.53739107,0.11817589,0.07000000,0.00549451,0.16562383,-0.23999999,0.23999999,-0.01229746,4.55356407,-5.08065367,-1.52933109,-0.60234457,0.00122106,0.25068951,
20382,3.81413460,0.37120807,20.53136063,6.00000000,-0.27070314,0.37705079,0.20729123,-2.18656397,0.00220919,0.07000000,0.00549451,0.06705514,-0.23999999,0.23999999,-0.01229746,2.99498510,-3.21489644,-2.16148615,-0.52787507,0.00122106,0.06981386,
20390,1.37564003,-1.91046619,16.63060760,6.00000000,-0.27070314,0.32871094,0.23054151,-1.39553630,-0.17901602,0.07000000,0.00549451,0.06266055,-0.23999999,0.23999999,-0.01229746,0.47996554,-0.65798914,-1.37772369,-0.34848130,0.00122106,-0.06157562,
20398,-3.35889387,-1.01982307,7.98873711,6.00000000,-0.29648438,0.36416015,0.10142278,-0.87408429,-0.18463449,0.07000000,0.00549451,-0.08814024,-0.08837628,0.07556351,-0.01229746,-0.97738439,1.24965572,-0.87987983,0.08607382,0.00122106,-0.15186542,
20406,-3.13503599,1.30973518,-0.48553991,6.00000000,-0.12568359,0.12407227,0.20823671,0.16782942,-0.21623810,0.07000000,0.00549451,-0.21808180,0.22180480,-0.23999999,-0.01229746,-2.05250716,2.77158284,0.15485424,0.19511425,0.00122106,-0.17123601,
20414,-3.04046488,-1.27959394,-4.90164471,6.00000000,0.18691406,-0.25781250,0.41328466,0.71645540,-0.15193266,0.07000000,0.00549451,-0.11724341,0.23999999,-0.23999999,-0.01229746,-1.54985237,1.93033409,0.72132033,0.40720093,0.00122106,-0.07758268,
20422,-2.73879552,0.43824574,-4.52814960,6.00000000,0.24008790,-0.30776367,0.17883301,0.97090691,-0.15600570,0.07000000,0.00549451,0.05349810,0.23999999,-0.23999999,-0.01229746,0.71209431,-0.86742866,0.98374510,0.56742924,0.00122106,0.13557380,
20430,-0.76118499,-1.14192736,1.45256639,6.00000000,0.28198242,-0.35932618,0.02901795,0.91136348,-0.08784834,0.07000000,0.00549451,0.04258594,0.23999999,-0.23999999,-0.01229746,2.81521606,-2.98451304,0.92246300,0.36986619,0.00122106,0.28928274,
20437,3.35923624,-0.60442913,7.13759851,5.00000000,0.27553710,-0.35610351,-0.11985342,0.55033153,0.14369340,0.07000000,0.00549451,0.03403031,0.14425187,-0.14099094,-0.01229746,4.53785610,-4.66351986,0.55455136,-0.10239741,0.00122106,0.39420110,
20446,6.52317381,-1.15509546,14.99177742,6.00000000,0.18691406,-0.25136718,-0.45443386,-0.17848738,0.27455422,0.07000000,0.00549451,-0.06309398,-0.23999999,0.23999999,-0.01229746,5.77704000,-5.57807255,-0.18353349,-0.36984727,0.00122106,0.41989446,
20454,9.49078655,0.79019338,20.53136063,6.00000000,-0.18691406,0.21269532,-0.44316277,-1.16691339,0.37790334,0.07000000,0.00549451,-0.22423360,-0.23999999,0.23999999,-0.01229746,4.82234430,-4.10152388,-1.16323221,-0.72543287,0.00122106,0.25018901,
20462,1.66653562,0.51964861,20.53136063,6.00000000,-0.26748046,0.37221679,-0.10270702,-1.68922579,0.26440665,0.07000000,0.00549451,-0.06902380,-0.23999999,0.23999999,-0.01229746,2.98974895,-2.75412965,-1.67372775,-0.29508013,0.00122106,0.09093364,
20470,3.36881304,2.24467087,18.01086617,6.00000000,-0.26425782,0.33676758,-0.07536572,-0.96848547,-0.00785386,0.07000000,0.00549451,-0.08780129,-0.23999999,0.23999999,-0.01229746,0.45553094,-0.16755162,-0.95000774,-0.52948761,0.00122106,-0.05325586,
20478,-2.94948530,0.55556160,10.25604630,6.00000000,-0.29648438,0.37060547,0.21708345,-0.51325810,-0.14451435,0.07000000,0.00549451,-0.06422436,0.01390217,-0.02333146,-0.01229746,-1.12573731,1.33343160,-0.51555532,0.10797751,0.00122106,-0.13341483,
20486,-3.76949930,1.12298739,1.64290535,6.00000000,-0.02416992,0.00966797,0.21059164,0.25689048,-0.21102241,0.07000000,0.00549451,-0.14105940,0.23999999,-0.23999999,-0.01229746,-1.86052096,2.31081581,0.25098342,0.24415314,0.00122106,-0.13998908,
20494,-2.80942440,0.87758172,-4.39167976,6.00000000,0.21752930,-0.26103514,0.52397263,0.80424285,-0.20844817,0.07000000,0.00549451,-0.00819778,0.23999999,-0.23999999,-0.01229746,-0.72954762,0.76794487,0.80816853,0.44507226,0.00122106,0.00816737,
20502,-2.18573499,-0.88574779,-5.07881594,6.00000000,0.26264650,-0.32226563,0.34490156,0.97128510,-0.16928694,0.07000000,0.00549451,0.12350954,0.23999999,-0.23999999,-0.01229746,1.49574709,-1.85703039,0.98771262,0.51787633,0.00122106,0.20419583,
20509,-1.77991784,-1.86258209,0.19201918,5.00000000,0.27231446,-0.33999023,0.12213370,0.90341455,-0.11549001,0.07000000,0.00549451,0.16624275,0.23999999,-0.23999999,-0.01229746,3.19569802,-3.72453260,0.91448337,0.46210071,0.00122106,0.33611813,
20518,2.16572666,-2.10080528,6.24695539,6.00000000,0.29648438,-0.37382811,-0.31923214,0.53386980,0.06942219,0.07000000,0.00549451,0.14970252,0.23999999,-0.23999999,-0.01229746,5.26740360,-5.72642517,0.53638822,0.08216050,0.00122106,0.46107557,
20526,4.49648190,-1.51661992,13.45469952,6.00000000,0.28037110,-0.36738282,-0.61253428,-0.09811158,0.23758431,0.07000000,0.00549451,0.13486633,0.08550555,-0.06913145,-0.01229746,6.84518147,-7.26755095,-0.10292739,-0.11212420,0.00122106,0.53264934,
20534,9.39142704,0.56035000,18.68602943,6.00000000,0.16113281,-0.15791015,-0.56619549,-1.14855182,0.26100171,0.07000000,0.00549451,0.26034337,-0.23999999,0.23999999,-0.01229746,7.02145958,-7.85747242,-1.14576852,-0.54037333,0.00122106,0.47998953,
20542,8.93054390,1.85681021,20.53136063,6.00000000,-0.18852539,0.21430664,-0.11303305,-2.29319596,0.07850043,0.07000000,0.00549451,0.04057488,-0.23999999,0.23999999,-0.01229746,5.93935537,-6.06851006,-2.26738644,-0.59190965,0.00122106,0.28480136,
20550,2.61583662,-1.19579697,20.53136063,6.00000000,-0.29487306,0.33999023,0.45066658,-2.73435068,-0.04468136,0.07000000,0.00549451,0.16270962,-0.23999999,0.23999999,-0.01229746,4.14864779,-4.67573690,-2.69943523,-0.41536093,0.00122106,0.13244623,
20558,1.43310094,-2.49106002,13.12430000,6.00000000,-0.26909178,0.32226563,0.07519627,-1.72311950,-0.21189044,0.07000000,0.00549451,-0.09019656,-0.23999999,0.23999999,-0.01229746,2.00014734,-1.72089458,-1.71473122,-0.40756932,0.00122106,0.00967789,
20566,-3.72520661,-0.52661753,6.23857546,6.00000000,-0.28681642,0.34482422,0.05619735,-1.05730307,-0.20773536,0.07000000,0.00549451,-0.20800184,-0.03443123,0.00510129,-0.01229746,0.08377581,0.57944930,-1.06874597,0.13900620,0.00122106,-0.10245869,
20574,-2.81900144,0.56035000,-2.99466324,6.00000000,-0.06767578,0.04672851,0.25197628,-0.05430565,-0.20368209,0.07000000,0.00549451,-0.22987269,0.23999999,-0.23999999,-0.01229746,-0.96865773,1.70693207,-0.07360959,0.22722897,0.00122106,-0.10918889,
20581,-2.86089993,-0.81990725,-4.85376072,5.00000000,0.21752930,-0.26748046,0.24930774,0.40606168,-0.19777878,0.07000000,0.00549451,-0.01201445,0.23999999,-0.23999999,-0.01229746,-0.35779250,0.38571778,0.40587601,0.40311900,0.00122106,0.00407075,
20590,-1.17179060,1.39353216,-3.39808631,6.00000000,0.26103514,-0.31743163,0.20342632,0.64057034,-0.19176021,0.07000000,0.00549451,0.10305206,0.23999999,-0.23999999,-0.01229746,1.84655845,-2.13802838,0.64816594,0.39830029,0.00122106,0.20528170,
20598,-0.59359086,-0.67146677,3.83360004,6.00000000,0.25781250,-0.37382811,-0.00885496,0.66294551,-0.07554905,0.07000000,0.00549451,-0.09872615,0.23999999,-0.23999999,-0.01229746,4.25860357,-3.95666146,0.66787463,0.30934405,0.00122106,0.36316639,
20606,4.55873108,0.49810079,10.15070152,6.00000000,0.29487306,-0.38671875,0.02216380,0.20260236,0.25134531,0.07000000,0.00549451,-0.18494253,-0.07998101,0.05314109,-0.01229746,6.07549143,-5.41575623,0.20273182,-0.22830942,0.00122106,0.45034337,
20614,9.29087067,-1.83265460,14.98459435,6.00000000,-0.01450195,-0.03222656,-0.40986297,-0.72134638,0.44779846,0.07000000,0.00549451,-0.27824789,-0.23999999,0.23999999,-0.01229746,6.20115471,-5.25867701,-0.72031057,-0.75381923,0.00122106,0.38207936,
20622,5.89230156,1.36839306,20.53136063,6.00000000,-0.23686524,0.32548827,-0.51743281,-1.46187639,0.48529685,0.07000000,0.00549451,-0.24467415,-0.23999999,0.23999999,-0.01229746,5.10334253,-4.31968975,-1.45157886,-0.68727660,0.00122106,0.24963115,
20630,4.24149942,1.96814060,20.53136063,6.00000000,-0.26103514,0.33032227,-0.31512839,-1.12334812,0.23998219,0.07000000,0.00549451,-0.18313295,-0.23999999,0.23999999,-0.01229746,2.63195658,-2.04552579,-1.10392201,-0.60981762,0.00122106,0.09624463,
20638,0.39282024,2.33325648,16.33252907,6.00000000,-0.27392578,0.35449219,0.08145238,-0.64989793,-0.03570843,0.07000000,0.00549451,-0.15374364,-0.23999999,0.23999999,-0.01229746,0.53581607,-0.04014257,-0.64471096,-0.17019215,0.00122106,-0.02748989,
20646,-1.61591494,1.46296406,5.24857330,6.00000000,-0.29970703,0.34804687,0.29948598,-0.01663155,-0.18559223,0.07000000,0.00549451,-0.23911263,-0.06676698,0.03372000,-0.01229746,-1.13097346,1.91113555,-0.02287930,-0.00824596,0.00122106,-0.11732061,
20653,-3.88442111,1.17685699,3.37870169,5.00000000,-0.12568359,0.11118164,0.48774078,0.57134748,-0.17168465,0.07000000,0.00549451,-0.31082419,0.23999999,-0.23999999,-0.01229746,-2.00014734,3.00196624,0.56896460,0.30274171,0.00122106,-0.14718542,
20662,-3.10750270,-2.08643985,-2.52899098,6.00000000,0.23525390,-0.26586914,0.52542961,1.21977103,-0.15226963,0.07000000,0.00549451,-0.06903358,0.23999999,-0.23999999,-0.01229746,-1.29852498,1.51145506,1.23300672,0.50955427,0.00122106,-0.01345024,
20670,-1.35015857,-1.33705485,-2.03937674,6.00000000,0.26425782,-0.33837891,0.06494885,1.32788908,-0.09057219,0.07000000,0.00549451,0.00457065,0.23999999,-0.23999999,-0.01229746,1.03148961,-1.04894280,1.34863031,0.44158500,0.00122106,0.18396243,
20678,0.57358247,-2.61914992,3.08541203,6.00000000,0.26586914,-0.34965819,-0.10468806,1.15354228,0.08216225,0.07000000,0.00549451,-0.03191634,0.23999999,-0.23999999,-0.01229746,2.98800373,-2.88502932,1.16653705,0.19540238,0.00122106,0.31215793,
20686,3.51246500,-2.46711802,7.55897760,6.00000000,0.29970703,-0.36416015,-0.46121448,0.63919270,0.22271939,0.07000000,0.00549451,-0.09775411,0.10947216,-0.12411685,-0.01229746,4.76474905,-4.49596834,0.66544616,-0.13704154,0.00122106,0.40099198,
20694,6.72069550,-0.71815372,12.96628189,6.00000000,0.18208008,-0.23686524,-0.60950398,-0.08335704,0.35580164,0.07000000,0.00366300,-0.07784494,-0.23999999,0.23999999,-0.01229746,5.78053093,-5.51698589,-0.06147802,-0.48228133,0.00122106,0.42732704,
20702,8.77132893,1.89751172,20.34281731,6.00000000,-0.19013672,0.22236328,-0.38037893,-1.16197157,0.32420480,0.07000000,0.00366300,-0.20148700,-0.23999999,0.23999999,-0.01229746,4.85899639,-4.18704462,-1.16137004,-0.64860553,0.00122106,0.25502184,
20710,1.27029514,-0.60203493,20.53136063,6.00000000,-0.27553710,0.37382811,0.23484293,-1.64190650,0.18863091,0.07000000,0.00366300,0.08701713,-0.23999999,0.23999999,-0.01229746,3.03861833,-3.29867220,-1.62482965,-0.20815042,0.00122106,0.11897866,
20718,2.96299577,-0.03221490,17.47576141,6.00000000,-0.26586914,0.31098634,-0.01238934,-0.91244900,-0.10451569,0.07000000,0.00366300,-0.06653860,-0.23999999,0.23999999,-0.01229746,0.68940508,-0.47996554,-0.89515549,-0.50694823,0.00122106,-0.02561899,
20725,-2.53887963,-1.38254464,11.18020821,5.00000000,-0.29003906,0.35288087,0.26564932,-0.40686935,-0.20930433,0.07000000,0.00366300,-0.13074769,-0.02046753,0.00222976,-0.01229746,-0.81506878,1.22347581,-0.40697286,0.06548238,0.00122106,-0.11048785,
20734,-2.45867395,-0.20699163,2.38750219,6.00000000,-0.07734375,0.05961914,0.23548292,0.38341472,-0.23224528,0.07000000,0.00366300,-0.17340279,0.16544166,-0.18910088,-0.01229746,-1.66853476,2.23053074,0.37918743,0.10782329,0.00122106,-0.12010971,
20742,-2.21326828,-0.26445246,-2.52420259,6.00000000,0.13051757,-0.20302734,0.42283753,0.91973716,-0.21498458,0.07000000,0.00366300,-0.04828340,0.23999999,-0.23999999,-0.01229746,-0.81855947,0.97563910,0.92623127,0.30787948,0.00122106,0.00159315,
20750,-2.03849149,-0.79955655,-3.06289792,6.00000000,0.24492188,-0.31904298,0.16891682,1.14360166,-0.16968469,0.07000000,0.00366300,0.10581284,0.23999999,-0.23999999,-0.01229746,0.99658298,-1.25314641,1.12975025,0.41658330,0.00122106,0.17237973,
20758,0.94947213,-1.34304035,0.69001311,6.00000000,0.28359374,-0.35932618,-0.01977455,0.95310855,-0.04322769,0.07000000,0.00366300,0.11217552,0.23999999,-0.23999999,-0.01229746,2.96182370,-3.30565357,0.96660548,0.17674893,0.00122106,0.31238458,
20766,3.58069992,-1.24966645,5.66157293,6.00000000,0.28520507,-0.35771483,-0.30001387,0.52425122,0.07272105,0.07000000,0.00366300,0.09608088,0.15381187,-0.14189240,-0.01229746,4.63384914,-4.94102716,0.52893138,-0.09923542,0.00122106,0.40618283,
20774,7.44494152,0.40352979,12.60595512,6.00000000,0.21269532,-0.24169922,-0.48448670,-0.21042652,0.19375500,0.07000000,0.00366300,0.08803989,-0.23999999,0.23999999,-0.01229746,5.68628263,-5.96902609,-0.21261370,-0.43983969,0.00122106,0.42810360,
20782,10.74055958,1.75984502,18.80574036,6.00000000,-0.19335937,0.23686524,-0.26960367,-1.17168653,0.17704803,0.07000000,0.00549451,-0.03105269,-0.23999999,0.23999999,-0.01229746,4.69842672,-4.58148909,-1.16585088,-0.77854759,0.00122106,0.26603416,
20790,2.62182212,1.10383379,20.53136063,6.00000000,-0.27392578,0.36416015,0.15315363,-1.55832851,0.07458395,0.07000000,0.00549451,0.00500820,-0.23999999,0.23999999,-0.01229746,3.05607152,-3.12064886,-1.53411055,-0.27947378,0.00122106,0.11700068,
20797,3.42627382,-0.18065540,19.53836632,5.00000000,-0.27875978,0.32065430,-0.01201755,-0.76723713,-0.12167203,0.07000000,0.00549451,-0.13010293,-0.23999999,0.23999999,-0.01229746,0.92327923,-0.50614548,-0.74647409,-0.54268658,0.00122106,-0.00055780,
20806,-2.16299009,-0.23931335,11.10119915,6.00000000,-0.30131835,0.37543947,0.11564266,-0.27925393,-0.19146942,0.07000000,0.00549451,-0.16521946,-0.03428365,0.01113012,-0.01229746,-0.71034902,1.24267435,-0.27928835,0.03679436,0.00122106,-0.09600338,
20814,-2.81660724,1.02123380,3.11773372,6.00000000,-0.08217774,0.05639648,0.06017173,0.49165595,-0.20172125,0.07000000,0.00549451,-0.27288336,0.20290720,-0.23999999,-0.01229746,-1.36833811,2.24972939,0.48775229,0.12034938,0.00122106,-0.10055898,
20822,-2.42754936,0.46338484,-1.69580889,6.00000000,0.18369141,-0.25136718,0.31836632,1.00180113,-0.18923776,0.07000000,0.00366300,-0.06543747,0.23999999,-0.23999999,-0.01229746,-0.64577180,0.86568326,1.00781417,0.33278725,0.00122106,0.01911813,
20830,-1.35255277,-0.57689577,-3.34900522,6.00000000,0.27553710,-0.33193359,0.21529682,1.17179775,-0.18563804,0.07000000,0.00366300,0.19125032,0.23999999,-0.23999999,-0.01229746,0.97563910,-1.62141085,1.19028819,0.38513762,0.00122106,0.18857394,
20838,1.27987194,-1.07488978,0.84922755,6.00000000,0.26264650,-0.34804687,-0.01716012,0.99672896,-0.06619786,0.07000000,0.00366300,0.22710726,0.23999999,-0.23999999,-0.01229746,2.84314132,-3.58665156,1.01026702,0.14905208,0.00122106,0.32241186,
20846,3.37479854,-2.20734715,6.54982185,6.00000000,0.30776367,-0.37382811,-0.29018554,0.50181979,0.03419837,0.07000000,0.00366300,0.26532298,0.23909223,-0.20415969,-0.01229746,4.48898697,-5.34943438,0.50130510,-0.04449666,0.00122106,0.41311729,
20854,6.57345200,0.14256182,12.37850571,6.00000000,0.31743163,-0.33354491,-0.49907276,-0.25440207,0.12121621,0.07000000,0.00366300,0.21549937,-0.16428721,0.19198154,-0.01229746,5.98124361,-6.69508314,-0.25694984,-0.25520068,0.00122106,0.45953739,
20862,9.72781277,1.09305990,16.56835937,6.00000000,-0.08217774,0.17402343,-0.36454034,-1.19781828,0.13423008,0.07000000,0.00366300,0.12899530,-0.23999999,0.23999999,-0.01229746,5.55538273,-5.97426176,-1.19157887,-0.57784188,0.00122106,0.34907639,
20869,6.67640257,1.91187692,20.53136063,5.00000000,-0.26909178,0.33676758,0.03871039,-2.03219867,0.02800704,0.07000000,0.00366300,-0.11265603,-0.23999999,0.23999999,-0.01229746,4.49247742,-4.11723137,-2.00917053,-0.71705997,0.00122106,0.17363459,
20878,1.93348908,-1.32747805,20.53136063,6.00000000,-0.27070314,0.33354491,0.17396455,-1.40481234,-0.13435590,0.07000000,0.00366300,-0.02520202,-0.23999999,0.23999999,-0.01229746,2.10486698,-2.02283669,-1.37772071,-0.23820031,0.00122106,0.05443409,
20886,0.68850416,-0.41648427,11.10479069,6.00000000,-0.28520507,0.34643555,0.04766252,-0.87702447,-0.18486744,0.07000000,0.00366300,-0.24861921,-0.23999999,0.23999999,-0.01229746,0.29321530,0.47822019,-0.85918534,-0.28754091,0.00122106,-0.07210720,
20894,-2.84653473,-0.31832200,5.02471542,6.00000000,-0.29326171,0.35932618,0.03921596,-0.01802921,-0.22478311,0.07000000,0.00549451,-0.32361841,0.01287410,-0.05736405,-0.01229746,-1.35263014,2.40506387,-0.02397937,0.06275192,0.00122106,-0.14533955,
20902,-2.09116411,0.28860813,0.07470329,6.00000000,-0.03222656,-0.02255859,0.23697081,0.64692324,-0.16364723,0.07000000,0.00549451,-0.40775335,0.21116133,-0.23999999,-0.01229746,-1.95825934,3.25852966,0.64546782,0.12901244,0.00122106,-0.14980842,
20910,-2.69569993,-0.79835945,-1.98191595,6.00000000,0.18852539,-0.25458986,0.19594063,1.13298726,-0.18692781,0.07000000,0.00366300,-0.13922831,0.23999999,-0.23999999,-0.01229746,-0.97040302,1.42418861,1.14583504,0.36710459,0.00122106,-0.00554258,
20918,-0.49423146,0.26706031,0.28659013,6.00000000,0.26748046,-0.32709962,0.09132384,1.29106021,-0.13061897,0.07000000,0.00366300,-0.02397518,0.23999999,-0.23999999,-0.01229746,1.24791038,-1.19555056,1.30666077,0.30144039,0.00122106,0.19528304,
20926,3.43106222,-2.13911247,4.24899387,6.00000000,0.26909178,-0.38833007,0.02865122,0.99051076,0.01684433,0.07000000,0.00549451,-0.00479239,0.15909503,-0.16069725,-0.01229746,2.95484257,-2.93040776,1.01959896,-0.11832699,0.00122106,0.30200240,
20934,5.89948416,-0.97672749,10.64390659,6.00000000,0.21108398,-0.27553710,-0.35297823,0.24479175,0.18694529,0.07000000,0.00549451,-0.09219073,-0.23999999,0.23999999,-0.01229746,4.29350996,-4.00203991,0.21985769,-0.36435103,0.00122106,0.33274674,
20941,8.35234356,0.72435284,16.83411598,5.00000000,-0.17563477,0.21752930,-0.34289485,-0.67681229,0.36899161,0.07000000,0.00549451,-0.37309879,-0.23999999,0.23999999,-0.01229746,4.14864779,-3.01592898,-0.68025202,-0.65057534,0.00122106,0.22346416,
20950,1.87602818,0.42627472,20.53136063,6.00000000,-0.30292970,0.37705079,-0.18528859,-1.09963048,0.34915814,0.07000000,0.00549451,-0.16930982,-0.23999999,0.23999999,-0.01229746,2.46964097,-1.94604206,-1.09056365,-0.44199046,0.00122106,0.08758444,
20958,4.77540636,2.51401854,18.58547401,6.00000000,-0.26586914,0.33837891,-0.16437036,-0.33187151,0.09847344,0.07000000,0.00549451,-0.14775513,-0.23999999,0.23999999,-0.01229746,-0.06457718,0.53930676,-0.31992131,-0.66253263,0.00122106,-0.04829554,
20966,-1.19094419,0.36043417,12.58799839,6.00000000,-0.29970703,0.38510743,0.23293313,0.05758174,-0.11591350,0.07000000,0.00549451,-0.11999258,-0.05606598,0.03929427,-0.01229746,-1.50447381,1.89717281,0.05788249,-0.01358569,0.00122106,-0.12629671,
20974,-1.56683385,0.44183704,4.51235628,6.00000000,-0.10312500,0.08862305,0.23333079,0.70846379,-0.23224950,0.07000000,0.00549451,-0.16832156,0.04775528,-0.07074198,-0.01229746,-2.44869709,2.98451304,0.70832974,-0.00777666,0.00122106,-0.15451623,
20982,-2.76393461,0.49810079,1.01203322,6.00000000,-0.00483398,-0.03383789,0.43139523,1.22797954,-0.20537128,0.07000000,0.00366300,-0.12850897,0.23999999,-0.23999999,-0.01229746,-2.11708450,2.53421807,1.23570216,0.30227137,0.00122106,-0.08276318,
20990,-1.76555252,-1.54894173,-0.87100637,6.00000000,0.22719726,-0.29970703,0.24471651,1.49354398,-0.14237198,0.07000000,0.00366300,0.00037250,0.23999999,-0.23999999,-0.01229746,-0.74176490,0.74700093,1.51163840,0.31804857,0.00122106,0.05711153,
20998,0.94348663,-2.26241374,0.87316954,6.00000000,0.26264650,-0.33032227,-0.05773298,1.26639903,-0.00397796,0.07000000,0.00549451,0.08451200,0.23999999,-0.23999999,-0.01229746,1.42069805,-1.65457213,1.28521729,0.14451364,0.00122106,0.21497855,
21006,3.18326235,-1.70217061,4.71227217,6.00000000,0.30131835,-0.35932618,-0.41930950,0.83726895,0.09034411,0.07000000,0.00549451,0.15772299,0.22526601,-0.20484623,-0.01229746,3.01941967,-3.55523562,0.84476179,-0.05981283,0.00122106,0.31207108,
21013,5.33924103,0.27304581,10.30752182,5.00000000,0.28037110,-0.32387695,-0.53093654,0.21487473,0.10619430,0.07000000,0.00549451,0.25901246,-0.04666659,0.08043605,-0.01229746,4.33714342,-5.16442919,0.21406758,-0.20474249,0.00122106,0.37829271,
21022,9.49437809,1.60661614,15.43470383,6.00000000,0.01772461,0.02416992,-0.29048130,-0.92134762,0.02951080,0.07000000,0.00366300,0.28687888,-0.23999999,0.23999999,-0.01229746,4.13992071,-5.08065367,-0.91905224,-0.58466429,0.00122106,0.28195089,
21030,6.78892994,2.22312307,20.53136063,6.00000000,-0.23203126,0.31904298,0.15813102,-1.63293099,-0.06920621,0.07000000,0.00366300,-0.08018804,-0.23999999,0.23999999,-0.01229746,3.25852966,-3.00371170,-1.61084771,-0.64920092,0.00122106,0.11707933,
21038,0.56639987,-2.26720214,20.53136063,6.00000000,-0.29003906,0.33999023,0.36908612,-1.44772625,-0.13301180,0.07000000,0.00549451,0.01610918,-0.23999999,0.23999999,-0.01229746,1.53414440,-1.58301353,-1.42631960,-0.11859077,0.00122106,0.00992860,
21046,2.21001935,-0.84863770,12.24323368,6.00000000,-0.30131835,0.33676758,-0.02517848,-0.72549862,-0.12416235,0.07000000,0.00549451,-0.29534757,-0.23999999,0.23999999,-0.01229746,-0.22165681,1.15889859,-0.72220170,-0.44216517,0.00122106,-0.10902752,
21054,-3.24876046,-1.09404337,7.42370558,6.00000000,-0.29970703,0.37060547,-0.05302353,-0.03540360,-0.12644686,0.07000000,0.00549451,-0.37441495,-0.00593697,-0.04542778,-0.01229746,-1.53414440,2.76983738,-0.03650838,0.05977559,0.00122106,-0.16618155,
21062,-2.33896399,0.53760511,1.11498392,6.00000000,-0.04995117,-0.00161133,-0.07797648,0.72315961,-0.13439384,0.07000000,0.00549451,-0.39448345,0.11081917,-0.16455245,-0.01229746,-2.33350515,3.61283159,0.72094691,0.05310757,0.00122106,-0.17179145,
21070,-2.64302754,0.75188613,-1.30315983,6.00000000,0.06767578,-0.18046875,0.19842106,1.20293581,-0.16540971,0.07000000,0.00549451,-0.15232977,0.23999999,-0.23999999,-0.01229746,-1.62490153,2.11882973,1.21154487,0.33505461,0.00122106,-0.04961274,
21078,-0.93237036,0.07193287,0.70677257,6.00000000,0.23686524,-0.32871094,0.19303660,1.39659381,-0.17500074,0.07000000,0.00549451,-0.05465019,0.23999999,-0.23999999,-0.01229746,0.27925268,-0.10471976,1.41182268,0.28739458,0.00122106,0.12333158,
21085,3.41310573,-1.99306607,3.89465213,5.00000000,0.28198242,-0.34965819,0.16413055,1.06499445,-0.04464441,0.07000000,0.00549451,0.04336935,0.14852306,-0.14335766,-0.01229746,1.82910514,-1.94255149,1.11093378,-0.11598918,0.00122106,0.22697912,
21094,5.81688404,-1.24966645,9.52940559,6.00000000,0.20141602,-0.25458986,-0.27475581,0.38282183,0.05509347,0.07000000,0.00549451,0.05684024,-0.23999999,0.23999999,-0.01229746,3.04210901,-3.23409510,0.38129169,-0.35426474,0.00122106,0.26691896,
21102,7.17080545,0.44063994,16.45583153,6.00000000,-0.20141602,0.22880860,-0.31285760,-0.44469255,0.19956337,0.07000000,0.00549451,-0.29352933,-0.23999999,0.23999999,-0.01229746,2.79427218,-1.84481299,-0.44822776,-0.47716266,0.00122106,0.14577909,
21110,2.02805996,0.19044586,20.53136063,6.00000000,-0.28520507,0.39155275,-0.12934498,-0.94728160,0.27212983,0.07000000,0.00549451,-0.19457811,-0.23999999,0.23999999,-0.01229746,1.35437548,-0.69464105,-0.94106793,-0.41599765,0.00122106,0.00104167,
21118,4.45817471,1.87476671,18.20958328,6.00000000,-0.26748046,0.35449219,-0.21364021,-0.18156818,0.08792613,0.07000000,0.00549451,-0.14782219,-0.23999999,0.23999999,-0.01229746,-0.99134701,1.47654855,-0.17300320,-0.64856017,0.00122106,-0.10687968,
21126,-0.46310684,0.71477604,12.39047718,6.00000000,-0.30454102,0.36899415,0.22658992,0.09386001,-0.04315468,0.07000000,0.00549451,-0.13790831,-0.20251939,0.18349278,-0.01229746,-2.49407530,2.94087982,0.09318407,-0.09971011,0.00122106,-0.20103547,
21134,-2.06841898,0.32092986,6.07457256,6.00000000,-0.24975586,0.28842774,0.13382828,0.79700828,-0.17180163,0.07000000,0.00549451,-0.19829622,0.05215099,-0.07894507,-0.01229746,-3.87288547,4.51516676,0.79679060,0.01874083,0.00122106,-0.25823283,
21142,-3.38642716,0.89793247,3.19793940,6.00000000,-0.00966797,-0.03061523,0.33017334,1.39519143,-0.16732974,0.07000000,0.00549451,-0.23357597,0.23999999,-0.23999999,-0.01229746,-4.04392767,4.79616451,1.40055549,0.25304180,0.00122106,-0.22987948,
21150,-2.01454949,-1.58246052,-0.70820069,6.00000000,0.21752930,-0.28037110,0.28022996,1.78805065,-0.12371805,0.07000000,0.00549451,0.02344960,0.23999999,-0.23999999,-0.01229746,-2.71224165,2.63021111,1.80949688,0.35715592,0.00122106,-0.06412810,
21157,0.38324344,-1.16467226,-1.40132201,5.00000000,0.23686524,-0.29970703,0.04137239,1.74031484,-0.07051846,0.07000000,0.00549451,0.13142362,0.23999999,-0.23999999,-0.01229746,-0.48171088,0.06806784,1.76806974,0.21990211,0.00122106,0.11430191,
21166,2.53563070,-1.34184325,4.28371000,6.00000000,0.27714843,-0.36254883,-0.29365170,1.21430886,0.07898044,0.07000000,0.00549451,0.14818162,0.23999999,-0.23999999,-0.01229746,1.53588974,-2.00887394,1.22684407,0.02067217,0.00122106,0.22923997,
21174,5.28776550,0.22516178,10.97191238,6.00000000,0.31582031,-0.37382811,-0.37560830,0.45452574,0.14982446,0.07000000,0.00549451,0.21336013,-0.08020703,0.10807798,-0.01229746,2.95135188,-3.65821028,0.45278949,-0.22739817,0.00122106,0.28637737,
21182,8.92934608,0.84885132,15.19767857,6.00000000,-0.00644531,0.03222656,-0.31038475,-0.66898698,0.10963114,0.07000000,0.00549451,0.31965822,-0.23999999,0.23999999,-0.01229746,2.75412965,-3.79783654,-0.67132217,-0.52051586,0.00122106,0.19798796,
21190,5.99884367,2.69837213,20.53136063,6.00000000,-0.24814454,0.31420898,0.16418859,-1.47838259,0.04521006,0.07000000,0.00549451,-0.08340970,-0.23999999,0.23999999,-0.01229746,1.86575699,-1.61617482,-1.45880318,-0.60338932,0.00122106,0.02126691,
21198,-0.42360252,-2.69217300,20.53136063,6.00000000,-0.27231446,0.35449219,0.21903734,-1.13815010,-0.02464976,0.07000000,0.00549451,0.06056689,-0.23999999,0.23999999,-0.01229746,-0.01919862,-0.20594886,-1.11882496,-0.04770678,0.00122106,-0.07854926,
21206,1.69646311,-0.18065540,12.90403271,6.00000000,-0.29809570,0.34804687,-0.00987229,-0.66199768,-0.01923673,0.07000000,0.00549451,-0.17178109,-0.23999999,0.23999999,-0.01229746,-1.62490153,2.17293501,-0.65854013,-0.39268899,0.00122106,-0.19314092,
21214,-3.01412868,-0.82349855,7.54820395,6.00000000,-0.30776367,0.35771483,0.06029085,-0.08237005,0.00150940,0.07000000,0.00549451,-0.27767119,-0.03410871,-0.00387794,-0.01229746,-2.98800373,3.88859367,-0.08474600,0.07289392,0.00122106,-0.26839602,
21222,-3.10989690,0.15932123,1.52558947,6.00000000,-0.07089844,0.02900391,-0.01253798,0.80873907,-0.02685994,0.07000000,0.00549451,-0.25645679,0.23011896,-0.23999999,-0.01229746,-3.84670568,4.66526508,0.80700815,0.15168414,0.00122106,-0.26508674,
21229,-2.70767093,0.57591236,-1.92804646,5.00000000,0.19013672,-0.24814454,0.20481075,1.27017164,-0.02672130,0.07000000,0.00549451,-0.10243926,0.23999999,-0.23999999,-0.01229746,-2.94087982,3.27074695,1.28155684,0.35350904,0.00122106,-0.13713859,
21238,-1.25917888,0.17967194,-1.66348720,6.00000000,0.26264650,-0.32065430,0.20680760,1.43397880,-0.05530829,0.07000000,0.00549451,0.08549216,0.23999999,-0.23999999,-0.01229746,-0.58293998,0.29146999,1.45442820,0.39406034,0.00122106,0.07985225,
21246,2.09150624,-1.14791286,3.29849577,6.00000000,0.28359374,-0.34643555,0.08814810,1.08079863,0.04807010,0.07000000,0.00549451,0.15133570,0.23999999,-0.23999999,-0.01229746,1.29677963,-1.75580120,1.09479165,0.03002936,0.00122106,0.20177041,
21254,4.81850195,-0.81631595,9.64911556,6.00000000,0.29326171,-0.36738282,-0.20474441,0.46244124,0.14137605,0.07000000,0.00549451,0.18559015,-0.08211447,0.10624901,-0.01229746,2.79601741,-3.38768411,0.46114498,-0.22272813,0.00122106,0.26832396,
21262,8.95568275,-0.48831034,14.45188427,6.00000000,0.00322266,0.05317383,-0.28407198,-0.52324289,0.24097216,0.07000000,0.00549451,0.15104637,-0.23999999,0.23999999,-0.01229746,2.78729081,-3.27598286,-0.52770811,-0.54932523,0.00122106,0.19081414,
21270,6.32804632,1.73590302,20.53136063,6.00000000,-0.26425782,0.29970703,-0.20913592,-1.38936722,0.24247235,0.07000000,0.00549451,-0.16841476,-0.23999999,0.23999999,-0.01229746,1.86052096,-1.29852498,-1.37733912,-0.52672344,0.00122106,0.01431437,
21278,1.08115327,-1.22811866,20.53136063,6.00000000,-0.27070314,0.35288087,0.04253478,-1.13163531,0.13684471,0.07000000,0.00549451,-0.00861238,-0.23999999,0.23999999,-0.01229746,-0.34906584,0.37699112,-1.11127996,-0.24951243,0.00122106,-0.11184794,
21286,1.40676463,1.71914363,12.93874931,6.00000000,-0.29648438,0.35932618,-0.01387306,-0.59507889,0.00521442,0.07000000,0.00549451,-0.19987106,-0.23999999,0.23999999,-0.01229746,-1.81514239,2.47836757,-0.57234019,-0.34709656,0.00122106,-0.20680866,
21294,-3.09672880,-0.80195075,7.20583296,6.00000000,-0.28198242,0.36577147,0.16373914,-0.06050019,-0.08497907,0.07000000,0.00549451,-0.16318156,0.00892240,-0.03127167,-0.01229746,-3.42433596,3.94095349,-0.06221622,0.10124919,0.00122106,-0.28609520,
21301,-3.96223259,1.19241929,2.63171077,5.00000000,-0.05317383,0.00805664,0.07407798,0.63954431,-0.16425367,0.07000000,0.00549451,-0.23970255,0.23999999,-0.23999999,-0.01229746,-4.01949310,4.79092884,0.63743806,0.25324047,0.00122106,-0.28723633,
21310,-2.87047672,-0.50506973,-2.50145769,6.00000000,0.20786133,-0.25942382,0.48866931,1.21442521,-0.12227697,0.07000000,0.00549451,-0.04025844,0.23999999,-0.23999999,-0.01229746,-2.75936556,2.88502932,1.22601986,0.47660008,0.00122106,-0.11918829,
21318,-1.08799350,-1.09284627,-2.22732162,6.00000000,0.24653320,-0.31420898,0.15918462,1.29447186,-0.11719972,0.07000000,0.00549451,0.08849680,0.23999999,-0.23999999,-0.01229746,-0.24609143,0.07330383,1.26766646,0.40654901,0.00122106,0.08443055,
21326,1.35289514,-1.69977641,3.80486965,6.00000000,0.27070314,-0.34643555,-0.04655349,0.97213453,0.04085163,0.07000000,0.00549451,0.07153133,0.23999999,-0.23999999,-0.01229746,1.72438538,-1.96175015,0.98220015,0.11615965,0.00122106,0.21028098,
21334,4.34445000,-1.21016216,9.79635906,6.00000000,0.30131835,-0.38671875,-0.42555946,0.34877321,0.13589413,0.07000000,0.00549451,0.16484249,-0.02269042,0.04388563,-0.01229746,3.25329351,-3.77863789,0.34830618,-0.17332244,0.00122106,0.29605129,
21342,8.87906837,-0.18065540,13.92755413,6.00000000,0.04511719,-0.01772461,-0.40498894,-0.59279525,0.18116935,0.07000000,0.00549451,0.20112284,-0.23999999,0.23999999,-0.01229746,3.38419342,-4.03345585,-0.59541118,-0.53919077,0.00122106,0.23719563,
21350,7.38149500,2.50803304,20.53136063,6.00000000,-0.22236328,0.26909178,-0.13759960,-1.51985776,0.10602681,0.07000000,0.00549451,-0.13278741,-0.23999999,0.23999999,-0.01229746,2.20260549,-1.76801860,-1.50432980,-0.57899493,0.00122106,0.03684984,
21358,-0.39008370,-1.86617339,20.53136063,6.00000000,-0.27231446,0.36899415,0.33156797,-1.51053858,0.00361439,0.07000000,0.00549451,0.05265018,-0.23999999,0.23999999,-0.01229746,0.43633232,-0.60562927,-1.48909140,-0.04508179,0.00122106,-0.07588385,
21366,2.69125390,0.54359061,13.53969383,6.00000000,-0.29165038,0.33676758,-0.02941556,-0.91985494,-0.08225106,0.07000000,0.00549451,-0.20584264,-0.23999999,0.23999999,-0.01229746,-1.18682384,1.83259571,-0.91322589,-0.48875839,0.00122106,-0.18353453,
21373,-2.20728278,-0.82589275,8.11203861,5.00000000,-0.29970703,0.35771483,0.11517674,-0.54106957,-0.11012647,0.07000000,0.00549451,-0.24419864,-0.20424384,0.17062156,-0.01229746,-2.70526028,3.49414921,-0.54357207,0.00758702,0.00122106,-0.27718166,
21382,-3.77309060,0.69442528,2.16723561,6.00000000,-0.25297850,0.25136718,0.01357970,0.32034644,-0.13770835,0.07000000,0.00549451,-0.32018638,0.18106744,-0.22450736,-0.01229746,-4.21671581,5.26740360,0.31378287,0.20288330,0.00122106,-0.33556432,
21390,-3.16975188,0.43704864,-1.20499754,6.00000000,0.12729493,-0.23847656,0.32204333,0.94126272,-0.11275806,0.07000000,0.00549451,-0.18487385,0.23999999,-0.23999999,-0.01229746,-4.22718716,4.82234430,0.94433856,0.34580588,0.00122106,-0.27352363,
21398,-2.05046248,-0.19382352,-2.84622288,6.00000000,0.22558594,-0.28842774,0.25735331,1.27532947,-0.14768343,0.07000000,0.00549451,0.08943939,0.23999999,-0.23999999,-0.01229746,-2.15722704,1.86750233,1.29146540,0.47075114,0.00122106,-0.05780092,
21406,-0.01658824,-0.65829867,1.67403007,6.00000000,0.26264650,-0.33193359,0.16656671,1.20884252,-0.05412709,0.07000000,0.00549451,0.12464220,0.23999999,-0.23999999,-0.01229746,0.21991149,-0.63355452,1.22381234,0.25932738,0.00122106,0.12787624,
21414,4.19002438,-2.55091500,7.55897760,6.00000000,0.30131835,-0.35771483,-0.15294169,0.66389513,0.12135287,0.07000000,0.00549451,0.19329603,0.00199050,0.02338613,-0.01229746,1.92684352,-2.55341673,0.66566056,-0.17362061,0.00122106,0.22449210,
21422,6.34600258,-0.32789880,14.39083195,6.00000000,0.03867187,-0.04189453,-0.46539661,-0.13139071,0.27030665,0.07000000,0.00549451,0.00386894,-0.23999999,0.23999999,-0.01229746,2.75936556,-2.77158284,-0.13650173,-0.25259754,0.00122106,0.19993961,
21430,7.27615023,0.62020504,20.53136063,6.00000000,-0.21591797,0.27553710,-0.40706936,-0.92511410,0.34880668,0.07000000,0.00549451,-0.25975287,-0.23999999,0.23999999,-0.01229746,1.61617482,-0.78714347,-0.92188483,-0.66860962,0.00122106,0.02372536,
21438,0.55562598,0.08150968,20.53136063,6.00000000,-0.27070314,0.38349611,0.00385220,-1.16301298,0.25421837,0.07000000,0.00549451,-0.01870644,-0.23999999,0.23999999,-0.01229746,-0.26529005,0.32812190,-1.15118015,-0.19604331,0.00122106,-0.11002664,
21445,2.80378127,2.06271148,15.61905766,5.00000000,-0.29326171,0.34643555,0.00700688,-0.55589634,0.03679289,0.07000000,0.00549451,-0.06420354,-0.23999999,0.23999999,-0.01229746,-2.08217788,2.27241874,-0.53609586,-0.48892617,0.00122106,-0.20751266,
21454,-2.20369148,-1.07010138,9.05415630,6.00000000,-0.29487306,0.37060547,0.30120555,-0.21761543,-0.10395136,0.07000000,0.00549451,-0.05581881,-0.13866575,0.13090858,-0.01229746,-3.74373126,3.91128302,-0.21863082,0.01494810,0.00122106,-0.30721527,
21462,-3.62584734,0.87997591,3.28652477,6.00000000,-0.19819336,0.20302734,0.13162485,0.55776167,-0.17626260,0.07000000,0.00549451,-0.21328315,0.21236224,-0.23999999,-0.01229746,-4.78743792,5.44019127,0.55551088,0.19373831,0.00122106,-0.34661248,
21470,-2.57359576,0.01327493,-1.32470763,6.00000000,0.16596679,-0.25620118,0.54649484,1.23381090,-0.10292989,0.07000000,0.00366300,-0.16238582,0.23999999,-0.23999999,-0.01229746,-4.26209402,4.78220224,1.24188995,0.33134812,0.00122106,-0.24992308,
21478,-1.83618152,-1.58006632,-3.89608026,6.00000000,0.24008790,-0.28842774,0.18128176,1.46570110,-0.08961933,0.07000000,0.00366300,0.14082009,0.23999999,-0.23999999,-0.01229746,-2.12057495,1.65457213,1.49104238,0.44587016,0.00122106,-0.02848966,
21486,0.42514199,-1.77639079,0.56431752,6.00000000,0.25297850,-0.33354491,0.00840288,1.26822102,0.03344516,0.07000000,0.00366300,0.16130479,0.23999999,-0.23999999,-0.01229746,0.24783675,-0.78016222,1.28523147,0.23031625,0.00122106,0.14336906,
21494,2.59428883,-1.86617339,6.57376385,6.00000000,0.30292970,-0.36093751,-0.39924303,0.78537077,0.11645254,0.07000000,0.00366300,0.23163427,0.23999999,-0.23999999,-0.01229746,1.86924756,-2.61799383,0.78874457,0.03585945,0.00122106,0.23135278,
21502,5.98088694,0.58788335,13.47385311,6.00000000,0.29165038,-0.37060547,-0.44949877,-0.00691487,0.24473208,0.07000000,0.00549451,0.23222508,-0.16043217,0.19065991,-0.01229746,3.40862799,-4.16086483,-0.00967926,-0.22866787,0.00122106,0.28514585,
21510,10.74175739,1.39951766,18.15451813,6.00000000,-0.07089844,0.13696289,-0.26341587,-1.17759907,0.20247191,0.07000000,0.00549451,0.29228985,-0.23999999,0.23999999,-0.01229746,2.74540305,-3.68788075,-1.17335987,-0.65547371,0.00122106,0.15510862,
21517,5.27579451,1.12059319,20.53136063,5.00000000,-0.27392578,0.35932618,0.14775278,-1.98310304,0.11173119,0.07000000,0.00549451,0.12920374,-0.23999999,0.23999999,-0.01229746,1.48876595,-1.90764487,-1.96021104,-0.56944543,0.00122106,-0.01945692,
21526,1.88680208,-1.90088928,20.01002312,6.00000000,-0.28520507,0.34160155,0.11423848,-1.41449487,-0.01681407,0.07000000,0.00549451,0.08026003,-0.23999999,0.23999999,-0.01229746,-0.63180918,0.38048175,-1.38971138,-0.34538057,0.00122106,-0.14651550,
21534,-0.78632408,-0.30754811,10.14112473,6.00000000,-0.29326171,0.36577147,0.00421671,-1.02748144,-0.02004086,0.07000000,0.00549451,-0.09054351,-0.23999999,0.23999999,-0.01229746,-1.99316597,2.28638124,-1.02751577,-0.14409265,0.00122106,-0.23917118,
21542,-4.26150799,0.15932123,4.39144897,6.00000000,-0.31582031,0.35771483,-0.02408904,-0.20755599,-0.06555708,0.07000000,0.00549451,-0.16370386,0.13556418,-0.15802345,-0.01229746,-3.47145987,3.99854946,-0.21554446,0.21684237,0.00122106,-0.30060503,
21550,-2.88484192,1.50605965,-1.95438266,6.00000000,0.08378907,-0.14824219,0.26372391,0.65023208,-0.06109062,0.07000000,0.00549451,-0.20990679,0.23999999,-0.23999999,-0.01229746,-3.88510299,4.56927156,0.64497739,0.25321904,0.00122106,-0.27222133,
21558,-2.54247093,-0.50267553,-5.15183926,6.00000000,0.22719726,-0.27714843,0.36642879,0.96492124,-0.09013464,0.07000000,0.00549451,0.01552342,0.23999999,-0.23999999,-0.01229746,-2.08392310,2.02807260,0.97869307,0.48985285,0.00122106,-0.08045450,
21566,-1.05686891,0.09228358,-1.38815391,6.00000000,0.26586914,-0.32871094,0.23527825,0.99221110,-0.07388865,0.07000000,0.00549451,0.12165140,0.23999999,-0.23999999,-0.01229746,0.25830874,-0.67369705,1.00818384,0.39544445,0.00122106,0.11013202,
21574,1.54562843,-1.89490378,5.50475264,6.00000000,0.28359374,-0.35771483,-0.00884556,0.67169553,0.06854484,0.07000000,0.00549451,0.16342121,0.23999999,-0.23999999,-0.01229746,2.04378057,-2.57610607,0.67570001,0.08251557,0.00122106,0.22621283,
21582,5.03876877,-0.93482894,12.03852940,6.00000000,0.31743163,-0.36254883,-0.38292760,0.04660242,0.19682923,0.07000000,0.00549451,0.20370418,-0.10748892,0.13382086,-0.01229746,3.58665156,-4.24464083,0.04239643,-0.20050645,0.00122106,0.30157417,
21589,9.32558632,0.54359061,16.68687248,5.00000000,-0.01611328,0.05156250,-0.47179297,-0.87534130,0.30156407,0.07000000,0.00549451,0.18267912,-0.23999999,0.23999999,-0.01229746,3.50462127,-4.09279728,-0.87421590,-0.50137001,0.00122106,0.22216344,
21598,6.94335604,1.45219016,20.53136063,6.00000000,-0.24169922,0.33032227,-0.22953859,-1.72620523,0.22684895,0.07000000,0.00549451,-0.06921874,-0.23999999,0.23999999,-0.01229746,1.97047675,-1.74358392,-1.70872653,-0.62273449,0.00122106,0.01107761,
21606,1.23677635,0.00728943,20.53136063,6.00000000,-0.26264650,0.35449219,0.13128291,-1.37313879,0.06156056,0.07000000,0.00549451,0.08278459,-0.23999999,0.23999999,-0.01229746,-0.26529005,0.01919862,-1.34982705,-0.21610391,0.00122106,-0.11372750,
21614,0.67054766,0.72794414,11.89607430,6.00000000,-0.28198242,0.36899415,0.12793435,-0.88576680,-0.05600733,0.07000000,0.00549451,-0.06253350,-0.23999999,0.23999999,-0.01229746,-1.87448359,2.08566856,-0.88094211,-0.29616818,0.00122106,-0.21728018,
21622,-3.68570232,-0.83187824,5.67833233,6.00000000,-0.30937499,0.35126954,0.14234310,-0.25048670,-0.14210059,0.07000000,0.00549451,-0.09799532,0.03662008,-0.05017394,-0.01229746,-3.44353461,3.74024057,-0.26091790,0.14463663,0.00122106,-0.29182348,
21630,-2.95068240,1.42585397,-0.64714855,6.00000000,-0.01611328,-0.01933594,0.30819759,0.60718423,-0.11808231,0.07000000,0.00549451,-0.17217359,0.23999999,-0.23999999,-0.01229746,-4.05963612,4.61116028,0.60247505,0.20651588,0.00122106,-0.28415528,
21638,-3.12785339,-1.25086355,-4.11634684,6.00000000,0.22075196,-0.26425782,0.37160245,1.03157949,-0.11726679,0.07000000,0.00549451,0.03453922,0.23999999,-0.23999999,-0.01229746,-2.82743335,2.74889350,1.04460478,0.46200877,0.00122106,-0.13031346,
21646,-1.31663978,0.12221111,-2.08007812,6.00000000,0.25781250,-0.31743163,0.11464903,1.16575563,-0.10035559,0.07000000,0.00549451,0.13848068,0.23999999,-0.23999999,-0.01229746,-0.30019665,-0.14835298,1.18288624,0.42274040,0.00122106,0.08383673,
21654,1.32655895,-2.06968045,4.15801430,6.00000000,0.28359374,-0.35126954,-0.01448762,0.90024948,0.05156440,0.07000000,0.00549451,0.17298761,0.23999999,-0.23999999,-0.01229746,1.61792016,-2.16769886,0.90818989,0.11775613,0.00122106,0.21502672,
21661,3.98531985,-1.29276204,9.03979111,5.00000000,0.28037110,-0.39638671,-0.40844589,0.39314955,0.13906623,0.07000000,0.00549451,0.22009394,0.09179828,-0.06304960,-0.01229746,3.07352495,-3.77689242,0.39231473,-0.09688389,0.00122106,0.29112363,
21670,8.49719334,0.25748351,15.39759445,6.00000000,0.16274413,-0.16596679,-0.41389805,-0.52273422,0.30474114,0.07000000,0.00366300,0.15112330,-0.23999999,0.23999999,-0.01229746,3.84321499,-4.33016205,-0.52542418,-0.45726547,0.00122106,0.27130020,
21678,9.17116070,1.26424527,20.53136063,6.00000000,-0.18046875,0.24492188,-0.22998764,-1.59044671,0.23579657,0.07000000,0.00366300,-0.08949496,-0.23999999,0.23999999,-0.01229746,2.83790541,-2.52549148,-1.57773614,-0.63881099,0.00122106,0.08441979,
21686,0.50295353,-0.54217988,20.53136063,6.00000000,-0.26425782,0.34804687,0.15319884,-1.82035172,0.10615912,0.07000000,0.00366300,0.11060850,-0.23999999,0.23999999,-0.01229746,0.94945914,-1.30376089,-1.79902184,-0.13224769,0.00122106,-0.05198801,
21694,2.69604230,0.59865725,14.35252476,6.00000000,-0.28198242,0.33354491,0.08498035,-1.02088714,-0.04109444,0.07000000,0.00366300,-0.10436235,-0.23999999,0.23999999,-0.01229746,-1.06814146,1.40848064,-1.01053464,-0.49401009,0.00122106,-0.16952476,
21702,-3.13264179,-1.46035624,7.20104456,6.00000000,-0.29809570,0.36899415,0.13761215,-0.47937793,-0.14054982,0.07000000,0.00549451,-0.07815436,-0.05736904,0.04633554,-0.01229746,-2.75063896,2.98974895,-0.48469657,0.09234440,0.00122106,-0.25733912,
21710,-3.72760081,1.82209432,0.79894930,6.00000000,-0.10312500,0.11440430,0.22027512,0.37636662,-0.13554443,0.07000000,0.00549451,-0.23133948,0.23999999,-0.23999999,-0.01229746,-3.51858377,4.25860357,0.36974367,0.24826938,0.00122106,-0.26757920,
21718,-3.21284747,-1.51422572,-3.47350359,6.00000000,0.19980469,-0.27875978,0.42073908,0.87972105,-0.14066911,0.07000000,0.00549451,-0.09438913,0.23999999,-0.23999999,-0.01229746,-2.82568789,3.13112068,0.88831973,0.45681298,0.00122106,-0.16143444,
21726,-1.84934962,0.11981691,-2.99226904,6.00000000,0.24331054,-0.29809570,0.18337533,1.06154823,-0.12773293,0.07000000,0.00549451,0.07265540,0.23999999,-0.23999999,-0.01229746,-0.25307274,0.03141592,1.07646167,0.49064231,0.00122106,0.06849250,
21733,0.92074174,-1.94997048,1.18800712,5.00000000,0.26748046,-0.36093751,0.06321087,0.94012851,-0.03219635,0.07000000,0.00549451,0.16829103,0.23999999,-0.23999999,-0.01229746,1.51494586,-2.06472445,0.95236689,0.17931762,0.00122106,0.20910378,
21742,3.59386802,-0.92046374,7.32554293,6.00000000,0.30454102,-0.36416015,-0.29275304,0.52588552,0.08140249,0.07000000,0.00549451,0.13539243,0.14121531,-0.12397739,-0.01229746,3.28470969,-3.71755123,0.52833349,-0.07966289,0.00122106,0.30985889,
21750,6.93138504,-0.28001478,14.54286385,6.00000000,0.19819336,-0.22880860,-0.50534642,-0.20220403,0.23432490,0.07000000,0.00549451,0.08087494,-0.23999999,0.23999999,-0.01229746,4.37030411,-4.62861347,-0.20634580,-0.34957254,0.00122106,0.32651767,
21758,10.36706448,1.61858714,20.53136063,6.00000000,-0.18046875,0.19980469,-0.36078277,-1.20629394,0.23481838,0.07000000,0.00549451,-0.04262657,-0.23999999,0.23999999,-0.01229746,3.32659769,-3.18522596,-1.19983375,-0.75060785,0.00122106,0.15573107,
21766,4.39712238,0.89912957,20.53136063,6.00000000,-0.27070314,0.36899415,0.10761819,-1.67279565,0.14068533,0.07000000,0.00549451,-0.03091034,-0.23999999,0.23999999,-0.01229746,1.59697628,-1.49051118,-1.65540063,-0.48557165,0.00122106,-0.00700514,
21774,3.08150887,-0.25248146,17.69004250,6.00000000,-0.28198242,0.34482422,0.00828588,-0.89423370,-0.10839739,0.07000000,0.00549451,-0.01651167,-0.23999999,0.23999999,-0.01229746,-0.72605693,0.88313657,-0.90814573,-0.47572410,0.00122106,-0.12601878,
21782,-1.96905971,-0.29078868,9.01584911,6.00000000,-0.30454102,0.35610351,0.19445239,-0.44589540,-0.18813762,0.07000000,0.00549451,-0.11302021,-0.19952223,0.18365648,-0.01229746,-2.17817092,2.52374625,-0.46573868,-0.02479824,0.00122106,-0.21518388,
21790,-3.78027320,0.22755598,2.40665579,6.00000000,-0.24653320,0.28359374,0.12301312,0.33624795,-0.22303447,0.07000000,0.00549451,-0.25440538,0.22176476,-0.23999999,-0.01229746,-3.60061431,4.42266417,0.33167464,0.20946927,0.00122106,-0.28040922,
21798,-2.50057244,0.32571825,-2.52300549,6.00000000,0.18691406,-0.24008790,0.37654793,1.03423333,-0.19573228,0.07000000,0.00549451,-0.18178396,0.23999999,-0.23999999,-0.01229746,-3.49589443,4.07708931,1.03884459,0.28589192,0.00122106,-0.20974943,
21805,-1.98941040,-0.96715069,-4.66222477,5.00000000,0.23203126,-0.29970703,0.18926445,1.29519022,-0.18118624,0.07000000,0.00549451,0.07098576,0.23999999,-0.23999999,-0.01229746,-1.38579142,1.17111588,1.31774282,0.45029649,0.00122106,0.00290115,
21814,0.46225211,-0.46077701,-0.14676037,6.00000000,0.28198242,-0.34482422,0.13380809,1.27669311,-0.11813007,0.07000000,0.00549451,0.09370658,0.23999999,-0.23999999,-0.01229746,0.93724179,-1.22871184,1.29514027,0.22664563,0.00122106,0.18109883,
21822,2.83969450,-2.06010365,6.12125969,6.00000000,0.29003906,-0.35449219,-0.22427654,0.84965003,0.01992956,0.07000000,0.00549451,0.13414861,0.23999999,-0.22781911,-0.01229746,2.64940977,-3.06305289,0.85419166,-0.03612626,0.00122106,0.28271168,
21830,5.70435667,-0.05615692,14.37287617,6.00000000,0.30131835,-0.36416015,-0.44153783,0.11505248,0.21529803,0.07000000,0.00549451,-0.00974026,-0.15118109,0.14837818,-0.01229746,4.49945879,-4.46629763,0.10902959,-0.24491876,0.00122106,0.34895676,
21838,10.89378929,0.98172951,18.47533989,6.00000000,-0.06284180,0.07895508,-0.40368018,-0.98259234,0.30749333,0.07000000,0.00549451,-0.00476329,-0.23999999,0.23999999,-0.01229746,4.01425743,-4.00553083,-0.98382431,-0.78770089,0.00122106,0.23072089,
21846,5.78216839,1.75984502,20.53136063,6.00000000,-0.26425782,0.33193359,-0.11071987,-1.73023415,0.20910923,0.07000000,0.00549451,-0.04448891,-0.23999999,0.23999999,-0.01229746,2.56563401,-2.40506387,-1.71695042,-0.48588946,0.00122106,0.06063558,
21854,2.90314078,-0.33149013,20.53136063,6.00000000,-0.26264650,0.32548827,0.05237126,-1.17731273,-0.02007684,0.07000000,0.00549451,0.00911277,-0.23999999,0.23999999,-0.01229746,0.09948377,-0.10471976,-1.09365237,-0.43669140,0.00122106,-0.07791568,
21862,-1.46148896,0.01806333,11.02697849,6.00000000,-0.29326171,0.37543947,0.14440209,-0.63872701,-0.13980216,0.07000000,0.00366300,-0.12881386,-0.23999999,0.23999999,-0.01229746,-1.34913957,1.78372645,-0.63823360,-0.07076240,0.00122106,-0.16581327,
21870,-2.22284508,-0.10643516,2.01879501,6.00000000,-0.28037110,0.35126954,0.08094804,0.11487299,-0.22371106,0.07000000,0.00366300,-0.17477974,-0.02587259,0.00218613,-0.01229746,-3.09272337,3.62853932,0.10762012,0.04317435,0.00122106,-0.24759224,
21877,-2.58077836,1.62217844,-1.28759742,5.00000000,-0.07089844,0.05800781,0.39178893,0.79853117,-0.19145365,0.07000000,0.00366300,-0.29547811,0.23999999,-0.23999999,-0.01229746,-3.88684821,4.84328890,0.79818708,0.17765176,0.00122106,-0.27113032,
21886,-3.19010258,-1.31071866,-3.47829199,6.00000000,0.20786133,-0.25942382,0.31434193,1.31427920,-0.19832675,0.07000000,0.00366300,-0.07005759,0.23999999,-0.23999999,-0.01229746,-2.93738914,3.15555525,1.33130741,0.43402904,0.00122106,-0.13223505,
21894,-1.20052099,0.14375892,-1.18584394,6.00000000,0.23041992,-0.30615234,0.12936325,1.48714209,-0.16942093,0.07000000,0.00366300,0.00918528,0.23999999,-0.23999999,-0.01229746,-0.15009832,0.11868239,1.50752735,0.40388641,0.00122106,0.10443540,
21902,0.76272440,-1.38015044,4.20589828,6.00000000,0.26909178,-0.35288087,0.01702122,1.31278992,-0.03439272,0.07000000,0.00549451,-0.00828199,0.23999999,-0.23999999,-0.01229746,1.85353959,-1.77499974,1.32531357,0.16687116,0.00122106,0.24260019,
21910,4.81251669,-0.99707818,10.82466888,6.00000000,0.30776367,-0.40283203,-0.38615727,0.67743790,0.17270474,0.07000000,0.00549451,-0.04235020,-0.08260721,0.07571012,-0.01229746,3.46622396,-3.30739903,0.66392916,-0.25006589,0.00122106,0.30960584,
