TimeStamp,MotorID,EncoderValue,TotalAngle,iqcurrentValue,speed,MotorID,EncoderValue,TotalAngle,iqcurrentValue,speed
29270,1,-3009,-3009,-17,-18,2,23496,23496,-13,-47
29275,1,-3011,-3011,-19,-12,2,23491,23491,-22,-59
29280,1,-3011,-3011,-22,0,2,23486,23486,-27,-49
29285,1,-3011,-3011,-22,-5,2,23483,23483,-29,-40
29290,1,-3012,-3012,-22,-6,2,23479,23479,-30,-42
29295,1,-3012,-3012,-23,0,2,23475,23475,-30,-39
29300,1,-3012,-3012,-23,0,2,23472,23472,-29,-36
29305,1,-3012,-3012,-22,0,2,23468,23468,-29,-32
29310,1,-3012,-3012,-23,0,2,23465,23465,-29,-37
29315,1,-3012,-3012,-24,0,2,23462,23462,-29,-40
29320,1,-3012,-3012,-22,0,2,23458,23458,-28,-46
29325,1,-3012,-3012,-22,0,2,23452,23452,-27,-66
29330,1,-3012,-3012,-22,0,2,23444,23444,-27,-99
29335,1,-3012,-3012,-22,0,2,23433,23433,-25,-142
29340,1,-3012,-3012,-22,0,2,23417,23417,-25,-183
29345,1,-3012,-3012,-23,0,2,23399,23399,-24,-204
29350,1,-3012,-3012,-23,0,2,23380,23380,-25,-203
29355,1,-3012,-3012,-23,0,2,23361,23361,-26,-231
29360,1,-3012,-3012,-21,0,2,23337,23337,-24,-291
29365,1,-3012,-3012,-22,0,2,23307,23307,-28,-333
29370,1,-3012,-3012,-22,0,2,23276,23276,-28,-351
29375,1,-3012,-3012,-22,0,2,23241,23241,-31,-398
29380,1,-3012,-3012,-23,0,2,23207,23207,-37,-364
29385,1,-3012,-3012,-23,0,2,23177,23177,-37,-325
29390,1,-3012,-3012,-22,0,2,23148,23148,-37,-292
29395,1,-3012,-3012,-22,0,2,23124,23124,-37,-248
29400,1,-3012,-3012,-23,0,2,23104,23104,-35,-207
29405,1,-3012,-3012,-23,0,2,23086,23086,-37,-188
29410,1,-3012,-3012,-22,0,2,23070,23070,-33,-180
29415,1,-3012,-3012,-22,0,2,23053,23053,-32,-184
29420,1,-3012,-3012,-22,0,2,23036,23036,-31,-183
29425,1,-3012,-3012,-23,0,2,23020,23020,-27,-187
29430,1,-3012,-3012,-23,0,2,23001,23001,-28,-203
29435,1,-3012,-3012,-22,0,2,22981,22981,-25,-244
29440,1,-3012,-3012,-24,0,2,22955,22955,-25,-292
29445,1,-3012,-3012,-24,0,2,22927,22927,-26,-304
29450,1,-3012,-3012,-22,0,2,22899,22899,-25,-329
29455,1,-3012,-3012,-22,0,2,22866,22866,-26,-378
29460,1,-3012,-3012,-23,0,2,22830,22830,-27,-405
29465,1,-3012,-3012,-23,0,2,22790,22790,-30,-458
29470,1,-3012,-3012,-22,0,2,22749,22749,-36,-429
29475,1,-3012,-3012,-23,0,2,22709,22709,-37,-453
29480,1,-3012,-3012,-23,0,2,22671,22671,-36,-394
29485,1,-3012,-3012,-22,0,2,22636,22636,-36,-369
29490,1,-3012,-3012,-23,0,2,22604,22604,-33,-345
29495,1,-3012,-3012,-21,0,2,22573,22573,-31,-325
29500,1,-3012,-3012,-23,0,2,22542,22542,-28,-349
29505,1,-3012,-3012,-23,0,2,22509,22509,-26,-374
29510,1,-3012,-3012,-23,0,2,22474,22474,-25,-387
29515,1,-3012,-3012,-23,0,2,22437,22437,-24,-431
29520,1,-3012,-3012,-22,0,2,22395,22395,-28,-464
29525,1,-3012,-3012,-23,0,2,22352,22352,-28,-491
29530,1,-3012,-3012,-23,0,2,22306,22306,-35,-496
29535,1,-3012,-3012,-23,0,2,22263,22263,-35,-481
29540,1,-3012,-3012,-22,0,2,22221,22221,-37,-436
29545,1,-3012,-3012,-23,0,2,22183,22183,-36,-423
29550,1,-3012,-3012,-22,0,2,22145,22145,-34,-418
29555,1,-3012,-3012,-22,0,2,22108,22108,-31,-405
29560,1,-3012,-3012,-22,0,2,22070,22070,-27,-426
29565,1,-3012,-3012,-23,0,2,22032,22032,-25,-428
29570,1,-3012,-3012,-24,0,2,21991,21991,-26,-464
29575,1,-3012,-3012,-23,0,2,21946,21946,-26,-508
29580,1,-3012,-3012,-22,0,2,21897,21897,-25,-572
29585,1,-3012,-3012,-22,0,2,21844,21844,-32,-584
29590,1,-3012,-3012,-22,0,2,21790,21790,-36,-568
29595,1,-3012,-3012,-23,0,2,21742,21742,-36,-525
29600,1,-3012,-3012,-23,0,2,21693,21693,-34,-527
29605,1,-3012,-3012,-22,0,2,21646,21646,-29,-527
29610,1,-3012,-3012,-23,0,2,21597,21597,-26,-540
29615,1,-3012,-3012,-24,0,2,21546,21546,-26,-569
29620,1,-3012,-3012,-23,0,2,21494,21494,-23,-576
29625,1,-3012,-3012,-24,0,2,21438,21438,-27,-627
29630,1,-3012,-3012,-23,0,2,21379,21379,-32,-657
29635,1,-3012,-3012,-23,0,2,21319,21319,-34,-659
29640,1,-3012,-3012,-23,0,2,21260,21260,-34,-631
29645,1,-3012,-3012,-23,0,2,21205,21205,-34,-594
29650,1,-3012,-3012,-23,0,2,21150,21150,-27,-626
29655,1,-3012,-3012,-22,0,2,21093,21093,-24,-641
29660,1,-3012,-3012,-23,0,2,21032,21032,-25,-657
29665,1,-3012,-3012,-23,0,2,20968,20968,-27,-738
29670,1,-3012,-3012,-23,0,2,20903,20903,-33,-728
29675,1,-3012,-3012,-22,0,2,20835,20835,-38,-711
29680,1,-3012,-3012,-22,0,2,20770,20770,-34,-722
29685,1,-3012,-3012,-22,0,2,20708,20708,-31,-674
29690,1,-3012,-3012,-23,0,2,20645,20645,-28,-667
29695,1,-3012,-3012,-22,0,2,20580,20580,-23,-746
29700,1,-3012,-3012,-22,0,2,20512,20512,-26,-776
29705,1,-3012,-3012,-22,0,2,20440,20440,-32,-779
29710,1,-3012,-3012,-21,0,2,20372,20372,-38,-804
29715,1,-3012,-3012,-23,0,2,20301,20301,-35,-772
29720,1,-3012,-3012,-23,0,2,20231,20231,-27,-782
29725,1,-3012,-3012,-23,0,2,20160,20160,-24,-779
29730,1,-3012,-3012,-22,0,2,20087,20087,-24,-799
29735,1,-3012,-3012,-23,0,2,20010,20010,-28,-847
29740,1,-3012,-3012,-22,0,2,19931,19931,-33,-870
29745,1,-3012,-3012,-22,0,2,19852,19852,-31,-851
29750,1,-3012,-3012,-23,0,2,19776,19776,-30,-819
29755,1,-3012,-3012,-22,0,2,19703,19703,-23,-831
29760,1,-3012,-3012,-22,0,2,19625,19625,-25,-863
29765,1,-3012,-3012,-22,0,2,19543,19543,-29,-896
29770,1,-3012,-3012,-23,0,2,19461,19461,-35,-901
29775,1,-3012,-3012,-23,0,2,19380,19380,-37,-861
29780,1,-3012,-3012,-22,0,2,19302,19302,-31,-862
29785,1,-3012,-3012,-22,0,2,19224,19224,-25,-868
29790,1,-3012,-3012,-23,0,2,19143,19143,-21,-908
29795,1,-3012,-3012,-21,0,2,19058,19058,-28,-940
29800,1,-3012,-3012,-22,0,2,18973,18973,-37,-935
29805,1,-3012,-3012,-23,0,2,18891,18891,-36,-873
29810,1,-3012,-3012,-22,0,2,18810,18810,-30,-870
29815,1,-3012,-3012,-24,0,2,18731,18731,-24,-885
29820,1,-3012,-3012,-22,0,2,18648,18648,-26,-918
29825,1,-3012,-3012,-23,0,2,18561,18561,-36,-960
29830,1,-3012,-3012,-22,0,2,18475,18475,-39,-937
29835,1,-3012,-3012,-23,0,2,18393,18393,-35,-899
29840,1,-3012,-3012,-22,0,2,18311,18311,-29,-898
29845,1,-3012,-3012,-23,0,2,18227,18227,-24,-924
29850,1,-3012,-3012,-23,0,2,18147,18147,-27,-915
29855,1,-3012,-3012,-22,0,2,18062,18062,-36,-934
29860,1,-3012,-3012,-23,0,2,17980,17980,-39,-884
29865,1,-3012,-3012,-23,0,2,17902,17902,-31,-830
29870,1,-3012,-3012,-22,0,2,17825,17825,-25,-834
29875,1,-3012,-3012,-23,0,2,17745,17745,-26,-873
29880,1,-3012,-3012,-23,0,2,17664,17664,-29,-907
29885,1,-3012,-3012,-23,0,2,17582,17582,-36,-892
29890,1,-3012,-3012,-23,0,2,17502,17502,-36,-877
29895,1,-3012,-3012,-23,0,2,17426,17426,-29,-828
29900,1,-3012,-3012,-22,0,2,17351,17351,-26,-799
29905,1,-3012,-3012,-22,0,2,17275,17275,-26,-837
29910,1,-3012,-3012,-23,0,2,17193,17193,-30,-884
29915,1,-3012,-3012,-23,0,2,17118,17118,-37,-837
29920,1,-3012,-3012,-22,0,2,17044,17044,-40,-806
29925,1,-3012,-3012,-22,0,2,16975,16975,-31,-758
29930,1,-3012,-3012,-22,0,2,16907,16907,-28,-729
29935,1,-3012,-3012,-22,0,2,16838,16838,-26,-762
29940,1,-3012,-3012,-23,0,2,16768,16768,-27,-799
29945,1,-3012,-3012,-23,0,2,16695,16695,-33,-825
29950,1,-3012,-3012,-22,0,2,16620,16620,-36,-773
29955,1,-3012,-3012,-23,0,2,16553,16553,-36,-721
29960,1,-3012,-3012,-22,0,2,16489,16489,-30,-707
29965,1,-3012,-3012,-23,0,2,16425,16425,-25,-711
29970,1,-3012,-3012,-22,0,2,16359,16359,-26,-720
29975,1,-3012,-3012,-23,0,2,16292,16292,-29,-735
29980,1,-3012,-3012,-23,0,2,16224,16224,-32,-778
29985,1,-3012,-3012,-22,0,2,16157,16157,-37,-731
29990,1,-3012,-3012,-22,0,2,16091,16091,-37,-686
29995,1,-3012,-3012,-21,0,2,16030,16030,-32,-673
30000,1,-3012,-3012,-22,0,2,15970,15970,-26,-675
30005,1,-3012,-3012,-21,0,2,15908,15908,-25,-680
30010,1,-3012,-3012,-22,0,2,15842,15842,-26,-730
30015,1,-3012,-3012,-22,0,2,15776,15776,-31,-741
30020,1,-3012,-3012,-21,0,2,15709,15709,-34,-713
30025,1,-3012,-3012,-23,0,2,15645,15645,-34,-684
30030,1,-3012,-3012,-23,0,2,15582,15582,-34,-694
30035,1,-3012,-3012,-22,0,2,15520,15520,-27,-688
30040,1,-3012,-3012,-23,0,2,15458,15458,-29,-685
30045,1,-3012,-3012,-22,0,2,15392,15392,-26,-739
30050,1,-3012,-3012,-22,0,2,15324,15324,-28,-781
30055,1,-3012,-3012,-22,0,2,15252,15252,-34,-760
30060,1,-3012,-3012,-22,0,2,15185,15185,-38,-695
30065,1,-3012,-3012,-22,0,2,15121,15121,-35,-704
30070,1,-3012,-3012,-23,0,2,15059,15059,-26,-715
30075,1,-3012,-3012,-22,0,2,14995,14995,-24,-688
30080,1,-3012,-3012,-22,0,2,14930,14930,-26,-700
30085,1,-3012,-3012,-23,0,2,14863,14863,-29,-745
30090,1,-3012,-3012,-23,0,2,14796,14796,-34,-745
30095,1,-3012,-3012,-23,0,2,14729,14729,-38,-698
30100,1,-3012,-3012,-22,0,2,14667,14667,-37,-672
30105,1,-3012,-3012,-22,0,2,14608,14608,-29,-662
30110,1,-3012,-3012,-22,0,2,14548,14548,-24,-653
30115,1,-3012,-3012,-23,0,2,14484,14484,-25,-702
30120,1,-3012,-3012,-23,0,2,14419,14419,-26,-752
30125,1,-3012,-3012,-23,0,2,14352,14352,-34,-728
30130,1,-3012,-3012,-22,0,2,14284,14284,-38,-738
30135,1,-3012,-3012,-22,0,2,14219,14219,-36,-712
30140,1,-3012,-3012,-23,0,2,14156,14156,-30,-688
30145,1,-3012,-3012,-23,0,2,14093,14093,-27,-665
30150,1,-3012,-3012,-23,0,2,14029,14029,-24,-702
30155,1,-3012,-3012,-23,0,2,13963,13963,-25,-747
30160,1,-3012,-3012,-22,0,2,13896,13896,-33,-726
30165,1,-3012,-3012,-22,0,2,13830,13830,-38,-728
30170,1,-3012,-3012,-22,0,2,13766,13766,-37,-711
30175,1,-3012,-3012,-23,0,2,13703,13703,-30,-690
30180,1,-3012,-3012,-22,0,2,13639,13639,-28,-690
30185,1,-3012,-3012,-22,0,2,13575,13575,-26,-723
30190,1,-3012,-3012,-22,0,2,13511,13511,-24,-731
30195,1,-3012,-3012,-23,0,2,13443,13443,-31,-732
30200,1,-3012,-3012,-23,0,2,13372,13372,-37,-726
30205,1,-3012,-3012,-23,0,2,13308,13308,-38,-727
30210,1,-3012,-3012,-23,0,2,13246,13246,-34,-674
30215,1,-3012,-3012,-23,0,2,13184,13184,-27,-673
30220,1,-3012,-3012,-22,0,2,13120,13120,-21,-726
30225,1,-3012,-3012,-22,0,2,13055,13055,-26,-725
30230,1,-3012,-3012,-23,0,2,12988,12988,-29,-740
30235,1,-3012,-3012,-23,0,2,12918,12918,-35,-761
30240,1,-3012,-3012,-23,0,2,12849,12849,-37,-750
30245,1,-3012,-3012,-22,0,2,12785,12785,-36,-697
30250,1,-3012,-3012,-22,0,2,12723,12723,-28,-674
30255,1,-3012,-3012,-23,0,2,12658,12658,-24,-702
30260,1,-3012,-3012,-23,0,2,12593,12593,-23,-763
30265,1,-3012,-3012,-22,0,2,12524,12524,-28,-759
30274,1,-3010,-3010,12,56,2,12397,12397,5,-672
30279,1,-3004,-3004,21,66,2,12353,12353,16,-428
30284,1,-2997,-2997,26,81,2,12327,12327,19,-199
30289,1,-2989,-2989,26,103,2,12322,12322,21,10
30294,1,-2977,-2977,27,144,2,12333,12333,27,158
30299,1,-2961,-2961,30,187,2,12351,12351,30,208
30304,1,-2942,-2942,31,217,2,12375,12375,28,303
30309,1,-2923,-2923,35,195,2,12410,12410,31,427
30314,1,-2908,-2908,38,144,2,12453,12453,34,500
30319,1,-2897,-2897,36,108,2,12504,12504,38,588
30324,1,-2888,-2888,37,98,2,12559,12559,42,620
30329,1,-2879,-2879,34,98,2,12615,12615,48,614
30334,1,-2869,-2869,35,110,2,12672,12672,41,634
30339,1,-2859,-2859,34,114,2,12730,12730,36,641
30344,1,-2849,-2849,35,110,2,12791,12791,34,682
30349,1,-2840,-2840,35,87,2,12857,12857,30,768
30354,1,-2834,-2834,34,59,2,12929,12929,35,798
30359,1,-2829,-2829,35,48,2,13010,13010,45,832
30364,1,-2826,-2826,33,34,2,13086,13086,47,860
30369,1,-2823,-2823,34,22,2,13166,13166,41,868
30374,1,-2821,-2821,35,16,2,13247,13247,34,922
30379,1,-2820,-2820,34,14,2,13334,13334,33,993
30384,1,-2818,-2818,35,18,2,13427,13427,39,1046
30389,1,-2816,-2816,32,21,2,13521,13521,45,1044
30394,1,-2813,-2813,32,34,2,13614,13614,39,1047
30399,1,-2809,-2809,31,45,2,13709,13709,34,1059
30404,1,-2803,-2803,30,71,2,13808,13808,33,1114
30409,1,-2795,-2795,29,101,2,13914,13914,39,1185
30414,1,-2783,-2783,28,149,2,14021,14021,49,1158
30419,1,-2767,-2767,29,193,2,14128,14128,38,1162
30424,1,-2748,-2748,28,223,2,14238,14238,28,1232
30429,1,-2726,-2726,26,251,2,14352,14352,38,1276
30434,1,-2700,-2700,24,303,2,14470,14470,42,1297
30439,1,-2669,-2669,24,354,2,14586,14586,40,1254
30444,1,-2636,-2636,25,364,2,14702,14702,31,1288
30449,1,-2600,-2600,24,401,2,14824,14824,38,1360
30454,1,-2561,-2561,28,454,2,14947,14947,50,1347
30459,1,-2517,-2517,26,496,2,15072,15072,36,1378
30464,1,-2468,-2468,30,555,2,15198,15198,36,1397
30469,1,-2418,-2418,35,552,2,15329,15329,41,1462
30474,1,-2367,-2367,33,564,2,15460,15460,41,1451
30479,1,-2319,-2319,33,520,2,15592,15592,35,1455
30484,1,-2268,-2268,27,559,2,15728,15728,37,1515
30489,1,-2212,-2212,23,653,2,15866,15866,44,1521
30494,1,-2152,-2152,24,675,2,16006,16006,37,1528
30499,1,-2087,-2087,29,714,2,16148,16148,31,1581
30504,1,-2021,-2021,29,743,2,16294,16294,45,1604
30509,1,-1951,-1951,31,785,2,16441,16441,42,1605
30514,1,-1879,-1879,34,780,2,16588,16588,33,1648
30519,1,-1807,-1807,28,793,2,16742,16742,43,1712
30524,1,-1735,-1735,22,818,2,16897,16897,41,1701
30529,1,-1657,-1657,22,886,2,17052,17052,31,1704
30534,1,-1574,-1574,28,923,2,17211,17211,44,1757
30539,1,-1490,-1490,36,911,2,17371,17371,41,1774
30544,1,-1406,-1406,32,937,2,17534,17534,34,1814
30549,1,-1319,-1319,25,963,2,17702,17702,46,1841
30554,1,-1227,-1227,25,979,2,17888,17888,34,1847
30559,1,-1137,-1137,27,1018,2,18040,18040,32,1885
30564,1,-1041,-1041,34,1057,2,18218,18218,46,1903
30569,1,-945,-945,34,1044,2,18388,18388,36,1928
30574,1,-850,-850,23,1055,2,18566,18566,39,1983
30579,1,-748,-748,24,1126,2,18745,18745,42,1964
30584,1,-645,-645,26,1145,2,18926,18926,29,1979
30589,1,-539,-539,35,1179,2,19111,19111,46,2047
30594,1,-431,-431,32,1181,2,19298,19298,32,2062
30599,1,-323,-323,20,1207,2,19488,19488,39,2098
30604,1,-209,-209,28,1256,2,19681,19681,43,2141
30609,1,-93,-93,34,1267,2,19875,19875,32,2148
30614,1,23,23,33,1285,2,20075,20075,44,2176
30619,1,148,148,24,1323,2,20276,20276,34,2230
30624,1,274,274,27,1404,2,20478,20478,41,2249
30629,1,402,402,38,1396,2,20683,20683,39,2235
30634,1,529,529,27,1417,2,20890,20890,38,2307
30639,1,661,661,24,1445,2,21100,21100,37,2296
30644,1,794,794,30,1503,2,21308,21308,32,2301
30649,1,932,932,35,1490,2,21519,21519,48,2311
30654,1,1068,1068,22,1533,2,21731,21731,31,2319
30659,1,1214,1214,28,1558,2,21950,21950,43,2359
30664,1,1357,1357,36,1588,2,22164,22164,32,2361
30669,1,1502,1502,28,1576,2,22379,22379,49,2385
30674,1,1648,1648,24,1650,2,22596,22596,36,2383
30679,1,1798,1798,31,1624,2,22817,22817,41,2431
30684,1,1947,1947,25,1661,2,23037,23037,33,2425
30689,1,2101,2101,25,1678,2,23261,23261,37,2492
30694,1,2257,2257,29,1733,2,23488,23488,39,2498
30699,1,2411,2411,26,1683,2,23715,23715,41,2494
30704,1,2570,2570,25,1745,2,23943,23943,41,2517
30709,1,2732,2732,31,1801,2,24169,24169,41,2559
30714,1,2895,2895,26,1784,2,24409,24409,42,2569
30719,1,3062,3062,28,1851,2,24643,24643,41,2598
30724,1,3230,3230,39,1845,2,24876,24876,41,2582
30729,1,3401,3401,23,1877,2,25113,25113,40,2619
30734,1,3575,3575,25,1942,2,25350,25350,40,2580
30739,1,3752,3752,34,1923,2,25587,25587,38,2617
30744,1,3930,3930,25,1974,2,25827,25827,39,2633
30749,1,4110,4110,32,2012,2,26068,26068,39,2656
30754,1,4292,4292,24,1989,2,26309,26309,34,2650
30759,1,4478,4478,28,2067,2,26554,26554,40,2734
30764,1,4665,4665,35,2064,2,26799,26799,34,2674
30769,1,4853,4853,23,2053,2,27046,27046,48,2729
30774,1,5043,5043,32,2105,2,27291,27291,37,2709
30779,1,5234,5234,25,2111,2,27540,27540,48,2720
30784,1,5427,5427,28,2135,2,27786,27786,33,2682
30789,1,5622,5622,32,2114,2,28031,28031,44,2669
30794,1,5817,5817,25,2160,2,28278,28278,33,2700
30799,1,6015,6015,30,2214,2,28523,28523,50,2685
30804,1,6214,6214,22,2185,2,28765,28765,34,2671
30809,1,6417,6417,35,2221,2,29008,29008,54,2666
30814,1,6621,6621,26,2258,2,29251,29251,35,2656
30819,1,6825,6825,28,2279,2,29495,29495,43,2680
30824,1,7034,7034,35,2261,2,29737,29737,35,2681
30829,1,7243,7243,25,2296,2,29981,29981,42,2674
30834,1,7454,7454,36,2338,2,30225,30225,33,2652
30839,1,7665,7665,23,2347,2,30467,30467,40,2641
30844,1,7880,7880,30,2356,2,30710,30710,38,2677
30849,1,8094,8094,24,2339,2,30952,30952,43,2655
30854,1,8309,8309,36,2367,2,31189,31189,41,2635
30859,1,8525,8525,28,2381,2,31427,31427,44,2600
30864,1,8743,8743,29,2409,2,31662,31662,43,2570
30869,1,8960,8960,27,2363,2,31894,31894,44,2532
30874,1,9180,9180,28,2411,2,32125,32125,41,2542
30879,1,9401,9401,33,2443,2,32356,32356,45,2543
30884,1,9624,9624,30,2470,2,32589,32589,40,2568
30889,1,9848,9848,35,2469,2,-32716,32820,47,2540
30894,1,10075,10075,27,2496,2,-32485,33051,40,2576
30899,1,10304,10304,33,2508,2,-32253,33283,43,2535
30904,1,10534,10534,24,2531,2,-32023,33513,37,2500
30909,1,10765,10765,32,2537,2,-31793,33743,44,2505
30914,1,10999,10999,24,2596,2,-31564,33972,33,2549
30919,1,11234,11234,32,2579,2,-31334,34202,39,2517
30924,1,11468,11468,24,2580,2,-31107,34429,34,2486
30929,1,11703,11703,33,2582,2,-30880,34656,44,2480
30934,1,11941,11941,24,2616,2,-30656,34880,35,2476
30939,1,12180,12180,34,2604,2,-30431,35105,47,2436
30944,1,12419,12419,28,2643,2,-30210,35326,38,2419
30949,1,12661,12661,36,2685,2,-29987,35549,53,2452
30954,1,12906,12906,29,2715,2,-29764,35772,34,2470
30959,1,13159,13159,28,2719,2,-29536,36000,45,2441
30964,1,13410,13410,26,2784,2,-29314,36222,32,2416
30969,1,13662,13662,26,2774,2,-29090,36446,50,2431
30974,1,13917,13917,36,2801,2,-28870,36666,37,2436
30979,1,14172,14172,23,2804,2,-28651,36885,50,2422
30984,1,14433,14433,29,2869,2,-28432,37104,39,2383
30989,1,14692,14692,26,2835,2,-28210,37326,42,2446
30994,1,14953,14953,36,2865,2,-27991,37545,34,2409
30999,1,15217,15217,23,2900,2,-27774,37762,41,2390
31004,1,15480,15480,34,2871,2,-27555,37981,45,2396
31009,1,15745,15745,23,2933,2,-27337,38199,36,2413
31014,1,16014,16014,28,2948,2,-27122,38414,39,2344
31019,1,16286,16286,31,3000,2,-26908,38628,36,2325
31024,1,16559,16559,24,3007,2,-26692,38844,53,2372
31029,1,16837,16837,32,3058,2,-26480,39056,34,2369
31034,1,17116,17116,28,3071,2,-26266,39270,44,2335
31039,1,17396,17396,23,3075,2,-26051,39485,37,2305
31044,1,17681,17681,34,3142,2,-25835,39701,50,2403
31049,1,17966,17966,22,3119,2,-25620,39916,36,2377
31054,1,18253,18253,32,3144,2,-25405,40131,44,2336
31059,1,18541,18541,27,3169,2,-25190,40346,39,2353
31064,1,18829,18829,29,3147,2,-24974,40562,41,2392
31069,1,19120,19120,30,3218,2,-24759,40777,41,2349
31074,1,19415,19415,22,3246,2,-24544,40992,34,2369
31079,1,19711,19711,29,3260,2,-24328,41208,43,2388
31084,1,20012,20012,35,3329,2,-24114,41422,33,2350
31089,1,20314,20314,26,3331,2,-23896,41640,53,2359
31094,1,20618,20618,37,3336,2,-23681,41855,31,2378
31099,1,20925,20925,32,3396,2,-23464,42072,43,2403
31104,1,21233,21233,21,3371,2,-23244,42292,31,2408
31109,1,21542,21542,33,3384,2,-23022,42514,50,2438
31114,1,21852,21852,30,3424,2,-22799,42737,37,2442
31119,1,22162,22162,20,3404,2,-22571,42965,48,2526
31124,1,22475,22475,37,3454,2,-22342,43194,37,2515
31129,1,22790,22790,32,3496,2,-22111,43425,45,2558
31134,1,23107,23107,25,3483,2,-21879,43657,33,2565
31139,1,23428,23428,38,3528,2,-21643,43893,44,2602
31144,1,23751,23751,36,3548,2,-21407,44129,36,2581
31149,1,24075,24075,26,3575,2,-21171,44365,46,2598
31154,1,24403,24403,26,3588,2,-20932,44604,35,2646
31159,1,24728,24728,26,3585,2,-20692,44844,49,2643
31164,1,25056,25056,27,3602,2,-20453,45083,35,2643
31169,1,25383,25383,30,3566,2,-20211,45325,47,2679
31174,1,25711,25711,40,3623,2,-19967,45569,31,2677
31179,1,26043,26043,24,3680,2,-19721,45815,45,2688
31184,1,26375,26375,23,3645,2,-19474,46062,29,2724
31189,1,26712,26712,37,3690,2,-19223,46313,53,2760
31194,1,27049,27049,32,3711,2,-18971,46565,38,2752
31199,1,27388,27388,24,3761,2,-18720,46816,48,2746
31204,1,27728,27728,31,3716,2,-18469,47067,32,2781
31209,1,28067,28067,36,3714,2,-18216,47320,42,2767
31214,1,28406,28406,30,3747,2,-17966,47570,38,2761
31219,1,28744,28744,28,3707,2,-17717,47819,42,2748
31224,1,29085,29085,24,3770,2,-17469,48067,41,2711
31229,1,29427,29427,39,3755,2,-17223,48313,34,2701
31234,1,29771,29771,28,3820,2,-16977,48559,44,2701
31239,1,30117,30117,22,3783,2,-16731,48805,37,2703
31244,1,30465,30465,36,3814,2,-16483,49053,51,2717
31249,1,30814,30814,28,3858,2,-16235,49301,34,2703
31254,1,31163,31163,33,3808,2,-15983,49553,45,2776
31259,1,31510,31510,18,3835,2,-15730,49806,32,2774
31264,1,31866,31866,36,3774,2,-15471,50065,49,2798
31269,1,32213,32213,33,3839,2,-15216,50320,34,2810
31278,1,-32679,32857,-5,3755,2,-14747,50789,-14,2669
31283,1,-32362,33174,-3,3628,2,-14528,51008,-3,2430
31288,1,-32043,33493,-16,3429,2,-14321,51215,-25,2166
31293,1,-31741,33795,-16,3235,2,-14135,51401,-11,1945
31298,1,-31454,34082,-13,3071,2,-13976,51560,-18,1659
31303,1,-31188,34348,-21,2837,2,-13842,51694,-25,1362
31308,1,-30938,34598,-6,2668,2,-13730,51806,-23,1156
31313,1,-30707,34829,-18,2485,2,-13637,51899,-16,924
31318,1,-30491,35045,-11,2291,2,-13569,51967,-16,650
31323,1,-30295,35241,-23,2106,2,-13525,52011,-20,383
31328,1,-30115,35421,-16,1909,2,-13505,52031,-21,129
31333,1,-29950,35586,-11,1745,2,-13505,52031,-24,-71
31338,1,-29802,35734,-22,1573,2,-13518,52018,-30,-168
31343,1,-29669,35867,-18,1399,2,-13537,51999,-29,-243
31348,1,-29553,35983,-8,1203,2,-13563,51973,-31,-309
31353,1,-29455,36081,-16,1007,2,-13596,51940,-30,-397
31358,1,-29373,36163,-18,836,2,-13638,51898,-32,-488
31363,1,-29306,36230,-22,668,2,-13686,51850,-36,-543
31368,1,-29254,36282,-22,526,2,-13739,51797,-41,-588
31373,1,-29215,36321,-19,377,2,-13793,51743,-44,-602
31378,1,-29191,36345,-18,185,2,-13846,51690,-46,-584
31383,1,-29184,36352,-18,22,2,-13901,51635,-41,-586
31388,1,-29189,36347,-23,-81,2,-13956,51580,-37,-606
31393,1,-29199,36337,-26,-140,2,-14012,51524,-32,-646
31398,1,-29214,36322,-29,-175,2,-14074,51462,-30,-710
31403,1,-29231,36305,-32,-175,2,-14144,51392,-36,-785
31408,1,-29246,36290,-33,-164,2,-14219,51317,-40,-851
31413,1,-29260,36276,-35,-145,2,-14297,51239,-47,-835
31418,1,-29272,36264,-36,-116,2,-14375,51161,-41,-861
31423,1,-29282,36254,-36,-102,2,-14454,51082,-35,-897
31428,1,-29290,36246,-35,-87,2,-14536,51000,-35,-932
31433,1,-29297,36239,-36,-63,2,-14622,50914,-35,-977
31438,1,-29302,36234,-36,-50,2,-14715,50821,-41,-1044
31443,1,-29306,36230,-35,-37,2,-14808,50728,-42,-1026
31448,1,-29309,36227,-35,-33,2,-14903,50633,-36,-1055
31453,1,-29310,36226,-33,-17,2,-15002,50534,-32,-1123
31458,1,-29311,36225,-36,-10,2,-15106,50430,-36,-1165
31463,1,-29312,36224,-36,-5,2,-15214,50322,-45,-1188
31468,1,-29312,36224,-34,0,2,-15323,50213,-38,-1196
31473,1,-29312,36224,-36,0,2,-15432,50104,-31,-1207
31478,1,-29312,36224,-33,0,2,-15546,49990,-37,-1286
31483,1,-29312,36224,-34,0,2,-15665,49871,-44,-1302
31488,1,-29312,36224,-34,-5,2,-15783,49753,-41,-1289
31493,1,-29312,36224,-33,0,2,-15902,49634,-31,-1316
31498,1,-29312,36224,-34,0,2,-16026,49510,-38,-1384
31503,1,-29312,36224,-37,0,2,-16154,49382,-46,-1412
31508,1,-29312,36224,-36,0,2,-16281,49255,-37,-1380
31513,1,-29312,36224,-34,0,2,-16407,49129,-35,-1405
31518,1,-29313,36223,-35,0,2,-16536,49000,-39,-1432
31523,1,-29313,36223,-35,0,2,-16669,48867,-45,-1457
31528,1,-29313,36223,-36,-8,2,-16801,48735,-35,-1449
31533,1,-29313,36223,-34,0,2,-16934,48602,-36,-1466
31538,1,-29313,36223,-35,0,2,-17068,48468,-47,-1474
31543,1,-29313,36223,-35,0,2,-17203,48333,-38,-1494
31548,1,-29313,36223,-35,0,2,-17339,48197,-34,-1501
31553,1,-29314,36222,-34,-10,2,-17480,48056,-46,-1551
31558,1,-29314,36222,-34,0,2,-17619,47917,-44,-1523
31563,1,-29314,36222,-34,-8,2,-17761,47775,-31,-1535
31568,1,-29314,36222,-34,0,2,-17903,47633,-38,-1566
31573,1,-29314,36222,-34,0,2,-18049,47487,-49,-1619
31578,1,-29314,36222,-33,0,2,-18193,47343,-36,-1594
31583,1,-29314,36222,-33,0,2,-18341,47195,-37,-1622
31588,1,-29315,36221,-33,0,2,-18494,47042,-49,-1680
31593,1,-29315,36221,-33,0,2,-18650,46886,-36,-1686
31598,1,-29315,36221,-35,0,2,-18798,46738,-34,-1663
31603,1,-29315,36221,-34,0,2,-18955,46581,-46,-1710
31608,1,-29315,36221,-33,-7,2,-19112,46424,-35,-1745
31613,1,-29315,36221,-34,0,2,-19272,46264,-34,-1762
31618,1,-29316,36220,-35,0,2,-19434,46102,-48,-1775
31623,1,-29316,36220,-34,0,2,-19596,45940,-35,-1776
31628,1,-29316,36220,-33,0,2,-19761,45775,-37,-1815
31633,1,-29317,36219,-36,-6,2,-19929,45607,-51,-1858
31638,1,-29317,36219,-35,-10,2,-20095,45441,-32,-1845
31643,1,-29317,36219,-33,-10,2,-20265,45271,-37,-1886
31648,1,-29318,36218,-29,-11,2,-20438,45098,-42,-1894
31653,1,-29319,36217,-34,-11,2,-20611,44925,-35,-1889
31658,1,-29320,36216,-35,-12,2,-20787,44749,-44,-1958
31663,1,-29322,36214,-35,-20,2,-20966,44570,-35,-1968
31668,1,-29324,36212,-33,-25,2,-21148,44388,-38,-2002
31673,1,-29327,36209,-31,-33,2,-21331,44205,-48,-2014
31678,1,-29331,36205,-32,-47,2,-21515,44021,-32,-2045
31683,1,-29336,36200,-31,-53,2,-21703,43833,-44,-2081
31688,1,-29341,36195,-34,-54,2,-21892,43644,-38,-2063
31693,1,-29346,36190,-34,-58,2,-22082,43454,-35,-2097
31698,1,-29352,36184,-34,-64,2,-22274,43262,-48,-2097
31703,1,-29359,36177,-31,-75,2,-22467,43069,-34,-2108
31708,1,-29366,36170,-32,-86,2,-22662,42874,-45,-2177
31713,1,-29375,36161,-32,-100,2,-22856,42680,-34,-2118
31718,1,-29384,36152,-31,-111,2,-23051,42485,-38,-2126
31723,1,-29396,36140,-29,-135,2,-23247,42289,-44,-2154
31728,1,-29410,36126,-30,-165,2,-23444,42092,-32,-2165
31733,1,-29427,36109,-27,-189,2,-23641,41895,-52,-2155
31738,1,-29446,36090,-28,-212,2,-23837,41699,-34,-2152
31743,1,-29466,36070,-28,-223,2,-24036,41500,-46,-2214
31748,1,-29488,36048,-26,-269,2,-24236,41300,-38,-2190
31753,1,-29516,36020,-22,-320,2,-24435,41101,-40,-2168
31758,1,-29546,35990,-27,-332,2,-24636,40900,-46,-2203
31763,1,-29578,35958,-24,-369,2,-24836,40700,-36,-2238
31768,1,-29616,35920,-27,-442,2,-25038,40498,-48,-2216
31773,1,-29658,35878,-28,-473,2,-25241,40295,-35,-2204
31778,1,-29704,35832,-33,-505,2,-25442,40094,-46,-2234
31783,1,-29749,35787,-33,-503,2,-25640,39896,-39,-2168
31788,1,-29795,35741,-34,-511,2,-25839,39697,-42,-2186
31793,1,-29840,35696,-32,-480,2,-26043,39493,-46,-2162
31798,1,-29884,35652,-30,-480,2,-26231,39305,-40,-2126
31803,1,-29928,35608,-26,-503,2,-26425,39111,-47,-2150
31808,1,-29978,35558,-23,-574,2,-26617,38919,-39,-2082
31813,1,-30032,35504,-24,-609,2,-26807,38729,-40,-2077
31818,1,-30090,35446,-29,-640,2,-26996,38540,-47,-2081
31823,1,-30148,35388,-31,-658,2,-27183,38353,-33,-2050
31828,1,-30209,35327,-32,-672,2,-27373,38163,-51,-2072
31833,1,-30273,35263,-29,-692,2,-27560,37976,-39,-2082
31838,1,-30338,35198,-32,-684,2,-27776,37760,-45,-2071
31843,1,-30399,35137,-27,-670,2,-27939,37597,-50,-2009
31848,1,-30463,35073,-23,-753,2,-28119,37417,-35,-2063
31853,1,-30535,35001,-24,-805,2,-28307,37229,-47,-2066
31858,1,-30610,34926,-32,-830,2,-28492,37044,-39,-2006
31863,1,-30682,34854,-35,-793,2,-28675,36861,-38,-2016
31868,1,-30760,34776,-26,-842,2,-28863,36673,-46,-1991
31873,1,-30837,34699,-27,-835,2,-29044,36492,-37,-1987
31878,1,-30916,34620,-25,-869,2,-29225,36311,-47,-1999
31883,1,-30996,34540,-26,-902,2,-29403,36133,-36,-1960
31888,1,-31083,34453,-33,-957,2,-29581,35955,-38,-1958
31893,1,-31169,34367,-39,-956,2,-29760,35776,-52,-1963
31898,1,-31253,34283,-34,-929,2,-29937,35599,-31,-1957
31903,1,-31339,34197,-25,-965,2,-30116,35420,-43,-1972
31908,1,-31429,34107,-26,-1004,2,-30295,35241,-44,-1950
31913,1,-31521,34015,-29,-1024,2,-30471,35065,-34,-1928
31918,1,-31617,33919,-33,-1067,2,-30652,34884,-51,-1989
31923,1,-31715,33821,-32,-1064,2,-30832,34704,-37,-1983
31928,1,-31810,33726,-26,-1059,2,-31010,34526,-37,-1959
31933,1,-31908,33628,-25,-1093,2,-31191,34345,-45,-1988
31938,1,-32011,33525,-32,-1119,2,-31371,34165,-37,-1999
31943,1,-32111,33425,-36,-1105,2,-31554,33982,-45,-2010
31948,1,-32214,33322,-30,-1112,2,-31735,33801,-36,-1976
31953,1,-32317,33219,-22,-1134,2,-31917,33619,-39,-1989
31958,1,-32423,33113,-27,-1179,2,-32100,33436,-48,-1999
31963,1,-32530,33006,-35,-1172,2,-32281,33255,-33,-1972
31968,1,-32637,32899,-28,-1173,2,-32465,33071,-44,-2042
31973,1,-32744,32792,-26,-1200,2,-32646,32890,-42,-1957
31978,1,32681,32681,-25,-1203,2,32710,32710,-34,-1983
31983,1,32568,32568,-34,-1255,2,32530,32530,-48,-1995
31988,1,32455,32455,-31,-1235,2,32349,32349,-36,-1976
31993,1,32344,32344,-27,-1232,2,32169,32169,-39,-1978
31998,1,32229,32229,-25,-1271,2,31985,31985,-46,-1953
32003,1,32111,32111,-33,-1274,2,31810,31810,-36,-1963
32008,1,31994,31994,-33,-1299,2,31629,31629,-47,-1981
32013,1,31877,31877,-29,-1273,2,31453,31453,-39,-1927
32018,1,31759,31759,-21,-1332,2,31276,31276,-39,-1939
32023,1,31636,31636,-34,-1365,2,31098,31098,-51,-1948
32028,1,31513,31513,-29,-1346,2,30925,30925,-33,-1905
32033,1,31390,31390,-27,-1354,2,30749,30749,-42,-1928
32038,1,31266,31266,-26,-1373,2,30573,30573,-46,-1922
32043,1,31138,31138,-35,-1394,2,30399,30399,-33,-1898
32048,1,31012,31012,-33,-1380,2,30225,30225,-45,-1919
32053,1,30884,30884,-22,-1427,2,30051,30051,-36,-1922
32058,1,30751,30751,-28,-1462,2,29875,29875,-38,-1927
32063,1,30617,30617,-38,-1483,2,29700,29700,-53,-1900
32068,1,30484,30484,-26,-1447,2,29529,29529,-33,-1889
32073,1,30350,30350,-24,-1499,2,29355,29355,-39,-1908
32078,1,30212,30212,-36,-1509,2,29181,29181,-46,-1891
32083,1,30073,30073,-34,-1526,2,29009,29009,-35,-1904
32088,1,29936,29936,-24,-1519,2,28833,28833,-45,-1937
32093,1,29794,29794,-30,-1573,2,28658,28658,-36,-1936
32098,1,29651,29651,-29,-1554,2,28478,28478,-37,-1933
32103,1,29508,29508,-27,-1572,2,28302,28302,-48,-1982
32108,1,29364,29364,-30,-1591,2,28122,28122,-32,-1996
32113,1,29217,29217,-36,-1613,2,27940,27940,-40,-1996
32118,1,29071,29071,-27,-1614,2,27756,27756,-44,-2013
32123,1,28920,28920,-23,-1658,2,27571,27571,-32,-2054
32128,1,28769,28769,-34,-1663,2,27381,27381,-50,-2086
32133,1,28619,28619,-29,-1637,2,27192,27192,-31,-2091
32138,1,28467,28467,-22,-1700,2,27000,27000,-40,-2130
32143,1,28311,28311,-33,-1727,2,26807,26807,-39,-2138
32148,1,28154,28154,-27,-1720,2,26613,26613,-31,-2137
32153,1,27996,27996,-24,-1746,2,26413,26413,-50,-2177
32158,1,27836,27836,-33,-1766,2,26217,26217,-31,-2187
32163,1,27675,27675,-27,-1772,2,26018,26018,-45,-2176
32168,1,27506,27506,-27,-1818,2,25813,25813,-38,-2197
32173,1,27338,27338,-37,-1863,2,25611,25611,-36,-2234
32178,1,27172,27172,-27,-1809,2,25408,25408,-42,-2228
32183,1,27002,27002,-28,-1881,2,25203,25203,-37,-2258
32188,1,26831,26831,-27,-1901,2,24995,24995,-44,-2283
32193,1,26658,26658,-24,-1892,2,24786,24786,-32,-2311
32198,1,26481,26481,-37,-1957,2,24574,24574,-53,-2339
32203,1,26305,26305,-29,-1924,2,24357,24357,-32,-2347
32208,1,26128,26128,-20,-1950,2,24140,24140,-43,-2400
32213,1,25946,25946,-34,-2010,2,23928,23928,-34,-2381
32218,1,25765,25765,-26,-1992,2,23709,23709,-45,-2423
32223,1,25581,25581,-28,-2029,2,23490,23490,-35,-2419
32228,1,25396,25396,-35,-2044,2,23268,23268,-38,-2439
32233,1,25211,25211,-21,-2066,2,23047,23047,-36,-2406
32238,1,25020,25020,-36,-2103,2,22825,22825,-37,-2456
32243,1,24828,24828,-27,-2112,2,22602,22602,-43,-2439
32248,1,24633,24633,-31,-2157,2,22377,22377,-41,-2485
32253,1,24438,24438,-31,-2133,2,22153,22153,-45,-2448
32258,1,24238,24238,-23,-2225,2,21927,21927,-37,-2493
32263,1,24034,24034,-31,-2252,2,21697,21697,-46,-2523
32268,1,23832,23832,-25,-2229,2,21465,21465,-34,-2551
32273,1,23626,23626,-34,-2255,2,21232,21232,-46,-2580
32282,1,23250,23250,12,-2207,2,20804,20804,5,-2487
32287,1,23067,23067,20,-1967,2,20597,20597,31,-2220
32292,1,22896,22896,30,-1795,2,20410,20410,23,-1978
32297,1,22745,22745,21,-1615,2,20248,20248,28,-1662
32302,1,22611,22611,22,-1363,2,20112,20112,32,-1402
32307,1,22501,22501,25,-1130,2,20000,20000,33,-1149
32312,1,22408,22408,29,-944,2,19910,19910,24,-857
32317,1,22334,22334,23,-731,2,19849,19849,22,-566
32322,1,22280,22280,22,-512,2,19817,19817,25,-247
32327,1,22248,22248,22,-269,2,19810,19810,27,5
32332,1,22235,22235,19,-69,2,19822,19822,33,179
32337,1,22238,22238,27,83,2,19846,19846,35,307
32342,1,22250,22250,31,173,2,19883,19883,36,475
32347,1,22271,22271,32,255,2,19932,19932,39,580
32352,1,22299,22299,35,324,2,19993,19993,45,705
32357,1,22333,22333,37,410,2,20060,20060,51,773
32362,1,22375,22375,37,489,2,20132,20132,47,819
32367,1,22422,22422,42,516,2,20209,20209,43,861
32372,1,22472,22472,40,556,2,20295,20295,38,964
32377,1,22523,22523,37,578,2,20389,20389,37,1070
32382,1,22580,22580,32,651,2,20494,20494,49,1187
32387,1,22646,22646,29,773,2,20604,20604,50,1223
32392,1,22721,22721,34,844,2,20719,20719,41,1297
32397,1,22802,22802,39,893,2,20842,20842,41,1386
32402,1,22887,22887,42,944,2,20974,20974,55,1473
32407,1,22976,22976,36,990,2,21115,21115,48,1543
32412,1,23071,23071,31,1060,2,21253,21253,38,1568
32417,1,23173,23173,32,1161,2,21402,21402,46,1666
32422,1,23283,23283,40,1230,2,21557,21557,46,1736
32427,1,23397,23397,40,1255,2,21717,21717,36,1778
32432,1,23516,23516,32,1343,2,21885,21885,49,1864
32437,1,23641,23641,32,1389,2,22056,22056,47,1904
32442,1,23774,23774,38,1496,2,22232,22232,40,1928
32447,1,23910,23910,39,1492,2,22416,22416,52,2045
32452,1,24052,24052,33,1620,2,22603,22603,43,2075
32457,1,24202,24202,38,1661,2,22799,22799,47,2170
32462,1,24357,24357,40,1711,2,22998,22998,49,2214
32467,1,24518,24518,31,1752,2,23208,23208,40,2297
32472,1,24684,24684,41,1834,2,23422,23422,49,2353
32477,1,24853,24853,38,1885,2,23639,23639,40,2407
32482,1,25028,25028,31,1940,2,23861,23861,53,2458
32487,1,25210,25210,47,2015,2,24089,24089,45,2532
32492,1,25393,25393,33,2048,2,24323,24323,56,2585
32497,1,25583,25583,35,2109,2,24561,24561,42,2619
32502,1,25780,25780,42,2181,2,24802,24802,54,2647
32507,1,25982,25982,32,2268,2,25048,25048,41,2728
32512,1,26190,26190,42,2279,2,25299,25299,51,2741
32517,1,26403,26403,31,2354,2,25552,25552,41,2798
32522,1,26622,26622,42,2434,2,25812,25812,50,2868
32527,1,26846,26846,28,2484,2,26074,26074,45,2905
32532,1,27075,27075,40,2552,2,26341,26341,45,2939
32537,1,27309,27309,30,2597,2,26615,26615,53,3041
32542,1,27549,27549,41,2635,2,26891,26891,44,3039
32547,1,27792,27792,31,2674,2,27172,27172,51,3085
32552,1,28039,28039,46,2721,2,27455,27455,48,3155
32557,1,28290,28290,33,2790,2,27742,27742,44,3126
32562,1,28546,28546,42,2813,2,28029,28029,53,3157
32567,1,28805,28805,37,2856,2,28319,28319,46,3194
32572,1,29069,29069,39,2943,2,28610,28610,52,3165
32577,1,29339,29339,38,3002,2,28903,28903,54,3237
32582,1,29613,29613,31,3030,2,29197,29197,40,3238
32587,1,29894,29894,46,3107,2,29496,29496,55,3270
32592,1,30178,30178,30,3141,2,29796,29796,50,3340
32597,1,30467,30467,41,3176,2,30101,30101,46,3357
32602,1,30762,30762,39,3273,2,30406,30406,62,3343
32607,1,31060,31060,27,3263,2,30715,30715,49,3442
32612,1,31360,31360,40,3303,2,31022,31022,44,3354
32617,1,31666,31666,36,3376,2,31331,31331,58,3369
32622,1,31971,31971,26,3357,2,31638,31638,42,3383
32627,1,32284,32284,42,3462,2,31944,31944,41,3335
32632,1,32600,32600,33,3510,2,32252,32252,56,3385
32637,1,-32614,32922,29,3547,2,32564,32564,40,3465
32642,1,-32287,33249,44,3597,2,-32661,32875,43,3408
32647,1,-31956,33580,45,3656,2,-32343,33193,58,3497
32652,1,-31620,33916,30,3736,2,-32028,33508,39,3484
32657,1,-31278,34258,33,3742,2,-31709,33827,48,3468
32662,1,-30934,34602,43,3805,2,-31388,34148,59,3526
32667,1,-30586,34950,36,3834,2,-31068,34468,49,3529
32672,1,-30235,35301,33,3879,2,-30749,34787,48,3506
32677,1,-29879,35657,31,3938,2,-30429,35107,59,3479
32682,1,-29517,36019,42,3985,2,-30112,35424,46,3523
32687,1,-29149,36387,43,4106,2,-29790,35746,38,3521
32692,1,-28774,36762,36,4117,2,-29467,36069,52,3549
32697,1,-28395,37141,29,4190,2,-29141,36395,56,3606
32702,1,-28010,37526,28,4233,2,-28814,36722,47,3631
32707,1,-27623,37913,39,4251,2,-28487,37049,55,3566
32712,1,-27233,38303,36,4321,2,-28155,37381,57,3653
32717,1,-26841,38695,34,4319,2,-27827,37709,39,3625
32722,1,-26442,39094,38,4396,2,-27497,38039,41,3629
32727,1,-26038,39498,32,4471,2,-27167,38369,66,3593
32732,1,-25626,39910,34,4535,2,-26838,38698,50,3622
32737,1,-25209,40327,30,4581,2,-26510,39026,36,3636
32742,1,-24786,40750,45,4658,2,-26176,39360,53,3618
32747,1,-24363,41173,41,4668,2,-25840,39696,60,3753
32752,1,-23934,41602,45,4716,2,-25503,40033,41,3718
32757,1,-23505,42031,40,4740,2,-25164,40372,43,3709
32762,1,-23069,42467,44,4832,2,-24823,40713,65,3738
32767,1,-22627,42909,38,4891,2,-24482,41054,45,3783
32772,1,-22167,43369,33,4947,2,-24135,41401,41,3724
32777,1,-21712,43824,33,5037,2,-23792,41744,48,3706
32782,1,-21255,44281,38,5013,2,-23451,42085,53,3796
32787,1,-20796,44740,38,5051,2,-23103,42433,49,3843
32792,1,-20338,45198,41,5031,2,-22753,42783,38,3864
32797,1,-19873,45663,43,5133,2,-22395,43141,51,3919
32802,1,-19403,46133,41,5195,2,-22034,43502,56,4005
32807,1,-18926,46610,38,5241,2,-21670,43866,45,4043
32812,1,-18445,47091,36,5316,2,-21303,44233,45,3980
32817,1,-17961,47575,33,5302,2,-20936,44600,42,4073
32822,1,-17477,48059,35,5344,2,-20558,44978,50,4007
32827,1,-16994,48542,45,5312,2,-20196,45340,53,4127
32832,1,-16502,49034,44,5424,2,-19823,45713,46,4134
32837,1,-16006,49530,39,5494,2,-19443,46093,47,4150
32842,1,-15504,50032,50,5526,2,-19058,46478,47,4265
32847,1,-14997,50539,41,5602,2,-18674,46862,54,4187
32852,1,-14493,51043,44,5548,2,-18284,47252,61,4284
32857,1,-13987,51549,32,5528,2,-17898,47638,52,4285
32862,1,-13479,52057,37,5613,2,-17513,48023,44,4198
32867,1,-12966,52570,26,5648,2,-17128,48408,43,4208
32872,1,-12446,53090,37,5728,2,-16743,48793,41,4262
32877,1,-11924,53612,38,5775,2,-16354,49182,53,4246
32882,1,-11399,54137,32,5738,2,-15960,49576,58,4405
32887,1,-10875,54661,41,5765,2,-15565,49971,49,4359
32892,1,-10353,55183,48,5756,2,-15164,50372,47,4396
32897,1,-9823,55713,49,5832,2,-14763,50773,46,4387
32902,1,-9286,56250,34,5918,2,-14364,51172,44,4397
32907,1,-8745,56791,26,5956,2,-13964,51572,49,4330
32912,1,-8200,57336,31,5956,2,-13564,51972,51,4430
32917,1,-7655,57881,33,6004,2,-13161,52375,50,4442
32922,1,-7110,58426,40,5996,2,-12754,52782,55,4508
32927,1,-6558,58978,46,6092,2,-12346,53190,52,4462
32932,1,-5998,59538,37,6179,2,-11940,53596,49,4468
32937,1,-5435,60101,40,6215,2,-11534,54002,44,4422
32942,1,-4866,60670,35,6214,2,-11130,54406,39,4449
32947,1,-4298,61238,36,6246,2,-10726,54810,51,4413
32952,1,-3730,61806,48,6295,2,-10323,55213,64,4462
32957,1,-3152,62384,29,6351,2,-9915,55621,59,4509
32962,1,-2567,62969,34,6437,2,-9503,56033,46,4560
32967,1,-1977,63559,42,6529,2,-9084,56452,45,4601
32972,1,-1387,64149,46,6476,2,-8665,56871,46,4608
32977,1,-796,64740,21,6454,2,-8245,57291,38,4574
32982,1,-201,65335,41,6570,2,-7827,57709,45,4600
32987,1,401,65937,47,6664,2,-7410,58126,47,4551
32992,1,1009,66545,28,6678,2,-6996,58540,51,4582
32997,1,1621,67157,32,6705,2,-6578,58958,64,4554
33002,1,2232,67768,40,6717,2,-6156,59380,57,4685
33007,1,2844,68380,42,6767,2,-5736,59800,51,4631
33012,1,3463,68999,38,6803,2,-5313,60223,53,4635
33017,1,4089,69625,49,6858,2,-4892,60644,40,4592
33022,1,4719,70255,47,6946,2,-4473,61063,42,4608
33027,1,5348,70884,32,6931,2,-4055,61481,41,4553
33032,1,5976,71512,43,6874,2,-3634,61902,43,4656
33037,1,6610,72146,35,6955,2,-3210,62326,50,4680
33042,1,7251,72787,33,7044,2,-2779,62757,50,4769
33047,1,7894,73430,49,7105,2,-2344,63192,58,4783
33052,1,8536,74072,34,7048,2,-1906,63630,56,4833
33057,1,9177,74713,32,7010,2,-1470,64066,51,4800
33062,1,9823,75359,45,7111,2,-1031,64505,59,4822
33067,1,10475,76011,38,7183,2,-594,64942,47,4826
33072,1,11146,76682,36,7249,2,-139,65397,45,4907
33077,1,11801,77337,36,7192,2,309,65845,49,4962
33082,1,12454,77990,32,7150,2,764,66300,49,4986
33087,1,13113,78649,49,7261,2,1219,66755,46,5027
33092,1,13779,79315,33,7341,2,1676,67212,39,4991
33097,1,14449,79985,49,7412,2,2133,67669,38,5008
33102,1,15120,80656,24,7365,2,2589,68125,38,5008
33107,1,15789,81325,46,7338,2,3050,68586,40,5080
33112,1,16467,82003,35,7445,2,3515,69051,41,5131
33117,1,17151,82687,33,7536,2,3988,69524,44,5180
33122,1,17841,83377,37,7613,2,4474,70010,37,5221
33127,1,18531,84067,38,7590,2,4937,70473,41,5181
33132,1,19218,84754,46,7593,2,5412,70948,38,5234
33137,1,19915,85451,45,7667,2,5885,71421,37,5184
33142,1,20618,86154,48,7709,2,6364,71900,45,5273
33147,1,21326,86862,44,7756,2,6846,72382,53,5318
33152,1,22032,87568,41,7748,2,7334,72870,51,5340
33157,1,22739,88275,40,7823,2,7823,73359,46,5427
33162,1,23454,88990,41,7911,2,8310,73846,50,5337
33167,1,24176,89712,34,7976,2,8797,74333,61,5338
33172,1,24899,90435,32,7926,2,9281,74817,59,5322
33177,1,25619,91155,45,7889,2,9769,75305,55,5359
33182,1,26345,91881,25,7977,2,10259,75795,60,5451
33187,1,27078,92614,45,8055,2,10753,76289,62,5451
33192,1,27817,93353,37,8088,2,11249,76785,55,5438
33197,1,28552,94088,39,8070,2,11742,77278,49,5388
33202,1,29285,94821,43,8110,2,12235,77771,51,5405
33207,1,30028,95564,34,8210,2,12727,78263,41,5442
33212,1,30776,96312,48,8269,2,13222,78758,45,5444
33217,1,31525,97061,25,8209,2,13722,79258,48,5508
33222,1,32268,97804,38,8155,2,14221,79757,41,5469
33227,1,-32518,98554,47,8245,2,14736,80272,52,5447
33232,1,-31762,99310,29,8309,2,15234,80770,40,5491
33237,1,-31001,100071,38,8306,2,15716,81252,41,5410
33242,1,-30245,100827,34,8261,2,16214,81750,50,5500
33247,1,-29485,101587,50,8369,2,16714,82250,45,5525
33252,1,-28716,102356,38,8476,2,17221,82757,65,5516
33257,1,-27941,103131,24,8527,2,17729,83265,57,5622
33262,1,-27168,103904,34,8487,2,18234,83770,60,5537
33267,1,-26398,104674,33,8522,2,18741,84277,51,5559
33272,1,-25617,105455,29,8648,2,19244,84780,52,5586
33277,1,-24828,106244,45,8701,2,19753,85289,40,5593
33286,1,-23382,107690,-5,8475,2,20701,86237,-17,5502
33291,1,-22658,108414,-20,8299,2,21163,86699,-26,5239
33296,1,-21907,109165,-19,8157,2,21617,87153,-27,4874
33301,1,-21179,109893,-20,7839,2,22041,87577,-25,4519
33306,1,-20480,110592,-26,7558,2,22434,87970,-16,4210
33311,1,-19803,111269,-14,7371,2,22800,88336,-29,3932
33316,1,-19144,111928,-18,7179,2,23138,88674,-33,3591
33321,1,-18507,112565,-31,6920,2,23452,88988,-23,3323
33326,1,-17892,113180,-19,6621,2,23736,89272,-29,3011
33331,1,-17290,113782,-18,6344,2,23997,89533,-33,2685
33336,1,-16740,114332,-22,6149,2,24223,89759,-26,2437
33341,1,-16194,114878,-28,5911,2,24427,89963,-30,2129
33346,1,-15665,115407,-21,5717,2,24603,90139,-37,1858
33351,1,-15159,115913,-27,5510,2,24755,90291,-24,1550
33356,1,-14676,116396,-25,5163,2,24881,90417,-27,1265
33361,1,-14217,116855,-25,4952,2,24979,90515,-38,988
33366,1,-13784,117288,-22,4684,2,25055,90591,-38,749
33371,1,-13360,117712,-31,4454,2,25113,90649,-33,534
33376,1,-12966,118106,-29,4222,2,25149,90685,-29,289
33381,1,-12591,118481,-18,4042,2,25160,90696,-29,30
33386,1,-12240,118832,-20,3789,2,25150,90686,-35,-164
33391,1,-11907,119165,-21,3580,2,25129,90665,-44,-261
33396,1,-11597,119475,-22,3317,2,25103,90639,-47,-305
33401,1,-11310,119762,-20,3053,2,25071,90607,-48,-378
33406,1,-11045,120027,-27,2845,2,25035,90571,-53,-399
33411,1,-10799,120273,-16,2596,2,24994,90530,-49,-467
33416,1,-10578,120494,-27,2377,2,24948,90484,-46,-519
33421,1,-10376,120696,-21,2152,2,24896,90432,-40,-632
33426,1,-10194,120878,-22,1895,2,24834,90370,-40,-691
33431,1,-10030,121042,-23,1732,2,24761,90297,-36,-810
33436,1,-9887,121185,-17,1483,2,24683,90219,-42,-921
33441,1,-9764,121308,-25,1269,2,24594,90130,-52,-1011
33446,1,-9662,121410,-28,1046,2,24500,90036,-49,-1036
33451,1,-9577,121495,-26,868,2,24402,89938,-40,-1117
33456,1,-9511,121561,-24,640,2,24295,89831,-36,-1217
33461,1,-9464,121608,-20,423,2,24177,89713,-49,-1332
33466,1,-9443,121629,-17,133,2,24053,89589,-50,-1379
33471,1,-9445,121627,-20,-108,2,23926,89462,-42,-1408
33476,1,-9462,121610,-26,-237,2,23793,89329,-41,-1489
33481,1,-9491,121581,-32,-350,2,23652,89188,-50,-1566
33486,1,-9525,121547,-35,-399,2,23505,89041,-41,-1644
33491,1,-9565,121507,-38,-457,2,23353,88889,-38,-1688
33496,1,-9608,121464,-44,-473,2,23193,88729,-52,-1798
33501,1,-9652,121420,-43,-490,2,23031,88567,-40,-1788
33506,1,-9699,121373,-38,-537,2,22863,88399,-42,-1879
33511,1,-9752,121320,-35,-600,2,22689,88225,-54,-1946
33516,1,-9809,121263,-35,-642,2,22509,88045,-40,-1983
33521,1,-9873,121199,-31,-739,2,22324,87860,-46,-2062
33526,1,-9942,121130,-32,-793,2,22134,87670,-50,-2077
33531,1,-10017,121055,-38,-852,2,21940,87476,-38,-2173
33536,1,-10099,120973,-41,-897,2,21738,87274,-57,-2231
33541,1,-10181,120891,-40,-900,2,21530,87066,-42,-2307
33546,1,-10266,120806,-34,-950,2,21317,86853,-54,-2371
33551,1,-10358,120714,-33,-1031,2,21099,86635,-35,-2423
33556,1,-10456,120616,-38,-1089,2,20872,86408,-51,-2505
33561,1,-10556,120516,-41,-1120,2,20641,86177,-40,-2561
33566,1,-10660,120412,-41,-1139,2,20404,85940,-51,-2639
33571,1,-10766,120306,-30,-1185,2,20163,85699,-37,-2684
33576,1,-10880,120192,-34,-1295,2,19913,85449,-52,-2767
33581,1,-11000,120072,-41,-1327,2,19663,85199,-41,-2763
33586,1,-11124,119948,-40,-1374,2,19406,84942,-62,-2848
33591,1,-11250,119822,-31,-1411,2,19146,84682,-37,-2881
33596,1,-11383,119689,-35,-1490,2,18880,84416,-53,-2907
33601,1,-11521,119551,-41,-1533,2,18612,84148,-43,-2982
33606,1,-11662,119410,-34,-1571,2,18338,83874,-45,-3004
33611,1,-11809,119263,-34,-1641,2,18059,83595,-51,-3071
33616,1,-11962,119110,-41,-1720,2,17779,83315,-41,-3117
33621,1,-12119,118953,-34,-1708,2,17491,83027,-54,-3149
33626,1,-12279,118793,-33,-1803,2,17202,82738,-44,-3208
33631,1,-12444,118628,-43,-1823,2,16912,82448,-44,-3178
33636,1,-12616,118456,-35,-1855,2,16603,82139,-62,-3243
33641,1,-12787,118285,-36,-1963,2,16317,81853,-40,-3251
33646,1,-12966,118106,-39,-1970,2,16029,81565,-46,-3240
33651,1,-13147,117925,-34,-1995,2,15730,81266,-55,-3289
33656,1,-13333,117739,-43,-2084,2,15432,80968,-42,-3310
33661,1,-13523,117549,-32,-2087,2,15127,80663,-57,-3333
33666,1,-13718,117354,-38,-2151,2,14819,80355,-55,-3401
33671,1,-13915,117157,-38,-2202,2,14510,80046,-44,-3412
33676,1,-14121,116951,-27,-2230,2,14185,79721,-55,-3478
33681,1,-14330,116742,-44,-2296,2,13867,79403,-53,-3534
33686,1,-14542,116530,-31,-2347,2,13547,79083,-42,-3540
33691,1,-14759,116313,-41,-2415,2,13221,78757,-47,-3557
33696,1,-14981,116091,-32,-2457,2,12896,78432,-52,-3593
33701,1,-15210,115862,-41,-2530,2,12560,78096,-46,-3614
33706,1,-15443,115629,-32,-2555,2,12238,77774,-48,-3618
33711,1,-15680,115392,-43,-2609,2,11904,77440,-58,-3706
33716,1,-15921,115151,-30,-2672,2,11566,77102,-45,-3733
33721,1,-16168,114904,-42,-2728,2,11226,76762,-45,-3754
33726,1,-16417,114655,-29,-2755,2,10878,76414,-46,-3807
33731,1,-16672,114400,-46,-2827,2,10530,76066,-62,-3861
33736,1,-16929,114143,-31,-2858,2,10179,75715,-44,-3874
33741,1,-17191,113881,-40,-2880,2,9827,75363,-43,-3826
33746,1,-17456,113616,-36,-2960,2,9475,75011,-46,-3855
33751,1,-17728,113344,-33,-2998,2,9122,74658,-60,-3894
33756,1,-18005,113067,-43,-3076,2,8769,74305,-43,-3918
33761,1,-18287,112785,-32,-3130,2,8410,73946,-42,-3947
33766,1,-18578,112494,-38,-3226,2,8048,73584,-47,-3962
33771,1,-18871,112201,-35,-3257,2,7679,73215,-50,-4089
33776,1,-19170,111902,-37,-3299,2,7308,72844,-53,-4097
33781,1,-19473,111599,-46,-3353,2,6933,72469,-48,-4140
33786,1,-19779,111293,-35,-3380,2,6556,72092,-42,-4111
33791,1,-20089,110983,-35,-3407,2,6177,71713,-42,-4174
33796,1,-20403,110669,-46,-3451,2,5796,71332,-48,-4189
33801,1,-20719,110353,-38,-3505,2,5413,70949,-50,-4240
33806,1,-21043,110029,-36,-3574,2,5025,70561,-43,-4278
33811,1,-21372,109700,-37,-3639,2,4634,70170,-39,-4331
33816,1,-21707,109365,-38,-3727,2,4237,69773,-41,-4349
33821,1,-22050,109022,-33,-3748,2,3838,69374,-42,-4389
33826,1,-22395,108677,-35,-3803,2,3437,68973,-52,-4424
33831,1,-22746,108326,-47,-3884,2,3036,68572,-67,-4393
33836,1,-23098,107974,-34,-3875,2,2635,68171,-52,-4430
33841,1,-23455,107617,-32,-3932,2,2235,67771,-46,-4406
33846,1,-23815,107257,-32,-3953,2,1827,67363,-39,-4477
33851,1,-24179,106893,-34,-4049,2,1418,66954,-43,-4503
33856,1,-24550,106522,-45,-4096,2,1002,66538,-45,-4574
33861,1,-24928,106144,-37,-4194,2,583,66119,-47,-4601
33866,1,-25312,105760,-36,-4207,2,161,65697,-53,-4652
33871,1,-25700,105372,-34,-4284,2,-260,65276,-59,-4641
33876,1,-26093,104979,-41,-4319,2,-682,64854,-53,-4629
33881,1,-26488,104584,-44,-4381,2,-1104,64432,-58,-4662
33886,1,-26886,104186,-45,-4379,2,-1531,64005,-43,-4711
33891,1,-27286,103786,-38,-4424,2,-1961,63575,-52,-4748
33896,1,-27694,103378,-29,-4498,2,-2397,63139,-38,-4771
33901,1,-28107,102965,-32,-4549,2,-2833,62703,-43,-4817
33906,1,-28528,102544,-41,-4630,2,-3270,62266,-39,-4744
33911,1,-28951,102121,-32,-4663,2,-3704,61832,-43,-4752
33916,1,-29378,101694,-43,-4700,2,-4137,61399,-47,-4728
33921,1,-29807,101265,-37,-4733,2,-4569,60967,-45,-4783
33926,1,-30237,100835,-45,-4728,2,-5003,60533,-62,-4755
33931,1,-30670,100402,-37,-4802,2,-5439,60097,-55,-4820
33936,1,-31110,99962,-46,-4831,2,-5875,59661,-60,-4795
33941,1,-31555,99517,-46,-4933,2,-6310,59226,-59,-4792
33946,1,-32005,99067,-37,-4942,2,-6741,58795,-54,-4714
33951,1,-32468,98604,-36,-4997,2,-7180,58356,-56,-4693
33956,1,32626,98162,-36,-4965,2,-7593,57943,-50,-4656
33961,1,32170,97706,-39,-5022,2,-8023,57513,-47,-4705
33966,1,31715,97251,-40,-5002,2,-8450,57086,-47,-4716
33971,1,31254,96790,-38,-5078,2,-8883,56653,-43,-4749
33976,1,30788,96324,-37,-5152,2,-9315,56221,-42,-4764
33981,1,30304,95840,-42,-5168,2,-9761,55775,-48,-4715
33986,1,29830,95366,-40,-5232,2,-10192,55344,-44,-4758
33991,1,29355,94891,-35,-5214,2,-10621,54915,-59,-4699
33996,1,28877,94413,-33,-5251,2,-11050,54486,-54,-4740
34001,1,28399,93935,-36,-5247,2,-11483,54053,-66,-4731
34006,1,27915,93451,-40,-5328,2,-11919,53617,-54,-4847
34011,1,27426,92962,-46,-5436,2,-12353,53183,-54,-4799
34016,1,26931,92467,-46,-5435,2,-12788,52748,-53,-4748
34021,1,26433,91969,-40,-5504,2,-13222,52314,-49,-4738
34026,1,25934,91470,-46,-5494,2,-13653,51883,-46,-4770
34031,1,25432,90968,-36,-5481,2,-14080,51456,-38,-4676
34036,1,24929,90465,-46,-5598,2,-14514,51022,-53,-4729
34041,1,24419,89955,-32,-5614,2,-14949,50587,-40,-4795
34046,1,23900,89436,-38,-5723,2,-15400,50136,-42,-4848
34051,1,23379,88915,-30,-5747,2,-15842,49694,-48,-4829
34056,1,22855,88391,-23,-5734,2,-16274,49262,-46,-4878
34061,1,22329,87865,-34,-5799,2,-16712,48824,-58,-4821
34066,1,21802,87338,-47,-5815,2,-17149,48387,-56,-4761
34071,1,21268,86804,-47,-5869,2,-17585,47951,-60,-4857
34076,1,20727,86263,-45,-5990,2,-18023,47513,-62,-4805
34081,1,20182,85718,-35,-6003,2,-18466,47070,-53,-4893
34086,1,19633,85169,-33,-6013,2,-18911,46625,-54,-4901
34091,1,19082,84618,-33,-6073,2,-19357,46179,-55,-4918
34096,1,18530,84066,-48,-6088,2,-19802,45734,-45,-4863
34101,1,17971,83507,-45,-6146,2,-20247,45289,-46,-4878
34106,1,17405,82941,-34,-6262,2,-20689,44847,-50,-4875
34111,1,16836,82372,-29,-6270,2,-21137,44399,-47,-4927
34116,1,16264,81800,-38,-6259,2,-21588,43948,-42,-4968
34121,1,15691,81227,-42,-6301,2,-22045,43491,-37,-5014
34126,1,15118,80654,-40,-6341,2,-22502,43034,-42,-5051
34131,1,14538,80074,-36,-6385,2,-22959,42577,-46,-4959
34136,1,13950,79486,-31,-6443,2,-23414,42122,-46,-4976
34141,1,13360,78896,-49,-6515,2,-23867,41669,-47,-4954
34146,1,12768,78304,-41,-6521,2,-24333,41203,-44,-5025
34151,1,12178,77714,-31,-6460,2,-24777,40759,-40,-4999
34156,1,11584,77120,-41,-6545,2,-25240,40296,-44,-5039
34161,1,10985,76521,-46,-6639,2,-25699,39837,-47,-5065
34166,1,10382,75918,-35,-6625,2,-26157,39379,-47,-4986
34171,1,9777,75313,-34,-6626,2,-26609,38927,-50,-4960
34176,1,9173,74709,-45,-6642,2,-27057,38479,-46,-4876
34181,1,8571,74107,-39,-6664,2,-27506,38030,-49,-4944
34186,1,7964,73500,-32,-6678,2,-27955,37581,-54,-4966
34191,1,7349,72885,-40,-6734,2,-28406,37130,-60,-4981
34196,1,6732,72268,-44,-6815,2,-28857,36679,-59,-4893
34201,1,6116,71652,-38,-6790,2,-29307,36229,-58,-4952
34206,1,5502,71038,-38,-6730,2,-29748,35788,-62,-4886
34211,1,4881,70417,-51,-6819,2,-30190,35346,-60,-4825
34216,1,4252,69788,-40,-6949,2,-30630,34906,-54,-4848
34221,1,3621,69157,-42,-6975,2,-31073,34463,-55,-4880
34226,1,2986,68522,-45,-6972,2,-31517,34019,-55,-4912
34231,1,2353,67889,-29,-6923,2,-31964,33572,-46,-4882
34236,1,1717,67253,-35,-7018,2,-32411,33125,-49,-4910
34241,1,1072,66608,-45,-7142,2,32681,32681,-52,-4842
34246,1,422,65958,-36,-7172,2,32241,32241,-42,-4827
34251,1,-248,65288,-40,-7168,2,31781,31781,-40,-4783
34256,1,-884,64652,-31,-7119,2,31352,31352,-51,-4837
34261,1,-1538,63998,-37,-7224,2,30924,30924,-41,-4803
34266,1,-2202,63334,-44,-7350,2,30481,30481,-48,-4858
34271,1,-2871,62665,-32,-7384,2,30040,30040,-46,-4832
34276,1,-3560,61976,-48,-7365,2,29589,29589,-43,-4822
34281,1,-4228,61308,-26,-7312,2,29153,29153,-55,-4794
34290,1,-5456,60080,14,-7363,2,28367,28367,13,-4610
34295,1,-6093,59443,38,-7106,2,27974,27974,33,-4335
34300,1,-6725,58811,29,-6802,2,27602,27602,34,-3948
34305,1,-7327,58209,27,-6475,2,27257,27257,38,-3665
34310,1,-7903,57633,32,-6261,2,26947,26947,32,-3297
34315,1,-8455,57081,32,-5980,2,26666,26666,37,-2967
34320,1,-8987,56549,38,-5714,2,26417,26417,25,-2602
34325,1,-9493,56043,28,-5456,2,26200,26200,38,-2281
34330,1,-9970,55566,29,-5107,2,26017,26017,33,-1893
34335,1,-10421,55115,29,-4838,2,25862,25862,34,-1554
34340,1,-10841,54695,44,-4492,2,25739,25739,42,-1260
34345,1,-11238,54298,39,-4265,2,25640,25640,37,-977
34350,1,-11610,53926,28,-3981,2,25567,25567,32,-682
34355,1,-11962,53574,23,-3783,2,25524,25524,31,-368
34360,1,-12288,53248,32,-3483,2,25510,25510,33,-21
34365,1,-12589,52947,32,-3182,2,25522,25522,39,199
34370,1,-12865,52671,23,-2962,2,25549,25549,45,351
34375,1,-13115,52421,37,-2641,2,25590,25590,48,502
34380,1,-13340,52196,27,-2377,2,25643,25643,54,621
34385,1,-13540,51996,31,-2089,2,25706,25706,61,740
34390,1,-13715,51821,31,-1822,2,25778,25778,54,819
34395,1,-13866,51670,25,-1567,2,25859,25859,47,928
34400,1,-13991,51545,33,-1272,2,25951,25951,48,1056
34405,1,-14093,51443,35,-1048,2,26055,26055,52,1184
34410,1,-14180,51356,32,-805,2,26198,26198,62,1294
34416,1,-14244,51292,24,-462,2,26317,26317,48,1377
34421,1,-14269,51267,27,-167,2,26449,26449,44,1562
34426,1,-14268,51268,29,94,2,26596,26596,59,1624
34431,1,-14252,51284,35,234,2,26751,26751,56,1729
34436,1,-14222,51314,39,368,2,26912,26912,47,1831
34441,1,-14183,51353,44,470,2,27086,27086,58,1938
34446,1,-14135,51401,48,561,2,27266,27266,48,2032
34451,1,-14083,51453,51,583,2,27455,27455,55,2110
34456,1,-14027,51509,49,626,2,27653,27653,56,2195
34461,1,-13964,51572,40,743,2,27855,27855,50,2269
34466,1,-13889,51647,36,855,2,28066,28066,64,2333
34471,1,-13805,51731,43,938,2,28286,28286,45,2423
34476,1,-13715,51821,48,1021,2,28512,28512,63,2511
34481,1,-13616,51920,52,1096,2,28742,28742,43,2565
34486,1,-13511,52025,43,1167,2,28980,28980,61,2637
34491,1,-13398,52138,39,1291,2,29225,29225,49,2713
34496,1,-13274,52262,43,1405,2,29477,29477,65,2797
34501,1,-13143,52393,49,1463,2,29737,29737,47,2886
34506,1,-13004,52532,43,1545,2,30004,30004,59,2964
34511,1,-12856,52680,42,1679,2,30277,30277,55,3008
34516,1,-12699,52837,57,1744,2,30555,30555,51,3095
34521,1,-12535,53001,41,1840,2,30842,30842,65,3134
34526,1,-12365,53171,42,1890,2,31129,31129,50,3182
34531,1,-12186,53350,51,1982,2,31422,31422,60,3231
34536,1,-11999,53537,37,2114,2,31720,31720,60,3285
34541,1,-11803,53733,48,2161,2,32019,32019,45,3311
34546,1,-11601,53935,43,2246,2,32323,32323,57,3375
34551,1,-11392,54144,43,2340,2,32638,32638,58,3472
34556,1,-11176,54360,42,2405,2,-32584,32952,43,3487
34561,1,-10951,54585,44,2493,2,-32257,33279,65,3553
34566,1,-10715,54821,44,2530,2,-31920,33616,65,3683
34571,1,-10484,55052,42,2630,2,-31595,33941,52,3673
34576,1,-10239,55297,41,2732,2,-31254,34282,47,3755
34581,1,-9977,55559,47,2852,2,-30905,34631,70,3743
34586,1,-9715,55821,39,2912,2,-30559,34977,56,3834
34591,1,-9442,56094,45,3043,2,-30214,35322,50,3806
34596,1,-9161,56375,38,3140,2,-29861,35675,52,3869
34601,1,-8871,56665,52,3193,2,-29504,36032,68,3934
34606,1,-8572,56964,43,3349,2,-29141,36395,63,4028
34611,1,-8266,57270,33,3354,2,-28773,36763,47,4087
34616,1,-7953,57583,47,3465,2,-28403,37133,54,4068
34621,1,-7633,57903,47,3549,2,-28022,37514,65,4147
34626,1,-7307,58229,42,3633,2,-27644,37892,65,4208
34631,1,-6970,58566,43,3728,2,-27262,38274,62,4208
34636,1,-6624,58912,55,3859,2,-26877,38659,51,4231
34641,1,-6270,59266,42,3938,2,-26490,39046,46,4281
34646,1,-5904,59632,41,4053,2,-26096,39440,58,4297
34651,1,-5532,60004,39,4110,2,-25693,39843,61,4479
34656,1,-5148,60388,46,4233,2,-25290,40246,66,4457
34661,1,-4761,60775,43,4273,2,-24877,40659,67,4523
34666,1,-4367,61169,43,4369,2,-24454,41082,61,4609
34671,1,-3966,61570,46,4432,2,-24051,41485,53,4544
34676,1,-3555,61981,42,4557,2,-23631,41905,49,4569
34681,1,-3135,62401,35,4635,2,-23208,42328,48,4733
34686,1,-2703,62833,45,4767,2,-22779,42757,45,4711
34691,1,-2264,63272,36,4844,2,-22335,43201,59,4851
34696,1,-1815,63721,42,4956,2,-21887,43649,48,4971
34701,1,-1363,64173,50,4988,2,-21434,44102,45,5001
34706,1,-904,64632,49,5054,2,-20979,44557,52,4997
34711,1,-439,65097,51,5178,2,-20519,45017,56,5022
34716,1,38,65574,50,5261,2,-20057,45479,55,5157
34721,1,525,66061,43,5392,2,-19587,45949,54,5190
34726,1,1019,66555,38,5447,2,-19108,46428,53,5284
34731,1,1523,67059,43,5551,2,-18623,46913,50,5310
34736,1,2030,67566,32,5597,2,-18133,47403,54,5386
34741,1,2541,68077,38,5630,2,-17646,47890,55,5386
34746,1,3063,68599,50,5769,2,-17159,48377,45,5334
34751,1,3594,69130,47,5882,2,-16669,48867,49,5409
34756,1,4135,69671,46,5947,2,-16172,49364,55,5430
34761,1,4683,70219,49,6069,2,-15650,49886,52,5595
34766,1,5235,70771,38,6089,2,-15152,50384,58,5698
34771,1,5791,71327,43,6083,2,-14638,50898,51,5634
34776,1,6355,71891,48,6246,2,-14123,51413,66,5658
34781,1,6928,72464,42,6364,2,-13609,51927,62,5671
34786,1,7510,73046,53,6419,2,-13088,52448,59,5736
34791,1,8099,73635,30,6484,2,-12560,52976,59,5828
34796,1,8689,74225,48,6522,2,-12030,53506,62,5815
34801,1,9282,74818,48,6542,2,-11498,54038,52,5811
34806,1,9885,75421,43,6636,2,-10968,54568,47,5836
34811,1,10496,76032,40,6753,2,-10438,55098,51,5826
34816,1,11115,76651,53,6866,2,-9902,55634,60,5910
34821,1,11738,77274,52,6847,2,-9358,56178,65,6035
34826,1,12363,77899,41,6848,2,-8806,56730,53,6069
34831,1,12996,78532,46,7017,2,-8251,57285,44,6065
34836,1,13640,79176,42,7134,2,-7699,57837,44,6071
34841,1,14291,79827,46,7203,2,-7148,58388,59,6017
34846,1,14950,80486,47,7238,2,-6595,58941,69,6095
34851,1,15611,81147,38,7220,2,-6036,59500,68,6194
34856,1,16279,81815,44,7395,2,-5473,60063,59,6199
34861,1,16958,82494,48,7521,2,-4908,60628,52,6165
34866,1,17646,83182,50,7626,2,-4345,61191,53,6192
34871,1,18359,83895,43,7648,2,-3756,61780,67,6203
34876,1,19054,84590,52,7626,2,-3201,62335,54,6269
34881,1,19761,85297,45,7772,2,-2622,62914,50,6394
34886,1,20477,86013,58,7873,2,-2037,63499,59,6472
34891,1,21202,86738,30,7999,2,-1451,64085,58,6416
34896,1,21930,87466,47,8022,2,-863,64673,53,6430
34901,1,22660,88196,44,8096,2,-275,65261,51,6502
34906,1,23401,88937,50,8207,2,323,65859,53,6613
34911,1,24153,89689,46,8314,2,929,66465,70,6672
34916,1,24910,90446,43,8311,2,1540,67076,59,6711
34921,1,25667,91203,47,8309,2,2150,67686,52,6700
34926,1,26434,91970,38,8445,2,2759,68295,57,6710
34931,1,27210,92746,36,8550,2,3377,68913,47,6793
34936,1,27994,93530,42,8579,2,4004,69540,48,6914
34941,1,28778,94314,35,8566,2,4636,70172,57,6987
34946,1,29566,95102,42,8697,2,5267,70803,46,6939
34951,1,30367,95903,59,8806,2,5898,71434,51,6898
34956,1,31175,96711,46,8867,2,6534,72070,71,7003
34961,1,31982,97518,32,8831,2,7179,72715,55,7132
34966,1,-32744,98328,58,8928,2,7828,73364,55,7183
34971,1,-31923,99149,50,9053,2,8478,74014,61,7105
34976,1,-31091,99981,51,9104,2,9125,74661,50,7101
34981,1,-30262,100810,40,9079,2,9774,75310,62,7151
34986,1,-29428,101644,40,9202,2,10431,75967,62,7244
34991,1,-28579,102493,48,9346,2,11093,76629,59,7330
34996,1,-27722,103350,43,9379,2,11755,77291,61,7268
35001,1,-26868,104204,33,9341,2,12416,77952,43,7188
35006,1,-26008,105064,41,9472,2,13079,78615,75,7293
35011,1,-25133,105939,38,9629,2,13750,79286,47,7396
35016,1,-24252,106820,39,9631,2,14423,79959,75,7438
35021,1,-23374,107698,49,9665,2,15096,80632,49,7381
35026,1,-22485,108587,47,9832,2,15766,81302,52,7353
35031,1,-21583,109489,63,9974,2,16439,81975,63,7397
35036,1,-20681,110391,39,9907,2,17121,82657,56,7515
35041,1,-19780,111292,50,9972,2,17807,83343,63,7587
35046,1,-18866,112206,62,10099,2,18492,84028,53,7541
35051,1,-17942,113130,49,10122,2,19176,84712,68,7507
35056,1,-17023,114049,32,10042,2,19865,85401,57,7568
35061,1,-16097,114975,45,10211,2,20563,86099,71,7672
35066,1,-15157,115915,44,10367,2,21265,86801,53,7704
35071,1,-14215,116857,38,10323,2,21966,87502,70,7709
35076,1,-13277,117795,37,10380,2,22664,88200,56,7715
35081,1,-12325,118747,59,10503,2,23369,88905,74,7806
35086,1,-11366,119706,54,10511,2,24083,89619,60,7861
35091,1,-10413,120659,48,10414,2,24800,90336,67,7830
35096,1,-9452,121620,46,10622,2,25514,91050,46,7793
35101,1,-8475,122597,65,10795,2,26228,91764,59,7848
35106,1,-7500,123572,40,10712,2,26952,92488,58,7971
35111,1,-6524,124548,54,10776,2,27682,93218,67,8034
35116,1,-5534,125538,47,10896,2,28407,93943,52,7980
35121,1,-4538,126534,25,10912,2,29129,94665,48,7962
35126,1,-3546,127526,40,10957,2,29856,95392,76,8048
35131,1,-2539,128533,50,11129,2,30591,96127,55,8060
35136,1,-1523,129549,53,11139,2,31327,96863,64,8026
35141,1,-513,130559,48,11044,2,32056,97592,50,7946
35146,1,509,131581,52,11295,2,-32753,98319,63,8003
35151,1,1541,132613,35,11393,2,-32018,99054,64,8103
35156,1,2569,133641,37,11243,2,-31281,99791,60,8119
35161,1,3605,134677,61,11418,2,-30547,100525,61,8040
35166,1,4653,135725,60,11570,2,-29820,101252,57,8029
35171,1,5700,136772,37,11479,2,-29088,101984,64,8099
35176,1,6746,137818,41,11536,2,-28349,102723,62,8121
35181,1,7833,138905,59,11684,2,-27594,103478,55,8039
35186,1,8893,139965,47,11643,2,-26862,104210,54,7981
35191,1,9952,141024,34,11675,2,-26133,104939,50,8009
35196,1,11024,142096,57,11802,2,-25396,105676,72,8109
35201,1,12099,143171,46,11806,2,-24656,106416,59,8108
35206,1,13171,144243,38,11841,2,-23922,107150,63,8063
35211,1,14256,145328,42,11937,2,-23193,107879,56,8050
35216,1,15346,146418,40,11961,2,-22455,108617,65,8185
35221,1,16435,147507,41,12027,2,-21709,109363,66,8240
35226,1,17538,148610,44,12144,2,-20964,110108,43,8153
35231,1,18648,149720,44,12182,2,-20225,110847,68,8065
35236,1,19753,150825,43,12194,2,-19481,111591,47,8180
35241,1,20874,151946,48,12344,2,-18727,112345,73,8282
35246,1,21997,153069,45,12343,2,-17971,113101,59,8239
35251,1,23120,154192,41,12362,2,-17223,113849,40,8173
35256,1,24257,155329,55,12559,2,-16477,114595,72,8221
35261,1,25396,156468,31,12475,2,-15721,115351,61,8381
35266,1,26534,157606,58,12554,2,-14958,116114,62,8408
35271,1,27688,158760,45,12742,2,-14200,116872,54,8324
35276,1,28837,159909,29,12557,2,-13446,117626,55,8314
35281,1,29992,161064,53,12756,2,-12668,118404,79,8412
35290,1,32140,163212,-25,12509,2,-11282,119790,-9,8112
35295,1,-32318,164290,-24,12427,2,-10599,120473,-40,7708
35300,1,-31202,165406,-30,12177,2,-9917,121155,-20,7383
35305,1,-30122,166486,-38,11689,2,-9263,121809,-36,7079
35310,1,-29065,167543,-23,11534,2,-8640,122432,-41,6727
35315,1,-28025,168583,-29,11373,2,-8056,123016,-18,6223
35320,1,-27020,169588,-52,10882,2,-7509,123563,-17,5847
35325,1,-26045,170563,-37,10613,2,-7003,124069,-26,5441
35330,1,-25087,171521,-28,10418,2,-6531,124541,-27,5032
35335,1,-24156,172452,-35,10071,2,-6089,124983,-17,4736
35340,1,-23259,173349,-41,9773,2,-5682,125390,-26,4346
35345,1,-22382,174226,-21,9595,2,-5309,125763,-29,3976
35350,1,-21524,175084,-22,9372,2,-4970,126102,-43,3550
35355,1,-20697,175911,-32,8963,2,-4668,126404,-27,3183
35360,1,-19903,176705,-37,8658,2,-4399,126673,-38,2834
35365,1,-19128,177480,-32,8457,2,-4161,126911,-30,2452
35370,1,-18375,178233,-18,8206,2,-3957,127115,-41,2123
35375,1,-17651,178957,-46,7826,2,-3775,127297,-28,1824
35380,1,-16958,179650,-31,7470,2,-3633,127439,-39,1476
35385,1,-16287,180321,-23,7271,2,-3518,127554,-40,1147
35390,1,-15636,180972,-32,7060,2,-3429,127643,-38,884
35395,1,-15009,181599,-24,6811,2,-3369,127703,-31,535
35400,1,-14413,182195,-33,6452,2,-3338,127734,-31,216
35405,1,-13846,182762,-39,6091,2,-3335,127737,-34,-79
35410,1,-13303,183305,-27,5873,2,-3353,127719,-42,-257
35415,1,-12783,183825,-21,5633,2,-3383,127689,-49,-360
35420,1,-12286,184322,-19,5319,2,-3425,127647,-52,-529
35425,1,-11812,184796,-22,5120,2,-3478,127594,-58,-599
35430,1,-11366,185242,-21,4809,2,-3540,127532,-60,-702
35435,1,-10948,185660,-32,4499,2,-3606,127466,-55,-753
35440,1,-10556,186052,-37,4183,2,-3679,127393,-48,-837
35445,1,-10187,186421,-32,3974,2,-3763,127309,-45,-967
35450,1,-9842,186766,-27,3679,2,-3861,127211,-51,-1110
35455,1,-9517,187091,-31,3495,2,-3968,127104,-59,-1207
35460,1,-9217,187391,-41,3199,2,-4082,126990,-57,-1282
35465,1,-8938,187670,-19,2965,2,-4202,126870,-48,-1344
35470,1,-8685,187923,-38,2721,2,-4333,126739,-49,-1506
35475,1,-8453,188155,-24,2437,2,-4476,126596,-63,-1586
35480,1,-8247,188361,-37,2167,2,-4625,126447,-48,-1672
35485,1,-8060,188548,-28,1913,2,-4789,126283,-52,-1745
35490,1,-7901,188707,-32,1647,2,-4950,126122,-63,-1842
35495,1,-7765,188843,-37,1396,2,-5120,125952,-47,-1907
35500,1,-7651,188957,-33,1177,2,-5302,125770,-58,-2032
35505,1,-7557,189051,-24,930,2,-5490,125582,-56,-2069
35510,1,-7492,189116,-27,623,2,-5684,125388,-48,-2161
35515,1,-7451,189157,-29,355,2,-5886,125186,-61,-2249
35520,1,-7431,189177,-32,133,2,-6094,124978,-50,-2292
35525,1,-7431,189177,-35,-81,2,-6311,124761,-61,-2421
35530,1,-7444,189164,-39,-184,2,-6533,124539,-43,-2467
35535,1,-7467,189141,-38,-278,2,-6759,124313,-57,-2520
35540,1,-7500,189108,-38,-414,2,-6993,124079,-48,-2576
35545,1,-7546,189062,-36,-551,2,-7233,123839,-63,-2644
35550,1,-7604,189004,-40,-697,2,-7475,123597,-46,-2700
35555,1,-7672,188936,-46,-786,2,-7728,123344,-68,-2811
35560,1,-7748,188860,-48,-853,2,-7985,123087,-46,-2876
35565,1,-7831,188777,-44,-956,2,-8253,122819,-63,-2942
35570,1,-7922,188686,-42,-1016,2,-8526,122546,-53,-3062
35575,1,-8021,188587,-37,-1130,2,-8810,122262,-51,-3120
35580,1,-8132,188476,-45,-1266,2,-9107,121965,-60,-3238
35585,1,-8250,188358,-53,-1327,2,-9397,121675,-47,-3306
35590,1,-8375,188233,-41,-1408,2,-9702,121370,-61,-3350
35595,1,-8510,188098,-38,-1538,2,-10011,121061,-60,-3425
35600,1,-8656,187952,-47,-1644,2,-10326,120746,-48,-3474
35605,1,-8809,187799,-45,-1692,2,-10646,120426,-55,-3512
35610,1,-8969,187639,-36,-1819,2,-10973,120099,-59,-3644
35615,1,-9139,187469,-50,-1864,2,-11308,119764,-51,-3723
35620,1,-9316,187292,-43,-1968,2,-11647,119425,-49,-3725
35625,1,-9499,187109,-43,-2068,2,-11997,119075,-62,-3860
35630,1,-9692,186916,-44,-2134,2,-12349,118723,-62,-3915
35635,1,-9891,186717,-38,-2225,2,-12706,118366,-48,-3948
35640,1,-10099,186509,-51,-2316,2,-13066,118006,-51,-3928
35645,1,-10312,186296,-37,-2366,2,-13431,117641,-64,-4014
35650,1,-10533,186075,-47,-2432,2,-13799,117273,-62,-4083
35655,1,-10758,185850,-40,-2454,2,-14169,116903,-51,-4095
35660,1,-10993,185615,-50,-2630,2,-14550,116522,-48,-4198
35665,1,-11236,185372,-39,-2698,2,-14935,116137,-46,-4263
35670,1,-11485,185123,-49,-2775,2,-15333,115739,-55,-4371
35675,1,-11744,184864,-42,-2888,2,-15735,115337,-57,-4459
35680,1,-12011,184597,-47,-2971,2,-16142,114930,-62,-4512
35685,1,-12285,184323,-43,-3042,2,-16551,114521,-65,-4457
35690,1,-12564,184044,-42,-3106,2,-16963,114109,-54,-4569
35695,1,-12853,183755,-53,-3211,2,-17373,113699,-43,-4508
35700,1,-13147,183461,-40,-3256,2,-17793,113279,-58,-4592
35705,1,-13447,183161,-44,-3331,2,-18216,112856,-47,-4681
35710,1,-13755,182853,-47,-3397,2,-18649,112423,-53,-4768
35715,1,-14066,182542,-35,-3450,2,-19086,111986,-53,-4807
35720,1,-14387,182221,-50,-3543,2,-19530,111542,-63,-4905
35725,1,-14716,181892,-53,-3666,2,-19973,111099,-61,-4898
35730,1,-15054,181554,-36,-3757,2,-20420,110652,-59,-4910
35735,1,-15402,181206,-42,-3847,2,-20872,110200,-61,-5023
35740,1,-15756,180852,-48,-3899,2,-21331,109741,-65,-5062
35745,1,-16119,180489,-54,-4043,2,-21798,109274,-68,-5190
35750,1,-16486,180122,-36,-4042,2,-22270,108802,-61,-5198
35755,1,-16861,179747,-37,-4133,2,-22748,108324,-60,-5264
35760,1,-17241,179367,-38,-4194,2,-23223,107849,-59,-5232
35765,1,-17629,178979,-48,-4310,2,-23700,107372,-60,-5235
35770,1,-18026,178582,-48,-4411,2,-24178,106894,-67,-5301
35775,1,-18434,178174,-45,-4530,2,-24661,106411,-71,-5312
35780,1,-18852,177756,-47,-4596,2,-25151,105921,-63,-5425
35785,1,-19286,177322,-36,-4699,2,-25654,105418,-52,-5401
35790,1,-19718,176890,-39,-4745,2,-26159,104913,-55,-5364
35795,1,-20156,176452,-37,-4824,2,-26636,104436,-54,-5380
35800,1,-20598,176010,-36,-4876,2,-27123,103949,-46,-5347
35805,1,-21050,175558,-42,-5003,2,-27614,103458,-59,-5408
35810,1,-21510,175098,-45,-5086,2,-28110,102962,-56,-5450
35815,1,-21984,174624,-44,-5233,2,-28612,102460,-47,-5516
35820,1,-22463,174145,-40,-5292,2,-29114,101958,-60,-5536
35825,1,-22949,173659,-39,-5335,2,-29616,101456,-52,-5497
35830,1,-23440,173168,-42,-5418,2,-30117,100955,-64,-5500
35835,1,-23935,172673,-38,-5432,2,-30618,100454,-63,-5531
35840,1,-24440,172168,-38,-5586,2,-31125,99947,-72,-5576
35845,1,-24955,171653,-42,-5722,2,-31639,99433,-62,-5697
35850,1,-25482,171126,-52,-5802,2,-32157,98915,-67,-5697
35855,1,-26016,170592,-54,-5901,2,-32678,98394,-49,-5714
35860,1,-26553,170055,-44,-5937,2,32341,97877,-48,-5695
35865,1,-27094,169514,-37,-5942,2,31823,97359,-59,-5678
35870,1,-27644,168964,-42,-6083,2,31300,96836,-53,-5774
35875,1,-28203,168405,-46,-6209,2,30773,96309,-53,-5840
35880,1,-28774,167834,-51,-6286,2,30239,95775,-62,-5871
35885,1,-29351,167257,-43,-6356,2,29703,95239,-68,-5915
35890,1,-29930,166678,-46,-6390,2,29169,94705,-68,-5863
35895,1,-30512,166096,-34,-6386,2,28635,94171,-55,-5850
35900,1,-31105,165503,-56,-6535,2,28096,93632,-55,-5958
35905,1,-31708,164900,-53,-6691,2,27550,93086,-55,-6029
35910,1,-32317,164291,-37,-6709,2,26997,92533,-60,-6080
35915,1,32605,163677,-41,-6730,2,26438,91974,-71,-6156
35920,1,31990,163062,-40,-6751,2,25882,91418,-61,-6122
35925,1,31368,162440,-42,-6872,2,25322,90858,-46,-6127
35930,1,30738,161810,-42,-6993,2,24758,90294,-48,-6244
35935,1,30098,161170,-49,-7013,2,24186,89722,-66,-6337
35940,1,29453,160525,-43,-7077,2,23608,89144,-63,-6353
35945,1,28806,159878,-51,-7120,2,23026,88562,-48,-6393
35950,1,28156,159228,-39,-7205,2,22447,87983,-51,-6382
35955,1,27496,158568,-46,-7321,2,21868,87404,-55,-6364
35960,1,26824,157896,-45,-7370,2,21281,86817,-73,-6442
35965,1,26147,157219,-34,-7429,2,20686,86222,-54,-6588
35970,1,25468,156540,-51,-7465,2,20087,85623,-44,-6617
35975,1,24784,155856,-43,-7587,2,19484,85020,-60,-6594
35980,1,24089,155161,-56,-7716,2,18882,84418,-70,-6589
35985,1,23384,154456,-38,-7764,2,18278,83814,-49,-6686
35990,1,22675,153747,-55,-7781,2,17652,83188,-58,-6746
35995,1,21964,153036,-44,-7780,2,17051,82587,-64,-6764
36000,1,21245,152317,-47,-7926,2,16433,81969,-50,-6756
36005,1,20513,151585,-37,-8065,2,15818,81354,-58,-6746
36010,1,19775,150847,-52,-8145,2,15205,80741,-75,-6783
36015,1,19034,150106,-36,-8157,2,14587,80123,-57,-6777
36020,1,18290,149362,-47,-8255,2,13961,79497,-62,-6875
36025,1,17533,148605,-61,-8394,2,13332,78868,-73,-6931
36030,1,16767,147839,-36,-8444,2,12705,78241,-53,-6903
36035,1,15996,147068,-35,-8478,2,12080,77616,-62,-6856
36040,1,15226,146298,-47,-8469,2,11448,76984,-72,-6934
36045,1,14446,145518,-36,-8602,2,10810,76346,-50,-7054
36050,1,13655,144727,-40,-8682,2,10168,75704,-53,-7086
36055,1,12859,143931,-49,-8727,2,9527,75063,-62,-7013
36060,1,12064,143136,-43,-8692,2,8890,74426,-55,-6960
36065,1,11262,142334,-46,-8820,2,8249,73785,-66,-7060
36070,1,10450,141522,-45,-8931,2,7601,73137,-53,-7195
36075,1,9632,140704,-58,-8958,2,6946,72482,-57,-7213
36080,1,8817,139889,-30,-8882,2,6291,71827,-62,-7177
36085,1,7997,139069,-47,-9023,2,5637,71173,-47,-7153
36090,1,7145,138217,-57,-9132,2,4963,70499,-64,-7239
36095,1,6308,137380,-50,-9166,2,4297,69833,-57,-7386
36100,1,5473,136545,-40,-9133,2,3609,69145,-55,-7414
36105,1,4632,135704,-42,-9271,2,2955,68491,-66,-7357
36110,1,3778,134850,-47,-9383,2,2287,67823,-43,-7312
36115,1,2919,133991,-48,-9438,2,1615,67151,-73,-7370
36120,1,2061,133133,-44,-9425,2,935,66471,-58,-7520
36125,1,1195,132267,-54,-9588,2,248,65784,-66,-7579
36130,1,316,131388,-46,-9704,2,-437,65099,-43,-7536
36135,1,-566,130506,-38,-9706,2,-1119,64417,-64,-7485
36140,1,-1447,129625,-38,-9748,2,-1806,63730,-55,-7556
36145,1,-2343,128729,-43,-9932,2,-2503,63033,-69,-7645
36150,1,-3248,127824,-52,-9975,2,-3202,62334,-54,-7692
36155,1,-4152,126920,-31,-9880,2,-3897,61639,-60,-7612
36160,1,-5058,126014,-39,-9987,2,-4588,60948,-55,-7631
36165,1,-5979,125093,-54,-10128,2,-5281,60255,-58,-7667
36170,1,-6907,124165,-48,-10170,2,-5981,59555,-56,-7664
36175,1,-7830,123242,-50,-10160,2,-6679,58857,-52,-7602
36180,1,-8764,122308,-60,-10349,2,-7369,58167,-54,-7525
36185,1,-9709,121363,-62,-10418,2,-8060,57476,-60,-7633
36190,1,-10652,120420,-47,-10316,2,-8755,56781,-71,-7683
36195,1,-11594,119478,-46,-10384,2,-9474,56062,-57,-7747
36200,1,-12550,118522,-49,-10495,2,-10171,55365,-56,-7642
36205,1,-13510,117562,-34,-10530,2,-10847,54689,-61,-7548
36210,1,-14464,116608,-45,-10532,2,-11542,53994,-76,-7654
36215,1,-15431,115641,-50,-10727,2,-12242,53294,-62,-7708
36220,1,-16406,114666,-48,-10724,2,-12945,52591,-69,-7718
36225,1,-17378,113694,-32,-10604,2,-13643,51893,-53,-7657
36230,1,-18355,112717,-41,-10790,2,-14335,51201,-64,-7664
36235,1,-19346,111726,-48,-10913,2,-15034,50502,-54,-7696
36240,1,-20338,110734,-47,-10891,2,-15743,49793,-64,-7766
36245,1,-21328,109744,-57,-10941,2,-16454,49082,-52,-7767
36250,1,-22335,108737,-60,-11075,2,-17156,48380,-63,-7689
36255,1,-23346,107726,-36,-11074,2,-17857,47679,-60,-7714
36260,1,-24353,106719,-33,-11121,2,-18564,46972,-73,-7843
36265,1,-25375,105697,-53,-11314,2,-19278,46258,-63,-7872
36270,1,-26403,104669,-55,-11257,2,-19990,45546,-63,-7775
36275,1,-27428,103644,-44,-11249,2,-20696,44840,-58,-7731
36280,1,-28465,102607,-45,-11498,2,-21409,44127,-57,-7843
36285,1,-29512,101560,-50,-11511,2,-22132,43404,-56,-7934
36294,1,-31435,99637,36,-11308,2,-23459,42077,39,-7676
36299,1,-32406,98666,27,-11136,2,-24117,41419,20,-7269
36304,1,32141,97677,43,-10715,2,-24739,40797,36,-6865
36309,1,31189,96725,25,-10386,2,-25345,40191,42,-6460
36314,1,30259,95795,30,-10092,2,-25910,39626,27,-6057
36319,1,29359,94895,38,-9727,2,-26431,39105,35,-5537
36324,1,28495,94031,53,-9298,2,-26909,38627,29,-5059
36329,1,27660,93196,32,-9055,2,-27343,38193,33,-4672
36334,1,26849,92385,33,-8762,2,-27741,37795,45,-4224
36339,1,26067,91603,39,-8424,2,-28101,37435,39,-3773
36344,1,25320,90856,40,-8044,2,-28429,37107,35,-3457
36349,1,24602,90138,27,-7787,2,-28714,36822,36,-3001
36354,1,23906,89442,35,-7572,2,-28963,36573,41,-2585
36359,1,23238,88774,36,-7252,2,-29175,36361,38,-2176
36364,1,22600,88136,37,-6900,2,-29349,36187,36,-1756
36369,1,21993,87529,50,-6516,2,-29486,36050,49,-1365
36374,1,21414,86950,35,-6268,2,-29590,35946,41,-1018
36379,1,20859,86395,26,-6018,2,-29662,35874,38,-673
36384,1,20330,85866,31,-5686,2,-29699,35837,37,-259
36389,1,19827,85363,33,-5405,2,-29703,35833,43,75
36394,1,19343,84879,39,-5088,2,-29687,35849,54,243
36399,1,18900,84436,32,-4739,2,-29656,35880,56,401
36404,1,18486,84022,37,-4468,2,-29612,35924,63,519
36409,1,18097,83633,40,-4160,2,-29556,35980,64,668
36414,1,17734,83270,46,-3903,2,-29488,36048,62,802
36419,1,17395,82931,43,-3607,2,-29411,36125,57,885
36424,1,17084,82620,36,-3313,2,-29321,36215,54,1017
36429,1,16801,82337,41,-2997,2,-29217,36319,59,1210
36434,1,16543,82079,35,-2716,2,-29103,36433,68,1279
36439,1,16315,81851,44,-2409,2,-28980,36556,66,1370
36444,1,16111,81647,30,-2133,2,-28847,36689,52,1519
36449,1,15937,81473,40,-1805,2,-28701,36835,59,1669
36454,1,15786,81322,37,-1538,2,-28543,36993,67,1773
36459,1,15663,81199,36,-1242,2,-28376,37160,50,1899
36464,1,15567,81103,35,-934,2,-28194,37342,67,2035
36469,1,15500,81036,38,-611,2,-28003,37533,61,2128
36474,1,15461,80997,43,-334,2,-27804,37732,57,2252
36479,1,15446,80982,45,-75,2,-27592,37944,65,2369
36484,1,15451,80987,48,121,2,-27371,38165,57,2482
36489,1,15469,81005,50,240,2,-27140,38396,64,2548
36494,1,15498,81034,50,362,2,-26901,38635,56,2638
36499,1,15540,81076,46,535,2,-26652,38884,67,2774
36504,1,15599,81135,44,694,2,-26393,39143,62,2923
36509,1,15672,81208,48,852,2,-26126,39410,58,2987
36514,1,15758,81294,50,1005,2,-25846,39690,73,3133
36519,1,15857,81393,59,1147,2,-25556,39980,54,3217
36524,1,15967,81503,51,1224,2,-25259,40277,65,3304
36529,1,16088,81624,46,1415,2,-24951,40585,62,3425
36534,1,16225,81761,52,1554,2,-24634,40902,51,3501
36539,1,16373,81909,54,1667,2,-24311,41225,63,3568
36544,1,16532,82068,43,1803,2,-23977,41559,70,3725
36549,1,16706,82242,52,1983,2,-23638,41898,58,3761
36554,1,16892,82428,54,2068,2,-23287,42249,59,3903
36559,1,17090,82626,47,2224,2,-22926,42610,68,3992
36564,1,17300,82836,55,2350,2,-22550,42986,72,4217
36569,1,17522,83058,44,2528,2,-22164,43372,60,4286
36574,1,17758,83294,59,2626,2,-21767,43769,60,4381
36579,1,18003,83539,44,2746,2,-21359,44177,55,4482
36584,1,18262,83798,56,2861,2,-20947,44589,50,4588
36589,1,18531,84067,51,3020,2,-20525,45011,66,4591
36594,1,18811,84347,46,3085,2,-20095,45441,63,4825
36599,1,19104,84640,53,3269,2,-19656,45880,69,4861
36604,1,19409,84945,45,3409,2,-19203,46333,78,5006
36609,1,19727,85263,46,3522,2,-18739,46797,78,5135
36614,1,20058,85594,58,3707,2,-18268,47268,76,5245
36619,1,20400,85936,51,3813,2,-17795,47741,71,5219
36624,1,20755,86291,42,3936,2,-17314,48222,72,5276
36629,1,21123,86659,49,4079,2,-16831,48705,66,5350
36634,1,21500,87036,58,4179,2,-16336,49200,74,5465
36639,1,21889,87425,56,4324,2,-15830,49706,59,5662
36644,1,22285,87821,47,4396,2,-15316,50220,62,5679
36649,1,22696,88232,47,4551,2,-14791,50745,53,5716
36654,1,23118,88654,49,4678,2,-14264,51272,54,5807
36659,1,23554,89090,42,4831,2,-13736,51800,61,5811
36664,1,24001,89537,46,4945,2,-13197,52339,75,5957
36669,1,24462,89998,49,5090,2,-12648,52888,81,6094
36674,1,24929,90465,49,5179,2,-12093,53443,68,6116
36679,1,25406,90942,42,5241,2,-11532,54004,57,6163
36684,1,25894,91430,40,5408,2,-10970,54566,54,6197
36689,1,26394,91930,51,5541,2,-10406,55130,78,6211
36694,1,26920,92456,48,5697,2,-9817,55719,67,6341
36699,1,27447,92983,48,5846,2,-9229,56307,67,6513
36704,1,27982,93518,52,5901,2,-8633,56903,54,6588
36709,1,28525,94061,56,5991,2,-8033,57503,69,6572
36714,1,29074,94610,48,6101,2,-7432,58104,65,6602
36719,1,29637,95173,43,6212,2,-6829,58707,61,6656
36724,1,30214,95750,55,6367,2,-6218,59318,66,6764
36729,1,30803,96339,54,6535,2,-5598,59938,67,6841
36734,1,31398,96934,59,6557,2,-4973,60563,54,6851
36739,1,31999,97535,48,6584,2,-4348,61188,60,6889
36744,1,32610,98146,52,6771,2,-3721,61815,64,6926
36749,1,-32302,98770,58,6914,2,-3084,62452,63,7036
36754,1,-31667,99405,48,7023,2,-2432,63104,80,7173
36759,1,-31019,100053,60,7116,2,-1771,63765,57,7280
36764,1,-30366,100706,41,7165,2,-1111,64425,63,7284
36769,1,-29707,101365,58,7318,2,-449,65087,61,7324
36774,1,-29032,102040,56,7511,2,225,65761,60,7422
36779,1,-28343,102729,46,7628,2,912,66448,79,7565
36784,1,-27643,103429,53,7667,2,1606,67142,61,7607
36789,1,-26940,104132,40,7702,2,2301,67837,71,7651
36794,1,-26228,104844,59,7875,2,2999,68535,58,7733
36799,1,-25499,105573,53,8078,2,3709,69245,82,7902
36804,1,-24757,106315,51,8205,2,4431,69967,67,7942
36809,1,-24010,107062,59,8263,2,5158,70694,67,7958
36814,1,-23257,107815,44,8339,2,5883,71419,51,7920
36819,1,-22490,108582,53,8513,2,6617,72153,66,8076
36824,1,-21708,109364,49,8661,2,7362,72898,69,8218
36829,1,-20918,110154,35,8688,2,8115,73651,67,8279
36834,1,-20127,110945,62,8703,2,8866,74402,79,8263
36839,1,-19322,111750,65,8895,2,9619,75155,55,8333
36844,1,-18503,112569,48,9060,2,10383,75919,66,8477
36849,1,-17675,113397,45,9067,2,11156,76692,81,8547
36854,1,-16846,114226,64,9124,2,11930,77466,63,8516
36859,1,-16004,115068,55,9318,2,12703,78239,63,8531
36864,1,-15146,115926,50,9484,2,13483,79019,82,8630
36869,1,-14283,116789,39,9479,2,14274,79810,65,8686
36874,1,-13420,117652,45,9555,2,15066,80602,56,8675
36879,1,-12541,118531,60,9742,2,15857,81393,64,8661
36884,1,-11649,119423,53,9864,2,16654,82190,66,8779
36889,1,-10756,120316,56,9831,2,17464,83000,69,8883
36894,1,-9858,121214,63,9940,2,18279,83815,62,8923
36899,1,-8942,122130,67,10106,2,19090,84626,72,8865
36904,1,-8016,123056,55,10147,2,19908,85444,54,9001
36909,1,-7090,123982,59,10147,2,20738,86274,69,9115
36914,1,-6151,124921,69,10393,2,21573,87109,66,9140
36919,1,-5195,125877,68,10576,2,22426,87962,69,9111
36924,1,-4236,126836,46,10535,2,23245,88781,65,9255
36929,1,-3273,127799,66,10678,2,24097,89633,69,9372
36934,1,-2291,128781,50,10820,2,24954,90490,61,9403
36939,1,-1300,129772,48,10846,2,25807,91343,62,9349
36944,1,-310,130762,45,10943,2,26668,92204,87,9563
36949,1,697,131769,54,11138,2,27540,93076,86,9648
36954,1,1716,132788,55,11196,2,28414,93950,60,9590
36959,1,2733,133805,56,11146,2,29282,94818,57,9594
36964,1,3766,134838,69,11409,2,30161,95697,73,9729
36969,1,4810,135882,45,11548,2,31049,96585,73,9795
36974,1,5855,136927,46,11434,2,31933,97469,49,9655
36979,1,6908,137980,56,11637,2,-32723,98349,72,9706
36984,1,7977,139049,71,11811,2,-31831,99241,81,9801
36989,1,9047,140119,40,11722,2,-30935,100137,75,9786
36994,1,10121,141193,54,11856,2,-30047,101025,75,9682
36999,1,11241,142313,73,12079,2,-29131,101941,88,9869
37004,1,12334,143406,41,11998,2,-28227,102845,69,9972
37009,1,13433,144505,66,12127,2,-27323,103749,66,9909
37014,1,14552,145624,63,12359,2,-26427,104645,52,9879
37019,1,15670,146742,39,12235,2,-25499,105573,63,10022
37024,1,16797,147869,66,12471,2,-24609,106463,73,10029
37029,1,17943,149015,52,12668,2,-23702,107370,42,9907
37034,1,19089,150161,47,12531,2,-22795,108277,63,9995
37039,1,20247,151319,50,12819,2,-21874,109198,74,10136
37044,1,21417,152489,60,12853,2,-20947,110125,57,10137
37049,1,22588,153660,30,12872,2,-20027,111045,49,10099
37054,1,23773,154845,63,13085,2,-19097,111975,64,10322
37059,1,24970,156042,43,13116,2,-18157,112915,62,10374
37064,1,26166,157238,60,13215,2,-17221,113851,48,10221
37069,1,27378,158450,58,13358,2,-16287,114785,59,10305
37074,1,28597,159669,42,13368,2,-15338,115734,65,10444
37079,1,29818,160890,68,13469,2,-14383,116689,61,10454
37084,1,31057,162129,61,13688,2,-13434,117638,56,10449
37089,1,32294,163366,52,13529,2,-12497,118575,72,10649
37094,1,-31996,164612,65,13783,2,-11504,119568,69,10662
37099,1,-30736,165872,44,13805,2,-10539,120533,49,10533
37104,1,-29478,167130,67,13888,2,-9570,121502,63,10690
37109,1,-28201,168407,65,14118,2,-8582,122490,70,10891
37114,1,-26920,169688,40,14010,2,-7593,123479,72,10860
37119,1,-25633,170975,51,14244,2,-6609,124463,71,10864
37124,1,-24330,172278,70,14274,2,-5613,125459,78,10973
37129,1,-23030,173578,48,14345,2,-4611,126461,60,10945
37134,1,-21713,174895,60,14533,2,-3614,127458,61,10983
37139,1,-20391,176217,29,14444,2,-2602,128470,76,11228
37144,1,-19065,177543,47,14708,2,-1578,129494,70,11226
37149,1,-17723,178885,47,14663,2,-559,130513,64,11142
37154,1,-16386,180222,67,14770,2,470,131542,73,11403
37159,1,-15029,181579,81,14989,2,1514,132586,66,11509
37164,1,-13674,182934,42,14789,2,2556,133628,51,11404
37169,1,-12309,184299,79,15090,2,3601,134673,60,11540
37174,1,-10935,185673,50,15058,2,4667,135739,91,11764
37179,1,-9565,187043,55,15121,2,5729,136801,51,11648
37184,1,-8173,188435,77,15350,2,6792,137864,52,11711
37189,1,-6787,189821,53,15247,2,7870,138942,90,11882
37194,1,-5385,191223,67,15442,2,8948,140020,64,11805
37199,1,-3980,192628,45,15342,2,10024,141096,63,11875
37204,1,-2567,194041,67,15674,2,11117,142189,89,12047
37209,1,-1139,195469,51,15629,2,12212,143284,64,12027
37214,1,284,196892,48,15708,2,13303,144375,61,12014
37219,1,1727,198335,78,15867,2,14410,145482,91,12194
37224,1,3162,199770,42,15843,2,15517,146589,56,12153
37229,1,4617,201225,84,16060,2,16623,147695,53,12184
37234,1,6071,202679,46,15881,2,17748,148820,92,12431
37239,1,7537,204145,51,16135,2,18873,149945,50,12330
37244,1,9008,205616,35,16135,2,19999,151071,66,12420
37249,1,10482,207090,56,16301,2,21142,152214,71,12623
37254,1,11970,208578,53,16289,2,22283,153355,51,12452
37259,1,13455,210063,52,16373,2,23430,154502,73,12708
37264,1,14959,211567,65,16517,2,24594,155666,68,12816
37269,1,16457,213065,50,16524,2,25753,156825,49,12676
37274,1,17977,214585,69,16820,2,26921,157993,63,12930
37279,1,19495,216103,44,16657,2,28099,159171,69,12897
37284,1,21025,217633,71,16926,2,29272,160344,44,12915
37289,1,22559,219167,40,16740,2,30457,161529,83,13059
37298,1,25454,222062,-31,16793,2,32672,163744,-16,12780
37303,1,26893,223501,-44,16656,2,-31774,164834,-21,12470
37308,1,28386,224994,-32,16166,2,-30667,165941,-42,11946
37313,1,29835,226443,-41,15853,2,-29611,166997,-30,11459
37318,1,31268,227876,-24,15571,2,-28589,168019,-11,11101
37323,1,32657,229265,-56,15169,2,-27584,169024,-33,10504
37328,1,-31516,230628,-20,14878,2,-26679,169929,-44,9984
37333,1,-30187,231957,-45,14353,2,-25789,170819,-25,9658
37338,1,-28892,233252,-41,14194,2,-24934,171674,-29,9258
37343,1,-27617,234527,-27,13815,2,-24123,172485,-39,8743
37348,1,-26382,235762,-46,13453,2,-23360,173248,-35,8214
37353,1,-25172,236972,-32,13195,2,-22630,173978,-37,7894
37358,1,-23990,238154,-31,12810,2,-21929,174679,-34,7543
37363,1,-22847,239297,-36,12467,2,-21266,175342,-48,7083
37368,1,-21722,240422,-33,12261,2,-20644,175964,-41,6677
37373,1,-20630,241514,-39,11839,2,-20064,176544,-38,6274
37378,1,-19576,242568,-37,11481,2,-19516,177092,-40,5882
37383,1,-18544,243600,-32,11215,2,-18997,177611,-47,5575
37388,1,-17542,244602,-37,10846,2,-18514,178094,-40,5154
37393,1,-16578,245566,-38,10504,2,-18066,178542,-48,4717
37398,1,-15636,246508,-36,10277,2,-17658,178950,-44,4348
37403,1,-14721,247423,-30,9900,2,-17288,179320,-44,3907
37408,1,-13845,248299,-50,9434,2,-16954,179654,-29,3529
37413,1,-12999,249145,-39,9196,2,-16652,179956,-50,3216
37418,1,-12175,249969,-32,8914,2,-16383,180225,-38,2813
37423,1,-11380,250764,-31,8546,2,-16145,180463,-50,2512
37428,1,-10624,251520,-56,8135,2,-15937,180671,-33,2150
37433,1,-9897,252247,-25,7906,2,-15761,180847,-46,1770
37438,1,-9192,252952,-41,7657,2,-15617,180991,-43,1482
37443,1,-8514,253630,-36,7371,2,-15503,181105,-40,1131
37448,1,-7867,254277,-41,6973,2,-15423,181185,-39,739
37453,1,-7252,254892,-47,6603,2,-15375,181233,-45,420
37458,1,-6664,255480,-34,6370,2,-15357,181251,-46,71
37463,1,-6100,256044,-36,6119,2,-15365,181243,-48,-183
37468,1,-5562,256582,-42,5791,2,-15391,181217,-55,-316
37473,1,-5050,257094,-42,5495,2,-15431,181177,-50,-532
37478,1,-4570,257574,-39,5160,2,-15490,181118,-52,-715
37483,1,-4119,258025,-38,4814,2,-15568,181040,-57,-916
37488,1,-3695,258449,-38,4578,2,-15662,180946,-66,-1075
37493,1,-3293,258851,-35,4288,2,-15765,180843,-62,-1177
37498,1,-2918,259226,-34,4046,2,-15881,180727,-54,-1308
37503,1,-2569,259575,-44,3724,2,-16013,180595,-59,-1521
37508,1,-2246,259898,-42,3420,2,-16159,180449,-69,-1644
37513,1,-1948,260196,-40,3170,2,-16314,180294,-59,-1721
37518,1,-1679,260465,-41,2823,2,-16481,180127,-60,-1899
37523,1,-1438,260706,-33,2537,2,-16661,179947,-66,-2042
37528,1,-1223,260921,-42,2268,2,-16852,179756,-54,-2138
37533,1,-1029,261115,-37,1976,2,-17064,179544,-67,-2257
37538,1,-872,261272,-41,1648,2,-17265,179343,-55,-2381
37543,1,-736,261408,-45,1396,2,-17489,179119,-68,-2536
37548,1,-625,261519,-39,1127,2,-17723,178885,-59,-2604
37553,1,-538,261606,-32,850,2,-17969,178639,-66,-2737
37558,1,-479,261665,-35,544,2,-18226,178382,-54,-2862
37563,1,-450,261694,-33,189,2,-18497,178111,-78,-3023
37568,1,-450,261694,-37,-112,2,-18778,177830,-52,-3121
37573,1,-472,261672,-40,-313,2,-19068,177540,-61,-3232
37578,1,-510,261634,-46,-485,2,-19373,177235,-70,-3382
37583,1,-564,261580,-45,-670,2,-19684,176924,-52,-3465
37588,1,-631,261513,-52,-757,2,-20007,176601,-63,-3571
37593,1,-709,261435,-53,-903,2,-20339,176269,-65,-3698
37598,1,-802,261342,-53,-1032,2,-20689,175919,-63,-3785
37603,1,-902,261242,-49,-1124,2,-21043,175565,-52,-3938
37608,1,-1015,261129,-41,-1319,2,-21410,175198,-65,-4057
37613,1,-1144,261000,-56,-1454,2,-21787,174821,-72,-4234
37618,1,-1284,260860,-54,-1577,2,-22174,174434,-68,-4290
37623,1,-1435,260709,-46,-1713,2,-22573,174035,-64,-4417
37628,1,-1601,260543,-57,-1873,2,-22986,173622,-51,-4443
37633,1,-1777,260367,-51,-1975,2,-23386,173222,-54,-4500
37638,1,-1967,260177,-43,-2141,2,-23801,172807,-64,-4571
37643,1,-2171,259973,-58,-2303,2,-24223,172385,-61,-4695
37648,1,-2385,259759,-46,-2403,2,-24655,171953,-79,-4755
37653,1,-2613,259531,-57,-2529,2,-25095,171513,-69,-4900
37658,1,-2852,259292,-48,-2673,2,-25541,171067,-75,-4926
37663,1,-3105,259039,-60,-2817,2,-25993,170615,-81,-4999
37668,1,-3366,258778,-42,-2916,2,-26446,170162,-73,-4980
37673,1,-3640,258504,-54,-3047,2,-26902,169706,-72,-5024
37678,1,-3926,258218,-52,-3189,2,-27362,169246,-72,-5113
37683,1,-4220,257924,-43,-3254,2,-27832,168776,-72,-5158
37688,1,-4528,257616,-52,-3436,2,-28309,168299,-75,-5310
37693,1,-4847,257297,-48,-3560,2,-28795,167813,-82,-5349
37698,1,-5179,256965,-48,-3700,2,-29284,167324,-75,-5406
37703,1,-5526,256618,-52,-3859,2,-29775,166833,-66,-5419
37708,1,-5882,256262,-56,-3960,2,-30269,166339,-75,-5432
37713,1,-6251,255893,-49,-4113,2,-30769,165839,-66,-5543
37718,1,-6629,255515,-40,-4182,2,-31277,165331,-63,-5615
37723,1,-7018,255126,-49,-4293,2,-31796,164812,-55,-5725
37728,1,-7415,254729,-45,-4391,2,-32321,164287,-61,-5796
37733,1,-7822,254322,-56,-4531,2,32686,163758,-65,-5777
37738,1,-8242,253902,-57,-4660,2,32155,163227,-67,-5847
37743,1,-8675,253469,-56,-4823,2,31607,162679,-81,-5929
37748,1,-9121,253023,-59,-4931,2,31078,162150,-69,-5975
37753,1,-9576,252568,-62,-5056,2,30525,161597,-59,-6137
37758,1,-10038,252106,-61,-5100,2,29966,161038,-58,-6179
37763,1,-10509,251635,-61,-5194,2,29402,160474,-66,-6173
37768,1,-10985,251159,-57,-5287,2,28836,159908,-66,-6225
37773,1,-11474,250670,-59,-5404,2,28267,159339,-71,-6321
37778,1,-11976,250168,-66,-5601,2,27687,158759,-61,-6405
37783,1,-12488,249656,-51,-5647,2,27094,158166,-54,-6530
37788,1,-13010,249134,-56,-5763,2,26493,157565,-70,-6635
37793,1,-13538,248606,-54,-5825,2,25889,156961,-71,-6643
37798,1,-14072,248072,-48,-5868,2,25280,156352,-64,-6678
37803,1,-14617,247527,-52,-6032,2,24663,155735,-71,-6840
37808,1,-15175,246969,-66,-6217,2,24034,155106,-77,-6995
37813,1,-15746,246398,-56,-6314,2,23396,154468,-60,-7048
37818,1,-16326,245818,-48,-6399,2,22753,153825,-68,-7044
37823,1,-16912,245232,-48,-6464,2,22109,153181,-54,-7048
37828,1,-17503,244641,-59,-6533,2,21458,152530,-68,-7219
37833,1,-18107,244037,-48,-6687,2,20796,151868,-74,-7364
37838,1,-18728,243416,-48,-6869,2,20106,151178,-59,-7433
37843,1,-19357,242787,-52,-6979,2,19444,150516,-68,-7441
37848,1,-19995,242149,-49,-7031,2,18764,149836,-51,-7442
37853,1,-20638,241506,-48,-7069,2,18077,149149,-72,-7595
37858,1,-21293,240851,-58,-7240,2,17380,148452,-63,-7725
37863,1,-21965,240179,-57,-7467,2,16676,147748,-75,-7784
37868,1,-22647,239497,-57,-7542,2,15970,147042,-58,-7764
37873,1,-23336,238808,-39,-7602,2,15266,146338,-70,-7741
37878,1,-24029,238115,-46,-7621,2,14554,145626,-53,-7824
37883,1,-24735,237409,-44,-7806,2,13831,144903,-75,-7937
37888,1,-25460,236684,-60,-7977,2,13104,144176,-62,-7968
37893,1,-26193,235951,-53,-8068,2,12377,143449,-70,-7988
37898,1,-26930,235214,-54,-8106,2,11647,142719,-59,-8071
37903,1,-27693,234451,-40,-8273,2,10889,141961,-68,-8201
37908,1,-28456,233688,-58,-8469,2,10140,141212,-74,-8273
37913,1,-29227,232917,-69,-8529,2,9392,140464,-49,-8227
37918,1,-30005,232139,-47,-8559,2,8645,139717,-80,-8215
37923,1,-30786,231358,-57,-8648,2,7891,138963,-69,-8303
37928,1,-31582,230562,-63,-8834,2,7126,138198,-60,-8399
37933,1,-32391,229753,-47,-8922,2,6356,137428,-62,-8419
37938,1,32331,228939,-52,-8962,2,5588,136660,-53,-8406
37943,1,31516,228124,-52,-9012,2,4796,135868,-61,-8501
37948,1,30687,227295,-67,-9193,2,4031,135103,-72,-8622
37953,1,29844,226452,-60,-9287,2,3239,134311,-56,-8664
37958,1,28996,225604,-52,-9339,2,2451,133523,-52,-8632
37963,1,28147,224755,-50,-9392,2,1661,132733,-77,-8709
37968,1,27282,223890,-64,-9602,2,857,131929,-73,-8878
37973,1,26404,223012,-63,-9703,2,46,131118,-58,-8934
37978,1,25523,222131,-54,-9711,2,-764,130308,-68,-8889
37983,1,24636,221244,-63,-9824,2,-1575,129497,-77,-8952
37988,1,23733,220341,-55,-9971,2,-2400,128672,-65,-9123
37993,1,22819,219427,-55,-10038,2,-3230,127842,-59,-9135
37998,1,21903,218511,-44,-10024,2,-4056,127016,-74,-9050
38003,1,20976,217584,-45,-10233,2,-4882,126190,-75,-9106
38008,1,20035,216643,-49,-10384,2,-5717,125355,-74,-9209
38013,1,19085,215693,-52,-10449,2,-6558,124514,-67,-9223
38018,1,18132,214740,-53,-10543,2,-7392,123680,-55,-9099
38023,1,17164,213772,-55,-10688,2,-8227,122845,-75,-9199
38028,1,16186,212794,-66,-10732,2,-9072,122000,-77,-9309
38033,1,15206,211814,-50,-10748,2,-9926,121146,-71,-9325
38038,1,14213,210821,-59,-11000,2,-10792,120280,-53,-9244
38043,1,13207,209815,-57,-11124,2,-11641,119431,-62,-9313
38048,1,12198,208806,-40,-11029,2,-12479,118593,-82,-9451
38053,1,11185,207793,-49,-11180,2,-13340,117732,-78,-9407
38058,1,10154,206762,-58,-11363,2,-14195,116877,-73,-9346
38063,1,9118,205726,-59,-11391,2,-15058,116014,-75,-9493
38068,1,8082,204690,-58,-11420,2,-15934,115138,-67,-9638
38073,1,7030,203638,-48,-11567,2,-16809,114263,-51,-9580
38078,1,5970,202578,-53,-11647,2,-17678,113394,-56,-9579
38083,1,4911,201519,-59,-11693,2,-18553,112519,-83,-9712
38088,1,3836,200444,-56,-11841,2,-19441,111631,-86,-9786
38093,1,2750,199358,-45,-11935,2,-20325,110747,-60,-9712
38098,1,1666,198274,-59,-11968,2,-21208,109864,-74,-9763
38103,1,566,197174,-57,-12114,2,-22104,108968,-75,-9910
38108,1,-545,196063,-38,-12216,2,-23006,108066,-62,-9866
38113,1,-1656,194952,-61,-12271,2,-23900,107172,-52,-9760
38118,1,-2785,193823,-54,-12418,2,-24796,106276,-73,-9836
38123,1,-3922,192686,-56,-12503,2,-25704,105368,-62,-9957
38128,1,-5058,191550,-42,-12517,2,-26609,104463,-61,-9883
38133,1,-6212,190396,-63,-12725,2,-27505,103567,-60,-9898
38138,1,-7372,189236,-53,-12710,2,-28410,102662,-84,-10017
38143,1,-8533,188075,-53,-12805,2,-29323,101749,-81,-10044
38148,1,-9712,186896,-75,-13002,2,-30251,100821,-66,-9925
38153,1,-10889,185719,-39,-12855,2,-31131,99941,-87,-9951
38158,1,-12073,184535,-52,-13129,2,-32047,99025,-82,-10074
38163,1,-13271,183337,-60,-13153,2,32572,98108,-63,-10002
38168,1,-14464,182144,-48,-13121,2,31661,97197,-74,-9976
38173,1,-15671,180937,-73,-13308,2,30744,96280,-82,-10121
38178,1,-16886,179722,-49,-13339,2,29816,95352,-75,-10212
38183,1,-18101,178507,-42,-13396,2,28891,94427,-58,-10145
38188,1,-19334,177274,-63,-13583,2,27971,93507,-59,-10194
38193,1,-20569,176039,-32,-13506,2,27037,92573,-69,-10306
38198,1,-21808,174800,-69,-13734,2,26097,91633,-58,-10283
38203,1,-23098,173510,-59,-13799,2,25138,90674,-67,-10246
38208,1,-24351,172257,-31,-13801,2,24195,89731,-80,-10408
38213,1,-25621,170987,-72,-13993,2,23239,88775,-81,-10531
38218,1,-26898,169710,-49,-14015,2,22287,87823,-66,-10451
38223,1,-28175,168433,-48,-14102,2,21336,86872,-73,-10503
38228,1,-29471,167137,-67,-14273,2,20374,85910,-87,-10598
38233,1,-30763,165845,-50,-14160,2,19407,84943,-74,-10573
38238,1,-32068,164540,-73,-14410,2,18444,83980,-71,-10583
38243,1,32156,163228,-37,-14402,2,17447,82983,-71,-10780
38248,1,30845,161917,-46,-14447,2,16467,82003,-67,-10782
38253,1,29516,160588,-65,-14627,2,15517,81053,-55,-10650
38258,1,28191,159263,-40,-14520,2,14545,80081,-55,-10677
38263,1,26854,157926,-65,-14754,2,13560,79096,-68,-10830
38268,1,25508,156580,-52,-14779,2,12574,78110,-62,-10817
38273,1,24161,155233,-68,-14881,2,11591,77127,-61,-10853
38278,1,22796,153868,-56,-15002,2,10599,76135,-82,-10944
38283,1,21436,152508,-44,-14983,2,9601,75137,-82,-10898
38288,1,20060,151132,-47,-15139,2,8611,74147,-68,-10863
38293,1,18679,149751,-34,-15093,2,7614,73150,-68,-11051
38302,1,16141,147213,6,-15138,2,5788,71324,27,-10770
38307,1,14822,145894,49,-14782,2,4856,70392,30,-10342
38312,1,13490,144562,43,-14479,2,3935,69471,41,-9944
38317,1,12198,143270,60,-13950,2,3057,68593,42,-9395
38322,1,10947,142019,32,-13706,2,2230,67766,54,-8861
38327,1,9720,140792,33,-13289,2,1446,66982,58,-8438
38332,1,8539,139611,48,-12813,2,694,66230,32,-8066
38337,1,7388,138460,34,-12569,2,-15,65521,47,-7576
38342,1,6270,137342,35,-12079,2,-675,64861,46,-7062
38347,1,5193,136265,46,-11714,2,-1290,64246,51,-6635
38352,1,4144,135216,44,-11441,2,-1866,63670,47,-6157
38357,1,3128,134200,48,-11005,2,-2408,63128,54,-5778
38362,1,2150,133222,40,-10558,2,-2909,62627,45,-5339
38367,1,1203,132275,30,-10314,2,-3368,62168,44,-4854
38372,1,281,131353,27,-10024,2,-3783,61753,55,-4384
38377,1,-605,130467,47,-9587,2,-4156,61380,50,-3910
38382,1,-1452,129620,51,-9206,2,-4490,61046,44,-3535
38387,1,-2274,128798,47,-8970,2,-4785,60751,47,-3094
38392,1,-3067,128005,38,-8613,2,-5040,60496,52,-2628
38397,1,-3826,127246,56,-8188,2,-5259,60277,49,-2263
38402,1,-4546,126526,44,-7802,2,-5440,60096,44,-1824
38407,1,-5237,125835,55,-7494,2,-5580,59956,56,-1361
38412,1,-5903,125169,34,-7175,2,-5682,59854,54,-979
38417,1,-6538,124534,46,-6813,2,-5752,59784,50,-611
38422,1,-7136,123936,45,-6444,2,-5784,59752,45,-201
38427,1,-7698,123374,39,-6067,2,-5780,59756,55,137
38432,1,-8233,122839,34,-5743,2,-5756,59780,65,335
38437,1,-8740,122332,42,-5469,2,-5715,59821,70,524
38442,1,-9216,121856,45,-5085,2,-5660,59876,76,636
38447,1,-9661,121411,37,-4772,2,-5590,59946,72,798
38452,1,-10071,121001,42,-4385,2,-5511,60025,64,972
38457,1,-10449,120623,48,-4020,2,-5415,60121,62,1119
38462,1,-10792,120280,50,-3622,2,-5302,60234,69,1303
38467,1,-11107,119965,40,-3334,2,-5174,60362,77,1475
38472,1,-11391,119681,47,-2992,2,-5033,60503,62,1595
38477,1,-11643,119429,49,-2653,2,-4876,60660,62,1797
38482,1,-11868,119204,44,-2334,2,-4706,60830,79,1935
38487,1,-12063,119009,40,-2008,2,-4521,61015,60,2078
38492,1,-12223,118849,52,-1661,2,-4318,61218,74,2298
38497,1,-12357,118715,41,-1337,2,-4103,61433,61,2418
38502,1,-12456,118616,39,-968,2,-3873,61663,68,2602
38507,1,-12526,118546,40,-605,2,-3620,61916,67,2757
38512,1,-12561,118511,45,-263,2,-3358,62178,76,2922
38517,1,-12565,118507,47,67,2,-3082,62454,59,3103
38522,1,-12548,118524,53,252,2,-2786,62750,68,3293
38527,1,-12515,118557,52,439,2,-2476,63060,65,3474
38532,1,-12464,118608,54,608,2,-2150,63386,58,3633
38537,1,-12399,118673,55,771,2,-1809,63727,74,3781
38542,1,-12318,118754,60,977,2,-1457,64079,70,3924
38547,1,-12220,118852,69,1118,2,-1091,64445,68,4064
38552,1,-12111,118961,56,1253,2,-713,64823,66,4206
38557,1,-11985,119087,56,1469,2,-320,65216,66,4372
38562,1,-11843,119229,61,1624,2,89,65625,64,4550
38567,1,-11687,119385,63,1762,2,514,66050,72,4746
38572,1,-11518,119554,54,1912,2,954,66490,69,4876
38577,1,-11332,119740,62,2085,2,1407,66943,79,5034
38582,1,-11135,119937,55,2234,2,1870,67406,80,5118
38587,1,-10921,120151,57,2405,2,2344,67880,73,5265
38592,1,-10696,120376,55,2485,2,2829,68365,69,5394
38597,1,-10458,120614,57,2680,2,3329,68865,75,5549
38602,1,-10203,120869,58,2849,2,3847,69383,65,5747
38607,1,-9932,121140,59,3041,2,4377,69913,66,5872
38612,1,-9647,121425,55,3193,2,4920,70456,65,5938
38617,1,-9345,121727,66,3360,2,5469,71005,65,6108
38622,1,-9027,122045,64,3548,2,6027,71563,70,6174
38627,1,-8697,122375,53,3696,2,6600,72136,75,6346
38632,1,-8348,122724,51,3868,2,7190,72726,62,6545
38637,1,-7990,123082,64,3993,2,7791,73327,73,6684
38642,1,-7617,123455,66,4164,2,8400,73936,82,6694
38647,1,-7231,123841,60,4297,2,9017,74553,67,6763
38652,1,-6829,124243,55,4470,2,9641,75177,70,6930
38657,1,-6411,124661,48,4637,2,10279,75815,91,7108
38662,1,-5975,125097,57,4856,2,10931,76467,65,7220
38667,1,-5525,125547,55,4986,2,11593,77129,78,7277
38672,1,-5059,126013,53,5163,2,12260,77796,61,7322
38677,1,-4583,126489,57,5273,2,12933,78469,73,7456
38682,1,-4094,126978,54,5392,2,13620,79156,80,7630
38687,1,-3591,127481,53,5610,2,14319,79855,70,7715
38692,1,-3071,128001,51,5771,2,15025,80561,74,7743
38697,1,-2532,128540,59,5956,2,15735,81271,69,7791
38702,1,-1979,129093,61,6161,2,16454,81990,71,7929
38707,1,-1415,129657,59,6221,2,17189,82725,76,8114
38712,1,-840,130232,58,6322,2,17936,83472,76,8252
38717,1,-252,130820,53,6547,2,18686,84222,78,8257
38722,1,353,131425,67,6737,2,19441,84977,60,8368
38727,1,975,132047,63,6881,2,20211,85747,73,8555
38732,1,1612,132684,56,7018,2,20995,86531,84,8697
38737,1,2257,133329,57,7138,2,21785,87321,61,8719
38742,1,2913,133985,57,7295,2,22577,88113,62,8765
38747,1,3585,134657,61,7458,2,23384,88920,93,8947
38752,1,4275,135347,50,7612,2,24205,89741,72,9099
38757,1,4995,136067,58,7714,2,25055,90591,60,9137
38762,1,5706,136778,56,7818,2,25905,91441,54,9165
38767,1,6409,137481,69,8012,2,26707,92243,80,9379
38772,1,7148,138220,56,8198,2,27564,93100,83,9503
38777,1,7902,138974,73,8365,2,28425,93961,70,9470
38782,1,8663,139735,53,8409,2,29286,94822,65,9525
38787,1,9432,140504,50,8519,2,30161,95697,79,9707
38792,1,10218,141290,68,8709,2,31049,96585,79,9808
38797,1,11020,142092,65,8868,2,31937,97473,57,9714
38802,1,11833,142905,46,8944,2,-32710,98362,74,9816
38807,1,12672,143744,64,9024,2,-31783,99289,86,9963
38812,1,13508,144580,70,9269,2,-30868,100204,71,10019
38817,1,14361,145433,64,9451,2,-29955,101117,66,9995
38822,1,15226,146298,57,9530,2,-29030,102042,88,10263
38827,1,16097,147169,57,9662,2,-28090,102982,94,10415
38832,1,16987,148059,55,9894,2,-27147,103925,71,10358
38837,1,17895,148967,62,10058,2,-26206,104866,74,10389
38842,1,18810,149882,54,10074,2,-25248,105824,83,10563
38847,1,19735,150807,54,10229,2,-24279,106793,74,10593
38852,1,20679,151751,58,10401,2,-23314,107758,52,10612
38857,1,21637,152709,57,10525,2,-22333,108739,81,10906
38862,1,22600,153672,38,10641,2,-21335,109737,78,11000
38867,1,23581,154653,63,10874,2,-20338,110734,50,10895
38872,1,24579,155651,65,11011,2,-19335,111737,67,11100
38877,1,25580,156652,46,10979,2,-18309,112763,93,11327
38882,1,26595,157667,60,11228,2,-17283,113789,70,11271
38887,1,27630,158702,81,11476,2,-16255,114817,75,11343
38892,1,28671,159743,47,11418,2,-15206,115866,71,11584
38897,1,29718,160790,62,11574,2,-14150,116922,79,11597
38902,1,30788,161860,69,11830,2,-13096,117976,73,11641
38907,1,31864,162936,55,11839,2,-12025,119047,84,11806
38912,1,-32590,164018,58,11946,2,-10949,120123,66,11818
38917,1,-31488,165120,76,12187,2,-9873,121199,84,11897
38922,1,-30376,166232,45,12220,2,-8777,122295,84,12099
38927,1,-29261,167347,65,12318,2,-7672,123400,68,12118
38932,1,-28120,168488,77,12651,2,-6570,124502,84,12166
38937,1,-26973,169635,49,12565,2,-5454,125618,73,12303
38942,1,-25819,170789,70,12767,2,-4330,126742,76,12317
38947,1,-24642,171966,66,13011,2,-3209,127863,63,12406
38952,1,-23465,173143,64,12904,2,-2066,129006,84,12602
38957,1,-22270,174338,60,13244,2,-915,130157,64,12638
38962,1,-21058,175550,74,13295,2,235,131307,58,12697
38967,1,-19847,176761,44,13365,2,1408,132480,91,12960
38972,1,-18616,177992,66,13585,2,2580,133652,45,12832
38977,1,-17373,179235,60,13652,2,3761,134833,81,13089
38982,1,-16129,180479,68,13740,2,4961,136033,84,13199
38987,1,-14860,181748,65,14046,2,6156,137228,47,13099
38992,1,-13593,183015,55,13853,2,7366,138438,98,13377
38997,1,-12310,184298,85,14192,2,8584,139656,58,13346
39002,1,-11015,185593,46,14197,2,9800,140872,79,13405
39007,1,-9720,186888,51,14309,2,11032,142104,87,13571
39012,1,-8402,188206,85,14593,2,12269,143341,50,13596
39017,1,-7082,189526,59,14427,2,13507,144579,75,13666
39022,1,-5748,190860,81,14773,2,14762,145834,78,13817
39027,1,-4399,192209,55,14786,2,16015,147087,51,13752
39032,1,-3051,193557,66,14921,2,17280,148352,100,13982
39037,1,-1675,194933,71,15201,2,18559,149631,73,14064
39042,1,-304,196304,44,15069,2,19834,150906,51,14046
39047,1,1088,197696,68,15353,2,21131,152203,86,14345
39052,1,2488,199096,46,15332,2,22426,153498,68,14129
39057,1,3895,200503,65,15604,2,23735,154807,85,14521
39062,1,5320,201928,54,15600,2,25057,156129,65,14479
39067,1,6745,203353,46,15738,2,26409,157481,64,14536
39072,1,8191,204799,81,15943,2,27713,158785,84,14773
39077,1,9635,206243,47,15918,2,29049,160121,58,14586
39082,1,11099,207707,85,16161,2,30395,161467,105,14878
39087,1,12568,209176,57,16061,2,31752,162824,81,14880
39092,1,14050,210658,79,16377,2,-32436,164172,71,14849
39097,1,15543,212151,54,16359,2,-31069,165539,93,15044
39102,1,17040,213648,59,16582,2,-29710,166898,49,14915
39107,1,18561,215169,66,16708,2,-28337,168271,94,15144
39112,1,20117,216725,66,16743,2,-26927,169681,49,15030
39117,1,21659,218267,53,16918,2,-25553,171055,83,15211
39122,1,23197,219805,62,16953,2,-24165,172443,67,15174
39127,1,24759,221367,79,17210,2,-22786,173822,47,15194
39132,1,26319,222927,41,17191,2,-21382,175226,97,15496
39137,1,27901,224509,82,17473,2,-19987,176621,39,15293
39142,1,29479,226087,68,17392,2,-18575,178033,88,15559
39147,1,31079,227687,85,17703,2,-17160,179448,38,15474
39152,1,32677,229285,51,17583,2,-15744,180864,80,15717
39157,1,-31241,230903,69,17897,2,-14310,182298,69,15695
39162,1,-29626,232518,50,17778,2,-12883,183725,55,15727
39167,1,-27987,234157,84,18158,2,-11436,185172,94,15894
39172,1,-26347,235797,47,18005,2,-10000,186608,48,15817
39177,1,-24690,237454,64,18375,2,-8543,188065,121,16085
39182,1,-23031,239113,56,18205,2,-7088,189520,54,15855
39187,1,-21353,240791,86,18610,2,-5626,190982,99,16155
39192,1,-19676,242468,62,18432,2,-4161,192447,65,16072
39197,1,-17975,244169,87,18775,2,-2693,193915,88,16272
39202,1,-16284,245860,40,18666,2,-1210,195398,70,16236
39207,1,-14565,247579,90,18916,2,270,196878,68,16271
39212,1,-12854,249290,56,18878,2,1770,198378,100,16480
39217,1,-11120,251024,57,18992,2,3261,199869,71,16415
39222,1,-9394,252750,63,19026,2,4775,201383,93,16727
39227,1,-7643,254501,73,19192,2,6278,202886,47,16465
39232,1,-5894,256250,59,19342,2,7799,204407,94,16731
39237,1,-4128,258016,53,19380,2,9317,205925,61,16600
39242,1,-2360,259784,88,19567,2,10844,207452,86,16849
39247,1,-575,261569,41,19511,2,12380,208988,54,16811
39252,1,1217,263361,71,19769,2,13917,210525,99,17026
39257,1,3016,265160,23,19675,2,15461,212069,71,16938
39262,1,4825,266969,93,20018,2,17007,213615,61,17107
39267,1,6637,268781,16,19871,2,18568,215176,70,17141
39272,1,8458,270602,69,20044,2,20128,216736,69,17185
39277,1,10267,272411,23,19899,2,21703,218311,68,17270
39282,1,12090,274234,69,19994,2,23271,219879,71,17235
39287,1,13901,276045,59,19950,2,24864,221472,98,17446
39292,1,15722,277866,5,19975,2,26445,223053,42,17385
39297,1,17535,279679,63,19892,2,28046,224654,109,17532
39306,1,20904,283048,72,19984,2,30994,227602,11,17498
39311,1,22635,284779,3,19958,2,32463,229071,-88,16714
39316,1,24455,286599,-19,20019,2,-31568,230576,-31,16371
39321,1,26243,288387,-60,19456,2,-30115,232029,-71,15613
39326,1,28002,290146,-25,19230,2,-28713,233431,-32,15333
39331,1,29709,291853,-55,18615,2,-27349,234795,-41,14716
39336,1,31397,293541,-27,18360,2,-26048,236096,-67,14135
39341,1,-32504,295176,-52,17820,2,-24779,237365,-26,13773
39346,1,-30891,296789,-18,17548,2,-23568,238576,-63,13050
39351,1,-29328,298352,-60,17053,2,-22401,239743,-40,12729
39356,1,-27782,299898,-23,16874,2,-21265,240879,-40,12266
39361,1,-26285,301395,-49,16332,2,-20186,241958,-61,11603
39366,1,-24811,302869,-19,16120,2,-19147,242997,-31,11331
39371,1,-23381,304299,-57,15454,2,-18142,244002,-45,10873
39376,1,-21980,305700,-27,15318,2,-17169,244975,-60,10187
39381,1,-20608,307072,-45,14868,2,-16289,245855,-56,9769
39386,1,-19281,308399,-44,14476,2,-15417,246727,-38,9426
39391,1,-17976,309704,-34,14206,2,-14585,247559,-38,8904
39396,1,-16721,310959,-69,13614,2,-13804,248340,-63,8326
39401,1,-15490,312190,-29,13424,2,-13066,249078,-38,7939
39406,1,-14291,313389,-62,12956,2,-12364,249780,-44,7552
39411,1,-13106,314574,-32,12595,2,-11687,250457,-41,7088
39416,1,-11978,315702,-45,12269,2,-11075,251069,-53,6564
39421,1,-10883,316797,-38,11837,2,-10508,251636,-62,6036
39426,1,-9832,317848,-30,11458,2,-9979,252165,-51,5695
39431,1,-8804,318876,-42,11168,2,-9485,252659,-47,5306
39436,1,-7808,319872,-64,10732,2,-9025,253119,-51,4889
39441,1,-6854,320826,-47,10385,2,-8605,253539,-48,4472
39446,1,-5925,321755,-44,10128,2,-8224,253920,-58,3976
39451,1,-5024,322656,-53,9784,2,-7885,254259,-47,3590
39456,1,-4163,323517,-52,9311,2,-7584,254560,-35,3139
39461,1,-3335,324345,-30,9011,2,-7323,254821,-60,2745
39466,1,-2531,325149,-45,8747,2,-7101,255043,-39,2261
39471,1,-1755,325925,-46,8389,2,-6912,255232,-55,1895
39476,1,-1019,326661,-48,7964,2,-6767,255377,-54,1499
39481,1,-318,327362,-60,7618,2,-6655,255489,-42,1063
39486,1,357,328037,-39,7325,2,-6582,255562,-42,647
39491,1,1005,328685,-54,6978,2,-6545,255599,-46,258
39496,1,1622,329302,-49,6594,2,-6544,255600,-54,-116
39501,1,2201,329881,-39,6250,2,-6563,255581,-60,-275
39506,1,2746,330426,-36,5875,2,-6599,255545,-60,-463
39511,1,3265,330945,-41,5569,2,-6653,255491,-65,-655
39516,1,3756,331436,-38,5296,2,-6726,255418,-71,-890
39521,1,4215,331895,-45,4925,2,-6814,255330,-75,-1051
39526,1,4646,332326,-34,4604,2,-6915,255229,-67,-1158
39531,1,5043,332723,-42,4237,2,-7030,255114,-61,-1327
39536,1,5408,333088,-44,3890,2,-7161,254983,-69,-1497
39541,1,5740,333420,-47,3486,2,-7305,254839,-74,-1642
39546,1,6043,333723,-36,3221,2,-7463,254681,-60,-1784
39551,1,6341,334021,-44,2862,2,-7741,254403,-82,-2069
39559,1,6722,334402,-56,2298,2,-7979,254165,-63,-2260
39564,1,6888,334568,-40,2053,2,-8160,253984,-74,-2385
39569,1,7053,334733,-40,1676,2,-8385,253759,-61,-2534
39574,1,7188,334868,-55,1375,2,-8632,253512,-72,-2728
39579,1,7294,334974,-46,1048,2,-8881,253263,-59,-2838
39584,1,7372,335052,-41,745,2,-9151,252993,-79,-3004
39589,1,7419,335099,-40,378,2,-9435,252709,-64,-3187
39594,1,7435,335115,-40,50,2,-9733,252411,-62,-3295
39599,1,7424,335104,-48,-187,2,-10043,252101,-75,-3446
39604,1,7395,335075,-52,-394,2,-10366,251778,-62,-3614
39609,1,7347,335027,-55,-588,2,-10700,251444,-67,-3701
39614,1,7285,334965,-63,-723,2,-11048,251096,-74,-3884
39619,1,7210,334890,-65,-888,2,-11411,250733,-79,-4021
39624,1,7120,334800,-60,-1037,2,-11785,250359,-71,-4224
39629,1,7018,334698,-54,-1181,2,-12173,249971,-66,-4277
39634,1,6899,334579,-55,-1386,2,-12573,249571,-72,-4400
39639,1,6764,334444,-64,-1525,2,-12984,249160,-75,-4568
39644,1,6618,334298,-55,-1660,2,-13401,248743,-72,-4647
39649,1,6456,334136,-52,-1830,2,-13831,248313,-84,-4742
39654,1,6278,333958,-68,-2010,2,-14270,247874,-82,-4934
39659,1,6089,333769,-52,-2137,2,-14724,247420,-75,-5018
39664,1,5883,333563,-67,-2293,2,-15193,246951,-78,-5233
39669,1,5665,333345,-58,-2438,2,-15677,246467,-80,-5386
39674,1,5432,333112,-64,-2655,2,-16173,245971,-83,-5502
39679,1,5184,332864,-58,-2795,2,-16675,245469,-75,-5521
39684,1,4920,332600,-64,-2958,2,-17198,244946,-71,-5620
39689,1,4641,332321,-55,-3144,2,-17703,244441,-69,-5768
39694,1,4344,332024,-62,-3312,2,-18233,243911,-64,-5842
39699,1,4034,331714,-59,-3494,2,-18782,243362,-61,-6065
39704,1,3701,331381,-55,-3618,2,-19354,242790,-77,-6204
39709,1,3370,331050,-60,-3770,2,-19906,242238,-85,-6202
39714,1,3009,330689,-69,-3947,2,-20494,241650,-62,-6302
39719,1,2642,330322,-54,-4096,2,-21078,241066,-71,-6484
39724,1,2263,329943,-49,-4203,2,-21677,240467,-76,-6647
39729,1,1867,329547,-52,-4397,2,-22291,239853,-74,-6778
39734,1,1456,329136,-58,-4576,2,-22915,239229,-59,-6854
39739,1,1027,328707,-58,-4780,2,-23541,238603,-66,-6899
39744,1,585,328265,-64,-4920,2,-24173,237971,-82,-7013
39749,1,126,327806,-60,-5097,2,-24818,237326,-77,-7110
39754,1,-346,327334,-62,-5251,2,-25477,236667,-78,-7247
39759,1,-829,326851,-61,-5332,2,-26145,235999,-70,-7350
39764,1,-1325,326355,-54,-5532,2,-26810,235334,-66,-7331
39769,1,-1838,325842,-60,-5698,2,-27480,234664,-82,-7438
39774,1,-2371,325309,-58,-5901,2,-28161,233983,-81,-7528
39779,1,-2918,324762,-59,-6074,2,-28872,233272,-85,-7630
39784,1,-3478,324202,-68,-6188,2,-29553,232591,-64,-7628
39789,1,-4049,323631,-59,-6293,2,-30250,231894,-75,-7650
39794,1,-4631,323049,-60,-6487,2,-30954,231190,-71,-7777
39799,1,-5229,322451,-47,-6657,2,-31669,230475,-88,-7970
39804,1,-5848,321832,-63,-6843,2,-32395,229749,-78,-8002
39809,1,-6480,321200,-55,-6997,2,32413,229021,-63,-7998
39814,1,-7122,320558,-51,-7099,2,31685,228293,-83,-7988
39819,1,-7772,319908,-66,-7212,2,30948,227556,-65,-8118
39824,1,-8438,319242,-57,-7392,2,30197,226805,-91,-8256
39829,1,-9124,318556,-67,-7564,2,29440,226048,-61,-8272
39834,1,-9822,317858,-58,-7698,2,28685,225293,-71,-8288
39839,1,-10528,317152,-63,-7771,2,27922,224530,-85,-8437
39844,1,-11241,316439,-50,-7929,2,27145,223753,-73,-8627
39849,1,-11971,315709,-78,-8135,2,26356,222964,-84,-8713
39854,1,-12719,314961,-52,-8268,2,25567,222175,-76,-8698
39859,1,-13475,314205,-58,-8342,2,24772,221380,-62,-8812
39864,1,-14236,313444,-68,-8381,2,23962,220570,-73,-9004
39869,1,-15014,312666,-65,-8608,2,23139,219747,-80,-9096
39874,1,-15811,311869,-68,-8774,2,22315,218923,-78,-9069
39879,1,-16618,311062,-64,-8861,2,21487,218095,-62,-9181
39884,1,-17429,310251,-55,-8888,2,20644,217252,-66,-9364
39889,1,-18254,309426,-52,-9140,2,19788,216396,-75,-9460
39894,1,-19101,308579,-62,-9330,2,18930,215538,-76,-9438
39899,1,-19959,307721,-59,-9418,2,18066,214674,-79,-9557
39904,1,-20820,306860,-58,-9482,2,17187,213795,-78,-9707
39909,1,-21699,305981,-61,-9757,2,16301,212909,-75,-9714
39914,1,-22599,305081,-68,-9937,2,15416,212024,-57,-9679
39919,1,-23505,304175,-53,-9987,2,14524,211132,-78,-9805
39924,1,-24418,303262,-42,-10117,2,13616,210224,-65,-9986
39929,1,-25351,302329,-55,-10367,2,12703,209311,-63,-10016
39934,1,-26300,301380,-46,-10438,2,11791,208399,-75,-10073
39939,1,-27252,300428,-52,-10430,2,10866,207474,-75,-10256
39944,1,-28220,299460,-59,-10719,2,9930,206538,-68,-10343
39949,1,-29207,298473,-78,-10895,2,8996,205604,-59,-10238
39954,1,-30202,297478,-59,-10941,2,8060,204668,-72,-10301
39959,1,-31201,296479,-55,-11052,2,7107,203715,-77,-10495
39964,1,-32221,295459,-61,-11241,2,6149,202757,-61,-10517
39969,1,32285,294429,-54,-11322,2,5190,201798,-57,-10573
39974,1,31253,293397,-62,-11427,2,4220,200828,-81,-10764
39979,1,30201,292345,-74,-11607,2,3239,199847,-67,-10788
39984,1,29138,291282,-59,-11689,2,2261,198869,-69,-10682
39989,1,28071,290215,-51,-11778,2,1202,197810,-80,-10898
39994,1,26986,289130,-69,-12001,2,276,196884,-83,-11050
39999,1,25889,288033,-57,-12052,2,-726,195882,-73,-11006
40004,1,24788,286932,-56,-12170,2,-1729,194879,-83,-11058
40009,1,23668,285812,-78,-12373,2,-2749,193859,-76,-11225
40014,1,22535,284679,-50,-12459,2,-3772,192836,-61,-11222
40019,1,21370,283514,-62,-12581,2,-4816,191792,-76,-11222
40024,1,20214,282358,-61,-12745,2,-5843,190765,-100,-11356
40029,1,19045,281189,-46,-12865,2,-6877,189731,-79,-11278
40034,1,17871,280015,-52,-12959,2,-7906,188702,-58,-11347
40039,1,16677,278821,-81,-13160,2,-8946,187662,-76,-11515
40044,1,15477,277621,-44,-13151,2,-9997,186611,-82,-11500
40049,1,14268,276412,-76,-13383,2,-11041,185567,-68,-11459
40054,1,13040,275184,-49,-13529,2,-12094,184514,-80,-11670
40059,1,11810,273954,-53,-13505,2,-13159,183449,-73,-11696
40064,1,10565,272709,-82,-13775,2,-14217,182391,-73,-11573
40069,1,9307,271451,-52,-13828,2,-15286,181322,-97,-11844
40074,1,8049,270193,-48,-13875,2,-16370,180238,-75,-11943
40079,1,6771,268915,-84,-14124,2,-17447,179161,-60,-11755
40084,1,5488,267632,-45,-14024,2,-18530,178078,-86,-11978
40089,1,4193,266337,-76,-14379,2,-19629,176979,-71,-12108
40094,1,2882,265026,-55,-14405,2,-20720,175888,-60,-11939
40099,1,1571,263715,-40,-14460,2,-21823,174785,-95,-12219
40104,1,238,262382,-79,-14734,2,-22942,173666,-78,-12307
40109,1,-1100,261044,-53,-14613,2,-24051,172557,-70,-12108
40114,1,-2452,259692,-80,-15012,2,-25168,171440,-78,-12380
40119,1,-3820,258324,-53,-15016,2,-26295,170313,-85,-12347
40124,1,-5187,256957,-52,-15071,2,-27409,169199,-72,-12206
40129,1,-6577,255567,-77,-15329,2,-28536,168072,-84,-12503
40134,1,-7966,254178,-38,-15273,2,-29672,166936,-77,-12400
40139,1,-9372,252772,-74,-15504,2,-30802,165806,-66,-12456
40144,1,-10784,251360,-41,-15441,2,-31945,164663,-83,-12643
40149,1,-12204,249940,-78,-15752,2,32440,163512,-72,-12590
40154,1,-13638,248506,-53,-15754,2,31294,162366,-79,-12669
40159,1,-15070,247074,-55,-15792,2,30130,161202,-97,-12829
40164,1,-16526,245618,-74,-16007,2,28961,160033,-62,-12830
40169,1,-17977,244167,-63,-16002,2,27794,158866,-88,-12885
40174,1,-19450,242694,-90,-16244,2,26608,157680,-83,-13078
40179,1,-20922,241222,-48,-16123,2,25418,156490,-66,-13035
40184,1,-22413,239731,-83,-16453,2,24223,155295,-72,-13190
40189,1,-23913,238231,-39,-16373,2,23005,154077,-76,-13425
40194,1,-25419,236725,-72,-16724,2,21794,152866,-77,-13253
40199,1,-26941,235203,-71,-16694,2,20538,151610,-83,-13597
40204,1,-28465,233679,-61,-16933,2,19332,150404,-72,-13517
40209,1,-30008,232136,-58,-16902,2,18096,149168,-79,-13672
40214,1,-31547,230597,-72,-17035,2,16842,147914,-82,-13804
40219,1,32428,229036,-65,-17080,2,15585,146657,-63,-13789
40224,1,30870,227478,-61,-17179,2,14327,145399,-76,-13848
40229,1,29291,225899,-87,-17341,2,13053,144125,-78,-14017
40234,1,27715,224323,-43,-17367,2,11784,142856,-65,-13959
40239,1,26118,222726,-72,-17576,2,10500,141572,-89,-14169
40244,1,24524,221132,-46,-17575,2,9207,140279,-74,-14177
40249,1,22906,219514,-73,-17853,2,7919,138991,-64,-14160
40254,1,21289,217897,-63,-17790,2,6612,137684,-77,-14436
40259,1,19654,216262,-76,-18056,2,5311,136383,-75,-14249
40264,1,18018,214626,-66,-18014,2,3994,135066,-107,-14563
40269,1,16363,212971,-81,-18266,2,2668,133740,-72,-14536
40274,1,14707,211315,-48,-18226,2,1346,132418,-74,-14550
40279,1,13032,209640,-64,-18480,2,2,131074,-83,-14820
40284,1,11359,207967,-51,-18393,2,-1335,129737,-54,-14680
40289,1,9666,206274,-90,-18646,2,-2687,128385,-85,-14933
40294,1,7977,204585,-36,-18595,2,-4047,127025,-75,-14883
40299,1,6266,202874,-75,-18779,2,-5400,125672,-84,-14940
40308,1,3059,199667,-4,-18743,2,-7950,123122,44,-14703
40313,1,1510,198118,79,-18269,2,-9175,121897,35,-14405
40318,1,-181,196427,22,-17952,2,-10483,120589,57,-13750
40323,1,-1775,194833,79,-17365,2,-11697,119375,55,-13149
40328,1,-3346,193262,43,-17131,2,-12875,118197,23,-12760
40333,1,-4864,191744,53,-16495,2,-13995,117077,78,-12032
40338,1,-6355,190253,22,-16300,2,-15064,116008,44,-11567
40343,1,-7797,188811,80,-15559,2,-16099,114973,33,-11197
40348,1,-9207,187401,31,-15393,2,-17077,113995,49,-10510
40353,1,-10577,186031,46,-14816,2,-17999,113073,43,-9976
40358,1,-11900,184708,33,-14448,2,-18883,112189,40,-9552
40363,1,-13194,183414,54,-14033,2,-19725,111347,60,-8990
40368,1,-14436,182172,74,-13474,2,-20512,110560,63,-8425
40373,1,-15649,180959,23,-13224,2,-21255,109817,47,-8002
40378,1,-16826,179782,51,-12731,2,-21961,109111,60,-7623
40383,1,-17957,178651,52,-12302,2,-22623,108449,48,-7114
40388,1,-19059,177549,34,-11979,2,-23235,107837,52,-6529
40393,1,-20125,176483,60,-11509,2,-23798,107274,59,-5971
40398,1,-21145,175463,71,-11096,2,-24317,106755,66,-5557
40403,1,-22137,174471,42,-10795,2,-24795,106277,64,-5065
40408,1,-23095,173513,51,-10334,2,-25235,105837,57,-4631
40413,1,-24009,172599,62,-9819,2,-25628,105444,53,-4143
40418,1,-24889,171719,65,-9554,2,-25977,105095,49,-3680
40423,1,-25740,170868,59,-9189,2,-26280,104792,62,-3148
40428,1,-26555,170053,52,-8771,2,-26540,104532,47,-2687
40433,1,-27326,169282,53,-8302,2,-26756,104316,60,-2203
40438,1,-28066,168542,51,-7976,2,-26931,104141,48,-1751
40443,1,-28777,167831,38,-7644,2,-27064,104008,59,-1307
40448,1,-29452,167156,52,-7246,2,-27157,103915,62,-855
40453,1,-30088,166520,51,-6836,2,-27211,103861,61,-437
40458,1,-30684,165924,49,-6441,2,-27228,103844,61,-46
40463,1,-31250,165358,43,-6060,2,-27217,103855,73,191
40468,1,-31785,164823,53,-5756,2,-27188,103884,79,384
40473,1,-32284,164324,53,-5338,2,-27143,103929,78,563
40478,1,-32747,163861,50,-4909,2,-27080,103992,73,767
40483,1,32363,163435,60,-4537,2,-26996,104076,65,1005
40488,1,31974,163046,51,-4109,2,-26890,104182,67,1253
40493,1,31618,162690,45,-3803,2,-26763,104309,80,1468
40498,1,31297,162369,60,-3410,2,-26621,104451,79,1621
40503,1,31008,162080,43,-3009,2,-26461,104611,71,1840
40508,1,30751,161823,52,-2715,2,-26279,104793,80,2065
40513,1,30527,161599,48,-2304,2,-26081,104991,75,2225
40518,1,30339,161411,59,-1941,2,-25863,105209,80,2495
40523,1,30184,161256,49,-1553,2,-25628,105444,71,2657
40528,1,30063,161135,47,-1188,2,-25377,105695,88,2804
40533,1,29979,161051,54,-790,2,-25110,105962,67,3019
40538,1,29928,161000,59,-441,2,-24826,106246,93,3169
40543,1,29907,160979,60,-112,2,-24527,106545,74,3369
40548,1,29913,160985,66,157,2,-24214,106858,73,3504
40553,1,29937,161009,69,319,2,-23884,107188,90,3686
40558,1,29975,161047,67,488,2,-23542,107530,73,3830
40563,1,30032,161104,63,699,2,-23180,107892,73,4038
40568,1,30109,161181,58,950,2,-22803,108269,75,4205
40573,1,30205,161277,63,1129,2,-22404,108668,84,4425
40578,1,30322,161394,68,1377,2,-21988,109084,82,4669
40583,1,30456,161528,68,1539,2,-21556,109516,90,4828
40588,1,30610,161682,62,1773,2,-21110,109962,85,4925
40593,1,30783,161855,70,1988,2,-20648,110424,81,5155
40598,1,30974,162046,62,2148,2,-20177,110895,81,5274
40603,1,31182,162254,64,2369,2,-19685,111387,95,5439
40608,1,31407,162479,67,2541,2,-19173,111899,81,5722
40613,1,31651,162723,64,2741,2,-18643,112429,76,5858
40618,1,31910,162982,60,2884,2,-18097,112975,74,6043
40623,1,32195,163267,68,3118,2,-17528,113544,66,6162
40628,1,32491,163563,63,3321,2,-16962,114110,90,6259
40633,1,-32730,163878,70,3518,2,-16379,114693,84,6494
40638,1,-32396,164212,67,3749,2,-15776,115296,77,6742
40643,1,-32044,164564,66,3948,2,-15153,115919,81,6928
40648,1,-31675,164933,55,4135,2,-14517,116555,85,6997
40653,1,-31284,165324,60,4314,2,-13872,117200,56,7103
40658,1,-30881,165727,74,4523,2,-13212,117860,94,7321
40663,1,-30460,166148,72,4685,2,-12533,118539,77,7582
40668,1,-30023,166585,82,4879,2,-11837,119235,77,7721
40673,1,-29565,167043,72,5118,2,-11131,119941,64,7785
40678,1,-29089,167519,76,5351,2,-10416,120656,82,7865
40683,1,-28592,168016,73,5532,2,-9685,121387,73,8104
40688,1,-28075,168533,71,5741,2,-8930,122142,93,8353
40693,1,-27545,169063,58,5891,2,-8159,122913,70,8453
40698,1,-27000,169608,55,6013,2,-7382,123690,63,8549
40703,1,-26438,170170,73,6247,2,-6596,124476,94,8716
40708,1,-25856,170752,69,6521,2,-5788,125284,87,8942
40713,1,-25252,171356,75,6688,2,-4966,126106,70,9077
40718,1,-24629,171979,64,6898,2,-4138,126934,69,9111
40723,1,-23994,172614,73,7051,2,-3299,127773,97,9317
40728,1,-23347,173261,58,7205,2,-2436,128636,101,9541
40733,1,-22678,173930,76,7412,2,-1556,129516,72,9667
40738,1,-21988,174620,76,7659,2,-671,130401,61,9718
40743,1,-21278,175330,70,7805,2,230,131302,70,9942
40748,1,-20559,176049,65,7941,2,1154,132226,79,10212
40753,1,-19827,176781,62,8147,2,2091,133163,73,10325
40758,1,-19072,177536,65,8407,2,3033,134105,70,10437
40763,1,-18296,178312,80,8629,2,3998,135070,79,10734
40768,1,-17508,179100,63,8701,2,4980,136052,82,10792
40773,1,-16711,179897,52,8853,2,5965,137037,78,10798
40778,1,-15892,180716,81,9110,2,6964,138036,87,11078
40783,1,-15052,181556,75,9351,2,7985,139057,86,11294
40788,1,-14200,182408,64,9402,2,9010,140082,69,11247
40793,1,-13341,183267,71,9533,2,10043,141115,80,11419
40798,1,-12459,184149,70,9801,2,11099,142171,89,11676
40803,1,-11558,185050,55,9970,2,12191,143263,72,11735
40808,1,-10650,185958,56,9980,2,13233,144305,78,11792
40813,1,-9730,186878,70,10198,2,14323,145395,90,12011
40818,1,-8785,187823,72,10440,2,15422,146494,91,12117
40823,1,-7824,188784,49,10554,2,16526,147598,73,12180
40828,1,-6857,189751,66,10712,2,17654,148726,91,12480
40833,1,-5867,190741,67,10990,2,18792,149864,67,12528
40838,1,-4858,191750,65,11123,2,19935,151007,78,12609
40843,1,-3845,192763,63,11123,2,21103,152175,97,12925
40848,1,-2809,193799,81,11497,2,22275,153347,63,12817
40853,1,-1751,194857,65,11716,2,23459,154531,88,13156
40858,1,-688,195920,63,11670,2,24667,155739,85,13286
40863,1,393,197001,81,11972,2,25874,156946,63,13268
40868,1,1497,198105,74,12218,2,27099,158171,100,13548
40873,1,2605,199213,58,12155,2,28338,159410,68,13608
40878,1,3731,200339,74,12481,2,29578,160650,61,13666
40883,1,4880,201488,70,12701,2,30841,161913,109,13963
40888,1,6033,202641,67,12649,2,32106,163178,63,13817
40893,1,7205,203813,71,12992,2,-32159,164449,81,14094
40898,1,8395,205003,68,13060,2,-30870,165738,90,14127
40903,1,9590,206198,69,13207,2,-29585,167023,84,14174
40908,1,10837,207445,66,13430,2,-28247,168361,102,14404
40913,1,12069,208677,61,13559,2,-26938,169670,64,14331
40918,1,13308,209916,56,13686,2,-25627,170981,91,14524
40923,1,14573,211181,67,13994,2,-24298,172310,94,14556
40928,1,15842,212450,72,13907,2,-22975,173633,86,14607
40933,1,17131,213739,70,14298,2,-21626,174982,123,14921
40938,1,18440,215048,59,14376,2,-20274,176334,53,14793
40943,1,19755,216363,62,14523,2,-18912,177696,96,15116
40948,1,21095,217703,88,14823,2,-17534,179074,72,15099
40953,1,22439,219047,62,14750,2,-16161,180447,67,15165
40958,1,23803,220411,91,15072,2,-14760,181848,104,15466
40963,1,25185,221793,66,15200,2,-13363,183245,58,15346
40968,1,26572,223180,61,15308,2,-11949,184659,95,15593
40973,1,27985,224593,82,15572,2,-10530,186078,49,15512
40978,1,29398,226006,60,15598,2,-9103,187505,99,15864
40983,1,30835,227443,100,15899,2,-7657,188951,74,15831
40988,1,32279,228887,58,15771,2,-6217,190391,84,15915
40993,1,-31797,230347,73,16141,2,-4757,191851,97,15987
40998,1,-30322,231822,56,16199,2,-3301,193307,80,16077
41003,1,-28839,233305,69,16448,2,-1821,194787,110,16359
41008,1,-27331,234813,65,16561,2,-304,196304,39,16220
41013,1,-25822,236322,75,16639,2,1156,197764,90,16511
41018,1,-24285,237859,72,16890,2,2659,199267,55,16410
41023,1,-22749,239395,53,16954,2,4171,200779,113,16787
41028,1,-21184,240960,89,17279,2,5697,202305,60,16710
41033,1,-19620,242524,51,17261,2,7225,203833,89,16968
41038,1,-18029,244115,99,17569,2,8766,205374,85,16895
41043,1,-16441,245703,66,17522,2,10309,206917,86,17040
41048,1,-14826,247318,84,17872,2,11870,208478,72,17087
41053,1,-13211,248933,53,17789,2,13430,210038,66,17170
41058,1,-11572,250572,76,18128,2,15009,211617,102,17311
41063,1,-9936,252208,56,18011,2,16584,213192,71,17365
41068,1,-8273,253871,85,18424,2,18183,214791,105,17572
41073,1,-6609,255535,62,18312,2,19781,216389,65,17602
41078,1,-4921,257223,95,18679,2,21398,218006,105,17787
41083,1,-3233,258911,58,18609,2,23013,219621,49,17788
41088,1,-1518,260626,83,18959,2,24651,221259,110,18080
41093,1,197,262341,52,18897,2,26283,222891,45,17962
41098,1,1938,264082,75,19152,2,27936,224544,105,18209
41103,1,3676,265820,79,19169,2,29581,226189,54,18131
41108,1,5443,267587,75,19395,2,31250,227858,136,18375
41113,1,7209,269353,59,19539,2,-32628,229516,47,18282
41118,1,8996,271140,58,19563,2,-30907,231237,114,18425
41123,1,10785,272929,93,19808,2,-29281,232863,67,18381
41128,1,12591,274735,41,19713,2,-27591,234553,114,18556
41133,1,14399,276543,60,19918,2,-25910,236234,51,18480
41138,1,16215,278359,19,19894,2,-24208,237936,95,18618
41143,1,18027,280171,100,20004,2,-22514,239630,91,18709
41148,1,19844,281988,-17,19945,2,-20795,241349,95,18809
41153,1,21662,283806,47,19961,2,-19082,243062,79,18973
41158,1,23472,285616,39,19891,2,-17350,244794,93,18937
41163,1,25290,287434,65,19988,2,-15622,246522,96,19202
41168,1,27101,289245,49,19970,2,-13878,248266,54,19085
41173,1,28918,291062,36,19802,2,-12132,250012,109,19323
41178,1,30729,292873,67,19965,2,-10383,251761,55,19067
41183,1,32547,294691,14,19824,2,-8622,253522,124,19442
41188,1,-31172,296508,72,20087,2,-6860,255284,37,19207
41193,1,-29359,298321,-1,19866,2,-5087,257057,112,19608
41198,1,-27542,300138,90,20042,2,-3321,258823,45,19366
41203,1,-25726,301954,30,19906,2,-1537,260607,137,19705
41208,1,-23906,303774,53,20000,2,243,262387,21,19502
41213,1,-22093,305587,64,19961,2,2038,264182,66,19729
41218,1,-20272,307408,21,19976,2,3861,266005,54,19545
41223,1,-18408,309272,63,20002,2,5656,267800,95,19721
41228,1,-16591,311089,6,19845,2,7438,269582,76,19754
41233,1,-14772,312908,95,20110,2,9228,271372,57,19404
41238,1,-12954,314726,0,19929,2,11015,273159,97,19763
41243,1,-11134,316546,57,20013,2,12797,274941,-3,19478
41248,1,-9320,318360,37,19924,2,14592,276736,112,19703
41253,1,-7496,320184,56,20054,2,16371,278515,17,19598
41258,1,-5677,322003,64,20005,2,18161,280305,146,19662
41263,1,-3855,323825,4,19937,2,19944,282088,27,19602
41268,1,-2033,325647,84,20007,2,21738,283882,70,19684
41273,1,-210,327470,-7,19958,2,23520,285664,40,19588
41278,1,1615,329295,71,20146,2,25314,287458,87,19753
41283,1,3433,331113,-4,19948,2,27095,289239,88,19638
41288,1,5259,332939,62,20094,2,28888,291032,63,19544
41293,1,7076,334756,29,19972,2,30666,292810,76,19692
41298,1,8903,336583,62,19998,2,32451,294595,13,19378
41303,1,10715,338395,64,20043,2,-31297,296383,95,19775
41312,1,14083,341763,38,20053,2,-27998,299682,147,19785
41317,1,15822,343502,29,20007,2,-26312,301368,-17,19424
41322,1,17644,345324,5,20011,2,-24537,303143,9,19354
41327,1,19449,347129,-70,19623,2,-22836,304844,-85,18525
41332,1,21218,348898,-43,19324,2,-21164,306516,-4,18124
41337,1,22939,350619,-49,18789,2,-19564,308116,-89,17457
41342,1,24634,352314,-35,18523,2,-17997,309683,-33,16978
41347,1,26277,353957,-71,17924,2,-16497,311183,-53,16292
41352,1,27893,355573,-31,17652,2,-15038,312642,-16,15901
41357,1,29456,357136,-57,17026,2,-13636,314044,-68,15031
41362,1,30995,358675,-33,16850,2,-12282,315398,-16,14750
41367,1,32483,360163,-74,16126,2,-10980,316700,-59,14038
41372,1,-31596,361620,-36,15878,2,-9736,317944,-67,13498
41377,1,-30179,363037,-58,15292,2,-8526,319154,-19,13144
41382,1,-28802,364414,-50,15087,2,-7372,320308,-63,12414
41387,1,-27452,365764,-56,14604,2,-6271,321409,-46,11902
41392,1,-26151,367065,-63,14185,2,-5213,322467,-34,11484
41397,1,-24877,368339,-23,13909,2,-4206,323474,-51,10817
41402,1,-23645,369571,-67,13281,2,-3255,324425,-53,10317
41407,1,-22453,370763,-35,13013,2,-2336,325344,-42,9898
41412,1,-21285,371931,-39,12703,2,-1463,326217,-54,9346
41417,1,-20165,373051,-56,12063,2,-622,327058,-63,8744
41422,1,-19079,374137,-49,11861,2,135,327815,-49,8382
41427,1,-18023,375193,-49,11446,2,875,328555,-47,7923
41432,1,-17014,376202,-62,10868,2,1572,329252,-60,7468
41437,1,-16039,377177,-38,10580,2,2221,329901,-56,6958
41442,1,-15091,378125,-43,10307,2,2823,330503,-55,6469
41447,1,-14184,379032,-44,9798,2,3388,331068,-62,6035
41452,1,-13321,379895,-45,9367,2,3916,331596,-61,5635
41457,1,-12487,380729,-56,9071,2,4402,332082,-65,5166
41462,1,-11686,381530,-40,8682,2,4845,332525,-59,4652
41467,1,-10927,382289,-53,8185,2,5244,332924,-63,4241
41472,1,-10209,383007,-53,7780,2,5602,333282,-43,3769
41477,1,-9521,383695,-51,7434,2,5916,333596,-56,3305
41482,1,-8862,384354,-45,7092,2,6195,333875,-64,2906
41487,1,-8238,384978,-59,6678,2,6434,334114,-55,2473
41492,1,-7654,385562,-57,6281,2,6635,334315,-58,2043
41497,1,-7108,386108,-51,5867,2,6796,334476,-67,1650
41502,1,-6591,386625,-43,5543,2,6922,334602,-50,1208
41507,1,-6107,387109,-51,5216,2,7009,334689,-53,784
41512,1,-5654,387562,-43,4845,2,7056,334736,-54,352
41517,1,-5235,387981,-53,4484,2,7064,334744,-57,-67
41522,1,-4842,388374,-58,4061,2,7037,334717,-62,-391
41527,1,-4494,388722,-54,3690,2,6988,334668,-67,-620
41532,1,-4179,389037,-46,3295,2,6914,334594,-71,-922
41537,1,-3899,389317,-54,2947,2,6815,334495,-78,-1184
41542,1,-3650,389566,-54,2598,2,6697,334377,-77,-1354
41547,1,-3432,389784,-54,2280,2,6559,334239,-66,-1603
41552,1,-3248,389968,-47,1891,2,6399,334079,-75,-1851
41557,1,-3096,390120,-59,1543,2,6216,333896,-76,-2070
41562,1,-2974,390242,-55,1226,2,6016,333696,-68,-2284
41567,1,-2884,390332,-48,834,2,5795,333475,-79,-2479
41572,1,-2831,390385,-48,442,2,5558,333238,-68,-2694
41577,1,-2815,390401,-48,39,2,5299,332979,-83,-2905
41582,1,-2830,390386,-53,-272,2,5022,332702,-71,-3112
41587,1,-2869,390347,-60,-512,2,4729,332409,-63,-3283
41592,1,-2932,390284,-59,-801,2,4412,332092,-82,-3529
41597,1,-3017,390199,-69,-1013,2,4082,331762,-69,-3720
41602,1,-3117,390099,-70,-1156,2,3733,331413,-77,-3883
41607,1,-3235,389981,-63,-1363,2,3368,331048,-67,-4073
41612,1,-3371,389845,-57,-1573,2,2988,330668,-77,-4235
41617,1,-3529,389687,-72,-1816,2,2592,330272,-81,-4423
41622,1,-3703,389513,-62,-1974,2,2182,329862,-85,-4598
41627,1,-3896,389320,-64,-2194,2,1741,329421,-71,-4778
41632,1,-4106,389110,-70,-2388,2,1305,328985,-78,-5006
41637,1,-4334,388882,-65,-2608,2,838,328518,-77,-5185
41642,1,-4583,388633,-67,-2809,2,353,328033,-72,-5388
41647,1,-4850,388366,-65,-3017,2,-145,327535,-76,-5495
41652,1,-5136,388080,-60,-3212,2,-655,327025,-77,-5658
41657,1,-5443,387773,-72,-3446,2,-1177,326503,-94,-5820
41662,1,-5767,387449,-62,-3642,2,-1718,325962,-90,-6010
41667,1,-6109,387107,-55,-3844,2,-2277,325403,-76,-6235
41672,1,-6470,386746,-67,-4007,2,-2851,324829,-64,-6389
41677,1,-6846,386370,-75,-4233,2,-3437,324243,-83,-6444
41682,1,-7239,385977,-72,-4376,2,-4030,323650,-78,-6551
41687,1,-7647,385569,-64,-4565,2,-4633,323047,-73,-6693
41692,1,-8074,385142,-66,-4765,2,-5249,322431,-82,-6851
41697,1,-8521,384695,-58,-4997,2,-5883,321797,-89,-6993
41702,1,-8988,384228,-58,-5176,2,-6528,321152,-69,-7105
41707,1,-9471,383745,-65,-5378,2,-7179,320501,-86,-7158
41712,1,-9970,383246,-64,-5514,2,-7834,319846,-77,-7310
41717,1,-10483,382733,-70,-5684,2,-8506,319174,-89,-7427
41722,1,-11008,382208,-68,-5848,2,-9196,318484,-87,-7633
41727,1,-11552,381664,-65,-6037,2,-9897,317783,-75,-7675
41732,1,-12117,381099,-64,-6308,2,-10620,317060,-88,-7769
41737,1,-12697,380519,-64,-6457,2,-11316,316364,-87,-7915
41742,1,-13293,379923,-73,-6574,2,-12065,315615,-80,-8135
41747,1,-13900,379316,-63,-6699,2,-12790,314890,-88,-8247
41752,1,-14522,378694,-60,-6922,2,-13541,314139,-66,-8271
41757,1,-15164,378052,-77,-7174,2,-14296,313384,-90,-8347
41762,1,-15826,377390,-67,-7322,2,-15066,312614,-87,-8526
41767,1,-16504,376712,-68,-7471,2,-15857,311823,-80,-8719
41772,1,-17192,376024,-69,-7567,2,-16657,311023,-80,-8766
41777,1,-17895,375321,-66,-7811,2,-17456,310224,-77,-8787
41782,1,-18621,374595,-73,-8098,2,-18268,309412,-85,-8934
41787,1,-19365,373851,-72,-8262,2,-19099,308581,-79,-9175
41792,1,-20123,373093,-60,-8379,2,-19939,307741,-77,-9202
41797,1,-20890,372326,-65,-8499,2,-20782,306898,-81,-9254
41802,1,-21679,371537,-65,-8781,2,-21640,306040,-82,-9498
41807,1,-22490,370726,-62,-8970,2,-22517,305163,-72,-9676
41812,1,-23315,369901,-59,-9090,2,-23399,304281,-71,-9694
41817,1,-24147,369069,-72,-9192,2,-24283,303397,-72,-9787
41822,1,-25000,368216,-80,-9500,2,-25183,302497,-85,-10015
41827,1,-25878,367338,-71,-9709,2,-26120,301560,-77,-10103
41832,1,-26788,366428,-63,-9802,2,-27055,300625,-70,-9986
41837,1,-27686,365530,-52,-9970,2,-27951,299729,-89,-10130
41842,1,-28608,364608,-70,-10260,2,-28888,298792,-92,-10340
41847,1,-29548,363668,-58,-10362,2,-29832,297848,-74,-10318
41852,1,-30494,362722,-45,-10378,2,-30776,296904,-72,-10428
41857,1,-31457,361759,-64,-10657,2,-31734,295946,-84,-10655
41862,1,-32442,360774,-71,-10890,2,-32707,294973,-79,-10731
41867,1,32097,359777,-72,-10983,2,31857,294001,-64,-10657
41872,1,31093,358773,-77,-11118,2,30877,293021,-81,-10796
41877,1,30065,357745,-78,-11324,2,29877,292021,-93,-11010
41882,1,29024,356704,-61,-11486,2,28875,291019,-80,-11027
41887,1,27975,355655,-69,-11608,2,27871,290015,-97,-11114
41892,1,26904,354584,-83,-11847,2,26847,288991,-97,-11287
41897,1,25817,353497,-54,-11958,2,25815,287959,-69,-11306
41902,1,24723,352403,-57,-12127,2,24780,286924,-72,-11454
41907,1,23606,351286,-90,-12332,2,23727,285871,-97,-11673
41912,1,22473,350153,-59,-12476,2,22663,284807,-77,-11632
41917,1,21333,349013,-76,-12625,2,21601,283745,-71,-11737
41922,1,20170,347850,-73,-12818,2,20521,282665,-98,-11971
41927,1,18992,346672,-70,-12976,2,19429,281573,-93,-11967
41932,1,17806,345486,-58,-13106,2,18336,280480,-78,-12054
41937,1,16594,344274,-88,-13397,2,17198,279342,-91,-12294
41942,1,15374,343054,-44,-13366,2,16107,278251,-80,-12264
41947,1,14139,341819,-66,-13698,2,14989,277133,-84,-12329
41952,1,12886,340566,-74,-13779,2,13857,276001,-91,-12499
41957,1,11627,339307,-50,-13897,2,12715,274859,-71,-12521
41962,1,10348,338028,-79,-14096,2,11572,273716,-84,-12633
41967,1,9055,336735,-62,-14221,2,10412,272556,-85,-12778
41972,1,7756,335436,-77,-14355,2,9244,271388,-69,-12825
41977,1,6434,334114,-76,-14570,2,8077,270221,-73,-12846
41982,1,5109,332789,-50,-14609,2,6891,269035,-88,-13102
41987,1,3763,331443,-69,-14846,2,5702,267846,-68,-13033
41992,1,2402,330082,-53,-14905,2,4506,266650,-89,-13194
41997,1,1034,328714,-62,-15211,2,3288,265432,-89,-13438
42002,1,-359,327321,-69,-15298,2,2076,264220,-71,-13294
42007,1,-1754,325926,-57,-15405,2,849,262993,-97,-13607
42012,1,-3177,324503,-86,-15728,2,-391,261753,-77,-13598
42017,1,-4603,323077,-46,-15648,2,-1628,260516,-97,-13653
42022,1,-6050,321630,-77,-15956,2,-2884,259260,-100,-13872
42027,1,-7509,320171,-48,-15955,2,-4146,257998,-60,-13775
42032,1,-8979,318701,-84,-16318,2,-5438,256706,-100,-13934
42037,1,-10466,317214,-74,-16349,2,-6682,255462,-90,-14002
42042,1,-11956,315724,-78,-16483,2,-7949,254195,-74,-13963
42047,1,-13470,314210,-66,-16597,2,-9233,252911,-99,-14148
42052,1,-14983,312697,-55,-16680,2,-10525,251619,-89,-14161
42057,1,-16523,311157,-86,-16935,2,-11812,250332,-75,-14192
42062,1,-18061,309619,-52,-16963,2,-13118,249026,-92,-14377
42067,1,-19626,308054,-95,-17292,2,-14416,247728,-71,-14237
42072,1,-21190,306490,-45,-17222,2,-15732,246412,-107,-14559
42077,1,-22780,304900,-94,-17574,2,-17057,245087,-78,-14534
42082,1,-24372,303308,-44,-17473,2,-18381,243763,-80,-14589
42087,1,-25987,301693,-96,-17843,2,-19728,242416,-95,-14825
42092,1,-27605,300075,-33,-17733,2,-21070,241074,-70,-14798
42097,1,-29247,298433,-102,-18140,2,-22434,239710,-89,-15062
42102,1,-30891,296789,-37,-18013,2,-23805,238339,-53,-14989
42107,1,-32555,295125,-97,-18363,2,-25179,236965,-87,-15244
42112,1,31316,293460,-34,-18281,2,-26569,235575,-70,-15190
42117,1,29628,291772,-100,-18628,2,-27953,234191,-77,-15289
42122,1,27938,290082,-57,-18595,2,-29359,232785,-102,-15496
42127,1,26226,288370,-84,-18895,2,-30757,231387,-62,-15328
42132,1,24470,286614,-59,-18889,2,-32208,229936,-98,-15593
42137,1,22732,284876,-96,-19153,2,31913,228521,-63,-15489
42142,1,20992,283136,-52,-19164,2,30491,227099,-84,-15786
42147,1,19228,281372,-65,-19403,2,29055,225663,-67,-15687
42152,1,17460,279604,-83,-19527,2,27620,224228,-83,-15834
42157,1,15672,277816,-88,-19659,2,26165,222773,-87,-16028
42162,1,13881,276025,-95,-19830,2,24713,221321,-70,-16010
42167,1,12073,274217,-38,-19782,2,23241,219849,-107,-16272
42172,1,10264,272408,-55,-19942,2,21765,218373,-78,-16106
42177,1,8451,270595,-4,-19775,2,20275,216883,-100,-16500
42182,1,6632,268776,-80,-20060,2,18778,215386,-48,-16365
42187,1,4820,266964,-6,-19878,2,17271,213879,-96,-16763
42192,1,2998,265142,-94,-20052,2,15751,212359,-80,-16646
42197,1,1183,263327,-31,-19917,2,14231,210839,-95,-16809
42202,1,-642,261502,-55,-20067,2,12657,209265,-73,-16796
42208,1,-2822,259322,-72,-19969,2,10851,207459,-91,-17039
42213,1,-4644,257500,20,-19975,2,9296,205904,-85,-17039
42218,1,-6469,255675,-91,-20079,2,7743,204351,-93,-17110
42223,1,-8289,253855,0,-19943,2,6171,202779,-77,-17202
42228,1,-10111,252033,-96,-20067,2,4605,201213,-86,-17266
42233,1,-11929,250215,-31,-19936,2,3014,199622,-97,-17457
42238,1,-13757,248387,-72,-20031,2,1392,198000,-63,-17404
42243,1,-15572,246572,-50,-20098,2,-215,196393,-114,-17676
42248,1,-17394,244750,-17,-19871,2,-1773,194835,-73,-17591
42253,1,-19216,242928,-65,-20118,2,-3397,193211,-102,-17906
42258,1,-21036,241108,23,-19850,2,-5010,191598,-62,-17759
42263,1,-22859,239285,-83,-20120,2,-6642,189966,-110,-17928
42268,1,-24678,237466,-4,-19930,2,-8264,188344,-81,-17938
42273,1,-26502,235642,-65,-20094,2,-9907,186701,-114,-18089
42278,1,-28321,233823,-40,-19902,2,-11545,185063,-73,-18055
42283,1,-30142,232002,-58,-20031,2,-13201,183407,-104,-18243
42288,1,-31958,230186,-61,-20025,2,-14849,181759,-64,-18149
42293,1,31757,228365,-11,-19876,2,-16522,180086,-115,-18399
42298,1,29943,226551,-65,-19991,2,-18185,178423,-51,-18338
42303,1,28128,224736,-13,-19814,2,-19870,176738,-112,-18484
42312,1,24760,221368,20,-19878,2,-22984,173624,6,-18466
42317,1,23028,219636,-49,-20106,2,-24534,172074,74,-17740
42322,1,21211,217819,43,-19837,2,-26121,170487,43,-17235
42327,1,19426,216034,42,-19457,2,-27633,168975,87,-16371
42332,1,17685,214293,66,-18925,2,-29101,167507,29,-15941
42337,1,15982,212590,59,-18483,2,-30506,166102,77,-15108
42342,1,14333,210941,55,-17926,2,-31858,164750,57,-14757
42347,1,12714,209322,61,-17574,2,32377,163449,63,-13959
42352,1,11152,207760,75,-16980,2,31142,162214,39,-13427
42357,1,9616,206224,31,-16661,2,29951,161023,49,-12871
42362,1,8138,204746,78,-16101,2,28816,159888,64,-12222
42367,1,6690,203298,35,-15757,2,27740,158812,66,-11628
42372,1,5297,201905,74,-15077,2,26703,157775,67,-11169
42377,1,3938,200546,36,-14822,2,25718,156790,75,-10596
42382,1,2617,199225,45,-14309,2,24789,155861,63,-10062
42387,1,1347,197955,81,-13815,2,23899,154971,66,-9658
42392,1,103,196711,45,-13518,2,23056,154128,64,-9083
42397,1,-1090,195518,76,-12851,2,22268,153340,61,-8466
42402,1,-2246,194362,58,-12630,2,21531,152603,63,-7957
42407,1,-3371,193237,61,-12164,2,20835,151907,52,-7510
42412,1,-4443,192165,72,-11565,2,20181,151253,69,-6990
42417,1,-5480,191128,45,-11298,2,19572,150644,60,-6438
42422,1,-6484,190124,58,-10887,2,19013,150085,56,-5949
42427,1,-7440,189168,71,-10279,2,18502,149574,57,-5469
42432,1,-8354,188254,65,-9882,2,18033,149105,51,-4965
42437,1,-9258,187350,49,-9509,2,17597,148669,60,-4524
42442,1,-10099,186509,49,-9021,2,17217,148289,62,-3960
42447,1,-10894,185714,61,-8505,2,16874,147946,72,-3472
42453,1,-11795,184813,65,-8078,2,16540,147612,60,-2934
42458,1,-12509,184099,52,-7658,2,16306,147378,66,-2388
42463,1,-13183,183425,73,-7208,2,16116,147188,59,-1943
42468,1,-13812,182796,59,-6737,2,15970,147042,67,-1413
42473,1,-14399,182209,50,-6327,2,15865,146937,72,-992
42478,1,-14950,181658,56,-5917,2,15799,146871,69,-567
42483,1,-15469,181139,65,-5521,2,15771,146843,64,-151
42488,1,-15949,180659,65,-5114,2,15779,146851,74,210
42493,1,-16389,180219,66,-4660,2,15814,146886,83,464
42498,1,-16790,179818,68,-4241,2,15870,146942,83,715
42503,1,-17152,179456,55,-3807,2,15948,147020,82,944
42508,1,-17475,179133,64,-3442,2,16049,147121,77,1203
42513,1,-17764,178844,61,-3021,2,16177,147249,75,1528
42518,1,-18018,178590,56,-2643,2,16330,147402,84,1762
42523,1,-18235,178373,63,-2252,2,16504,147576,77,1983
42528,1,-18418,178190,61,-1856,2,16704,147776,81,2301
42533,1,-18566,178042,56,-1469,2,16926,147998,82,2539
42538,1,-18673,177935,63,-1027,2,17170,148242,80,2769
42543,1,-18745,177863,67,-654,2,17445,148517,79,3041
42548,1,-18785,177823,68,-323,2,17729,148801,85,3277
42553,1,-18793,177815,67,35,2,18042,149114,75,3510
42558,1,-18774,177834,74,293,2,18373,149445,73,3729
42563,1,-18736,177872,79,464,2,18729,149801,89,3974
42568,1,-18682,177926,73,690,2,19099,150171,90,4198
42573,1,-18606,178002,66,940,2,19498,150570,83,4460
42578,1,-18503,178105,65,1221,2,19915,150987,74,4701
42583,1,-18377,178231,77,1459,2,20359,151431,81,4937
42588,1,-18230,178378,76,1680,2,20822,151894,80,5165
42593,1,-18064,178544,68,1921,2,21306,152378,78,5350
42598,1,-17874,178734,76,2162,2,21807,152879,77,5582
42603,1,-17663,178945,65,2409,2,22322,153394,77,5722
42608,1,-17430,179178,77,2656,2,22861,153933,90,6002
42613,1,-17179,179429,61,2843,2,23421,154493,88,6272
42618,1,-16905,179703,85,3102,2,24003,155075,85,6462
42623,1,-16608,180000,71,3365,2,24605,155677,73,6620
42628,1,-16291,180317,73,3555,2,25221,156293,83,6818
42633,1,-15950,180658,77,3839,2,25850,156922,74,7000
42638,1,-15588,181020,79,4048,2,26499,157571,86,7214
42643,1,-15205,181403,66,4332,2,27172,158244,89,7453
42648,1,-14801,181807,71,4455,2,27863,158935,77,7617
42653,1,-14380,182228,65,4725,2,28583,159655,85,7758
42658,1,-13942,182666,73,4851,2,29278,160350,77,7929
42663,1,-13483,183125,75,5116,2,30011,161083,97,8177
42668,1,-13002,183606,73,5365,2,30765,161837,89,8369
42673,1,-12498,184110,64,5634,2,31531,162603,75,8463
42678,1,-11974,184634,71,5846,2,32302,163374,85,8516
42683,1,-11430,185178,75,6023,2,-32446,164162,85,8708
42688,1,-10870,185738,74,6220,2,-31638,164970,86,8933
42693,1,-10295,186313,86,6419,2,-30817,165791,82,9021
42698,1,-9695,186913,61,6654,2,-29993,166615,99,9036
42703,1,-9071,187537,67,6933,2,-29152,167456,95,9327
42708,1,-8426,188182,79,7194,2,-28292,168316,85,9513
42713,1,-7765,188843,68,7342,2,-27421,169187,82,9579
42718,1,-7088,189520,86,7500,2,-26547,170061,87,9653
42723,1,-6388,190220,71,7765,2,-25658,170950,86,9899
42728,1,-5662,190946,85,8029,2,-24748,171860,103,10070
42733,1,-4896,191712,76,8249,2,-23811,172797,83,10049
42738,1,-4137,192471,65,8384,2,-22890,173718,95,10205
42743,1,-3358,193250,76,8702,2,-21944,174664,100,10459
42748,1,-2552,194056,79,8946,2,-20982,175626,74,10552
42753,1,-1722,194886,60,9206,2,-20016,176592,78,10634
42758,1,-882,195726,60,9282,2,-19031,177577,85,10970
42763,1,-23,196585,80,9550,2,-18025,178583,87,11092
42768,1,862,197470,86,9812,2,-17018,179590,73,11007
42773,1,1769,198377,70,9964,2,-15998,180610,100,11303
42778,1,2686,199294,79,10093,2,-14952,181656,103,11591
42783,1,3625,200233,84,10412,2,-13902,182706,71,11531
42788,1,4591,201199,78,10729,2,-12843,183765,88,11694
42793,1,5571,202179,75,10833,2,-11760,184848,110,11976
42798,1,6565,203173,90,11024,2,-10672,185936,65,11960
42803,1,7585,204193,79,11271,2,-9576,187032,84,12117
42808,1,8623,205231,61,11423,2,-8451,188157,122,12467
42813,1,9672,206280,78,11634,2,-7322,189286,57,12367
42818,1,10747,207355,83,11899,2,-6186,190422,106,12557
42823,1,11841,208449,52,12035,2,-5028,191580,101,12804
42828,1,12947,209555,74,12251,2,-3869,192739,87,12679
42833,1,14078,210686,80,12502,2,-2693,193915,99,13099
42838,1,15229,211837,75,12666,2,-1492,195116,101,13179
42843,1,16390,212998,89,12878,2,-289,196319,63,13258
42848,1,17580,214188,84,13146,2,936,197544,104,13561
42853,1,18788,215396,58,13323,2,2178,198786,76,13655
42858,1,20009,216617,76,13516,2,3423,200031,77,13767
42863,1,21258,217866,83,13805,2,4696,201304,105,14081
42868,1,22516,219124,55,13851,2,5973,202581,85,13970
42873,1,23796,220404,96,14178,2,7265,203873,89,14356
42878,1,25100,221708,70,14340,2,8576,205184,73,14370
42883,1,26412,223020,60,14502,2,9889,206497,77,14505
42888,1,27753,224361,75,14846,2,11228,207836,122,14810
42893,1,29100,225708,60,14813,2,12572,209180,70,14727
42898,1,30471,227079,76,15151,2,13933,210541,118,15077
42903,1,31862,228470,69,15283,2,15309,211917,84,15123
42908,1,-32275,229869,83,15508,2,16690,213298,78,15247
42913,1,-30849,231295,80,15676,2,18099,214707,100,15530
42918,1,-29416,232728,71,15845,2,19511,216119,62,15548
42923,1,-27953,234191,79,16244,2,20944,217552,123,15842
42928,1,-26482,235662,53,16160,2,22386,218994,70,15756
42933,1,-24986,237158,83,16547,2,23843,220451,119,16166
42938,1,-23477,238667,70,16483,2,25319,221927,90,16200
42943,1,-21948,240196,78,16929,2,26798,223406,92,16414
42948,1,-20401,241743,50,16950,2,28298,224906,95,16434
42953,1,-18839,243305,85,17323,2,29798,226406,72,16543
42958,1,-17258,244886,60,17340,2,31323,227931,124,16754
42963,1,-15667,246477,94,17680,2,-32690,229454,58,16758
42968,1,-14051,248093,71,17724,2,-31147,230997,117,17061
42973,1,-12428,249716,79,18021,2,-29606,232538,88,16948
42978,1,-10783,251361,74,18024,2,-28045,234099,130,17296
42983,1,-9132,253012,92,18348,2,-26482,235662,63,17091
42988,1,-7452,254692,58,18426,2,-24902,237242,130,17448
42993,1,-5768,256376,99,18694,2,-23319,238825,51,17309
42998,1,-4057,258087,60,18761,2,-21717,240427,121,17729
43003,1,-2339,259805,103,19051,2,-20106,242038,60,17582
43008,1,-595,261549,59,19081,2,-18479,243665,109,18004
43013,1,1159,263303,94,19402,2,-16849,245295,59,17791
43018,1,2932,265076,37,19358,2,-15201,246943,117,18209
43023,1,4723,266867,92,19860,2,-13546,248598,59,18071
43028,1,6524,268668,42,19786,2,-11877,250267,117,18429
43033,1,8338,270482,88,20027,2,-10207,251937,50,18235
43038,1,10189,272333,28,19833,2,-8472,253672,148,18721
43043,1,12009,274153,77,19949,2,-6781,255363,48,18487
43048,1,13819,275963,33,19947,2,-5069,257075,117,18918
43053,1,15640,277784,6,19991,2,-3366,258778,70,18759
43058,1,17451,279595,53,19914,2,-1630,260514,123,19175
43063,1,19269,281413,3,19907,2,98,262242,67,19045
43068,1,21090,283234,66,20024,2,1855,263999,106,19341
43073,1,22906,285050,25,19931,2,3606,265750,67,19255
43078,1,24728,286872,90,20114,2,5385,267529,97,19535
43083,1,26543,288687,31,19903,2,7156,269300,36,19588
43088,1,28369,290513,56,19981,2,8944,271088,98,19520
43093,1,30180,292324,21,19980,2,10724,272868,100,19758
43098,1,32003,294147,39,19946,2,12507,274651,48,19499
43103,1,-31721,295959,26,19977,2,14297,276441,91,19660
43108,1,-29902,297778,-13,19800,2,16078,278222,-11,19484
43113,1,-28089,299591,102,20030,2,17866,280010,118,19658
43118,1,-26269,301411,18,19944,2,19649,281793,23,19596
43123,1,-24451,303229,84,20072,2,21440,283584,119,19715
43128,1,-22635,305045,29,19856,2,23219,285363,24,19479
43133,1,-20816,306864,59,19995,2,25010,287154,85,19693
43138,1,-18999,308681,21,19954,2,26791,288935,38,19538
43143,1,-17175,310505,15,20021,2,28585,290729,92,19710
43148,1,-15364,312316,53,19945,2,30359,292503,58,19658
43153,1,-13540,314140,-8,19959,2,32148,294292,66,19453
43158,1,-11723,315957,76,20006,2,-31607,296073,65,19688
43163,1,-9905,317775,25,19879,2,-29826,297854,15,19325
43168,1,-8084,319596,101,20142,2,-28037,299643,138,19763
43173,1,-6263,321417,22,19954,2,-26260,301420,35,19521
43178,1,-4439,323241,49,20021,2,-24466,303214,153,19704
43183,1,-2617,325063,30,20045,2,-22690,304990,16,19542
43188,1,-792,326888,22,20053,2,-20894,306786,106,19661
43193,1,1030,328710,49,20021,2,-19110,308570,21,19692
43198,1,2854,330534,-12,19888,2,-17312,310368,91,19626
43203,1,4675,332355,95,20106,2,-15529,312151,87,19790
43208,1,6497,334177,33,19920,2,-13738,313942,34,19533
43213,1,8322,336002,63,20180,2,-11946,315734,87,19769
43218,1,10134,337814,31,19887,2,-10162,317518,0,19437
43223,1,11961,339641,76,20051,2,-8369,319311,133,19792
43228,1,13776,341456,27,20024,2,-6584,321096,40,19568
43233,1,15604,343284,15,20054,2,-4787,322893,143,19740
43238,1,17419,345099,52,19964,2,-3007,324673,27,19567
43243,1,19246,346926,-10,19969,2,-1207,326473,93,19721
43248,1,21069,348749,76,20052,2,580,328260,40,19678
43253,1,22890,350570,21,19975,2,2383,330063,65,19767
43258,1,24711,352391,88,20069,2,4166,331846,103,19696
43263,1,26531,354211,36,19937,2,5963,333643,68,19580
43268,1,28354,356034,41,20008,2,7751,335431,79,19787
43273,1,30168,357848,32,19941,2,9537,337217,19,19368
43278,1,31991,359671,35,20027,2,11331,339011,142,19813
43283,1,-31733,361483,23,19915,2,13111,340791,18,19594
43288,1,-29913,363303,-11,19864,2,14908,342588,134,19720
43293,1,-28100,365116,103,19984,2,16687,344367,10,19582
43298,1,-26279,366937,4,19996,2,18484,346164,101,19676
43303,1,-24461,368755,88,20008,2,20267,347947,23,19667
43312,1,-21049,372167,113,20094,2,23622,351302,52,19617
43317,1,-19362,373854,36,20016,2,25287,352967,35,19787
43322,1,-17535,375681,-30,19935,2,27046,354726,-20,19289
43327,1,-15750,377466,-51,19518,2,28776,356456,-73,18616
43332,1,-13996,379220,-82,19037,2,30431,358111,-51,18196
43337,1,-12296,380920,-41,18614,2,32044,359724,-68,17260
43342,1,-10590,382626,-77,17987,2,-31907,361309,-42,16981
43347,1,-8976,384240,-28,17670,2,-30412,362804,-60,16080
43352,1,-7397,385819,-65,17076,2,-28979,364237,-44,15620
43357,1,-5868,387348,-58,16763,2,-27593,365623,-46,14925
43362,1,-4371,388845,-53,16174,2,-26272,366944,-64,14300
43367,1,-2924,390292,-57,15792,2,-24998,368218,-41,13817
43372,1,-1503,391713,-48,15428,2,-23780,369436,-80,13121
43377,1,-138,393078,-61,14877,2,-22620,370596,-66,12567
43382,1,1199,394415,-49,14523,2,-21494,371722,-42,12207
43387,1,2489,395705,-81,13934,2,-20429,372787,-88,11427
43392,1,3737,396953,-49,13609,2,-19419,373797,-74,10909
43397,1,4954,398170,-51,13202,2,-18447,374769,-54,10474
43402,1,6120,399336,-69,12584,2,-17529,375687,-72,9866
43407,1,7251,400467,-57,12310,2,-16669,376547,-75,9280
43412,1,8344,401560,-60,11816,2,-15850,377366,-52,8880
43417,1,9389,402605,-58,11269,2,-15071,378145,-41,8400
43422,1,10399,403615,-50,10985,2,-14345,378871,-72,7784
43427,1,11374,404590,-71,10572,2,-13675,379541,-53,7135
43432,1,12302,405518,-75,9994,2,-13048,380168,-53,6678
43437,1,13190,406406,-60,9622,2,-12462,380754,-70,6244
43442,1,14046,407262,-53,9232,2,-11925,381291,-69,5724
43447,1,14866,408082,-53,8796,2,-11434,381782,-73,5155
43452,1,15641,408857,-64,8305,2,-10992,382224,-67,4672
43457,1,16378,409594,-54,7966,2,-10597,382619,-76,4128
43462,1,17083,410299,-68,7605,2,-10245,382971,-55,3692
43467,1,17753,410969,-47,7233,2,-9935,383281,-52,3252
43472,1,18380,411596,-66,6740,2,-9669,383547,-71,2741
43477,1,18968,412184,-64,6274,2,-9441,383775,-55,2326
43482,1,19520,412736,-54,5935,2,-9255,383961,-71,1879
43487,1,20037,413253,-63,5559,2,-9112,384104,-73,1398
43492,1,20518,413734,-61,5121,2,-9009,384207,-62,963
43497,1,20964,414180,-54,4765,2,-8949,384267,-56,474
43502,1,21369,414585,-64,4295,2,-8934,384282,-61,10
43507,1,21738,414954,-67,3915,2,-8956,384260,-71,-362
43512,1,22069,415285,-66,3455,2,-9006,384210,-78,-639
43517,1,22364,415580,-55,3096,2,-9080,384136,-84,-913
43522,1,22622,415838,-73,2676,2,-9176,384040,-85,-1141
43527,1,22846,416062,-59,2301,2,-9296,383920,-77,-1412
43532,1,23032,416248,-63,1912,2,-9440,383776,-76,-1692
43537,1,23184,416400,-63,1537,2,-9612,383604,-93,-1961
43542,1,23303,416519,-55,1158,2,-9802,383414,-73,-2180
43547,1,23382,416598,-57,716,2,-10015,383201,-87,-2423
43552,1,23422,416638,-55,286,2,-10251,382965,-79,-2662
43557,1,23428,416644,-61,-41,2,-10507,382709,-87,-2911
43562,1,23406,416622,-66,-332,2,-10783,382433,-79,-3113
43567,1,23358,416574,-68,-634,2,-11082,382134,-91,-3363
43572,1,23284,416500,-68,-940,2,-11404,381812,-91,-3593
43577,1,23183,416399,-78,-1162,2,-11753,381463,-72,-3879
43582,1,23069,416285,-75,-1361,2,-12107,381109,-83,-4027
43587,1,22932,416148,-66,-1599,2,-12488,380728,-95,-4250
43592,1,22770,415986,-72,-1875,2,-12889,380327,-97,-4504
43597,1,22586,415802,-77,-2086,2,-13304,379912,-86,-4645
43602,1,22382,415598,-68,-2344,2,-13739,379477,-90,-4841
43607,1,22158,415374,-74,-2550,2,-14190,379026,-91,-5036
43612,1,21912,415128,-64,-2794,2,-14664,378552,-91,-5291
43617,1,21641,414857,-77,-3043,2,-15159,378057,-88,-5568
43622,1,21350,414566,-78,-3288,2,-15677,377539,-98,-5746
43627,1,21037,414253,-69,-3530,2,-16214,377002,-89,-5978
43632,1,20700,413916,-76,-3790,2,-16763,376453,-76,-6091
43637,1,20343,413559,-76,-4022,2,-17325,375891,-84,-6208
43642,1,19954,413170,-74,-4269,2,-17920,375296,-82,-6466
43647,1,19553,412769,-68,-4462,2,-18520,374696,-96,-6725
43652,1,19133,412349,-65,-4696,2,-19142,374074,-83,-6888
43657,1,18694,411910,-70,-4886,2,-19780,373436,-79,-7022
43662,1,18231,411447,-69,-5164,2,-20428,372788,-92,-7144
43667,1,17746,410962,-74,-5426,2,-21090,372126,-82,-7384
43672,1,17238,410454,-60,-5645,2,-21791,371425,-103,-7636
43677,1,16709,409925,-72,-5893,2,-22497,370719,-84,-7827
43682,1,16162,409378,-80,-6068,2,-23197,370019,-95,-7879
43687,1,15595,408811,-70,-6276,2,-23921,369295,-71,-7965
43692,1,15010,408226,-74,-6536,2,-24661,368555,-101,-8166
43697,1,14402,407618,-75,-6788,2,-25420,367796,-95,-8379
43702,1,13770,406986,-86,-6997,2,-26192,367024,-79,-8510
43707,1,13117,406333,-72,-7228,2,-26967,366249,-88,-8529
43712,1,12449,405665,-82,-7401,2,-27754,365462,-94,-8730
43717,1,11765,404981,-72,-7634,2,-28559,364657,-90,-8977
43722,1,11058,404274,-83,-7885,2,-29380,363836,-85,-9069
43727,1,10327,403543,-77,-8100,2,-30206,363010,-98,-9098
43732,1,9579,402795,-82,-8262,2,-31040,362176,-97,-9264
43737,1,8818,402034,-58,-8374,2,-31896,361320,-93,-9494
43742,1,8038,401254,-66,-8630,2,-32766,360450,-86,-9606
43747,1,7232,400448,-86,-8912,2,31895,359575,-78,-9582
43752,1,6408,399624,-69,-9085,2,31008,358688,-87,-9804
43757,1,5572,398788,-64,-9192,2,30100,357780,-101,-10026
43762,1,4717,397933,-75,-9464,2,29181,356861,-93,-10076
43767,1,3834,397050,-74,-9747,2,28257,355937,-99,-10208
43772,1,2933,396149,-76,-9939,2,27289,354969,-101,-10501
43777,1,2022,395238,-69,-10073,2,26349,354029,-94,-10681
43782,1,1087,394303,-81,-10423,2,25379,353059,-74,-10677
43787,1,126,393342,-86,-10656,2,24395,352075,-78,-10842
43792,1,-848,392368,-59,-10725,2,23387,351067,-88,-11121
43797,1,-1837,391379,-75,-10947,2,22369,350049,-82,-11195
43802,1,-2856,390360,-74,-11266,2,21347,349027,-90,-11339
43807,1,-3894,389322,-63,-11445,2,20303,347983,-103,-11535
43812,1,-4940,388276,-84,-11588,2,19244,346924,-72,-11629
43817,1,-6013,387203,-77,-11861,2,18180,345860,-95,-11801
43822,1,-7108,386108,-64,-12065,2,17095,344775,-113,-11982
43827,1,-8209,385007,-84,-12202,2,15998,343678,-79,-12038
43832,1,-9339,383877,-80,-12469,2,14899,342579,-95,-12148
43837,1,-10486,382730,-78,-12646,2,13782,341462,-102,-12350
43842,1,-11640,381576,-70,-12746,2,12653,340333,-80,-12399
43847,1,-12824,380392,-103,-13088,2,11518,339198,-93,-12551
43852,1,-14017,379199,-51,-13097,2,10364,338044,-91,-12739
43857,1,-15226,377990,-94,-13423,2,9199,336879,-87,-12799
43862,1,-16461,376755,-70,-13636,2,8033,335713,-84,-12832
43867,1,-17703,375513,-54,-13669,2,6844,334524,-106,-13152
43872,1,-18970,374246,-97,-14042,2,5650,333330,-66,-13081
43877,1,-20256,372960,-65,-14158,2,4445,332125,-112,-13346
43882,1,-21551,371665,-77,-14325,2,3217,330897,-95,-13531
43887,1,-22878,370338,-95,-14669,2,1990,329670,-67,-13490
43892,1,-24209,369007,-65,-14607,2,746,328426,-100,-13788
43897,1,-25565,367651,-92,-15032,2,-512,327168,-74,-13796
43902,1,-26940,366276,-85,-15124,2,-1770,325910,-87,-13880
43907,1,-28325,364891,-91,-15380,2,-3055,324625,-118,-14209
43912,1,-29740,363476,-99,-15546,2,-4339,323341,-68,-14004
43917,1,-31158,362058,-77,-15690,2,-5633,322047,-97,-14337
43922,1,-32604,360612,-84,-15977,2,-6940,320740,-84,-14309
43927,1,31479,359159,-59,-15945,2,-8246,319434,-102,-14435
43932,1,30002,357682,-91,-16292,2,-9574,318106,-123,-14673
43937,1,28511,356191,-53,-16322,2,-10903,316777,-75,-14505
43942,1,26967,354647,-98,-16718,2,-12277,315403,-104,-14851
43947,1,25441,353121,-62,-16772,2,-13629,314051,-80,-14841
43952,1,23903,351583,-81,-17104,2,-14980,312700,-92,-14893
43957,1,22338,350018,-68,-17217,2,-16360,311320,-104,-15232
43962,1,20768,348448,-80,-17385,2,-17734,309946,-53,-15099
43967,1,19170,346850,-79,-17582,2,-19126,308554,-103,-15376
43972,1,17565,345245,-85,-17750,2,-20528,307152,-60,-15344
43977,1,15930,343610,-76,-17949,2,-21938,305742,-88,-15683
43982,1,14291,341971,-83,-18121,2,-23370,304310,-72,-15655
43987,1,12625,340305,-83,-18306,2,-24799,302881,-84,-15787
43992,1,10956,338636,-81,-18453,2,-26254,301426,-97,-15982
43997,1,9260,336940,-86,-18642,2,-27702,299978,-85,-16000
44002,1,7558,335238,-75,-18865,2,-29174,298506,-122,-16243
44007,1,5832,333512,-96,-18959,2,-30648,297032,-88,-16109
44012,1,4100,331780,-92,-19250,2,-32140,295540,-121,-16491
44017,1,2343,330023,-59,-19263,2,31899,294043,-58,-16369
44022,1,578,328258,-91,-19586,2,30390,292534,-104,-16761
44027,1,-1209,326471,-46,-19509,2,28869,291013,-82,-16687
44032,1,-3007,324673,-110,-19813,2,27341,289485,-105,-16881
44037,1,-4820,322860,-13,-19867,2,25794,287938,-72,-16941
44042,1,-6638,321042,-78,-20076,2,24245,286389,-86,-17099
44047,1,-8457,319223,-2,-19923,2,22671,284815,-99,-17282
44052,1,-10280,317400,-69,-20071,2,21099,283243,-78,-17317
44057,1,-12097,315583,-21,-19975,2,19501,281645,-103,-17597
44062,1,-13921,313759,-47,-19984,2,17907,280051,-78,-17577
44067,1,-15732,311948,-76,-20006,2,16283,278427,-112,-17861
44072,1,-17553,310127,-20,-19822,2,14667,276811,-80,-17887
44077,1,-19372,308308,-86,-20066,2,13027,275171,-109,-18008
44082,1,-21191,306489,15,-19869,2,11348,273492,-80,-18115
44087,1,-23014,304666,-73,-20137,2,9728,271872,-104,-18313
44092,1,-24832,302848,-7,-19913,2,8067,270211,-75,-18301
44097,1,-26659,301021,-35,-20094,2,6384,268528,-106,-18531
44102,1,-28475,299205,-28,-19967,2,4704,266848,-80,-18509
44107,1,-30300,297380,-46,-20060,2,2994,265138,-119,-18793
44112,1,-32115,295565,-80,-20016,2,1292,263436,-75,-18765
44117,1,31601,293745,-14,-19859,2,-440,261704,-88,-18992
44122,1,29786,291930,-87,-19973,2,-2163,259981,-106,-19023
44127,1,27969,290113,-18,-19882,2,-3916,258228,-95,-19218
44132,1,26146,288290,-60,-20121,2,-5661,256483,-96,-19346
44137,1,24332,286476,-15,-19877,2,-7424,254720,-62,-19241
44142,1,22506,284650,-52,-20059,2,-9182,252962,-131,-19483
44147,1,20688,282832,-25,-19988,2,-10952,251192,-74,-19251
44152,1,18862,281006,-37,-20081,2,-12730,249414,-113,-19605
44157,1,17042,279186,-72,-20044,2,-14502,247642,-2,-19407
44162,1,15219,277363,-18,-19934,2,-16287,245857,-151,-19653
44167,1,13396,275540,-83,-20026,2,-18063,244081,-30,-19547
44172,1,11574,273718,-9,-19953,2,-19851,242293,-128,-19626
44177,1,9751,271895,-63,-20127,2,-21623,240521,-10,-19479
44182,1,7933,270077,-14,-19932,2,-23412,238732,-84,-19546
44187,1,6102,268246,-69,-20089,2,-25187,236957,-35,-19602
44192,1,4284,266428,-26,-20040,2,-26969,235175,-85,-19425
44197,1,2454,264598,-57,-20120,2,-28740,233404,-94,-19661
44202,1,632,262776,-55,-20072,2,-30512,231632,-38,-19308
44207,1,-1199,260945,0,-20004,2,-32293,229851,-103,-19643
44212,1,-3023,259121,-99,-20038,2,31474,228082,-27,-19286
44217,1,-4850,257294,-9,-20082,2,29694,226302,-146,-19658
44222,1,-6678,255466,-73,-20103,2,27923,224531,-42,-19437
44227,1,-8500,253644,2,-19980,2,26134,222742,-122,-19691
44232,1,-10326,251818,-73,-20073,2,24365,220973,-32,-19442
44237,1,-12145,249999,-7,-20058,2,22575,219183,-106,-19619
44242,1,-13971,248173,-29,-19967,2,20801,217409,-46,-19500
44247,1,-15834,246310,-76,-20082,2,18964,215572,-85,-19588
44252,1,-17652,244492,-13,-19827,2,17191,213799,-72,-19656
44257,1,-19479,242665,-82,-20134,2,15406,212014,-56,-19410
44262,1,-21297,240847,-2,-19937,2,13624,210232,-67,-19734
44267,1,-23124,239020,-97,-20107,2,11847,208455,-27,-19318
44272,1,-24941,237203,-3,-19921,2,10059,206667,-140,-19726
44277,1,-26768,235376,-40,-20083,2,8281,204889,-32,-19570
44282,1,-28587,233557,-56,-20015,2,6488,203096,-131,-19698
44287,1,-30408,231736,-8,-19987,2,4710,201318,-24,-19543
44292,1,-32226,229918,-65,-20030,2,2918,199526,-108,-19677
44297,1,31491,228099,-6,-19828,2,1139,197747,-43,-19520
44302,1,29672,226280,-76,-20045,2,-656,195952,-84,-19693
44307,1,27856,224464,-33,-19907,2,-2433,194175,-70,-19613
44316,1,24533,221141,-13,-19951,2,-5692,190916,-62,-19685
44321,1,22753,219361,-53,-20134,2,-7439,189169,7,-19445
44326,1,20940,217548,54,-19773,2,-9201,187407,23,-19469
44331,1,19160,215768,71,-19370,2,-10910,185698,94,-18244
44336,1,17429,214037,65,-18875,2,-12563,184045,51,-17979
44341,1,15739,212347,54,-18356,2,-14144,182464,108,-17041
44346,1,14103,210711,61,-17898,2,-15674,180934,22,-16661
44351,1,12501,209109,71,-17381,2,-17150,179458,65,-15897
44356,1,10957,207565,55,-16848,2,-18557,178051,44,-15331
44361,1,9444,206052,63,-16363,2,-19919,176689,57,-14628
44366,1,7992,204600,79,-15812,2,-21210,175398,64,-14025
44371,1,6571,203179,55,-15435,2,-22458,174150,57,-13479
44376,1,5208,201816,77,-14772,2,-23645,172963,62,-12758
44381,1,3882,200490,44,-14398,2,-24767,171841,81,-12119
44386,1,2597,199205,56,-13895,2,-25872,170736,62,-11593
44391,1,1365,197973,73,-13399,2,-26859,169749,63,-10884
44396,1,164,196772,59,-13053,2,-27812,168796,59,-10297
44401,1,-988,195620,84,-12391,2,-28717,167891,48,-9739
44406,1,-2094,194514,58,-12034,2,-29568,167040,68,-9060
44411,1,-3169,193439,52,-11667,2,-30356,166252,73,-8383
44416,1,-4193,192415,84,-11005,2,-31089,165519,63,-7863
44421,1,-5171,191437,68,-10565,2,-31778,164830,70,-7394
44426,1,-6116,190492,62,-10215,2,-32415,164193,70,-6816
44431,1,-7016,189592,72,-9682,2,32539,163611,59,-6149
44436,1,-7866,188742,74,-9193,2,32011,163083,65,-5582
44441,1,-8678,187930,54,-8812,2,31535,162607,61,-5068
44446,1,-9453,187155,71,-8346,2,31107,162179,56,-4480
44451,1,-10184,186424,62,-7845,2,30727,161799,59,-4007
44456,1,-10864,185744,77,-7257,2,30393,161465,80,-3475
44461,1,-11504,185104,54,-6841,2,30110,161182,64,-2889
44466,1,-12106,184502,71,-6495,2,29871,160943,69,-2408
44471,1,-12666,183942,73,-5990,2,29683,160755,67,-1885
44476,1,-13183,183425,79,-5485,2,29544,160616,76,-1324
44481,1,-13656,182952,79,-5015,2,29449,160521,81,-860
44486,1,-14083,182525,71,-4488,2,29397,160469,72,-407
44491,1,-14471,182137,62,-4100,2,29387,160459,78,40
44496,1,-14820,181788,69,-3682,2,29412,160484,85,396
44501,1,-15129,181479,66,-3246,2,29464,160536,92,666
44506,1,-15399,181209,71,-2811,2,29542,160614,89,952
44511,1,-15629,180979,64,-2371,2,29645,160717,82,1254
44516,1,-15816,180792,65,-1925,2,29776,160848,86,1566
44521,1,-15963,180645,73,-1448,2,29938,161010,100,1862
44526,1,-16074,180534,67,-1063,2,30124,161196,81,2152
44531,1,-16144,180464,65,-602,2,30337,161409,101,2458
44536,1,-16170,180438,60,-97,2,30574,161646,86,2722
44541,1,-16156,180452,67,270,2,30838,161910,97,2977
44546,1,-16113,180495,76,571,2,31123,162195,88,3205
44551,1,-16044,180564,82,857,2,31440,162512,92,3493
44556,1,-15952,180656,88,1083,2,31771,162843,94,3737
44561,1,-15838,180770,76,1365,2,32123,163195,91,3950
44566,1,-15698,180910,75,1628,2,32497,163569,83,4225
44571,1,-15532,181076,85,1938,2,-32640,163968,95,4403
44576,1,-15344,181264,76,2161,2,-32216,164392,89,4788
44581,1,-15127,181481,82,2465,2,-31773,164835,95,4946
44586,1,-14888,181720,77,2716,2,-31304,165304,100,5192
44591,1,-14626,181982,85,2987,2,-30820,165788,94,5424
44596,1,-14340,182268,73,3237,2,-30318,166290,84,5546
44601,1,-14031,182577,85,3478,2,-29798,166810,82,5833
44606,1,-13700,182908,89,3724,2,-29256,167352,86,6045
44611,1,-13343,183265,77,4035,2,-28689,167919,92,6280
44616,1,-12962,183646,70,4264,2,-28101,168507,110,6549
44621,1,-12553,184055,81,4564,2,-27500,169108,84,6677
44626,1,-12124,184484,80,4838,2,-26884,169724,82,6769
44631,1,-11669,184939,87,5061,2,-26251,170357,109,7052
44636,1,-11193,185415,87,5295,2,-25593,171015,91,7318
44641,1,-10698,185910,73,5532,2,-24915,171693,111,7553
44646,1,-10181,186427,75,5810,2,-24224,172384,86,7670
44651,1,-9636,186972,79,6057,2,-23522,173086,102,7743
44656,1,-9065,187543,75,6374,2,-22799,173809,97,8013
44661,1,-8468,188140,91,6668,2,-22049,174559,103,8323
44666,1,-7852,188756,77,6844,2,-21277,175331,84,8512
44671,1,-7217,189391,79,7040,2,-20492,176116,79,8637
44676,1,-6556,190052,95,7358,2,-19694,176914,109,8879
44681,1,-5867,190741,73,7692,2,-18869,177739,97,9162
44686,1,-5152,191456,86,7976,2,-18021,178587,92,9368
44691,1,-4419,192189,84,8133,2,-17167,179441,76,9392
44696,1,-3668,192940,74,8384,2,-16296,180312,87,9636
44701,1,-2866,193742,97,8717,2,-15353,181255,91,9962
44706,1,-2077,194531,84,9006,2,-14481,182127,90,10078
44711,1,-1248,195360,68,9147,2,-13557,183051,85,10167
44716,1,-403,196205,69,9387,2,-12611,183997,108,10538
44721,1,470,197078,94,9737,2,-11643,184965,107,10731
44726,1,1372,197980,92,10036,2,-10666,185942,78,10753
44731,1,2290,198898,85,10160,2,-9677,186931,83,10962
44736,1,3226,199834,98,10424,2,-8657,187951,95,11283
44741,1,4193,200801,89,10714,2,-7623,188985,89,11380
44746,1,5182,201790,84,10868,2,-6585,190023,114,11516
44751,1,6186,202794,73,11106,2,-5523,191085,96,11705
44756,1,7217,203825,81,11476,2,-4446,192162,84,11852
44761,1,8274,204882,88,11668,2,-3363,193245,101,12019
44766,1,9342,205950,83,11766,2,-2251,194357,98,12294
44771,1,10438,207046,78,12193,2,-1123,195485,90,12434
44776,1,11561,208169,94,12380,2,13,196621,94,12569
44781,1,12695,209303,61,12502,2,1175,197783,96,12840
44786,1,13857,210465,83,12924,2,2351,198959,86,12955
44791,1,15044,211652,72,13050,2,3534,200142,94,13089
44796,1,16243,212851,88,13300,2,4749,201357,111,13426
44801,1,17473,214081,86,13629,2,5967,202575,91,13343
44806,1,18728,215336,84,13843,2,7202,203810,99,13723
44811,1,19995,216603,89,14049,2,8458,205066,100,13784
44816,1,21295,217903,97,14361,2,9719,206327,103,13941
44821,1,22605,219213,57,14462,2,11003,207611,102,14165
44826,1,23944,220552,84,14804,2,12302,208910,87,14296
44831,1,25306,221914,76,15005,2,13609,210217,108,14504
44836,1,26681,223289,94,15232,2,14942,211550,118,14636
44841,1,28088,224696,103,15475,2,16278,212886,100,14780
44846,1,29503,226111,91,15651,2,17640,214248,110,15039
44851,1,30987,227595,102,16066,2,19052,215660,75,15101
44856,1,32444,229052,58,16022,2,20445,217053,100,15487
44861,1,-31607,230537,101,16419,2,21861,218469,92,15566
44866,1,-30105,232039,76,16460,2,23284,219892,103,15722
44871,1,-28583,233561,97,16878,2,24739,221347,121,15998
44876,1,-27033,235111,58,17018,2,26196,222804,87,16090
44881,1,-25473,236671,83,17318,2,27681,224289,121,16445
44886,1,-23881,238263,88,17486,2,29170,225778,55,16328
44891,1,-22281,239863,81,17799,2,30682,227290,117,16710
44896,1,-20648,241496,81,17926,2,32205,228813,79,16634
44901,1,-19006,243138,76,18251,2,-31795,230349,121,16988
44906,1,-17337,244807,83,18310,2,-30245,231899,77,17003
44911,1,-15656,246488,93,18683,2,-28647,233497,131,17312
44916,1,-13949,248195,66,18719,2,-27105,235039,97,17356
44921,1,-12230,249914,111,19091,2,-25521,236623,98,17614
44926,1,-10490,251654,56,19010,2,-23915,238229,109,17622
44931,1,-8734,253410,106,19485,2,-22304,239840,96,17907
44936,1,-6956,255188,44,19424,2,-20665,241479,97,17991
44941,1,-5164,256980,125,19805,2,-19022,243122,94,18243
44946,1,-3360,258784,31,19792,2,-17355,244789,109,18272
44951,1,-1548,260596,114,20020,2,-15684,246460,105,18588
44956,1,267,262411,25,19898,2,-13989,248155,85,18609
44961,1,2084,264228,27,19966,2,-12286,249858,135,18910
44966,1,3897,266041,42,19898,2,-10568,251576,72,18807
44971,1,5717,267861,24,20019,2,-8839,253305,121,19197
44976,1,7532,269676,43,19996,2,-7093,255051,71,19019
44981,1,9353,271497,37,19824,2,-5337,256807,131,19427
44986,1,11170,273314,89,20073,2,-3577,258567,16,19219
44991,1,12989,275133,18,19899,2,-1798,260346,147,19665
44996,1,14811,276955,75,20125,2,-18,262126,42,19503
45001,1,16631,278775,34,19964,2,1775,263919,128,19790
45006,1,18453,280597,30,20007,2,3557,265701,35,19480
45011,1,20276,282420,20,20040,2,5352,267496,81,19707
45016,1,22101,284245,28,20013,2,7132,269276,34,19620
45021,1,23918,286062,34,20000,2,8927,271071,99,19584
45026,1,25742,287886,29,19878,2,10708,272852,95,19804
45031,1,27563,289707,65,20080,2,12494,274638,41,19490
45036,1,29379,291523,6,19877,2,14287,276431,82,19729
45041,1,31200,293344,102,20103,2,16069,278213,-4,19470
45046,1,-32524,295156,17,19885,2,17862,280006,129,19721
45051,1,-30704,296976,45,19998,2,19647,281791,28,19627
45056,1,-28894,298786,18,19845,2,21442,283586,113,19764
45061,1,-27072,300608,42,20046,2,23224,285368,20,19505
45066,1,-25258,302422,42,19956,2,25017,287161,86,19723
45071,1,-23437,304243,8,19921,2,26798,288942,37,19534
45076,1,-21622,306058,82,19978,2,28592,290736,86,19717
45081,1,-19801,307879,9,19945,2,30366,292510,73,19649
45086,1,-17981,309699,92,20099,2,32156,294300,69,19470
45091,1,-16168,311512,24,19857,2,-31599,296081,69,19709
45096,1,-14347,313333,59,20027,2,-29817,297863,9,19307
45101,1,-12531,315149,21,19940,2,-28029,299651,142,19802
45106,1,-10707,316973,26,20029,2,-26251,301429,31,19525
45111,1,-8896,318784,69,19974,2,-24411,303269,150,19701
45116,1,-7071,320609,7,19933,2,-22681,304999,20,19525
45121,1,-5251,322429,68,19999,2,-20883,306797,121,19664
45126,1,-3427,324253,9,20015,2,-19099,308581,23,19718
45131,1,-1602,326078,98,20111,2,-17301,310379,99,19618
45136,1,219,327899,11,19983,2,-15517,312163,86,19826
45141,1,2047,329727,36,20057,2,-13726,313954,36,19523
45146,1,3863,331543,16,19973,2,-11932,315748,89,19789
45151,1,5690,333370,37,20050,2,-10148,317532,-7,19452
45156,1,7553,335233,43,20040,2,-8308,319372,146,19828
45161,1,9374,337054,32,19823,2,-6522,321158,24,19607
45166,1,11193,338873,86,20102,2,-4723,322957,143,19722
45171,1,13011,340691,20,19887,2,-2944,324736,37,19601
45176,1,14836,342516,78,20142,2,-1143,326537,101,19732
45181,1,16654,344334,27,19923,2,644,328324,44,19705
45186,1,18479,346159,59,20070,2,2446,330126,56,19759
45191,1,20302,347982,21,20031,2,4229,331909,87,19703
45196,1,22126,349806,11,20015,2,6027,333707,61,19531
45201,1,23941,351621,46,19963,2,7817,335497,80,19816
45206,1,25765,353445,13,19918,2,9645,337325,24,19382
45211,1,27585,355265,72,20056,2,11396,339076,138,19811
45216,1,29403,357083,29,19883,2,13176,340856,-3,19619
45221,1,31222,358902,98,20121,2,14974,342654,131,19684
45226,1,-32500,360716,10,19858,2,16753,344433,33,19610
45231,1,-30679,362537,55,20025,2,18549,346229,115,19658
45236,1,-28868,364348,29,19886,2,20333,348013,38,19722
45241,1,-27048,366168,31,20043,2,22132,349812,54,19701
45246,1,-25232,367984,34,19931,2,23911,351591,80,19641
45251,1,-23414,369802,2,19885,2,25707,353387,62,19560
45256,1,-21596,371620,96,19996,2,27490,355170,78,19704
45261,1,-19776,373440,-3,19951,2,29277,356957,32,19367
45266,1,-17956,375260,98,20086,2,31063,358743,119,19853
45271,1,-16141,377075,33,19873,2,-32697,360519,8,19402
45276,1,-14319,378897,50,20043,2,-30903,362313,140,19721
45281,1,-12504,380712,23,19932,2,-29133,364083,34,19515
45286,1,-10678,382538,41,20020,2,-27339,365877,136,19547
45291,1,-8869,384347,48,19985,2,-25560,367656,37,19729
45296,1,-7043,386173,12,19924,2,-23770,369446,88,19528
45301,1,-5224,387992,90,20002,2,-21991,371225,84,19738
45306,1,-3401,389815,-12,19995,2,-20200,373016,46,19474
45311,1,-1578,391638,98,20105,2,-18407,374809,86,19808
45320,1,1799,395015,95,20165,2,-15095,378121,146,19807
45325,1,3531,396747,21,20020,2,-13400,379816,-41,19360
45330,1,5356,398572,-57,19919,2,-11626,381590,-14,19359
45335,1,7132,400348,-75,19385,2,-9932,383284,-93,18394
45340,1,8874,402090,-72,18826,2,-8278,384938,-36,17978
45345,1,10555,403771,-60,18442,2,-6700,386516,-108,17129
45350,1,12203,405419,-72,17801,2,-5167,388049,-23,16583
45355,1,13793,407009,-70,17430,2,-3706,389510,-86,15745
45360,1,15348,408564,-67,16807,2,-2294,390922,-40,15341
45365,1,16847,410063,-59,16387,2,-935,392281,-71,14647
45370,1,18318,411534,-67,15902,2,359,393575,-48,14043
45375,1,19734,412950,-77,15404,2,1611,394827,-53,13549
45380,1,21114,414330,-60,15057,2,2795,396011,-74,12703
45385,1,22444,415660,-77,14338,2,3933,397149,-60,12374
45390,1,23734,416950,-43,14064,2,5021,398237,-63,11675
45395,1,24987,418203,-68,13528,2,6044,399260,-71,10957
45400,1,26187,419403,-65,13049,2,7018,400234,-48,10539
45405,1,27350,420566,-65,12605,2,7944,401160,-44,10001
45410,1,28471,421687,-68,12106,2,8812,402028,-58,9307
45415,1,29540,422756,-68,11597,2,9623,402839,-79,8750
45420,1,30574,423790,-69,11200,2,10388,403604,-68,8254
45425,1,31567,424783,-79,10690,2,11107,404323,-66,7738
45430,1,32508,425724,-77,10185,2,11771,404987,-64,7050
45435,1,-32124,426628,-66,9811,2,12382,405598,-76,6464
45440,1,-31258,427494,-64,9373,2,12942,406158,-69,6004
45445,1,-30439,428313,-69,8812,2,13457,406673,-66,5489
45450,1,-29667,429085,-72,8356,2,13926,407142,-69,4943
45455,1,-28911,429841,-63,7980,2,14357,407573,-68,4451
45460,1,-28210,430542,-55,7571,2,14728,407944,-78,3846
45465,1,-27554,431198,-74,7022,2,15050,408266,-65,3337
45470,1,-26943,431809,-77,6493,2,15325,408541,-71,2868
45475,1,-26373,432379,-70,6130,2,15551,408767,-80,2298
45480,1,-25840,432912,-68,5730,2,15733,408949,-73,1808
45485,1,-25343,433409,-63,5289,2,15871,409087,-66,1342
45490,1,-24886,433866,-68,4868,2,15962,409178,-69,810
45495,1,-24472,434280,-61,4384,2,16006,409222,-72,303
45500,1,-24100,434652,-75,3924,2,16007,409223,-76,-150
45505,1,-23769,434983,-65,3428,2,15974,409190,-78,-479
45510,1,-23478,435274,-63,3060,2,15912,409128,-80,-778
45515,1,-23225,435527,-71,2623,2,15817,409033,-85,-1157
45520,1,-23009,435743,-65,2187,2,15694,408910,-94,-1453
45525,1,-22835,435917,-68,1769,2,15550,408766,-85,-1725
45530,1,-22698,436054,-73,1357,2,15377,408593,-81,-2031
45535,1,-22597,436155,-63,950,2,15174,408390,-95,-2299
45540,1,-22539,436213,-60,447,2,14945,408161,-82,-2626
45545,1,-22523,436229,-67,24,2,14694,407910,-91,-2890
45550,1,-22542,436210,-69,-317,2,14416,407632,-90,-3156
45555,1,-22593,436159,-74,-700,2,14111,407327,-87,-3430
45560,1,-22671,436081,-83,-974,2,13783,406999,-100,-3703
45565,1,-22774,435978,-85,-1197,2,13430,406646,-90,-3987
45570,1,-22899,435853,-76,-1475,2,13054,406270,-79,-4216
45575,1,-23049,435703,-76,-1750,2,12657,405873,-80,-4432
45580,1,-23226,435526,-88,-2042,2,12237,405453,-90,-4668
45585,1,-23426,435326,-73,-2293,2,11796,405012,-89,-4978
45590,1,-23651,435101,-84,-2562,2,11330,404546,-90,-5186
45595,1,-23899,434853,-74,-2806,2,10838,404054,-89,-5507
45600,1,-24175,434577,-86,-3109,2,10325,403541,-84,-5733
45605,1,-24475,434277,-77,-3419,2,9791,403007,-82,-5886
45610,1,-24801,433951,-74,-3664,2,9240,402456,-86,-6145
45615,1,-25157,433595,-85,-4025,2,8657,401873,-104,-6357
45620,1,-25532,433220,-81,-4226,2,8078,401294,-89,-6603
45625,1,-25936,432816,-88,-4544,2,7460,400676,-83,-6899
45630,1,-26360,432392,-75,-4742,2,6820,400036,-98,-7140
45635,1,-26809,431943,-82,-5016,2,6160,399376,-89,-7330
45640,1,-27277,431475,-81,-5240,2,5488,398704,-89,-7426
45645,1,-27773,430979,-79,-5544,2,4792,398008,-89,-7715
45650,1,-28297,430455,-91,-5885,2,4072,397288,-97,-7956
45655,1,-28845,429907,-87,-6104,2,3330,396546,-88,-8220
45660,1,-29417,429335,-75,-6358,2,2577,395793,-107,-8345
45665,1,-30008,428744,-77,-6581,2,1808,395024,-95,-8562
45670,1,-30618,428134,-88,-6796,2,1014,394230,-95,-8871
45675,1,-31256,427496,-83,-7089,2,194,393410,-101,-9097
45680,1,-31922,426830,-77,-7387,2,-638,392578,-95,-9203
45685,1,-32609,426143,-81,-7651,2,-1484,391732,-101,-9402
45690,1,32221,425437,-71,-7831,2,-2356,390860,-94,-9739
45695,1,31498,424714,-88,-8085,2,-3251,389965,-86,-9904
45700,1,30747,423963,-79,-8368,2,-4155,389061,-79,-9931
45705,1,29969,423185,-78,-8618,2,-5071,388145,-94,-10115
45710,1,29172,422388,-77,-8823,2,-6013,387203,-100,-10410
45715,1,28359,421575,-89,-8987,2,-6971,386245,-81,-10541
45720,1,27498,420714,-83,-9347,2,-7960,385256,-98,-10708
45725,1,26651,419867,-80,-9609,2,-8949,384267,-100,-11000
45730,1,25763,418979,-76,-9825,2,-9937,383279,-94,-11157
45735,1,24859,418075,-85,-10047,2,-10953,382263,-86,-11172
45740,1,23927,417143,-88,-10417,2,-11991,381225,-113,-11516
45745,1,22967,416183,-87,-10632,2,-13054,380162,-94,-11778
45750,1,21993,415209,-66,-10729,2,-14121,379095,-88,-11710
45755,1,20997,414213,-70,-11036,2,-15210,378006,-119,-12087
45760,1,19945,413161,-97,-11382,2,-16357,376859,-89,-12385
45765,1,18900,412116,-80,-11550,2,-17480,375736,-93,-12335
45770,1,17837,411053,-86,-11772,2,-18625,374591,-100,-12734
45775,1,16742,409958,-91,-12113,2,-19796,373420,-95,-12881
45780,1,15628,408844,-83,-12283,2,-20971,372245,-86,-12970
45785,1,14500,407716,-81,-12502,2,-22173,371043,-115,-13351
45790,1,13339,406555,-94,-12853,2,-23396,369820,-85,-13424
45795,1,12162,405378,-66,-12924,2,-24623,368593,-102,-13579
45800,1,10967,404183,-103,-13285,2,-25877,367339,-113,-13836
45805,1,9743,402959,-81,-13521,2,-27135,366081,-81,-13785
45810,1,8507,401723,-64,-13629,2,-28407,364809,-118,-14124
45815,1,7245,400461,-104,-13981,2,-29703,363513,-110,-14228
45820,1,5962,399178,-78,-14132,2,-31034,362182,-95,-14361
45825,1,4668,397884,-86,-14306,2,-32323,360893,-102,-14586
45830,1,3340,396556,-98,-14705,2,31880,359560,-62,-14629
45835,1,2002,395218,-74,-14699,2,30534,358214,-105,-14958
45840,1,637,393853,-90,-15122,2,29163,356843,-95,-15011
45845,1,-753,392463,-79,-15297,2,27788,355468,-106,-15219
45850,1,-2153,391063,-90,-15551,2,26384,354064,-121,-15515
45855,1,-3589,389627,-91,-15808,2,24975,352655,-93,-15513
45860,1,-5030,388186,-68,-15920,2,23539,351219,-115,-15876
45865,1,-6505,386711,-107,-16322,2,22088,349768,-79,-15928
45870,1,-7989,385227,-61,-16356,2,20626,348306,-102,-16255
45875,1,-9501,383715,-101,-16693,2,19139,346819,-91,-16304
45880,1,-11026,382190,-67,-16700,2,17649,345329,-107,-16477
45885,1,-12573,380643,-103,-17124,2,16127,343807,-111,-16685
45890,1,-14137,379079,-63,-17115,2,14607,342287,-87,-16818
45895,1,-15721,377495,-113,-17579,2,13060,340740,-111,-17042
45900,1,-17325,375891,-63,-17578,2,11512,339192,-96,-17122
45905,1,-18945,374271,-108,-18011,2,9936,337616,-115,-17432
45910,1,-20588,372628,-51,-18013,2,8356,336036,-88,-17433
45915,1,-22247,370969,-120,-18442,2,6754,334434,-117,-17719
45920,1,-23930,369286,-56,-18428,2,5146,332826,-77,-17669
45925,1,-25628,367588,-107,-18832,2,3471,331151,-125,-18090
45930,1,-27347,365869,-61,-18796,2,1831,329511,-69,-18007
45935,1,-29087,364129,-97,-19258,2,210,327890,-120,-18419
45940,1,-30843,362373,-55,-19188,2,-1457,326223,-86,-18295
45945,1,-32625,360591,-111,-19721,2,-3150,324530,-121,-18773
45950,1,31124,358804,-49,-19655,2,-4844,322836,-78,-18610
45955,1,29318,356998,-106,-19933,2,-6562,321118,-127,-18993
45960,1,27514,355194,-27,-19796,2,-8274,319406,-81,-18911
45965,1,25693,353373,-47,-20009,2,-10018,317662,-133,-19196
45970,1,23885,351565,-40,-19905,2,-11755,315925,-51,-19190
45975,1,22067,349747,-33,-19995,2,-13519,314161,-96,-19239
45980,1,20255,347935,-73,-19922,2,-15277,312403,-73,-19419
45985,1,18436,346116,0,-19910,2,-17053,310627,-115,-19494
45990,1,16616,344296,-94,-20015,2,-18830,308850,-61,-19679
45995,1,14796,342476,-30,-19961,2,-20610,307070,-22,-19433
46000,1,12972,340652,-66,-20077,2,-22390,305290,-99,-19665
46005,1,11155,338835,-18,-19882,2,-24169,303511,-42,-19372
46010,1,9328,337008,-82,-20108,2,-25953,301727,-131,-19680
46015,1,7511,335191,-20,-20050,2,-27721,299959,-8,-19346
46020,1,5683,333363,-48,-19997,2,-29502,298178,-151,-19597
46025,1,3865,331545,-58,-20091,2,-31314,296366,-8,-19506
46030,1,2037,329717,-13,-19929,2,32481,294625,-134,-19511
46035,1,167,327847,-69,-20164,2,30669,292813,-58,-19482
46040,1,-1615,326065,-17,-19975,2,28930,291074,-97,-19463
46045,1,-3439,324241,-90,-20122,2,27155,289299,-46,-19671
46050,1,-5267,322413,0,-20033,2,25371,287515,-53,-19448
46055,1,-7095,320585,-53,-20077,2,23596,285740,-101,-19656
46060,1,-8964,318716,-52,-20067,2,21769,283913,-64,-19375
46065,1,-10788,316892,-27,-20009,2,19989,282133,-90,-19679
46070,1,-12608,315072,-53,-20041,2,18210,280354,-42,-19382
46075,1,-14429,313251,11,-19829,2,16426,278570,-107,-19793
46080,1,-16251,311429,-95,-20087,2,14654,276798,-35,-19449
46085,1,-18069,309611,1,-19909,2,12865,275009,-128,-19586
46090,1,-19896,307784,-100,-20145,2,11095,273239,-49,-19503
46095,1,-21710,305970,-27,-19896,2,9306,271450,-116,-19526
46100,1,-23538,304142,-49,-20093,2,7525,269669,-39,-19688
46105,1,-25354,302326,-53,-20022,2,5737,267881,-52,-19562
46110,1,-27181,300499,-7,-20027,2,3956,266100,-87,-19680
46115,1,-28997,298683,-54,-19991,2,2167,264311,-41,-19508
46120,1,-30819,296861,-9,-19918,2,382,262526,-78,-19680
46125,1,-32637,295043,-82,-20031,2,-1407,260737,-24,-19515
46130,1,31082,293226,-12,-19895,2,-3191,258953,-116,-19764
46135,1,29262,291406,-97,-20065,2,-5019,257125,-33,-19495
46141,1,27082,289226,-38,-20066,2,-7120,255024,-90,-19617
46146,1,25259,287403,-17,-19901,2,-8891,253253,-48,-19566
46151,1,23442,285586,-47,-20053,2,-10681,251463,-82,-19557
46156,1,21619,283763,-18,-19885,2,-12462,249682,-78,-19794
46161,1,19798,281942,-72,-20084,2,-14241,247903,-32,-19333
46166,1,17974,280118,-7,-20019,2,-16030,246114,-140,-19679
46171,1,16151,278295,-92,-20051,2,-17811,244333,15,-19556
46176,1,14331,276475,-38,-19985,2,-19603,242541,-122,-19717
46181,1,12504,274648,-52,-20083,2,-21380,240764,-25,-19547
46186,1,10687,272831,-57,-20040,2,-23172,238972,-146,-19664
46191,1,8861,271005,-24,-19990,2,-24950,237194,-30,-19550
46196,1,7040,269184,-43,-20092,2,-26740,235404,-95,-19504
46201,1,5216,267360,-12,-19872,2,-28512,233632,-41,-19634
46206,1,3392,265536,-84,-20140,2,-30292,231852,-76,-19413
46211,1,1566,263710,-3,-19989,2,-32072,230072,-102,-19742
46216,1,-260,261884,-84,-20108,2,31690,228298,-46,-19304
46221,1,-2087,260057,-25,-20020,2,29912,226520,-100,-19641
46226,1,-3916,258228,-66,-20103,2,28139,224747,-19,-19326
46231,1,-5740,256404,-47,-20117,2,26307,222915,-109,-19743
46236,1,-7567,254577,-6,-20024,2,24580,221188,-54,-19429
46241,1,-9387,252757,-75,-20001,2,22791,219399,-126,-19733
46246,1,-11210,250934,15,-19889,2,21019,217627,-42,-19428
46251,1,-13036,249108,-92,-20166,2,19227,215835,-59,-19616
46256,1,-14850,247294,10,-19890,2,17456,214064,-51,-19485
46261,1,-16677,245467,-102,-20044,2,15666,212274,-96,-19572
46266,1,-18491,243653,-31,-20000,2,13891,210499,-69,-19706
46271,1,-20321,241823,-65,-20006,2,12109,208717,-57,-19355
46276,1,-22136,240008,-53,-20098,2,10329,206937,-84,-19701
46281,1,-23961,238183,-22,-19943,2,8550,205158,-22,-19416
46286,1,-25779,236365,-52,-19985,2,6758,203366,-122,-19721
46291,1,-27604,234540,25,-19917,2,4980,201588,-32,-19553
46296,1,-29422,232722,-90,-20021,2,3189,199797,-123,-19763
46301,1,-31241,230903,-7,-19960,2,1410,198018,-19,-19494
46306,1,32471,229079,-70,-20077,2,-383,196225,-72,-19675
46311,1,30659,227267,-46,-19930,2,-2161,194447,-64,-19481
46320,1,27295,223903,-47,-19999,2,-5465,191143,-64,-19551
46325,1,25567,222175,75,-19734,2,-7162,189446,68,-19279
46330,1,23820,220428,130,-19094,2,-8861,187747,149,-18555
46335,1,22140,218748,140,-18002,2,-10480,186128,144,-17198
46340,1,20549,217157,137,-17372,2,-12029,184579,131,-16359
46345,1,19033,215641,149,-16279,2,-13420,183188,133,-15238
46350,1,17598,214206,120,-15482,2,-14747,181861,126,-14222
46355,1,16232,212840,136,-14657,2,-15999,180609,117,-13431
46360,1,14952,211560,152,-13750,2,-17152,179456,146,-12260
46365,1,13715,210323,124,-12963,2,-18234,178374,150,-11192
46370,1,12585,209193,148,-12071,2,-19211,177397,138,-10404
46375,1,11541,208149,139,-11180,2,-20097,176511,162,-9342
46380,1,10566,207174,117,-10411,2,-20891,175717,138,-8411
46385,1,9668,206276,142,-9520,2,-21605,175003,139,-7534
46390,1,8852,205460,146,-8597,2,-22242,174366,128,-6638
46395,1,8112,204720,143,-7825,2,-22793,173815,130,-5707
46400,1,7441,204049,142,-7080,2,-23252,173356,134,-4714
46405,1,6843,203451,136,-6285,2,-23626,172982,138,-3781
46410,1,6322,202930,136,-5405,2,-23913,172695,150,-2815
46415,1,5877,202485,128,-4579,2,-24124,172484,128,-1978
46420,1,5509,202117,145,-3753,2,-24250,172358,145,-1059
46425,1,5212,201820,143,-2953,2,-24295,172313,147,-167
46430,1,4987,201595,142,-2194,2,-24270,172338,156,511
46435,1,4836,201444,138,-1346,2,-24186,172422,155,1122
46440,1,4761,201369,138,-527,2,-24042,172566,158,1855
46445,1,4756,201364,145,207,2,-23844,172764,162,2430
46450,1,4811,201419,143,851,2,-23586,173022,164,3042
46455,1,4926,201534,148,1503,2,-23268,173340,159,3742
46460,1,5099,201707,162,2125,2,-22895,173713,168,4313
46465,1,5329,201937,150,2759,2,-22459,174149,170,5027
46470,1,5615,202223,158,3352,2,-21967,174641,164,5684
46475,1,5956,202564,159,3993,2,-21418,175190,157,6240
46480,1,6356,202964,155,4603,2,-20817,175791,153,6819
46485,1,6813,203421,159,5270,2,-20167,176441,175,7353
46490,1,7327,203935,149,5865,2,-19459,177149,164,7983
46495,1,7899,204507,166,6513,2,-18689,177919,174,8658
46500,1,8523,205131,152,7075,2,-17868,178740,170,9156
46505,1,9198,205806,147,7599,2,-17005,179603,150,9634
46510,1,9932,206540,154,8288,2,-16089,180519,170,10266
46515,1,10725,207333,165,8916,2,-15107,181501,179,11039
46520,1,11574,208182,157,9476,2,-14076,182532,172,11514
46525,1,12470,209078,143,10011,2,-13001,183607,162,12033
46530,1,13423,210031,165,10705,2,-11861,184747,177,12745
46535,1,14438,211046,172,11403,2,-10675,185933,144,13201
46540,1,15505,212113,141,11910,2,-9444,187164,172,13785
46545,1,16620,213228,166,12495,2,-8145,188463,186,14479
46550,1,17802,214410,177,13253,2,-6809,189799,143,14843
46555,1,19032,215640,146,13643,2,-5417,191191,185,15485
46560,1,20317,216925,156,14408,2,-3979,192629,137,15917
46565,1,21661,218269,141,14906,2,-2491,194117,186,16683
46570,1,23050,219658,140,15503,2,-945,195663,162,17128
46575,1,24503,221111,172,16267,2,643,197251,178,17773
46580,1,26001,222609,147,16628,2,2289,198897,181,18218
46585,1,27558,224166,188,17395,2,3973,200581,176,18855
46590,1,29161,225769,129,17682,2,5716,202324,124,19244
46595,1,30823,227431,201,18571,2,7482,204090,118,19600
46600,1,32530,229138,130,18868,2,9261,205869,59,19390
46605,1,-31248,230896,135,19532,2,11045,207653,110,19683
46610,1,-29468,232676,43,19631,2,12829,209437,19,19494
46615,1,-27667,234477,117,19885,2,14626,211234,107,19827
46620,1,-25864,236280,33,19768,2,16408,213016,22,19549
46625,1,-24049,238095,70,19959,2,18204,214812,145,19762
46630,1,-22238,239906,55,19891,2,19987,216595,20,19592
46635,1,-20416,241728,22,20061,2,21785,218393,85,19682
46640,1,-18599,243545,27,20018,2,23563,220171,16,19622
46645,1,-16777,245367,1,19790,2,25357,221965,83,19661
46650,1,-14958,247186,78,20128,2,27135,223743,71,19687
46655,1,-13139,249005,20,19900,2,28923,225531,67,19423
46660,1,-11315,250829,87,20128,2,30701,227309,99,19681
46665,1,-9458,252686,32,19874,2,32528,229136,26,19355
46670,1,-7632,254512,72,20057,2,-31223,230921,106,19775
46675,1,-5813,256331,42,19991,2,-29449,232695,27,19370
46680,1,-3992,258152,8,19994,2,-27659,234485,183,19699
46685,1,-2170,259974,63,19982,2,-25885,236259,19,19546
46690,1,-347,261797,-34,19937,2,-24090,238054,109,19591
46695,1,1478,263622,69,20099,2,-22311,239833,27,19715
46700,1,3300,265444,17,19982,2,-20514,241630,78,19652
46705,1,5124,267268,77,20124,2,-18726,243418,69,19835
46710,1,6943,269087,32,19940,2,-16935,245209,37,19447
46715,1,8770,270914,57,20061,2,-15143,247001,106,19777
46720,1,10583,272727,46,20006,2,-13357,248787,-16,19537
46725,1,12409,274553,33,19983,2,-11559,250585,135,19763
46730,1,14224,276368,39,19981,2,-9778,252366,8,19602
46735,1,16049,278193,-11,19924,2,-7980,254164,145,19763
46740,1,17867,280011,70,20046,2,-6197,255947,50,19561
46745,1,19692,281836,14,20053,2,-4399,257745,89,19680
46750,1,21516,283660,73,20035,2,-2618,259526,53,19704
46755,1,23332,285476,36,19930,2,-817,261327,70,19752
46760,1,25156,287300,72,20043,2,969,263113,80,19730
46765,1,26973,289117,38,20034,2,2768,264912,50,19569
46770,1,28795,290939,32,19904,2,4555,266699,109,19767
46775,1,30610,292754,51,20001,2,6347,268491,30,19474
46780,1,32429,294573,-4,19830,2,8144,270288,109,19920
46785,1,-31290,296390,74,20077,2,9922,272066,2,19517
46790,1,-29475,298205,27,19875,2,11718,273862,141,19613
46795,1,-27658,300022,87,20094,2,13501,275645,31,19688
46800,1,-25841,301839,27,19887,2,15293,277437,83,19535
46805,1,-24020,303660,71,20017,2,17077,279221,57,19728
46810,1,-22206,305474,37,19935,2,18867,281011,53,19654
46815,1,-20385,307295,13,20013,2,20655,282799,74,19699
46820,1,-18570,309110,42,19954,2,22444,284588,41,19515
46825,1,-16750,310930,-11,19858,2,24229,286373,117,19654
46830,1,-14935,312745,76,20042,2,26019,288163,26,19526
46835,1,-13115,314565,31,19952,2,27806,289950,99,19788
46840,1,-11294,316386,88,20077,2,29586,291730,24,19430
46845,1,-9482,318198,22,19834,2,31377,293521,136,19725
46850,1,-7656,320024,60,20033,2,-32385,295295,32,19474
46855,1,-5836,321844,37,20011,2,-30591,297089,106,19648
46860,1,-4012,323668,1,20034,2,-28818,298862,37,19653
46865,1,-2189,325491,73,20033,2,-27027,300653,91,19545
46870,1,-366,327314,-26,19937,2,-25242,302438,77,19791
46875,1,1459,329139,63,20109,2,-23457,304223,47,19388
46880,1,3279,330959,25,19966,2,-21667,306013,114,19785
46885,1,5103,332783,76,20110,2,-19879,307801,10,19500
46890,1,6922,334602,27,19947,2,-18078,309602,133,19905
46895,1,8749,336429,70,20034,2,-16298,311382,-7,19546
46900,1,10561,338241,49,19993,2,-14498,313182,155,19703
46905,1,12385,340065,28,19975,2,-12713,314967,28,19701
46910,1,14201,341881,41,20018,2,-10915,316765,97,19604
46915,1,16025,343705,-17,19887,2,-9132,318548,52,19778
46920,1,17845,345525,64,20060,2,-7333,320347,61,19663
46925,1,19671,347351,25,20059,2,-5544,322136,70,19817
46930,1,21496,349176,63,20081,2,-3755,323925,23,19432
46935,1,23312,350992,33,19952,2,-1962,325718,140,19814
46940,1,25137,352817,77,20041,2,-169,327511,11,19566
46945,1,26953,354633,25,19998,2,1630,329310,95,19916
46950,1,28822,356502,15,19931,2,3462,331142,26,19541
46955,1,30634,358314,53,19950,2,5262,332942,89,19800
46960,1,32410,360090,-3,19840,2,6999,334679,48,19573
46965,1,-31311,361905,61,20059,2,8800,336480,110,19656
46970,1,-29449,363767,15,19872,2,10624,338304,69,19824
46975,1,-27634,365582,90,20040,2,12412,340092,49,19483
46980,1,-25815,367401,33,19911,2,14203,341883,71,19755
46985,1,-23997,369219,63,19974,2,15986,343666,2,19394
46990,1,-22181,371035,47,19983,2,17777,345457,122,19766
46995,1,-20361,372855,31,19991,2,19562,347242,38,19525
47000,1,-18544,374672,44,20012,2,21356,349036,95,19834
47005,1,-16724,376492,-9,19855,2,23138,350818,12,19465
47010,1,-14907,378309,81,20094,2,24932,352612,83,19742
47015,1,-13087,380129,22,19925,2,26713,354393,45,19483
47020,1,-11263,381953,80,20103,2,28510,356190,104,19747
47025,1,-9452,383764,31,19850,2,30238,357918,45,19603
47030,1,-7625,385591,69,20067,2,32075,359755,81,19493
47035,1,-5808,387408,38,19991,2,-31683,361533,51,19759
47040,1,-3983,389233,9,20032,2,-29901,363315,23,19285
47045,1,-2163,391053,66,19986,2,-28112,365104,159,19813
47050,1,-339,392877,-26,19982,2,-26291,366925,27,19487
47055,1,1485,394701,79,20112,2,-24539,368677,138,19796
47060,1,3305,396521,12,19964,2,-22765,370451,4,19496
47065,1,5128,398344,82,20108,2,-20965,372251,124,19719
47070,1,6946,400162,35,19949,2,-19184,374032,34,19632
47075,1,8774,401990,55,20040,2,-17381,375835,109,19675
47080,1,10587,403803,52,20013,2,-15598,377618,57,19818
47085,1,12413,405629,30,19965,2,-13804,379412,47,19556
47090,1,14231,407447,35,20024,2,-12009,381207,81,19837
47095,1,16057,409273,-9,19909,2,-10222,382994,-7,19464
47100,1,17878,411094,71,20090,2,-8425,384791,133,19810
47105,1,19704,412920,6,20058,2,-6637,386579,27,19577
47110,1,21528,414744,75,20026,2,-4838,388378,114,19812
47115,1,23344,416560,23,19915,2,-3057,390159,1,19552
47120,1,25168,418384,60,20029,2,-1255,391961,82,19743
47125,1,26985,420201,46,19990,2,532,393748,35,19656
47130,1,28809,422025,22,19956,2,2334,395550,62,19797
47135,1,30620,423836,44,19940,2,4117,397333,99,19664
47140,1,32440,425656,1,19809,2,5915,399131,46,19649
47145,1,-31280,427472,65,20083,2,7699,400915,60,19722
47150,1,-29465,429287,18,19847,2,9487,402703,26,19357
47155,1,-27649,431103,89,20067,2,11278,404494,127,19803
47160,1,-25830,432922,29,19916,2,13059,406275,46,19535
47165,1,-24011,434741,67,19983,2,14858,408074,136,19773
47170,1,-22195,436557,38,19977,2,16634,409850,7,19553
47175,1,-20374,438378,23,19977,2,18432,411648,96,19652
47180,1,-18557,440195,39,19983,2,20215,413431,24,19664
47185,1,-16737,442015,-16,19825,2,22014,415230,82,19726
47190,1,-14917,443835,79,20130,2,23793,417009,78,19676
47195,1,-13101,445651,31,19892,2,25587,418803,53,19578
47200,1,-11275,447477,88,20116,2,27370,420586,59,19716
47205,1,-9464,449288,22,19886,2,29155,422371,20,19348
47210,1,-7638,451114,70,20044,2,30940,424156,128,19788
47215,1,-5821,452931,39,19989,2,32719,425935,50,19410
47220,1,-3997,454755,3,20013,2,-31027,427725,127,19769
47225,1,-2176,456576,68,19977,2,-29255,429497,6,19416
47230,1,-350,458402,-30,19999,2,-27462,431290,128,19615
47235,1,1475,460227,80,20099,2,-25686,433066,25,19644
47240,1,3296,462048,22,19990,2,-23890,434862,114,19598
47245,1,5119,463871,67,20077,2,-22111,436641,83,19789
47250,1,6940,465692,39,19965,2,-20316,438436,52,19548
47255,1,8768,467520,60,20061,2,-18478,440274,69,19819
47260,1,10582,469334,43,20011,2,-16734,442018,7,19416
47265,1,12409,471161,26,19994,2,-14938,443814,142,19846
47270,1,14271,473023,51,19950,2,-13107,445645,10,19636
47275,1,16096,474848,-17,19955,2,-11307,447445,146,19709
47280,1,17918,476670,56,20068,2,-9525,449227,11,19645
47285,1,19741,478493,8,20060,2,-7725,451027,96,19687
47290,1,21566,480318,63,20035,2,-5940,452812,28,19713
47295,1,23382,482134,37,19940,2,-4143,454609,62,19658
47300,1,25207,483959,70,20054,2,-2361,456391,95,19762
47305,1,27024,485776,45,20033,2,-562,458190,47,19612
47310,1,28846,487598,23,19890,2,1227,459979,73,19729
47315,1,30661,489413,68,20028,2,3024,461776,6,19533
47324,1,-31510,492778,79,20093,2,6338,465090,-9,19526
47329,1,-29789,494499,-102,19602,2,8032,466784,-75,19565
47334,1,-28023,496265,-127,19319,2,9724,468476,-157,18105
47339,1,-26338,497950,-174,18082,2,11338,470090,-114,17387
47344,1,-24727,499561,-127,17507,2,12842,471594,-173,16182
47349,1,-23206,501082,-166,16289,2,14266,473018,-122,15266
47354,1,-21755,502533,-119,15721,2,15597,474349,-155,14228
47359,1,-20381,503907,-168,14660,2,16833,475585,-116,13274
47364,1,-19090,505198,-131,13968,2,17993,476745,-128,12405
47369,1,-17866,506422,-138,13072,2,19057,477809,-159,11249
47374,1,-16734,507554,-159,12104,2,20031,478783,-124,10390
47379,1,-15669,508619,-129,11457,2,20930,479682,-134,9546
47384,1,-14679,509609,-142,10515,2,21740,480492,-150,8574
47389,1,-13772,510516,-145,9596,2,22461,481213,-133,7563
47394,1,-12942,511346,-145,8813,2,23099,481851,-150,6673
47399,1,-12180,512108,-136,8034,2,23660,482412,-148,5814
47404,1,-11496,512792,-145,7183,2,24138,482890,-149,4938
47409,1,-10892,513396,-128,6313,2,24534,483286,-157,3993
47414,1,-10368,513920,-135,5489,2,24849,483601,-145,3133
47419,1,-9911,514377,-138,4721,2,25086,483838,-151,2304
47424,1,-9527,514761,-144,3977,2,25244,483996,-141,1410
47429,1,-9213,515075,-154,3133,2,25322,484074,-138,528
47434,1,-8973,515315,-136,2341,2,25322,484074,-146,-290
47439,1,-8808,515480,-144,1533,2,25256,484008,-152,-984
47444,1,-8714,515574,-145,734,2,25127,483879,-163,-1667
47449,1,-8687,515601,-149,39,2,24939,483691,-160,-2287
47454,1,-8721,515567,-158,-558,2,24692,483444,-155,-2939
47459,1,-8808,515480,-154,-1149,2,24379,483131,-148,-3587
47464,1,-8950,515338,-147,-1836,2,24011,482763,-169,-4273
47469,1,-9152,515136,-161,-2431,2,23601,482353,-166,-4842
47474,1,-9411,514877,-150,-3061,2,23123,481875,-167,-5489
47479,1,-9725,514563,-157,-3661,2,22595,481347,-162,-6040
47484,1,-10095,514193,-163,-4299,2,22015,480767,-161,-6527
47489,1,-10517,513771,-159,-4869,2,21379,480131,-174,-7237
47494,1,-10994,513294,-157,-5464,2,20683,479435,-165,-7916
47499,1,-11528,512760,-157,-6090,2,19929,478681,-167,-8527
47504,1,-12121,512167,-156,-6775,2,19124,477876,-163,-9044
47509,1,-12771,511517,-157,-7372,2,18272,477024,-172,-9622
47514,1,-13473,510815,-152,-7925,2,17358,476110,-159,-10335
47519,1,-14223,510065,-158,-8427,2,16389,475141,-165,-10857
47524,1,-15031,509257,-150,-9108,2,15375,474127,-163,-11258
47529,1,-15902,508386,-152,-9764,2,14309,473061,-177,-11952
47534,1,-16824,507464,-148,-10320,2,13182,471934,-169,-12623
47539,1,-17791,506497,-144,-10881,2,12014,470766,-168,-12966
47544,1,-18823,505465,-169,-11615,2,10790,469542,-180,-13731
47549,1,-19911,504377,-167,-12113,2,9511,468263,-173,-14184
47554,1,-21044,503244,-136,-12664,2,8192,466944,-183,-14728
47559,1,-22239,502049,-176,-13409,2,6814,465566,-196,-15381
47564,1,-23523,500765,-150,-13931,2,5356,464108,-155,-15766
47569,1,-24820,499468,-158,-14484,2,3841,462593,-185,-16495
47574,1,-26184,498104,-169,-15230,2,2349,461101,-149,-16897
47579,1,-27590,496698,-129,-15617,2,775,459527,-189,-17620
47584,1,-29059,495229,-173,-16371,2,-851,457901,-146,-17949
47589,1,-30574,493714,-134,-16723,2,-2521,456231,-190,-18688
47594,1,-32144,492144,-182,-17524,2,-4243,454509,-121,-18942
47599,1,31770,490522,-129,-17903,2,-5991,452761,-122,-19341
47604,1,30097,488849,-189,-18652,2,-7751,451001,-51,-19174
47609,1,28371,487123,-135,-19033,2,-9521,449231,-144,-19558
47614,1,26602,485354,-125,-19587,2,-11290,447462,-29,-19382
47619,1,24807,483559,-10,-19687,2,-13078,445674,-144,-19683
47624,1,22997,481749,-92,-19987,2,-14852,443900,-12,-19565
47629,1,21179,479931,-14,-19957,2,-16642,442110,-139,-19614
47634,1,19357,478109,-59,-20032,2,-18422,440330,-33,-19596
47639,1,17532,476284,-42,-20050,2,-20213,438539,-84,-19558
47644,1,15705,474457,-66,-20049,2,-21991,436761,-44,-19688
47649,1,13884,472636,-57,-20094,2,-23779,434973,-70,-19519
47654,1,12057,470809,-15,-19991,2,-25560,433192,-90,-19744
47659,1,10239,468991,-39,-19982,2,-27338,431414,-37,-19308
47664,1,8414,467166,-10,-19923,2,-29162,429590,-135,-19665
47669,1,6589,465341,-66,-20165,2,-30890,427862,-19,-19348
47674,1,4769,463521,-5,-19936,2,-32675,426077,-132,-19702
47679,1,2942,461694,-77,-20113,2,31095,424311,-48,-19377
47684,1,1119,459871,-27,-19983,2,29310,422526,-143,-19632
47689,1,-711,458041,-57,-20148,2,27544,420760,-34,-19443
47694,1,-2536,456216,-63,-20095,2,25755,418971,-83,-19523
47699,1,-4363,454389,-19,-19998,2,23985,417201,-43,-19575
47704,1,-6188,452564,-77,-20059,2,22194,415410,-89,-19552
47709,1,-8014,450738,40,-19979,2,20420,413636,-69,-19671
47714,1,-9837,448915,-97,-20104,2,18633,411849,-39,-19452
47719,1,-11656,447096,4,-19925,2,16858,410074,-73,-19637
47724,1,-13486,445266,-64,-20062,2,15076,408292,-43,-19338
47729,1,-15300,443452,-26,-19997,2,13292,406508,-111,-19761
47734,1,-17126,441626,-75,-20001,2,11520,404736,-46,-19419
47739,1,-18944,439808,-61,-20130,2,9731,402947,-129,-19697
47744,1,-20767,437985,-21,-19872,2,7958,401174,-14,-19552
47749,1,-22587,436165,-72,-20018,2,6168,399384,-89,-19534
47754,1,-24412,434340,25,-19956,2,4394,397610,-63,-19535
47759,1,-26234,432518,-73,-20072,2,2602,395818,-122,-19633
47764,1,-28055,430697,5,-19987,2,825,394041,-66,-19640
47769,1,-29878,428874,-60,-20023,2,-968,392248,-16,-19617
47774,1,-31694,427058,-40,-19993,2,-2747,390469,-66,-19617
47779,1,32017,425233,-57,-20000,2,-4537,388679,-31,-19467
47784,1,30204,423420,-64,-20037,2,-6322,386894,-126,-19772
47789,1,28383,421599,-36,-19850,2,-8100,385116,-36,-19440
47794,1,26566,419782,-53,-20033,2,-9890,383326,-145,-19786
47799,1,24745,417961,13,-19873,2,-11665,381551,-5,-19502
47804,1,22925,416141,-76,-20075,2,-13462,379754,-114,-19590
47809,1,21102,414318,-5,-20018,2,-15237,377979,-33,-19635
47814,1,19277,412493,-45,-20044,2,-17029,376187,-99,-19548
47819,1,17456,410672,-43,-20045,2,-18813,374403,-54,-19781
47824,1,15630,408846,-58,-20047,2,-20599,372617,-34,-19479
47829,1,13809,407025,-69,-20090,2,-22383,370833,-88,-19735
47834,1,11984,405200,-20,-19922,2,-24165,369051,-34,-19378
47839,1,10163,403379,-53,-20023,2,-25950,367266,-130,-19693
47844,1,8340,401556,-10,-19909,2,-27721,365495,-22,-19326
47849,1,6513,399729,-66,-20158,2,-29505,363711,-141,-19670
47854,1,4698,397914,0,-19906,2,-31273,361943,-21,-19482
47859,1,2868,396084,-74,-20102,2,32474,360154,-133,-19529
47864,1,1048,394264,-18,-20012,2,30706,358386,-43,-19481
47869,1,-785,392431,-55,-20132,2,28876,356556,-111,-19477
47874,1,-2652,390564,-70,-20055,2,27055,354735,-64,-19736
47879,1,-4481,388735,-2,-20013,2,25316,352996,-36,-19420
47884,1,-6308,386908,-98,-20065,2,23539,351219,-82,-19660
47889,1,-8134,385082,5,-20026,2,21754,349434,-51,-19363
47894,1,-9959,383257,-75,-20117,2,19974,347654,-93,-19676
47899,1,-11779,381437,5,-19923,2,18193,345873,-44,-19410
47904,1,-13609,379607,-64,-20063,2,16412,344092,-108,-19762
47909,1,-15424,377792,-17,-20069,2,14637,342317,-44,-19398
47914,1,-17250,375966,-38,-19999,2,12850,340530,-103,-19665
47919,1,-19067,374149,-73,-20099,2,11082,338762,-53,-19403
47924,1,-20892,372324,5,-19856,2,9292,336972,-119,-19537
47929,1,-22709,370507,-87,-20032,2,7515,335195,-38,-19696
47934,1,-24534,368682,-21,-19962,2,5729,333409,-57,-19504
47939,1,-26355,366861,-63,-20091,2,3949,331629,-80,-19700
47944,1,-28175,365041,-14,-19948,2,2162,329842,-42,-19442
47949,1,-29998,363218,-55,-20050,2,376,328056,-73,-19720
47954,1,-31816,361400,-39,-20017,2,-1411,326269,-16,-19454
47959,1,31897,359577,-22,-20010,2,-3198,324482,-104,-19820
47964,1,30083,357763,-74,-19959,2,-4981,322699,-54,-19490
47969,1,28262,355942,-1,-19873,2,-6773,320907,-145,-19733
47974,1,26444,354124,-73,-20018,2,-8545,319135,-33,-19456
47979,1,24623,352303,-31,-19926,2,-10338,317342,-107,-19624
47984,1,22803,350483,-62,-20077,2,-12116,315564,-10,-19667
47989,1,20982,348662,-16,-19936,2,-13905,313775,-79,-19479
47994,1,19157,346837,-38,-20060,2,-15687,311993,-93,-19783
47999,1,17335,345015,-34,-20061,2,-17469,310211,-46,-19421
48004,1,15511,343191,-34,-20038,2,-19259,308421,-120,-19700
48009,1,13690,341370,-65,-20046,2,-21039,306641,-2,-19465
48014,1,11867,339547,-5,-19909,2,-22829,304851,-131,-19749
48019,1,10047,337727,-75,-20039,2,-24607,303073,-28,-19516
48024,1,8226,335906,-35,-19926,2,-26398,301282,-129,-19680
48029,1,6399,334079,-89,-20142,2,-28166,299514,-23,-19451
48034,1,4583,332263,-12,-19894,2,-29953,297727,-108,-19481
48039,1,2752,330432,-68,-20141,2,-31729,295951,-42,-19681
48044,1,931,328611,-41,-20035,2,32023,294167,-72,-19454
48049,1,-900,326780,-10,-20116,2,30247,292391,-96,-19725
48054,1,-2722,324958,-60,-20032,2,28468,290612,-32,-19376
48059,1,-4549,323131,-2,-20017,2,26685,288829,-81,-19699
48064,1,-6378,321302,-82,-20088,2,24909,287053,-27,-19336
48069,1,-8202,319478,-14,-20004,2,23125,285269,-121,-19704
48074,1,-10027,317653,-106,-20097,2,21347,283491,-60,-19440
48079,1,-11847,315833,3,-19946,2,19517,281661,-91,-19740
48084,1,-13677,314003,-59,-20044,2,17789,279933,-47,-19378
48089,1,-15492,312188,-41,-20074,2,16000,278144,-96,-19628
48094,1,-17317,310363,-21,-19958,2,14230,276374,-55,-19516
48099,1,-19135,308545,-66,-20096,2,12443,274587,-94,-19500
48104,1,-20957,306723,12,-19833,2,10668,272812,-56,-19701
48109,1,-22778,304902,-79,-20099,2,8884,271028,-47,-19450
48114,1,-24599,303081,-22,-19949,2,7098,269242,-79,-19727
48119,1,-26425,301255,-79,-20138,2,5317,267461,-36,-19428
48124,1,-28242,299438,-20,-19905,2,3529,265673,-128,-19716
48129,1,-30067,297613,-52,-20067,2,1745,263889,-36,-19546
48134,1,-31883,295797,-45,-20021,2,-46,262098,-116,-19781
48139,1,31830,293974,-15,-19966,2,-1827,260317,-16,-19476
48144,1,30017,292161,-71,-19992,2,-3618,258526,-108,-19736
48149,1,28197,290341,-9,-19837,2,-5397,256747,-53,-19459
48154,1,26375,288519,-64,-20117,2,-7189,254955,-102,-19631
48159,1,24559,286703,-34,-19894,2,-8962,253182,-68,-19621
48164,1,22733,284877,-96,-20121,2,-10752,251392,-75,-19508
48169,1,20915,283059,-24,-19942,2,-12534,249610,-73,-19797
48174,1,19041,281185,-36,-20102,2,-14357,247787,-10,-19348
48179,1,17219,279363,-63,-20062,2,-16149,245995,-167,-19683
48184,1,15397,277541,-9,-19982,2,-17929,244215,-11,-19603
48189,1,13575,275719,-54,-20074,2,-19721,242423,-125,-19691
48194,1,11753,273897,-6,-19899,2,-21497,240647,-9,-19552
48199,1,9930,272074,-72,-20110,2,-23289,238855,-107,-19605
48204,1,8110,270254,-15,-19954,2,-25068,237076,-32,-19599
48209,1,6281,268425,-95,-20095,2,-26856,235288,-85,-19487
48214,1,4463,266607,-32,-19986,2,-28630,233514,-75,-19688
48219,1,2632,264776,-78,-20129,2,-30409,231735,-49,-19405
48224,1,810,262954,-47,-20111,2,-32191,229953,-96,-19695
48229,1,-1019,261125,-6,-20031,2,31572,228180,-30,-19310
48234,1,-2844,259300,-55,-20036,2,29790,226398,-122,-19654
48239,1,-4671,257473,12,-20007,2,28018,224626,-37,-19383
48244,1,-6498,255646,-89,-20120,2,26230,222838,-116,-19736
48249,1,-8322,253822,14,-19997,2,24460,221068,-34,-19440
48254,1,-10145,251999,-74,-20077,2,22669,219277,-113,-19663
48259,1,-11964,250180,-28,-19951,2,20896,217504,-47,-19450
48264,1,-13794,248350,-72,-20031,2,19104,215712,-64,-19602
48269,1,-15609,246535,-66,-20097,2,17333,213941,-52,-19546
48274,1,-17430,244714,-23,-19853,2,15545,212153,-78,-19522
48279,1,-19253,242891,-50,-20109,2,13724,210332,-76,-19702
48284,1,-21073,241071,22,-19849,2,11989,208597,-54,-19325
48289,1,-22898,239246,-91,-20146,2,10205,206813,-101,-19711
48294,1,-24716,237428,9,-19908,2,8428,205036,-7,-19456
48299,1,-26543,235601,-61,-20123,2,6637,203245,-117,-19693
48304,1,-28361,233783,-40,-19926,2,4860,201468,-48,-19584
48309,1,-30183,231961,-55,-20061,2,3069,199677,-139,-19700
48314,1,-32000,230144,-68,-20037,2,1290,197898,-27,-19498
48319,1,31713,228321,-12,-19897,2,-502,196106,-78,-19672
48328,1,28351,224959,61,-19822,2,-3808,192800,9,-19739
48333,1,26661,223269,169,-19366,2,-5457,191151,181,-18754
48338,1,24976,221584,255,-17846,2,-7106,189502,210,-17389
48343,1,23406,220014,216,-16869,2,-8600,188008,227,-16042
48348,1,21954,218562,243,-15397,2,-9983,186625,197,-14575
48353,1,20609,217217,203,-14411,2,-11230,185378,231,-13212
48358,1,19372,215980,208,-13140,2,-12359,184249,192,-11983
48363,1,18254,214862,233,-11825,2,-13369,183239,203,-10502
48368,1,17238,213846,212,-10763,2,-14245,182363,217,-9112
48373,1,16334,212942,216,-9492,2,-15003,181605,212,-7839
48378,1,15540,212148,212,-8191,2,-15650,180958,210,-6616
48383,1,14858,211466,209,-7104,2,-16182,180426,200,-5367
48388,1,14281,210889,205,-5936,2,-16600,180008,215,-4003
48393,1,13809,210417,208,-4732,2,-16884,179724,217,-2762
48398,1,13444,210052,209,-3614,2,-17060,179548,209,-1459
48403,1,13186,209794,217,-2396,2,-17122,179486,207,-212
48408,1,13033,209641,219,-1247,2,-17075,179533,224,891
48413,1,12981,209589,217,-178,2,-16935,179673,239,1891
48418,1,13025,209633,226,820,2,-16706,179902,227,2882
48423,1,13155,209763,222,1787,2,-16385,180223,240,3869
48428,1,13374,209982,225,2778,2,-15970,180638,240,4992
48433,1,13685,210293,221,3770,2,-15463,181145,243,5936
48438,1,14086,210694,226,4749,2,-14863,181745,233,6891
48443,1,14579,211187,216,5790,2,-14182,182426,230,7833
48448,1,15157,211765,219,6702,2,-13419,183189,222,8744
48453,1,15820,212428,224,7590,2,-12564,184044,239,9803
48458,1,16574,213182,221,8637,2,-11618,184990,236,10764
48463,1,17421,214029,227,9630,2,-10596,186012,209,11504
48468,1,18357,214965,223,10590,2,-9490,187118,251,12540
48473,1,19370,215978,225,11494,2,-8280,188328,253,13666
48478,1,20506,217114,247,12540,2,-6967,189641,214,14339
48483,1,21704,218312,218,13490,2,-5595,191013,267,15464
48488,1,22981,219589,224,14400,2,-4140,192468,213,16246
48493,1,24355,220963,259,15511,2,-2606,194002,255,17341
48498,1,25807,222415,199,16192,2,-976,195632,251,18173
48503,1,27348,223956,240,17273,2,720,197328,168,18956
48508,1,28971,225579,223,18032,2,2470,199078,103,19324
48513,1,30675,227283,182,19003,2,4236,200844,131,19598
48518,1,32433,229041,47,19357,2,6025,202633,76,19532
48523,1,-31315,230829,102,19819,2,7819,204427,97,19858
48528,1,-29518,232626,46,19732,2,9607,206215,3,19497
48533,1,-27705,234439,111,20043,2,11408,208016,135,19831
48538,1,-25889,236255,38,19875,2,13194,209802,-9,19659
48543,1,-24066,238078,44,20050,2,14995,211603,115,19695
48548,1,-22247,239897,39,19954,2,16776,213384,20,19572
48553,1,-20422,241722,13,20088,2,18571,215179,100,19633
48558,1,-18604,243540,23,19967,2,20354,216962,36,19711
48563,1,-16783,245361,2,19805,2,22147,218755,49,19614
48568,1,-14963,247181,93,20160,2,23926,220534,78,19673
48573,1,-13144,249000,16,19886,2,25716,222324,62,19453
48578,1,-11316,250828,91,20155,2,27500,224108,104,19725
48583,1,-9507,252637,33,19819,2,29282,225890,26,19360
48588,1,-7682,254462,65,20046,2,31068,227676,129,19794
48593,1,-5864,256280,41,19976,2,-32692,229452,11,19429
48598,1,-4042,258102,8,20032,2,-30901,231243,130,19726
48603,1,-2219,259925,57,19992,2,-29130,233014,31,19449
48608,1,-395,261749,-17,19940,2,-27337,234807,134,19555
48613,1,1430,263574,74,20073,2,-25557,236587,30,19718
48618,1,3252,265396,18,19979,2,-23766,238378,85,19576
48623,1,5075,267219,80,20126,2,-21983,240161,84,19777
48628,1,6895,269039,32,19937,2,-20191,241953,44,19496
48633,1,8723,270867,60,20065,2,-18397,243747,94,19804
48638,1,10536,272680,44,20005,2,-16612,245532,0,19449
48643,1,12362,274506,25,19991,2,-14816,247328,152,19828
48648,1,14175,276319,38,19976,2,-13031,249113,-10,19655
48653,1,16000,278144,1,19937,2,-11234,250910,130,19650
48658,1,17819,279963,77,20038,2,-9451,252693,39,19626
48663,1,19643,281787,27,20040,2,-7652,254492,92,19715
48668,1,21466,283610,75,20053,2,-5868,256276,45,19720
48673,1,23281,285425,25,19899,2,-4072,258072,56,19632
48678,1,25105,287249,64,20031,2,-2288,259856,84,19773
48683,1,26923,289067,32,20013,2,-490,261654,49,19550
48688,1,28747,290891,24,19942,2,1300,263444,102,19791
48693,1,30559,292703,40,19962,2,3095,265239,22,19519
48698,1,32380,294524,3,19811,2,4887,267031,110,19913
48703,1,-31339,296341,74,20053,2,6673,268817,21,19510
48708,1,-29522,298158,17,19903,2,8473,270617,107,19754
48713,1,-27705,299975,89,20083,2,10250,272394,35,19623
48718,1,-25889,301791,28,19855,2,12045,274189,122,19566
48723,1,-24069,303611,46,20000,2,13833,275977,54,19818
48728,1,-22255,305425,33,19903,2,15620,277764,44,19527
48733,1,-20434,307246,25,20033,2,17407,279551,87,19701
48738,1,-18618,309062,32,19941,2,19194,281338,22,19519
48743,1,-16799,310881,-2,19846,2,20986,283130,104,19720
48748,1,-14984,312696,96,20025,2,22773,284917,15,19515
48753,1,-13164,314516,22,19949,2,24561,286705,111,19776
48758,1,-11344,316336,84,20083,2,26347,288491,19,19499
48763,1,-9530,318150,32,19852,2,28136,290280,95,19736
48768,1,-7705,319975,56,20037,2,29912,292056,58,19421
48773,1,-5886,321794,23,19995,2,31705,293849,120,19659
48778,1,-4016,323664,-7,20035,2,-32012,295668,45,19642
48783,1,-2194,325486,67,20021,2,-30221,297459,71,19521
48788,1,-370,327310,-25,19950,2,-28444,299236,86,19733
48793,1,1455,329135,57,20100,2,-26659,301021,34,19391
48798,1,3275,330955,25,19965,2,-24868,302812,132,19778
48803,1,5099,332779,78,20101,2,-23087,304593,7,19451
48808,1,6918,334598,25,19956,2,-21291,306389,143,19864
48813,1,8745,336425,69,20041,2,-19508,308172,-1,19585
48818,1,10557,338237,45,19991,2,-17704,309976,96,19722
48823,1,12382,340062,24,19986,2,-15925,311755,30,19627
48828,1,14199,341879,45,20023,2,-14126,313554,119,19618
48833,1,16023,343703,-14,19910,2,-12337,315343,53,19850
48838,1,17843,345523,64,20066,2,-10546,317134,35,19531
48843,1,19668,347348,29,20053,2,-8757,318923,90,19772
48848,1,21492,349172,59,20068,2,-6965,320715,11,19487
48853,1,23310,350990,23,19932,2,-5168,322512,132,19815
48858,1,25133,352813,85,20015,2,-3385,324295,27,19515
48863,1,26951,354631,26,20003,2,-1586,326094,132,19859
48868,1,28773,356453,27,19959,2,202,327882,16,19615
48873,1,30586,358266,49,19934,2,2005,329685,64,19808
48878,1,32407,360087,-1,19860,2,3790,331470,47,19568
48883,1,-31314,361902,65,20055,2,5593,333273,103,19780
48888,1,-29498,363718,31,19885,2,7375,335055,74,19786
48893,1,-27682,365534,91,20059,2,9212,336892,52,19403
48898,1,-25864,367352,19,19887,2,10955,338635,92,19796
48903,1,-24045,369171,70,19985,2,12738,340418,16,19445
48908,1,-22228,370988,36,19992,2,14534,342214,111,19780
48913,1,-20406,372810,21,19988,2,16313,343993,34,19528
48918,1,-18590,374626,40,19995,2,18108,345788,129,19781
48923,1,-16768,376448,-2,19875,2,19888,347568,7,19567
48928,1,-14951,378265,81,20079,2,21686,349366,69,19738
48933,1,-13131,380085,26,19934,2,23465,351145,31,19529
48938,1,-11308,381908,89,20115,2,25264,352944,101,19786
48943,1,-9497,383719,34,19837,2,27041,354721,77,19630
48948,1,-7670,385546,55,20044,2,28837,356517,63,19557
48953,1,-5853,387363,42,19985,2,30613,358293,66,19707
48958,1,-4028,389188,1,20045,2,32399,360079,36,19300
48963,1,-2209,391007,54,19974,2,-31349,361867,118,19831
48968,1,-384,392832,-20,19977,2,-29574,363642,25,19388
48973,1,1439,394655,68,20053,2,-27780,365436,155,19766
48978,1,3260,396476,23,19985,2,-26006,367210,-5,19545
48983,1,5082,398298,80,20115,2,-24209,369007,113,19628
48988,1,6900,400116,34,19949,2,-22434,370782,40,19607
48993,1,8727,401943,59,20056,2,-20634,372582,130,19665
48998,1,10540,403756,47,19983,2,-18849,374367,73,19820
49003,1,12367,405583,23,20013,2,-17053,376163,45,19516
49008,1,14183,407399,34,19996,2,-15264,377952,88,19820
49013,1,16008,409224,-4,19931,2,-13474,379742,8,19470
49018,1,17828,411044,67,20048,2,-11673,381543,136,19829
49023,1,19652,412868,25,20053,2,-9890,383326,24,19587
49028,1,21477,414693,68,20058,2,-8089,385127,146,19818
49033,1,23292,416508,16,19906,2,-6304,386912,17,19604
49038,1,25115,418331,66,20026,2,-4504,388712,89,19663
49043,1,26932,420148,35,19984,2,-2722,390494,29,19712
49048,1,28755,421971,17,19959,2,-919,392297,90,19736
49053,1,30566,423782,47,19964,2,869,394085,84,19780
49058,1,32387,425603,11,19829,2,2669,395885,40,19637
49063,1,-31334,427418,69,20056,2,4454,397670,75,19685
49068,1,-29519,429233,21,19850,2,6248,399464,13,19478
49073,1,-27703,431049,86,20072,2,8040,401256,89,19867
49078,1,-25884,432868,26,19889,2,9820,403036,22,19447
49083,1,-24020,434732,73,19987,2,11660,404876,158,19713
49088,1,-22203,436549,37,19990,2,13440,406656,23,19613
49093,1,-20382,438370,14,20002,2,15239,408455,101,19608
49098,1,-18565,440187,38,20002,2,17020,410236,32,19728
49103,1,-16745,442007,-17,19801,2,18860,412076,71,19621
49108,1,-14925,443827,70,20139,2,20601,413817,67,19763
49113,1,-13109,445643,26,19880,2,22394,415610,40,19517
49118,1,-11282,447470,98,20131,2,24179,417395,84,19721
49123,1,-9473,449279,19,19890,2,25967,419183,15,19439
49128,1,-7644,451108,70,20061,2,27759,420975,100,19841
49133,1,-5826,452926,37,19989,2,29536,422752,18,19440
49138,1,-4003,454749,2,20024,2,31327,424543,150,19747
49143,1,-2182,456570,72,19995,2,-32435,426317,24,19439
49148,1,-358,458394,-34,19967,2,-30641,428111,110,19655
49153,1,1467,460219,67,20075,2,-28870,429882,21,19611
49158,1,3289,462041,22,20023,2,-27079,431673,104,19542
49163,1,5112,463864,67,20088,2,-25298,433454,81,19770
49168,1,6932,465684,25,19952,2,-23511,435241,55,19412
49173,1,8759,467511,71,20060,2,-21722,437030,100,19808
49178,1,10573,469325,44,20005,2,-19934,438818,4,19491
49183,1,12400,471152,27,19995,2,-18133,440619,118,19900
49188,1,14215,472967,44,19978,2,-16351,442401,14,19524
49193,1,16040,474792,-14,19947,2,-14551,444201,174,19752
49198,1,17860,476612,78,20051,2,-12765,445987,24,19715
49203,1,19685,478437,14,20071,2,-10967,447785,101,19598
49208,1,21510,480262,68,20045,2,-9181,449571,52,19793
49213,1,23325,482077,32,19916,2,-7383,451369,72,19674
49218,1,25149,483901,71,20030,2,-5596,453156,85,19766
49223,1,26965,485717,25,20008,2,-3804,454948,44,19467
49228,1,28788,487540,35,19904,2,-2014,456738,114,19780
49233,1,30601,489353,48,19990,2,-220,458532,16,19543
49238,1,32420,491172,-1,19819,2,1575,460327,91,19896
49243,1,-31299,492989,73,20092,2,3365,462117,21,19533
49248,1,-29484,494804,31,19863,2,5160,463912,108,19831
49253,1,-27668,496620,82,20060,2,6944,465696,37,19553
49258,1,-25850,498438,16,19877,2,8745,467497,94,19668
49263,1,-24030,500258,60,19997,2,10526,469278,40,19785
49268,1,-22216,502072,40,19933,2,12317,471069,56,19568
49273,1,-20393,503895,10,20046,2,14108,472860,66,19796
49278,1,-18577,505711,41,19965,2,15893,474645,34,19429
49283,1,-16756,507532,-6,19853,2,17684,476436,130,19685
49288,1,-14940,509348,90,20071,2,19470,478222,13,19579
49293,1,-13121,511167,33,19921,2,21264,480016,102,19781
49298,1,-11301,512987,91,20077,2,23047,481799,17,19550
49303,1,-9489,514799,36,19840,2,24839,483591,113,19718
49308,1,-7665,516623,64,20058,2,26621,485373,44,19491
49313,1,-5844,518444,40,20009,2,28415,487167,87,19713
49318,1,-4021,520267,-9,20029,2,30189,488941,37,19574
49323,1,-2198,522090,68,20014,2,31981,490733,79,19592
49332,1,1178,525466,-15,20068,2,-30258,494030,-51,19455
49337,1,2882,527170,-213,19232,2,-28618,495670,-154,18893
49342,1,4591,528879,-203,18395,2,-26991,497297,-245,17126
49347,1,6176,530464,-255,16795,2,-25504,498784,-222,15996
49352,1,7649,531937,-209,15731,2,-24140,500148,-221,14413
49357,1,9006,533294,-225,14388,2,-22907,501381,-217,13064
49362,1,10248,534536,-201,13253,2,-21785,502503,-196,11886
49367,1,11390,535678,-220,12103,2,-20783,503505,-219,10483
49372,1,12411,536699,-226,10719,2,-19910,504378,-216,9125
49377,1,13322,537610,-222,9556,2,-19152,505136,-205,7940
49382,1,14128,538416,-219,8409,2,-18506,505782,-211,6609
49387,1,14844,539132,-207,7173,2,-17967,506321,-218,5242
49392,1,15429,539717,-214,5991,2,-17562,506726,-220,3969
49397,1,15904,540192,-207,4804,2,-17274,507014,-213,2671
49402,1,16275,540563,-203,3663,2,-17100,507188,-222,1457
49407,1,16539,540827,-224,2477,2,-17037,507251,-217,239
49412,1,16701,540989,-212,1366,2,-17079,507209,-232,-852
49417,1,16760,541048,-206,212,2,-17207,507081,-229,-1772
49422,1,16710,540998,-218,-907,2,-17426,506862,-229,-2793
49427,1,16571,540859,-233,-1880,2,-17736,506552,-224,-3748
49432,1,16345,540633,-223,-2847,2,-18138,506150,-231,-4755
49437,1,16029,540317,-230,-3836,2,-18635,505653,-233,-5868
49442,1,15625,539913,-233,-4777,2,-19220,505068,-223,-6836
49447,1,15137,539425,-224,-5749,2,-19894,504394,-251,-7649
49452,1,14558,538846,-232,-6684,2,-20649,503639,-230,-8602
49457,1,13888,538176,-223,-7691,2,-21490,502798,-227,-9591
49462,1,13130,537418,-225,-8670,2,-22427,501861,-231,-10623
49467,1,12290,536578,-232,-9518,2,-23448,500840,-221,-11492
49472,1,11367,535655,-238,-10513,2,-24543,499745,-253,-12421
49477,1,10349,534637,-234,-11519,2,-25734,498554,-255,-13434
49482,1,9243,533531,-225,-12464,2,-27004,497284,-232,-14205
49487,1,8062,532350,-219,-13324,2,-28349,495939,-258,-15187
49492,1,6784,531072,-250,-14427,2,-29787,494501,-257,-16020
49497,1,5426,529714,-217,-15138,2,-31293,492995,-222,-16936
49502,1,3979,528267,-257,-16307,2,32642,491394,-260,-17864
49507,1,2444,526732,-216,-17160,2,30979,489731,-138,-18560
49512,1,829,525117,-248,-18219,2,29253,488005,-199,-19095
49517,1,-878,523410,-161,-19022,2,27510,486262,-68,-19238
49522,1,-2640,521648,-139,-19584,2,25736,484488,-83,-19434
49527,1,-4441,519847,-60,-19723,2,23968,482720,-61,-19541
49532,1,-6259,518029,-108,-20078,2,22177,480929,-88,-19622
49537,1,-8091,516197,7,-20093,2,20400,479152,-85,-19676
49542,1,-9920,514368,-85,-20173,2,18611,477363,-40,-19450
49547,1,-11746,512542,21,-19973,2,16832,475584,-69,-19705
49552,1,-13580,510708,-67,-20117,2,15054,473806,-24,-19352
49557,1,-15397,508891,-21,-20037,2,13269,472021,-131,-19696
49562,1,-17224,507064,-40,-20017,2,11498,470250,-57,-19480
49567,1,-19041,505247,-64,-20092,2,9710,468462,-132,-19664
49572,1,-20864,503424,-9,-19823,2,7934,466686,-15,-19583
49577,1,-22683,501605,-86,-20061,2,6144,464896,-69,-19550
49582,1,-24506,499782,-18,-19935,2,4365,463117,-51,-19591
49587,1,-26329,497959,-54,-20144,2,2574,461326,-106,-19636
49592,1,-28149,496139,-2,-19927,2,795,459547,-80,-19667
49597,1,-29972,494316,-58,-20033,2,-996,457756,-26,-19602
49602,1,-31790,492498,-33,-19993,2,-2774,455978,-82,-19586
49607,1,31922,490674,-21,-20009,2,-4564,454188,-25,-19510
49612,1,30108,488860,-74,-20029,2,-6347,452405,-118,-19739
49617,1,28288,487040,-22,-19828,2,-8124,450628,-39,-19407
49622,1,26467,485219,-79,-20113,2,-9912,448840,-145,-19770
49627,1,24650,483402,-23,-19881,2,-11685,447067,-9,-19487
49632,1,22827,481579,-64,-20113,2,-13477,445275,-117,-19503
49637,1,21007,479759,-8,-19932,2,-15254,443498,-50,-19647
49642,1,19183,477935,-52,-20051,2,-17042,441710,-98,-19555
49647,1,17359,476111,-28,-20102,2,-18826,439926,-61,-19739
49652,1,15536,474288,-35,-20011,2,-20611,438141,-21,-19484
49657,1,13714,472466,-72,-20083,2,-22394,436358,-88,-19720
49662,1,11891,470643,0,-19902,2,-24177,434575,-29,-19421
49667,1,10070,468822,-80,-20044,2,-25965,432787,-144,-19709
49672,1,8247,466999,-36,-19944,2,-27737,431015,-28,-19394
49677,1,6420,465172,-71,-20151,2,-29521,429231,-145,-19669
49682,1,4603,463355,-8,-19940,2,-31289,427463,-13,-19446
49687,1,2726,461478,-70,-20137,2,32415,425631,-100,-19531
49692,1,905,459657,-38,-20067,2,30650,423866,-55,-19444
49697,1,-925,457827,-5,-20101,2,28865,422081,-113,-19490
49702,1,-2749,456003,-60,-20019,2,27093,420309,-66,-19690
49707,1,-4577,454175,15,-19990,2,25309,418525,-48,-19412
49712,1,-6404,452348,-87,-20089,2,23533,416749,-77,-19724
49717,1,-8227,450525,-5,-20008,2,21750,414966,-50,-19365
49722,1,-10052,448700,-100,-20109,2,19968,413184,-94,-19733
49727,1,-11870,446882,-15,-19931,2,18188,411404,-41,-19415
49732,1,-13700,445052,-60,-20047,2,16404,409620,-105,-19781
49737,1,-15514,443238,-39,-20087,2,14630,407846,-38,-19416
49742,1,-17337,441415,-34,-19916,2,12840,406056,-114,-19661
49747,1,-19157,439595,-47,-20099,2,11072,404288,-42,-19455
49752,1,-20979,437773,14,-19818,2,9283,402499,-109,-19501
49757,1,-22800,435952,-83,-20109,2,7506,400722,-42,-19694
49762,1,-24623,434129,2,-19952,2,5720,398936,-59,-19484
49767,1,-26446,432306,-80,-20087,2,3941,397157,-86,-19685
49772,1,-28267,430485,-34,-19941,2,2154,395370,-43,-19458
49777,1,-30089,428663,-41,-20029,2,370,393586,-73,-19709
49782,1,-31906,426846,-54,-20045,2,-1417,391799,-19,-19477
49787,1,31807,425023,-14,-19930,2,-3204,390012,-109,-19814
49792,1,29993,423209,-52,-19999,2,-4986,388230,-53,-19466
49797,1,28173,421389,-8,-19838,2,-6777,386439,-143,-19732
49802,1,26353,419569,-70,-20081,2,-8549,384667,-32,-19466
49807,1,24534,417750,-13,-19915,2,-10343,382873,-114,-19633
49812,1,22713,415929,-87,-20067,2,-12121,381095,-15,-19700
49817,1,20890,414106,-37,-19998,2,-13911,379305,-72,-19478
49822,1,19065,412281,-42,-20046,2,-15739,377477,-100,-19788
49827,1,17243,410459,-55,-20104,2,-17478,375738,-45,-19427
49832,1,15420,408636,-21,-19998,2,-19268,373948,-109,-19716
49837,1,13186,406402,-73,-20104,2,-23151,370065,-146,-19684
49851,1,8266,401482,-32,-19935,2,-26270,366946,-126,-19733
49856,1,6669,399885,-62,-20140,2,-27815,365401,-50,-19350
49861,1,4850,398066,-14,-19906,2,-29600,363616,-144,-19645
49866,1,3024,396240,-109,-20134,2,-31367,361849,-9,-19481
49871,1,1204,394420,-32,-19943,2,32379,360059,-95,-19503
49876,1,-627,392589,-59,-20142,2,30610,358290,-57,-19546
49881,1,-2449,390767,-51,-20070,2,28823,356503,-110,-19487
49886,1,-4276,388940,-4,-20053,2,27047,354727,-59,-19737
49891,1,-6103,387113,-65,-20037,2,25262,352942,-24,-19428
49896,1,-7928,385288,28,-19936,2,23483,351163,-75,-19667
49901,1,-9752,383464,-86,-20097,2,21698,349378,-56,-19397
49906,1,-11572,381644,9,-19954,2,19917,347597,-105,-19703
49911,1,-13401,379815,-89,-20098,2,18135,345815,-46,-19426
49916,1,-15215,378001,-31,-19970,2,16353,344033,-98,-19771
49921,1,-17041,376175,-75,-20035,2,14581,342261,-23,-19378
49926,1,-18858,374358,-50,-20089,2,12793,340473,-100,-19615
49931,1,-20683,372533,-12,-19922,2,11025,338705,-62,-19430
49936,1,-22500,370716,-63,-19961,2,9235,336915,-112,-19509
49941,1,-24324,368892,26,-19963,2,7458,335138,-39,-19731
49946,1,-26147,367069,-86,-20048,2,5672,333352,-33,-19495
49951,1,-27967,365249,9,-19994,2,3890,331570,-83,-19708
49956,1,-29790,363426,-73,-20027,2,2103,329783,-46,-19445
49961,1,-31606,361610,-42,-19951,2,315,327995,-96,-19746
49966,1,32105,359785,-50,-20039,2,-1472,326208,-34,-19482
49971,1,30292,357972,-58,-20022,2,-3262,324418,-122,-19854
49976,1,28471,356151,-24,-19915,2,-5044,322636,-33,-19469
49981,1,26655,354335,-42,-20002,2,-6838,320842,-134,-19703
49986,1,24833,352513,7,-19853,2,-8610,319070,-38,-19487
49991,1,22968,350648,-67,-20081,2,-10451,317229,-117,-19625
49996,1,21147,348827,-18,-19967,2,-12229,315451,-42,-19756
50001,1,19324,347004,-54,-20056,2,-14017,313663,-58,-19409
50006,1,17502,345182,-37,-20028,2,-15801,311879,-90,-19778
50011,1,15677,343357,-81,-20054,2,-17582,310098,-17,-19413
50016,1,13857,341537,-56,-20087,2,-19374,308306,-133,-19699
50021,1,12033,339713,-13,-19958,2,-21152,306528,-1,-19521
50026,1,10216,337896,-58,-19998,2,-22988,304692,-135,-19718
50031,1,8394,336074,-3,-19904,2,-24722,302958,-13,-19545
50036,1,6569,334249,-75,-20143,2,-26512,301168,-126,-19577
50041,1,4753,332433,-12,-19926,2,-28281,299399,-46,-19505
50046,1,2924,330604,-75,-20108,2,-30066,297614,-94,-19459
50051,1,1104,328784,-27,-20005,2,-31846,295834,-41,-19738
50056,1,-729,326951,-71,-20137,2,31909,294053,-29,-19451
50061,1,-2550,325130,-58,-20079,2,30130,292274,-105,-19704
50066,1,-4377,323303,-21,-20043,2,28353,290497,-50,-19347
50071,1,-6204,321476,-70,-20053,2,26568,288712,-87,-19679
50076,1,-8029,319651,33,-19993,2,24793,286937,-10,-19375
50081,1,-9852,317828,-86,-20100,2,23009,285153,-96,-19732
50086,1,-11672,316008,10,-19944,2,21231,283375,-59,-19443
50091,1,-13500,314180,-64,-20074,2,19446,281590,-101,-19719
50096,1,-15314,312366,-29,-19967,2,17673,279817,-53,-19376
50101,1,-17140,310540,-64,-20035,2,15885,278029,-84,-19589
50106,1,-18956,308724,-63,-20101,2,14113,276257,-26,-19569
50111,1,-20780,306900,-21,-19845,2,12327,274471,-82,-19508
50116,1,-22598,305082,-72,-20055,2,10551,272695,-95,-19695
50121,1,-24420,303260,15,-19885,2,8724,270868,-49,-19398
50126,1,-26243,301437,-65,-20154,2,6981,269125,-83,-19688
50131,1,-28061,299619,2,-19870,2,5201,267345,-1,-19462
50136,1,-29884,297796,-49,-20055,2,3411,265555,-115,-19761
50141,1,-31700,295980,-46,-19933,2,1628,263772,-44,-19559
50146,1,32012,294156,-39,-20056,2,-164,261980,-117,-19779
50151,1,30200,292344,-79,-19970,2,-1946,260198,-38,-19465
50156,1,28379,290523,-27,-19872,2,-3739,258405,-88,-19727
50161,1,26561,288705,-56,-20058,2,-5519,256625,-45,-19522
50166,1,24742,286886,12,-19861,2,-7310,254834,-97,-19616
50171,1,22920,285064,-72,-20112,2,-9084,253060,-89,-19633
50176,1,21100,283244,-8,-19954,2,-10872,251272,-51,-19473
50181,1,19276,281420,-38,-20057,2,-12657,249487,-85,-19771
50186,1,17453,279597,-42,-20062,2,-14435,247709,7,-19379
50191,1,15629,277773,-60,-20039,2,-16227,245917,-161,-19696
50196,1,13809,275953,-70,-20073,2,-18006,244138,-34,-19611
50201,1,11985,274129,-23,-19897,2,-19798,242346,-128,-19667
50206,1,10166,272310,-54,-20004,2,-21575,240569,-18,-19535
50211,1,8344,270488,-8,-19916,2,-23368,238776,-88,-19600
50216,1,6516,268660,-66,-20162,2,-25147,236997,-28,-19623
50221,1,4699,266843,-1,-19930,2,-26934,235210,-80,-19472
50226,1,2869,265013,-74,-20117,2,-28752,233392,-99,-19700
50231,1,1048,263192,-18,-20017,2,-30529,231615,-26,-19343
50236,1,-783,261361,-52,-20147,2,-32268,229876,-95,-19690
50241,1,-2606,259538,-70,-20042,2,31496,228104,-16,-19306
50246,1,-4433,257711,-7,-19987,2,29713,226321,-131,-19673
50251,1,-6260,255884,-93,-20040,2,27942,224550,-40,-19419
50256,1,-8084,254060,15,-19989,2,26152,222760,-130,-19713
50261,1,-9907,252237,-78,-20096,2,24383,220991,-25,-19448
50266,1,-11725,250419,1,-19918,2,22592,219200,-89,-19625
50271,1,-13554,248590,-61,-20039,2,20820,217428,-52,-19461
50276,1,-15369,246775,-17,-20034,2,19028,215636,-72,-19611
50281,1,-17193,244951,-66,-19961,2,17257,213865,-62,-19588
50286,1,-19012,243132,-65,-20111,2,15469,212077,-70,-19460
50291,1,-20877,241267,11,-19828,2,13647,210255,-57,-19723
50296,1,-22701,239443,-95,-20071,2,11869,208477,-46,-19287
50301,1,-24522,237622,-25,-19946,2,10082,206690,-142,-19732
50306,1,-26345,235799,-57,-20084,2,8306,204914,-18,-19521
50311,1,-28165,233979,-8,-19909,2,6515,203123,-119,-19683
50316,1,-29987,232157,-58,-20038,2,4739,201347,-9,-19553
50321,1,-31804,230340,-32,-20007,2,2948,199556,-103,-19668
50326,1,31909,228517,-27,-19992,2,1125,197733,-55,-19527
50335,1,28551,225159,125,-19780,2,-2136,194472,79,-19511
50340,1,26893,223501,235,-18910,2,-3787,192821,260,-18597
50345,1,25277,221885,334,-16990,2,-5362,191246,311,-16630
50350,1,23816,220424,286,-15614,2,-6785,189823,276,-14812
50355,1,22499,219107,288,-13860,2,-8025,188583,309,-13085
50360,1,21331,217939,274,-12254,2,-9118,187490,271,-11401
50365,1,20297,216905,272,-10800,2,-10063,186545,280,-9669
50370,1,19412,216020,290,-9127,2,-10841,185767,300,-7882
50375,1,18673,215281,292,-7466,2,-11465,185143,274,-6213
50380,1,18074,214682,279,-6019,2,-11942,184666,271,-4657
50385,1,17615,214223,284,-4532,2,-12268,184340,286,-2994
50390,1,17295,213903,294,-2912,2,-12446,184162,282,-1347
50395,1,17116,213724,275,-1374,2,-12477,184131,283,279
50400,1,17075,213683,284,82,2,-12369,184239,294,1713
50405,1,17163,213771,296,1450,2,-12131,184477,307,3090
50410,1,17372,213980,293,2757,2,-11766,184842,308,4527
50415,1,17704,214312,302,4127,2,-11280,185328,311,5827
50420,1,18153,214761,292,5433,2,-10672,185936,298,7095
50425,1,18721,215329,305,6685,2,-9946,186662,325,8475
50430,1,19405,216013,296,8007,2,-9094,187514,315,9901
50435,1,20213,216821,307,9402,2,-8118,188490,306,11139
50440,1,21144,217752,298,10762,2,-7036,189572,304,12269
50445,1,22191,218799,291,11908,2,-5832,190776,324,13795
50450,1,23354,219962,315,13298,2,-4506,192102,302,14952
50455,1,24647,221255,317,14681,2,-3073,193535,304,16241
50460,1,26046,222654,300,15847,2,-1508,195100,340,17646
50465,1,27570,224178,327,17269,2,155,196763,148,18609
50470,1,29205,225813,179,18313,2,1891,198499,186,19278
50475,1,30928,227536,183,19236,2,3654,200262,86,19445
50480,1,32693,229301,82,19485,2,5453,202061,92,19785
50485,1,-31045,231099,133,19911,2,7247,203855,35,19840
50490,1,-29247,232897,37,19763,2,9052,205660,45,19676
50495,1,-27427,234717,62,20025,2,10847,207455,66,19876
50500,1,-25606,236538,19,20000,2,12642,209250,16,19558
50505,1,-23777,238367,25,20094,2,14442,211050,100,19801
50510,1,-21957,240187,43,19987,2,16225,212833,3,19505
50515,1,-20132,242012,5,19932,2,18016,214624,128,19753
50520,1,-18312,243832,60,20066,2,19794,216402,8,19545
50525,1,-16495,245649,-2,19832,2,21588,218196,94,19683
50530,1,-14668,247476,110,20207,2,23366,219974,47,19527
50535,1,-12853,249291,9,19905,2,25162,221770,108,19726
50540,1,-11025,251119,59,19978,2,26942,223550,48,19638
50545,1,-9216,252928,32,19956,2,28735,225343,70,19592
50550,1,-7391,254753,37,20033,2,30508,227116,55,19644
50555,1,-5574,256570,40,19997,2,32295,228903,60,19366
50560,1,-3751,258393,1,19951,2,-31460,230684,111,19725
50565,1,-1928,260216,109,20040,2,-29680,232464,21,19331
50570,1,-106,262038,-6,19996,2,-27891,234253,155,19808
50575,1,1719,263863,85,20117,2,-26115,236029,9,19540
50580,1,3538,265682,16,19944,2,-24319,237825,137,19677
50585,1,5365,267509,36,20076,2,-22541,239603,35,19580
50590,1,7184,269328,28,19989,2,-20743,241401,115,19649
50595,1,9010,271154,21,19999,2,-18959,243185,34,19769
50600,1,10870,273014,45,20021,2,-17120,245024,54,19544
50605,1,12692,274836,12,19867,2,-15333,246811,90,19806
50610,1,14512,276656,82,20078,2,-13544,248600,20,19485
50615,1,16334,278478,26,19994,2,-11746,250398,153,19762
50620,1,18156,280300,80,20084,2,-9963,252181,15,19546
50625,1,19978,282122,36,20018,2,-8167,253977,142,19812
50630,1,21801,283945,46,19992,2,-6383,255761,14,19542
50635,1,23618,285762,26,19989,2,-4585,257559,93,19726
50640,1,25442,287586,23,20030,2,-2761,259383,46,19616
50646,1,27626,289770,75,20105,2,-646,261498,47,19648
50651,1,29442,291586,18,19863,2,1141,263285,62,19726
50656,1,31262,293406,82,20108,2,2938,265082,16,19511
50661,1,-32461,295219,17,19848,2,4728,266872,106,19850
50666,1,-30639,297041,59,20005,2,6517,268661,57,19501
50671,1,-28829,298851,19,19890,2,8315,270459,125,19860
50676,1,-27005,300675,33,20044,2,10092,272236,13,19522
50681,1,-25193,302487,30,19921,2,11888,274032,114,19564
50686,1,-23372,304308,-13,19876,2,13672,275816,30,19741
50691,1,-21557,306123,88,20001,2,15463,277607,88,19554
50696,1,-19738,307942,22,19924,2,17248,279392,93,19754
50701,1,-17919,309761,96,20086,2,19036,281180,37,19568
50706,1,-16107,311573,18,19795,2,20825,282969,64,19701
50711,1,-14284,313396,67,20030,2,22614,284758,4,19453
50716,1,-12470,315210,23,19945,2,24400,286544,108,19753
50721,1,-10646,317034,17,20014,2,26188,288332,53,19530
50726,1,-8836,318844,45,19988,2,27977,290121,116,19818
50731,1,-7010,320670,6,19926,2,29754,291898,33,19387
50736,1,-5191,322489,82,20030,2,31591,293735,108,19687
50741,1,-3367,324313,2,20029,2,-32172,295508,20,19541
50746,1,-1543,326137,100,20096,2,-30423,297257,111,19642
50751,1,279,327959,10,19974,2,-28649,299031,66,19719
50756,1,2106,329786,41,20043,2,-26859,300821,67,19489
50761,1,3922,331602,27,19994,2,-25071,302609,69,19784
50766,1,5749,333429,18,20033,2,-23287,304393,13,19379
50771,1,7565,335245,41,20017,2,-21493,306187,134,19857
50776,1,9386,337066,20,19767,2,-19707,307973,39,19545
50781,1,11205,338885,78,20098,2,-17904,309776,148,19844
50786,1,13023,340703,32,19879,2,-16125,311555,14,19576
50791,1,14848,342528,79,20138,2,-14325,313355,118,19616
50796,1,16665,344345,28,19904,2,-12538,315142,30,19777
50801,1,18490,346170,65,20083,2,-10743,316937,91,19600
50806,1,20313,347993,16,20024,2,-8957,318723,98,19808
50811,1,22138,349818,13,20018,2,-7162,320518,52,19554
50816,1,23955,351635,56,19994,2,-5370,322310,87,19790
50821,1,25778,353458,0,19940,2,-3583,324097,-4,19428
50826,1,27598,355278,74,20030,2,-1787,325893,119,19861
50831,1,29416,357096,31,19898,2,4,327684,22,19599
50836,1,31234,358914,91,20098,2,1804,329484,103,19871
50841,1,-32487,360729,10,19851,2,3590,331270,23,19515
50846,1,-30668,362548,50,19992,2,5436,333116,82,19774
50851,1,-28855,364361,25,19877,2,7174,334854,14,19676
50856,1,-27035,366181,17,20051,2,8972,336652,75,19587
50861,1,-25219,367997,36,19933,2,10755,338435,84,19836
50866,1,-23401,369815,-2,19899,2,12540,340220,50,19439
50871,1,-21582,371634,104,20016,2,14333,342013,82,19736
50876,1,-19763,373453,2,19957,2,16114,343794,6,19429
50881,1,-17942,375274,102,20101,2,17907,345587,121,19802
50886,1,-16127,377089,24,19860,2,19690,347370,31,19552
50891,1,-14304,378912,47,20034,2,21486,349166,113,19789
50896,1,-12489,380727,18,19936,2,23267,350947,28,19466
50901,1,-10618,382598,31,19972,2,25108,352788,81,19766
50906,1,-8807,384409,51,20033,2,26889,354569,37,19586
50911,1,-6980,386236,-7,19934,2,28685,356365,63,19696
50916,1,-5161,388055,98,20057,2,30459,358139,69,19646
50921,1,-3337,389879,15,20021,2,32249,359929,80,19383
50926,1,-1515,391701,86,20079,2,-31504,361712,88,19755
50931,1,308,393524,24,19975,2,-29726,363490,6,19319
50936,1,2133,395349,39,20022,2,-27934,365282,145,19812
50941,1,3950,397166,41,19967,2,-26159,367057,1,19532
50946,1,5775,398991,27,20045,2,-24362,368854,146,19705
50951,1,7593,400809,41,20025,2,-22588,370628,35,19519
50956,1,9415,402631,12,19826,2,-20788,372428,121,19679
50961,1,11235,404451,93,20135,2,-19004,374212,34,19761
50966,1,13054,406270,30,19894,2,-17205,376011,78,19634
50971,1,14879,408095,61,20130,2,-15420,377796,84,19796
50976,1,16698,409914,44,19906,2,-13627,379589,45,19490
50981,1,18521,411737,56,20042,2,-11829,381387,124,19838
50986,1,20348,413564,31,20088,2,-10045,383171,-2,19499
50991,1,22170,415386,17,19981,2,-8244,384972,140,19877
50996,1,23986,417202,43,19972,2,-6458,386758,11,19596
51001,1,25809,419025,-1,19913,2,-4657,388559,120,19741
51006,1,27630,420846,70,20058,2,-2876,390340,37,19616
51011,1,29448,422664,21,19906,2,-1073,392143,96,19750
51016,1,31268,424484,78,20095,2,715,393931,55,19743
51021,1,-32454,426298,25,19874,2,2517,395733,33,19743
51026,1,-30633,428119,60,20001,2,4300,397516,78,19667
51031,1,-28824,429928,20,19890,2,6097,399313,45,19525
51036,1,-27002,431750,27,20050,2,7886,401102,97,19819
51041,1,-25186,433566,42,19944,2,9669,402885,14,19397
51046,1,-23367,435385,-21,19914,2,11465,404681,138,19824
51051,1,-21548,437204,100,19999,2,13243,406459,-3,19572
51056,1,-19729,439023,18,19951,2,15044,408260,107,19672
51061,1,-17908,440844,91,20099,2,16822,410038,38,19632
51066,1,-16095,442657,22,19850,2,18620,411836,119,19658
51071,1,-14270,444482,73,20021,2,20404,413620,50,19753
51076,1,-12456,446296,9,20009,2,22201,415417,49,19651
51081,1,-10631,448121,26,19922,2,23982,417198,69,19679
51086,1,-8819,449933,54,20029,2,25775,418991,53,19475
51091,1,-6994,451758,-7,19923,2,27562,420778,104,19795
51096,1,-5174,453578,93,20049,2,29344,422560,17,19376
51101,1,-3351,455401,10,20011,2,31132,424348,127,19812
51106,1,-1528,457224,93,20080,2,-32629,426123,5,19429
51111,1,296,459048,18,20025,2,-30837,427915,115,19700
51116,1,2122,460874,49,20031,2,-29066,429686,47,19482
51121,1,3941,462693,37,20000,2,-27271,431481,145,19587
51126,1,5766,464518,25,20050,2,-25493,433259,47,19740
51131,1,7585,466337,41,20030,2,-23701,435051,65,19529
51136,1,9408,468160,8,19838,2,-21918,436834,70,19800
51141,1,11228,469980,89,20102,2,-20126,438626,23,19453
51146,1,13049,471801,32,19923,2,-18330,440422,106,19876
51151,1,14871,473623,65,20102,2,-16544,442208,-2,19460
51156,1,16691,475443,42,19946,2,-14745,444007,154,19846
51161,1,18513,477265,61,20011,2,-12960,445792,-15,19678
51166,1,20337,479089,17,20058,2,-11161,447591,103,19614
51171,1,22160,480912,19,20007,2,-9376,449376,43,19682
51176,1,23977,482729,37,19967,2,-7578,451174,106,19686
51181,1,25800,484552,3,19882,2,-5792,452960,59,19775
51186,1,27621,486373,79,20102,2,-3997,454755,40,19596
51191,1,29436,488188,23,19867,2,-2212,456540,80,19742
51196,1,31257,490009,94,20097,2,-414,458338,20,19548
51201,1,-32423,491865,10,19866,2,1423,460175,98,19840
51206,1,-30599,493689,70,20003,2,3217,461969,44,19551
51211,1,-28792,495496,36,19894,2,5012,463764,116,19896
51216,1,-26968,497320,18,20023,2,6796,465548,21,19513
51221,1,-25155,499133,26,19908,2,8598,467350,81,19702
51226,1,-23334,500954,-9,19895,2,10377,469129,16,19699
51231,1,-21519,502769,97,20001,2,12172,470924,95,19595
51236,1,-19698,504590,17,19965,2,13961,472713,76,19832
51241,1,-17878,506410,87,20070,2,15748,474500,25,19480
51246,1,-16066,508222,37,19821,2,17538,476290,87,19707
51251,1,-14243,510045,66,20044,2,19323,478075,6,19510
51256,1,-12428,511860,31,19942,2,21118,479870,100,19771
51261,1,-10605,513683,23,20014,2,22901,481653,42,19532
51266,1,-8795,515493,52,19968,2,24693,483445,133,19776
51271,1,-6969,517319,-17,19957,2,26475,485227,31,19472
51276,1,-5148,519140,105,20051,2,28269,487021,80,19717
51281,1,-3325,520963,8,20040,2,30043,488795,28,19485
51286,1,-1499,522789,85,20095,2,31837,490589,117,19655
51291,1,322,524610,30,19987,2,-31925,492363,65,19675
51296,1,2149,526437,38,20047,2,-30135,494153,61,19448
51301,1,3966,528254,48,19993,2,-28356,495932,83,19725
51306,1,5792,530080,21,20045,2,-26572,497716,22,19405
51311,1,7609,531897,37,20013,2,-24779,499509,125,19803
51316,1,9431,533719,18,19821,2,-22999,501289,30,19489
51321,1,11249,535537,88,20109,2,-21201,503087,151,19820
51326,1,13068,537356,26,19899,2,-19417,504871,0,19594
51335,1,16393,540681,-93,19963,2,-16148,508140,-140,19503
51340,1,18115,542403,-233,19083,2,-14457,509831,-219,18406
51345,1,19749,544037,-316,17300,2,-12897,511391,-325,16546
51350,1,21236,545524,-284,15813,2,-11458,512830,-277,14685
51355,1,22564,546852,-312,14008,2,-10231,514057,-310,12810
51360,1,23757,548045,-261,12532,2,-9182,515106,-287,11310
51365,1,24811,549099,-284,10928,2,-8250,516038,-286,9577
51370,1,25707,549995,-282,9243,2,-7481,516807,-281,7843
51375,1,26465,550753,-281,7726,2,-6870,517418,-281,6126
51380,1,27085,551373,-282,6244,2,-6411,517877,-281,4426
51385,1,27566,551854,-279,4723,2,-6094,518194,-270,2854
51390,1,27902,552190,-282,3128,2,-5930,518358,-289,1227
51395,1,28096,552384,-279,1558,2,-5909,518379,-302,-311
51400,1,28153,552441,-285,67,2,-6012,518276,-299,-1647
51405,1,28078,552366,-290,-1285,2,-6239,518049,-308,-3009
51410,1,27883,552171,-306,-2612,2,-6594,517694,-291,-4384
51415,1,27566,551854,-284,-4039,2,-7069,517219,-295,-5701
51420,1,27124,551412,-296,-5281,2,-7660,516628,-314,-6958
51425,1,26561,550849,-302,-6680,2,-8369,515919,-302,-8240
51430,1,25880,550168,-302,-7960,2,-9203,515085,-328,-9602
51435,1,25086,549374,-306,-9156,2,-10151,514137,-313,-10804
51440,1,24169,548457,-315,-10579,2,-11206,513082,-308,-12056
51445,1,23129,547417,-309,-11921,2,-12384,511904,-348,-13462
51450,1,21976,546264,-289,-13080,2,-13682,510606,-299,-14687
51455,1,20704,544992,-304,-14528,2,-15124,509164,-327,-15970
51460,1,19309,543597,-300,-15743,2,-16622,507666,-337,-17276
51465,1,17806,542094,-295,-16988,2,-18251,506037,-176,-18262
51470,1,16175,540463,-314,-18369,2,-19961,504327,-206,-18927
51475,1,14452,538740,-96,-19167,2,-21697,502591,-89,-19197
51480,1,12670,536958,-106,-19714,2,-23474,500814,-140,-19520
51485,1,10868,535156,-46,-19888,2,-25252,499036,-39,-19686
51490,1,9042,533330,-88,-20099,2,-27044,497244,-57,-19532
51495,1,7220,531508,-62,-20156,2,-28826,495462,-89,-19782
51500,1,5388,529676,-20,-19934,2,-30608,493680,-27,-19375
51505,1,3517,527805,-72,-20136,2,-32443,491845,-125,-19692
51510,1,1685,525973,-26,-20030,2,31319,490071,-20,-19411
51515,1,-142,524146,-65,-20156,2,29533,488285,-133,-19688
51520,1,-1970,522318,1,-20000,2,27763,486515,-29,-19495
51525,1,-3798,520490,-56,-20091,2,25974,484726,-117,-19630
51530,1,-5623,518665,-33,-20091,2,24205,482957,-52,-19431
51535,1,-7451,516837,-7,-20076,2,22415,481167,-86,-19613
51540,1,-9274,515014,-72,-20033,2,20644,479396,-35,-19534
51545,1,-11100,513188,-6,-19913,2,18855,477607,-62,-19533
51550,1,-12927,511361,-66,-20144,2,17083,475835,-90,-19668
51555,1,-14747,509541,-12,-19907,2,15258,474010,-58,-19321
51560,1,-16572,507716,-107,-20110,2,13475,472227,-90,-19685
51565,1,-18386,505902,2,-19901,2,11745,470497,-19,-19391
51570,1,-20217,504071,-68,-20065,2,9958,468710,-123,-19715
51575,1,-22029,502259,-44,-20025,2,8181,466933,-36,-19560
51580,1,-23856,500432,-14,-20014,2,6390,465142,-123,-19658
51585,1,-25671,498617,-67,-19984,2,4614,463366,-35,-19513
51590,1,-27497,496791,9,-19906,2,2822,461574,-85,-19646
51595,1,-29314,494974,-83,-20012,2,1042,459794,-43,-19581
51600,1,-31136,493152,-26,-19998,2,-751,458001,-68,-19694
51605,1,32578,491330,-80,-20089,2,-2529,456223,-94,-19602
51610,1,30762,489514,-11,-19888,2,-4321,454431,-36,-19564
51615,1,28938,487690,-65,-20042,2,-6100,452652,-63,-19651
51620,1,27123,485875,-41,-20022,2,-7882,450870,-13,-19329
51625,1,25299,484051,-9,-20013,2,-9666,449086,-145,-19761
51630,1,23485,482237,-65,-19984,2,-11443,447309,-45,-19471
51635,1,21661,480413,-10,-19942,2,-13237,445515,-150,-19684
51640,1,19840,478592,-64,-20012,2,-15012,443740,-4,-19589
51645,1,18019,476771,-25,-20023,2,-16803,441949,-87,-19552
51650,1,16193,474945,-96,-20050,2,-18585,440167,-35,-19660
51655,1,14376,473128,-7,-19955,2,-20374,438378,-75,-19560
51660,1,12548,471300,-55,-20074,2,-22155,436597,-85,-19743
51665,1,10730,469482,-41,-20031,2,-23986,434766,-32,-19448
51670,1,8904,467656,-32,-20013,2,-25726,433026,-97,-19689
51675,1,7084,465836,-49,-20071,2,-27503,431249,-18,-19308
51680,1,5259,464011,-1,-19877,2,-29285,429467,-154,-19699
51685,1,3435,462187,-68,-20112,2,-31055,427697,-39,-19407
51690,1,1609,460361,-22,-19991,2,32693,425909,-129,-19676
51695,1,-216,458536,-86,-20126,2,30929,424145,-30,-19387
51700,1,-2043,456709,-22,-20019,2,29097,422313,-94,-19542
51705,1,-3871,454881,-55,-20113,2,27373,420589,-44,-19521
51710,1,-5696,453056,-53,-20102,2,25583,418799,-79,-19493
51715,1,-7523,451229,-2,-20021,2,23811,417027,-65,-19689
51720,1,-9343,449409,-65,-19993,2,22023,415239,-54,-19494
51725,1,-11167,447585,-13,-19893,2,20245,413461,-69,-19705
51730,1,-12992,445760,-84,-20136,2,18460,411676,-37,-19362
51735,1,-14808,443944,15,-19926,2,16680,409896,-98,-19707
51740,1,-16633,442119,-118,-20034,2,14901,408117,-38,-19375
51745,1,-18448,440304,-20,-19976,2,13112,406328,-104,-19784
51750,1,-20276,438476,-48,-20012,2,11344,404560,-34,-19437
51755,1,-22092,436660,-66,-20073,2,9554,402770,-141,-19582
51760,1,-23919,434833,-3,-20002,2,7735,400951,-49,-19602
51765,1,-25737,433015,-63,-19986,2,5857,399073,-91,-19511
51770,1,-27560,431192,14,-19939,2,4214,397430,-49,-19641
51775,1,-29381,429371,-86,-20024,2,2424,395640,-58,-19583
51780,1,-31198,427554,-2,-19956,2,644,393860,-88,-19676
51785,1,32513,425729,-89,-20078,2,-1147,392069,-51,-19521
51790,1,30700,423916,-37,-19897,2,-2928,390288,-88,-19688
51795,1,28876,422092,-55,-20029,2,-4717,388499,-24,-19455
51800,1,27062,420278,-54,-20040,2,-6505,386711,-109,-19827
51805,1,25192,418408,-17,-19941,2,-8323,384893,-26,-19461
51810,1,23376,416592,-54,-19960,2,-10117,383099,-150,-19705
51815,1,21553,414769,13,-19976,2,-11892,381324,-21,-19561
51820,1,19728,412944,-76,-20060,2,-13688,379528,-94,-19535
51825,1,17908,411124,1,-20007,2,-15467,377749,-30,-19776
51830,1,16083,409299,-67,-20050,2,-17256,375960,-42,-19514
51835,1,14263,407479,-48,-20007,2,-19043,374173,-96,-19760
51840,1,12435,405651,-53,-20078,2,-20825,372391,-35,-19407
51845,1,10617,403833,-54,-20064,2,-22612,370604,-128,-19711
51850,1,8793,402009,-31,-19945,2,-24393,368823,-19,-19445
51855,1,6970,400186,-35,-20094,2,-26180,367036,-118,-19740
51860,1,5149,398365,0,-19855,2,-27946,365270,-23,-19378
51865,1,3324,396540,-83,-20142,2,-29732,363484,-156,-19570
51870,1,1502,394718,2,-19975,2,-31500,361716,-37,-19502
51875,1,-328,392888,-71,-20147,2,32247,359927,-98,-19465
51880,1,-2150,391066,-28,-19983,2,30476,358156,-30,-19636
51885,1,-3979,389237,-63,-20131,2,28692,356372,-68,-19458
51890,1,-5805,387411,-70,-20106,2,26912,354592,-89,-19761
51895,1,-7631,385585,-4,-19988,2,25130,352810,-47,-19361
51900,1,-9452,383764,-76,-20001,2,23349,351029,-89,-19665
51905,1,-11276,381940,22,-19906,2,21565,349245,-31,-19398
51910,1,-13104,380112,-86,-20174,2,19781,347461,-82,-19742
51915,1,-14918,378298,5,-19893,2,18002,345682,-60,-19445
51920,1,-16745,376471,-74,-20034,2,16219,343899,-111,-19737
51925,1,-18559,374657,-22,-19982,2,14447,342127,-47,-19358
51930,1,-20390,372826,-59,-20056,2,12659,340339,-76,-19592
51935,1,-22204,371012,-76,-20023,2,10891,338571,-49,-19491
51940,1,-24030,369186,-15,-19975,2,9102,336782,-103,-19505
51945,1,-25848,367368,-76,-19964,2,7323,335003,-71,-19757
51950,1,-27672,365544,45,-19969,2,5540,333220,-40,-19411
51955,1,-29493,363723,-85,-20064,2,3757,331437,-81,-19707
51960,1,-31311,361905,-12,-19935,2,1970,329650,-28,-19436
51965,1,32402,360082,-45,-20072,2,180,327860,-108,-19792
51970,1,30588,358268,-45,-19903,2,-1649,326031,-41,-19498
51975,1,28765,356445,-69,-20063,2,-3395,324285,-126,-19829
51980,1,26951,354631,-69,-19996,2,-5220,322460,-39,-19416
51985,1,25127,352807,-10,-19967,2,-6970,320710,-89,-19639
51990,1,23312,350992,-67,-19929,2,-8742,318938,-49,-19529
51995,1,21489,349169,24,-19991,2,-10536,317144,-117,-19617
52000,1,19665,347345,-75,-20056,2,-12315,315365,-61,-19778
52005,1,17845,345525,-13,-20007,2,-14101,313579,-51,-19369
52010,1,16019,343699,-56,-20057,2,-15887,311793,-105,-19763
52015,1,14200,341880,-31,-19989,2,-17668,310012,3,-19416
52020,1,12373,340053,-55,-20088,2,-19460,308220,-137,-19713
52025,1,10557,338237,-62,-20032,2,-21238,306442,-19,-19543
52030,1,8732,336412,-37,-19921,2,-23029,304651,-129,-19713
52035,1,6910,334590,-51,-20103,2,-24807,302873,-12,-19518
52040,1,5089,332769,13,-19866,2,-26597,301083,-92,-19567
52045,1,3264,330944,-90,-20161,2,-28367,299313,-56,-19532
52050,1,1443,329123,-2,-19942,2,-30153,297527,-103,-19482
52055,1,-390,327290,-58,-20192,2,-31932,295748,-62,-19770
52060,1,-2211,325469,-30,-19984,2,31823,293967,-21,-19404
52065,1,-4041,323639,-44,-20155,2,30043,292187,-91,-19693
52070,1,-5912,321768,-69,-20044,2,28223,290367,-21,-19361
52075,1,-7692,319988,-1,-19969,2,26480,288624,-121,-19708
52080,1,-9516,318164,-91,-19988,2,24706,286850,-19,-19422
52085,1,-11338,316342,0,-19943,2,22920,285064,-95,-19744
52090,1,-13164,314516,-75,-20153,2,21145,283289,-28,-19413
52095,1,-14980,312700,0,-19924,2,19356,281500,-89,-19692
52100,1,-16806,310874,-76,-20046,2,17586,279730,-65,-19359
52105,1,-18621,309059,-14,-20023,2,15796,277940,-96,-19583
52110,1,-20494,307186,-28,-19980,2,13980,276124,-55,-19672
52115,1,-22311,305369,-77,-20077,2,12195,274339,-56,-19427
52120,1,-24135,303545,-18,-19886,2,10417,272561,-79,-19741
52125,1,-25955,301725,-81,-20064,2,8637,270781,-35,-19374
52130,1,-27777,299903,-7,-19899,2,6847,268991,-106,-19699
52135,1,-29598,298082,-75,-20103,2,5067,267211,-16,-19522
52140,1,-31414,296266,-4,-19874,2,3276,265420,-110,-19773
52145,1,32298,294442,-51,-20061,2,1494,263638,-18,-19556
52150,1,30484,292628,-43,-19949,2,-299,261845,-110,-19707
52155,1,28662,290806,-43,-20018,2,-2080,260064,-57,-19471
52160,1,26846,288990,-58,-20062,2,-3873,258271,-97,-19721
52165,1,25025,287169,-22,-19836,2,-5653,256491,-48,-19594
52170,1,23205,285349,-82,-20045,2,-7488,254656,-55,-19514
52175,1,21382,283526,-19,-19940,2,-9219,252925,-84,-19663
52180,1,19560,281704,-65,-20097,2,-11005,251139,-51,-19382
52185,1,17736,279880,-2,-20021,2,-12794,249350,-130,-19792
52190,1,15912,278056,-63,-20016,2,-14570,247574,-6,-19467
52195,1,14091,276235,-22,-20064,2,-16362,245782,-158,-19686
52200,1,12266,274410,-25,-20023,2,-18142,244002,-4,-19633
52205,1,10449,272593,-70,-20040,2,-19934,242210,-122,-19621
52210,1,8626,270770,-18,-19870,2,-21712,240432,-28,-19580
52215,1,6800,268944,-82,-20128,2,-23505,238639,-87,-19573
52220,1,4978,267122,-22,-19949,2,-25287,236857,-30,-19728
52225,1,3151,265295,-78,-20153,2,-27070,235074,-46,-19440
52230,1,1327,263471,-4,-19973,2,-28848,233296,-110,-19701
52235,1,-503,261641,-46,-20134,2,-30623,231521,-37,-19332
52240,1,-2329,259815,-28,-20086,2,-32409,229735,-106,-19631
52245,1,-4156,257988,-33,-20084,2,31356,227964,-6,-19373
52250,1,-5980,256164,-64,-20066,2,29572,226180,-127,-19710
52255,1,-7805,254339,3,-19951,2,27801,224409,-47,-19453
52260,1,-9627,252517,-92,-20032,2,26010,222618,-131,-19648
52265,1,-11449,250695,-20,-19931,2,24241,220849,-32,-19459
52270,1,-13276,248868,-104,-20126,2,22449,219057,-76,-19601
52275,1,-15090,247054,8,-19942,2,20676,217284,-27,-19572
52280,1,-16917,245227,-73,-19989,2,18884,215492,-72,-19566
52285,1,-18735,243409,-41,-20126,2,17111,213719,-89,-19660
52290,1,-20558,241586,-10,-19925,2,15326,211934,-59,-19380
52295,1,-22378,239766,-65,-20082,2,13544,210152,-70,-19732
52300,1,-24200,237944,-6,-19843,2,11768,208376,-6,-19339
52305,1,-26022,236122,-82,-20074,2,9979,206587,-131,-19715
52310,1,-27844,234300,-17,-19945,2,8202,204810,-43,-19597
52315,1,-29664,232480,-92,-20063,2,6411,203019,-119,-19635
52320,1,-31482,230662,-11,-19915,2,4633,201241,-34,-19536
52325,1,32229,228837,-37,-20029,2,2842,199450,-81,-19643
52330,1,30416,227024,-46,-19999,2,1063,197671,-42,-19561
52339,1,27058,223666,151,-19858,2,-2240,194368,145,-19445
52344,1,25416,222024,346,-18300,2,-3863,192745,338,-18144
52349,1,23866,220474,373,-16492,2,-5369,191239,390,-15742
52354,1,22497,219105,369,-14180,2,-6689,189919,361,-13588
52359,1,21316,217924,353,-12299,2,-7795,188813,368,-11400
52364,1,20304,216912,345,-10429,2,-8716,187892,350,-9461
52369,1,19467,216075,354,-8448,2,-9462,187146,349,-7430
52374,1,18810,215418,359,-6450,2,-10028,186580,352,-5255
52379,1,18329,214937,361,-4623,2,-10391,186217,360,-3268
52384,1,18019,214627,353,-2730,2,-10568,186040,351,-1289
52389,1,17883,214491,351,-765,2,-10574,186034,356,661
52394,1,17917,214525,357,1004,2,-10415,186193,381,2388
52399,1,18111,214719,373,2747,2,-10099,186509,373,4083
52404,1,18456,215064,361,4421,2,-9626,186982,376,5783
52409,1,18952,215560,369,6027,2,-8990,187618,390,7637
52414,1,19616,216224,384,7757,2,-8176,188432,367,9319
52419,1,20420,217028,373,9452,2,-7236,189372,370,10849
52424,1,21377,217985,382,11101,2,-6147,190461,405,12619
52429,1,22476,219084,383,12599,2,-4899,191709,392,14324
52434,1,23728,220336,398,14386,2,-3513,193095,359,15800
52439,1,25133,221741,385,15988,2,-1963,194645,420,17704
52444,1,26676,223284,329,17555,2,-286,196322,136,18697
52449,1,28350,224958,225,18727,2,1464,198072,186,19451
52454,1,30088,226696,110,19313,2,3238,199846,77,19530
52459,1,31877,228485,109,19730,2,5038,201646,146,19915
52464,1,-31859,230285,61,19945,2,6835,203443,15,19680
52469,1,-30039,232105,40,19844,2,8647,205255,72,19796
52474,1,-28225,233919,76,20031,2,10437,207045,12,19834
52479,1,-26396,235748,-10,20040,2,12238,208846,60,19671
52484,1,-24569,237575,92,20184,2,14033,210641,66,19878
52489,1,-22743,239401,-23,20018,2,15823,212431,39,19463
52494,1,-20918,241226,46,20053,2,17612,214220,95,19697
52499,1,-19098,243046,10,19933,2,19393,216001,14,19441
52504,1,-17273,244871,34,19997,2,21183,217791,107,19757
52509,1,-15463,246681,51,20023,2,22963,219571,26,19509
52514,1,-13643,248501,37,19783,2,24756,221364,130,19770
52519,1,-11825,250319,59,20100,2,26538,223146,18,19497
52524,1,-10009,252135,0,19836,2,28334,224942,83,19703
52529,1,-8186,253958,113,20133,2,30107,226715,20,19540
52534,1,-6366,255778,-10,19978,2,31901,228509,100,19655
52539,1,-4543,257601,47,20023,2,-31863,230281,79,19633
52544,1,-2721,259423,30,20016,2,-30076,232068,80,19394
52549,1,-897,261247,29,20068,2,-28297,233847,93,19719
52554,1,926,263070,53,20038,2,-26515,235629,7,19410
52559,1,2751,264895,20,19942,2,-24722,237422,123,19832
52564,1,4571,266715,72,20039,2,-22944,239200,17,19493
52569,1,6395,268539,21,19949,2,-21145,240999,165,19793
52574,1,8219,270363,78,20182,2,-19364,242780,4,19581
52579,1,10033,272177,5,19869,2,-17562,244582,94,19665
52584,1,11858,274002,48,20029,2,-15781,246363,20,19715
52589,1,13670,275814,28,19928,2,-13985,248159,86,19628
52594,1,15495,277639,21,20051,2,-12192,249952,89,19847
52599,1,17309,279453,69,19953,2,-10403,251741,38,19512
52604,1,19133,281277,19,19985,2,-8611,253533,104,19748
52609,1,20956,283100,50,20003,2,-6819,255325,9,19504
52614,1,22776,284920,15,19945,2,-5025,257119,114,19836
52619,1,24598,286742,88,20122,2,-3243,258901,32,19490
52624,1,26419,288563,0,19961,2,-1445,260699,134,19816
52629,1,28245,290389,42,20047,2,341,262485,44,19533
52634,1,30058,292202,13,19928,2,2143,264287,71,19797
52639,1,31883,294027,38,20037,2,3925,266069,56,19602
52644,1,-31842,295838,42,19947,2,5727,267871,71,19772
52649,1,-30022,297658,34,19863,2,7511,269655,68,19791
52654,1,-28212,299468,64,19936,2,9304,271448,52,19399
52659,1,-26390,301290,-1,19903,2,11095,273239,111,19807
52664,1,-24573,303107,97,20096,2,12878,275022,0,19508
52669,1,-22757,304923,-6,19899,2,14676,276820,115,19793
52674,1,-20938,306742,54,20001,2,16454,278598,-8,19590
52679,1,-19122,308558,30,19898,2,18248,280392,133,19641
52684,1,-17254,310426,28,20021,2,20076,282220,51,19622
52689,1,-15489,312191,60,19957,2,21828,283972,71,19705
52694,1,-13666,314014,26,19947,2,23607,285751,52,19614
52699,1,-11851,315829,65,20001,2,25403,287547,63,19753
52704,1,-10033,317647,12,19819,2,27182,289326,79,19611
52709,1,-8213,319467,102,20158,2,28974,291118,59,19522
52714,1,-6347,321333,12,19958,2,30797,292941,114,19703
52719,1,-4523,323157,46,20057,2,32581,294725,27,19384
52724,1,-2701,324979,25,20029,2,-31168,296512,113,19825
52729,1,-876,326804,25,20058,2,-29392,298288,21,19402
52734,1,945,328625,57,20044,2,-27599,300081,157,19703
52739,1,2768,330448,9,19870,2,-25822,301858,28,19570
52744,1,4589,332269,75,20048,2,-24025,303655,105,19611
52749,1,6410,334090,16,19897,2,-22247,305433,38,19726
52754,1,8236,335916,77,20170,2,-20449,307231,67,19636
52759,1,10047,337727,15,19868,2,-18660,309020,54,19868
52764,1,11873,339553,50,20020,2,-16868,310812,29,19412
52769,1,13686,341366,19,19983,2,-15074,312606,135,19834
52774,1,15514,343194,25,20056,2,-13289,314391,-2,19533
52779,1,17328,345008,67,19975,2,-11489,316191,132,19808
52784,1,19155,346835,7,19990,2,-9709,317971,8,19590
52789,1,20978,348658,69,20013,2,-7909,319771,121,19748
52794,1,22799,350479,16,19954,2,-6124,321556,49,19651
52799,1,24621,352301,89,20086,2,-4324,323356,107,19639
52804,1,26439,354119,24,19952,2,-2541,325139,63,19774
52809,1,28262,355942,36,20013,2,-740,326940,58,19705
52814,1,30074,357754,9,19904,2,1049,328729,70,19736
52819,1,31897,359577,47,20039,2,2848,330528,30,19568
52824,1,-31829,361387,44,19906,2,4637,332317,116,19802
52829,1,-30009,363207,22,19862,2,6429,334109,50,19486
52834,1,-28198,365018,76,19952,2,8227,335907,106,19905
52839,1,-26377,366839,3,19950,2,10004,337684,-1,19496
52844,1,-24560,368656,102,20061,2,11802,339482,120,19592
52849,1,-22743,370473,-10,19953,2,13583,341263,34,19697
52854,1,-20923,372293,64,19978,2,15377,343057,102,19567
52859,1,-19107,374109,25,19926,2,17158,344838,55,19731
52864,1,-17284,375932,28,20027,2,18951,346631,57,19571
52869,1,-15472,377744,60,19971,2,20736,348416,51,19723
52874,1,-13648,379568,28,19925,2,22529,350209,19,19489
52879,1,-11829,381387,69,20104,2,24312,351992,117,19738
52884,1,-10013,383203,8,19794,2,26104,353784,55,19510
52889,1,-8190,385026,112,20182,2,27893,355573,96,19856
52894,1,-6371,386845,-4,19900,2,29671,357351,18,19381
52899,1,-4547,388669,37,20044,2,31464,359144,104,19718
52904,1,-2728,390488,35,19940,2,-32299,360917,30,19505
52909,1,-903,392313,17,20070,2,-30504,362712,123,19598
52914,1,918,394134,65,20007,2,-28730,364486,41,19736
52919,1,2741,395957,19,19942,2,-26941,366275,75,19456
52924,1,4559,397775,74,19988,2,-25156,368060,73,19784
52929,1,6383,399599,15,19940,2,-23373,369843,32,19350
52934,1,8207,401423,80,20161,2,-21582,371634,141,19833
52939,1,10020,403236,5,19868,2,-19796,373420,23,19510
52944,1,11846,405062,50,20070,2,-17995,375221,130,19890
52949,1,13661,406877,31,19952,2,-16214,377002,-2,19539
52954,1,15488,408704,14,20064,2,-14414,378802,122,19691
52959,1,17305,410521,68,19987,2,-12628,380588,30,19732
52964,1,19130,412346,18,20010,2,-10829,382387,101,19617
52969,1,20954,414170,50,20001,2,-9042,384174,72,19827
52974,1,22774,415990,9,19914,2,-7245,385971,48,19615
52979,1,24595,417811,89,20114,2,-5454,387762,73,19801
52984,1,26415,419631,0,19951,2,-3665,389551,-2,19428
52989,1,28238,421454,42,20039,2,-1824,391392,134,19870
52994,1,30051,423267,28,19890,2,-78,393138,30,19587
52999,1,31874,425090,44,20040,2,1722,394938,95,19883
53004,1,-31851,426901,38,19934,2,3509,396725,17,19510
53009,1,-30031,428721,39,19855,2,5306,398522,66,19768
53014,1,-28221,430531,73,19918,2,7089,400305,32,19578
53019,1,-26353,432399,-2,19979,2,8932,402148,93,19661
53024,1,-24537,434215,94,20037,2,10712,403928,86,19781
53029,1,-22720,436032,13,19943,2,12502,405718,64,19483
53034,1,-20900,437852,61,19994,2,14293,407509,73,19808
53039,1,-19084,439668,10,19942,2,16076,409292,2,19391
53044,1,-17259,441493,44,20005,2,17870,411086,107,19825
53049,1,-15448,443304,56,20006,2,19655,412871,26,19549
53054,1,-13626,445126,22,19831,2,21452,414668,104,19805
53059,1,-11805,446947,64,20112,2,23233,416449,10,19495
53064,1,-9992,448760,12,19818,2,25029,418245,86,19727
53069,1,-8168,450584,108,20153,2,26808,420024,16,19581
53074,1,-6348,452404,3,19964,2,28604,421820,97,19649
53079,1,-4526,454226,43,20014,2,30378,423594,77,19683
53084,1,-2705,456047,28,19995,2,32167,425383,79,19426
53089,1,-881,457871,26,20070,2,-31589,427163,72,19716
53094,1,942,459694,59,20026,2,-29807,428945,13,19295
53099,1,2766,461518,7,19931,2,-28020,430732,128,19791
53104,1,4586,463338,81,20032,2,-26244,432508,32,19477
53109,1,6409,465161,26,19965,2,-24448,434304,153,19779
53114,1,8233,466985,74,20148,2,-22673,436079,20,19509
53119,1,10049,468801,25,19896,2,-20872,437880,116,19688
53124,1,11874,470626,36,20044,2,-19088,439664,25,19721
53129,1,13690,472442,17,19954,2,-17286,441466,94,19652
53134,1,15515,474267,23,20060,2,-15502,443250,91,19834
53139,1,17333,476085,65,19982,2,-13709,445043,48,19528
53144,1,19156,477908,8,19966,2,-11912,446840,104,19819
53149,1,20980,479732,62,20014,2,-10127,448625,-8,19489
53154,1,22800,481552,17,19937,2,-8329,450423,139,19816
53159,1,24621,483373,80,20115,2,-6542,452210,25,19591
53164,1,26439,485191,24,19943,2,-4744,454008,123,19785
53169,1,28264,487016,45,20035,2,-2963,455789,19,19542
53174,1,30075,488827,4,19927,2,-1161,457591,76,19775
53179,1,31898,490650,56,19995,2,625,459377,40,19669
53184,1,-31827,492461,36,19963,2,2428,461180,35,19790
53189,1,-30007,494281,26,19841,2,4211,462963,88,19680
53194,1,-28196,496092,80,19980,2,6009,464761,55,19555
53199,1,-26374,497914,5,19934,2,7799,466551,66,19840
53204,1,-24557,499731,93,20088,2,9585,468337,6,19405
53209,1,-22741,501547,4,19872,2,11381,470133,133,19815
53214,1,-20922,503366,56,20029,2,13163,471915,4,19621
53219,1,-19106,505182,25,19892,2,14960,473712,131,19672
53224,1,-17282,507006,30,20017,2,16741,475493,30,19637
53229,1,-15472,508816,58,19976,2,18535,477287,98,19604
53234,1,-13648,510640,25,19909,2,20321,479073,41,19734
53239,1,-11833,512455,56,20004,2,22116,480868,64,19645
53244,1,-10015,514273,12,19819,2,23897,482649,86,19677
53249,1,-8195,516093,112,20149,2,25690,484442,53,19560
53254,1,-6375,517913,-9,19958,2,27473,486225,75,19690
53259,1,-4552,519736,38,20018,2,29259,488011,22,19380
53264,1,-2729,521559,38,20013,2,31044,489796,115,19812
53269,1,-905,523383,26,20055,2,-32715,491573,16,19437
53274,1,917,525205,57,20046,2,-30923,493365,134,19751
53279,1,2740,527028,30,19901,2,-29150,495138,33,19454
53284,1,4559,528847,69,20007,2,-27356,496932,125,19585
53289,1,6382,530670,10,19916,2,-25577,498711,25,19718
53294,1,8206,532494,78,20174,2,-23782,500506,78,19587
53299,1,10065,534353,36,19894,2,-21954,502334,74,19795
53304,1,11890,536178,46,20052,2,-20161,504127,43,19492
53309,1,13660,537948,35,19964,2,-18409,505879,85,19874
53314,1,15486,539774,17,20053,2,-16622,507666,-11,19456
53319,1,17348,541636,55,19982,2,-14778,509510,151,19840
53324,1,19172,543460,16,19972,2,-12994,511294,5,19659
53329,1,20995,545283,68,20025,2,-11194,513094,124,19647
53334,1,22815,547103,7,19933,2,-9412,514876,51,19631
53343,1,26176,550464,-183,19740,2,-6103,518185,-160,19443
53348,1,27824,552112,-318,18648,2,-4488,519800,-326,17900
53353,1,29384,553672,-406,16327,2,-2998,521290,-390,15656
53358,1,30768,555056,-342,14519,2,-1687,522601,-364,13554
53363,1,31968,556256,-392,12439,2,-580,523708,-372,11335
53368,1,-32553,557271,-368,10428,2,339,524627,-363,9411
53373,1,-31708,558116,-351,8566,2,1078,525366,-353,7319
53378,1,-31042,558782,-361,6572,2,1635,525923,-356,5303
53383,1,-30554,559270,-354,4663,2,2006,526294,-368,3403
53388,1,-30240,559584,-363,2774,2,2199,526487,-362,1440
53393,1,-30095,559729,-353,915,2,2220,526508,-363,-482
53398,1,-30117,559707,-363,-865,2,2073,526361,-379,-2204
53403,1,-30293,559531,-372,-2544,2,1785,526073,-377,-3840
53408,1,-30620,559204,-377,-4224,2,1336,525624,-385,-5575
53413,1,-31098,558726,-372,-5896,2,728,525016,-389,-7304
53418,1,-31734,558090,-371,-7601,2,-35,524253,-367,-8963
53423,1,-32521,557303,-375,-9309,2,-944,523344,-372,-10486
53428,1,32079,556367,-366,-10876,2,-2000,522288,-401,-12223
53433,1,30996,555284,-371,-12499,2,-3216,521072,-385,-13965
53438,1,29753,554041,-394,-14262,2,-4565,519723,-375,-15331
53443,1,28371,552659,-367,-15665,2,-6065,518223,-413,-17126
53448,1,26839,551127,-412,-17466,2,-7698,516590,-197,-18169
53453,1,25173,549461,-187,-18622,2,-9410,514878,-210,-19021
53458,1,23428,547716,-140,-19407,2,-11158,513130,-39,-19247
53463,1,21634,545922,-52,-19701,2,-12943,511345,-165,-19710
53468,1,19816,544104,-95,-20104,2,-14727,509561,-43,-19646
53473,1,17984,542272,-18,-20117,2,-16528,507760,-134,-19795
53478,1,16150,540438,-82,-20173,2,-18316,505972,-16,-19646
53483,1,14322,538610,-34,-20039,2,-20114,504174,-79,-19604
53488,1,12491,536779,-40,-20129,2,-21893,502395,-35,-19641
53493,1,10672,534960,-64,-19996,2,-23683,500605,-86,-19564
53498,1,8848,533136,-25,-20022,2,-25462,498826,-76,-19727
53503,1,7033,531321,-38,-20007,2,-27242,497046,-31,-19321
53508,1,5209,529497,-17,-19851,2,-29066,495222,-105,-19691
53513,1,3390,527678,-67,-20099,2,-30795,493493,-18,-19361
53518,1,1562,525850,-14,-20027,2,-32585,491703,-150,-19687
53523,1,-264,524024,-81,-20148,2,31181,489933,-37,-19436
53528,1,-2093,522195,-30,-20043,2,29394,488146,-145,-19642
53533,1,-3920,520368,-68,-20106,2,27625,486377,-16,-19487
53538,1,-5747,518541,-56,-20141,2,25835,484587,-85,-19591
53543,1,-7576,516712,-7,-20024,2,24064,482816,-62,-19515
53548,1,-9400,514888,-49,-20023,2,22272,481024,-87,-19625
53553,1,-11226,513062,9,-19937,2,20498,479250,-61,-19624
53558,1,-13052,511236,-87,-20133,2,18712,477464,-32,-19456
53563,1,-14867,509421,15,-19894,2,16937,475689,-73,-19672
53568,1,-16691,507597,-88,-20044,2,15160,473912,-51,-19290
53573,1,-18505,505783,-28,-19948,2,13375,472127,-123,-19684
53578,1,-20334,503954,-62,-20015,2,11601,470353,-23,-19474
53583,1,-22149,502139,-54,-20087,2,9812,468564,-114,-19702
53588,1,-23974,500314,-21,-19922,2,8035,466787,-9,-19585
53593,1,-25792,498496,-48,-20038,2,6245,464997,-106,-19566
53598,1,-27616,496672,8,-19896,2,4468,463220,-59,-19537
53603,1,-29436,494852,-84,-20071,2,2632,461384,-101,-19651
53608,1,-31257,493031,-1,-19952,2,853,459605,-66,-19662
53613,1,32457,491209,-58,-20075,2,-895,457857,-18,-19648
53618,1,30644,489396,-49,-19874,2,-2673,456079,-85,-19598
53623,1,28775,487527,-84,-20033,2,-4508,454244,-42,-19507
53628,1,26960,485712,-56,-20089,2,-6291,452461,-126,-19715
53633,1,25137,483889,-15,-19863,2,-8069,450683,-25,-19409
53638,1,23321,482073,-65,-20013,2,-9857,448895,-130,-19785
53643,1,21496,480248,14,-19950,2,-11631,447121,5,-19519
53648,1,19676,478428,-65,-20048,2,-13425,445327,-131,-19532
53653,1,17855,476607,-11,-20022,2,-15202,443550,-51,-19617
53658,1,16029,474781,-65,-20029,2,-16991,441761,-97,-19569
53663,1,14211,472963,-35,-20023,2,-18775,439977,-60,-19724
53668,1,12383,471135,-69,-20082,2,-20561,438191,-30,-19511
53673,1,10566,469318,-67,-20035,2,-22344,436408,-85,-19721
53678,1,8741,467493,-30,-19912,2,-24128,434624,-22,-19410
53683,1,6918,465670,-56,-20096,2,-25915,432837,-122,-19696
53688,1,5096,463848,25,-19897,2,-27688,431064,-28,-19379
53693,1,3269,462021,-88,-20167,2,-29472,429280,-148,-19698
53698,1,1446,460198,-4,-19959,2,-31241,427511,-28,-19456
53703,1,-383,458369,-47,-20129,2,32506,425722,-123,-19602
53708,1,-2208,456544,-29,-20007,2,30741,423957,-47,-19424
53713,1,-4036,454716,-56,-20117,2,28909,422125,-110,-19506
53718,1,-5861,452891,-72,-20091,2,27183,420399,-39,-19656
53723,1,-7687,451065,-5,-19948,2,25397,418613,-56,-19441
53728,1,-9508,449244,-82,-20004,2,23621,416837,-82,-19742
53733,1,-11331,447421,-9,-19915,2,21836,415052,-54,-19370
53738,1,-13160,445592,-72,-20177,2,20055,413271,-80,-19715
53743,1,-14973,443779,7,-19923,2,18272,411488,-23,-19398
53748,1,-16800,441952,-85,-20034,2,16489,409705,-97,-19766
53753,1,-18615,440137,-12,-20044,2,14714,407930,-52,-19416
53758,1,-20442,438310,-49,-19993,2,12924,406140,-111,-19721
53763,1,-22258,436494,-82,-20067,2,11156,404372,-34,-19440
53768,1,-24084,434668,-17,-19915,2,9364,402580,-103,-19547
53773,1,-25902,432850,-87,-20007,2,7587,400803,-35,-19668
53778,1,-27726,431026,10,-19975,2,5800,399016,-85,-19502
53783,1,-29546,429206,-70,-20045,2,4021,397237,-90,-19692
53788,1,-31363,427389,-13,-19921,2,2234,395450,-40,-19477
53793,1,32349,425565,-47,-20050,2,451,393667,-60,-19680
53798,1,30536,423752,-25,-19925,2,-1338,391878,-11,-19497
53803,1,28712,421928,-62,-20042,2,-3123,390093,-111,-19768
53808,1,26899,420115,-75,-20013,2,-4952,388264,-49,-19476
53813,1,25076,418292,-13,-19888,2,-6743,386473,-133,-19761
53818,1,23261,416477,-76,-19947,2,-8471,384745,-32,-19467
53823,1,21438,414654,2,-20018,2,-10266,382950,-109,-19646
53828,1,19613,412829,-56,-20067,2,-12044,381172,-24,-19668
53833,1,17793,411009,-11,-19990,2,-13836,379380,-84,-19513
53838,1,15968,409184,-54,-20029,2,-15620,377596,-78,-19813
53843,1,14147,407363,-18,-20034,2,-17405,375811,-34,-19460
53848,1,12320,405536,-51,-20056,2,-19195,374021,-96,-19727
53853,1,10503,403719,-74,-20055,2,-20976,372240,-6,-19433
53858,1,8679,401895,-30,-19908,2,-22766,370450,-147,-19764
53863,1,6857,400073,-70,-20099,2,-24544,368672,-43,-19478
53868,1,5037,398253,-6,-19888,2,-26332,366884,-116,-19719
53873,1,3213,396429,-72,-20153,2,-28097,365119,-4,-19382
53878,1,1391,394607,-10,-19912,2,-29884,363332,-119,-19529
53883,1,-438,392778,-55,-20141,2,-31654,361562,-53,-19580
53888,1,-2260,390956,-25,-20007,2,32094,359774,-101,-19460
53893,1,-4087,389129,-53,-20122,2,30321,358001,-77,-19717
53898,1,-5914,387302,-68,-20063,2,28539,356219,-31,-19385
53903,1,-7739,385477,-9,-19950,2,26757,354437,-72,-19742
53908,1,-9562,383654,-104,-20026,2,24977,352657,-39,-19349
53913,1,-11429,381787,-24,-19942,2,23147,350827,-109,-19739
53918,1,-13211,380005,-81,-20133,2,21411,349091,-47,-19428
53923,1,-15070,378146,2,-19938,2,19580,347260,-85,-19757
53928,1,-16897,376319,-65,-20015,2,17806,345486,-52,-19372
53933,1,-18713,374503,-20,-20057,2,16019,343699,-84,-19662
53938,1,-20539,372677,-22,-19994,2,14249,341929,-53,-19422
53943,1,-22356,370860,-75,-20003,2,12460,340140,-85,-19569
53948,1,-24180,369036,1,-19929,2,10689,338369,-58,-19652
53953,1,-26001,367215,-99,-20016,2,8904,336584,-65,-19413
53958,1,-27822,365394,-7,-19996,2,7120,334800,-84,-19737
53963,1,-29644,363572,-81,-20054,2,5340,333020,-38,-19397
53968,1,-31461,361755,-14,-19927,2,3552,331232,-112,-19737
53973,1,32251,359931,-33,-20039,2,1769,329449,-21,-19515
53978,1,30437,358117,-45,-19991,2,-24,327656,-103,-19811
53983,1,28615,356295,-30,-20008,2,-1805,325875,-8,-19481
53988,1,26801,354481,-65,-20002,2,-3598,324082,-115,-19748
53993,1,24979,352659,0,-19867,2,-5375,322305,-54,-19442
53998,1,23161,350841,-91,-20000,2,-7170,320510,-111,-19589
54003,1,21338,349018,-29,-20000,2,-8944,318736,-56,-19673
54008,1,19517,347197,-57,-20059,2,-10735,316945,-68,-19510
54013,1,17696,345376,-12,-19967,2,-12519,315161,-68,-19797
54018,1,15871,343551,-54,-20016,2,-14345,313335,-26,-19341
54023,1,14052,341732,-28,-20055,2,-16091,311589,-147,-19715
54028,1,12226,339906,-23,-20056,2,-17869,309811,0,-19530
54033,1,10410,338090,-57,-20021,2,-19662,308018,-126,-19706
54038,1,8587,336267,-20,-19861,2,-21439,306241,-13,-19578
54043,1,6763,334443,-81,-20141,2,-23232,304448,-136,-19632
54048,1,4944,332624,-23,-19919,2,-25010,302670,-38,-19564
54053,1,3116,330796,-98,-20149,2,-26799,300881,-85,-19485
54058,1,1296,328976,-3,-19924,2,-28573,299107,-47,-19683
54063,1,-538,327142,-58,-20161,2,-30353,297327,-47,-19445
54068,1,-2359,325321,-43,-20069,2,-32137,295543,-101,-19741
54073,1,-4188,323492,-8,-20092,2,31622,293766,-50,-19351
54078,1,-6013,321667,-72,-20041,2,29838,291982,-108,-19673
54083,1,-7839,319841,19,-19943,2,28064,290208,-16,-19424
54088,1,-9662,318018,-83,-20053,2,26275,288419,-91,-19726
54093,1,-11484,316196,-25,-19944,2,24502,286646,-47,-19470
54098,1,-13311,314369,-99,-20107,2,22714,284858,-120,-19690
54103,1,-15126,312554,-2,-19946,2,20938,283082,-53,-19434
54108,1,-16953,310727,-76,-20045,2,19150,281294,-59,-19647
54113,1,-18767,308913,-28,-20063,2,17378,279522,-41,-19485
54118,1,-20593,307087,-13,-19953,2,15591,277735,-88,-19553
54123,1,-22410,305270,-67,-20062,2,13816,275960,-91,-19694
54128,1,-24233,303447,-3,-19848,2,12035,274179,-51,-19385
54133,1,-26054,301626,-73,-20107,2,10253,272397,-93,-19685
54138,1,-27874,299806,-21,-19885,2,8474,270618,-4,-19420
54143,1,-29696,297984,-93,-20085,2,6683,268827,-111,-19719
54148,1,-31511,296169,-14,-19865,2,4904,267048,-37,-19581
54153,1,32201,294345,-39,-20053,2,3112,265256,-131,-19737
54158,1,30389,292533,-48,-19958,2,1332,263476,-25,-19518
54163,1,28567,290711,-18,-19983,2,-463,261681,-77,-19683
54168,1,26753,288897,-55,-20022,2,-2243,259901,-47,-19553
54173,1,24931,287075,-7,-19831,2,-4038,258106,-98,-19694
54178,1,23113,285257,-66,-20059,2,-5818,256326,-77,-19680
54183,1,21290,283434,-33,-19968,2,-7605,254539,-38,-19405
54188,1,19469,281613,-80,-20053,2,-9386,252758,-73,-19698
54193,1,17646,279790,-11,-20013,2,-11168,250976,-3,-19393
54198,1,15821,277965,-63,-20025,2,-12961,249183,-147,-19754
54203,1,14002,276146,-31,-20078,2,-14736,247408,-30,-19570
54208,1,12176,274320,-10,-20005,2,-16527,245617,-144,-19634
54213,1,10358,272502,-56,-20004,2,-18307,243837,-22,-19586
54218,1,8535,270679,-5,-19864,2,-20143,242001,-71,-19587
54223,1,6663,268807,-66,-20152,2,-21967,240177,-42,-19668
54228,1,4844,266988,-4,-19938,2,-23712,238432,-85,-19568
54233,1,3016,265160,-101,-20124,2,-25495,236649,-105,-19763
54238,1,1195,263339,-27,-19950,2,-27274,234870,-27,-19354
54243,1,-636,261508,-62,-20157,2,-29055,233089,-108,-19646
54248,1,-2458,259686,-49,-20063,2,-30829,231315,3,-19419
54253,1,-4285,257859,-6,-20036,2,-32618,229526,-135,-19648
54258,1,-6112,256032,-64,-20041,2,31149,227757,-55,-19463
54263,1,-7936,254208,32,-19929,2,29364,225972,-138,-19647
54268,1,-9759,252385,-84,-20072,2,27595,224203,-20,-19482
54273,1,-11580,250564,9,-19931,2,25805,222413,-65,-19554
54278,1,-13407,248737,-77,-20080,2,24036,220644,-60,-19532
54283,1,-15222,246922,-30,-19957,2,22245,218853,-95,-19562
54288,1,-17048,245096,-86,-20011,2,20471,217079,-63,-19681
54293,1,-18866,243278,-51,-20134,2,18683,215291,-36,-19455
54298,1,-20689,241455,-19,-19891,2,16906,213514,-58,-19684
54303,1,-22508,239636,-55,-20048,2,15126,211734,-36,-19305
54308,1,-24331,237813,15,-19908,2,13339,209947,-119,-19748
54313,1,-26154,235990,-83,-20085,2,11566,208174,-37,-19459
54318,1,-27975,234169,10,-19972,2,9777,206385,-136,-19672
54323,1,-29796,232348,-71,-20022,2,8000,204608,-8,-19619
54328,1,-31612,230532,-46,-19929,2,6211,202819,-84,-19540
54333,1,32098,228706,-52,-20040,2,4432,201040,-49,-19552
54338,1,30286,226894,-52,-20021,2,2642,199250,-101,-19625
