TimeStamp,acc_x,acc_y,acc_z,cal_time,current_LW,current_RW,gyr_x,gyr_y,gyr_z,h_d,psi_dot_d,psi_dot_hat,tau_LW,tau_RW,theta_d,theta_dot_LW,theta_dot_RW,theta_dot_hat,theta_hat,v_d,v_hat,
1774,-0.03081127,-0.04332631,9.82166672,6.00000000,0.00000000,0.00000000,-0.00663777,-0.04352245,-0.00815588,0.13523810,0.01150183,-0.00000001,0.05339163,-0.05558646,0.01189291,0.00000000,0.00000000,-0.04352267,0.05565682,-0.00976801,-0.00315539,
1782,-0.16009817,-0.01699010,9.78335857,6.00000000,0.07089844,-0.08378907,-0.00610483,-0.02353777,-0.01228605,0.13523810,0.01150183,0.01800315,0.06052337,-0.05841436,0.01189291,0.15358898,-0.21467550,-0.02353790,0.05509602,-0.00976801,0.01164309,
1789,0.64435363,-0.01938430,9.36676788,5.00000000,0.08862305,-0.10151367,0.00815091,-0.10027897,0.00356847,0.13523810,0.01150183,0.02726187,0.04853335,-0.04448352,0.01189291,0.29146999,-0.38397244,-0.10027902,0.05443600,-0.00976801,0.01721458,
1798,0.11523504,-0.04093211,10.30290127,6.00000000,0.07895508,-0.07573242,-0.00956886,-0.13758370,0.02155469,0.13523810,0.01150183,0.03806378,0.04439681,-0.03792424,0.01189291,0.50265479,-0.63180918,-0.13758403,0.05349747,-0.00976801,0.03114960,
1806,-0.00208085,-0.14867119,10.00123119,6.00000000,0.07089844,-0.06767578,-0.01223347,-0.18607989,0.04953325,0.13523810,0.01150183,0.05143754,0.03683820,-0.02737229,0.01189291,0.57246798,-0.74700093,-0.18607941,0.05249461,-0.00976801,0.03433996,
1814,-0.39472991,0.02371133,10.10657597,6.00000000,0.06284180,-0.05317383,-0.01409871,-0.20073530,0.06258991,0.13523810,0.01150183,0.08847250,0.03687408,-0.01873398,0.01189291,0.54628801,-0.84648466,-0.20073463,0.05098684,-0.00976801,0.03593475,
1822,-0.28220245,-0.23725665,9.94855881,5.00000000,0.05478515,-0.04511719,-0.01636364,-0.20526516,0.10895438,0.13523810,0.01150183,0.04063600,0.02773297,-0.02092445,0.01189291,0.61261052,-0.75049156,-0.20526367,0.04920366,-0.00976801,0.03453084,
1830,-0.42346033,0.22003587,9.84800243,6.00000000,0.03867187,-0.05156250,-0.08844175,-0.18328202,0.08643831,0.13523810,0.01150183,-0.04217881,0.01908502,-0.03178118,0.01189291,0.70860362,-0.56548673,-0.18328179,0.04752996,-0.00976801,0.03289775,
1838,-0.31572127,0.39241838,9.88870430,6.00000000,0.03222656,-0.06123047,-0.04460866,-0.17315644,0.02142146,0.13523810,0.01150183,0.02263256,0.02587233,-0.02326331,0.01189291,0.55152404,-0.62831855,-0.17315634,0.04597901,-0.00976801,0.03021545,
1846,-0.10981993,0.27510250,9.45774746,6.00000000,0.03706055,-0.04833984,0.06330863,-0.13864955,-0.03706706,0.13523810,0.01725275,0.04526500,0.03117727,-0.02450047,0.01189291,0.47123891,-0.62482786,-0.13865089,0.04448650,-0.00732601,0.02968021,
1854,-0.22234741,-0.31147692,9.52478504,6.00000000,0.04350586,-0.04350586,0.04399011,-0.10853929,-0.06771025,0.13523810,0.01725275,0.04577976,0.03498316,-0.02811008,0.01189291,0.46425760,-0.61959189,-0.10854019,0.04329724,-0.00732601,0.03142039,
1861,-0.24868362,-0.16782480,10.21910381,5.00000000,0.05156250,-0.04995117,0.02493805,-0.09321770,-0.01588329,0.13523810,0.01725275,0.01800312,0.03292352,-0.03257357,0.01189291,0.48869219,-0.54977870,-0.09321756,0.04236747,-0.00732601,0.03088625,
1870,0.09608142,0.06680696,9.95334721,6.00000000,0.05639648,-0.05156250,-0.01170055,-0.10480881,0.02768333,0.13523810,0.01150183,0.02674744,0.03127747,-0.02755759,0.01189291,0.46076691,-0.55152404,-0.10480841,0.04129867,-0.00976801,0.02909695,
1878,-0.27023143,-0.15106539,10.49443722,6.00000000,0.05478515,-0.04833984,-0.04873884,-0.10720699,0.06205699,0.13523810,0.01150183,0.01543125,0.02849164,-0.02746275,0.01189291,0.49567351,-0.54803336,-0.10720573,0.04044215,-0.00976801,0.03006198,
1886,0.04101478,-0.44794640,9.64449501,6.00000000,0.05317383,-0.05317383,-0.05779856,-0.10520851,0.09376602,0.13523810,0.01150183,0.01543152,0.02689728,-0.02587760,0.01189291,0.44854963,-0.50090951,-0.10520899,0.03943431,-0.00976801,0.02679025,
1894,-0.27501985,-0.13191178,9.76420498,6.00000000,0.05156250,-0.05156250,-0.02542337,-0.07722995,0.07538011,0.13523810,0.01150183,0.06738313,0.03651196,-0.02315772,0.01189291,0.32986721,-0.55850536,-0.07723001,0.03853279,-0.00976801,0.02660431,
1902,-0.05235908,0.02131713,9.58464050,6.00000000,0.05961914,-0.05156250,0.03946024,-0.03566181,0.03914121,0.13523810,0.01150183,0.12550750,0.04853078,-0.02134109,0.01189291,0.14311700,-0.56897730,-0.03566191,0.03782427,-0.00732601,0.02322794,
1910,-0.25107783,-0.18458422,9.63731289,6.00000000,0.07089844,-0.05317383,0.02840205,0.01869654,0.05739389,0.13523810,0.01150183,0.06635430,0.05052672,-0.03713638,0.01189291,0.19896753,-0.42411500,0.01869674,0.03755324,-0.00732601,0.02394222,
1918,-0.03799387,-0.09121035,9.48408413,6.00000000,0.07734375,-0.07734375,-0.05926410,0.03974708,0.05126525,0.13523810,0.01150183,0.03292004,0.05090684,-0.04534365,0.01189291,0.27052602,-0.38222709,0.03974753,0.03750791,-0.00976801,0.02654396,
1926,-0.01405186,-0.06008573,10.14248943,6.00000000,0.07895508,-0.08701172,-0.04327635,0.02229378,0.05979206,0.13523810,0.01150183,0.02006066,0.04695747,-0.04447918,0.01189291,0.32637659,-0.39444441,0.02229369,0.03775690,-0.00976801,0.02774606,
1933,0.13199444,-0.13670018,10.54710960,5.00000000,0.07089844,-0.07895508,-0.00890269,-0.00195430,0.03194672,0.13523810,0.01150183,0.04012129,0.04479070,-0.03765569,0.01189291,0.31241393,-0.44854963,-0.00195441,0.03749730,-0.00976801,0.02744323,
1942,0.16790748,-0.25162187,9.92701149,6.00000000,0.06123047,-0.06928711,0.00934999,-0.02766793,0.00330201,0.13523810,0.01150183,0.05298068,0.04270253,-0.03261207,0.01189291,0.39444441,-0.57421333,-0.02766758,0.03739345,-0.00976801,0.03310793,
1950,-0.07869530,-0.15824799,9.80251217,6.00000000,0.06284180,-0.05317383,0.01241430,-0.06777053,0.01915652,0.13523810,0.01150183,0.03909250,0.03426401,-0.02758068,0.01189291,0.51312679,-0.64577180,-0.06776986,0.03695333,-0.00976801,0.03709677,
1958,-0.02602286,0.19369966,9.51041985,6.00000000,0.04833984,-0.04511719,0.00015703,-0.08842138,0.00396816,0.13523810,0.01150183,0.01183058,0.02781519,-0.02764038,0.01189291,0.69638640,-0.73652893,-0.08842212,0.03618622,-0.00976801,0.04553259,
1966,-0.28220245,-0.22767985,9.89109802,6.00000000,0.04028320,-0.04833984,-0.03554893,-0.10294358,0.01782421,0.13523810,0.01150183,0.02623316,0.02700066,-0.02348093,0.01189291,0.76794487,-0.85695666,-0.10294336,0.03547161,-0.00976801,0.05143927,
1974,-0.04996488,-0.04332631,10.03235626,6.00000000,0.04833984,-0.05317383,-0.01316609,-0.10747346,0.04340461,0.13523810,0.01150183,0.02006068,0.02375372,-0.02172046,0.01189291,0.75747293,-0.82554072,-0.10747316,0.03443385,-0.00976801,0.04959244,
1982,-0.03799387,-0.20613202,10.53753281,6.00000000,0.04028320,-0.04833984,-0.03967912,-0.08322537,0.01689159,0.13523810,0.01150183,-0.00720091,0.02177470,-0.02611911,0.01189291,0.66497040,-0.64053583,-0.08322497,0.03332681,-0.00976801,0.04129073,
1990,0.07932201,0.33974597,9.51520824,6.00000000,0.04833984,-0.05639648,-0.00330699,-0.01727590,-0.01428452,0.13523810,0.01150183,0.00822995,0.03311420,-0.03362612,0.01189291,0.51836282,-0.54628801,-0.01727635,0.03255870,-0.00976801,0.03734107,
1998,-0.35881689,-0.02896111,9.50563145,6.00000000,0.05317383,-0.06445312,0.02773590,0.02002885,-0.03560152,0.13523810,0.01150183,0.02983375,0.04188015,-0.03718026,0.01189291,0.44680429,-0.54803336,0.02002855,0.03244048,-0.00976801,0.03751494,
2005,0.03143798,0.08117218,9.11058807,5.00000000,0.06123047,-0.06928711,0.01201461,0.04933973,-0.03773322,0.13523810,0.01150183,0.02931967,0.04788305,-0.04321301,0.01189291,0.50265479,-0.60213858,0.04933987,0.03250500,-0.00976801,0.04362589,
2014,-0.10742572,-0.32344791,9.97250080,6.00000000,0.06284180,-0.07250977,-0.01623043,0.03108705,0.00343524,0.13523810,0.01150183,-0.04423717,0.03771012,-0.05045225,0.01189291,0.74700093,-0.59690261,0.03108668,0.03282389,-0.00976801,0.05097027,
2022,0.54619133,0.22003587,10.05869198,6.00000000,0.05639648,-0.08540039,-0.04727330,-0.02860055,0.01302789,0.13523810,0.01150183,0.02417564,0.03660156,-0.03337539,0.01189291,0.74700093,-0.82903141,-0.02860058,0.03304179,-0.00976801,0.05505761,
2030,-0.11460833,0.16257504,10.68118477,6.00000000,0.05478515,-0.05961914,0.02427188,-0.08762200,0.01396051,0.13523810,0.01150183,0.05143743,0.03019622,-0.02072034,0.01189291,0.86568326,-1.04021621,-0.08762109,0.03273600,-0.00732601,0.06273631,
2038,0.02664957,-0.32344791,10.38909245,6.00000000,0.05156250,-0.04833984,-0.01116762,-0.15530348,0.03634335,0.13523810,0.01150183,0.01337395,0.01248362,-0.01221329,0.01189291,0.96167642,-1.00705504,-0.15530270,0.03182612,-0.00732601,0.06010710,
2046,-0.38515311,-0.11994077,10.35557365,6.00000000,0.02900391,-0.03383789,-0.06246167,-0.14624372,0.01196204,0.13523810,0.01150183,-0.02211769,0.00735783,-0.01545534,0.01189291,0.91106188,-0.83601272,-0.14624234,0.03062495,-0.00976801,0.05272888,
2054,-0.14333874,0.15778662,9.23987484,6.00000000,0.01933594,-0.03383789,-0.03008647,-0.04911816,-0.00282663,0.13523810,0.01150183,0.01131621,0.02485587,-0.02478278,0.01189291,0.64402652,-0.68242371,-0.04911970,0.02943471,-0.00976801,0.04452261,
2062,-0.43303716,0.13384461,8.37317467,6.00000000,0.03867187,-0.04350586,0.05744646,0.07758475,-0.03746676,0.13523810,0.01150183,0.03754934,0.05009069,-0.04344103,0.01189291,0.55676001,-0.68416905,0.07758312,0.02913996,-0.00976801,0.05060846,
2070,-0.08587791,-0.58681011,8.88074493,6.00000000,0.06445312,-0.06928711,0.01481246,0.11515596,-0.02973934,0.13523810,0.01150183,-0.02674784,0.05183610,-0.06023815,0.01189291,0.81855947,-0.72780234,0.11515751,0.02966104,-0.00976801,0.06440452,
2077,0.91968679,0.04047075,9.86955070,5.00000000,0.07250977,-0.09667969,-0.02542337,0.05213758,0.00543371,0.13523810,0.01150183,0.00205746,0.04636182,-0.04814858,0.01189291,0.91978854,-0.92676979,0.05213751,0.03025486,-0.00976801,0.07071770,
2086,0.42648125,0.14581563,11.74899864,6.00000000,0.06767578,-0.08540039,0.00655213,-0.08322537,0.00396816,0.13523810,0.01150183,0.06481130,0.03192081,-0.01930571,0.01189291,1.01403630,-1.23394775,-0.08322576,0.03055260,-0.00976801,0.07545552,
2094,0.40732765,-0.45034060,11.37550354,6.00000000,0.05639648,-0.05317383,0.00761797,-0.18301558,0.04180584,0.13523810,0.01150183,0.00051431,0.00511655,-0.00800059,0.01189291,1.16587996,-1.16762531,-0.18301368,0.02943956,-0.00976801,0.07132105,
2102,0.01467856,-0.51019567,10.39866924,6.00000000,0.01611328,-0.02416992,-0.09989964,-0.19820395,0.05779358,0.13531746,0.01150183,-0.04269284,-0.00606951,-0.00708337,0.01186147,1.13970006,-0.99483770,-0.19820291,0.02786863,-0.00976801,0.06300721,
2110,-0.11939673,0.49536908,9.06988716,6.00000000,-0.00483398,-0.01127930,-0.08031464,-0.11200330,0.01968945,0.13531746,0.01150183,0.00771558,0.01187971,-0.01289492,0.01185149,0.93375117,-0.95993108,-0.11200536,0.02622277,-0.00976801,0.06052556,
2118,-0.46416178,0.19130546,7.70519209,6.00000000,0.00966797,-0.02094727,0.07316774,0.02828919,0.01955622,0.13523810,0.01150183,0.04320754,0.04011448,-0.03233378,0.01187863,0.84648466,-0.99309236,0.02828572,0.02541760,-0.00976801,0.06873538,
2126,-0.18643437,-0.22767985,8.34204960,6.00000000,0.04672851,-0.05478515,0.01414630,0.09383896,-0.02334424,0.13523810,0.01150183,0.02314686,0.05155650,-0.04830510,0.01188678,1.01752698,-1.09606671,0.09383901,0.02563315,-0.00976801,0.08342114,
2134,0.76645792,-0.16064219,9.86476231,6.00000000,0.07734375,-0.09184571,-0.00690422,0.06252962,0.00916418,0.13531746,0.01150183,-0.00925863,0.04348584,-0.04797309,0.01185883,1.15191734,-1.12050128,0.06252912,0.02597744,-0.00976801,0.08690853,
2142,0.45521167,0.25355470,12.07700443,6.00000000,0.08056641,-0.08701172,-0.00170821,-0.02340454,0.01849037,0.13531746,0.01150183,0.01697439,0.03205025,-0.03060423,0.01185035,1.15889859,-1.21649444,-0.02340575,0.02632400,-0.00976801,0.08441107,
2149,0.49112469,-0.09121035,11.85673809,5.00000000,0.05639648,-0.05800781,0.00561950,-0.11546733,-0.00122785,0.13531746,0.01150183,0.05092294,0.01945889,-0.01028353,0.01184670,1.11875606,-1.29154360,-0.11546662,0.02627743,-0.00976801,0.07900205,
2158,-0.09545472,-0.43118700,10.61654091,6.00000000,0.02578125,-0.02094727,-0.02342490,-0.16529581,0.04553631,0.13523810,0.01150183,0.00565762,0.00330975,-0.00498761,0.01187658,1.17460668,-1.19380522,-0.16529447,0.02523864,-0.00976801,0.07387111,
2166,-0.31811547,-0.00741329,8.65569019,6.00000000,0.00161133,-0.01289062,-0.06286136,-0.12159597,0.04593600,0.13523810,0.01150183,-0.01028770,0.00746146,-0.01278811,0.01188589,1.19380522,-1.15889859,-0.12159798,0.02394477,-0.00976801,0.07646964,
2174,-0.55035305,0.29425612,8.25825214,6.00000000,0.01611328,-0.03544922,-0.05846474,-0.01487774,0.02461901,0.13531746,0.01150183,-0.02006086,0.02325513,-0.03057588,0.01185845,1.11701071,-1.04894280,-0.01488001,0.02293401,-0.00976801,0.07743697,
2182,-0.34924009,0.46424446,8.49527836,6.00000000,0.04189453,-0.05639648,0.01547861,0.12701353,-0.03280366,0.13531746,0.01150183,0.04835150,0.05610980,-0.04684805,0.01185019,0.91629785,-1.08035886,0.12701273,0.02288458,-0.00976801,0.08158721,
2190,0.22536832,-0.15106539,9.50563145,6.00000000,0.07895508,-0.07573242,0.07250159,0.16578385,-0.06264746,0.13531746,0.01150183,0.05658168,0.06659022,-0.05525250,0.01184663,1.00530958,-1.19729578,0.16578488,0.02377667,-0.00976801,0.09186384,
2198,0.81434190,-0.52216667,10.51837921,6.00000000,0.08862305,-0.09345703,0.02733620,0.08624478,0.00290231,0.13531746,0.01150183,-0.00565825,0.04763275,-0.05121638,0.01184510,1.25489175,-1.23569322,0.08624408,0.02462604,-0.00976801,0.09653640,
2206,0.45281747,0.09074898,12.44810581,6.00000000,0.07250977,-0.09506836,-0.04300990,-0.09228508,-0.00695680,0.13531746,0.01150183,-0.00000002,0.01806748,-0.02086006,0.01184445,1.41197145,-1.41197145,-0.09228685,0.02483878,-0.00976801,0.09567720,
2214,0.30916539,0.01413453,11.63168240,6.00000000,0.03867187,-0.05639648,-0.01516456,-0.19500637,0.03088087,0.13531746,0.01150183,-0.04680862,-0.00758452,-0.00658618,0.01184416,1.48003924,-1.32121420,-0.19500439,0.02390814,-0.00976801,0.08740761,
2221,-0.59105444,-0.24204506,9.80730152,5.00000000,0.00483398,-0.01450195,-0.07152138,-0.18354848,0.01782421,0.13531746,0.01150183,0.00411500,-0.00372169,0.00158223,0.01184404,1.20776784,-1.22173047,-0.18354809,0.02242615,-0.00976801,0.07476205,
2230,-0.91666591,0.00934612,7.88954544,6.00000000,-0.00644531,0.00322266,-0.03994559,-0.02580269,-0.02054639,0.13523810,0.01150183,0.01337378,0.02395175,-0.02343996,0.01187543,1.16238928,-1.20776784,-0.02580743,0.02118979,-0.00976801,0.08404715,
2238,-0.49768060,-0.19894943,7.64533710,6.00000000,0.02900391,-0.03706055,0.02906821,0.11075933,0.02528516,0.13523810,0.01150183,-0.01645989,0.04529230,-0.05140214,0.01188540,1.21300387,-1.15715337,0.11075774,0.02122017,-0.00976801,0.09394812,
2246,-0.14333874,0.38044739,9.47690105,6.00000000,0.06928711,-0.09023438,0.03106667,0.18363681,-0.04292924,0.13523810,0.01150183,0.05452399,0.06944398,-0.05856226,0.01188968,1.20951319,-1.39451814,0.18363723,0.02204026,-0.00976801,0.10770979,
2254,0.77364051,-0.11275817,11.22466850,6.00000000,0.10795899,-0.10957031,0.05691353,0.07212227,-0.00735649,0.13523810,0.01150183,0.02160382,0.04660783,-0.04383113,0.01189153,1.31946886,-1.39277279,0.07211956,0.02254796,-0.00976801,0.10354739,
2262,0.78321731,0.01892293,12.01954365,6.00000000,0.07089844,-0.07573242,-0.00930239,-0.03366334,0.02768333,0.13523810,0.01150183,0.03240569,0.02992000,-0.02491943,0.01189232,1.42244339,-1.53239918,-0.03366414,0.02244703,-0.00976801,0.10467236,
2270,0.23733932,-0.36893776,11.51915550,6.00000000,0.04028320,-0.05317383,-0.04460866,-0.15503699,0.04740155,0.13523810,0.01150183,0.02263251,0.00632927,-0.00401985,0.01189266,1.50272846,-1.57952297,-0.15503557,0.02165610,-0.00976801,0.10049152,
2278,0.17987849,-0.16543061,10.01080799,6.00000000,0.01611328,-0.02739258,-0.06832384,-0.19860360,0.09882880,0.13523810,0.01150183,-0.04732168,-0.01253714,-0.00181835,0.01189281,1.54461634,-1.38404620,-0.19860406,0.02038438,-0.00976801,0.09176525,
2286,-0.67724574,0.35650536,9.19677925,6.00000000,0.00000000,0.00000000,-0.06739121,-0.10347650,0.01928976,0.13523810,0.01150183,0.07869921,0.01572952,-0.00007058,0.01189287,1.16762531,-1.43466055,-0.10347762,0.01893370,-0.00976801,0.08683072,
2293,-0.39951834,0.20806487,7.55675125,5.00000000,0.02094727,0.00644531,0.01681093,0.04507633,-0.03986492,0.13523810,0.01150183,0.06738329,0.03949924,-0.02606584,0.01189290,1.10828412,-1.33692217,0.04507246,0.01822208,-0.00976801,0.09190651,
2302,-0.37318212,-0.31147692,7.74349928,6.00000000,0.04511719,-0.04350586,0.04865320,0.20215595,-0.00482510,0.13531746,0.01150183,0.02006078,0.06451289,-0.06175785,0.01186146,1.30376089,-1.37182879,0.20215636,0.01867740,-0.00976801,0.11164643,
2310,0.25409874,0.01413453,9.66843700,6.00000000,0.08701172,-0.11279297,-0.01503133,0.17377770,-0.04825849,0.13531746,0.01150183,-0.04783686,0.05503030,-0.06836564,0.01185148,1.56206965,-1.39975405,0.17377824,0.02012420,-0.00976801,0.11996499,
2318,1.72174442,0.07398957,11.95489979,6.00000000,0.09506836,-0.12407227,-0.02169289,0.00230910,-0.00189401,0.13531746,0.01150183,-0.04835151,0.02605262,-0.04001858,0.01184719,1.61617482,-1.45211387,0.00230567,0.02130649,-0.00976801,0.11139259,
2326,0.13199444,0.85928774,13.14960670,6.00000000,0.04350586,-0.06928711,0.01694417,-0.10267713,-0.07463827,0.13531746,0.01150183,0.10750404,0.02642704,-0.00392952,0.01184535,1.45211387,-1.81688774,-0.10267670,0.02121675,-0.00976801,0.11105731,
2334,0.02904378,-1.09677505,10.69315529,6.00000000,0.03222656,-0.02739258,0.02893497,-0.21032798,0.02381962,0.13523810,0.01150183,-0.04217817,-0.01245703,-0.00072006,0.01187599,1.67900670,-1.53588974,-0.21032810,0.02031898,-0.00976801,0.10129124,
2342,-0.36599952,-0.15585379,8.40669346,6.00000000,-0.00161133,-0.01450195,-0.14932841,-0.15064037,0.06405545,0.13523810,0.01150183,-0.09618746,-0.01125301,-0.01451232,0.01188564,1.67551613,-1.34913957,-0.15064386,0.01878452,-0.00976801,0.09872206,
2350,-0.87596446,0.55282992,8.17445564,6.00000000,-0.00322266,-0.01611328,-0.09443716,0.01683130,-0.00202724,0.13523810,0.01150183,-0.02057500,0.02548815,-0.03290426,0.01188979,1.44513273,-1.37531948,0.01682827,0.01802184,-0.00732601,0.10346139,
2358,-0.41148934,0.58395451,7.74589348,6.00000000,0.03061523,-0.04511719,0.11153834,0.15752351,-0.01721561,0.13523810,0.01150183,0.11367730,0.06707769,-0.04236998,0.01189157,1.19904113,-1.58475900,0.15752308,0.01826995,-0.00732601,0.11233324,
2365,0.03383218,-0.42400438,8.48330784,5.00000000,0.08056641,-0.08378907,0.13738520,0.18896610,-0.03080519,0.13523810,0.01150183,0.04629380,0.06967968,-0.06076097,0.01189234,1.59348571,-1.75056529,0.18896733,0.01939902,-0.00732601,0.13492191,
2374,0.93884045,-1.00100696,11.31804276,6.00000000,0.10151367,-0.11118164,-0.07658417,0.04307786,0.08390690,0.13523810,0.01150183,-0.04217909,0.03566546,-0.04805802,0.01189267,1.84830368,-1.70518661,0.04307412,0.02065712,-0.00732601,0.13193694,
2382,0.67787242,0.84013408,12.75695801,6.00000000,0.06123047,-0.07734375,-0.03514925,-0.09561586,0.05885943,0.13523810,0.01150183,0.05298062,0.02282080,-0.01318287,0.01189282,1.82386911,-2.00363803,-0.09561639,0.02032118,-0.00732601,0.13181494,
2390,0.34268421,-0.16303641,11.84955502,6.00000000,0.02900391,-0.04028320,0.06370833,-0.23151171,0.03847506,0.13531746,0.01150183,0.10338946,0.00326734,0.01783346,0.01186143,1.78023589,-2.13104701,-0.23150927,0.01909311,-0.00976801,0.12499959,
2398,-0.38036472,-0.90763313,9.72110939,6.00000000,0.01450195,0.01772461,-0.03381694,-0.22911358,0.09896204,0.13531746,0.01150183,0.01645897,-0.01070245,0.01126419,0.01185147,1.79070783,-1.84655845,-0.22911294,0.01727204,-0.00976801,0.11524030,
2406,-0.38754731,0.06680696,8.44739437,6.00000000,-0.00805664,0.02578125,-0.15199304,-0.11466793,0.03314580,0.13531746,0.01150183,0.00308651,0.00391578,-0.00618532,0.01184718,1.65457213,-1.66504419,-0.11467203,0.01556926,-0.00732601,0.11202243,
2414,-0.41148934,0.49297488,7.15931416,6.00000000,-0.00161133,-0.01127930,0.01281399,0.10143315,0.04873386,0.13531746,0.01150183,0.02211815,0.04323792,-0.04036291,0.01184534,1.52018178,-1.59523094,0.10142892,0.01481591,-0.00732601,0.12028728,
2422,-0.37078792,0.37805319,8.57907581,6.00000000,0.05639648,-0.06767578,0.07463329,0.18883282,-0.03866583,0.13531746,0.01150183,0.07252727,0.06665298,-0.05159772,0.01184455,1.46258593,-1.70867741,0.18883432,0.01569491,-0.00732601,0.12864876,
2430,0.36423200,-0.52216667,9.50563145,6.00000000,0.10634766,-0.08540039,0.02706973,0.21694463,-0.04252954,0.13531746,0.01150183,0.07509858,0.07609700,-0.06032671,0.01184421,1.64060950,-1.89542758,0.21694399,0.01705172,-0.00732601,0.14390980,
2437,1.23332727,-0.26359287,11.88307381,5.00000000,0.09829102,-0.10795899,0.01068230,-0.01221311,0.01209527,0.13531746,0.01150183,0.01285918,0.03066406,-0.03026813,0.01184406,1.89891827,-1.94255149,-0.01221816,0.01836284,-0.00732601,0.13836744,
2446,1.81990659,-0.08642194,12.17516613,6.00000000,0.05639648,-0.06767578,-0.02822123,-0.13758370,0.05766036,0.13531746,0.01150183,-0.03754917,0.00317724,-0.01506809,0.01184400,2.09614038,-1.96873140,-0.13758346,0.01806239,-0.00976801,0.13737682,
2454,-0.47373858,0.25355470,11.83040142,6.00000000,0.02416992,-0.02739258,-0.10762706,-0.21912125,0.00756541,0.13531746,0.01150183,0.01594563,-0.00736220,0.00783194,0.01184397,1.94953275,-2.00363803,-0.21911782,0.01707610,-0.00976801,0.12741640,
2462,0.01467856,0.22482428,8.27022362,6.00000000,-0.00805664,-0.00805664,0.02493805,-0.18408141,0.04180584,0.13531746,0.01150183,0.07869960,0.00161159,0.01374938,0.01184396,1.64584553,-1.91288078,-0.18408564,0.01527617,-0.00976801,0.11565766,
2470,-1.11538458,-0.68976074,7.86320925,6.00000000,0.00000000,0.01772461,-0.00050914,0.00377464,0.05686097,0.13531746,0.01150183,-0.01440245,0.02330430,-0.02935434,0.01184395,1.78547192,-1.73660266,0.00376831,0.01437130,-0.00976801,0.12794840,
2478,-0.23192421,0.26313150,7.31493711,6.00000000,0.03706055,-0.03706055,-0.05420133,0.16325244,0.00117031,0.13531746,0.01150183,0.02469005,0.05591293,-0.05224526,0.01184395,1.62315619,-1.70693207,0.16325228,0.01443907,-0.00976801,0.13255146,
2486,-0.13376194,0.36368796,9.67562008,6.00000000,0.07250977,-0.08862305,0.09781553,0.21787727,-0.01801499,0.13531746,0.01150183,0.09824543,0.07913174,-0.05791339,0.01184395,1.73485732,-2.06821513,0.21787724,0.01574443,-0.00976801,0.15365747,
2494,1.29318225,-0.52456087,10.50401402,6.00000000,0.10795899,-0.11118164,0.09408505,0.09330603,0.04127291,0.13531746,0.01150183,0.05400942,0.05292003,-0.04251113,0.01184395,1.83783174,-2.02109122,0.09330478,0.01671439,-0.00976801,0.14665057,
2502,0.29719436,-0.31387112,12.66837215,6.00000000,0.08862305,-0.07412110,-0.08777560,-0.07363272,0.02981503,0.13531746,0.01150183,0.02417576,0.02219095,-0.01932975,0.01184395,2.11533904,-2.19736958,-0.07363481,0.01708486,-0.00976801,0.15099718,
2509,0.35944360,-0.03614371,12.40022182,5.00000000,0.03544922,-0.05317383,-0.02848769,-0.22618246,0.08217490,0.13531746,0.01150183,0.00668675,-0.00886530,0.00711688,0.01184395,2.13977361,-2.16246295,-0.22618049,0.01624305,-0.00976801,0.13955799,
2518,-0.01165765,0.06441276,9.86236763,6.00000000,0.00161133,0.00644531,-0.03768065,-0.23510897,0.09456541,0.13523810,0.01150183,0.01954621,-0.01393904,0.01516946,0.01187540,1.91288078,-1.97920334,-0.23510873,0.01442445,-0.00976801,0.12404265,
2526,-0.99088615,0.19609386,7.83208466,6.00000000,-0.00322266,0.01933594,-0.06072965,-0.08136013,0.01475990,0.13523810,0.01150183,0.09978875,0.02011859,0.00050267,0.01188538,1.65108144,-1.98967540,-0.08136557,0.01305722,-0.00976801,0.12607843,
2534,-1.08186579,-0.16064219,7.45858908,6.00000000,0.01772461,-0.00966797,0.04945259,0.09557097,0.03367873,0.13523810,0.01150183,0.03652108,0.04356454,-0.03733451,0.01188968,1.65980804,-1.78372645,0.09556816,0.01298709,-0.00976801,0.13175677,
2542,-0.05714749,-0.19176681,7.98531342,6.00000000,0.05639648,-0.05478515,0.02547096,0.24572259,0.03381196,0.13523810,0.01150183,-0.03652064,0.06456470,-0.07510134,0.01189152,1.89368224,-1.76976395,0.24572416,0.01373320,-0.00976801,0.15061495,
2550,0.12241764,0.22003587,10.02517319,6.00000000,0.11279297,-0.12084961,-0.02622277,0.23906103,-0.00589095,0.13523810,0.01150183,0.15739775,0.09125821,-0.05601435,0.01189232,1.76278257,-2.29685330,0.23905979,0.01564508,-0.00976801,0.16449372,
2558,1.04418528,-0.18697841,12.34036636,6.00000000,0.12568359,-0.11118164,0.12219685,-0.03579504,0.02954856,0.13523810,0.01150183,0.05812448,0.03282874,-0.02184034,0.01189266,2.05250716,-2.24972939,-0.03580040,0.01699236,-0.00976801,0.15336055,
2566,0.86462015,-1.04410267,12.79526520,6.00000000,0.05639648,-0.04028320,-0.01463164,-0.16329733,0.08137551,0.13531746,0.01150183,0.00823028,0.00572482,-0.00691172,0.01186136,2.37539315,-2.40331841,-0.16329505,0.01639169,-0.00976801,0.16138944,
2574,0.32353058,-0.00741329,11.57182789,6.00000000,0.01933594,-0.03222656,-0.10549536,-0.28067404,0.04233876,0.13531746,0.01150183,0.03394879,-0.01688895,0.02138742,0.01185144,2.14500976,-2.26020145,-0.28067115,0.01486499,-0.00976801,0.13934031,
2581,-0.03559967,0.21285327,9.16565514,5.00000000,-0.01933594,0.03222656,-0.01116762,-0.21658984,0.11015346,0.13531746,0.01150183,-0.01594506,-0.01667883,0.00956189,0.01184717,2.02981806,-1.97571266,-0.21659404,0.01255872,-0.00976801,0.12949744,
2590,-1.25903678,0.44269663,7.15691996,6.00000000,-0.01450195,0.01772461,-0.02515689,0.02029531,0.00210293,0.13531746,0.01150183,0.08229993,0.03592025,-0.01913600,0.01184533,1.80816102,-2.08741379,0.02028832,0.01150584,-0.00976801,0.14268547,
2598,-0.49049801,-0.43597540,6.81694317,6.00000000,0.04672851,-0.04028320,0.02706973,0.17590940,0.00716571,0.13531746,0.01150183,0.07458429,0.06205355,-0.04660756,0.01184454,1.66853476,-1.92160749,0.17590933,0.01187608,-0.00976801,0.14289607,
2606,-0.18643437,0.07398957,9.14650154,6.00000000,0.07089844,-0.07089844,0.04159194,0.28715751,0.03021472,0.13531746,0.01150183,-0.01491688,0.07666162,-0.08197539,0.01184421,2.07345128,-2.02283669,0.28715742,0.01330222,-0.00976801,0.16930930,
2614,0.45521167,-0.09839296,10.10897064,6.00000000,0.11923828,-0.14018555,-0.00037590,0.19083130,-0.00256017,0.13531746,0.01150183,0.13425170,0.08126411,-0.05163105,0.01184406,1.93557012,-2.39110112,0.19083056,0.01555652,-0.00976801,0.17067713,
2622,0.26606974,-0.34020734,13.44888210,6.00000000,0.11923828,-0.09829102,0.01987524,-0.09881342,0.02741686,0.13531746,0.01150183,0.06584030,0.02493398,-0.01231606,0.01184400,2.26369190,-2.48709416,-0.09881896,0.01697039,-0.00976801,0.16505152,
2630,0.80476511,-0.40006238,12.18953133,6.00000000,0.04189453,-0.03383789,-0.00184145,-0.23843977,0.06365576,0.13531746,0.01150183,-0.01028723,-0.01021979,0.00442020,0.01184397,2.49233031,-2.45742369,-0.23843627,0.01559744,-0.00976801,0.16214198,
2638,-0.07390690,-0.51977247,11.17199612,6.00000000,0.00966797,-0.01127930,-0.11881848,-0.31025138,0.04966648,0.13531746,0.01150183,0.00462938,-0.02704588,0.02451552,0.01184396,2.22529483,-2.24100256,-0.31024897,0.01366366,-0.00976801,0.13941018,
2646,-0.75146598,0.78027904,8.59822941,6.00000000,-0.04189453,0.04511719,-0.03834680,-0.14331263,0.05686097,0.13531746,0.01150183,-0.00154317,-0.00117873,-0.00232494,0.01184395,2.14500976,-2.13977361,-0.14331773,0.01172121,-0.00976801,0.14493288,
2653,-0.96215570,0.19609386,6.68047380,5.00000000,-0.00322266,-0.00161133,0.04918612,0.04654187,-0.01215282,0.13531746,0.01150183,0.06378295,0.03824113,-0.02575449,0.01184395,1.88146496,-2.09788561,0.04653591,0.01096382,-0.00976801,0.14762533,
2662,-0.16967496,-0.03614371,7.26944733,6.00000000,0.05478515,-0.04672851,0.01134845,0.21041632,-0.03093842,0.13531746,0.01150183,0.05966753,0.06719835,-0.05517372,0.01184395,1.80816102,-2.01061916,0.21041696,0.01137014,-0.00976801,0.15368603,
2670,0.03862058,0.12187360,10.00841427,6.00000000,0.08056641,-0.08217774,0.06370833,0.29008859,-0.01388482,0.13531746,0.01150183,0.00308653,0.08118851,-0.08224713,0.01184395,2.24100256,-2.25147462,0.29008615,0.01298049,-0.00976801,0.18388356,
2678,2.25325704,-0.02417270,11.20312023,6.00000000,0.12246094,-0.15791015,0.01254754,0.04760772,0.02448577,0.13531746,0.01150183,0.05606696,0.04665185,-0.03591736,0.01184395,2.16595364,-2.35619450,0.04760434,0.01523035,-0.00976801,0.16737914,
2686,0.65153623,0.41875461,13.55901527,6.00000000,0.06767578,-0.06123047,0.00135610,-0.11200330,0.02768333,0.13531746,0.01150183,0.05658140,0.01985534,-0.00949050,0.01184395,2.36666656,-2.55865288,-0.11200380,0.01510452,-0.00976801,0.17042251,
2694,0.09129302,-0.74482739,11.96208286,6.00000000,0.03383789,-0.03544922,-0.02195937,-0.25216258,0.07737859,0.13531746,0.01150183,0.00462931,-0.01328716,0.01094110,0.01184395,2.46789551,-2.48360348,-0.25215876,0.01391841,-0.00976801,0.16121033,
2702,-0.23431841,-0.22289145,9.62534142,6.00000000,0.00000000,0.01772461,-0.09523653,-0.27068168,0.09509833,0.13531746,0.01150183,-0.00462938,-0.02311442,0.01849429,0.01184395,2.26543736,-2.24972939,-0.27068153,0.01190323,-0.00976801,0.14405034,
2710,-0.76104277,0.38523579,7.50407887,6.00000000,-0.04028320,0.02739258,-0.05433454,-0.06377360,0.02461901,0.13531746,0.01150183,0.03394880,0.01528009,-0.01018809,0.01184395,2.10661244,-2.22180414,-0.06378116,0.00995827,-0.00976801,0.15228094,
2718,-0.86638767,-0.00980749,6.48175478,6.00000000,0.02255859,-0.01772461,0.04345718,0.12155106,0.03061441,0.13531746,0.01150183,0.05452374,0.04914598,-0.03863644,0.01184395,1.93731546,-2.12232041,0.12154786,0.00944802,-0.00976801,0.15597406,
2725,-0.44261396,0.27270830,8.04756260,5.00000000,0.06606445,-0.05639648,0.03572977,0.26890481,-0.03360305,0.13531746,0.01150183,0.07869947,0.08133107,-0.06464436,0.01184395,1.97396731,-2.24100256,0.26890653,0.01060189,-0.00976801,0.17228837,
2734,0.05298579,-0.36175513,10.23346901,6.00000000,0.11118164,-0.12407227,0.05797939,0.25598139,-0.00375925,0.13531746,0.01150183,0.03909259,0.08066357,-0.07333188,0.01184395,2.33874130,-2.47138643,0.25598064,0.01267086,-0.00976801,0.19292566,
2742,1.81032979,-0.18697841,12.62527657,6.00000000,0.13051757,-0.12084961,-0.01103441,-0.08415798,0.03354550,0.13531746,0.01150183,0.01954634,0.01910971,-0.01742602,0.01184395,2.51501966,-2.58134174,-0.08416420,0.01336284,-0.00976801,0.17864117,
2750,1.44641113,0.40678361,12.92694569,6.00000000,0.03383789,-0.05156250,0.01121522,-0.19607225,-0.00029524,0.13531746,0.01150183,0.07149813,0.00519093,0.00839176,0.01184395,2.61799383,-2.86059451,-0.19606830,0.01197721,-0.00976801,0.18438387,
2758,-0.41627774,-0.66581875,11.83040142,6.00000000,0.02416992,0.00322266,-0.02595630,-0.29439688,0.07378133,0.13531746,0.01150183,-0.00822959,-0.02727338,0.02171218,0.01184395,2.48185825,-2.45393300,-0.29439205,0.01055870,-0.00976801,0.15757917,
2766,-0.94539630,0.53128207,8.86877441,6.00000000,-0.03222656,0.03222656,-0.11055813,-0.16902629,0.03074764,0.13523810,0.01150183,0.03703513,-0.00308665,0.00856744,0.01187540,2.27765465,-2.40331841,-0.16902992,0.00880644,-0.00976801,0.15743059,
2774,-0.57908344,-0.29471749,6.60625315,6.00000000,-0.00161133,0.00805664,-0.03848004,0.02002885,0.04047352,0.13523810,0.01150183,-0.03394885,0.01821161,-0.02892335,0.01188538,2.13279223,-2.01760054,0.02002175,0.00767323,-0.00976801,0.15190335,
2782,-0.91906011,0.70366460,7.04678631,6.00000000,0.03222656,-0.03061523,0.00188903,0.23053423,-0.00562449,0.13523810,0.01150183,0.06121034,0.06922586,-0.05681773,0.01188968,2.00189257,-2.20958686,0.23053455,0.00847997,-0.00976801,0.16937988,
2790,-0.17925178,-0.16782480,8.79934216,6.00000000,0.08862305,-0.10634766,0.10554294,0.28422639,-0.06384654,0.13523810,0.01150183,0.10236119,0.08907789,-0.06676175,0.01189152,2.15199113,-2.49931145,0.28422827,0.01038161,-0.00976801,0.18921618,
2797,1.82230079,-0.44555220,10.89666271,5.00000000,0.13212891,-0.11279297,0.04812028,0.13114372,0.03541074,0.13523810,0.01150183,0.01337406,0.05408356,-0.05321874,0.01189232,2.41379046,-2.45916891,0.13114101,0.01186781,-0.00976801,0.18615249,
2806,1.11361718,0.64141536,13.33156586,6.00000000,0.07573242,-0.10795899,-0.01036825,-0.08255921,-0.02720795,0.13523810,0.01150183,0.05452368,0.02249636,-0.01257420,0.01189266,2.58483267,-2.76983738,-0.08256406,0.01186580,-0.00732601,0.18812096,
2814,0.85983175,-0.58920431,12.78568840,6.00000000,0.04833984,-0.03061523,-0.01569750,-0.24803239,0.06032498,0.13523810,0.01150183,-0.01491661,-0.01775572,0.01076682,0.01189281,2.63021111,-2.57959676,-0.24802914,0.01107644,-0.00732601,0.17087351,
2822,-0.09306051,0.45227343,10.69794369,6.00000000,-0.01450195,0.00483398,-0.08817529,-0.27361280,0.04593600,0.13531746,0.01150183,0.04063575,-0.02007273,0.02608683,0.01186143,2.40855432,-2.54643536,-0.27361065,0.00909006,-0.00732601,0.15978161,
2830,-0.62217909,-0.28992909,7.74828768,6.00000000,-0.02900391,0.03544922,-0.09816764,-0.11533409,0.01995591,0.13531746,0.01150183,-0.06995477,-0.00898599,-0.01064426,0.01185147,2.41379046,-2.17642546,-0.11534107,0.00728760,-0.00732601,0.15803303,
2838,-0.88793546,0.31101555,6.30937243,6.00000000,-0.00644531,-0.00644531,-0.06406043,0.13207632,0.02928210,0.13531746,0.01150183,-0.02211801,0.03927386,-0.04685979,0.01184718,2.17642546,-2.10137653,0.13207063,0.00686739,-0.00732601,0.16464542,
2846,-0.33966330,0.63423276,7.09945869,6.00000000,0.04189453,-0.08540039,0.09488444,0.28742397,-0.06651117,0.13531746,0.01150183,0.08538683,0.08213483,-0.06385109,0.01184534,2.01760054,-2.30732512,0.28742748,0.00802133,-0.00732601,0.17761703,
2854,0.28761756,-0.50540721,9.84082031,6.00000000,0.11923828,-0.09990235,0.07902992,0.29954800,-0.01694914,0.13531746,0.01150183,0.06275358,0.08793120,-0.07491956,0.01184455,2.31430674,-2.52723670,0.29954833,0.01006516,-0.00976801,0.19722313,
2862,1.05855048,0.25355470,12.46007633,6.00000000,0.12084961,-0.13857421,0.04945259,0.05773329,-0.03999815,0.13531746,0.01150183,0.05761001,0.04833429,-0.03725396,0.01184421,2.55516195,-2.75063896,0.05772597,0.01170699,-0.00976801,0.19652042,
2869,0.93405199,-0.58681011,13.67154217,5.00000000,0.07573242,-0.07412110,-0.01409871,-0.12332796,0.05539542,0.13531746,0.01150183,-0.01543088,0.00819271,-0.01491173,0.01184406,2.83266950,-2.78030944,-0.12332831,0.01144665,-0.00976801,0.19452919,
2878,0.30916539,0.46903285,12.53908539,6.00000000,0.01611328,-0.04350586,-0.08178019,-0.27774298,0.04073999,0.13531746,0.01150183,0.00051465,-0.02125564,0.01780563,0.01184400,2.67908049,-2.68082595,-0.27773800,0.01018374,-0.00976801,0.17416057,
2886,-0.71794713,-0.50061882,9.63012981,6.00000000,-0.01933594,0.02416992,-0.10669442,-0.22231877,0.03660981,0.13531746,0.01150183,-0.02314717,-0.01903320,0.01013520,0.01184397,2.54294467,-2.46440482,-0.22231907,0.00803300,-0.00976801,0.16539828,
2894,-1.14411509,0.39720678,7.06354570,6.00000000,-0.02255859,0.01450195,-0.07058877,-0.03592827,0.01209527,0.13531746,0.01150183,-0.00771540,0.01228234,-0.01698998,0.01184396,2.32826900,-2.30208921,-0.03593546,0.00644701,-0.00976801,0.16524516,
2902,-0.49049801,-0.18937261,6.05558681,6.00000000,0.00161133,-0.02739258,0.03026728,0.18456942,-0.02574240,0.13531746,0.01150183,-0.01697440,0.04984824,-0.05606696,0.01184395,2.24274802,-2.18515205,0.18456651,0.00625206,-0.00976801,0.17389250,
2910,-0.10263732,0.21285327,7.68364429,6.00000000,0.08217774,-0.08217774,0.01761032,0.32446223,-0.04599356,0.13523810,0.01150183,0.09618773,0.09151350,-0.07056981,0.01187540,2.15024567,-2.47662210,0.32446650,0.00777451,-0.00732601,0.19124778,
2918,0.81673616,0.22721848,10.48725414,6.00000000,0.11923828,-0.14179687,0.09808199,0.22187421,-0.07397211,0.13523810,0.01150183,0.05709559,0.07374209,-0.06230474,0.01188538,2.41204500,-2.60577655,0.22187284,0.01009505,-0.00732601,0.19798183,
2926,1.10643458,-0.69454920,13.19988441,6.00000000,0.11601563,-0.10312500,0.00575273,0.01816362,0.02168792,0.13531746,0.01150183,-0.02057476,0.03260602,-0.04010973,0.01185823,2.82394290,-2.75412965,0.01815663,0.01109216,-0.00976801,0.20352150,
2934,1.28599966,0.33495754,13.37705612,6.00000000,0.04833984,-0.09023438,-0.07445247,-0.22045353,-0.01868115,0.13531746,0.01150183,-0.00977324,-0.01080355,0.00510188,0.01185009,2.80648947,-2.77332807,-0.22045329,0.01016240,-0.00976801,0.18628551,
2941,0.38577983,-0.54850286,11.46648312,5.00000000,0.00483398,0.00322266,-0.05646626,-0.27334633,0.03381196,0.13531746,0.01150183,-0.04423654,-0.02809526,0.01406905,0.01184659,2.77158284,-2.62148452,-0.27334231,0.00836500,-0.00976801,0.17568137,
2950,-0.56950665,0.24876629,8.71793938,6.00000000,-0.03383789,0.00966797,-0.06112934,-0.18301558,0.01595897,0.13523810,0.01150183,0.01440247,-0.01037967,0.01044047,0.01187653,2.45916891,-2.50803804,-0.18301851,0.00640632,-0.00732601,0.16679236,
2958,-0.86399347,-0.41921598,6.34049702,6.00000000,-0.01127930,0.02416992,-0.03661481,0.09703651,-0.00002877,0.13523810,0.01150183,-0.03857829,0.03055292,-0.04215775,0.01188587,2.38935566,-2.25845599,0.09702742,0.00507341,-0.00732601,0.17551774,
2966,-1.11059618,0.40917781,6.88158655,6.00000000,0.04350586,-0.05961914,-0.02942031,0.25158474,-0.01614976,0.13523810,0.01150183,0.02520418,0.06819421,-0.06424439,0.01188989,2.21656823,-2.30208921,0.25158697,0.00676159,-0.00976801,0.18204135,
2974,0.09129302,0.18651704,9.25424004,6.00000000,0.08378907,-0.11762695,0.09435152,0.32845920,-0.05558620,0.13523810,0.01150183,0.01851750,0.08647066,-0.08383229,0.01189161,2.43124366,-2.49407530,0.32846087,0.00870394,-0.00976801,0.20235619,
2982,1.08967507,-0.53174347,11.70829678,6.00000000,0.13696289,-0.14179687,0.02427188,0.13141018,-0.01428452,0.13523810,0.01150183,0.10184646,0.06656164,-0.04482673,0.01189236,2.55516195,-2.90073705,0.13140492,0.01084058,-0.00976801,0.20730311,
2990,1.04179108,0.31819814,13.26692295,6.00000000,0.09506836,-0.09345703,0.03439745,-0.09321770,-0.00602418,0.13523810,0.01150183,0.01131660,0.01758270,-0.01790027,0.01189267,2.89375591,-2.93215322,-0.09322175,0.01113911,-0.00976801,0.20443060,
2998,0.32113639,-0.93157512,12.85511971,6.00000000,0.04511719,-0.04028320,-0.10109872,-0.22631574,0.05193141,0.13523810,0.01150183,-0.04012131,-0.01358752,0.00070697,0.01189282,3.01069307,-2.87455726,-0.22631100,0.01025817,-0.00976801,0.19693276,
3006,-0.51204580,0.57677191,10.76258755,6.00000000,-0.01611328,-0.00805664,-0.09856731,-0.25162965,0.03567720,0.13523810,0.01150183,-0.02314644,-0.02079175,0.01181315,0.01189287,2.79078126,-2.71224165,-0.25162649,0.00855814,-0.00976801,0.18124163,
3013,-0.54795885,-0.09599875,8.00207329,5.00000000,-0.01450195,0.01289062,-0.05020437,-0.11466793,0.01542605,0.13523810,0.01150183,-0.01697434,0.00071738,-0.00784723,0.01189290,2.65115499,-2.59355927,-0.11467329,0.00668091,-0.00976801,0.18180704,
3022,-0.62936169,0.01413453,6.26627684,6.00000000,-0.01127930,-0.01933594,-0.01849534,0.10676239,-0.00256017,0.13523810,0.01150183,0.00925870,0.04049121,-0.04076186,0.01189291,2.39110112,-2.42251706,0.10675705,0.00590537,-0.00976801,0.18223351,
3030,-0.63893849,0.02849974,7.16649675,6.00000000,0.06123047,-0.05317383,0.00228873,0.28129533,-0.03999815,0.13523810,0.01150183,0.05812420,0.08049843,-0.06868234,0.01189292,2.39459157,-2.59181404,0.28129807,0.00696237,-0.00976801,0.20115130,
3038,0.70899707,0.44030243,9.75223446,6.00000000,0.10634766,-0.13051757,0.06370833,0.24572259,-0.03866583,0.13523810,0.01150183,0.04629373,0.07712600,-0.06818389,0.01189292,2.58832335,-2.74540305,0.24572241,0.00872989,-0.00976801,0.21116242,
3046,1.23332727,0.01652873,12.47922993,6.00000000,0.12084961,-0.10957031,0.06157663,0.05813299,0.00609986,0.13523810,0.01150183,0.04423643,0.04805957,-0.04015309,0.01189291,2.84837723,-2.99847579,0.05812658,0.01037682,-0.00976801,0.21616268,
3054,1.38655615,-0.07923934,13.15200043,6.00000000,0.07089844,-0.08862305,-0.04953823,-0.17955154,-0.01468421,0.13523810,0.01150183,0.02263250,0.00147447,0.00059243,0.01189291,2.89550114,-2.97229576,-0.17955351,0.00971492,-0.00976801,0.19969001,
3062,0.51506674,-0.29950589,11.69153786,6.00000000,0.01611328,-0.01127930,-0.07058877,-0.22658217,0.07391457,0.13523810,0.01150183,-0.05863887,-0.01924858,0.00196173,0.01189291,3.02640080,-2.82743335,-0.22657603,0.00793706,-0.00976801,0.19577466,
3070,-0.54077625,0.28467932,9.46732426,6.00000000,-0.02416992,-0.01289062,-0.11415539,-0.20446581,0.03434489,0.13523810,0.01150183,-0.03754942,-0.01791310,0.00564781,0.01189291,2.72445917,-2.59704995,-0.20446689,0.00645516,-0.00976801,0.17808080,
3078,-1.02201080,0.05723016,7.00847912,6.00000000,-0.01450195,0.01772461,-0.04900532,0.01350052,0.01968945,0.13523810,0.01150183,0.01337374,0.02481994,-0.02441555,0.01189291,2.53945398,-2.58483267,0.01349297,0.00518204,-0.00976801,0.18673363,
3085,-0.89990646,0.20806487,6.40753460,5.00000000,0.02416992,-0.04995117,0.01587832,0.15792319,-0.00882204,0.13523810,0.01150183,0.05606684,0.05547459,-0.04454424,0.01189291,2.36317563,-2.55341673,0.15792306,0.00557758,-0.00976801,0.18967588,
3094,-0.38994151,-0.30908272,8.20797443,6.00000000,0.07573242,-0.06445312,0.02960113,0.28622487,-0.01148666,0.13523810,0.01150183,0.03292001,0.08038381,-0.07449935,0.01189291,2.63195658,-2.74365759,0.28622755,0.00702529,-0.00732601,0.21561749,
3102,1.42246914,0.13145041,10.69794369,6.00000000,0.11118164,-0.14663085,0.00974967,0.16365212,-0.02907319,0.13523810,0.01150183,0.04835121,0.06291126,-0.05373868,0.01189291,2.68606162,-2.85012269,0.16364992,0.00850084,-0.00732601,0.21255128,
3110,0.86462015,0.05962436,12.88624477,6.00000000,0.09184571,-0.09184571,0.03946024,0.02629072,0.02048884,0.13523810,0.01150183,0.04732251,0.04228507,-0.03375702,0.01189291,2.92168117,-3.08225155,0.02628495,0.00975214,-0.00732601,0.21954824,
3118,0.68505502,-0.22528565,12.99158955,6.00000000,0.06445312,-0.07573242,-0.02915385,-0.20300025,0.00210293,0.13523810,0.01150183,0.01440257,-0.00396324,0.00401714,0.01189291,2.91120934,-2.96007848,-0.20300086,0.00983883,-0.00732601,0.19811665,
3126,-0.52880520,-0.55568546,11.22706223,6.00000000,0.00966797,0.00000000,-0.08857497,-0.19753775,0.03954091,0.13523810,0.01150183,-0.04835124,-0.01214825,-0.00261346,0.01189291,2.99847579,-2.83441448,-0.19753401,0.00845596,-0.00976801,0.19712105,
3134,-0.89990646,0.02131713,8.76342869,6.00000000,-0.01289062,-0.01127930,-0.10909260,-0.14784253,0.01995591,0.13523810,0.01150183,-0.04063578,-0.00710569,-0.00570552,0.01189291,2.73667622,-2.59879518,-0.14784509,0.00702266,-0.00976801,0.18269205,
3142,-1.38353527,0.10511419,6.90313435,6.00000000,-0.00483398,0.00000000,-0.01689657,0.08691093,-0.00269340,0.13531746,0.01150183,-0.01337359,0.03720383,-0.04286957,0.01186147,2.67035365,-2.62497520,0.08690509,0.00628598,-0.00732601,0.19825628,
3150,-0.39712414,-0.05529732,6.87919235,6.00000000,0.04672851,-0.08378907,0.02640358,0.19775933,-0.04839172,0.13531746,0.01150183,0.05349454,0.06539153,-0.05492095,0.01185149,2.46091413,-2.64242840,0.19776216,0.00716189,-0.00732601,0.19933391,
3157,0.00510176,-0.20373783,9.10819435,5.00000000,0.08701172,-0.08378907,0.07596560,0.26703957,-0.03959846,0.13531746,0.01150183,0.01491696,0.07823783,-0.07663445,0.01184719,2.74889350,-2.79950809,0.26704106,0.00873506,-0.00732601,0.22048990,
3166,1.44401693,-0.18219002,11.57182789,6.00000000,0.11601563,-0.14985351,0.03453069,0.08158169,-0.02654179,0.13531746,0.01150183,0.05452319,0.05283949,-0.04243405,0.01184535,2.77681899,-2.96182370,0.08157708,0.01027718,-0.00976801,0.21394014,
3174,0.34268421,0.02849974,13.38902664,6.00000000,0.07895508,-0.07412110,-0.01196701,-0.06190836,0.01062973,0.13531746,0.01150183,0.03034810,0.02732017,-0.02305352,0.01184455,3.05956221,-3.16253662,-0.06191073,0.01071918,-0.00976801,0.22106254,
3182,0.45281747,-0.44076380,12.55584431,6.00000000,0.04511719,-0.05961914,-0.04447544,-0.25935706,0.02728363,0.13531746,0.01150183,-0.02314663,-0.01733073,0.00835055,0.01184421,3.04385400,-2.96531439,-0.25935459,0.00988611,-0.00976801,0.19902907,
3190,-0.34205750,-0.10078716,9.88152122,6.00000000,-0.00161133,0.00322266,-0.14399919,-0.22271848,0.04353784,0.13531746,0.01150183,-0.02108930,-0.01375136,0.00533979,0.01184406,2.98974895,-2.91819048,-0.22271849,0.00792534,-0.00976801,0.19801573,
3198,-0.71555293,0.20806487,7.66927910,6.00000000,-0.02255859,-0.00161133,-0.08217988,-0.12639228,-0.00002877,0.13523810,0.01150183,-0.03703496,-0.00274722,-0.00915302,0.01187544,2.77507353,-2.64940977,-0.12639713,0.00665545,-0.00976801,0.18747370,
3206,-0.91906011,0.08117218,6.40514040,6.00000000,0.00322266,-0.00966797,-0.00730393,0.16311923,-0.01748207,0.13523810,0.01150183,-0.00411492,0.05303381,-0.05628648,0.01188540,2.75587487,-2.74191236,0.16311333,0.00580912,-0.00976801,0.21112049,
3214,-0.84483987,0.38284159,8.06911087,6.00000000,0.06284180,-0.09667969,0.05571446,0.22147450,-0.08156630,0.13523810,0.01150183,0.07149773,0.07463284,-0.05983451,0.01188968,2.60403109,-2.84663200,0.22147714,0.00747595,-0.00976801,0.21364358,
3222,0.62759417,-0.26119867,10.08263397,6.00000000,0.10957031,-0.10473633,0.06623971,0.23080066,-0.05065665,0.13523810,0.01150183,-0.00565814,0.07388140,-0.07723784,0.01189153,3.10668612,-3.08748746,0.23079875,0.00914675,-0.00976801,0.24127172,
3229,1.43204594,0.11469100,12.64682388,5.00000000,0.10312500,-0.13857421,0.03040051,-0.01714266,0.02475224,0.13523810,0.01150183,0.01748887,0.03415126,-0.03278371,0.01189232,3.11366725,-3.17300868,-0.01714893,0.01064496,-0.00976801,0.22664869,
3238,1.02503169,-0.20852624,12.83596611,6.00000000,0.06606445,-0.07573242,-0.05699917,-0.17368937,-0.00309309,0.13523810,0.01150183,0.04114990,0.00956676,-0.00310152,0.01189266,3.22362304,-3.36324930,-0.17368755,0.01016975,-0.00976801,0.22618175,
3246,-0.43064296,-0.57723331,12.63006496,6.00000000,0.01127930,-0.00644531,-0.04927175,-0.27867559,0.06951794,0.13523810,0.01150183,-0.03291937,-0.02203805,0.01067922,0.01189281,3.16602707,-3.05432630,-0.27866894,0.00901405,-0.00976801,0.20528433,
3254,-0.45697916,0.18172865,9.24466324,6.00000000,-0.00966797,-0.00322266,-0.12121663,-0.20486549,0.03314580,0.13523810,0.01150183,-0.00565821,-0.00967605,0.00494658,0.01189287,3.00196624,-2.98276758,-0.20486748,0.00693163,-0.00976801,0.20209368,
3262,-1.02440500,0.09793159,7.08748770,6.00000000,-0.02094727,0.02578125,-0.08311249,-0.05604619,0.01129588,0.13523810,0.01150183,-0.02417575,0.01112997,-0.01979277,0.01189290,2.83266950,-2.75063896,-0.05605228,0.00569489,-0.00976801,0.19833118,
3270,-0.30614448,0.43072563,6.09149981,6.00000000,0.01772461,-0.04189453,0.03013405,0.16698292,0.00490078,0.13523810,0.01150183,0.02829065,0.05626383,-0.05186377,0.01189291,2.64940977,-2.74540305,0.16697927,0.00531362,-0.00976801,0.20766796,
3278,-1.07228899,0.04525915,9.20396233,6.00000000,0.06606445,-0.07573242,0.07156897,0.27143621,-0.04053107,0.13523810,0.01150183,0.05555259,0.08355761,-0.07236792,0.01189292,2.77681899,-2.96531439,0.27143711,0.00749347,-0.00976801,0.22783154,
3286,0.99630123,-0.19894943,10.29092979,6.00000000,0.12890625,-0.14824219,0.07250159,0.19709319,-0.00828911,0.13531746,0.01150183,0.07715655,0.07659636,-0.06051101,0.01186147,2.89375591,-3.15555525,0.19709159,0.00904068,-0.00976801,0.23357664,
3294,-0.00447505,-0.45752320,13.62126446,6.00000000,0.10473633,-0.09667969,0.05411568,-0.07563118,0.03994060,0.13531746,0.01150183,0.02880493,0.02645169,-0.02259286,0.01185149,3.23933125,-3.33706951,-0.07563786,0.01054083,-0.00976801,0.23291069,
3301,1.49668944,0.04525915,12.51274872,5.00000000,0.05800781,-0.06123047,-0.06072965,-0.24576747,0.03727597,0.13531746,0.01150183,0.01491695,-0.00836675,0.00840507,0.01184719,3.22536850,-3.27598286,-0.24576451,0.00925631,-0.00976801,0.21785608,
3310,-0.67963994,-0.36175513,11.16960144,6.00000000,-0.00161133,0.00161133,-0.11095784,-0.27441218,0.05672774,0.13531746,0.01150183,-0.00462935,-0.01959172,0.01490109,0.01184535,3.15381002,-3.13810205,-0.27440748,0.00747843,-0.00976801,0.20818728,
3318,-0.37078792,-0.05769153,8.48570156,6.00000000,-0.02578125,0.02416992,-0.11801910,-0.19847038,0.04593600,0.13531746,0.01150183,-0.04012095,-0.01527087,0.00240419,0.01184455,3.00720239,-2.87106657,-0.19847474,0.00541409,-0.00976801,0.19869778,
3326,-1.18242228,0.16018084,6.33331442,6.00000000,-0.01127930,0.00322266,-0.06845706,0.08437954,0.00263585,0.13523810,0.01150183,-0.01183058,0.03684676,-0.04218309,0.01187565,2.85710382,-2.81696129,0.08437054,0.00437883,-0.00976801,0.21180174,
3334,-0.90230072,0.33016914,7.10664129,6.00000000,0.04189453,-0.05961914,0.03119990,0.20428765,-0.04812526,0.13523810,0.01150183,0.06635448,0.06804590,-0.05454647,0.01188549,2.62672043,-2.85186791,0.20428891,0.00531131,-0.00976801,0.21340978,
3342,0.36183780,-0.02417270,9.04594517,6.00000000,0.09829102,-0.09990235,0.07436682,0.28755718,-0.06198130,0.13531746,0.01150183,0.04835124,0.08772926,-0.07819643,0.01185828,3.03861833,-3.20267916,0.28755677,0.00685890,-0.00976801,0.24709496,
3350,1.97552979,-0.03614371,11.54788589,6.00000000,0.11762695,-0.12890625,0.04638826,0.03828153,-0.02893995,0.13531746,0.01150183,0.02829056,0.04356675,-0.03949971,0.01185011,3.09272337,-3.18871641,0.03827636,0.00923238,-0.00976801,0.23047723,
3358,0.80476511,0.18651704,13.03229046,6.00000000,0.08056641,-0.09345703,-0.04540806,-0.10734021,-0.00975465,0.13523810,0.01150183,-0.00154327,0.01627507,-0.01969221,0.01187804,3.34754157,-3.34230542,-0.10734139,0.00950060,-0.00976801,0.23472470,
3366,-1.03398180,-0.18219002,13.74336910,6.00000000,0.02416992,-0.03222656,-0.04007881,-0.24496806,0.05326373,0.13523810,0.01150183,-0.03909193,-0.01469390,0.00198026,0.01188652,3.36673999,-3.23409510,-0.24496268,0.00880740,-0.00976801,0.22152050,
3373,0.29958856,-0.55807966,9.95095348,5.00000000,-0.00161133,-0.01772461,-0.09323808,-0.28160670,0.05646127,0.13523810,0.01150183,-0.01234491,-0.02349247,0.01694748,0.01189017,3.11017656,-3.06828880,-0.28160745,0.00678545,-0.00976801,0.20355287,
3382,-0.57668924,-0.00741329,7.56632805,6.00000000,-0.03383789,0.02578125,-0.05580010,-0.16089919,0.04713509,0.13523810,0.01150183,-0.02726196,-0.00834855,-0.00137361,0.01189173,2.90771866,-2.81521606,-0.16090643,0.00507881,-0.00976801,0.19579066,
3390,-1.22312367,-0.13670018,6.71399260,6.00000000,-0.00644531,-0.00322266,-0.02782153,0.13713911,0.01089619,0.13523810,0.01150183,0.02880501,0.05035688,-0.04594527,0.01189241,2.75412965,-2.85186791,0.13713215,0.00404307,-0.00976801,0.21315950,
3398,-0.69161093,0.15299822,7.77701807,6.00000000,0.05961914,-0.06928711,0.03519685,0.24772105,-0.03386951,0.13523810,0.01150183,0.04372199,0.07464371,-0.06635280,0.01189270,2.79078126,-2.93913436,0.24772343,0.00525040,-0.00976801,0.22566941,
3406,-0.13376194,-0.16303641,9.73786926,6.00000000,0.11440430,-0.11923828,0.05544800,0.27090329,-0.02227839,0.13523810,0.01150183,0.03394879,0.08250283,-0.07641630,0.01189283,2.97927690,-3.09446883,0.27090403,0.00724877,-0.00976801,0.23981375,
3414,0.65393043,-0.39048555,12.82399559,6.00000000,0.11440430,-0.14179687,0.00268842,-0.01461127,-0.00615741,0.13531746,0.01150183,0.04114997,0.03773009,-0.03079433,0.01186143,3.31088948,-3.45051599,-0.01461923,0.00885853,-0.00976801,0.24404109,
3422,1.78399360,0.05962436,13.31480694,6.00000000,0.05961914,-0.05800781,-0.00024267,-0.23524219,0.05819328,0.13531746,0.01150183,0.02674748,-0.00439894,0.00724867,0.01185147,3.37895751,-3.46971464,-0.23524030,0.00827614,-0.00976801,0.23120944,
3430,0.61083478,-0.12472917,12.14404202,6.00000000,0.01289062,-0.01289062,-0.06019673,-0.31344894,0.06951794,0.13531746,0.01150183,-0.02777613,-0.02947730,0.01918224,0.01184718,3.36848545,-3.27423787,-0.31344265,0.00597811,-0.00976801,0.21807404,
3438,-0.68921673,0.06920116,9.43620014,6.00000000,-0.03544922,0.03222656,-0.11522124,-0.24829888,0.07378133,0.13531746,0.01150183,-0.00102887,-0.02037686,0.01656174,0.01184534,3.07003403,-3.06654334,-0.24830087,0.00385967,-0.00976801,0.20444909,
3445,-1.03398180,0.08835478,6.97496033,5.00000000,-0.01611328,0.02255859,-0.07685063,-0.03672766,0.03927444,0.13531746,0.01150183,-0.01131646,0.01301382,-0.01862989,0.01184455,2.93215322,-2.89375591,-0.03673649,0.00237806,-0.00976801,0.20852582,
3454,-0.72752398,-0.01938430,6.53442717,6.00000000,0.00805664,-0.02094727,0.00948321,0.18856639,0.02941533,0.13531746,0.01150183,0.03137679,0.05748225,-0.05232950,0.01184421,2.72445917,-2.83092403,0.18856451,0.00238752,-0.00976801,0.21505357,
3462,-0.06193589,0.07398957,8.11460018,6.00000000,0.09345703,-0.09023438,0.03892732,0.30114678,-0.01188635,0.13531746,0.01150183,0.09258744,0.08831746,-0.06834769,0.01184406,2.70700574,-3.02116513,0.30114919,0.00389692,-0.00976801,0.22947948,
3470,0.65153623,-0.16782480,10.67400169,6.00000000,0.11923828,-0.11762695,0.05211721,0.20641938,-0.02254485,0.13531746,0.01150183,0.06532553,0.07354372,-0.06026441,0.01184400,2.96880507,-3.19046187,0.20641606,0.00616349,-0.00976801,0.23823859,
3478,1.16628957,-0.12233497,12.77371693,6.00000000,0.11601563,-0.10795899,0.02733620,-0.03379657,0.03394520,0.13531746,0.01150183,0.04680812,0.03147555,-0.02328148,0.01184397,3.14333820,-3.30216289,-0.03380221,0.00770390,-0.00976801,0.23119871,
3486,0.44563487,-0.14627698,13.18791389,6.00000000,0.05478515,-0.05961914,-0.02955355,-0.21685630,0.02088853,0.13531746,0.01150183,0.01594574,-0.00525530,0.00559400,0.01184396,3.31787109,-3.37197614,-0.21685423,0.00712063,-0.00732601,0.22678503,
3494,-0.13136774,-0.65863615,11.55506802,6.00000000,-0.00161133,0.00966797,-0.10043257,-0.30585477,0.07791150,0.13531746,0.01150183,-0.03703495,-0.03170230,0.01923621,0.01184395,3.26551104,-3.13984728,-0.30585063,0.00545107,-0.00732601,0.21002021,
3502,-0.55992985,0.42833143,8.33486652,6.00000000,-0.02578125,0.01450195,-0.07631771,-0.15556994,0.07071701,0.13531746,0.01150183,-0.04012233,-0.00924907,-0.00351522,0.01184395,3.12763000,-2.99149418,-0.15557495,0.00341077,-0.00732601,0.21053907,
3510,-1.27579618,-0.29232329,6.87440395,6.00000000,-0.01450195,0.01289062,-0.06672507,0.04840711,0.03327904,0.13531746,0.01150183,0.03343455,0.03253585,-0.02732707,0.01184395,2.77158284,-2.88502932,0.04840064,0.00246764,-0.00732601,0.20856126,
3517,-0.59344864,0.13863301,6.39795780,5.00000000,0.04672851,-0.05639648,0.03119990,0.23506409,-0.00256017,0.13531746,0.01150183,0.05966735,0.07105025,-0.05906295,0.01184395,2.75063896,-2.95309711,0.23506454,0.00331186,-0.00732601,0.22380260,
3526,0.21818571,-0.37612036,9.67322540,6.00000000,0.09345703,-0.09184571,0.05864554,0.26810542,-0.02720795,0.13531746,0.01150183,0.06532570,0.08251832,-0.06906614,0.01184395,2.90771866,-3.12937546,0.26810598,0.00506426,-0.00976801,0.23828232,
3534,1.52302563,0.10511419,11.51197243,6.00000000,0.12729493,-0.13535157,0.03959347,0.10503039,-0.01521713,0.13531746,0.01150183,0.03137697,0.05361503,-0.04864828,0.01184395,3.15381002,-3.26027513,0.10502590,0.00690921,-0.00976801,0.24012494,
3542,0.76645792,-0.17261320,13.56140900,6.00000000,0.07250977,-0.08862305,0.00082318,-0.12292828,0.01236173,0.13531746,0.01150183,0.02520444,0.01375923,-0.01094137,0.01184395,3.33532429,-3.42084527,-0.12293234,0.00743975,-0.00732601,0.23599854,
3550,0.88616800,-0.09839296,12.37867355,6.00000000,0.04189453,-0.02578125,-0.04607422,-0.26508600,0.04367107,0.13531746,0.01150183,-0.04680802,-0.02301007,0.00837906,0.01184395,3.36324930,-3.20442462,-0.26508310,0.00651280,-0.00732601,0.21885964,
3558,-0.46895018,-0.40724498,9.97489548,6.00000000,-0.02900391,-0.00483398,-0.10669442,-0.22111970,0.04846740,0.13531746,0.01150183,-0.04732309,-0.01893833,0.00429465,0.01184395,3.23584032,-3.07527018,-0.22111911,0.00481777,-0.00732601,0.21274669,
3566,-0.63654429,0.04525915,7.67167330,6.00000000,-0.02094727,0.01933594,-0.06366073,-0.06790376,0.06125760,0.13531746,0.01150183,-0.02417589,0.00630751,-0.01504157,0.01184395,2.91993594,-2.83790541,-0.06790963,0.00329159,-0.00732601,0.20379822,
3574,-0.63893849,0.13384461,6.24472904,6.00000000,0.00805664,-0.03544922,0.00122288,0.16098750,-0.00669034,0.13531746,0.01150183,0.04577919,0.05492059,-0.04644308,0.01184395,2.71573234,-2.87106657,0.16098422,0.00307733,-0.00732601,0.21419279,
3582,-0.18164597,-0.23007405,8.01404381,6.00000000,0.07734375,-0.06767578,0.05678030,0.26104417,-0.00429217,0.13531746,0.01150183,0.06275363,0.07661766,-0.06380610,0.01184395,2.65290046,-2.86583066,0.26104715,0.00442664,-0.00732601,0.21897987,
3589,0.47197109,0.00695192,9.76420498,5.00000000,0.10473633,-0.12084961,0.05118459,0.25251737,-0.01734884,0.13531746,0.01150183,0.06944083,0.08211708,-0.06772210,0.01184395,2.94611573,-3.18173528,0.25251558,0.00636200,-0.00732601,0.24044201,
3598,0.96038824,-0.39287975,12.85990810,6.00000000,0.12084961,-0.11118164,0.00801767,0.01310083,-0.00202724,0.13531746,0.01150183,0.03189138,0.03964407,-0.03481129,0.01184395,3.19918847,-3.30739903,0.01309387,0.00873292,-0.00732601,0.23681305,
3606,0.96278244,0.07159536,12.79047680,6.00000000,0.07250977,-0.08217774,-0.01676335,-0.15303853,0.01622544,0.13531746,0.01150183,-0.03034784,0.00268940,-0.01306518,0.01184395,3.42433596,-3.32136154,-0.15303923,0.00818134,-0.00732601,0.23343621,
3614,-0.43543136,-0.34260154,12.00278378,6.00000000,0.00322266,-0.03061523,-0.06978936,-0.25709212,0.01635867,0.13531746,0.01150183,0.00102887,-0.01480862,0.01150110,0.01184395,3.31438017,-3.31787109,-0.25708812,0.00702477,-0.00732601,0.22178026,
3622,-0.72752398,0.06201856,8.93341732,6.00000000,-0.00322266,0.00966797,-0.04367606,-0.17915186,0.03607690,0.13531746,0.01150183,-0.04372164,-0.01039522,-0.00326085,0.01184395,3.20093369,-3.05258083,-0.17915419,0.00540457,-0.00732601,0.21370123,
3630,-1.08665419,-0.34020734,6.97256613,6.00000000,-0.02094727,-0.00966797,-0.05619980,0.01230144,0.01889006,0.13531746,0.01150183,-0.03240575,0.02271115,-0.03312583,0.01184395,3.05781674,-2.94786096,0.01229507,0.00424917,-0.00732601,0.21859719,
3638,-0.55035305,0.40438941,6.82173157,6.00000000,0.03867187,-0.04995117,0.01974203,0.17164600,-0.01308544,0.13531746,0.01150183,0.02263240,0.05735141,-0.05428359,0.01184395,2.87106657,-2.94786096,0.17164586,0.00441744,-0.00732601,0.22338043,
3646,-0.03081127,-0.07923934,8.63174820,6.00000000,0.07089844,-0.10312500,0.08755672,0.26810542,-0.04239631,0.13531746,0.01150183,0.07149792,0.08575849,-0.07083778,0.01184395,3.02640080,-3.26900172,0.26810628,0.00578141,-0.00976801,0.24764612,
3654,1.14713597,-0.38090876,11.38986874,6.00000000,0.12407227,-0.11762695,0.06877112,0.11542243,-0.00335955,0.13531746,0.01150183,0.05400924,0.06025276,-0.04989551,0.01184395,3.16253662,-3.34579611,0.11541784,0.00799865,-0.00976801,0.24429491,
3662,1.24050987,-0.03135531,13.14481831,5.00000000,0.09023438,-0.10795899,-0.00130852,-0.05591296,-0.00775619,0.13531746,0.01150183,0.00822997,0.02690795,-0.02787169,0.01184395,3.44004416,-3.46796918,-0.05591664,0.00864476,-0.00976801,0.24636161,
3670,0.85025495,-0.64427096,12.83117771,6.00000000,0.04189453,-0.05478515,-0.04660713,-0.24456841,0.05899267,0.13531746,0.01150183,-0.00874436,-0.01129930,0.00573535,0.01184395,3.41386414,-3.38419342,-0.24456538,0.00775822,-0.00976801,0.22869861,
3678,0.23733932,0.40438941,10.53992653,6.00000000,0.00483398,0.00161133,-0.04980469,-0.24510133,0.05925913,0.13531746,0.01150183,-0.01851710,-0.01699303,0.00908832,0.01184395,3.30216289,-3.23933125,-0.24509731,0.00565062,-0.00976801,0.21935959,
3686,-0.88554126,-0.41921598,7.55196285,5.00000000,-0.02416992,0.00161133,-0.05073731,-0.10680728,0.05019940,0.13531746,0.01150183,-0.00874449,0.00462423,-0.00982877,0.01184395,3.12763000,-3.09795952,-0.10681406,0.00360955,-0.00976801,0.21793357,
3694,-0.61978489,0.15299822,6.47696638,6.00000000,0.00805664,-0.00483398,-0.00730393,0.08278076,0.05046586,0.13531746,0.01150183,0.02057498,0.03993823,-0.03764802,0.01184395,2.90946388,-2.97927690,0.08277593,0.00312575,-0.00976801,0.21946810,
3702,0.02664957,0.06920116,7.35563850,6.00000000,0.04995117,-0.07412110,0.06170986,0.25344998,-0.00922173,0.13531746,0.01150183,0.07355578,0.07956487,-0.06423418,0.01184395,2.94087982,-3.19046187,0.25345144,0.00376730,-0.00976801,0.24063632,
3710,0.77842891,-0.06487413,9.89109802,6.00000000,0.11601563,-0.10151367,0.04452303,0.22693697,0.00103708,0.13531746,0.01150183,0.09670242,0.08122914,-0.06048851,0.01184395,3.00371170,-3.33183336,0.22693682,0.00559991,-0.00976801,0.24611643,
3718,1.12319398,0.28946772,12.34994316,6.00000000,0.11440430,-0.11440430,0.04745412,0.07039027,-0.00882204,0.13531746,0.01150183,0.05658127,0.05211851,-0.04131662,0.01184395,3.34056020,-3.53254628,0.07038565,0.00629634,-0.00976801,0.25425303,
3726,0.95081145,-0.45512900,13.36269093,6.00000000,0.07573242,-0.08056641,-0.00797009,-0.15477055,0.04526985,0.13531746,0.01150183,0.01903168,0.00806679,-0.00681847,0.01184395,3.51334786,-3.57792497,-0.15477253,0.00635000,-0.00976801,0.24583760,
3733,0.05298579,0.07638377,12.20389652,5.00000000,0.02739258,-0.01611328,-0.06192874,-0.27454540,0.06019175,0.13531746,0.01150183,-0.01183048,-0.01939663,0.01297304,0.01184395,3.54476380,-3.50462127,-0.27454033,0.00507417,-0.00976801,0.23563601,
3742,-0.33248067,0.03328814,9.28297043,6.00000000,-0.03061523,-0.00483398,-0.06139580,-0.22032031,0.05672774,0.13531746,0.01150183,-0.03446345,-0.01731597,0.00568448,0.01184395,3.39466548,-3.27772832,-0.22032259,0.00299358,-0.00976801,0.22590089,
3750,-0.68682253,-0.00741329,7.08988190,6.00000000,-0.01127930,0.01933594,-0.03235140,-0.05631265,0.06698654,0.13531746,0.01150183,0.01440257,0.01398383,-0.01360001,0.01184395,3.11366725,-3.16253662,-0.05632100,0.00156234,-0.00976801,0.22342913,
3758,-0.50725740,0.54564732,6.60625315,6.00000000,0.01289062,-0.02255859,0.02640358,0.18177158,-0.00455864,0.13531746,0.01150183,0.04937991,0.06022626,-0.05085687,0.01184395,2.96356916,-3.13112068,0.18176866,0.00145716,-0.00976801,0.23411073,
3766,-0.03559967,-0.31387112,8.42584705,6.00000000,0.08862305,-0.08378907,0.04225810,0.26624021,0.01382728,0.13531746,0.01150183,0.06995518,0.08038992,-0.06588238,0.01184395,2.95658755,-3.19395256,0.26624262,0.00291605,-0.00976801,0.24225965,
3774,0.96278244,0.08835478,10.43697643,6.00000000,0.11279297,-0.11118164,0.06490741,0.17897373,0.02088853,0.13531746,0.01150183,0.04217874,0.06515741,-0.05745116,0.01184395,3.16428208,-3.30739903,0.17897299,0.00438531,-0.00976801,0.24757394,
3782,0.72096807,-0.45273480,12.84793758,6.00000000,0.09345703,-0.11118164,0.03306514,-0.01967406,0.02981503,0.13531746,0.01150183,0.09464527,0.03849030,-0.01899435,0.01184395,3.23060465,-3.55174494,-0.01967978,0.00542823,-0.00976801,0.24443342,
3790,0.31634799,-0.00741329,12.91258049,6.00000000,0.06767578,-0.03706055,0.00188903,-0.17302322,0.06925147,0.13531746,0.01150183,0.04269330,0.00549624,0.00126245,0.01184395,3.44353461,-3.58839703,-0.17302258,0.00513195,-0.00976801,0.24236342,
3798,0.03862058,-0.40245658,10.79610634,6.00000000,0.00966797,-0.01450195,-0.07618447,-0.24736625,0.06512131,0.13531746,0.01150183,-0.05863864,-0.02379704,0.00638738,0.01184395,3.45924258,-3.26027513,-0.24736395,0.00372476,-0.00976801,0.22564867,
3805,-0.57908344,0.13384461,8.50485516,5.00000000,-0.01127930,0.00483398,-0.11562092,-0.11666640,0.06765269,0.13531746,0.01150183,-0.00102860,0.00332679,-0.00676174,0.01184395,3.25852966,-3.25503898,-0.11667068,0.00210635,-0.00976801,0.22765821,
3814,-1.14411509,0.26073730,7.08509350,6.00000000,0.00161133,-0.00322266,-0.01103441,0.07145611,0.01209527,0.13531746,0.01150183,0.01337383,0.03652937,-0.03599410,0.01184395,3.05083561,-3.09621406,0.07145240,0.00168854,-0.00976801,0.22801085,
3822,-0.20798220,-0.05769153,7.21198654,6.00000000,0.05317383,-0.06606445,0.02187372,0.23160008,-0.04412832,0.13531746,0.01150183,0.06223917,0.07241903,-0.05984926,0.01184395,2.98625851,-3.19744325,0.23160103,0.00223548,-0.00976801,0.24095023,
3830,-0.15291555,-0.23246825,9.72350407,6.00000000,0.09667969,-0.09023438,0.07330098,0.24878690,-0.03493536,0.13531746,0.01150183,0.02777632,0.07584183,-0.07132383,0.01184395,3.22362304,-3.31787109,0.24878649,0.00415009,-0.00732601,0.25516623,
3838,1.45838225,-0.32105371,11.67477798,6.00000000,0.10795899,-0.13857421,0.02946790,0.05640098,-0.04146369,0.13531746,0.01150183,0.02160363,0.04478082,-0.04228351,0.01184395,3.42259073,-3.49589443,0.05639644,0.00591711,-0.00732601,0.25488386,
3846,0.90053320,0.08356638,13.09214592,6.00000000,0.08378907,-0.07573242,0.03826116,-0.11759902,-0.01335190,0.13531746,0.01150183,0.01440262,0.01484812,-0.01457972,0.01184395,3.58665156,-3.63552094,-0.11760004,0.00620751,-0.00976801,0.25327772,
3854,0.40972185,-0.37372616,12.43374062,6.00000000,0.02094727,-0.02900391,-0.01423196,-0.24416870,0.02568486,0.13531746,0.01150183,-0.03600596,-0.01662589,0.00458766,0.01184395,3.61108613,-3.48891306,-0.24416432,0.00493564,-0.00976801,0.23967300,
3862,0.08171621,-0.22767985,9.46253586,6.00000000,-0.01450195,-0.00966797,-0.11602061,-0.20579812,0.03927444,0.13531746,0.01150183,-0.04217907,-0.01516353,0.00175488,0.01184395,3.45226121,-3.30914426,-0.20579867,0.00292349,-0.00976801,0.23018056,
3870,-1.10580778,-0.07684514,8.01643848,6.00000000,-0.00966797,0.01127930,-0.07551832,-0.05964343,0.02861594,0.13531746,0.01150183,-0.05709556,0.00666564,-0.02316205,0.01184395,3.34405088,-3.15031934,-0.05964786,0.00189482,-0.00976801,0.23109645,
3877,0.02186117,0.24637209,6.62780142,5.00000000,-0.00483398,-0.04995117,0.01254754,0.10995994,-0.00216047,0.13531746,0.01150183,0.03600597,0.04694804,-0.04095602,0.01184395,3.11017656,-3.23234963,0.10995730,0.00139930,-0.00976801,0.23788847,
3886,-0.45219076,0.28228512,8.33965588,6.00000000,0.08056641,-0.06284180,0.09448475,0.21334741,-0.02614210,0.13531746,0.01150183,0.05966756,0.07135648,-0.05944459,0.01184395,3.17998981,-3.38244820,0.21334904,0.00248559,-0.00976801,0.25335616,
3894,0.58449858,-0.60835791,10.55908012,6.00000000,0.09184571,-0.10312500,0.05118459,0.16045457,-0.00868880,0.13531746,0.01150183,-0.00205758,0.05852714,-0.06132513,0.01184395,3.47145987,-3.46447849,0.16045256,0.00385234,-0.00976801,0.26306057,
3902,1.22375047,0.07638377,12.22065639,6.00000000,0.09184571,-0.11762695,-0.01796242,-0.02673531,0.03367873,0.13531746,0.01150183,0.02931939,0.03111750,-0.02707244,0.01184395,3.57792497,-3.67740870,-0.02673934,0.00461914,-0.00976801,0.26106724,
3910,0.53422034,-0.18937261,12.97961807,6.00000000,0.05800781,-0.04672851,-0.01822890,-0.18727896,0.04447046,0.13531746,0.01150183,0.02777641,0.00277776,0.00040689,0.01184395,3.69835258,-3.79260063,-0.18727738,0.00438449,-0.00976801,0.25796944,
3918,0.12720604,-0.01699010,10.96848869,6.00000000,0.00322266,-0.01127930,-0.04447544,-0.27614421,0.08097582,0.13531746,0.01150183,0.00205795,-0.02063478,0.01745171,0.01184395,3.56396222,-3.57094383,-0.27614003,0.00286216,-0.00976801,0.23862027,
3926,-0.33008647,-0.10796976,8.61259460,6.00000000,-0.01772461,0.01289062,-0.07631771,-0.15530348,0.05779358,0.13531746,0.01150183,0.03652073,0.00088709,0.00440184,0.01184395,3.38070273,-3.50462127,-0.15530759,0.00065873,-0.00976801,0.23833318,
3934,-1.38114107,-0.09121035,7.31254292,6.00000000,0.00161133,0.03061523,-0.04700684,0.03388490,0.04180584,0.13531746,0.01150183,-0.00154293,0.02738857,-0.03051536,0.01184395,3.24631238,-3.24107647,0.03387867,-0.00012361,-0.00976801,0.23762409,
3942,-0.19601119,0.01892293,7.00369072,6.00000000,0.03383789,-0.05961914,0.04172517,0.17244539,-0.00908850,0.13531746,0.01150183,0.02983378,0.05636270,-0.05165151,0.01184395,3.14682865,-3.24805784,0.17244607,0.00030345,-0.00976801,0.24431695,
3949,-0.29896185,-0.07923934,9.19199085,5.00000000,0.08378907,-0.07573242,0.08742349,0.23639637,-0.03360305,0.13531746,0.01150183,0.04012139,0.07373739,-0.06637853,0.01184395,3.34754157,-3.48367739,0.23639770,0.00171777,-0.00976801,0.26477042,
3958,1.75286901,-0.27077547,10.82962513,6.00000000,0.09829102,-0.11601563,0.03959347,0.06532748,-0.00389248,0.13531746,0.01150183,0.02417561,0.04241550,-0.03933352,0.01184395,3.45226121,-3.53429174,0.06532568,0.00255704,-0.00732601,0.25799868,
3966,0.89813900,0.01652873,13.06102085,6.00000000,0.07412110,-0.08540039,0.00002379,-0.07003547,0.01289466,0.13531746,0.01150183,0.03857821,0.02209131,-0.01602200,0.01184395,3.63028479,-3.76118445,-0.07003664,0.00272444,-0.00732601,0.26286310,
3974,-0.32769227,-0.14388278,13.21664429,6.00000000,0.03544922,-0.02739258,-0.03181847,-0.19434023,0.04726832,0.13531746,0.01150183,-0.00411483,-0.00625746,0.00186298,0.01184395,3.64599276,-3.63203025,-0.19433622,0.00242418,-0.00976801,0.24973892,
3982,0.10805243,-0.11275817,9.81687832,5.00000000,-0.00483398,-0.01127930,-0.06246167,-0.23004618,0.05806005,0.13531746,0.01150183,-0.01388817,-0.01857149,0.01173540,0.01184395,3.45051599,-3.40339208,-0.23004697,0.00085995,-0.00976801,0.23177576,
3990,-0.96694416,0.10990259,7.29099512,6.00000000,-0.00483398,0.01127930,-0.05393486,-0.09028662,0.04260522,0.13531746,0.01150183,0.06841163,0.01333759,-0.00033531,0.01184395,3.15730047,-3.38942933,-0.09029391,-0.00017843,-0.00976801,0.23077267,
3998,-1.18481648,0.28228512,7.25029373,6.00000000,0.00805664,0.01127930,-0.01063471,0.07838414,-0.01095374,0.13531746,0.01150183,0.04269324,0.04000719,-0.03255988,0.01184395,3.13984728,-3.28470969,0.07838094,-0.00036686,-0.00976801,0.23857279,
4006,-0.27262563,-0.01220169,7.76744127,6.00000000,0.05961914,-0.06928711,0.02014171,0.23906103,-0.01042081,0.13531746,0.01150183,0.01543123,0.06770457,-0.06618709,0.01184395,3.24805784,-3.30041766,0.23906210,0.00032331,-0.00976801,0.25471425,
4014,-0.08108950,0.26313150,10.39866924,6.00000000,0.09184571,-0.09829102,0.06424126,0.22707021,-0.02893995,0.13531746,0.01150183,0.00514393,0.07035647,-0.07127304,0.01184395,3.55349040,-3.57094383,0.22706816,0.00224627,-0.00976801,0.27472323,
4021,2.27241087,-0.45273480,10.91102791,5.00000000,0.09990235,-0.13051757,0.03493038,0.00150971,-0.02547594,0.13531746,0.01150183,0.03857811,0.03577103,-0.02947166,0.01184395,3.57094383,-3.70184350,0.00150785,0.00341458,-0.00976801,0.26374787,
4030,0.85025495,0.28467932,13.30523014,6.00000000,0.06606445,-0.06928711,0.01334692,-0.15357146,0.01928976,0.13531746,0.01150183,0.00977328,0.00679309,-0.00777164,0.01184395,3.87986708,-3.91302824,-0.15357050,0.00312912,-0.00976801,0.27135852,
4038,-0.14333874,-0.28035229,12.00757217,6.00000000,0.01450195,-0.01289062,-0.03474956,-0.26788384,0.04993294,0.13531746,0.01150183,-0.02983354,-0.02178498,0.01108816,0.01184395,3.82052565,-3.71929669,-0.26788014,0.00196782,-0.00976801,0.25389725,
4046,-0.18643437,0.10032579,9.28536510,6.00000000,-0.02578125,0.01289062,-0.10882614,-0.24816564,0.05206464,0.13531746,0.01150183,-0.00308624,-0.02122481,0.01686843,0.01184395,3.52905560,-3.51858377,-0.24816731,-0.00012260,-0.00732601,0.23748474,
4054,-1.70196402,0.41875461,7.79377747,6.00000000,-0.01450195,0.01772461,-0.04700684,-0.05817788,0.03168026,0.13531746,0.01150183,-0.00822988,0.00950797,-0.01451742,0.01184395,3.44178915,-3.41386414,-0.05818433,-0.00162713,-0.00732601,0.24429904,
4062,-0.78498483,-0.14627698,7.16410255,6.00000000,0.00644531,-0.00805664,0.00042348,0.12874554,0.01689159,0.13531746,0.01150183,0.02160383,0.04530846,-0.04270545,0.01184395,3.26725626,-3.34056020,0.12874308,-0.00183159,-0.00732601,0.24886724,
4070,-0.01165765,0.05244175,8.16727257,6.00000000,0.07089844,-0.08056641,0.01747709,0.22920191,-0.00122785,0.13531746,0.01150183,0.03652058,0.06746105,-0.06101238,0.01184395,3.29867220,-3.42259073,0.22920372,-0.00079317,-0.00732601,0.26026303,
4078,-0.20079958,-0.29711169,10.96848869,6.00000000,0.09990235,-0.10312500,0.08902226,0.20788491,0.00130354,0.13523810,0.01150183,0.04012120,0.06994495,-0.06268192,0.01187540,3.54301834,-3.67915416,0.20788170,0.00111762,-0.00976801,0.27687520,
4086,1.69301391,-0.11994077,12.22544479,6.00000000,0.09023438,-0.10634766,0.00988290,-0.07296655,-0.00962142,0.13523810,0.01150183,0.06069630,0.02341670,-0.01214544,0.01188538,3.57268882,-3.77863789,-0.07297151,0.00210688,-0.00976801,0.26119512,
4093,1.20459676,0.25594890,12.13925362,5.00000000,0.05478515,-0.05639648,0.00548628,-0.17142445,0.00876449,0.13523810,0.01150183,0.01183119,-0.00009263,-0.00048275,0.01188968,3.75943899,-3.79958177,-0.17142111,0.00136600,-0.00976801,0.26158640,
4102,-0.58626604,-0.13430598,11.22945690,6.00000000,0.00483398,-0.00483398,-0.08990730,-0.22445047,0.06045821,0.13523810,0.01150183,-0.03137645,-0.01817604,0.00722493,0.01189152,3.65122867,-3.54476380,-0.22444881,0.00050099,-0.00976801,0.24458218,
4110,0.26128134,0.45466763,8.33007813,6.00000000,-0.02578125,0.00966797,-0.11109105,-0.17861894,0.02168792,0.13523810,0.01150183,-0.06223897,-0.01855609,0.00043126,0.01189232,3.49763966,-3.28645492,-0.17862226,-0.00140392,-0.00976801,0.23297332,
4118,-0.89272386,0.11469100,6.84327936,6.00000000,-0.01127930,-0.00483398,-0.02942031,0.05839945,0.02182115,0.13531746,0.01150183,-0.03034789,0.02598756,-0.03587205,0.01186122,3.36324930,-3.26027513,0.05839242,-0.00243477,-0.00976801,0.24433622,
4126,-0.79456162,-0.17740162,7.78659487,6.00000000,0.02578125,-0.04511719,0.02893497,0.20015749,-0.01588329,0.13531746,0.01150183,0.03137694,0.05936433,-0.05423203,0.01185137,3.18348050,-3.28994560,0.20015793,-0.00160941,-0.00976801,0.24917313,
4134,0.55816233,-0.47667682,9.12974167,6.00000000,0.08701172,-0.10634766,0.08116162,0.25278383,-0.03733353,0.13531746,0.01150183,0.02263239,0.07181538,-0.06856398,0.01184715,3.37372160,-3.45051599,0.25278455,-0.00028089,-0.00976801,0.26570550,
4142,1.48471844,-0.40724498,11.44493484,6.00000000,0.09829102,-0.11601563,0.06970374,0.10636270,0.01795744,0.13531746,0.01150183,0.04063580,0.05222910,-0.04514771,0.01184533,3.52905560,-3.66693687,0.10635865,0.00168863,-0.00976801,0.26856577,
4150,1.54936182,0.16257504,12.70189095,6.00000000,0.07089844,-0.07573242,0.00548628,-0.09788080,-0.00082816,0.13531746,0.01150183,0.03806374,0.01629775,-0.01044422,0.01184454,3.61108613,-3.74024057,-0.09788381,0.00213372,-0.00976801,0.25938898,
4158,0.84067816,-0.72088540,12.09855175,6.00000000,0.04189453,-0.04350586,-0.05739888,-0.19380730,0.04420400,0.13531746,0.01150183,-0.04320668,-0.01235002,-0.00128892,0.01184421,3.73325920,-3.58665156,-0.19380315,0.00112581,-0.00976801,0.25129595,
4165,-0.80413842,-0.25162187,10.45613003,5.00000000,-0.00483398,-0.00161133,-0.09923349,-0.19900331,0.06885178,0.13531746,0.01150183,-0.04423574,-0.01635028,0.00243459,0.01184406,3.61981273,-3.46971464,-0.19900203,-0.00001080,-0.00976801,0.24256775,
4174,0.11523504,0.26073730,7.76983547,6.00000000,-0.01933594,0.00161133,-0.07551832,-0.10853929,-0.01055404,0.13531746,0.01150183,-0.02366128,-0.00222780,-0.00657973,0.01184400,3.37372160,-3.29343629,-0.10854430,-0.00165720,-0.00976801,0.23381500,
4182,-0.93103111,-0.32344791,7.07072830,6.00000000,0.00161133,-0.02255859,0.02360573,0.14966285,0.01023003,0.13531746,0.01150183,-0.00771557,0.04575217,-0.05000991,0.01184397,3.33357882,-3.30739903,0.14965847,-0.00217739,-0.00976801,0.25158566,
4190,-0.62696749,0.37565899,7.85602665,6.00000000,0.04995117,-0.06767578,0.05278336,0.24971953,-0.05865052,0.13531746,0.01150183,0.04783659,0.07221287,-0.06303118,0.01184396,3.22536850,-3.38768411,0.24972229,-0.00085054,-0.00976801,0.25782803,
4198,0.71139127,-0.52934927,9.73068619,6.00000000,0.10795899,-0.12084961,0.08036223,0.24852043,-0.05998284,0.13531746,0.01150183,0.04680787,0.07671885,-0.06775579,0.01184395,3.43131733,-3.59014225,0.24852011,0.00091143,-0.00976801,0.27254564,
4206,0.46000007,-0.43358120,12.96764755,6.00000000,0.10795899,-0.11923828,0.02214018,0.01749746,0.01462666,0.13531746,0.01150183,-0.00977296,0.03356225,-0.03863421,0.01184395,3.77689242,-3.74373126,0.01748994,0.00280670,-0.00976801,0.27389058,
4214,1.51823723,0.33735177,13.07299232,6.00000000,0.04833984,-0.06767578,-0.01463164,-0.20286703,-0.00375925,0.13531746,0.01150183,0.00154313,-0.00575528,0.00267268,0.01184395,3.74024057,-3.74547672,-0.20286664,0.00254724,-0.00976801,0.25664937,
4222,0.61801738,-0.76158684,11.31325436,6.00000000,0.00322266,-0.02094727,-0.08977405,-0.26068938,0.03421165,0.13531746,0.01150183,-0.03394866,-0.02376612,0.01210201,0.01184395,3.72627807,-3.61108613,-0.26068494,0.00080698,-0.00976801,0.24707977,
4230,-0.74667758,0.54804152,9.34761429,6.00000000,-0.02900391,0.01611328,-0.07258723,-0.18408141,0.04073999,0.13531746,0.01150183,-0.05555208,-0.01666833,0.00011063,0.01184395,3.62853932,-3.44004416,-0.18408315,-0.00113688,-0.00976801,0.24289010,
4237,-0.07390690,0.07638377,6.95341253,5.00000000,-0.02094727,0.00322266,-0.05393486,-0.00581801,-0.01508390,0.13531746,0.01150183,-0.00205748,0.01720605,-0.02061214,0.01184395,3.28820014,-3.28121901,-0.00582486,-0.00254278,-0.00976801,0.23771922,
4246,-0.74907178,0.39241838,7.21198654,6.00000000,0.02094727,-0.04189453,0.01840971,0.21974248,-0.01548360,0.13531746,0.01150183,0.01080186,0.06046774,-0.06014045,0.01184395,3.29169106,-3.32834291,0.21974151,-0.00224980,-0.00976801,0.25590751,
4254,0.14875387,0.41636041,8.99327278,6.00000000,0.07573242,-0.09023438,0.06783850,0.27490023,-0.04532740,0.13531746,0.01150183,0.04063556,0.07713096,-0.06956679,0.01184395,3.30565357,-3.44353461,0.27490246,-0.00056909,-0.00976801,0.26458845,
4262,1.07530987,-0.31147692,10.56147480,6.00000000,0.11601563,-0.13051757,0.03266545,0.14966285,-0.04732587,0.13531746,0.01150183,0.05606664,0.06020142,-0.04936136,0.01184395,3.48716784,-3.67740870,0.14966105,0.00057994,-0.00976801,0.27056628,
4270,0.44324067,0.33256334,13.25016308,6.00000000,0.08540039,-0.09345703,0.04292426,-0.04405538,0.02888240,0.13531746,0.01150183,0.00771540,0.02370142,-0.02485101,0.01184395,3.81878042,-3.84496045,-0.04405974,0.00168462,-0.00976801,0.27461630,
4278,1.01545489,0.05723016,12.93412876,6.00000000,0.02900391,-0.04511719,-0.05366839,-0.23377666,0.00236939,0.13531746,0.01150183,-0.01337352,-0.01516538,0.00843971,0.01184395,3.81354451,-3.76816583,-0.23377493,0.00069616,-0.00976801,0.25788832,
4286,0.30916539,0.16257504,10.41303444,6.00000000,-0.00322266,-0.00483398,-0.08897469,-0.25349489,0.04340461,0.13531746,0.01150183,-0.06172456,-0.02959163,0.01136088,0.01184395,3.70184350,-3.49240398,-0.25349447,-0.00135173,-0.00976801,0.24241316,
4294,-1.07707739,0.27989092,8.41387558,6.00000000,-0.03706055,0.01450195,-0.05699917,-0.09175216,0.03647659,0.13531746,0.01150183,-0.05195163,-0.00242915,-0.01301681,0.01184395,3.53778243,-3.36150432,-0.09175727,-0.00256495,-0.00976801,0.24344675,
4302,-0.63175589,0.22721848,6.48654318,6.00000000,-0.00966797,-0.01450195,-0.03275109,0.09370574,-0.00669034,0.13531746,0.01150183,0.00823001,0.03490863,-0.03558781,0.01184395,3.18522596,-3.21315122,0.09370172,-0.00298742,-0.00976801,0.23873447,
4309,-0.57190084,0.10032579,7.18565035,5.00000000,0.05156250,-0.06445312,0.06184309,0.26410848,-0.00788942,0.13531746,0.01150183,0.04063568,0.07203942,-0.06453181,0.01184395,3.22013235,-3.35801339,0.26411048,-0.00209380,-0.00976801,0.25760576,
4318,0.30916539,-0.12472917,9.99644279,6.00000000,0.09667969,-0.10312500,0.03959347,0.23919424,-0.01654945,0.13523810,0.01150183,0.02674748,0.07036673,-0.06618392,0.01187540,3.39815593,-3.48891306,0.23919365,-0.00012493,-0.00976801,0.26699781,
4326,1.74568641,0.23918949,11.80167103,6.00000000,0.11118164,-0.12890625,0.04891966,0.05453575,-0.00495833,0.13523810,0.01150183,0.06326813,0.04427046,-0.03201756,0.01188538,3.47495055,-3.68962598,0.05453099,0.00099686,-0.00976801,0.26366940,
4334,0.34029001,-0.27316967,13.49437141,6.00000000,0.07250977,-0.07412110,0.03426422,-0.10001250,0.04633570,0.13523810,0.01150183,0.04217876,0.01658257,-0.00977654,0.01188968,3.72627807,-3.86939478,-0.10001470,0.00128443,-0.00976801,0.26809213,
4342,-0.08348370,-0.24204506,12.26135826,6.00000000,0.02094727,-0.02094727,-0.06792415,-0.24070472,0.06179053,0.13523810,0.01150183,-0.02314664,-0.01872025,0.00966276,0.01189152,3.75943899,-3.68089938,-0.24070171,0.00050920,-0.00976801,0.25226143,
4350,-0.22474161,-0.23486245,9.39549828,6.00000000,-0.00966797,-0.00161133,-0.09510332,-0.19580576,0.09403249,0.13531746,0.01150183,-0.04114974,-0.01709983,0.00390200,0.01186088,3.63377547,-3.49414921,-0.19580591,-0.00136919,-0.00976801,0.24419132,
4358,-1.12735569,0.16257504,7.65491390,6.00000000,-0.02094727,0.00805664,-0.08750912,-0.03086548,0.03581043,0.13531746,0.01150183,0.00257184,0.01452766,-0.01692318,0.01185123,3.44527984,-3.45400643,-0.03087120,-0.00296252,-0.00976801,0.24786100,
4366,-0.14812715,-0.17261320,6.77863598,6.00000000,0.00966797,-0.02094727,0.00974967,0.14406714,-0.00509156,0.13531746,0.01150183,0.04320764,0.04907610,-0.04134592,0.01184708,3.21664190,-3.36324930,0.14406547,-0.00312059,-0.00976801,0.24896584,
4374,-0.09306051,-0.36414933,8.00207329,6.00000000,0.06767578,-0.08540039,0.04598857,0.27556640,-0.04026461,0.13531746,0.01150183,0.05349503,0.07770287,-0.06712089,0.01184529,3.35277748,-3.53429174,0.27556765,-0.00191049,-0.00976801,0.26963493,
4381,0.45521167,-0.02656690,10.67160797,5.00000000,0.10473633,-0.10795899,0.01761032,0.22866899,-0.04759233,0.13531746,0.01150183,0.01800318,0.06953761,-0.06744372,0.01184453,3.54476380,-3.60585046,0.22866648,0.00025389,-0.00976801,0.27578810,
4390,1.53978503,-0.05050892,12.40261555,6.00000000,0.10795899,-0.11762695,0.04452303,-0.04751939,-0.01148666,0.13531746,0.01150183,0.02006067,0.02329667,-0.02154009,0.01184420,3.65995550,-3.72802329,-0.04752482,0.00195521,-0.00976801,0.26436862,
4398,0.28043497,-0.40963918,13.40578651,6.00000000,0.05317383,-0.06123047,0.01374661,-0.14784253,0.01649190,0.13531746,0.01150183,0.00000013,0.00376017,-0.00705141,0.01184405,3.83099771,-3.83099771,-0.14784053,0.00158559,-0.00976801,0.26702887,
4406,-0.38994151,-0.33541891,11.38029194,6.00000000,0.00644531,-0.01289062,-0.06859031,-0.26628509,0.07031732,0.13531746,0.01150183,-0.03497779,-0.02605892,0.01412789,0.01184399,3.68089938,-3.56221700,-0.26628307,0.00037582,-0.00976801,0.24325748,
4414,-0.39233571,-0.06726833,8.52161503,6.00000000,-0.01933594,0.01772461,-0.07685063,-0.17102474,0.08124229,0.13531746,0.01150183,-0.02417651,-0.01174426,0.00262698,0.01184397,3.51509309,-3.43306255,-0.17102817,-0.00146367,-0.00976801,0.23947108,
4422,-1.01961660,0.16496924,6.56555176,6.00000000,-0.01289062,0.00000000,-0.03994559,0.04707479,0.04300492,0.13531746,0.01150183,0.02006069,0.03039870,-0.02841780,0.01184395,3.30565357,-3.37372160,0.04706766,-0.00231857,-0.00976801,0.24553974,
4430,-0.44261396,0.20806487,6.98214293,6.00000000,0.03222656,-0.03222656,0.01801001,0.21161538,-0.01561683,0.13531746,0.01150183,0.07201254,0.06633162,-0.05157615,0.01184395,3.15031934,-3.39466548,0.21161589,-0.00185952,-0.00976801,0.25259787,
4438,0.19663790,-0.19894943,8.84004402,6.00000000,0.09829102,-0.09667969,0.07063635,0.28435966,-0.04466124,0.13531746,0.01150183,0.05966732,0.08305788,-0.07096643,0.01184395,3.39990139,-3.60235953,0.28436112,-0.00022690,-0.00976801,0.27444822,
4446,0.84786075,-0.04332631,11.84237289,6.00000000,0.10957031,-0.12084961,0.03493038,0.12434892,-0.02667503,0.13531746,0.01150183,0.02366125,0.05574979,-0.05261279,0.01184395,3.70533395,-3.78561902,0.12434271,0.00206839,-0.00976801,0.28056195,
4453,1.93003988,-0.05290312,12.82399559,5.00000000,0.09023438,-0.09506836,0.02560420,-0.10027897,-0.00695680,0.13531746,0.01150183,0.05349509,0.02055963,-0.01106172,0.01184395,3.76642060,-3.94793463,-0.10028225,0.00267250,-0.00976801,0.27237490,
4462,0.45042327,-0.27077547,12.90060997,6.00000000,0.03706055,-0.03544922,-0.02782153,-0.23670775,0.02222084,0.13531746,0.01150183,-0.03703507,-0.01593517,0.00363174,0.01184395,3.94968009,-3.82401657,-0.23670432,0.00172642,-0.00976801,0.26463544,
4470,-0.41867194,0.05004755,10.54471493,6.00000000,-0.01127930,0.00000000,-0.09110638,-0.26535246,0.04327138,0.13531746,0.01150183,-0.04680799,-0.02691314,0.01218637,0.01184395,3.78910995,-3.63028479,-0.26535016,-0.00009361,-0.00976801,0.24971518,
4478,-0.70358193,0.22721848,7.94940042,6.00000000,-0.03706055,0.03061523,-0.07658417,-0.13678432,0.00450109,0.13531746,0.01150183,-0.02468994,-0.00591495,-0.00322482,0.01184395,3.54127288,-3.45749736,-0.13678874,-0.00191833,-0.00976801,0.24378820,
4486,-0.63175589,0.27749673,6.54400396,6.00000000,-0.00483398,-0.01289062,0.03106667,0.09690329,0.00756541,0.13531746,0.01150183,-0.00617257,0.03538037,-0.03945158,0.01184395,3.37546659,-3.35452271,0.09689777,-0.00323423,-0.00976801,0.25098717,
4494,-0.47852698,0.21285327,7.59266424,6.00000000,0.03383789,-0.05317383,0.02720297,0.23999363,-0.04119723,0.13531746,0.01150183,0.04783706,0.06922954,-0.06010104,0.01184395,3.31438017,-3.47669578,0.23999605,-0.00246487,-0.00976801,0.26357618,
4502,0.70899707,0.38523579,9.77857018,6.00000000,0.10312500,-0.10312500,0.08062869,0.24878690,-0.03733353,0.13531746,0.01150183,0.02108930,0.07196881,-0.06910063,0.01184395,3.53080106,-3.60235953,0.24878749,-0.00081540,-0.00976801,0.27661413,
4510,1.28121126,-0.20613202,12.33318424,6.00000000,0.10312500,-0.12890625,0.06317541,0.04454340,0.03061441,0.13531746,0.01150183,0.05195179,0.04173580,-0.03219615,0.01184395,3.64948368,-3.82576156,0.04453684,0.00010061,-0.00976801,0.27420655,
4518,1.21177936,0.44030243,13.43691063,6.00000000,0.05639648,-0.05639648,0.00601920,-0.15210593,0.04353784,0.13531746,0.01150183,0.08487201,0.01132307,0.00538640,0.01184395,3.69137144,-3.97935081,-0.15210676,0.00033598,-0.00976801,0.26703590,
4525,0.43605807,-0.47667682,12.30684757,5.00000000,0.03706055,0.00000000,-0.04487514,-0.27241370,0.07244902,0.13531746,0.01150183,-0.00668652,-0.02450496,0.01921051,0.01184395,3.76118445,-3.73849511,-0.27240774,-0.00118199,-0.00976801,0.25211376,
4534,-0.41148934,-0.00501909,9.10340595,6.00000000,-0.02739258,0.01450195,-0.10376335,-0.22591603,0.09856234,0.13531746,0.01150183,-0.03343426,-0.02409112,0.01259641,0.01184395,3.61632204,-3.50287580,-0.22591829,-0.00308643,-0.00976801,0.24169187,
4542,-1.11059618,0.54564732,7.29817772,6.00000000,-0.03383789,0.03222656,-0.05140347,0.00097678,0.01889006,0.13531746,0.01150183,0.02160380,0.01989917,-0.01772735,0.01184395,3.36324930,-3.43655324,0.00097007,-0.00446654,-0.00976801,0.24656315,
4550,-0.18164597,0.20806487,6.41950560,6.00000000,0.02416992,-0.02900391,0.07010342,0.17391095,-0.01415129,0.13531746,0.01150183,0.04063556,0.05209152,-0.04489624,0.01184395,3.19569802,-3.33357882,0.17391028,-0.00442320,-0.00976801,0.24929479,
4558,-0.16249236,-0.19176681,8.57189274,6.00000000,0.05800781,-0.07250977,0.06117693,0.29928154,-0.02973934,0.13531746,0.01150183,0.04886558,0.07997733,-0.07043096,0.01184395,3.35975885,-3.52556515,0.29928353,-0.00297372,-0.00976801,0.27129099,
4566,0.62519997,0.19130546,10.47288895,6.00000000,0.11923828,-0.10957031,0.08635764,0.21734431,-0.01215282,0.13531746,0.01150183,0.02623313,0.06725052,-0.06326438,0.01184395,3.55349040,-3.64250207,0.21734262,-0.00079588,-0.00976801,0.27661210,
4574,1.44880533,-0.71849120,12.49120140,6.00000000,0.09829102,-0.12729493,0.01880939,-0.04485477,0.00037092,0.13531746,0.01150183,-0.01594559,0.01809780,-0.02485873,0.01184395,3.82227111,-3.76816583,-0.04485999,0.00008550,-0.00976801,0.27190098,
4582,0.78082311,0.53367627,13.67633057,6.00000000,0.02416992,-0.05317383,0.01228107,-0.21619016,0.08537246,0.13531746,0.01150183,0.04938003,-0.00509617,0.01321849,0.01184395,3.81005383,-3.97760534,-0.21618718,-0.00055851,-0.00976801,0.26662910,
4590,0.27325234,-0.21570884,11.48324203,6.00000000,0.00805664,0.01772461,-0.01942796,-0.27760977,0.08137551,0.13531746,0.01150183,0.02057495,-0.02485392,0.02595887,0.01184395,3.63901138,-3.70882463,-0.27760574,-0.00242726,-0.00976801,0.24623257,
4597,-0.52880520,-0.44794640,8.70117950,5.00000000,-0.02900391,0.02739258,-0.07991495,-0.17382258,0.12813969,0.13531746,0.01150183,0.00257232,-0.01345728,0.01060015,0.01184395,3.45400643,-3.46273303,-0.17382684,-0.00445904,-0.00976801,0.23812941,
4606,-1.72111762,0.53128207,7.09227610,6.00000000,-0.01772461,0.02094727,-0.04967146,0.08331369,0.04566954,0.13531746,0.01150183,0.06532560,0.03861140,-0.02587109,0.01184395,3.19569802,-3.41735482,0.08330750,-0.00471328,-0.00976801,0.24576299,
4614,-0.54317045,-0.13430598,7.01326752,6.00000000,0.05317383,-0.03222656,0.06077724,0.22760314,-0.00335955,0.13531746,0.01150183,0.05143741,0.06331576,-0.05339828,0.01184395,3.12937546,-3.30390835,0.22760549,-0.00389354,-0.00976801,0.24970797,
4622,-0.06672429,-0.26598707,8.87116814,6.00000000,0.08701172,-0.09667969,0.07676499,0.31420347,-0.02214516,0.13531746,0.01150183,0.10133211,0.09074552,-0.06875546,0.01184395,3.31961608,-3.66344595,0.31420624,-0.00205681,-0.00976801,0.27591592,
4630,1.59006333,-0.04332631,11.09059334,6.00000000,0.13051757,-0.11118164,0.07303452,0.10836117,-0.04892464,0.13531746,0.01150183,0.08795797,0.05512677,-0.03690322,0.01184395,3.45575190,-3.75420332,0.10835743,-0.00056267,-0.00976801,0.26921681,
4638,1.08488667,-0.41442758,13.05623245,6.00000000,0.08378907,-0.07250977,0.05331629,-0.05751173,0.01875683,0.13531746,0.01150183,-0.00411517,0.01674767,-0.02075534,0.01184395,3.76292992,-3.74896717,-0.05751504,0.00009450,-0.00976801,0.26813641,
4646,0.08411042,0.04525915,13.16636562,6.00000000,0.02255859,-0.05156250,-0.03128555,-0.21525753,0.03807536,0.13531746,0.01150183,-0.00822996,-0.01264060,0.00716938,0.01184395,3.81354451,-3.78561902,-0.21525480,-0.00041719,-0.00976801,0.25986370,
4654,0.24212773,-0.33781314,10.16403675,6.00000000,-0.00161133,0.01289062,-0.04927175,-0.24523455,0.03967414,0.13531746,0.01150183,-0.01234485,-0.02325323,0.01669093,0.01184395,3.63028479,-3.58839703,-0.24523339,-0.00217138,-0.00976801,0.24389775,
4662,0.16072486,-0.01938430,7.76025867,6.00000000,-0.03061523,0.01611328,-0.05993026,-0.14770928,0.05979206,0.13531746,0.01150183,-0.04320686,-0.01490302,0.00132421,0.01184395,3.43131733,-3.28470969,-0.14771456,-0.00418120,-0.00976801,0.23274663,
4669,-1.15608609,0.26791990,6.71878099,5.00000000,-0.02416992,0.00805664,0.00908352,0.13167664,0.01009680,0.13531746,0.01150183,0.04629334,0.04454127,-0.03614852,0.01184395,3.20616984,-3.36324930,0.13167052,-0.00497396,-0.00976801,0.24768755,
4678,-0.21037640,-0.32344791,7.18325615,6.00000000,0.06445312,-0.04995117,0.06237601,0.25291708,-0.01601652,0.13531746,0.01150183,0.04938020,0.06852144,-0.05900961,0.01184395,3.19220710,-3.35975885,0.25292015,-0.00378610,-0.00976801,0.25584552,
4686,0.13438866,0.09553739,9.80490685,6.00000000,0.09023438,-0.12084961,0.08209424,0.30554342,-0.00935496,0.13531746,0.01150183,0.07046967,0.08645129,-0.07176816,0.01184395,3.42084527,-3.65995550,0.30554274,-0.00179961,-0.00976801,0.27883080,
4694,2.02580810,-0.09599875,11.75378704,6.00000000,0.13212891,-0.12246094,0.04505596,0.03535045,-0.00589095,0.13531746,0.01150183,0.10184634,0.04531074,-0.02402544,0.01184395,3.52905560,-3.87463093,0.03534490,-0.00006608,-0.00976801,0.27094617,
4702,1.19741416,0.08596057,12.92694569,6.00000000,0.06928711,-0.04672851,0.01148168,-0.12545967,0.05033264,0.13531746,0.01150183,0.02108983,0.00709080,-0.00536983,0.01184395,3.79434562,-3.86590433,-0.12546045,-0.00072336,-0.00976801,0.26858819,
4710,-0.02362866,-0.09360455,12.44092274,6.00000000,0.00966797,-0.02900391,-0.03088587,-0.26028967,0.07351487,0.13531746,0.01150183,-0.00000017,-0.02292391,0.01923685,0.01184395,3.68962598,-3.68962598,-0.26028448,-0.00169143,-0.00976801,0.24862720,
4718,-0.57668924,0.01652873,9.64210129,6.00000000,-0.01127930,0.02094727,-0.10216457,-0.21752244,0.07231579,0.13531746,0.01150183,0.04680813,-0.01386930,0.02133413,0.01184395,3.45924258,-3.61806750,-0.21752304,-0.00347764,-0.00976801,0.24078210,
4726,-0.12657933,0.39002419,7.22635174,6.00000000,-0.02900391,0.04028320,-0.04367606,-0.08482413,0.03034795,0.13531746,0.01150183,-0.03086208,-0.00437590,-0.00611093,0.01184395,3.32310677,-3.21838713,-0.08483212,-0.00514988,-0.00976801,0.23097882,
4734,-0.39712414,0.09793159,6.11544180,6.00000000,-0.00644531,-0.01450195,0.03253222,0.21641168,0.00423463,0.13531746,0.01150183,0.05863842,0.05934659,-0.04778953,0.01184395,3.08225155,-3.28121901,0.21640614,-0.00559455,-0.00976801,0.24636523,
4741,-0.67963994,0.42593721,7.92067003,5.00000000,0.07089844,-0.06284180,0.05225044,0.30447754,-0.05425389,0.13531746,0.01150183,0.03806382,0.07650200,-0.06949759,0.01184395,3.16253662,-3.29169106,0.30448216,-0.00342173,-0.00976801,0.25604066,
4750,0.83588976,-0.19416103,9.88152122,6.00000000,0.10795899,-0.13374023,0.08355978,0.28022948,-0.02374394,0.13531746,0.01150183,0.07869887,0.08268782,-0.06613240,0.01184395,3.32834291,-3.59537816,0.28023008,-0.00123627,-0.00976801,0.27130160,
4758,0.86940855,-0.11275817,12.81441879,6.00000000,0.13051757,-0.11601563,0.01681093,-0.01421158,-0.01628298,0.13531746,0.01150183,0.08435757,0.03600522,-0.01898715,0.01184395,3.60934091,-3.89557481,-0.01421869,0.00078433,-0.00976801,0.27102238,
4766,1.42007494,-0.05769153,13.23579788,6.00000000,0.06123047,-0.03867187,0.01547861,-0.18821156,0.04633570,0.13531746,0.01150183,-0.02160325,-0.00881115,0.00026589,0.01184395,3.88684821,-3.81354451,-0.18821049,-0.00048969,-0.00976801,0.26549393,
4774,0.34986681,-0.31626531,12.27572346,6.00000000,-0.00161133,-0.01611328,-0.09683531,-0.29293135,0.05819328,0.13531746,0.01150183,-0.00360070,-0.03011455,0.02546957,0.01184395,3.68613529,-3.67391801,-0.29292503,-0.00220325,-0.00976801,0.24556486,
4782,-0.71555293,0.77549064,9.02200317,6.00000000,-0.02416992,0.03383789,-0.07591801,-0.17302322,0.02541839,0.13531746,0.01150183,0.00823008,-0.01171817,0.01019929,0.01184395,3.52556515,-3.55349040,-0.17302646,-0.00447597,-0.00976801,0.24407135,
4790,-0.53598785,0.04047075,6.97735453,6.00000000,-0.02900391,0.02739258,-0.00210791,-0.00781648,0.01462666,0.13531746,0.01150183,-0.03600546,0.00858803,-0.02005694,0.01184395,3.33357882,-3.21140575,-0.00782299,-0.00547830,-0.00976801,0.23668845,
4798,-0.50486320,0.33016914,5.87362766,6.00000000,0.01450195,-0.04511719,-0.00517223,0.24652198,-0.05039019,0.13531746,0.01150183,0.04372197,0.06365085,-0.05551739,0.01184395,3.12239385,-3.27074695,0.24652065,-0.00529695,-0.00976801,0.24962412,
4806,-0.10263732,0.64380956,8.28937721,6.00000000,0.08217774,-0.08217774,0.08622441,0.31700131,-0.07237335,0.13531746,0.01150183,0.02469017,0.07854141,-0.07465158,0.01184395,3.27772832,-3.36150432,0.31700638,-0.00323486,-0.00976801,0.26365507,
4813,1.23093307,-0.25880447,10.34120846,5.00000000,0.10957031,-0.13535157,0.09142043,0.23559701,-0.04839172,0.13531746,0.01150183,0.05555224,0.07187028,-0.06092247,0.01184395,3.43131733,-3.61981273,0.23559570,-0.00174158,-0.00976801,0.27268416,
4822,0.96517664,0.20088226,12.99637794,6.00000000,0.11279297,-0.11601563,0.01134845,-0.01487774,-0.03786645,0.13531746,0.01150183,0.02829067,0.02796867,-0.02420537,0.01184395,3.75071239,-3.84670568,-0.01488486,-0.00052498,-0.00976801,0.27432722,
4830,0.93884045,-0.28992909,13.28368187,6.00000000,0.04350586,-0.04833984,-0.02009412,-0.19887009,0.03354550,0.13531746,0.01150183,-0.06995458,-0.01705003,-0.00294648,0.01184395,3.96713352,-3.72976851,-0.19886856,-0.00089355,-0.00976801,0.26459473,
4838,0.26846394,-0.20852624,11.61971188,6.00000000,-0.01289062,-0.02255859,-0.12108340,-0.28253931,0.05206464,0.13531746,0.01150183,-0.05966695,-0.03571264,0.01786017,0.01184395,3.75420332,-3.55174494,-0.28253543,-0.00259326,-0.00976801,0.24435684,
4846,-0.96933836,0.50494587,8.73948669,6.00000000,-0.02900391,0.01611328,-0.03088587,-0.13305384,0.05179818,0.13531746,0.01150183,0.01337379,-0.00416106,0.00398041,0.01184395,3.47669578,-3.52207446,-0.13305776,-0.00437088,-0.00976801,0.24405874,
4854,-0.81132102,-0.42639858,6.82173157,6.00000000,-0.01611328,0.01611328,-0.02782153,0.03455106,0.01942299,0.13531746,0.01150183,0.00925878,0.02184124,-0.02249176,0.01184395,3.23758578,-3.26900172,0.03454489,-0.00517824,-0.00976801,0.23836830,
4862,-0.45458496,0.30383292,6.13938427,6.00000000,0.03544922,-0.05156250,-0.00317375,0.26290941,-0.00922173,0.13531746,0.01150183,0.06532554,0.07030770,-0.05701295,0.01184395,3.08748746,-3.30914426,0.26290995,-0.00450839,-0.00976801,0.25093886,
4870,-0.05475328,-0.09360455,8.80413055,6.00000000,0.09184571,-0.08217774,0.03146636,0.29781601,-0.04919111,0.13531746,0.01150183,0.06326798,0.08180696,-0.06885699,0.01184395,3.29692674,-3.51160240,0.29782003,-0.00237064,-0.00976801,0.26840112,
4878,1.41528654,0.04765335,10.93975830,6.00000000,0.11440430,-0.12568359,0.04079255,0.17151278,-0.04279600,0.13531746,0.01150183,0.05606687,0.06178697,-0.05090745,0.01184395,3.50636625,-3.69660735,0.17150886,-0.00129188,-0.00976801,0.27354217,
4886,0.45760587,-0.27316967,13.53986168,6.00000000,0.10634766,-0.10312500,0.03346483,-0.03219780,-0.03267043,0.13531746,0.01150183,0.06686879,0.03068746,-0.01786256,0.01184395,3.72627807,-3.95317078,-0.03220390,0.00006947,-0.00976801,0.27604526,
4894,0.22057991,-0.25880447,13.45606422,6.00000000,0.04833984,-0.03222656,-0.03501602,-0.21325907,0.00196970,0.13531746,0.01150183,-0.05195100,-0.01603382,0.00025234,0.01184395,3.98982286,-3.81354451,-0.21325822,-0.00026054,-0.00976801,0.26741093,
4902,0.28522336,-0.34020734,10.94454670,6.00000000,-0.01772461,-0.00644531,-0.10402980,-0.28134021,0.01755775,0.13531746,0.01150183,-0.07098381,-0.03590475,0.01539331,0.01184395,3.78561902,-3.54476380,-0.28133675,-0.00203118,-0.00976801,0.24532954,
4910,-1.05313540,0.43790823,8.53837395,6.00000000,-0.03544922,0.00966797,-0.10576182,-0.12639228,-0.01868115,0.13531746,0.01150183,-0.03600613,-0.00766279,-0.00414650,0.01184395,3.61108613,-3.48891306,-0.12639718,-0.00398965,-0.00976801,0.24821116,
4918,-1.02201080,-0.13670018,6.62780142,6.00000000,-0.01289062,0.00805664,0.00428721,0.06852503,-0.01255251,0.13531746,0.01150183,-0.03394882,0.02528305,-0.03601380,0.01184395,3.41037321,-3.29518175,0.06851925,-0.00431449,-0.00976801,0.24804404,
4926,-0.17925178,-0.10078716,6.77384758,6.00000000,0.02900391,-0.06606445,0.00482012,0.23559701,-0.04679294,0.13531746,0.01150183,0.03343435,0.06403551,-0.05833814,0.01184395,3.24805784,-3.36150432,0.23559967,-0.00363312,-0.00976801,0.25667757,
4934,-0.07390690,0.05004755,9.27818203,6.00000000,0.09667969,-0.09829102,0.04012640,0.28982213,-0.04173015,0.13531746,0.01150183,0.03034822,0.07863772,-0.07347225,0.01184395,3.46447849,-3.56745291,0.28982306,-0.00174622,-0.00976801,0.27591968,
4942,1.45838225,-0.08881615,11.83279610,6.00000000,0.09990235,-0.12407227,0.04039286,0.09290635,-0.01295220,0.13531746,0.01150183,0.02623316,0.04675199,-0.04313747,0.01184395,3.65471935,-3.74373126,0.09290044,-0.00010969,-0.00976801,0.27492911,
4950,1.66667771,0.11469100,12.93412876,6.00000000,0.08217774,-0.09667969,-0.01649687,-0.09295125,-0.00242694,0.13531746,0.01150183,0.08487196,0.02145841,-0.00457150,0.01184395,3.67217255,-3.96015191,-0.09295355,0.00004812,-0.00976801,0.26993263,
4957,-0.25347203,-0.01459589,13.19030762,5.00000000,0.03222656,-0.01933594,-0.02222583,-0.21685630,0.04034029,0.13531746,0.01150183,-0.00205716,-0.01189271,0.00787073,0.01184395,3.85543227,-3.84845090,-0.21685208,-0.00063423,-0.00976801,0.26354396,
4966,0.11284083,-0.19655523,10.23107433,6.00000000,-0.01289062,0.01450195,-0.15119365,-0.22738156,0.06099114,0.13531746,0.01150183,-0.05503795,-0.02537706,0.00878895,0.01184395,3.70533395,-3.51858377,-0.22738007,-0.00242613,-0.00976801,0.24538198,
4974,-0.85441667,0.59831977,7.77462387,6.00000000,-0.02416992,-0.00322266,-0.10376335,-0.08615644,0.01129588,0.13531746,0.01150183,-0.02263234,-0.00012600,-0.00840649,0.01184395,3.49414921,-3.41735482,-0.08616233,-0.00417779,-0.00976801,0.24429522,
4982,-0.77061957,-0.04093211,6.59428215,6.00000000,-0.00161133,-0.00161133,0.00135610,0.13247603,-0.02254485,0.13531746,0.01150183,0.01285912,0.04205561,-0.04154445,0.01184395,3.31961608,-3.36324930,0.13247231,-0.00450275,-0.00976801,0.25185806,
4990,-0.16488656,0.34692857,7.22156334,6.00000000,0.04995117,-0.07089844,0.05731323,0.26930451,-0.06784348,0.13531746,0.01150183,0.04217874,0.07167460,-0.06380633,0.01184395,3.24805784,-3.39117479,0.26930833,-0.00341860,-0.00976801,0.26019704,
4998,0.22297411,-0.16064219,9.30212402,6.00000000,0.10957031,-0.11923828,0.05877877,0.28755718,-0.06451270,0.13531746,0.01150183,0.01800308,0.07797340,-0.07572114,0.01184395,3.53080106,-3.59188771,0.28755927,-0.00126165,-0.00976801,0.27904552,
5006,1.30036485,-0.04811472,12.58218098,6.00000000,0.09990235,-0.12246094,-0.00477252,0.05560159,-0.03626767,0.13531746,0.01150183,-0.01903208,0.03650671,-0.04368460,0.01184395,3.85019636,-3.78561902,0.05559303,0.00025269,-0.00976801,0.28082880,
5014,2.27959347,0.43551403,12.80723572,6.00000000,0.05639648,-0.09184571,0.00988290,-0.16502935,-0.01708237,0.13531746,0.01150183,-0.00051424,-0.00087652,-0.00260518,0.01184395,3.83797884,-3.83623385,-0.16503081,0.00049696,-0.00976801,0.26622546,
5022,0.06735100,-0.27077547,12.46965313,6.00000000,0.01450195,-0.02578125,-0.07325339,-0.23883945,0.03061441,0.13531746,0.01150183,0.00360094,-0.01541747,0.01266019,0.01184395,3.85543227,-3.86764979,-0.23883434,-0.00085380,-0.00976801,0.26264623,
5029,-0.02362866,0.32777494,10.01799107,5.00000000,-0.02255859,0.01611328,-0.11109105,-0.24736625,0.05446280,0.13531746,0.01150183,-0.04886508,-0.02821875,0.01302176,0.01184395,3.73849511,-3.57268882,-0.24736601,-0.00274501,-0.00976801,0.24709643,
5038,-0.13615614,0.02610553,6.85525036,6.00000000,-0.03867187,0.00966797,-0.07178784,-0.06017635,0.04034029,0.13531746,0.01150183,-0.01594567,0.00391533,-0.01079737,0.01184395,3.41386414,-3.35975885,-0.06018563,-0.00465722,-0.00976801,0.24118036,
5046,-0.83286881,0.39960101,6.56076336,6.00000000,0.00805664,-0.00805664,-0.04660713,0.18456942,-0.00602418,0.13531746,0.01150183,0.04320757,0.05491734,-0.04708529,0.01184395,3.27074695,-3.41735482,0.18456638,-0.00467014,-0.00976801,0.25582474,
5054,-0.02602286,0.18172865,7.98531342,6.00000000,0.06123047,-0.06928711,0.10061339,0.26970419,-0.04492770,0.13531746,0.01150183,0.06532566,0.07571243,-0.06237527,0.01184395,3.28470969,-3.50636625,0.26970804,-0.00317382,-0.00976801,0.26573032,
5062,0.82631296,-0.54850286,9.87912750,6.00000000,0.11923828,-0.12568359,0.06797173,0.25811309,-0.05731821,0.13531746,0.01150183,0.05760990,0.07688348,-0.06538153,0.01184395,3.49589443,-3.69137144,0.25811350,-0.00182896,-0.00976801,0.27925158,
5070,0.43845227,-0.18937261,12.97243595,6.00000000,0.10634766,-0.11762695,-0.00210791,0.00550665,-0.03346982,0.13531746,0.01150183,-0.00514387,0.02968637,-0.03374440,0.01184395,3.92175484,-3.90430140,0.00549859,-0.00007675,-0.00976801,0.28409320,
5078,1.81272399,0.42354301,12.74977493,6.00000000,0.04028320,-0.06284180,-0.01982767,-0.20579812,0.01662513,0.13531746,0.01150183,-0.03189119,-0.01225357,0.00122635,0.01184395,3.98982286,-3.88161206,-0.20579833,-0.00050823,-0.00976801,0.27041909,
5086,0.14157125,-0.44555220,11.80167103,6.00000000,-0.00322266,-0.01289062,-0.10616151,-0.28720239,0.02262054,0.13523810,0.01150183,-0.01080196,-0.02770808,0.02138259,0.01187540,3.88859367,-3.85194159,-0.28719735,-0.00218914,-0.00976801,0.25977260,
5094,-1.15848029,0.47621545,9.47690105,6.00000000,-0.02900391,0.02578125,-0.05060408,-0.19860360,0.04447046,0.13523810,0.01150183,-0.04372143,-0.01972948,0.00587848,0.01188538,3.79434562,-3.64599276,-0.19860488,-0.00396245,-0.00976801,0.25531337,
5101,-0.30614448,-0.63948256,6.86003876,5.00000000,-0.03544922,0.01933594,-0.06179553,-0.04645354,0.04580277,0.13523810,0.01150183,-0.03343459,0.00428051,-0.01526060,0.01188968,3.54301834,-3.42957187,-0.04646085,-0.00549504,-0.00976801,0.24938804,
5110,-0.16967496,0.28707352,6.35725641,6.00000000,0.00805664,-0.03867187,-0.07911556,0.20175630,-0.00748972,0.13523810,0.01150183,0.01388819,0.05354001,-0.05259205,0.01189152,3.36673999,-3.41386414,0.20175385,-0.00575004,-0.00976801,0.26042402,
5118,-0.56711245,0.29904452,9.46014214,6.00000000,0.07089844,-0.07412110,0.10114631,0.27556640,-0.02067962,0.13523810,0.01150183,0.07098360,0.07765969,-0.06298340,0.01189232,3.41560936,-3.65646482,0.27556777,-0.00414310,-0.00976801,0.27634132,
5126,1.49668944,-0.40006238,10.40585136,6.00000000,0.10795899,-0.10957031,0.03892732,0.17990637,-0.06051576,0.13531746,0.01150183,0.08332894,0.06412105,-0.04680569,0.01186122,3.45051599,-3.73325920,0.17990559,-0.00292474,-0.00976801,0.27345493,
5134,0.60844058,-0.19416103,13.43930531,6.00000000,0.09829102,-0.10151367,0.04145871,-0.00595124,0.01102942,0.13531746,0.01150183,-0.00411459,0.02521975,-0.02909519,0.01185137,3.90604687,-3.89208412,-0.00595790,-0.00174585,-0.00976801,0.28225017,
5142,0.16551328,-0.24204506,13.27649975,6.00000000,0.04511719,-0.05639648,-0.05886441,-0.17262354,0.06325607,0.13531746,0.01150183,-0.00308635,-0.00477747,0.00063175,0.01184715,3.92699075,-3.91651869,-0.17262264,-0.00179517,-0.00976801,0.27181208,
5150,0.33071318,0.16736344,11.04270935,6.00000000,0.00161133,-0.00644531,-0.07884910,-0.27694359,0.04247199,0.13531746,0.01150183,-0.00308669,-0.02794967,0.02345810,0.01184533,3.75769401,-3.74722195,-0.27694082,-0.00338377,-0.00976801,0.25197500,
5158,-0.11460833,-0.33781314,8.25346375,6.00000000,-0.01450195,0.02094727,-0.05220286,-0.17555460,0.05819328,0.13531746,0.01150183,-0.02623334,-0.01691699,0.00724092,0.01184454,3.65122867,-3.56221700,-0.17556003,-0.00551326,-0.00976801,0.24875925,
5166,-1.04116440,-0.17740162,6.69005060,6.00000000,-0.03222656,0.01933594,-0.08990730,0.06919119,0.00023769,0.13531746,0.01150183,0.00925859,0.02888635,-0.02944512,0.01184421,3.43131733,-3.46273303,0.06918401,-0.00626692,-0.00976801,0.25492513,
5173,-0.02841707,0.41875461,6.42429399,5.00000000,0.03706055,-0.05317383,-0.01023500,0.23866135,-0.03613444,0.13531746,0.01150183,0.00771556,0.05864204,-0.05903640,0.01184406,3.28820014,-3.31438017,0.23866358,-0.00568841,-0.00976801,0.25664657,
5182,-0.49049801,-0.11275817,9.29015350,6.00000000,0.09023438,-0.10634766,0.04119224,0.34511310,-0.05052342,0.13523810,0.01150183,0.04989404,0.09028303,-0.08036209,0.01187544,3.60235953,-3.77165651,0.34511513,-0.00365648,-0.00976801,0.29232892,
5190,2.01144290,0.01174032,11.27494621,6.00000000,0.11762695,-0.13212891,0.04172517,0.09104110,-0.06824317,0.13523810,0.01150183,0.06018170,0.04838102,-0.03678937,0.01188540,3.66693687,-3.87114024,0.09103638,-0.00211667,-0.00976801,0.27985540,
5198,1.31712425,-0.21570884,13.06341553,6.00000000,0.08056641,-0.07412110,0.02147403,-0.09708141,-0.02067962,0.13531746,0.01150183,-0.02468947,0.00789165,-0.01689503,0.01185824,4.02123833,-3.93746281,-0.09708439,-0.00120587,-0.00976801,0.28146422,
5206,-0.64133269,-0.30908272,13.82956028,5.00000000,0.02255859,-0.04833984,-0.08777560,-0.21272612,0.04753478,0.13531746,0.01150183,-0.05246638,-0.01657375,0.00065111,0.01185010,4.11897707,-3.94095349,-0.21272078,-0.00174104,-0.00976801,0.27675024,
5214,0.21579151,0.39241838,10.83201981,6.00000000,-0.01127930,-0.00483398,-0.09190575,-0.28520393,0.03514427,0.13531746,0.01150183,0.00462932,-0.02795821,0.02526082,0.01184660,3.81179905,-3.82750702,-0.28520080,-0.00352795,-0.00976801,0.25624776,
5222,-0.29177925,0.06920116,7.61900091,6.00000000,-0.03706055,0.04028320,-0.05979704,-0.18075064,0.02928210,0.13531746,0.01150183,-0.02571862,-0.01840655,0.00883269,0.01184509,3.62330365,-3.53603721,-0.18075800,-0.00571945,-0.00976801,0.24642116,
5230,-1.47212064,-0.22289145,6.51287937,6.00000000,-0.01933594,0.00966797,-0.02981999,0.12235045,0.03154703,0.13523810,0.01150183,0.00925872,0.03876465,-0.03916720,0.01187588,3.51160240,-3.54301834,0.12234245,-0.00675824,-0.00976801,0.26459983,
5238,-0.69400513,0.29904452,7.23353434,6.00000000,0.03706055,-0.04511719,-0.02822123,0.23479763,-0.03200427,0.13523810,0.01150183,0.02417558,0.06165545,-0.05817377,0.01188559,3.39641094,-3.47844124,0.23480059,-0.00551377,-0.00976801,0.26623642,
5245,0.27085814,0.25594890,9.25424004,5.00000000,0.09667969,-0.10795899,0.08156131,0.30407786,-0.02334424,0.13523810,0.01150183,0.03446303,0.08052120,-0.07437020,0.01188977,3.59886885,-3.71580577,0.30407947,-0.00373342,-0.00976801,0.28720278,
5254,0.79758251,-0.39287975,11.62210560,6.00000000,0.12084961,-0.13212891,0.02613712,0.05919884,-0.02720795,0.13531746,0.01150183,0.07458363,0.04644477,-0.03154438,0.01186012,3.77689242,-4.02996492,0.05919267,-0.00172393,-0.00976801,0.28729007,
5262,1.67146611,0.35411116,13.00595474,6.00000000,0.06445312,-0.05639648,0.01681093,-0.12719166,-0.00482510,0.13531746,0.01150183,0.00257222,0.00677698,-0.00943646,0.01185090,4.06312656,-4.07185316,-0.12719254,-0.00113419,-0.00976801,0.28567147,
5270,0.76885211,-0.68018395,12.84075451,6.00000000,0.01289062,-0.02094727,-0.08497775,-0.26028967,0.03807536,0.13531746,0.01150183,-0.05812504,-0.02805816,0.01064165,0.01184694,4.03345585,-3.83623385,-0.26028508,-0.00249675,-0.00976801,0.26640561,
5278,-0.55992985,0.73718345,10.36515045,6.00000000,-0.01933594,-0.00966797,-0.12587973,-0.22831419,0.04740155,0.13531746,0.01150183,-0.04269299,-0.02444496,0.01074457,0.01184524,3.85019636,-3.70533395,-0.22831294,-0.00406848,-0.00976801,0.25733531,
5286,-0.88793546,0.18651704,7.85602665,6.00000000,-0.03867187,0.02094727,-0.03594864,-0.11293592,0.05752712,0.13531746,0.01150183,-0.02160350,-0.00603754,-0.00235604,0.01184450,3.57094383,-3.49763966,-0.11294198,-0.00566618,-0.00976801,0.24804790,
5294,-0.32529807,-0.34738994,6.56076336,6.00000000,-0.01127930,-0.00161133,-0.04980469,0.13407479,0.02022238,0.13531746,0.01150183,0.02931940,0.04198956,-0.03761601,0.01184419,3.31787109,-3.41735482,0.13406901,-0.00637053,-0.00976801,0.25387195,
5302,-0.26783723,-0.02656690,7.43225288,6.00000000,0.06123047,-0.06767578,-0.04287667,0.27596608,0.00370170,0.13531746,0.01150183,0.04320750,0.07239520,-0.06428711,0.01184405,3.39117479,-3.53778243,0.27596933,-0.00506974,-0.00976801,0.27118245,
5310,0.63477683,0.22482428,9.29733562,6.00000000,0.09667969,-0.10312500,0.03386454,0.25877926,-0.02973934,0.13531746,0.01150183,0.04115013,0.07311603,-0.06551719,0.01184399,3.51858377,-3.65821028,0.25878069,-0.00317678,-0.00976801,0.27892038,
5317,1.14474177,-0.19176681,11.64844227,5.00000000,0.11440430,-0.12407227,0.03040051,0.08437954,-0.03799968,0.13531746,0.01150183,0.07355548,0.04966316,-0.03492882,0.01184397,3.67217255,-3.92175484,0.08437520,-0.00173824,-0.00976801,0.28139707,
5326,0.91489840,0.29186192,13.12805843,6.00000000,0.07895508,-0.08217774,0.04012640,-0.09428356,0.00010446,0.13531746,0.01150183,0.01028761,0.01215888,-0.01290444,0.01184395,3.98284125,-4.01774788,-0.09428684,-0.00166500,-0.00976801,0.28318563,
5334,0.16072486,-0.91242152,12.75216961,6.00000000,0.01772461,-0.02255859,-0.07791650,-0.23830649,0.03967414,0.13531746,0.01150183,-0.05503824,-0.02382525,0.00720578,0.01184395,4.00902128,-3.82227111,-0.23830342,-0.00243294,-0.00976801,0.26660746,
5342,0.18227269,0.62944436,9.71632099,6.00000000,-0.01772461,0.00161133,-0.10536211,-0.20020241,0.05606158,0.13523810,0.01150183,-0.07972741,-0.02541757,0.00305561,0.01187540,3.81528974,-3.54476380,-0.20020270,-0.00445392,-0.00976801,0.25228709,
5350,-1.24467158,-0.14867119,7.55196285,6.00000000,-0.02416992,-0.00322266,-0.05180316,-0.04312276,0.02448577,0.13523810,0.01150183,-0.02726186,0.00576022,-0.01527993,0.01188538,3.60410500,-3.51160240,-0.04312836,-0.00599523,-0.00976801,0.25481758,
5358,-0.79216743,0.01413453,6.43865919,6.00000000,-0.00483398,-0.01450195,-0.01196701,0.16125396,-0.00322632,0.13531746,0.01150183,0.02160364,0.04616396,-0.04352555,0.01185823,3.32310677,-3.39641094,0.16125134,-0.00618959,-0.00976801,0.25527322,
5366,-0.13376194,-0.33063051,7.81293106,6.00000000,0.07089844,-0.08217774,0.03719532,0.28076240,-0.01135343,0.13531746,0.01150183,0.03394864,0.07231447,-0.06637347,0.01185009,3.38942933,-3.50462127,0.28076544,-0.00481649,-0.00976801,0.27026480,
5374,0.20860890,-0.41203338,10.51359081,6.00000000,0.10312500,-0.11279297,0.05877877,0.26224324,-0.00335955,0.13531746,0.01150183,0.02160378,0.07289249,-0.06988875,0.01184659,3.61806750,-3.69137144,0.26224104,-0.00268536,-0.00976801,0.28397962,
5382,1.57090962,-0.41442758,12.56542110,6.00000000,0.09990235,-0.11279297,-0.02555662,0.02469195,-0.01481744,0.13531746,0.01150183,0.07046916,0.03885420,-0.02502520,0.01184509,3.65821028,-3.89732027,0.02468432,-0.00127902,-0.00976801,0.27567762,
5389,1.19501996,0.54085892,12.98201275,5.00000000,0.07895508,-0.06606445,0.03173283,-0.10374298,0.02088853,0.13531746,0.01150183,0.01594613,0.01072481,-0.01015539,0.01184444,3.86590433,-3.92000961,-0.10374416,-0.00104010,-0.00976801,0.27471790,
5398,-0.41867194,-1.19972575,12.01714897,6.00000000,0.01772461,-0.03061523,-0.11748617,-0.19540608,0.04153937,0.13531746,0.01150183,-0.04475112,-0.01432826,0.00027754,0.01184416,3.96015191,-3.80830836,-0.19540256,-0.00182881,-0.00976801,0.26743996,
5406,-0.02123446,0.35650536,8.71075630,6.00000000,-0.01933594,0.00322266,-0.11042491,-0.15810132,0.04606923,0.13531746,0.01150183,-0.07509819,-0.01621106,-0.00491282,0.01184404,3.76118445,-3.50636625,-0.15810475,-0.00337194,-0.00976801,0.25198609,
5414,-0.78737903,-0.28274649,7.14494896,6.00000000,-0.01127930,-0.01611328,-0.03594864,0.03468429,-0.01042081,0.13531746,0.01150183,0.00925874,0.02678299,-0.02741610,0.01184399,3.54127288,-3.57268882,0.03467886,-0.00419787,-0.00976801,0.26039532,
5422,-1.01243401,0.33256334,7.19762135,6.00000000,0.03061523,-0.04350586,0.03546330,0.20655259,-0.04985726,0.13531746,0.01150183,0.03343436,0.06069676,-0.05508998,0.01184397,3.43655324,-3.54999948,0.20655312,-0.00381713,-0.00976801,0.26823762,
5430,0.21579151,-0.12233497,8.77779388,6.00000000,0.07734375,-0.09184571,0.07063635,0.26304263,-0.07650351,0.13531746,0.01150183,0.01645981,0.07256135,-0.07076216,0.01184395,3.57792497,-3.63377547,0.26304463,-0.00218539,-0.00976801,0.28049490,
5438,0.91489840,-0.31387112,10.54232121,6.00000000,0.11762695,-0.14179687,0.02293957,0.18203804,-0.02534271,0.13531746,0.01150183,-0.01748877,0.05847931,-0.06491391,0.01184395,3.82052565,-3.76118445,0.18203607,-0.00038991,-0.00976801,0.28803462,
5446,-0.07630110,0.17694025,13.92053986,6.00000000,0.08862305,-0.11279297,0.02493805,-0.03113195,-0.01974700,0.13531746,0.01150183,0.01851745,0.02912115,-0.02768842,0.01184395,4.05789042,-4.12072229,-0.03113948,0.00109570,-0.00732601,0.29421714,
5454,1.55893862,-0.26119867,12.82160091,6.00000000,0.03706055,-0.04995117,0.02600388,-0.23284402,0.04726832,0.13531746,0.01150183,0.00668718,-0.01111992,0.00912319,0.01184395,4.02647448,-4.04916382,-0.23284166,-0.00001136,-0.00732601,0.27586082,
5461,-0.12179093,-0.51737827,10.99961376,5.00000000,-0.00322266,-0.00966797,-0.10922583,-0.26282108,0.06991763,0.13531746,0.01150183,-0.02726173,-0.02472412,0.01459434,0.01184395,3.94444418,-3.85194159,-0.26281837,-0.00180614,-0.00732601,0.26356468,
5470,-1.29494977,-0.04332631,8.54076862,6.00000000,-0.02094727,0.01127930,-0.03768065,-0.11546733,0.09683034,0.13531746,0.01150183,-0.01543134,-0.00012430,-0.00678301,0.01184395,3.75769401,-3.70533395,-0.11547251,-0.00327499,-0.00976801,0.26216298,
5478,-0.35881689,-0.01220169,6.45063019,6.00000000,-0.00966797,0.00805664,-0.05633301,0.06386193,0.04433723,0.13531746,0.01150183,0.00514384,0.03199181,-0.03350272,0.01184395,3.55174494,-3.56919837,0.06385686,-0.00394998,-0.00976801,0.26276377,
5486,0.04101478,0.55043572,6.43626499,6.00000000,0.05317383,-0.06123047,0.06117693,0.24665520,-0.01348513,0.13531746,0.01725275,0.08950144,0.07456023,-0.05694838,0.01184395,3.38419342,-3.68788075,0.24665603,-0.00344923,-0.00732601,0.27424523,
5494,-0.05475328,-0.13909438,9.13692474,6.00000000,0.10151367,-0.10151367,0.05211721,0.27410084,-0.05625236,0.13531746,0.01725275,0.08332867,0.08485112,-0.06858013,0.01184395,3.67391801,-3.95666146,0.27410337,-0.00146959,-0.00732601,0.29648095,
5502,1.93482828,0.20806487,11.51197243,6.00000000,0.11279297,-0.11279297,0.07156897,0.08637802,0.00996357,0.13531746,0.01725275,0.02623342,0.04698598,-0.04475474,0.01184395,3.93048143,-4.01949310,0.08637363,-0.00063072,-0.00732601,0.29444858,
5510,1.56851542,-0.41921598,12.82878399,6.00000000,0.08378907,-0.08217774,-0.04780623,-0.11053776,0.01196204,0.13531746,0.01725275,0.01028768,0.01033865,-0.01248088,0.01184395,4.09105158,-4.12595844,-0.11054004,-0.00098773,-0.00732601,0.28985250,
5518,-0.09545472,0.47621545,13.30523014,6.00000000,0.02900391,-0.04995117,-0.03927942,-0.20713043,0.06005852,0.13531746,0.01150183,-0.04012130,-0.01340788,0.00041587,0.01184395,4.16435575,-4.02822018,-0.20712548,-0.00180904,-0.00976801,0.28196430,
5526,-0.31093287,-0.34020734,10.17840195,6.00000000,-0.01611328,-0.00966797,-0.07471893,-0.22658217,0.05912590,0.13531746,0.01150183,-0.00771542,-0.01783052,0.01240234,0.01184395,3.89382958,-3.86764979,-0.22658066,-0.00338125,-0.00976801,0.26492655,
5533,-0.55753565,0.35411116,7.47774267,5.00000000,-0.01611328,0.02094727,-0.03981235,-0.09375063,0.06112437,0.13531746,0.01150183,0.01285955,0.00457634,-0.00476654,0.01184395,3.70533395,-3.74896717,-0.09375748,-0.00509645,-0.00976801,0.26342103,
5542,-0.73470658,-0.30668849,6.46738958,6.00000000,0.00966797,-0.02578125,0.00721828,0.11528919,0.03354550,0.13531746,0.01150183,-0.00360052,0.03834639,-0.04178561,0.01184395,3.61283159,-3.60061431,0.11528454,-0.00546456,-0.00732601,0.26984555,
5550,-0.45937338,0.16257504,7.86081505,6.00000000,0.04511719,-0.06445312,0.00442042,0.27063683,-0.00762295,0.13531746,0.01150183,0.08230019,0.07862107,-0.06129044,0.01184395,3.49240398,-3.77165651,0.27063853,-0.00434625,-0.00732601,0.28294346,
5558,0.75209266,-0.16782480,9.91025162,6.00000000,0.11923828,-0.10473633,0.07529944,0.23053423,0.00516724,0.13523810,0.01725275,0.05606690,0.07092278,-0.06123766,0.01187540,3.61283159,-3.80307245,0.23053423,-0.00252549,-0.00732601,0.28554025,
5566,0.89813900,-0.28992909,12.02433205,6.00000000,0.11279297,-0.12246094,-0.00237437,0.09130757,-0.02147900,0.13523810,0.01725275,0.01748868,0.04566853,-0.04549670,0.01188538,3.92699075,-3.98633194,0.09130202,-0.00128072,-0.00732601,0.29347733,
5574,0.32592478,-0.11036396,13.39620972,6.00000000,0.05961914,-0.08701172,-0.01769596,-0.10800638,-0.00642387,0.13531746,0.01725275,0.01697437,0.01205180,-0.01260300,0.01185823,4.04567337,-4.10326910,-0.10800910,-0.00063943,-0.00976801,0.28756848,
5582,0.52943194,0.01652873,11.62689400,6.00000000,0.01772461,-0.02416992,-0.03714772,-0.22564957,0.04513662,0.13531746,0.01725275,-0.02931867,-0.01719027,0.00533379,0.01185009,4.05265427,-3.95317078,-0.22564712,-0.00174478,-0.00976801,0.27385172,
5590,-0.53359360,0.19130546,9.57027531,6.00000000,-0.00322266,-0.00644531,-0.06086289,-0.17608753,0.02421931,0.13523810,0.01725275,-0.05400908,-0.01400951,-0.00354255,0.01187803,4.00203991,-3.81878042,-0.17608833,-0.00304027,-0.00976801,0.27073833,
5598,-1.15608609,0.06920116,7.38197470,6.00000000,-0.01450195,-0.02255859,-0.03514925,0.00044386,0.00623309,0.13523810,0.01725275,-0.02314690,0.01898177,-0.02871935,0.01188652,3.80481768,-3.72627807,0.00043908,-0.00379923,-0.00976801,0.27303401,
5605,-0.65330368,-0.13191178,7.03481531,5.00000000,0.01611328,-0.03706055,0.02733620,0.13380834,0.00836479,0.13523810,0.01725275,0.02571877,0.04763691,-0.04543183,0.01189017,3.60585046,-3.69311690,0.13380769,-0.00381162,-0.00976801,0.27428862,
5614,0.24691613,0.12426780,8.09784126,6.00000000,0.07895508,-0.08378907,0.05091813,0.22187421,-0.02467655,0.13531746,0.01725275,0.00771568,0.06485520,-0.06661190,0.01186029,3.79783654,-3.82401657,0.22187653,-0.00281318,-0.00976801,0.29237819,
5622,0.29240596,-0.52216667,10.97327709,6.00000000,0.09345703,-0.11762695,0.05731323,0.16231981,0.03447812,0.13531746,0.01725275,0.03806351,0.06262261,-0.05737308,0.01185098,3.97935081,-4.10850477,0.16231750,-0.00118038,-0.00976801,0.30495277,
5630,1.12319398,0.51931107,12.98201275,6.00000000,0.08217774,-0.09990235,-0.03101910,-0.08242597,0.02155469,0.13531746,0.01150183,0.08795802,0.02734394,-0.00970206,0.01184697,4.04567337,-4.34412432,-0.08243087,-0.00053555,-0.00976801,0.29815388,
5638,1.67386031,-0.64905936,12.62527657,6.00000000,0.05961914,-0.01611328,-0.01103441,-0.21698955,0.08017643,0.13531746,0.01150183,0.01491716,-0.00698514,0.00695994,0.01184525,4.17308235,-4.22369671,-0.21698618,-0.00143708,-0.00976801,0.28865170,
5646,-0.16009817,-0.10318135,10.79850101,6.00000000,0.00805664,-0.00322266,-0.12508035,-0.24043822,0.07111671,0.13531746,0.01150183,-0.03137710,-0.02053836,0.00948871,0.01184451,4.12072229,-4.01425743,-0.24043439,-0.00307458,-0.00976801,0.27746150,
5654,-0.60063130,0.57916611,8.32289600,6.00000000,-0.03222656,0.00483398,-0.02542337,-0.13451940,0.03820859,0.13531746,0.01150183,0.01645990,0.00008180,0.00045695,0.01184419,3.88859367,-3.94444418,-0.13452354,-0.00489311,-0.00976801,0.27419466,
5662,-0.92384851,-0.44794640,6.68526220,6.00000000,-0.00483398,0.01289062,-0.00450607,0.04720803,0.00903095,0.13523810,0.01150183,0.02623327,0.03127097,-0.02787722,0.01187549,3.68613529,-3.77514720,0.04720251,-0.00547606,-0.00976801,0.27389365,
5670,-0.26304883,0.19369966,7.24071693,6.00000000,0.03867187,-0.04833984,0.05118459,0.20055720,-0.02667503,0.13523810,0.01150183,-0.00565809,0.05622026,-0.05987512,0.01188542,3.75245786,-3.73325920,0.20055772,-0.00497619,-0.00976801,0.28589767,
5677,0.15833066,-0.41921598,9.36437416,5.00000000,0.06928711,-0.10957031,0.07370067,0.24638876,-0.05372096,0.13523810,0.01150183,0.00154296,0.06963800,-0.07142834,0.01188970,3.92175484,-3.92699075,0.24638975,-0.00346076,-0.00976801,0.30238029,
5686,1.55175602,0.04525915,11.33001328,6.00000000,0.09667969,-0.11762695,0.03453069,0.06159700,0.01862360,0.13523810,0.01150183,0.05040876,0.04460291,-0.03540982,0.01189153,3.94444418,-4.11548662,0.06159361,-0.00233737,-0.00976801,0.29663804,
5694,1.11840558,-0.02177850,13.00356007,6.00000000,0.08056641,-0.06284180,0.00255518,-0.10134481,0.03740920,0.13523810,0.01150183,0.02880510,0.01394355,-0.01035063,0.01189232,4.12246752,-4.22020626,-0.10134618,-0.00242379,-0.00976801,0.29507428,
5702,0.37620303,-0.90284473,12.34754944,6.00000000,0.02578125,-0.03061523,-0.08697621,-0.20726365,0.05406311,0.13531746,0.01150183,-0.04115021,-0.01524948,0.00198935,0.01186122,4.22369671,-4.08407068,-0.20725960,-0.00348815,-0.00976801,0.28613022,
5710,-0.60541970,0.23200688,10.46570683,6.00000000,-0.01450195,-0.01127930,-0.07005585,-0.20300025,0.08990231,0.13531746,0.01150183,0.01594579,-0.01127519,0.01148353,0.01185137,3.98284125,-4.03694677,-0.20299962,-0.00483551,-0.00976801,0.27599987,
5718,-0.31572127,0.70845300,7.97813082,6.00000000,-0.01127930,0.02255859,-0.01596395,-0.11027131,0.02408608,0.13531746,0.01150183,0.04372187,0.00440919,0.00261855,0.01184715,3.74722195,-3.89557481,-0.11027595,-0.00618038,-0.00732601,0.26905632,
5726,-0.57908344,-0.50540721,6.66132021,6.00000000,0.01289062,0.00644531,0.04465625,0.11342395,0.01329435,0.13531746,0.01150183,0.04629363,0.04288492,-0.03457326,0.01184533,3.60585046,-3.76292992,0.11341912,-0.00684376,-0.00732601,0.27534118,
5734,-0.87596446,-0.20852624,8.10741806,6.00000000,0.04833984,-0.05800781,0.02746943,0.24319118,-0.01122020,0.13531746,0.01150183,0.07201222,0.07222709,-0.05742683,0.01184454,3.64424753,-3.88859367,0.24319303,-0.00560267,-0.00732601,0.29069701,
5742,0.39535663,0.20088226,9.74505138,6.00000000,0.10473633,-0.08701172,0.04971904,0.23053423,-0.01002112,0.13531746,0.01150183,0.01028796,0.06795488,-0.06773183,0.01184421,3.97411466,-4.00902128,0.23053411,-0.00367186,-0.00732601,0.30610240,
5749,1.93482828,-0.11036396,11.38268566,5.00000000,0.10795899,-0.11440430,0.03866085,0.05093850,0.02648424,0.13531746,0.01150183,-0.02777628,0.03388502,-0.04318054,0.01184406,4.16784620,-4.07359838,0.05093482,-0.00252991,-0.00732601,0.30244511,
5758,0.82152456,0.48818645,13.71463776,6.00000000,0.05156250,-0.08540039,-0.04700684,-0.16143209,0.00543371,0.13531746,0.01725275,0.02057500,0.00270661,-0.00259711,0.01184400,4.28129292,-4.35110569,-0.16143359,-0.00243158,-0.00732601,0.30122048,
5766,0.61562318,-0.13909438,12.01236057,6.00000000,0.00000000,-0.02739258,0.00735152,-0.26881650,0.06845208,0.13531746,0.01725275,0.03086234,-0.01896591,0.02114999,0.01184397,4.15737438,-4.26209402,-0.26881143,-0.00394246,-0.00732601,0.28571692,
5774,-0.19840539,-0.42879277,9.19199085,6.00000000,-0.01127930,0.03383789,-0.11122429,-0.25402781,0.08257460,0.13531746,0.01725275,0.04012151,-0.02060352,0.02498482,0.01184396,3.90081096,-4.03694677,-0.25402963,-0.00609146,-0.00976801,0.26932657,
5782,-1.01243401,0.70366460,7.43943548,6.00000000,-0.01933594,0.04511719,-0.08950760,-0.03086548,0.04260522,0.13531746,0.01725275,-0.07047044,0.00262432,-0.02368459,0.01184395,3.90604687,-3.66693687,-0.03087319,-0.00764293,-0.00976801,0.27228224,
5790,-1.14650929,-0.15345959,6.88876915,6.00000000,-0.00644531,-0.04028320,-0.00583839,0.19083130,0.03207995,0.13531746,0.01150183,0.04372161,0.05622079,-0.04828840,0.01184395,3.62330365,-3.77165651,0.19082908,-0.00755392,-0.00976801,0.28190246,
5798,-0.62936169,0.89520073,8.50964355,6.00000000,0.07895508,-0.07089844,0.08475886,0.28529227,-0.04359539,0.13531746,0.01150183,0.09155858,0.08281528,-0.06327486,0.01184395,3.65821028,-3.96887851,0.28529504,-0.00583683,-0.00976801,0.29716584,
5806,0.87180275,-0.62990576,9.94855881,6.00000000,0.12407227,-0.10957031,0.11007280,0.19536117,-0.00202724,0.13531746,0.01150183,0.05092295,0.06640369,-0.05670082,0.01184395,3.90255642,-4.07534361,0.19536084,-0.00390032,-0.00976801,0.30336249,
5814,1.06812727,-0.23965086,12.71625614,6.00000000,0.08540039,-0.11118164,-0.03887971,-0.04565415,0.01169557,0.13531746,0.01150183,0.02623305,0.02405962,-0.02090251,0.01184395,4.15213823,-4.24114990,-0.04565988,-0.00247081,-0.00976801,0.30094641,
5821,1.02024329,0.42114881,13.16876030,5.00000000,0.04350586,-0.05317383,0.00095641,-0.19034329,0.05419634,0.13531746,0.01150183,-0.00154239,-0.00606685,0.00221517,0.01184395,4.22020626,-4.21497011,-0.19034135,-0.00301960,-0.00976801,0.29197535,
5830,-0.07630110,-0.09360455,11.91659260,6.00000000,0.00966797,0.00644531,-0.07072199,-0.24243671,0.06045821,0.13531746,0.01150183,-0.01183048,-0.02004199,0.01357921,0.01184395,4.13119411,-4.09105158,-0.24243233,-0.00447932,-0.00976801,0.28048009,
5838,-0.01165765,0.30622715,8.01165009,6.00000000,-0.02416992,0.02094727,-0.06326104,-0.15410438,0.01875683,0.13531746,0.01150183,-0.06223967,-0.01555966,-0.00256041,0.01184395,3.96538806,-3.75420332,-0.15410936,-0.00640624,-0.00976801,0.26866236,
5846,-0.90948331,-0.48864782,6.98693132,6.00000000,-0.03222656,-0.00966797,-0.02622277,0.05187112,0.03994060,0.13523810,0.01150183,0.00977311,0.02736555,-0.02787157,0.01187540,3.70533395,-3.73849511,0.05186608,-0.00741452,-0.00976801,0.27359906,
5854,-0.69639933,0.29186192,7.31493711,6.00000000,0.04189453,-0.03544922,-0.00463931,0.22653729,0.00037092,0.13523810,0.01150183,0.01543138,0.05921725,-0.05784803,0.01188538,3.61806750,-3.67042756,0.22653818,-0.00717479,-0.00976801,0.28063196,
5862,0.41929865,0.09314318,9.06270409,6.00000000,0.08056641,-0.09345703,0.09008811,0.27023715,-0.03493536,0.13531746,0.01150183,-0.00360060,0.06854747,-0.07151045,0.01185823,3.76467514,-3.75245786,0.27023879,-0.00556292,-0.00976801,0.29208839,
5870,1.13037658,-0.46231163,11.17199612,6.00000000,0.08540039,-0.14179687,0.02507126,0.14180222,-0.03493536,0.13531746,0.01150183,0.09670196,0.06283420,-0.04248637,0.01185009,3.85717773,-4.18529940,0.14179909,-0.00361770,-0.00976801,0.30182031,
5878,1.02503169,0.39720678,13.04665565,6.00000000,0.09990235,-0.08056641,0.05877877,-0.03686089,0.01182881,0.13531746,0.01150183,0.05092317,0.02790845,-0.01890135,0.01184659,4.08930635,-4.26209402,-0.03686452,-0.00277268,-0.00976801,0.30006558,
5886,-0.09066631,-1.07762146,13.00595474,6.00000000,0.05478515,-0.03383789,-0.06885675,-0.16502935,0.05792682,0.13531746,0.01150183,-0.04680832,-0.00774693,-0.00671168,0.01184509,4.21671581,-4.05789042,-0.16502747,-0.00301588,-0.00976801,0.28798997,
5893,0.05777419,-0.27795810,11.11453533,5.00000000,-0.00966797,-0.02416992,-0.16558263,-0.24270317,0.04460370,0.13531746,0.01150183,-0.06686801,-0.02771480,0.00826183,0.01184444,4.11199570,-3.88510299,-0.24269992,-0.00433755,-0.00976801,0.27229908,
5902,-0.14573295,0.13623881,7.91588163,6.00000000,-0.03222656,0.00000000,-0.03235140,-0.12066334,0.02075530,0.13531746,0.01150183,-0.01491666,-0.00480153,-0.00204377,0.01184416,3.78212833,-3.73151398,-0.12066896,-0.00620291,-0.00976801,0.26362103,
5910,-1.28058457,-0.18219002,7.01566172,6.00000000,0.00644531,0.00644531,0.01587832,0.12021875,-0.03746676,0.13531746,0.01150183,0.00874434,0.03984866,-0.04037629,0.01184404,3.62853932,-3.65821028,0.12021331,-0.00666451,-0.00976801,0.27286014,
5918,-0.02841707,0.07877797,6.76666498,6.00000000,0.04350586,-0.07573242,0.05225044,0.26437494,-0.08662909,0.13531746,0.01150183,-0.02623303,0.06299651,-0.07132146,0.01184399,3.65471935,-3.56570768,0.26437798,-0.00563147,-0.00976801,0.28090787,
5926,0.26606974,-0.28992909,9.01960850,6.00000000,0.08378907,-0.13051757,0.06037755,0.29288644,-0.03107166,0.13531746,0.01150183,0.04577921,0.08205348,-0.07326127,0.01184397,3.74547672,-3.90081096,0.29288965,-0.00357655,-0.00976801,0.29841247,
5934,1.33867216,-0.00023068,11.81603622,6.00000000,0.13051757,-0.12084961,0.02293957,0.09770267,-0.02067962,0.13523810,0.01150183,0.04320738,0.05099990,-0.04338831,0.01187540,3.95666146,-4.10326910,0.09769723,-0.00186518,-0.00976801,0.29925555,
5942,1.08967507,-0.28514069,13.95884705,6.00000000,0.07895508,-0.08378907,-0.00890269,-0.09961280,0.02302023,0.13523810,0.01150183,-0.05092240,0.00601113,-0.02121825,0.01188538,4.25511265,-4.08232498,-0.09961733,-0.00156515,-0.00976801,0.29500988,
5950,0.83349556,-0.50780147,12.45049953,6.00000000,0.00966797,-0.06123047,-0.07338662,-0.25575981,0.06312283,0.13523810,0.01150183,0.02366133,-0.01572113,0.01762250,0.01188968,4.06661701,-4.14690256,-0.25575608,-0.00258241,-0.00976801,0.27919778,
5958,-0.77061957,0.35171697,9.81687832,6.00000000,-0.01289062,0.01611328,-0.10323042,-0.21112734,0.04113968,0.13523810,0.01150183,-0.02623275,-0.01781925,0.00805274,0.01189152,4.00029469,-3.91128302,-0.21112695,-0.00440960,-0.00976801,0.27148798,
5965,-0.27980825,0.15539242,7.39873409,5.00000000,-0.00966797,0.02416992,-0.03088587,-0.06017635,0.04553631,0.13523810,0.01150183,-0.03909247,0.00347356,-0.01583600,0.01189232,3.80830836,-3.67566347,-0.06018375,-0.00594362,-0.00976801,0.26693064,
5974,-0.63175589,0.31819814,5.76828289,6.00000000,-0.00161133,-0.03222656,-0.01663011,0.17337802,-0.06344684,0.13531746,0.01150183,0.04115001,0.05343182,-0.04613993,0.01186122,3.51858377,-3.65821028,0.17337480,-0.00612928,-0.00976801,0.27272850,
5982,-0.42106614,0.35889956,7.71237469,6.00000000,0.07573242,-0.07412110,0.09874815,0.28182825,-0.05891698,0.13531746,0.01150183,0.05503796,0.07761538,-0.06668901,0.01185137,3.55523562,-3.74198580,0.28183231,-0.00463020,-0.00976801,0.28495714,
5990,1.10404038,-0.08881615,9.74265766,6.00000000,0.11440430,-0.10473633,0.07516622,0.25824630,-0.03053873,0.13531746,0.01150183,-0.00977290,0.07091468,-0.07532868,0.01184715,3.89208412,-3.85892320,0.25824684,-0.00277217,-0.00976801,0.29969692,
5998,1.58766913,-0.19176681,12.43374062,6.00000000,0.09345703,-0.14179687,-0.04674038,0.04907326,-0.03133812,0.13531746,0.01150183,-0.04114974,0.03322927,-0.04567689,0.01184533,4.18529940,-4.04567337,0.04906654,-0.00186071,-0.00976801,0.30193007,
6006,0.47915369,0.36608216,13.43212223,6.00000000,0.05156250,-0.09829102,-0.00956886,-0.13198799,0.04487016,0.13531746,0.01150183,0.03240556,0.01059004,-0.00622967,0.01184454,4.17831802,-4.28827381,-0.13198921,-0.00169800,-0.00976801,0.29734471,
6014,0.11523504,0.08356638,12.59415150,6.00000000,0.04028320,-0.01289062,-0.00090881,-0.25016412,0.06498807,0.13531746,0.01150183,-0.00514336,-0.01847403,0.01359072,0.01184421,4.10675955,-4.08930635,-0.25015974,-0.00280584,-0.00976801,0.27897081,
6022,-0.34205750,-0.46710002,9.43141174,6.00000000,-0.01450195,0.01289062,-0.10163163,-0.19807070,0.06325607,0.13531746,0.01150183,-0.04372159,-0.01817813,0.00432006,0.01184406,4.00029469,-3.85194159,-0.19807133,-0.00467618,-0.00976801,0.27028337,
6030,-0.71794713,0.02371133,6.97496033,6.00000000,-0.03222656,-0.01127930,-0.08244634,-0.02686855,0.05432957,0.13531746,0.01150183,-0.01903173,0.01180509,-0.01933417,0.01184400,3.79958177,-3.73500466,-0.02687541,-0.00626965,-0.00976801,0.27118030,
6037,-0.42106614,0.26791990,6.37880421,5.00000000,0.01772461,-0.02094727,-0.00024267,0.18923253,0.00570017,0.13531746,0.01150183,0.05349531,0.05802532,-0.04777385,0.01184397,3.54650903,-3.72802329,0.18923078,-0.00637678,-0.00976801,0.27742100,
6046,0.17030168,0.07877797,8.10741806,6.00000000,0.07573242,-0.07734375,0.06091047,0.29581752,-0.05691852,0.13531746,0.01150183,0.03291997,0.07862044,-0.07287493,0.01184396,3.71929669,-3.83099771,0.29582128,-0.00492690,-0.00976801,0.29514515,
6054,1.00108969,-0.11515237,10.46091843,6.00000000,0.10151367,-0.14501953,0.04785381,0.24105948,-0.04106400,0.13531746,0.01150183,0.07561284,0.07805381,-0.06237346,0.01184395,3.81878042,-4.07534361,0.24105723,-0.00325035,-0.00976801,0.30363864,
6062,0.80715930,0.13623881,13.20706749,6.00000000,0.11601563,-0.11118164,0.01827647,-0.00062199,-0.02054639,0.13531746,0.01150183,0.04217871,0.03490331,-0.02782902,0.01184395,4.06661701,-4.20973396,-0.00062948,-0.00143254,-0.00976801,0.29997212,
6070,1.12319398,-0.38090876,13.21903801,6.00000000,0.06928711,-0.05478515,-0.03621510,-0.18994358,0.03221318,0.13531746,0.01150183,-0.06892519,-0.01257668,-0.00716192,0.01184395,4.32143545,-4.08756113,-0.18994261,-0.00191960,-0.00976801,0.29105532,
6078,0.15593646,-0.11994077,11.47845364,6.00000000,-0.00805664,-0.02094727,-0.12134988,-0.25749183,0.01729129,0.13531746,0.01150183,-0.09361584,-0.03129192,0.00549344,0.01184395,4.25162220,-3.93397212,-0.25748751,-0.00349742,-0.00976801,0.27805993,
6086,-0.46655598,0.08356638,8.58625793,6.00000000,-0.03544922,-0.00644531,-0.02409106,-0.16289765,0.06005852,0.13531746,0.01150183,-0.00668687,-0.00921905,0.00419863,0.01184395,3.87288547,-3.85019636,-0.16290133,-0.00543734,-0.00976801,0.26815143,
6094,-0.95018470,-0.18458422,6.46738958,6.00000000,-0.00161133,0.01611328,0.02280634,0.09197372,0.03820859,0.13531746,0.01150183,0.00000023,0.03480260,-0.03747579,0.01184395,3.70184350,-3.70184350,0.09196636,-0.00634711,-0.00976801,0.27505121,
6102,-0.61020809,-0.12233497,6.86243296,6.00000000,0.04511719,-0.05639648,0.02440511,0.24705490,-0.01788176,0.13531746,0.01150183,0.01183061,0.06495364,-0.06434235,0.01184395,3.60061431,-3.64075685,0.24705684,-0.00528311,-0.00976801,0.28041133,
6109,0.07213940,-0.39048555,8.85440922,5.00000000,0.08701172,-0.11118164,0.05478184,0.31047297,-0.02867349,0.13531746,0.01150183,0.12293504,0.09516158,-0.06810017,0.01184395,3.65297413,-4.07010794,0.31047249,-0.00333302,-0.00976801,0.30247101,
6118,1.60921693,-0.22289145,11.18875504,6.00000000,0.15146485,-0.11762695,0.06903758,0.09024172,-0.01348513,0.13531746,0.01150183,0.04320758,0.05241362,-0.04480363,0.01184395,4.02822018,-4.17482758,0.09023815,-0.00051177,-0.00976801,0.30390266,
6126,1.35543156,-0.44555220,12.93891716,6.00000000,0.08217774,-0.07734375,-0.04047851,-0.07376593,-0.00109462,0.13531746,0.01150183,-0.00565835,0.01927608,-0.02370347,0.01184395,4.33016205,-4.31096315,-0.07376815,-0.00057140,-0.00976801,0.30789250,
6134,0.27564654,-0.04572052,13.25495148,6.00000000,0.02578125,-0.05961914,-0.06645861,-0.22791448,0.02595132,0.13531746,0.01150183,-0.07612655,-0.01837801,-0.00316639,0.01184395,4.42091894,-4.16261005,-0.22791106,-0.00124797,-0.00976801,0.29462934,
6142,-0.11939673,-0.19894943,10.03474998,5.00000000,-0.01127930,-0.01772461,-0.06992260,-0.22711509,0.04140614,0.13531746,0.01150183,-0.02520438,-0.01601727,0.00646811,0.01184395,4.21322489,-4.12770367,-0.22711405,-0.00295709,-0.00976801,0.28589284,
6150,-0.70358193,0.32538074,8.23431015,6.00000000,-0.00805664,0.01450195,-0.03834680,-0.15370467,-0.00069493,0.13531746,0.01150183,-0.01337376,-0.00629173,-0.00026597,0.01184395,3.96189737,-3.91651869,-0.15370929,-0.00462232,-0.00976801,0.27444860,
6158,-0.86159927,-0.12951757,6.53682137,6.00000000,-0.00966797,0.00161133,0.04985228,0.09543774,-0.01841469,0.13531746,0.01150183,-0.00925872,0.03774359,-0.04257412,0.01184395,3.87986708,-3.84845090,0.09543093,-0.00526670,-0.00976801,0.28707024,
6166,-0.91666591,-0.12472917,7.50647306,6.00000000,0.03706055,-0.08217774,0.02613712,0.21614525,-0.03293689,0.13531746,0.01150183,0.05195233,0.06836711,-0.05835760,0.01184395,3.75943899,-3.93571734,0.21614724,-0.00382468,-0.00732601,0.29462010,
6174,0.26846394,0.11469100,9.71871567,6.00000000,0.09990235,-0.09829102,0.08382624,0.25291708,-0.03586798,0.13531746,0.01150183,0.01594572,0.07567845,-0.07402900,0.01184395,4.04741859,-4.10152388,0.25291693,-0.00222970,-0.00732601,0.31373569,
6181,1.51105464,-0.41442758,11.51436710,5.00000000,0.11440430,-0.11762695,0.00934999,0.05040558,0.04034029,0.13531746,0.01150183,0.00205751,0.04138102,-0.04360813,0.01184395,4.24638605,-4.25336742,0.05040218,-0.00069864,-0.00732601,0.31177029,
6190,1.63794732,0.69887620,13.47042942,6.00000000,0.06123047,-0.07895508,-0.01316609,-0.17675370,0.00530048,0.13531746,0.01150183,0.04114987,0.00489173,0.00139813,0.01184395,4.29874611,-4.43837214,-0.17675512,-0.00153729,-0.00732601,0.30390579,
6198,0.55337393,-0.24204506,12.27572346,6.00000000,0.00966797,-0.02255859,-0.00357345,-0.26202169,0.07564657,0.13531746,0.01150183,0.03857814,-0.01449876,0.01989605,0.01184395,4.17657280,-4.30747271,-0.26201618,-0.00303884,-0.00732601,0.28855047,
6206,-0.60541970,-0.05769153,9.93658829,6.00000000,-0.00966797,0.01772461,-0.09403747,-0.24217021,0.07737859,0.13531746,0.01150183,0.02623329,-0.01651191,0.01902809,0.01184395,4.05963612,-4.14864779,-0.24217096,-0.00486739,-0.00732601,0.27999291,
6214,-0.49768060,0.22961268,7.45619488,6.00000000,-0.00966797,0.04350586,-0.03821357,-0.05551327,0.04193907,0.13531746,0.01150183,-0.05040902,0.00415011,-0.01917636,0.01184395,4.02822018,-3.85717773,-0.05552033,-0.00654944,-0.00732601,0.28182042,
6222,-0.20319378,-0.22767985,6.15374947,6.00000000,-0.00644531,-0.02900391,-0.01902827,0.15179455,-0.02067962,0.13531746,0.01150183,-0.01697438,0.04359008,-0.05009344,0.01184395,3.78736448,-3.72976851,0.15179141,-0.00688613,-0.00976801,0.28350097,
6230,-0.46655598,0.98618042,7.75307608,6.00000000,0.06767578,-0.08862305,0.15630405,0.27969655,-0.04705941,0.13531746,0.01150183,0.11110507,0.08506505,-0.06092250,0.01184395,3.66344595,-4.04043722,0.27969933,-0.00547264,-0.00976801,0.29954401,
6238,0.94602305,-0.68976074,10.02996159,6.00000000,0.12407227,-0.09667969,0.09701614,0.21134892,-0.03693383,0.13531746,0.01150183,0.01234509,0.06601109,-0.06536539,0.01184395,4.08930635,-4.13119411,0.21134900,-0.00401376,-0.00976801,0.31331584,
6246,1.92525148,-0.06726833,12.27811718,6.00000000,0.08862305,-0.11440430,0.00868383,-0.00635093,0.03940767,0.13531746,0.01150183,-0.02468967,0.02470417,-0.03345862,0.01184395,4.30572701,-4.22195148,-0.00635557,-0.00338151,-0.00976801,0.30866751,
6253,0.39296243,0.20567065,13.42972851,5.00000000,0.04189453,-0.07573242,-0.04007881,-0.15357146,0.05686097,0.13531746,0.01150183,0.03497761,0.00572176,-0.00084878,0.01184395,4.30049133,-4.41917372,-0.15357068,-0.00364998,-0.00976801,0.30495399,
6262,0.28522336,-0.08163355,12.04827404,6.00000000,0.02416992,-0.02094727,0.00428721,-0.24709979,0.10575683,0.13531746,0.01150183,0.05709575,-0.01205711,0.02184261,0.01184395,4.12944889,-4.32318068,-0.24709541,-0.00495242,-0.00976801,0.28849339,
6270,-0.28220245,-0.37851456,8.91905212,6.00000000,0.00161133,0.02578125,-0.04514160,-0.20433256,0.10455776,0.13531746,0.01150183,0.03600641,-0.01154049,0.01645172,0.01184395,3.96887851,-4.09105158,-0.20433532,-0.00672522,-0.00976801,0.27735803,
6278,-0.69879353,-0.14388278,7.10185289,6.00000000,-0.02739258,0.03706055,-0.08657651,-0.01261280,0.02968179,0.13531746,0.01150183,-0.01748851,0.01350707,-0.02065394,0.01184395,3.92000961,-3.86066818,-0.01262051,-0.00806850,-0.00976801,0.28113455,
6286,-0.62696749,0.17215183,6.57512856,6.00000000,0.01450195,-0.04028320,0.02547096,0.19616055,0.01462666,0.13531746,0.01150183,0.03549180,0.05687662,-0.05086962,0.01184395,3.69137144,-3.81179905,0.19615938,-0.00753477,-0.00976801,0.28621143,
6294,-0.59584290,0.40199521,8.38514519,6.00000000,0.08540039,-0.07895508,0.11593498,0.29128766,-0.05052342,0.13531746,0.01150183,0.05195192,0.08070266,-0.07049100,0.01184395,3.85019636,-4.02647448,0.29129115,-0.00582234,-0.00976801,0.30664787,
6302,1.32909524,-0.38569716,10.28614140,6.00000000,0.10957031,-0.11762695,0.10527648,0.18936577,-0.06211453,0.13531746,0.01150183,0.06635398,0.06719398,-0.05387959,0.01184395,3.98633194,-4.21147966,0.18936452,-0.00477964,-0.00976801,0.31089959,
6310,1.21656787,0.05962436,12.62048817,6.00000000,0.09506836,-0.09990235,0.03652915,-0.03739381,0.01209527,0.13531746,0.01150183,0.02211803,0.02357749,-0.02138696,0.01184395,4.19926214,-4.27431107,-0.03739928,-0.00387998,-0.00976801,0.30445552,
6318,0.57731599,0.03089394,12.97961807,6.00000000,0.04995117,-0.05961914,0.00468688,-0.18101710,0.06472161,0.13531746,0.01150183,0.00308658,-0.00442240,0.00167058,0.01184395,4.34063387,-4.35110569,-0.18101548,-0.00452245,-0.00976801,0.30195192,
6325,-0.28699085,-0.36654353,12.02193737,5.00000000,0.01127930,-0.00483398,-0.09257192,-0.25735861,0.08723769,0.13531746,0.01150183,-0.00977305,-0.02313560,0.01709264,0.01184395,4.24114990,-4.20798874,-0.25735390,-0.00587433,-0.00976801,0.28762311,
6334,-0.31811547,0.20567065,8.57907581,6.00000000,-0.03706055,0.03061523,-0.06259488,-0.17475522,0.09309987,0.13531746,0.01150183,0.03292025,-0.00883622,0.01309549,0.01184395,3.88684821,-3.99854946,-0.17475732,-0.00765076,-0.00976801,0.27317572,
6342,-1.77618432,-0.24922766,7.31254292,6.00000000,-0.01772461,0.02578125,0.00335457,0.04667510,0.03767567,0.13531746,0.01150183,0.09515923,0.03495049,-0.01534514,0.01184395,3.64424753,-3.96713352,0.04666846,-0.00926445,-0.00976801,0.27929598,
6350,-0.67963994,-0.32344791,6.73075199,6.00000000,0.04995117,-0.03222656,0.06304217,0.20375475,-0.00162755,0.13531746,0.01150183,0.05092312,0.05920475,-0.04954476,0.01184395,3.69311690,-3.86590433,0.20375508,-0.00839722,-0.00976801,0.28878680,
6358,-0.44021976,-0.56286806,9.11537647,6.00000000,0.07573242,-0.06606445,0.05678030,0.28702426,-0.01028758,0.13531746,0.01150183,0.04217868,0.07851392,-0.07063136,0.01184395,3.92175484,-4.06487179,0.28702515,-0.00646675,-0.00976801,0.31032452,
6366,1.75765741,0.46663865,11.06425667,6.00000000,0.10957031,-0.11762695,0.02893497,0.12368276,-0.04919111,0.13531746,0.01150183,0.08229988,0.05629800,-0.03942574,0.01184395,3.91651869,-4.19577122,0.12367865,-0.00501684,-0.00976801,0.30303723,
6374,1.44162273,0.62226176,12.72104454,6.00000000,0.09990235,-0.08378907,0.09421828,-0.04898493,-0.01082050,0.13531746,0.01150183,0.06841193,0.02653502,-0.01346255,0.01184395,4.16261005,-4.39473915,-0.04898909,-0.00452157,-0.00976801,0.30665216,
6382,0.14875387,-0.11036396,13.00116634,6.00000000,0.04350586,-0.04028320,-0.01036825,-0.18421462,0.02781656,0.13531746,0.01150183,-0.00360046,-0.00680412,0.00245793,0.01184395,4.31270885,-4.30049133,-0.18421209,-0.00491695,-0.00976801,0.29887310,
6390,0.15114807,-0.00980749,10.76498127,6.00000000,-0.00805664,-0.00483398,-0.09390423,-0.25536010,0.05526219,0.13531746,0.01150183,-0.04114991,-0.02801495,0.01456327,0.01184395,4.23067808,-4.09105158,-0.25535807,-0.00643942,-0.00976801,0.28314924,
6397,-0.23671262,0.55522412,8.40908718,5.00000000,-0.03222656,0.02416992,-0.11881848,-0.15037391,0.04420400,0.13531746,0.01150183,-0.01440221,-0.01041414,0.00356940,0.01184395,4.00902128,-3.96015191,-0.15037854,-0.00830148,-0.00976801,0.27798003,
6406,-0.87117606,0.61986756,6.81215477,6.00000000,-0.00483398,-0.00322266,0.05837908,0.09583743,0.01675836,0.13531746,0.01150183,0.02777634,0.03595383,-0.03210041,0.01184395,3.74896717,-3.84321499,0.09583177,-0.00916656,-0.00976801,0.28216434,
6414,-1.34762216,-0.14148858,7.46337748,6.00000000,0.03867187,-0.04511719,0.03826116,0.23506409,-0.03506859,0.13531746,0.01150183,0.09876022,0.07161955,-0.05056728,0.01184395,3.66693687,-4.00203991,0.23506604,-0.00809553,-0.00976801,0.29504272,
6422,0.61322898,0.31101555,8.80652428,6.00000000,0.09023438,-0.07734375,0.08435917,0.25025246,-0.04079754,0.13531746,0.01150183,0.03806381,0.07087308,-0.06407449,0.01184395,3.88335752,-4.01251173,0.25025553,-0.00642001,-0.00976801,0.30436870,
6430,1.74568641,-0.28992909,10.93257618,6.00000000,0.12084961,-0.11279297,0.03053375,0.12021875,-0.00482510,0.13531746,0.01150183,0.01748880,0.04873938,-0.04717698,0.01184395,4.10850477,-4.16784620,0.12021600,-0.00517862,-0.00976801,0.30873334,
6438,0.23255092,1.13701510,13.31001854,6.00000000,0.07250977,-0.10473633,0.00735152,-0.07216717,-0.04785879,0.13531746,0.01150183,0.06378254,0.02294161,-0.01102907,0.01184395,4.24289560,-4.45931625,-0.07217162,-0.00428880,-0.00976801,0.31022274,
6446,0.76885211,-0.44315800,12.47444153,6.00000000,0.03544922,-0.03061523,0.01974203,-0.21965414,0.02808302,0.13531746,0.01150183,-0.00308589,-0.01385696,0.00952194,0.01184395,4.26209402,-4.25162220,-0.21965194,-0.00497778,-0.00976801,0.29269746,
6454,0.60365218,0.09314318,10.01559639,6.00000000,-0.01127930,0.01772461,-0.12134988,-0.23684099,0.03647659,0.13531746,0.01150183,-0.04783603,-0.02676974,0.01178783,0.01184395,4.19751692,-4.03520107,-0.23684126,-0.00702177,-0.00976801,0.28126514,
6462,-0.38036472,0.22003587,7.53520346,6.00000000,-0.01933594,0.01289062,-0.10882614,-0.07283333,-0.00962142,0.13531746,0.01150183,-0.08641483,-0.00641976,-0.01719190,0.01184395,4.05439997,-3.76118445,-0.07284039,-0.00880427,-0.00976801,0.27803400,
6469,-1.23748887,0.71802980,6.99171972,5.00000000,-0.00805664,-0.03383789,0.00575273,0.12501508,0.00370170,0.13531746,0.01150183,0.00977309,0.04059727,-0.04089835,0.01184395,3.86939478,-3.90255642,0.12501192,-0.00887106,-0.00976801,0.29079661,
6478,-0.19601119,0.38284159,7.29338932,6.00000000,0.04511719,-0.05639648,0.11127188,0.25091860,-0.06064899,0.13531746,0.01150183,0.10338867,0.07589897,-0.05369980,0.01184395,3.68788075,-4.03869200,0.25092268,-0.00772953,-0.00976801,0.29828012,
6486,0.40014502,-0.50540721,9.79772377,6.00000000,0.11279297,-0.09023438,0.07649853,0.25225091,-0.01668268,0.13531746,0.01150183,0.02160392,0.07109417,-0.06816399,0.01184395,3.98633194,-4.05963612,0.25225157,-0.00575631,-0.00976801,0.30995464,
6494,0.73054487,-0.31865951,12.65161228,6.00000000,0.11118164,-0.12729493,-0.01623043,0.09010849,0.00383493,0.13531746,0.01150183,0.01748874,0.04668406,-0.04519690,0.01184395,4.27256584,-4.33190727,0.09010179,-0.00409985,-0.00976801,0.31844455,
6502,0.65153623,0.28707352,13.60211086,6.00000000,0.06284180,-0.09506836,-0.01316609,-0.14171389,0.01955622,0.13531746,0.01150183,0.06841183,0.01213594,0.00066287,0.01184395,4.29001951,-4.52214813,-0.14171654,-0.00381837,-0.00976801,0.30916664,
6510,0.38338563,-0.39287975,12.28769398,6.00000000,0.02094727,-0.01127930,-0.04727330,-0.27787620,0.06978440,0.13531746,0.01150183,0.02057548,-0.02125274,0.02232167,0.01184395,4.27431107,-4.34412432,-0.27787173,-0.00513020,-0.00976801,0.29227254,
6518,-0.46176758,-0.40724498,9.54393864,6.00000000,-0.01127930,0.04189453,-0.10722735,-0.21898800,0.04806771,0.13531746,0.01150183,-0.04063490,-0.02253846,0.00931009,0.01184395,4.20624352,-4.06836271,-0.21898818,-0.00710243,-0.00976801,0.28407770,
6526,-0.80174422,0.00695192,7.29338932,6.00000000,-0.02094727,0.00644531,-0.09696855,-0.02966640,-0.00016201,0.13531746,0.01150183,-0.04629334,0.00746228,-0.02146835,0.01184395,4.07883453,-3.92175484,-0.02967377,-0.00865733,-0.00976801,0.28787005,
6534,-0.50486320,0.64141536,6.49851418,6.00000000,-0.00161133,-0.03706055,0.04452303,0.15072870,-0.02614210,0.13531746,0.01150183,0.04372180,0.04910455,-0.04131065,0.01184395,3.76991129,-3.91826415,0.15072721,-0.00865238,-0.00976801,0.28962409,
6541,-0.33966330,0.00216352,7.91588163,5.00000000,0.07089844,-0.06606445,0.07836376,0.27583283,-0.06944225,0.13531746,0.01150183,0.07715601,0.07800966,-0.06192173,0.01184395,3.76118445,-4.02298403,0.27583444,-0.00748387,-0.00976801,0.30217409,
6550,0.73293906,-0.54850286,9.65167809,6.00000000,0.11440430,-0.10634766,0.03146636,0.20961690,-0.04799202,0.13531746,0.01150183,-0.00720136,0.06144050,-0.06543815,0.01184395,4.15388346,-4.12944889,0.20961729,-0.00566966,-0.00976801,0.31546798,
6558,1.11122298,-0.18697841,12.87906170,6.00000000,0.09184571,-0.13535157,-0.03927942,0.02602426,-0.00842234,0.13531746,0.01150183,0.00874450,0.03465948,-0.03543626,0.01184395,4.37379503,-4.40346575,0.02601819,-0.00434467,-0.00976801,0.32006204,
6566,0.84067816,0.15299822,13.83674240,6.00000000,0.04995117,-0.07895508,-0.01702981,-0.18075064,0.01422697,0.13531746,0.01150183,0.04115005,0.00148693,0.00474568,0.01184395,4.40521097,-4.54483747,-0.18075086,-0.00462807,-0.00976801,0.31133485,
6574,0.52224934,0.02371133,11.70350838,6.00000000,0.00805664,0.00644531,-0.05433454,-0.26455307,0.06791916,0.13531746,0.01150183,0.01851778,-0.02095916,0.02156688,0.01184395,4.24638605,-4.30921793,-0.26454955,-0.00621864,-0.00976801,0.29096076,
6582,-0.58387184,-0.06726833,9.10819435,6.00000000,-0.00805664,0.03544922,-0.12721205,-0.18807834,0.03700951,0.13523810,0.01150183,-0.05503786,-0.01982917,0.00328203,0.01187540,4.24289560,-4.05614519,-0.18807968,-0.00805078,-0.00976801,0.28720436,
6590,-0.88554126,0.21524747,6.69005060,6.00000000,-0.02900391,-0.00483398,-0.06312782,0.03161997,0.00689925,0.13523810,0.01150183,-0.02931930,0.01898726,-0.02880645,0.01188538,3.96887851,-3.86939478,0.03161280,-0.00910802,-0.00976801,0.28642944,
6598,-0.88793546,0.42833143,6.78103018,6.00000000,0.01450195,-0.03867187,0.04079255,0.21401355,-0.04506094,0.13531746,0.01150183,0.06995454,0.06351694,-0.04933506,0.01185823,3.69311690,-3.93048143,0.21401462,-0.00851279,-0.00976801,0.29187152,
6606,0.36183780,0.22243008,8.01404381,6.00000000,0.09184571,-0.07250977,0.08542502,0.27982977,-0.07836875,0.13531746,0.01150183,0.05400912,0.07733185,-0.06668621,0.01185009,3.84670568,-4.02996492,0.27983373,-0.00691168,-0.00976801,0.30581722,
6613,0.91250420,-0.60356951,10.23825741,5.00000000,0.10795899,-0.12568359,0.04452303,0.23293239,-0.04439478,0.13531746,0.01150183,-0.02829049,0.06404663,-0.07294103,0.01184659,4.18879032,-4.09279728,0.23293102,-0.00504548,-0.00976801,0.31709504,
6622,0.76406372,0.26552570,13.26692295,6.00000000,0.08540039,-0.14179687,-0.05113701,-0.00528508,-0.02321101,0.13523810,0.01150183,-0.01388782,0.02861909,-0.03481980,0.01187653,4.50294924,-4.45582581,-0.00529243,-0.00340499,-0.00976801,0.32437184,
6630,1.04897368,0.28946772,13.17354870,6.00000000,0.04028320,-0.06928711,0.00601920,-0.22245201,0.03327904,0.13523810,0.01150183,0.04526481,-0.00485919,0.01194280,0.01188587,4.39997530,-4.55356407,-0.22245096,-0.00407116,-0.00976801,0.30843809,
6638,0.12960024,-0.10796976,11.82321930,6.00000000,0.00805664,0.01289062,-0.09630238,-0.29000023,0.04620247,0.13531746,0.01150183,-0.00668675,-0.02651553,0.02110185,0.01185844,4.42615509,-4.40346575,-0.28999478,-0.00588093,-0.00976801,0.29904911,
6646,-0.23192421,0.20567065,8.67963219,6.00000000,-0.02416992,0.03222656,-0.09683531,-0.18168324,0.04340461,0.13531746,0.01150183,-0.08641457,-0.02172918,-0.00220321,0.01185018,4.34587002,-4.05265427,-0.18168792,-0.00801946,-0.00976801,0.29127422,
6654,-1.37395847,-0.07205673,6.98932552,6.00000000,-0.02900391,-0.01450195,-0.06299458,0.04534279,0.01382728,0.13531746,0.01150183,0.01903182,0.02815348,-0.02651520,0.01184663,3.94968009,-4.01425743,0.04533646,-0.00898637,-0.00976801,0.29197949,
6662,-0.37318212,0.62944436,6.85046196,6.00000000,0.02739258,-0.03544922,0.07050312,0.18043926,-0.04879141,0.13531746,0.01150183,0.10750359,0.06288192,-0.03994163,0.01184510,3.73325920,-4.09803295,0.18043932,-0.00865402,-0.00976801,0.29696620,
6670,0.53182614,-0.27077547,8.56471062,6.00000000,0.09506836,-0.05961914,0.06157663,0.28262764,-0.05438712,0.13531746,0.01150183,0.02571868,0.07576682,-0.07179473,0.01184444,4.05090952,-4.13817596,0.28263003,-0.00731469,-0.00976801,0.31734499,
6678,0.94362885,-0.41682178,10.86793232,6.00000000,0.11440430,-0.12084961,0.00855059,0.16351891,-0.03307012,0.13531746,0.01150183,-0.03857799,0.05159222,-0.06313360,0.01184416,4.37903118,-4.24813128,0.16351569,-0.00549823,-0.00976801,0.32458955,
6685,0.82152456,0.39720678,12.78090000,5.00000000,0.07089844,-0.12729493,-0.05886441,-0.06337390,-0.04053107,0.13531746,0.01150183,0.01491674,0.02037074,-0.01996676,0.01184404,4.48724174,-4.53785610,-0.06337824,-0.00448972,-0.00976801,0.32256487,
6694,0.80476511,-0.06726833,13.10890484,6.00000000,0.02739258,-0.05639648,-0.01782919,-0.22125292,0.02062207,0.13531746,0.01150183,0.01234497,-0.00945323,0.00875141,0.01184399,4.53262043,-4.57450819,-0.22125015,-0.00540503,-0.00976801,0.31409276,
6702,-0.01884026,0.02371133,10.94215298,6.00000000,-0.00805664,0.00805664,-0.07232078,-0.27614421,0.04127291,0.13531746,0.01150183,-0.04166397,-0.03028716,0.01664138,0.01184397,4.45058966,-4.30921793,-0.27614158,-0.00714830,-0.00976801,0.29752266,
6710,-0.75146598,-0.20134363,8.42584705,6.00000000,-0.02094727,0.03222656,-0.13453975,-0.14424527,0.05206464,0.13531746,0.01150183,-0.07201214,-0.01521105,-0.00522648,0.01184395,4.30747271,-4.06312656,-0.14424931,-0.00933801,-0.00976801,0.29297611,
6718,-0.59105444,0.17933445,6.94383574,6.00000000,-0.02094727,-0.00966797,-0.03927942,0.06119731,0.00956388,0.13531746,0.01150183,-0.03600642,0.02323633,-0.03455971,0.01184395,4.09279728,-3.97062397,0.06119201,-0.01033329,-0.00976801,0.29673550,
6726,-0.38994151,0.26073730,6.94383574,6.00000000,0.01611328,-0.05800781,0.01934232,0.22960159,-0.04133046,0.13523810,0.01150183,0.11573383,0.07251765,-0.04749835,0.01187540,3.81878042,-4.21147966,0.22960223,-0.00965432,-0.00976801,0.30774313,
6734,0.22297411,0.22721848,9.10819435,6.00000000,0.10473633,-0.07412110,0.14471292,0.26863834,-0.05971637,0.13523810,0.01150183,0.05555250,0.07680329,-0.06584126,0.01188538,4.07883453,-4.26733017,0.26863921,-0.00788646,-0.00976801,0.32202479,
6742,1.30036485,-0.62751150,11.31804276,6.00000000,0.11923828,-0.11118164,0.02746943,0.14046991,0.00090384,0.13531746,0.01150183,0.00720125,0.05154597,-0.05235949,0.01185823,4.27605677,-4.30049133,0.14046577,-0.00589604,-0.00732601,0.32108364,
6750,0.70899707,-0.16782480,13.39142132,6.00000000,0.08056641,-0.10634766,-0.05153670,-0.08282566,-0.02054639,0.13531746,0.01150183,-0.00205740,0.01324074,-0.01691302,0.01185009,4.49073172,-4.48375082,-0.08283062,-0.00512486,-0.00732601,0.31931978,
6757,0.57252759,-0.51737827,12.46486473,5.00000000,0.01611328,-0.04833984,-0.03821357,-0.24376899,0.02541839,0.13531746,0.01150183,-0.02366121,-0.01955261,0.01027458,0.01184659,4.53960133,-4.45931625,-0.24376646,-0.00591877,-0.00732601,0.30853769,
6766,-0.12179093,0.51212847,9.77857018,6.00000000,-0.01933594,0.00483398,-0.09110638,-0.25496045,0.04540308,0.13531746,0.01150183,-0.03291973,-0.02755319,0.01602622,0.01184509,4.32667112,-4.21497011,-0.25496051,-0.00777635,-0.00976801,0.29114982,
6774,-1.41226566,-0.34020734,8.02122688,6.00000000,-0.02578125,0.03867187,-0.13160866,-0.05777819,0.01529282,0.13531746,0.01150183,-0.03189120,0.00553295,-0.01623354,0.01184444,4.25336742,-4.14515686,-0.05778436,-0.00926034,-0.00976801,0.30025718,
6782,-0.45458496,0.38762999,6.50569677,6.00000000,0.00483398,-0.02900391,-0.05166992,0.09370574,-0.01335190,0.13531746,0.01150183,-0.04320719,0.02920263,-0.04211172,0.01184416,4.06836271,-3.92175484,0.09370375,-0.00937982,-0.00976801,0.29643524,
6790,-0.39233571,0.16975763,7.61900091,6.00000000,0.03222656,-0.07734375,0.01641124,0.25971186,-0.03093842,0.13531746,0.01150183,0.06686822,0.07513037,-0.06153487,0.01184404,4.01949310,-4.24638605,0.25971305,-0.00859006,-0.00976801,0.31846735,
6798,-0.11460833,0.11229680,10.35317898,6.00000000,0.09990235,-0.09990235,0.06597326,0.23652962,-0.05025695,0.13531746,0.01150183,0.07046910,0.07634858,-0.06194082,0.01184399,4.18355417,-4.42266417,0.23652685,-0.00642551,-0.00976801,0.32912359,
6806,2.27719927,-0.91960412,11.73942184,6.00000000,0.13051757,-0.10151367,0.02080787,0.01403345,0.00649956,0.13531746,0.01150183,0.01903202,0.03372162,-0.03211659,0.01184397,4.44011736,-4.50469494,0.01402910,-0.00502628,-0.00976801,0.32526654,
6814,0.71139127,0.78985590,13.51352501,6.00000000,0.06284180,-0.05800781,-0.03781388,-0.16196504,-0.01601652,0.13531746,0.01150183,-0.02623250,-0.00260501,-0.00701666,0.01184395,4.66002893,-4.57101727,-0.16196516,-0.00519560,-0.00732601,0.32288292,
6822,0.09847563,-0.19894943,11.97884178,6.00000000,0.00966797,-0.03061523,-0.03768065,-0.26615188,0.02848271,0.13531746,0.01150183,-0.02777634,-0.02463181,0.01430523,0.01184395,4.57101727,-4.47676945,-0.26614773,-0.00649902,-0.00732601,0.30868655,
6829,0.10086983,0.23200688,9.11298275,5.00000000,-0.03544922,0.00805664,-0.09470362,-0.25695890,0.05659450,0.13531746,0.01150183,-0.03189103,-0.02945247,0.01814899,0.01184395,4.31968975,-4.21147966,-0.25696185,-0.00863838,-0.00732601,0.29062518,
6838,-1.37395847,0.08117218,7.83447886,6.00000000,-0.03544922,0.03867187,-0.11162398,-0.00728355,0.02435254,0.13531746,0.01150183,-0.03292019,0.01248159,-0.02327682,0.01184395,4.15562916,-4.04392767,-0.00729017,-0.00966187,-0.00732601,0.29670537,
6846,-0.49528641,0.01174032,6.66371441,6.00000000,0.01611328,-0.02900391,-0.02795476,0.15459239,0.00183646,0.13531746,0.01150183,-0.02623305,0.04125020,-0.04996857,0.01184395,4.00378513,-3.91477346,0.15459096,-0.00954072,-0.00732601,0.29825562,
6854,-0.36599952,0.27031410,7.70279789,6.00000000,0.05317383,-0.09667969,0.04532242,0.29821569,-0.03520183,0.13523810,0.01150183,0.05092279,0.08066262,-0.07070653,0.01187540,4.06661701,-4.23940468,0.29821816,-0.00814368,-0.00732601,0.32271403,
6862,0.52464354,-0.04093211,10.41782284,6.00000000,0.10795899,-0.12568359,0.08089516,0.23319885,-0.01748207,0.13523810,0.01150183,0.09773104,0.07987596,-0.05903585,0.01188538,4.18529940,-4.51691198,0.23319691,-0.00584741,-0.00732601,0.33236191,
6870,1.19023156,0.05244175,12.86230278,6.00000000,0.12407227,-0.09990235,-0.02182614,-0.02060668,0.00077061,0.13523810,0.01150183,0.04886577,0.03172087,-0.02317194,0.01188968,4.38601255,-4.55181837,-0.02061452,-0.00439986,-0.00976801,0.32250181,
6878,0.93644619,-0.08881615,13.54465008,6.00000000,0.07250977,-0.03706055,-0.06326104,-0.18181649,0.04806771,0.13523810,0.01150183,-0.04475030,-0.00736034,-0.00668848,0.01189152,4.71413422,-4.56229067,-0.18181479,-0.00488061,-0.00976801,0.32308888,
6886,-0.17685758,-0.41203338,11.63407707,6.00000000,0.00644531,-0.01772461,-0.11975109,-0.29319781,0.03727597,0.13523810,0.01150183,-0.05966717,-0.03325088,0.01531762,0.01189232,4.56752682,-4.36506844,-0.29319376,-0.00621267,-0.00976801,0.30255011,
6894,-0.65809214,0.19848806,9.07228088,6.00000000,-0.05156250,0.00000000,-0.08191342,-0.18634635,0.03061441,0.13523810,0.01150183,-0.04577903,-0.01625671,0.00190215,0.01189266,4.40870190,-4.25336742,-0.18634886,-0.00800330,-0.00976801,0.30048969,
6901,-0.90708911,-0.08881615,6.73314619,5.00000000,-0.02255859,0.00483398,-0.01063471,-0.00075522,0.01422697,0.13523810,0.01150183,-0.00925866,0.01751077,-0.02269548,0.01189281,4.12944889,-4.09803295,-0.00076352,-0.00926760,-0.00976801,0.29819092,
6910,-0.36360529,0.15060402,6.39556360,6.00000000,0.03222656,-0.02578125,0.02187372,0.19656023,-0.03999815,0.13531746,0.01150183,-0.01543141,0.05155771,-0.05758863,0.01186143,4.03694677,-3.98458672,0.19655952,-0.00895474,-0.00732601,0.30503115,
6918,0.07932201,-0.48146522,8.67244911,6.00000000,0.07250977,-0.10473633,0.05318306,0.27636579,-0.02893995,0.13531746,0.01150183,-0.00102886,0.07176089,-0.07412218,0.01185147,4.16435575,-4.16086483,0.27636793,-0.00738405,-0.00732601,0.32182589,
6926,0.96996504,-0.14627698,10.98524857,6.00000000,0.09506836,-0.14018555,0.02733620,0.15978843,-0.00709003,0.13531746,0.01150183,0.03960665,0.06032850,-0.05342648,0.01184718,4.25511265,-4.38950300,0.15978530,-0.00544452,-0.00976801,0.32495174,
6934,1.13037658,-0.29232329,13.18551922,6.00000000,0.08701172,-0.09990235,-0.02422430,-0.01727590,0.02075530,0.13531746,0.01150183,0.03291996,0.03134755,-0.02655031,0.01184534,4.48026037,-4.59196138,-0.01728116,-0.00435451,-0.00976801,0.32761517,
6942,0.83110136,-0.32823631,13.27889347,6.00000000,0.06445312,-0.04350586,-0.04434221,-0.20526516,0.08457306,0.13531746,0.01150183,-0.00360034,-0.00849701,0.00408913,0.01184455,4.48200512,-4.46978855,-0.20526363,-0.00480267,-0.00976801,0.30962086,
6950,0.34029001,-0.19416103,10.65963650,6.00000000,0.00966797,-0.00161133,-0.11935139,-0.24776593,0.04327138,0.13531746,0.01150183,-0.04526517,-0.02453477,0.01013497,0.01184421,4.47502422,-4.32143545,-0.24776316,-0.00657431,-0.00976801,0.30090886,
6958,-0.98849195,-0.23965086,8.34444427,6.00000000,-0.03222656,0.00644531,-0.07605126,-0.10094512,0.01142911,0.13531746,0.01150183,-0.01697460,0.00123722,-0.00853594,0.01184406,4.30747271,-4.24987650,-0.10095005,-0.00835854,-0.00732601,0.30288506,
6966,-1.68759882,0.11708520,6.74990559,6.00000000,-0.00644531,-0.02255859,-0.01076793,0.09290635,-0.02347747,0.13531746,0.01150183,0.01543110,0.03799722,-0.03705554,0.01184400,4.07708931,-4.12944889,0.09290124,-0.00856488,-0.00732601,0.30422235,
6973,0.13438866,-0.33541891,6.98214293,5.00000000,0.05800781,-0.05639648,0.05997786,0.23106715,-0.04759233,0.13531746,0.01150183,0.00977314,0.06334803,-0.06330701,0.01184397,4.08232498,-4.11548662,0.23106992,-0.00789604,-0.00732601,0.31392321,
6982,0.72575647,-0.21092044,9.93179989,6.00000000,0.09829102,-0.10312500,0.03253222,0.24092627,-0.03999815,0.13531746,0.01150183,-0.01697430,0.06659174,-0.07280785,0.01184396,4.32841635,-4.27082062,0.24092636,-0.00627240,-0.00732601,0.32918945,
6990,0.75209266,-0.26119867,12.33078957,6.00000000,0.09345703,-0.13696289,0.00588597,0.08278076,-0.06571177,0.13531746,0.01150183,-0.00771577,0.04386600,-0.04835819,0.01184395,4.55181837,-4.52563858,0.08277372,-0.00472673,-0.00732601,0.33505899,
6998,1.37937355,0.18651704,13.47761250,6.00000000,0.06123047,-0.10473633,0.03173283,-0.14317942,0.01609221,0.13523810,0.01150183,0.06223951,0.01300382,-0.00167105,0.01187540,4.51167631,-4.72286129,-0.14318202,-0.00422694,-0.00976801,0.32437128,
7006,0.21100311,0.23679528,11.95250607,6.00000000,0.01933594,-0.01772461,-0.01263317,-0.26575214,0.06378899,0.13523810,0.01150183,-0.00668608,-0.01924008,0.01391045,0.01188538,4.60941458,-4.58672523,-0.26574785,-0.00534835,-0.00976801,0.31409332,
7014,0.03383218,-0.68018395,9.30691242,6.00000000,-0.01450195,0.02578125,-0.14133456,-0.22418401,0.08590537,0.13531746,0.01150183,-0.05246679,-0.02235390,0.00631315,0.01185823,4.48898697,-4.31096315,-0.22418676,-0.00747518,-0.00976801,0.30274469,
7022,-0.44261396,1.05561221,7.28381252,6.00000000,-0.01127930,0.01933594,-0.06659182,-0.03046579,0.06512131,0.13531746,0.01150183,-0.00823048,0.01417439,-0.01920145,0.01185009,4.25162220,-4.22369671,-0.03047377,-0.00894866,-0.00976801,0.30502090,
7030,-0.61978489,-0.31147692,6.59907055,6.00000000,0.01450195,-0.03544922,0.02240665,0.16644999,-0.00709003,0.13531746,0.01150183,0.06069615,0.05756825,-0.04571856,0.01184659,4.06138134,-4.26733017,0.16644835,-0.00875378,-0.00976801,0.31398326,
7038,0.21579151,0.34692857,7.79856586,6.00000000,0.06928711,-0.08540039,0.09301920,0.24159241,-0.02787410,0.13531746,0.01150183,0.08950094,0.07701614,-0.05811612,0.01184509,4.05439997,-4.35808706,0.24159598,-0.00740741,-0.00976801,0.32246831,
7045,0.74251586,-0.57723331,10.19516182,5.00000000,0.11762695,-0.09023438,0.01587832,0.19096455,-0.03240396,0.13531746,0.01150183,0.05606668,0.06877868,-0.05789683,0.01184444,4.31270885,-4.50294924,0.19096334,-0.00556687,-0.00976801,0.33341232,
7054,1.09446359,0.10511419,12.44571114,6.00000000,0.11762695,-0.09345703,-0.02995325,-0.01740913,0.00596663,0.13531746,0.01150183,-0.06069500,0.02162844,-0.03892446,0.01184416,4.73682356,-4.53087473,-0.01741400,-0.00419153,-0.00976801,0.33469152,
7062,0.99630123,-0.03853791,12.79287052,6.00000000,0.04995117,-0.06928711,-0.05087055,-0.17861894,0.04073999,0.13531746,0.01150183,-0.02829036,-0.00398431,-0.00616962,0.01184404,4.76300335,-4.66701031,-0.17861821,-0.00495376,-0.00976801,0.32888815,
7070,0.25409874,-0.30668849,11.21030331,6.00000000,0.00644531,-0.03061523,-0.01196701,-0.24976441,0.03980736,0.13531746,0.01150183,-0.01080156,-0.01805651,0.01178900,0.01184399,4.63559437,-4.59894276,-0.24976143,-0.00642527,-0.00976801,0.31664428,
7078,-1.02679920,-0.05290312,8.82807255,6.00000000,-0.02578125,-0.00161133,-0.04340959,-0.14797574,0.08057613,0.13531746,0.01150183,-0.00925825,-0.00266101,-0.00294770,0.01184397,4.48898697,-4.45757103,-0.14797997,-0.00758647,-0.00976801,0.31358415,
7086,-1.26861358,0.27031410,6.97974873,6.00000000,-0.00483398,-0.00161133,-0.05966379,0.01803038,0.05406311,0.13531746,0.01150183,0.04577944,0.03087236,-0.02298562,0.01184395,4.15388346,-4.30921793,0.01802406,-0.00783628,-0.00976801,0.30809411,
7094,0.17509007,0.29665032,7.15691996,6.00000000,0.05639648,-0.02578125,-0.00423960,0.15552503,0.00849803,0.13531746,0.01150183,0.02108942,0.05331499,-0.05083224,0.01184395,4.22020626,-4.29176474,0.15552510,-0.00779299,-0.00976801,0.31983453,
7102,0.64195943,-0.04572052,8.61738300,6.00000000,0.07250977,-0.08217774,0.04625504,0.20615292,-0.00948819,0.13523810,0.01150183,0.03240566,0.06654252,-0.06121544,0.01187540,4.29350996,-4.40346575,0.20615478,-0.00661375,-0.00976801,0.33021158,
7110,1.07770407,0.05962436,11.18636131,6.00000000,0.08701172,-0.11923828,0.04372364,0.11382364,-0.04306247,0.13523810,0.01150183,0.05812458,0.05658647,-0.04545439,0.01188538,4.44011736,-4.63734007,0.11382132,-0.00547585,-0.00976801,0.33730987,
7117,1.19501996,-0.55807966,12.46965313,5.00000000,0.07734375,-0.09667969,0.00282165,-0.05458064,0.01316112,0.13523810,0.01150183,0.01851767,0.02326262,-0.02199411,0.01188968,4.66701031,-4.72984219,-0.05458239,-0.00538445,-0.00976801,0.33667862,
7126,0.52703774,0.38284159,12.51035500,6.00000000,0.04511719,-0.04189453,-0.04580776,-0.20659751,0.04833417,0.13523810,0.01150183,-0.01285974,-0.00928725,0.00267165,0.01189152,4.70366240,-4.66002893,-0.20659369,-0.00609820,-0.00976801,0.32445574,
7134,0.27325234,-0.18937261,10.34599686,6.00000000,0.00966797,0.00483398,-0.11175720,-0.24323606,0.03247965,0.13523810,0.01150183,-0.04577959,-0.02264569,0.00812207,0.01189232,4.71937037,-4.56403589,-0.24323525,-0.00776900,-0.00976801,0.31888890,
7142,-0.06672429,0.02371133,7.58787584,6.00000000,-0.01611328,0.01127930,-0.02582306,-0.13078892,0.04953325,0.13523810,0.01150183,-0.03086204,-0.00583682,-0.00485066,0.01189266,4.46106148,-4.35634184,-0.13079625,-0.00969029,-0.00976801,0.31014815,
7150,-1.30931497,0.21285327,7.11621857,6.00000000,-0.01289062,-0.01450195,-0.02515689,0.09210695,-0.00882204,0.13523810,0.01150183,0.03806395,0.04258078,-0.03631014,0.01189281,4.28303766,-4.41219234,0.09210186,-0.00937311,-0.00976801,0.32187948,
7158,-0.39472991,-0.33302471,7.92785263,6.00000000,0.03867187,-0.06767578,0.01374661,0.20388797,0.00583340,0.13531746,0.01150183,0.04937997,0.06602985,-0.05672757,0.01186143,4.28129292,-4.44884396,0.20388961,-0.00827889,-0.00976801,0.33124942,
7166,0.34268421,0.13863301,10.24304581,6.00000000,0.10151367,-0.09506836,0.08515856,0.18790022,0.00063738,0.13531746,0.01150183,0.02726196,0.06475249,-0.06069589,0.01185147,4.50120401,-4.59370661,0.18789922,-0.00677401,-0.00976801,0.34331319,
7174,0.94123465,-0.83820128,12.41698074,6.00000000,0.11440430,-0.09667969,-0.01969443,-0.02966640,-0.03893230,0.13531746,0.01150183,0.05143697,0.03134993,-0.02223825,0.01184718,4.60941458,-4.78394747,-0.02967103,-0.00564806,-0.00976801,0.33835813,
7182,1.44162273,0.35411116,12.85272598,6.00000000,0.05961914,-0.04028320,0.01281399,-0.16316411,0.00729894,0.13531746,0.01150183,-0.03446297,-0.00309283,-0.00849589,0.01184534,4.88168621,-4.76474905,-0.16316156,-0.00671095,-0.00976801,0.33785409,
7189,0.09129302,-0.67300135,11.53830910,5.00000000,0.00644531,-0.02739258,-0.06885675,-0.22991294,0.05099879,0.13531746,0.01150183,-0.07304110,-0.02376850,0.00284798,0.01184455,4.76300335,-4.51516676,-0.22990921,-0.00801557,-0.00976801,0.31966519,
7198,-0.63654429,0.86647034,9.32606697,6.00000000,-0.03867187,-0.01450195,-0.08750912,-0.17315644,0.03261288,0.13531746,0.01150183,-0.04423619,-0.01350863,-0.00046435,0.01184421,4.61814117,-4.46804285,-0.17315802,-0.00969764,-0.00976801,0.31682026,
7206,-0.61260229,-0.23246825,7.20959234,6.00000000,-0.01772461,-0.00805664,-0.01516456,-0.01381188,0.02541839,0.13531746,0.01150183,0.02211812,0.01940363,-0.01724509,0.01184406,4.31968975,-4.39473915,-0.01381809,-0.01094959,-0.00976801,0.31489620,
7214,-0.60302550,0.10511419,7.34127331,6.00000000,0.03061523,-0.02255859,0.01761032,0.14406714,-0.00216047,0.13531746,0.01150183,0.07818486,0.05458988,-0.03870910,0.01184400,4.18180895,-4.44709921,0.14406636,-0.01070996,-0.00976801,0.32324272,
7222,-0.27262563,-0.52695507,8.84722614,6.00000000,0.07895508,-0.05639648,0.04132548,0.21894312,-0.02614210,0.13531746,0.01150183,0.02623329,0.06528990,-0.06142169,0.01184397,4.39822960,-4.48724174,0.21894458,-0.00947826,-0.00976801,0.33797178,
7230,0.20621470,-0.41921598,10.65245438,6.00000000,0.09829102,-0.10634766,-0.00663777,0.14873025,0.03287935,0.13531746,0.01150183,0.01131628,0.05463981,-0.05448207,0.01184396,4.55356407,-4.59196138,0.14872855,-0.00778221,-0.00976801,0.34230810,
7238,0.46718270,0.09314318,13.14721203,6.00000000,0.07573242,-0.10634766,-0.01569750,-0.05951019,-0.00096139,0.13531746,0.01150183,0.04217881,0.02463458,-0.01781500,0.01184395,4.73682356,-4.87994051,-0.05951555,-0.00672318,-0.00976801,0.34429285,
7246,0.84546655,-0.15345959,12.73540974,6.00000000,0.04028320,-0.05156250,0.02253987,-0.22085324,0.04380431,0.13531746,0.01150183,0.03394911,-0.00697109,0.01134127,0.01184395,4.72635126,-4.84154320,-0.22085068,-0.00743650,-0.00976801,0.33082452,
7254,0.11044663,-0.04332631,10.45852375,6.00000000,0.00483398,0.00966797,-0.06166226,-0.27907526,0.06951794,0.13531746,0.01150183,-0.01183018,-0.02726005,0.02061813,0.01184395,4.64955711,-4.60941458,-0.27907348,-0.00921278,-0.00976801,0.31540486,
7261,-0.20798220,0.69408780,8.44500065,5.00000000,-0.02900391,0.03706055,-0.07152138,-0.15437084,0.03621012,0.13531746,0.01150183,-0.05503836,-0.01423626,-0.00225426,0.01184395,4.59370661,-4.40695620,-0.15437651,-0.01139380,-0.00976801,0.31508172,
7270,-0.72991818,-0.11754657,6.80736637,6.00000000,-0.01772461,0.01127930,-0.03834680,0.05640098,0.01489313,0.13523810,0.01150183,0.01440246,0.02978726,-0.02924926,0.01187540,4.32841635,-4.37728596,0.05639540,-0.01194311,-0.00976801,0.31967035,
7278,-0.37078792,0.28228512,7.68843269,6.00000000,0.02739258,-0.05961914,0.04438980,0.22094157,-0.02161224,0.13523810,0.01150183,0.04269277,0.06320479,-0.05547563,0.01188538,4.22544241,-4.37030411,0.22094187,-0.01136882,-0.00976801,0.32761407,
7286,0.36662620,-0.68736655,9.55351543,6.00000000,0.08217774,-0.10312500,0.07796407,0.23626316,-0.02027992,0.13523810,0.01150183,0.05349500,0.07166806,-0.06131681,0.01188968,4.42615509,-4.60766935,0.23626234,-0.00976423,-0.00732601,0.34460515,
7294,1.40570974,0.10990259,11.88546848,6.00000000,0.11118164,-0.10795899,-0.04101143,0.05506867,0.00876449,0.13523810,0.01150183,0.05606684,0.04284641,-0.03241569,0.01189152,4.52040291,-4.71064377,0.05506375,-0.00784344,-0.00732601,0.33861753,
7302,1.12798238,0.41396621,13.38184452,6.00000000,0.07573242,-0.04995117,-0.04314313,-0.12585935,0.01569251,0.13523810,0.01150183,-0.01491781,0.00315077,-0.01003186,0.01189232,4.79616451,-4.74555016,-0.12586099,-0.00799501,-0.00732601,0.33676219,
7310,0.75927532,-0.55568546,11.67238426,6.00000000,0.01772461,-0.01611328,-0.05127022,-0.24936470,0.02675071,0.13523810,0.01150183,-0.05658097,-0.02803772,0.01091657,0.01189266,4.74729538,-4.55530930,-0.24936166,-0.00971678,-0.00732601,0.31914067,
7318,-0.27023143,0.35889956,8.81370735,6.00000000,-0.03383789,0.01450195,-0.05619980,-0.19820395,0.01129588,0.13523810,0.01150183,-0.02366127,-0.01928101,0.01005788,0.01189281,4.50294924,-4.42266417,-0.19820601,-0.01160066,-0.00976801,0.30918354,
7326,-1.43141925,-0.06487413,7.76744127,6.00000000,-0.03867187,-0.00322266,-0.01170055,-0.00728355,-0.02187870,0.13523810,0.01150183,-0.04526465,0.00871065,-0.02247252,0.01189287,4.38426685,-4.23067808,-0.00728872,-0.01329395,-0.00976801,0.31176329,
7333,-0.04517648,0.18172865,6.29979563,5.00000000,0.01289062,-0.03061523,0.02014171,0.16285276,-0.01601652,0.13523810,0.01150183,-0.02314708,0.04095034,-0.04897014,0.01189290,4.23765945,-4.15911961,0.16285172,-0.01332662,-0.00976801,0.31618997,
7342,0.29958856,0.05004755,8.56710434,6.00000000,0.06284180,-0.07573242,0.02187372,0.27849746,-0.05078988,0.13523810,0.01150183,0.01131630,0.06930699,-0.06881736,0.01189291,4.30921793,-4.34761524,0.27849948,-0.01208790,-0.00976801,0.33400130,
7350,1.11361718,-0.20373783,10.61414719,6.00000000,0.09506836,-0.11762695,-0.00184145,0.20615292,-0.02507625,0.13523810,0.01150183,-0.01183048,0.05717813,-0.06234495,0.01189292,4.44186306,-4.40172052,0.20615044,-0.01017153,-0.00976801,0.33552584,
7358,0.86940855,-0.09360455,12.70907307,6.00000000,0.07895508,-0.11923828,0.01654447,0.01896300,0.00969711,0.13523810,0.01150183,0.00771570,0.02933609,-0.03044332,0.01189292,4.61465025,-4.64083052,0.01895703,-0.00882368,-0.00732601,0.33688551,
7366,0.82631296,-0.05290312,12.75216961,5.00000000,0.04511719,-0.07734375,-0.01609718,-0.15343824,0.02968179,0.13523810,0.01150183,0.01697459,-0.00069867,0.00124712,0.01189291,4.61814117,-4.67573690,-0.15343808,-0.00882232,-0.00732601,0.32577881,
7374,-0.40430674,0.10750839,10.80807781,6.00000000,0.01933594,-0.00966797,-0.04594097,-0.21245968,0.05459604,0.13531746,0.01150183,-0.04526430,-0.02111080,0.00677118,0.01186147,4.61639595,-4.46280670,-0.21245593,-0.00988839,-0.00976801,0.31371796,
7382,-1.11777890,-0.18458422,8.66287231,6.00000000,-0.00644531,0.01772461,-0.09536979,-0.09774756,0.02848271,0.13531746,0.01150183,-0.03137683,-0.00278359,-0.00795267,0.01185149,4.44360828,-4.33714342,-0.09775085,-0.01164503,-0.00976801,0.31121534,
7390,-0.89272386,0.05483595,6.78342438,6.00000000,-0.00644531,-0.00805664,-0.00757038,0.06705949,-0.01308544,0.13531746,0.01150183,-0.03034862,0.02532988,-0.03532182,0.01184719,4.30398226,-4.20100737,0.06705603,-0.01192140,-0.00976801,0.31316742,
7398,-0.04278228,-0.34738994,7.09227610,6.00000000,0.02578125,-0.06928711,0.04758736,0.23146683,-0.03613444,0.13531746,0.01150183,-0.02263276,0.05675948,-0.06441646,0.01184535,4.27605677,-4.19926214,0.23146777,-0.01136477,-0.00976801,0.32401168,
7405,0.04101478,-0.23246825,9.54393864,5.00000000,0.07412110,-0.11440430,0.06037755,0.26983744,-0.05838406,0.13531746,0.01150183,0.06532586,0.07838960,-0.06513818,0.01184455,4.26383924,-4.48549604,0.26983911,-0.00946708,-0.00976801,0.33672678,
7414,1.20699096,-0.32344791,12.03630257,6.00000000,0.11762695,-0.11762695,0.00934999,0.09277311,-0.04892464,0.13531746,0.01150183,0.01131613,0.04467364,-0.04468736,0.01184421,4.56752682,-4.60592365,0.09276733,-0.00774500,-0.00976801,0.33926314,
7422,1.19501996,-0.19894943,13.42733383,6.00000000,0.07250977,-0.08056641,0.01014937,-0.12226211,-0.00216047,0.13531746,0.01150183,-0.03137673,0.00254458,-0.01328776,0.01184406,4.75253153,-4.64606667,-0.12226478,-0.00722766,-0.00976801,0.33183500,
7430,0.89813900,-0.01938430,11.56703949,6.00000000,0.01127930,-0.02900391,-0.10589505,-0.23377666,-0.00176078,0.13531746,0.01150183,-0.03240550,-0.02010492,0.00875720,0.01184400,4.71064377,-4.60068798,-0.23377332,-0.00846783,-0.00976801,0.32058713,
7438,-0.11700253,0.19609386,9.74026299,6.00000000,-0.03383789,-0.00322266,-0.06352752,-0.16516256,0.01569251,0.13531746,0.01150183,-0.09721702,-0.02020175,-0.00626161,0.01184397,4.61988688,-4.29001951,-0.16516362,-0.01031006,-0.00976801,0.31100979,
7446,-1.02919340,0.06920116,7.44901228,6.00000000,-0.03383789,-0.01933594,-0.07032230,0.03175320,0.02195438,0.13531746,0.01150183,-0.01440261,0.02235461,-0.02867741,0.01184396,4.30049133,-4.25162220,0.03174840,-0.01100226,-0.00976801,0.31231588,
7454,-0.73231238,0.39002419,7.12100697,6.00000000,0.03867187,-0.03867187,0.02467158,0.15792319,-0.05745144,0.13531746,0.01150183,0.03806349,0.05144470,-0.04499026,0.01184395,4.15737438,-4.28652859,0.15792379,-0.01059727,-0.00976801,0.31754091,
7462,0.46957690,-0.34260154,7.97813082,6.00000000,0.07895508,-0.06928711,0.07783084,0.25371647,-0.04972403,0.13531746,0.01150183,-0.01285931,0.06538400,-0.07063601,0.01184395,4.31794453,-4.27431107,0.25371951,-0.00940535,-0.00976801,0.32986391,
7470,0.46239430,0.12426780,11.22706223,6.00000000,0.08862305,-0.13051757,0.03639592,0.18776700,-0.06771025,0.13531746,0.01150183,-0.00565825,0.05950056,-0.06322416,0.01184395,4.51691198,-4.49771357,0.18776318,-0.00740220,-0.00976801,0.34039295,
7477,1.76484001,-0.08163355,12.19431973,5.00000000,0.07895508,-0.13374023,-0.00543869,0.00870420,-0.01388482,0.13531746,0.01150183,0.02829052,0.03421427,-0.03045989,0.01184395,4.62512255,-4.72111559,0.00869967,-0.00644263,-0.00976801,0.33943191,
7486,0.35226101,-0.11754657,13.23100948,6.00000000,0.05317383,-0.06928711,-0.02395783,-0.17209059,0.06139083,0.13531746,0.01150183,-0.03600578,-0.00572146,-0.00625713,0.01184395,4.79441977,-4.67224646,-0.17208925,-0.00654887,-0.00976801,0.33069023,
7494,0.25888714,0.01652873,10.79610634,6.00000000,0.00483398,-0.01933594,-0.08857497,-0.22711509,0.04553631,0.13531746,0.01150183,-0.01594555,-0.01641752,0.00898325,0.01184395,4.66351986,-4.60941458,-0.22711335,-0.00792761,-0.00976801,0.31967816,
7502,-0.62217909,0.07877797,8.33007813,6.00000000,-0.00483398,0.01450195,-0.09403747,-0.13345355,0.05526219,0.13531746,0.01150183,-0.04012157,-0.00641135,-0.00646429,0.01184395,4.52040291,-4.38426685,-0.13345812,-0.00937640,-0.00976801,0.31311858,
7510,-0.81610942,0.33256334,6.87919235,6.00000000,-0.00322266,-0.00483398,0.01361339,0.07118965,-0.01015435,0.13531746,0.01150183,-0.00257188,0.03304275,-0.03643406,0.01184395,4.32143545,-4.31270885,0.07118452,-0.00983067,-0.00976801,0.31814849,
7518,-0.33487487,-0.18219002,7.66449070,6.00000000,0.03061523,-0.07734375,0.02227341,0.20588642,-0.05825083,0.13531746,0.01150183,0.06326812,0.06666257,-0.05408884,0.01184395,4.24114990,-4.45582581,0.20588732,-0.00914055,-0.00976801,0.33019224,
7526,0.37859723,0.43790823,9.48408413,6.00000000,0.09023438,-0.10151367,0.04905289,0.25731370,-0.04479447,0.13531746,0.01150183,0.02571866,0.07506296,-0.07117009,0.01184395,4.41917372,-4.50644016,0.25731489,-0.00760274,-0.00976801,0.34220877,
7534,1.14713597,-0.41682178,11.96447659,6.00000000,0.11440430,-0.11762695,0.02520450,0.06359547,-0.03040550,0.13531746,0.01150183,0.00874411,0.04157649,-0.04226350,0.01184395,4.60068798,-4.63035822,0.06358930,-0.00618489,-0.00976801,0.33923560,
7542,1.64991832,-0.10796976,12.87906170,6.00000000,0.08378907,-0.07734375,-0.05580010,-0.12479351,0.00916418,0.13531746,0.01150183,-0.03600594,0.00423430,-0.01605387,0.01184395,4.80140066,-4.67922783,-0.12479455,-0.00563930,-0.00976801,0.33462518,
7549,0.12960024,-0.49822465,11.92616940,5.00000000,0.01772461,-0.03222656,-0.00623808,-0.23830649,0.03287935,0.13531746,0.01150183,-0.08127168,-0.02344827,0.00058001,0.01184395,4.85725117,-4.58148909,-0.23830378,-0.00666812,-0.00976801,0.32487732,
7558,-0.16967496,-0.23007405,9.14650154,6.00000000,-0.02416992,-0.01611328,-0.08977405,-0.17821923,0.04100645,0.13531746,0.01150183,-0.02417557,-0.00952081,0.00028604,0.01184395,4.65479326,-4.57276249,-0.17822126,-0.00847200,-0.00976801,0.32157785,
7566,-0.88793546,0.69408780,7.65970230,6.00000000,-0.02094727,-0.00805664,-0.00277407,-0.00128815,0.03594366,0.13531746,0.01150183,0.00977325,0.02328541,-0.02398105,0.01184395,4.44011736,-4.47327852,-0.00129315,-0.00958894,-0.00976801,0.32301679,
7574,-0.71794713,-0.07923934,7.69082689,6.00000000,0.02416992,-0.03383789,0.00988290,0.16618353,0.02182115,0.13531746,0.01150183,0.06275342,0.05924851,-0.04692187,0.01184395,4.26034880,-4.47327852,0.16618304,-0.00938696,-0.00976801,0.32864228,
7582,0.18706109,-0.05769153,8.65569019,6.00000000,0.09345703,-0.07089844,0.03932701,0.18963224,-0.01774853,0.13531746,0.01150183,0.05503836,0.06547977,-0.05488262,0.01184395,4.37030411,-4.55705500,0.18963411,-0.00813721,-0.00976801,0.33736524,
7590,0.82631296,-0.73525059,11.06425667,6.00000000,0.10473633,-0.09023438,0.01627801,0.11369041,-0.02081285,0.13531746,0.01150183,0.00000010,0.04876750,-0.05137292,0.01184395,4.60766935,-4.60766935,0.11368786,-0.00675635,-0.00976801,0.34229836,
7598,0.70420867,-0.01938430,12.72822666,6.00000000,0.07089844,-0.09990235,-0.01449841,-0.06390683,-0.04186339,0.13531746,0.01150183,-0.02108934,0.01701246,-0.02513174,0.01184395,4.83630753,-4.76474905,-0.06391022,-0.00618740,-0.00976801,0.34340483,
7606,0.45042327,-0.16064219,12.16558933,6.00000000,0.02578125,-0.06928711,0.01014937,-0.18261585,0.01982268,0.13531746,0.01150183,-0.01748853,-0.00522409,-0.00241975,0.01184395,4.81361771,-4.75427675,-0.18261375,-0.00681262,-0.00976801,0.33359665,
7614,-0.39951834,0.47382125,10.77216434,6.00000000,-0.00644531,-0.02578125,-0.03781388,-0.20792979,0.05885943,0.13531746,0.01150183,-0.00514326,-0.01128653,0.00645921,0.01184395,4.69319010,-4.67573690,-0.20792869,-0.00806871,-0.00976801,0.32454878,
7621,-0.34445170,-0.49343625,8.37556839,5.00000000,-0.00805664,0.00644531,-0.06832384,-0.13971543,0.03287935,0.13531746,0.01150183,-0.03137674,-0.00478369,-0.00604650,0.01184395,4.65828371,-4.55181837,-0.13971913,-0.00941329,-0.00976801,0.32373655,
7630,0.03143798,0.29186192,6.71159840,6.00000000,0.00483398,-0.00161133,-0.02036058,0.04907326,0.02675071,0.13531746,0.01150183,0.00822993,0.03065860,-0.03157786,0.01184395,4.41742849,-4.44535351,0.04906726,-0.01052761,-0.00976801,0.32483318,
7638,-0.37557632,-0.35217834,8.43781757,6.00000000,0.04672851,-0.04672851,0.05265014,0.17284510,-0.01668268,0.13531746,0.01150183,0.04269257,0.05874175,-0.05113541,0.01184395,4.40346575,-4.54832792,0.17284536,-0.00983248,-0.00976801,0.33703381,
7646,0.65153623,0.23918949,10.00123119,6.00000000,0.07734375,-0.09990235,0.07543268,0.16898137,-0.03946522,0.13531746,0.01150183,0.04989407,0.06161506,-0.05230518,0.01184395,4.50644016,-4.67573690,0.16898057,-0.00884476,-0.00976801,0.34510502,
7654,1.39852715,-0.26359287,11.85194969,5.00000000,0.07734375,-0.10634766,0.03413099,-0.01274604,0.01875683,0.13531746,0.01150183,0.06892599,0.03421295,-0.02094792,0.01184395,4.59894276,-4.83281660,-0.01274940,-0.00744696,-0.00976801,0.34097695,
7662,1.24050987,-0.02896111,12.56781578,6.00000000,0.04995117,-0.05156250,-0.00783684,-0.14238003,0.01689159,0.13531746,0.01150183,0.00925812,0.00306760,-0.00429194,0.01184395,4.71587992,-4.74729538,-0.14237951,-0.00794274,-0.00976801,0.33271760,
7670,0.12720604,0.00934612,11.09298706,6.00000000,0.01611328,-0.01450195,-0.06485981,-0.20073530,0.04620247,0.13531746,0.01150183,-0.02366093,-0.01401218,0.00482060,0.01184395,4.68970013,-4.60941458,-0.20073211,-0.00909864,-0.00976801,0.32253978,
7678,-0.02602286,-0.26838127,8.63653660,6.00000000,-0.00322266,0.01127930,-0.03768065,-0.14877513,0.04007383,0.13531746,0.01150183,-0.03960638,-0.01055291,-0.00226715,0.01184395,4.55181837,-4.41742849,-0.14877766,-0.01066033,-0.00976801,0.31434882,
7686,-0.60781389,0.12905620,7.63336611,6.00000000,-0.01289062,0.00000000,0.01228107,0.02322640,0.01236173,0.13531746,0.01150183,-0.00051460,0.02359655,-0.02667455,0.01184395,4.44186306,-4.44011736,0.02322212,-0.01155793,-0.00976801,0.32365537,
7693,-0.10981993,-0.08402774,7.20719814,5.00000000,0.01772461,-0.06123047,0.04985228,0.13767204,-0.01268574,0.13531746,0.01150183,0.04732221,0.04921311,-0.04064442,0.01184395,4.24987650,-4.41044712,0.13767245,-0.01124630,-0.00976801,0.32391796,
7702,-0.18643437,0.15539242,9.62294769,6.00000000,0.06123047,-0.07412110,0.06943727,0.23266593,-0.00309309,0.13531746,0.01150183,0.06172459,0.07251214,-0.06023178,0.01184395,4.44709921,-4.65653801,0.23266467,-0.01001104,-0.00976801,0.34687501,
7710,0.37141463,-0.29711169,11.23903370,6.00000000,0.11118164,-0.10151367,0.06024432,0.12448215,0.02088853,0.13531746,0.01150183,0.08281448,0.05861866,-0.04166511,0.01184395,4.47327852,-4.75427675,0.12447892,-0.00816934,-0.00976801,0.34352362,
7718,0.63477683,-0.13430598,12.73780346,6.00000000,0.09345703,-0.06606445,-0.01463164,-0.09894665,0.02581809,0.13531746,0.01150183,0.04115028,0.01605919,-0.00961546,0.01184395,4.72286129,-4.86248732,-0.09894941,-0.00750824,-0.00976801,0.34029502,
7726,0.53900874,-1.01537216,11.92856407,6.00000000,0.03061523,-0.00966797,-0.00970209,-0.22511664,0.03700951,0.13531746,0.01150183,-0.04269331,-0.01803046,0.00428372,0.01184395,4.86248732,-4.71762466,-0.22511464,-0.00836405,-0.00976801,0.33095825,
7734,-0.09066631,0.57437772,10.20473862,6.00000000,-0.01289062,0.00322266,-0.02768830,-0.22738156,0.04167261,0.13531746,0.01150183,0.01028762,-0.01657664,0.01530164,0.01184395,4.59719706,-4.63210392,-0.22737981,-0.01004522,-0.00976801,0.31807712,
7742,-0.18643437,0.39002419,8.14333057,6.00000000,-0.03544922,0.00644531,-0.03994559,-0.11027131,-0.01468421,0.13531746,0.01150183,-0.00668693,-0.00197032,-0.00297970,0.01184395,4.44186306,-4.41917372,-0.11027677,-0.01186426,-0.00976801,0.31321752,
7750,-0.82568622,0.31819814,7.19283295,6.00000000,0.00000000,-0.00966797,0.07290128,0.10409776,0.03461134,0.13531746,0.01150183,0.05143768,0.04218676,-0.03276596,0.01184395,4.25162220,-4.42615509,0.10409364,-0.01232483,-0.00976801,0.32211623,
7758,0.18227269,-0.39287975,7.52562666,6.00000000,0.05639648,-0.04672851,0.03413099,0.19123098,-0.02480979,0.13531746,0.01150183,0.03034784,0.05683563,-0.05211292,0.01184395,4.30398226,-4.40695620,0.19123316,-0.01154055,-0.00976801,0.32963589,
7765,0.75448692,-0.29232329,9.61576462,5.00000000,0.08217774,-0.08217774,0.05531476,0.23359853,-0.00549125,0.13531746,0.01150183,-0.00411500,0.06338688,-0.06665287,0.01184395,4.49771357,-4.48375082,0.23359820,-0.01058286,-0.00976801,0.34251392,
7774,1.63315892,0.00695192,12.22783852,6.00000000,0.08378907,-0.11118164,0.02866852,-0.00168784,0.01342758,0.13531746,0.01150183,0.05812415,0.03138914,-0.02066923,0.01184395,4.54483747,-4.74205971,-0.00169304,-0.00938931,-0.00976801,0.33652726,
7782,1.67146611,0.43551403,12.40740395,6.00000000,0.05156250,-0.05800781,0.07276805,-0.13238770,0.04566954,0.13531746,0.01150183,0.09104440,0.00992348,0.00815013,0.01184395,4.46978855,-4.77871132,-0.13238677,-0.01036048,-0.00976801,0.32566008,
7790,-0.29896185,-0.40006238,11.45930004,6.00000000,0.03222656,-0.01127930,-0.02089352,-0.20939535,0.08510599,0.13531746,0.01150183,0.01697518,-0.01446986,0.01480949,0.01184395,4.57101727,-4.62861347,-0.20939481,-0.01132177,-0.00976801,0.31830555,
7798,-0.51922840,0.22721848,8.72033310,6.00000000,0.00000000,0.02255859,-0.08604360,-0.16822690,0.07431426,0.13531746,0.01150183,0.01337396,-0.01165417,0.01124838,0.01184395,4.37728596,-4.42266417,-0.16823047,-0.01269145,-0.00976801,0.30680153,
7806,-0.53838205,0.17454603,7.13058376,6.00000000,-0.01772461,0.03222656,-0.05246932,0.02149440,0.00436786,0.13531746,0.01150183,-0.00051441,0.01843631,-0.02155156,0.01184395,4.27256584,-4.27082062,0.02148828,-0.01361097,-0.00976801,0.31125560,
7814,-0.60302550,0.17454603,7.25987053,6.00000000,0.01127930,-0.02578125,0.07569914,0.20029071,-0.01441775,0.13531746,0.01150183,0.04629372,0.05632595,-0.04783494,0.01184395,4.10675955,-4.26383924,0.20029102,-0.01301169,-0.00976801,0.31795529,
7822,0.24931033,0.22003587,9.35719109,6.00000000,0.07734375,-0.09184571,0.08395948,0.26584050,-0.07197364,0.13531746,0.01150183,0.07509882,0.07582502,-0.06030900,0.01184395,4.22893286,-4.48375082,0.26584101,-0.01145751,-0.00976801,0.33510819,
7830,1.16868377,-0.46470582,10.93975830,6.00000000,0.12084961,-0.11440430,0.04545565,0.14633207,-0.00535802,0.13531746,0.01150183,0.00823013,0.05030541,-0.05091306,0.01184395,4.48898697,-4.51691198,0.14632931,-0.00972838,-0.00976801,0.33707276,
7837,0.93165779,0.26313150,13.08496284,5.00000000,0.07573242,-0.08862305,-0.01396549,-0.07589764,-0.00109462,0.13531746,0.01150183,0.02366138,0.01479879,-0.01243401,0.01184395,4.63035822,-4.71064377,-0.07590233,-0.00891081,-0.00976801,0.33310840,
7846,1.17347217,-0.10078716,12.07939816,6.00000000,0.02416992,-0.02416992,-0.00517223,-0.22311816,0.02461901,0.13531746,0.01150183,0.01903186,-0.01472747,0.01553370,0.01184395,4.55007362,-4.61465025,-0.22311629,-0.00974646,-0.00976801,0.31604534,
7854,0.42648125,-0.02417270,9.95334721,6.00000000,-0.02094727,0.02416992,-0.07964849,-0.20886242,0.04646893,0.13531746,0.01150183,0.00308665,-0.01804127,0.01509755,0.01184395,4.46804285,-4.47851515,-0.20886192,-0.01171426,-0.00976801,0.30917028,
7862,-0.45937338,0.20567065,7.74828768,6.00000000,-0.01933594,0.01611328,-0.05646626,-0.03339688,0.02168792,0.13531746,0.01150183,-0.02931947,0.00565249,-0.01573017,0.01184395,4.33190727,-4.23242331,-0.03340210,-0.01326365,-0.00976801,0.30803528,
7870,-0.77540797,0.09793159,7.03002691,6.00000000,0.01289062,-0.03222656,-0.01822890,0.16112074,-0.02174547,0.13531746,0.01150183,-0.03754929,0.03808152,-0.04950763,0.01184395,4.19926214,-4.07185316,0.16111842,-0.01345970,-0.00976801,0.31150904,
7878,-0.14333874,0.37805319,8.33486652,6.00000000,0.05317383,-0.06767578,0.08635764,0.27276853,-0.07303950,0.13531746,0.01150183,0.07201201,0.07441677,-0.05961754,0.01184395,4.10501432,-4.34936047,0.27277216,-0.01202701,-0.00976801,0.32624704,
7886,1.33388364,-0.22528565,10.38190937,6.00000000,0.09184571,-0.09506836,0.07703145,0.18350360,-0.10061836,0.13531746,0.01150183,0.03960664,0.05712957,-0.05023879,0.01184395,4.28827381,-4.42266417,0.18350163,-0.01110650,-0.00976801,0.32907531,
7894,1.62597632,-0.23246825,11.71547985,6.00000000,0.08217774,-0.10312500,0.05158429,0.03774861,-0.00642387,0.13531746,0.01150183,-0.02263257,0.02615524,-0.03438749,0.01184395,4.52563858,-4.44884396,0.03774510,-0.01013221,-0.00976801,0.32806149,
7902,0.23255092,0.05483595,12.73301506,6.00000000,0.05317383,-0.08056641,-0.06206196,-0.13278738,0.01622544,0.13531746,0.01150183,-0.02366128,-0.00305931,-0.00593521,0.01184395,4.66177464,-4.58148909,-0.13278779,-0.00987338,-0.00976801,0.32544118,
7909,0.08889882,0.20088226,11.62450027,5.00000000,0.01127930,-0.02255859,-0.04887206,-0.20366639,0.05912590,0.13531746,0.01150183,-0.01028732,-0.01586192,0.00979043,0.01184395,4.63734007,-4.60243368,-0.20366342,-0.01092542,-0.00976801,0.32017624,
7918,-0.07869530,-0.25641027,8.97411919,6.00000000,-0.01450195,0.01933594,-0.04007881,-0.13172153,0.05686097,0.13531746,0.01150183,-0.00514336,-0.00690276,0.00224132,0.01184395,4.41219234,-4.39473915,-0.13172323,-0.01250674,-0.00976801,0.30970126,
7926,-0.41627774,-0.44794640,6.83370256,6.00000000,-0.01772461,0.01450195,-0.09497007,0.08024938,-0.01055404,0.13531746,0.01150183,0.04217798,0.03405131,-0.02690707,0.01184395,4.17133713,-4.31445408,0.08024411,-0.01345663,-0.00976801,0.31342763,
7934,-0.85681087,0.10032579,8.02840900,6.00000000,0.04511719,-0.05156250,0.01747709,0.21601203,-0.03320336,0.13531746,0.01150183,0.01285954,0.05623236,-0.05557641,0.01184395,4.18529940,-4.22893286,0.21601325,-0.01247925,-0.00976801,0.32067686,
7942,0.16790748,0.25834310,9.69237900,6.00000000,0.09184571,-0.09829102,0.02627035,0.24026009,-0.05252189,0.13531746,0.01150183,0.08487134,0.07313408,-0.05537974,0.01184395,4.19751692,-4.48549604,0.24026009,-0.01075486,-0.00976801,0.33217803,
7950,1.28599966,0.00934612,11.83997822,6.00000000,0.10151367,-0.09345703,0.02613712,0.03921415,-0.09089249,0.13531746,0.01150183,0.02880488,0.03398849,-0.03006705,0.01184395,4.50294924,-4.60068798,0.03921102,-0.00960826,-0.00976801,0.33284956,
7958,1.66188931,-0.29471749,12.49598980,6.00000000,0.04995117,-0.05317383,0.00455366,-0.10560822,-0.00455864,0.13531746,0.01150183,-0.05298041,-0.00303388,-0.01280600,0.01184395,4.65304804,-4.47327852,-0.10560973,-0.01042486,-0.00976801,0.32317269,
7966,0.17269588,0.18651704,11.66998959,6.00000000,0.00161133,-0.02416992,-0.07578478,-0.17275676,0.00263585,0.13531746,0.01150183,-0.04063557,-0.01557025,0.00242458,0.01184395,4.58148909,-4.44360828,-0.17275447,-0.01127623,-0.00976801,0.31463507,
7974,0.00749596,-0.07684514,9.35000896,6.00000000,-0.01127930,-0.01127930,-0.06605888,-0.12972307,0.01729129,0.13531746,0.01150183,-0.05349454,-0.01230180,-0.00376701,0.01184395,4.49945879,-4.31794453,-0.12972501,-0.01258422,-0.00976801,0.31022584,
7981,-0.55514145,0.34214017,7.43704128,5.00000000,-0.00805664,-0.01289062,-0.03621510,0.00031063,0.04433723,0.13531746,0.01150183,0.01646014,0.01773603,-0.01690018,0.01184395,4.26558447,-4.32143545,0.00030690,-0.01297233,-0.00976801,0.31130168,
7990,-0.22234741,0.02131713,7.04439211,6.00000000,0.02255859,-0.02416992,-0.01969443,0.17431065,-0.03027227,0.13531746,0.01150183,0.02006044,0.04859404,-0.04637320,0.01184395,4.18006372,-4.24813128,0.17430973,-0.01290217,-0.00732601,0.31815955,
7998,0.19424370,0.13384461,9.53915024,6.00000000,0.05478515,-0.06928711,-0.00050914,0.24172565,-0.01201959,0.13531746,0.01150183,0.03960678,0.06592432,-0.05886218,0.01184395,4.22369671,-4.35808706,0.24172585,-0.01157182,-0.00732601,0.32861477,
8006,1.09446359,0.33974597,11.02355576,6.00000000,0.09990235,-0.10795899,0.05371598,0.16671646,-0.03586798,0.13531746,0.01150183,0.05658117,0.05764835,-0.04678496,0.01184395,4.28478336,-4.47676945,0.16671360,-0.00991453,-0.00732601,0.32969302,
8014,0.58210438,-0.45273480,12.97961807,6.00000000,0.09829102,-0.10312500,0.00535304,-0.01274604,-0.02707472,0.13531746,0.01150183,0.02571856,0.02496272,-0.02191774,0.01184395,4.51342154,-4.60068798,-0.01275092,-0.00880270,-0.00732601,0.32946205,
8022,0.62280577,-0.00262489,11.68196106,6.00000000,0.04995117,-0.05800781,-0.02062704,-0.14091447,-0.00775619,0.13531746,0.01150183,-0.01697434,-0.00293205,-0.00449787,0.01184395,4.62861347,-4.57101727,-0.14091311,-0.00910709,-0.00976801,0.32327041,
8030,-0.50486320,-0.33541891,10.53513813,6.00000000,0.00322266,-0.01127930,-0.06992260,-0.17568785,0.03088087,0.13531746,0.01150183,-0.05658117,-0.01610507,-0.00079346,0.01184395,4.61116028,-4.41917372,-0.17568615,-0.00994920,-0.00976801,0.31461236,
8038,0.14635965,0.00455772,7.37958050,6.00000000,-0.02416992,0.00966797,-0.08977405,-0.07216717,0.02701717,0.13531746,0.01150183,-0.06326805,-0.00136298,-0.01681785,0.01184395,4.51167631,-4.29700041,-0.07217138,-0.01138492,-0.00976801,0.31408206,
8046,-0.69879353,0.25116050,7.35324430,6.00000000,-0.00644531,-0.02900391,-0.02222583,0.10742855,-0.01974700,0.13531746,0.01150183,-0.00051433,0.03736311,-0.04018321,0.01184395,4.30921793,-4.30747271,0.10742553,-0.01155968,-0.00976801,0.32014337,
8053,-0.12179093,-0.07205673,8.71554470,5.00000000,0.05156250,-0.07412110,-0.00344022,0.22427234,-0.04186339,0.13531746,0.01150183,0.04680762,0.06620726,-0.05748382,0.01184395,4.28478336,-4.44360828,0.22427323,-0.01060015,-0.00976801,0.33266401,
8062,0.46000007,-0.07684514,10.78892422,6.00000000,0.09345703,-0.09829102,0.07316774,0.15992165,-0.04093077,0.13531746,0.01150183,0.07252663,0.06213814,-0.04751646,0.01184395,4.44186306,-4.68795443,0.15991901,-0.00898645,-0.00976801,0.34255004,
8070,1.76005161,0.16736344,11.88068008,6.00000000,0.08540039,-0.07573242,0.03053375,-0.03939228,-0.03546828,0.13531746,0.01150183,0.05195202,0.02585706,-0.01668895,0.01184395,4.56403589,-4.74031448,-0.03939436,-0.00798951,-0.00976801,0.33442655,
8078,1.22853887,-0.07684514,12.07221603,6.00000000,0.03222656,-0.02739258,-0.02555662,-0.17995125,0.01715806,0.13531746,0.01150183,-0.03086141,-0.01050327,-0.00031715,0.01184395,4.69668102,-4.59196138,-0.17994952,-0.00864004,-0.00976801,0.32366699,
8086,0.43366387,-0.00741329,10.12572956,6.00000000,-0.00644531,-0.00322266,-0.08417834,-0.17835248,0.04034029,0.13531746,0.01150183,-0.03806310,-0.01429811,0.00175741,0.01184395,4.63035822,-4.50120401,-0.17835142,-0.01029913,-0.00976801,0.31808862,
8094,-0.50725740,0.10511419,7.97813082,6.00000000,-0.00966797,-0.00805664,-0.13560563,-0.11320239,0.01142911,0.13531746,0.01150183,-0.05555222,-0.00853682,-0.00795282,0.01184395,4.50818539,-4.31968975,-0.11320650,-0.01162777,-0.00732601,0.31180298,
8102,-0.93103111,0.09074898,7.33169651,6.00000000,-0.00322266,-0.02416992,-0.02608953,0.07718506,-0.00082816,0.13531746,0.01150183,0.00154306,0.03217034,-0.03460440,0.01184395,4.40172052,-4.40695620,0.07718103,-0.01203364,-0.00732601,0.32491013,
8110,-0.24868362,-0.26598707,7.85123825,6.00000000,0.03706055,-0.04511719,0.03133314,0.17058015,-0.04186339,0.13531746,0.01150183,0.01954611,0.05270518,-0.05059373,0.01184395,4.38950300,-4.45582581,0.17058149,-0.01145579,-0.00976801,0.33301035,
8118,1.03700268,0.18172865,10.02277946,6.00000000,0.06284180,-0.07734375,0.06024432,0.18363681,-0.04359539,0.13531746,0.01150183,0.01800308,0.05770574,-0.05589784,0.01184395,4.47327852,-4.53436518,0.18363644,-0.01012395,-0.00976801,0.33984068,
8125,1.48471844,-0.40006238,12.00517845,5.00000000,0.09345703,-0.10473633,0.04598857,0.08158169,-0.00722326,0.13531746,0.01150183,0.06481109,0.04652639,-0.03397525,0.01184395,4.48724174,-4.70715332,0.08157761,-0.00957697,-0.00976801,0.33921120,
8134,0.11523504,0.27031410,12.84793758,6.00000000,0.08056641,-0.06767578,-0.05193640,-0.09974604,0.00343524,0.13531746,0.01150183,0.02417578,0.01054695,-0.00813426,0.01184395,4.66701031,-4.74904108,-0.09974828,-0.00892463,-0.00732601,0.33410013,
8142,0.06256260,-0.71130860,10.99961376,6.00000000,0.02578125,-0.03544922,-0.06286136,-0.22325140,0.03834182,0.13531746,0.01150183,-0.04372167,-0.02095263,0.00694828,0.01184395,4.78743792,-4.63908482,-0.22324955,-0.00968831,-0.00732601,0.32552588,
8150,-0.06672429,0.05962436,9.71392727,6.00000000,-0.02255859,0.00805664,-0.08817529,-0.16289765,0.06645361,0.13531746,0.01150183,-0.03240548,-0.01204358,0.00086870,0.01184395,4.65479326,-4.54483747,-0.16289781,-0.01146181,-0.00976801,0.32167652,
8158,-0.34205750,0.34214017,7.90151644,6.00000000,-0.02255859,0.01289062,-0.01503133,-0.00768325,-0.01974700,0.13531746,0.01150183,-0.01697429,0.01402175,-0.02109510,0.01184395,4.41742849,-4.35983229,-0.00768745,-0.01255628,-0.00976801,0.31761831,
8166,-0.37078792,-0.45752320,7.17607355,6.00000000,0.01450195,-0.03061523,0.00974967,0.14686500,-0.03626767,0.13531746,0.01150183,0.01285935,0.04461482,-0.04417025,0.01184395,4.26209402,-4.30572701,0.14686401,-0.01243247,-0.00976801,0.32123113,
8174,-0.16967496,0.45466763,8.40190506,6.00000000,0.06606445,-0.08056641,0.02720297,0.20961690,-0.07970105,0.13531746,0.01150183,0.04783656,0.06364030,-0.05472523,0.01184395,4.33365250,-4.49596834,0.20961925,-0.01103995,-0.00976801,0.33527118,
8182,0.89574480,-0.09360455,11.26536942,6.00000000,0.09184571,-0.10312500,-0.00037590,0.12195075,-0.03813291,0.13531746,0.01150183,-0.02623268,0.04351336,-0.05232654,0.01184395,4.67224646,-4.58323479,0.12194858,-0.00954278,-0.00976801,0.34435248,
8190,1.35782576,0.33016914,12.44571114,6.00000000,0.06606445,-0.09184571,-0.04127788,-0.05124986,0.01475990,0.13531746,0.01150183,0.02520417,0.01953987,-0.01674651,0.01184395,4.73158789,-4.81710863,-0.05125268,-0.00972670,-0.00976801,0.34242439,
8197,0.96038824,-0.02417270,12.69949627,5.00000000,0.02900391,-0.02900391,-0.06765767,-0.18021771,0.00876449,0.13531746,0.01150183,-0.01491664,-0.00943971,0.00235725,0.01184395,4.81012774,-4.75951290,-0.18021536,-0.01036941,-0.00976801,0.33383387,
8206,0.24452193,-0.18219002,10.16643143,6.00000000,-0.01450195,0.00644531,-0.09070668,-0.19180882,0.06845208,0.13531746,0.01150183,-0.03034776,-0.01799999,0.00721594,0.01184395,4.61639595,-4.51342154,-0.19180758,-0.01184303,-0.00976801,0.31704989,
8214,-0.56232405,-0.17021900,8.27022362,6.00000000,-0.02094727,0.00966797,-0.06872352,-0.07922842,0.00983034,0.13531746,0.01150183,-0.00205766,0.00280807,-0.00658869,0.01184395,4.46455240,-4.45757103,-0.07923227,-0.01313450,-0.00976801,0.31768262,
8222,-0.48570958,0.59592551,7.20480394,6.00000000,0.01127930,-0.02900391,0.02120756,0.07132287,-0.00882204,0.13531746,0.01150183,0.01285947,0.03017552,-0.02997779,0.01184395,4.32318068,-4.36681366,0.07132003,-0.01344199,-0.00976801,0.32018292,
8230,-0.54556465,-0.06966253,8.46175957,6.00000000,0.03706055,-0.04995117,0.00761797,0.20775166,-0.01441775,0.13531746,0.01150183,0.02314680,0.05811765,-0.05506007,0.01184395,4.37554026,-4.45408010,0.20775196,-0.01266168,-0.00976801,0.33513579,
8238,0.37380883,0.01652873,10.11375904,6.00000000,0.07250977,-0.08378907,0.01561185,0.19016513,-0.02707472,0.13531746,0.01150183,-0.00668672,0.05477277,-0.05878623,0.01184395,4.52389383,-4.50120401,0.19016433,-0.01105786,-0.00976801,0.34094670,
8246,1.74329221,-0.64905936,11.75139236,6.00000000,0.07250977,-0.09345703,-0.02728861,0.01829685,0.01169557,0.13531746,0.01150183,0.01954627,0.02942842,-0.02776177,0.01184395,4.59370661,-4.66002893,0.01829369,-0.00999295,-0.00976801,0.33677420,
8254,1.20220256,0.09793159,12.05545616,6.00000000,0.05156250,-0.05478515,-0.02755509,-0.13238770,0.01742452,0.13531746,0.01150183,-0.01234461,-0.00224835,-0.00408556,0.01184395,4.68795443,-4.64606667,-0.13238792,-0.01068254,-0.00976801,0.32876015,
8262,-0.52401680,-0.42400438,11.55027962,6.00000000,0.00966797,-0.02255859,-0.06139580,-0.16476288,0.04900033,0.13531746,0.01150183,0.00308631,-0.00724055,0.00444080,0.01184395,4.64955711,-4.66002893,-0.16476035,-0.01124409,-0.00976801,0.32552734,
8269,-0.39951834,0.20806487,9.29254723,5.00000000,0.00000000,-0.00644531,-0.06619214,-0.13984865,0.06112437,0.13531746,0.01150183,-0.01954609,-0.00825307,0.00017200,0.01184395,4.56229067,-4.49596834,-0.13985035,-0.01224720,-0.00976801,0.31822276,
8278,-0.27741405,0.00216352,7.31733131,6.00000000,-0.00322266,-0.00161133,-0.06752446,0.02695688,0.03834182,0.13531746,0.01150183,-0.00771536,0.02029070,-0.02508073,0.01184395,4.37204981,-4.34587002,0.02695222,-0.01311547,-0.00976801,0.31797868,
8286,-0.19840539,-0.07684514,7.56632805,6.00000000,0.01450195,-0.02739258,-0.03195172,0.15872258,-0.00655710,0.13531746,0.01150183,0.00874430,0.04567929,-0.04617519,0.01184395,4.26209402,-4.29176474,0.15872264,-0.01280843,-0.00976801,0.32158479,
8294,0.53661454,0.18172865,9.48408413,6.00000000,0.06767578,-0.07895508,0.03852763,0.22920191,-0.03853260,0.13531746,0.01150183,0.03343447,0.06381939,-0.05825264,0.01184395,4.28303766,-4.39648438,0.22920240,-0.01161590,-0.00976801,0.33124983,
8302,0.15354227,-0.70652020,11.90222740,6.00000000,0.11279297,-0.11601563,0.06157663,0.13913758,-0.02560917,0.13531746,0.01150183,0.02366102,0.05081283,-0.04780133,0.01184395,4.46978855,-4.55007362,0.13913214,-0.00979202,-0.00976801,0.33705705,
8310,0.66829562,-0.04093211,12.30684757,6.00000000,0.07734375,-0.09829102,0.00375427,-0.07136779,-0.00828911,0.13531746,0.01150183,0.02263235,0.01503452,-0.01289878,0.01184395,4.59021616,-4.66701031,-0.07137053,-0.00889478,-0.00976801,0.33040005,
8318,0.84786075,-0.62511730,11.54070282,6.00000000,0.02255859,-0.03706055,-0.03661481,-0.17115799,0.05659450,0.13531746,0.01150183,-0.08795743,-0.01767533,-0.00661521,0.01184395,4.78569317,-4.48724174,-0.17115611,-0.01002283,-0.00976801,0.32373506,
8326,-0.24150102,-0.27795810,9.57266903,6.00000000,-0.01772461,-0.00483398,-0.13080928,-0.13745049,0.07711212,0.13531746,0.01150183,-0.03549201,-0.00888249,-0.00293976,0.01184395,4.53436518,-4.41393757,-0.13745081,-0.01120052,-0.00976801,0.31441078,
8334,-0.03799387,0.44030243,7.45380068,6.00000000,-0.01450195,-0.00483398,-0.04194403,0.00057709,0.02381962,0.13531746,0.01150183,-0.01748828,0.01470125,-0.02186694,0.01184395,4.31794453,-4.25860357,0.00057141,-0.01226235,-0.00976801,0.31094125,
8341,-0.70358193,-0.44794640,7.58787584,5.00000000,0.02739258,-0.04833984,0.01547861,0.17937341,0.03700951,0.13531746,0.01150183,0.03703482,0.05454659,-0.04828298,0.01184395,4.21671581,-4.34237909,0.17937267,-0.01156534,-0.00976801,0.32327169,
8350,-0.00686925,0.31819814,9.12495327,6.00000000,0.07250977,-0.08217774,0.07729791,0.20282212,-0.03959846,0.13531746,0.01150183,0.09927437,0.06905212,-0.04800317,0.01184395,4.18006372,-4.51691198,0.20282394,-0.01007837,-0.00976801,0.32997012,
8358,1.57090962,-0.62751150,10.48007202,6.00000000,0.09184571,-0.08056641,0.03479715,0.10329838,-0.02907319,0.13531746,0.01150183,0.03291985,0.04505651,-0.03997010,0.01184395,4.42615509,-4.53785610,0.10329763,-0.00979575,-0.00976801,0.33243445,
8366,1.25966346,0.08835478,12.09376335,6.00000000,0.06928711,-0.06284180,-0.00317375,-0.01207988,0.01529282,0.13531746,0.01150183,-0.00771558,0.01967926,-0.02453881,0.01184395,4.53262043,-4.50644016,-0.01208155,-0.00981117,-0.00976801,0.32678998,
8374,0.36183780,-0.34499574,11.89504528,6.00000000,0.04189453,-0.05317383,-0.07405277,-0.09095278,0.00410140,0.13531746,0.01150183,-0.03446329,0.00183728,-0.01325476,0.01184395,4.56578159,-4.44884396,-0.09095216,-0.00994626,-0.00976801,0.32018614,
8382,-0.62217909,-0.04332631,10.23586273,6.00000000,0.01611328,-0.04833984,-0.06952292,-0.09841372,0.05086556,0.13531746,0.01150183,-0.03549195,-0.00060890,-0.01108424,0.01184395,4.56403589,-4.44360828,-0.09841287,-0.01060980,-0.00976801,0.31939211,
8390,-0.78498483,-0.37133196,8.16248417,6.00000000,0.00322266,-0.02578125,-0.02262551,-0.04831878,0.02102176,0.13531746,0.01150183,-0.04269278,0.00584041,-0.01908993,0.01184395,4.50294924,-4.35808706,-0.04832043,-0.01129458,-0.00976801,0.31770927,
8398,0.31395379,0.37565899,7.37958050,6.00000000,0.00000000,-0.02255859,0.00162257,0.06479456,0.01689159,0.13531746,0.01150183,0.04835106,0.03542418,-0.02684413,0.01184395,4.25162220,-4.41568279,0.06479242,-0.01174222,-0.00976801,0.31888723,
8406,-0.11460833,0.05244175,8.92384052,6.00000000,0.04511719,-0.03867187,0.07210190,0.21228155,0.00676602,0.13531746,0.01150183,0.07612729,0.06686348,-0.05126358,0.01184395,4.23765945,-4.49596834,0.21228111,-0.01107180,-0.00976801,0.33198437,
8413,0.29719436,-0.21331464,10.29092979,5.00000000,0.10795899,-0.09506836,0.02493805,0.17031369,0.01102942,0.13531746,0.01150183,0.04217866,0.05759442,-0.05011149,0.01184395,4.29874611,-4.44186306,0.17031255,-0.00939699,-0.00976801,0.32919472,
8422,0.37141463,0.32298654,12.26614666,6.00000000,0.09667969,-0.11118164,0.00068995,0.05426928,0.01742452,0.13531746,0.01150183,0.06944074,0.04371312,-0.03013247,0.01184395,4.44884396,-4.68446350,0.05426493,-0.00816941,-0.00976801,0.33501649,
8430,0.29240596,-0.12472917,12.51035500,6.00000000,0.06445312,-0.06284180,-0.01889504,-0.13105538,0.06165729,0.13531746,0.01150183,-0.01388777,0.00118975,-0.00784170,0.01184395,4.63908482,-4.59196138,-0.13105708,-0.00783203,-0.00976801,0.32512379,
8438,0.58928698,0.11469100,10.00123119,6.00000000,0.00483398,-0.01127930,-0.06605888,-0.18301558,0.05699420,0.13531746,0.01150183,0.00154340,-0.00973212,0.00654155,0.01184395,4.49247742,-4.49771357,-0.18301538,-0.00918288,-0.00976801,0.31262580,
8446,-0.75864857,-0.07923934,8.08347607,6.00000000,-0.00966797,0.01611328,-0.06739121,-0.05564649,0.04167261,0.13531746,0.01150183,-0.02571845,0.00765793,-0.01690650,0.01184395,4.43313646,-4.34587002,-0.05565006,-0.01013168,-0.00976801,0.31420431,
8454,-0.45219076,-0.21331464,7.24789953,6.00000000,0.01933594,-0.03061523,-0.01236672,0.10849440,0.04940002,0.13531746,0.01150183,-0.01903183,0.03633697,-0.04351150,0.01184395,4.31794453,-4.25336742,0.10849220,-0.01067597,-0.00976801,0.31857568,
8462,-0.16728076,0.67014581,8.86637974,6.00000000,0.05639648,-0.08701172,0.05291660,0.21534586,-0.01348513,0.13531746,0.01150183,0.06892657,0.06817991,-0.05425114,0.01184395,4.23416901,-4.46804285,0.21534613,-0.00978725,-0.00976801,0.33106777,
8470,0.49351892,-0.45512900,10.86075020,6.00000000,0.09184571,-0.09345703,0.03253222,0.14246836,0.00609986,0.13531746,0.01150183,0.09361562,0.06148446,-0.04192877,0.01184395,4.32318068,-4.64083052,0.14246652,-0.00827226,-0.00976801,0.33527428,
8478,1.66907191,0.58395451,11.40902233,6.00000000,0.08701172,-0.06928711,0.04478949,-0.00341985,0.04553631,0.13531746,0.01150183,0.02057566,0.02665507,-0.02478483,0.01184395,4.45408010,-4.52389383,-0.00342177,-0.00808303,-0.00976801,0.32520354,
8485,0.37859723,-0.62272310,12.00278378,5.00000000,0.05478515,-0.04511719,-0.10776029,-0.06190836,0.03980736,0.13531746,0.01150183,0.02520439,0.01652349,-0.01374251,0.01184395,4.45931625,-4.54483747,-0.06190811,-0.00822010,-0.00976801,0.32191223,
8494,-0.12179093,0.08356638,10.20713234,6.00000000,0.03706055,-0.04028320,-0.01889504,-0.10254390,0.05313049,0.13531746,0.01150183,-0.03446247,0.00049984,-0.01193269,0.01184395,4.46455240,-4.34761524,-0.10254388,-0.00854668,-0.00976801,0.31200668,
8502,-0.70358193,-0.55807966,8.07389927,6.00000000,0.00483398,-0.03867187,-0.04127788,-0.03579504,0.04113968,0.13531746,0.01150183,-0.00822985,0.01475602,-0.01979827,0.01184395,4.38426685,-4.35634184,-0.03579728,-0.00895473,-0.00976801,0.31425172,
8510,-0.31093287,0.56001252,7.51604986,6.00000000,0.01289062,-0.03222656,0.02560420,0.06506102,0.00703248,0.13531746,0.01150183,0.01954620,0.03572139,-0.03389971,0.01184395,4.29525518,-4.36157751,0.06505962,-0.00908169,-0.00976801,0.31852701,
8518,0.18466689,-0.52456087,8.19600296,6.00000000,0.04511719,-0.05156250,0.05198398,0.14992931,0.00956388,0.13531746,0.01150183,0.00977336,0.05056332,-0.05078070,0.01184395,4.30572701,-4.33888865,0.14993010,-0.00863173,-0.00976801,0.32423723,
8526,0.51027834,-0.53413767,10.45134163,6.00000000,0.08378907,-0.08862305,-0.04434221,0.17870727,0.00663279,0.13531746,0.01150183,0.01954624,0.06030609,-0.05810987,0.01184395,4.47153378,-4.53785610,0.17870598,-0.00747523,-0.00732601,0.33954662,
8534,0.40732765,-0.33063051,12.91258049,6.00000000,0.09345703,-0.11279297,0.03679562,0.01270113,0.01702483,0.13531746,0.01150183,0.01748854,0.03319854,-0.03197771,0.01184395,4.60243368,-4.66177464,0.01269569,-0.00615112,-0.00732601,0.33674797,
8542,0.48873049,-0.36175513,12.20150280,6.00000000,0.05317383,-0.08217774,-0.05433454,-0.11666640,0.03381196,0.13531746,0.01150183,0.04835148,0.01440632,-0.00629825,0.01184395,4.61290503,-4.77696657,-0.11666627,-0.00617528,-0.00976801,0.33192453,
8550,-0.58626604,0.29186192,10.81286621,6.00000000,0.02255859,-0.02900391,-0.02009412,-0.18754542,0.06858531,0.13531746,0.01150183,0.01800367,-0.00338992,0.00410879,0.01184395,4.61465025,-4.67573690,-0.18754447,-0.00670017,-0.00976801,0.32317957,
8557,-0.37318212,-0.09360455,8.12417698,5.00000000,0.00000000,0.00966797,-0.08924114,-0.14411205,0.06192375,0.13531746,0.01150183,0.03652062,0.00269241,0.00250920,0.01184395,4.39997530,-4.52389383,-0.14411637,-0.00803657,-0.00976801,0.31304187,
8566,-0.24628942,0.51691687,7.48013687,6.00000000,0.01289062,0.01450195,-0.05566686,0.01310083,0.00170323,0.13531746,0.01150183,-0.00771543,0.02349679,-0.02826743,0.01184395,4.36506844,-4.33888865,0.01309672,-0.00895551,-0.00976801,0.31646794,
8574,0.33071318,-0.00741329,7.93264103,6.00000000,0.03222656,-0.04995117,0.00921676,0.14579915,-0.01135343,0.13531746,0.01150183,0.00462951,0.04901777,-0.05046579,0.01184395,4.33016205,-4.34587002,0.14579888,-0.00889634,-0.00976801,0.32507658,
8582,-0.19361699,0.18651704,10.22149754,6.00000000,0.06606445,-0.09990235,0.05491506,0.20295534,-0.04705941,0.13531746,0.01150183,-0.00360062,0.06167638,-0.06487179,0.01184395,4.47327852,-4.46106148,0.20295502,-0.00766159,-0.00976801,0.33858410,
8590,1.36500835,-0.05769153,11.31564808,6.00000000,0.08056641,-0.11762695,0.05051844,0.03894769,-0.01961377,0.13531746,0.01150183,0.05606627,0.04094801,-0.03054883,0.01184395,4.42615509,-4.61639595,0.03894477,-0.00664155,-0.00976801,0.33061594,
8598,1.27402866,0.75154865,12.35951996,6.00000000,0.05961914,-0.05317383,0.04239134,-0.10241065,0.03674305,0.13531746,0.01150183,0.03497794,0.01412816,-0.00913723,0.01184395,4.55530930,-4.67399168,-0.10241112,-0.00642778,-0.00976801,0.32713735,
8606,0.68266082,-0.65384775,10.68597317,6.00000000,0.03383789,-0.01127930,-0.06472658,-0.17115799,0.07604627,0.13531746,0.01150183,-0.05863807,-0.01150464,-0.00582701,0.01184395,4.65304804,-4.45408010,-0.17115638,-0.00739177,-0.00976801,0.31772456,
8614,-0.42824876,-0.47907102,8.81131268,6.00000000,-0.00161133,-0.00966797,-0.09949995,-0.10654084,0.08084259,0.13531746,0.01150183,0.00102880,0.00465936,-0.00772445,0.01184395,4.44186306,-4.44535351,-0.10654364,-0.00836526,-0.00976801,0.31443715,
8622,-1.09144258,0.43551403,8.34444427,6.00000000,0.00483398,-0.02578125,-0.00277407,0.00324172,0.02182115,0.13531746,0.01150183,0.01594577,0.02565230,-0.02486045,0.01184395,4.36157751,-4.41568279,0.00324040,-0.00843741,-0.00976801,0.31841058,
8629,-0.61260229,-0.13191178,8.12896538,5.00000000,0.03061523,-0.04028320,0.07636529,0.12141783,0.03660981,0.13531746,0.01150183,0.09721699,0.05625472,-0.03592046,0.01184395,4.20798874,-4.53785610,0.12141742,-0.00866717,-0.00976801,0.32583961,
8638,0.52224934,0.42593721,9.94616508,6.00000000,0.08056641,-0.05639648,0.11513559,0.14353421,-0.00002877,0.13531746,0.01150183,0.02931935,0.05469490,-0.05030518,0.01184395,4.43139076,-4.53087473,0.14353333,-0.00782319,-0.00976801,0.33528835,
8646,1.99468338,-1.06804466,10.91342258,6.00000000,0.09667969,-0.07573242,0.02746943,0.04680833,0.03847506,0.13531746,0.01150183,0.05709562,0.03933480,-0.02869537,0.01184395,4.36506844,-4.55880022,0.04680704,-0.00841190,-0.00976801,0.32688373,
8654,0.30437696,0.51452267,11.52154922,6.00000000,0.05961914,-0.05317383,-0.03821357,-0.09774756,0.02155469,0.13531746,0.01150183,0.02366128,0.00989284,-0.00758535,0.01184395,4.49422264,-4.57450819,-0.09774804,-0.00815684,-0.00732601,0.32165480,
8662,0.02186117,-0.12712337,10.94215298,6.00000000,0.01450195,-0.03061523,-0.06499306,-0.13771695,0.07418103,0.13531746,0.01150183,-0.01234462,-0.00283779,-0.00348757,0.01184395,4.54309177,-4.50120401,-0.13771614,-0.00891623,-0.00732601,0.31787130,
8670,0.24931033,-0.45273480,9.84082031,6.00000000,-0.00644531,-0.01611328,-0.12707880,-0.13931569,0.07804473,0.13531746,0.01150183,-0.01491670,-0.00636334,-0.00059278,0.01184395,4.44011736,-4.38950300,-0.13931520,-0.01011683,-0.00732601,0.30997339,
8678,-0.12418513,0.53367627,8.04756260,6.00000000,0.00000000,0.00483398,-0.01529781,0.00004417,0.04420400,0.13531746,0.01150183,0.00617266,0.01933865,-0.02090395,0.01184395,4.34063387,-4.36157751,0.00004111,-0.01111907,-0.00732601,0.31545815,
8686,-0.34684590,-0.32344791,8.14093685,6.00000000,0.02739258,-0.02094727,0.02587065,0.14526622,-0.02001346,0.13531746,0.01150183,0.05606639,0.05057091,-0.03991365,0.01184395,4.16086483,-4.35110569,0.14526558,-0.01110086,-0.00732601,0.31909069,
8694,0.33789578,0.24876629,9.44817066,6.00000000,0.06767578,-0.07412110,0.06504063,0.19069809,-0.04692617,0.13531746,0.01150183,0.02674737,0.05783843,-0.05394480,0.01184395,4.29176474,-4.38252163,0.19069909,-0.01001269,-0.00732601,0.32826856,
8701,0.68984342,-0.30190009,10.58062840,5.00000000,0.07412110,-0.09990235,0.02267310,0.12341630,-0.00642387,0.13531746,0.01150183,0.06738328,0.05286642,-0.03957047,0.01184395,4.29525518,-4.52389383,0.12341464,-0.00885317,-0.00732601,0.32864171,
8710,0.72815067,0.66535741,12.06024456,6.00000000,0.07734375,-0.07573242,-0.04607422,-0.03246426,0.01635867,0.13531746,0.01150183,-0.01131581,0.01652765,-0.02227878,0.01184395,4.48375082,-4.44535351,-0.03246693,-0.00836542,-0.00732601,0.32132614,
8718,0.46478850,-0.36654353,11.25100422,6.00000000,0.04350586,-0.03222656,-0.05153670,-0.13558525,0.03487781,0.13531746,0.01150183,-0.05195176,-0.00778433,-0.00788170,0.01184395,4.53960133,-4.36332321,-0.13558340,-0.00879206,-0.00732601,0.31290123,
8726,-0.31811547,-0.07923934,9.61337090,6.00000000,0.00644531,-0.01611328,-0.06392721,-0.12732491,0.02808302,0.13531746,0.01150183,-0.04835119,-0.00773840,-0.00706634,0.01184395,4.44709921,-4.28303766,-0.12732568,-0.00969882,-0.00976801,0.30723637,
8734,-0.46895018,0.05244175,8.19600296,6.00000000,-0.00966797,-0.01933594,0.02014171,-0.00781648,-0.03080519,0.13531746,0.01150183,-0.00000002,0.01786393,-0.02089739,0.01184395,4.26907539,-4.26907539,-0.00781954,-0.01022385,-0.00976801,0.30894107,
8742,-0.61978489,0.11229680,7.89912224,6.00000000,0.01772461,-0.04833984,0.05225044,0.14633207,-0.01508390,0.13531746,0.01150183,0.01954626,0.04724289,-0.04518548,0.01184395,4.15213823,-4.21846056,0.14633118,-0.00993981,-0.00732601,0.31404319,
8750,-0.68203413,-0.03374951,9.39549828,6.00000000,0.07089844,-0.06767578,0.03346483,0.20748523,-0.02134577,0.13531746,0.01150183,0.00411499,0.06016383,-0.06153750,0.01184395,4.31096315,-4.32492590,0.20748508,-0.00845762,-0.00732601,0.32809365,
8758,1.13037658,-0.26359287,10.55908012,6.00000000,0.09184571,-0.09829102,-0.03754740,0.12514830,-0.00735649,0.13531746,0.01150183,-0.00977316,0.04630442,-0.05118976,0.01184395,4.38601255,-4.35285091,0.12514684,-0.00719231,-0.00976801,0.32585698,
8766,0.50309569,0.21524747,12.29008865,6.00000000,0.06767578,-0.10151367,0.01814324,-0.03392980,0.01555928,0.13531746,0.01150183,-0.01337362,0.01978213,-0.02598985,0.01184395,4.50993061,-4.46455240,-0.03393248,-0.00614115,-0.00976801,0.32286486,
8773,0.50788414,-0.26838127,11.45930004,5.00000000,0.02739258,-0.06606445,-0.01849534,-0.12412735,0.00769864,0.13531746,0.01150183,0.05092350,0.01054291,-0.00185898,0.01184395,4.42266417,-4.59545183,-0.12412635,-0.00663241,-0.00976801,0.31790751,
8782,-0.17685758,0.26791990,9.84800243,6.00000000,0.01450195,-0.01127930,-0.00250760,-0.14611050,0.02794979,0.13531746,0.01150183,-0.02623317,-0.00626992,-0.00334025,0.01184395,4.37903118,-4.29001951,-0.14611150,-0.00753443,-0.00732601,0.30366001,
8790,-0.64612108,-0.39048555,8.49767303,6.00000000,0.00805664,0.00000000,-0.06539274,-0.01461127,0.01795744,0.13531746,0.01150183,-0.04577948,0.01326901,-0.02709950,0.01184395,4.31794453,-4.16261005,-0.01461390,-0.00823078,-0.00732601,0.30636060,
8798,-0.17685758,0.23440108,7.73392248,6.00000000,0.02094727,-0.03867187,-0.01210024,0.08904264,-0.04292924,0.13531746,0.01150183,-0.03291987,0.03323279,-0.04371060,0.01184395,4.23591423,-4.12421322,0.08904205,-0.00830543,-0.00976801,0.30951014,
8806,0.13678285,-0.46949422,8.57907581,6.00000000,0.03867187,-0.09184571,0.04359042,0.18776700,-0.03666737,0.13531746,0.01150183,0.01748840,0.05899559,-0.05726098,0.01184395,4.22544241,-4.28478336,0.18776828,-0.00761355,-0.00976801,0.32210886,
8814,0.19424370,0.06441276,11.01637268,6.00000000,0.07895508,-0.10473633,0.05851231,0.13833821,-0.03413597,0.13531746,0.01150183,0.04012118,0.05583668,-0.04889031,0.01184395,4.29001951,-4.42615509,0.13833584,-0.00621299,-0.00976801,0.32599068,
8822,1.41289234,-0.06247993,11.92856407,6.00000000,0.08862305,-0.08056641,0.00402074,-0.01474450,0.00037092,0.13531746,0.01150183,0.02263232,0.02819606,-0.02583729,0.01184395,4.43313646,-4.50993061,-0.01474707,-0.00553176,-0.00976801,0.32311699,
8830,0.83349556,-0.06008573,12.00278378,6.00000000,0.05317383,-0.04511719,-0.04660713,-0.12466028,0.02328669,0.13531746,0.01150183,-0.03291968,0.00137705,-0.01247202,0.01184395,4.53611040,-4.42440987,-0.12465929,-0.00578823,-0.00976801,0.31578106,
8838,0.03862058,-0.28753489,9.70435047,6.00000000,0.00805664,-0.04189453,-0.09830085,-0.13958216,0.02475224,0.13531746,0.01150183,-0.04783624,-0.00601807,-0.00865931,0.01184395,4.42964554,-4.26733017,-0.13958225,-0.00677456,-0.00976801,0.30514562,
8845,-0.69400513,0.12187360,8.30853081,5.00000000,-0.01127930,-0.03222656,-0.06459337,-0.03819320,0.02341992,0.13531746,0.01150183,-0.01440263,0.01452307,-0.02101133,0.01184395,4.32318068,-4.27431107,-0.03819623,-0.00768754,-0.00976801,0.30888981,
8854,-0.64372689,0.34214017,7.34127331,6.00000000,0.02094727,-0.03706055,0.04545565,0.07718506,0.01835714,0.13531746,0.01150183,0.02006071,0.03804657,-0.03604789,0.01184395,4.14341164,-4.21147966,0.07718323,-0.00777617,-0.00976801,0.30846062,
8862,0.18227269,-0.31865951,8.75385189,6.00000000,0.06767578,-0.04995117,0.04891966,0.16418508,-0.03733353,0.13531746,0.01150183,0.02520435,0.05556735,-0.05207876,0.01184395,4.16261005,-4.24813128,0.16418546,-0.00723306,-0.00976801,0.31679279,
8870,0.41211605,-0.48625362,10.53034973,6.00000000,0.07895508,-0.09990235,0.03466392,0.16098750,-0.03866583,0.13531746,0.01150183,-0.00000015,0.05461977,-0.05707246,0.01184395,4.29350996,-4.29350996,0.16098604,-0.00609860,-0.00976801,0.32295096,
8878,0.73054487,0.04286494,12.42655754,6.00000000,0.07250977,-0.12084961,0.02880175,0.01936270,-0.00615741,0.13531746,0.01150183,0.02571880,0.03557595,-0.03237432,0.01184395,4.42091894,-4.50818539,0.01935799,-0.00489295,-0.00976801,0.32508349,
8886,0.89335060,-0.10078716,11.81843090,6.00000000,0.05317383,-0.06767578,-0.02582306,-0.11533409,0.05299727,0.13531746,0.01150183,0.01903204,0.01003122,-0.00882154,0.01184395,4.40521097,-4.46978855,-0.11533416,-0.00484563,-0.00976801,0.31335700,
8894,-0.25586623,-0.12712337,10.61414719,6.00000000,0.02900391,-0.00966797,-0.08564391,-0.16422996,0.06312283,0.13531746,0.01150183,-0.03806333,-0.00655732,-0.00586965,0.01184395,4.50120401,-4.37204981,-0.16422832,-0.00551448,-0.00976801,0.30974886,
8902,-0.48810381,0.01652873,8.20557976,6.00000000,0.00483398,-0.01127930,-0.08417834,-0.06030959,0.04087321,0.13531746,0.01150183,-0.03343435,0.00961917,-0.02065136,0.01184395,4.34237909,-4.22893286,-0.06031338,-0.00659710,-0.00976801,0.30633727,
8910,-1.05792379,0.24876629,7.88954544,6.00000000,0.00966797,-0.03544922,0.01414630,0.06972411,0.01116265,0.13531746,0.01150183,0.03034817,0.03994303,-0.03551960,0.01184395,4.14515686,-4.24813128,0.06972209,-0.00647739,-0.00976801,0.30931154,
8917,0.15354227,0.29665032,7.85363245,5.00000000,0.05478515,-0.07089844,0.05584769,0.14353421,-0.01268574,0.13531746,0.01150183,0.10853279,0.06358453,-0.04047258,0.01184395,4.03694677,-4.40521097,0.14353582,-0.00598679,-0.00976801,0.31643459,
8926,0.62998837,-0.14148858,10.26219940,6.00000000,0.09667969,-0.07089844,0.02866852,0.13594003,-0.01095374,0.13531746,0.01150183,0.03857807,0.05634354,-0.04975093,0.01184395,4.24289560,-4.37379503,0.13593936,-0.00499080,-0.00976801,0.32221070,
8934,0.46478850,-0.07445094,12.13685894,6.00000000,0.08862305,-0.07895508,0.00521981,0.01843008,0.00943064,0.13531746,0.01150183,-0.02468962,0.02965048,-0.03833792,0.01184395,4.42440987,-4.34063387,0.01842708,-0.00406131,-0.00976801,0.31906879,
8942,0.65393043,-0.12472917,11.96687126,6.00000000,0.05156250,-0.07412110,-0.03728095,-0.10773992,0.01142911,0.13531746,0.01150183,-0.01954611,0.00695653,-0.01482429,0.01184395,4.43837214,-4.37204981,-0.10774007,-0.00450088,-0.00976801,0.31156662,
8950,-0.15052135,-0.33781314,10.38430405,6.00000000,0.00161133,-0.05317383,0.01054906,-0.17928508,0.03341227,0.13531746,0.01150183,-0.00668683,-0.00570510,0.00064081,0.01184395,4.41044712,-4.38775778,-0.17928433,-0.00528474,-0.00976801,0.30593684,
8958,-0.31093287,-0.07445094,8.43781757,6.00000000,-0.00483398,-0.00644531,-0.07778325,-0.06817023,0.04793447,0.13531746,0.01150183,-0.00925830,0.01100029,-0.01634993,0.01184395,4.29350996,-4.26209402,-0.06817293,-0.00656493,-0.00976801,0.30519801,
8966,-0.43064296,0.17694025,7.97334242,6.00000000,0.03383789,-0.02094727,-0.02702215,0.05853269,0.02661747,0.13531746,0.01150183,-0.00102877,0.03365938,-0.03668420,0.01184395,4.21671581,-4.21322489,0.05853086,-0.00701649,-0.00976801,0.30982882,
8974,0.35226101,0.20088226,8.63414192,6.00000000,0.04672851,-0.05639648,0.03226575,0.15592471,0.00756541,0.13531746,0.01150183,0.03034813,0.05547170,-0.05078690,0.01184395,4.16261005,-4.26558447,0.15592507,-0.00673377,-0.00976801,0.31682661,
8982,0.54858553,-0.10318135,9.99644279,6.00000000,0.07089844,-0.10151367,0.06663942,0.12834585,0.00063738,0.13531746,0.01150183,0.06275354,0.05620703,-0.04394157,0.01184395,4.13992071,-4.35285091,0.12834612,-0.00562741,-0.00976801,0.31716806,
8989,0.49351892,-0.57483912,11.62450027,5.00000000,0.09023438,-0.08217774,0.04478949,0.01589868,0.02381962,0.13531746,0.01150183,0.10441792,0.04265074,-0.02088594,0.01184395,4.15562916,-4.50993061,0.01589752,-0.00493515,-0.00976801,0.31527913,
8998,0.81673616,0.20088226,11.85673809,6.00000000,0.08862305,-0.03222656,-0.02249230,-0.10947191,0.04646893,0.13531746,0.01150183,0.00308660,0.00753540,-0.01008037,0.01184395,4.35634184,-4.36681366,-0.10947108,-0.00541172,-0.00976801,0.30827770,
9006,0.55337393,-0.44794640,9.84321404,6.00000000,0.01772461,-0.01289062,-0.11082461,-0.14291295,0.03501104,0.13531746,0.01150183,-0.04475037,-0.00609891,-0.00785231,0.01184395,4.37030411,-4.21846056,-0.14291298,-0.00620693,-0.00976801,0.30098149,
9014,-0.09545472,0.31101555,8.26064682,6.00000000,-0.00966797,-0.02578125,-0.04194403,-0.04711970,0.01329435,0.13523810,0.01150183,-0.03292027,0.00972997,-0.02061137,0.01187540,4.22195148,-4.11025047,-0.04712301,-0.00725317,-0.00976801,0.29862589,
9022,-0.67724574,-0.47667682,7.88236284,6.00000000,0.00805664,-0.04672851,-0.00077560,0.08704416,0.01023003,0.13523810,0.01150183,0.02623341,0.04115823,-0.03766442,0.01188538,4.11897707,-4.20798874,0.08704276,-0.00719735,-0.00976801,0.30816311,
9030,-0.04757068,-0.03853791,9.07946396,6.00000000,0.06767578,-0.05639648,0.05025197,0.14606562,-0.02027992,0.13523810,0.01150183,0.01285918,0.05172285,-0.05119270,0.01188968,4.20449829,-4.24813128,0.14606616,-0.00642676,-0.00732601,0.31699759,
9038,0.96757084,-0.20852624,10.11375904,6.00000000,0.07734375,-0.07573242,0.06730557,0.11195841,0.00250262,0.13523810,0.01150183,0.01954637,0.04794006,-0.04592150,0.01189152,4.21497011,-4.28129292,0.11195789,-0.00543960,-0.00732601,0.31610647,
9046,0.26128134,0.13863301,12.14404202,6.00000000,0.06606445,-0.09345703,0.00029026,0.00617280,-0.00362602,0.13531746,0.01150183,0.06223929,0.03625028,-0.02446662,0.01186088,4.25685787,-4.46804285,0.00617047,-0.00463032,-0.00732601,0.31672499,
9054,0.41451025,-0.44076380,11.37789726,6.00000000,0.04672851,-0.06445312,0.01214783,-0.10507529,0.04846740,0.13531746,0.01150183,0.02983385,0.01233256,-0.00854081,0.01185123,4.33539772,-4.43662691,-0.10507444,-0.00472867,-0.00732601,0.31036800,
9061,0.10086983,0.08356638,10.45373535,5.00000000,0.04028320,-0.02094727,-0.08471128,-0.15130654,0.10149343,0.13531746,0.01150183,-0.01954642,-0.00381464,-0.00420401,0.01184708,4.35634184,-4.29001951,-0.15130512,-0.00556728,-0.00732601,0.30246100,
9070,0.10326403,-0.47907102,8.81131268,6.00000000,0.00966797,-0.00161133,-0.06459337,-0.08615644,0.02928210,0.13531746,0.01150183,-0.00102880,0.00641556,-0.00988283,0.01184529,4.14515686,-4.14166641,-0.08615795,-0.00679395,-0.00732601,0.29415086,
9078,-0.18882857,0.42354301,7.86799765,6.00000000,0.00322266,-0.01611328,0.02427188,0.06319578,0.01023003,0.13531746,0.01150183,0.03549203,0.03608716,-0.03048523,0.01184453,4.00378513,-4.12421322,0.06319308,-0.00743120,-0.00732601,0.29922140,
9086,-0.50246900,-0.31387112,8.34683800,6.00000000,0.04672851,-0.06445312,0.10647556,0.15925550,-0.02907319,0.13531746,0.01150183,0.07046923,0.05938418,-0.04521789,0.01184420,3.95142531,-4.19053555,0.15925613,-0.00656445,-0.00976801,0.30669215,
9094,0.08889882,-0.23246825,9.85757923,6.00000000,0.09829102,-0.07412110,0.02680327,0.16112074,-0.00815588,0.13531746,0.01150183,0.00822997,0.05579989,-0.05629865,0.01184405,4.20275307,-4.23067808,0.16112019,-0.00532489,-0.00976801,0.31739315,
9102,1.09925199,0.06680696,11.82321930,6.00000000,0.08056641,-0.09184571,0.00388750,0.04587571,0.03194672,0.13531746,0.01150183,-0.01080184,0.03466411,-0.03999397,0.01184399,4.29350996,-4.25685787,0.04587257,-0.00432404,-0.00976801,0.31327659,
9110,0.96517664,-0.19416103,12.38585663,6.00000000,0.05317383,-0.07250977,0.01094875,-0.09455002,0.03780890,0.13531746,0.01150183,0.02829066,0.01469880,-0.01122844,0.01184397,4.27256584,-4.36855936,-0.09455076,-0.00401593,-0.00976801,0.30638584,
9118,-0.13136774,-0.18697841,10.50161934,6.00000000,0.02578125,-0.04028320,0.01108199,-0.14131418,0.06085791,0.13531746,0.01150183,0.06635452,0.00966978,0.00263098,0.01184395,4.20100737,-4.42615509,-0.14131302,-0.00468891,-0.00976801,0.30248946,
9126,-0.41388354,-0.38809136,9.08185768,6.00000000,0.03061523,-0.00805664,-0.02608953,-0.10680728,0.07524688,0.13531746,0.01150183,0.02520453,0.00874995,-0.00607154,0.01184395,4.19228077,-4.27780199,-0.10680863,-0.00570236,-0.00976801,0.29929683,
9133,-0.23910682,0.42114881,7.82729626,5.00000000,0.01611328,0.00000000,-0.03461633,0.00284202,0.04673539,0.13531746,0.01150183,-0.00102850,0.02326429,-0.02645127,0.01184395,4.11548662,-4.11199570,0.00283894,-0.00635784,-0.00976801,0.29845211,
9142,-0.49049801,-0.28274649,8.52400875,6.00000000,0.02578125,-0.03544922,0.03772824,0.14193544,0.00756541,0.13523810,0.01150183,0.04166427,0.05343856,-0.04611634,0.01187540,3.98633194,-4.12770367,0.14193512,-0.00597781,-0.00976801,0.30442405,
9150,0.04819739,0.47142705,9.15847206,6.00000000,0.08701172,-0.09506836,0.09395182,0.16072103,-0.01828146,0.13523810,0.01150183,0.10904718,0.06699204,-0.04369039,0.01188538,3.92350030,-4.29350996,0.16072123,-0.00484340,-0.00976801,0.30951890,
9158,0.35944360,-0.97706497,11.42817593,6.00000000,0.10151367,-0.08540039,0.04265779,0.05506867,-0.01015435,0.13523810,0.01150183,0.03137702,0.04148314,-0.03682051,0.01188968,4.19577122,-4.30223656,0.05506638,-0.00366354,-0.00732601,0.31204513,
9166,1.23332727,0.10511419,12.15840721,6.00000000,0.06445312,-0.05639648,-0.00437284,-0.08535706,0.02555162,0.13523810,0.01150183,-0.02366109,0.01001027,-0.01876808,0.01189152,4.32492590,-4.24464083,-0.08535736,-0.00355021,-0.00732601,0.30445832,
9174,0.97475344,0.19848806,11.04749775,6.00000000,0.01289062,-0.03544922,0.01880939,-0.17075828,0.01689159,0.13523810,0.01150183,0.02674744,-0.00174586,0.00460368,0.01189232,4.17657280,-4.26733017,-0.17075625,-0.00486882,-0.00976801,0.29371160,
9182,-0.35642269,0.12905620,9.02679157,6.00000000,0.00966797,-0.00966797,-0.02502368,-0.10867252,0.04393754,0.13523810,0.01150183,0.03446323,0.00713301,-0.00228452,0.01189266,4.04218245,-4.15911961,-0.10867408,-0.00623487,-0.00976801,0.28941828,
9190,-0.74907178,-0.14388278,7.80574846,6.00000000,0.01450195,-0.01127930,0.01707739,-0.00954849,0.04433723,0.13523810,0.01150183,-0.01183092,0.01774578,-0.02353042,0.01189281,4.07010794,-4.02996492,-0.00955144,-0.00692126,-0.00732601,0.29293519,
9198,0.13917705,-0.30668849,7.75307608,6.00000000,0.01933594,-0.02900391,-0.03008647,0.13354188,0.02874917,0.13523810,0.01150183,0.01131618,0.04583506,-0.04571819,0.01189287,3.98458672,-4.02298403,0.13354076,-0.00701600,-0.00732601,0.29995614,
9205,-0.36839372,0.47142705,9.37873936,5.00000000,0.06445312,-0.07734375,0.08968842,0.18976545,-0.01428452,0.13523810,0.01150183,0.08950119,0.06754762,-0.04878164,0.01189290,3.86764979,-4.17133713,0.18976590,-0.00553998,-0.00732601,0.30517128,
9214,0.48873049,-0.58441591,11.33959007,6.00000000,0.10795899,-0.10795899,0.05225044,0.08651125,-0.01694914,0.13523810,0.01150183,0.10236081,0.05424339,-0.03273762,0.01189291,3.98633194,-4.33365250,0.08650868,-0.00416391,-0.00976801,0.30787128,
9222,0.42408705,0.02131713,12.33557796,6.00000000,0.07734375,-0.06606445,0.03533007,-0.06497268,0.02088853,0.13523810,0.01150183,0.02006096,0.01826448,-0.01664153,0.01189292,4.17482758,-4.24289560,-0.06497376,-0.00364054,-0.00976801,0.30043188,
9230,0.82870716,0.08117218,11.35874367,6.00000000,0.02578125,-0.02739258,-0.05113701,-0.17302322,0.06258991,0.13523810,0.01150183,-0.03086184,-0.00942476,-0.00131274,0.01189292,4.18704462,-4.08232498,-0.17302114,-0.00418317,-0.00732601,0.28722063,
9238,-0.07630110,0.70845300,9.20396233,6.00000000,-0.00161133,-0.00322266,-0.03208493,-0.14238003,0.04060676,0.13523810,0.01150183,0.00000012,-0.00364904,0.00026924,0.01189291,3.99854946,-3.99854946,-0.14238159,-0.00551166,-0.00732601,0.27957219,
9246,-0.58626604,-0.14867119,7.62618351,6.00000000,0.00322266,-0.01772461,-0.01822890,-0.02553623,0.01182881,0.13523810,0.01150183,0.04063551,0.02052639,-0.01396842,0.01189291,3.86590433,-4.00378513,-0.02554025,-0.00632471,-0.00732601,0.28342456,
9254,-0.54795885,0.32777494,7.78659487,6.00000000,0.01611328,-0.02255859,0.03293191,0.14406714,0.00077061,0.13523810,0.01150183,0.02674773,0.04963724,-0.04583479,0.01189291,3.87114024,-3.96189737,0.14406605,-0.00623989,-0.00732601,0.29439241,
9262,0.15833066,-0.18458422,8.82088947,6.00000000,0.06606445,-0.06928711,0.04359042,0.20815137,-0.00415894,0.13531746,0.01150183,0.01080187,0.06130542,-0.06105232,0.01186147,3.89033890,-3.92699075,0.20815244,-0.00513228,-0.00976801,0.29846928,
9270,0.84067816,0.36608216,10.88229752,6.00000000,0.10634766,-0.11440430,0.03093343,0.12688030,-0.02534271,0.13531746,0.01150183,0.06429660,0.05652337,-0.04387321,0.01185149,3.96015191,-4.17831802,0.12687819,-0.00385013,-0.00976801,0.30421814,
9277,0.46478850,0.24876629,12.80484200,5.00000000,0.08217774,-0.08862305,0.06970374,-0.00715032,-0.00442540,0.13531746,0.01150183,0.07509863,0.03624196,-0.02143996,0.01184719,4.07708931,-4.33190727,-0.00715427,-0.00296251,-0.00976801,0.30430743,
9286,0.80237091,-0.23965086,11.71547985,6.00000000,0.04028320,-0.03544922,-0.02435752,-0.16622841,0.03967414,0.13531746,0.01150183,-0.00514357,-0.00380354,-0.00082888,0.01184535,4.14690256,-4.12944889,-0.16622750,-0.00328783,-0.00732601,0.28796619,
9294,0.14875387,0.13623881,9.81208992,6.00000000,0.00966797,-0.00161133,-0.07844941,-0.16209826,0.03740920,0.13531746,0.01150183,-0.04423577,-0.01135099,-0.00251787,0.01184455,4.06661701,-3.91651869,-0.16209771,-0.00469566,-0.00732601,0.27763650,
9302,-0.45697916,0.40678361,7.78180647,6.00000000,-0.00161133,-0.02094727,-0.04660713,-0.01621005,0.01595897,0.13531746,0.01150183,-0.02674752,0.01458802,-0.02390011,0.01184421,3.92699075,-3.83623385,-0.01621427,-0.00596890,-0.00976801,0.28024134,
9310,-0.87835866,0.21524747,7.65012550,6.00000000,0.00644531,-0.03544922,0.06850465,0.11462303,-0.03653413,0.13531746,0.01150183,0.03857811,0.04596076,-0.03944805,0.01184406,3.77165651,-3.90255642,0.11462209,-0.00570556,-0.00976801,0.28650030,
9318,0.29719436,-0.77116364,8.60301781,6.00000000,0.06284180,-0.05639648,0.01934232,0.20815137,-0.04026461,0.13531746,0.01150183,0.06121017,0.06631289,-0.05415930,0.01184400,3.72976851,-3.93746281,0.20815234,-0.00492109,-0.00732601,0.29302818,
9326,0.31155959,-0.03853791,10.60457039,6.00000000,0.10151367,-0.10473633,0.06330863,0.12874554,-0.02920642,0.13531746,0.01150183,-0.03909247,0.04418277,-0.05592263,0.01184397,4.06487179,-3.93222690,0.12874338,-0.00331246,-0.00732601,0.29922867,
9334,0.46957690,-0.21570884,12.30445385,6.00000000,0.07089844,-0.10795899,-0.02076028,0.00510695,-0.02134577,0.13531746,0.01150183,0.04320716,0.03443215,-0.02711537,0.01184396,4.06836271,-4.21497011,0.00510385,-0.00263330,-0.00976801,0.30064085,
9342,0.79518831,0.52888787,11.92856407,6.00000000,0.04511719,-0.04833984,0.00895029,-0.14810899,0.00849803,0.13531746,0.01150183,0.04372199,0.00626377,0.00069685,0.01184395,4.09105158,-4.23940468,-0.14810811,-0.00308525,-0.00976801,0.29124117,
9349,0.40014502,-0.44076380,9.81208992,5.00000000,0.01772461,-0.00966797,-0.04407575,-0.15330499,0.04500339,0.13531746,0.01150183,-0.04166396,-0.00744611,-0.00578360,0.01184395,4.16784620,-4.02647448,-0.15330464,-0.00442859,-0.00976801,0.28592950,
9358,-1.23748887,-0.03614371,8.75624657,6.00000000,0.00322266,-0.02094727,-0.12108340,-0.03126518,0.03234642,0.13531746,0.01150183,-0.05298040,0.01068689,-0.02622726,0.01184395,4.06487179,-3.88510299,-0.03126723,-0.00536230,-0.00976801,0.28591973,
9366,-0.54317045,0.33256334,7.92067003,6.00000000,0.01127930,-0.04028320,-0.00597162,0.07092319,-0.00362602,0.13531746,0.01150183,0.06584003,0.04191054,-0.02909448,0.01184395,3.76118445,-3.98458672,0.07092123,-0.00551984,-0.00976801,0.28592601,
9374,-0.14333874,0.18891124,8.37317467,6.00000000,0.06123047,-0.04028320,0.04545565,0.14633207,-0.03187104,0.13531746,0.01150183,0.11264789,0.06162958,-0.03752414,0.01184395,3.64424753,-4.02647448,0.14633322,-0.00487180,-0.00976801,0.28867280,
9382,0.52464354,0.00216352,10.11854744,6.00000000,0.09506836,-0.07734375,0.02493805,0.13514064,-0.05185573,0.13531746,0.01150183,0.01080196,0.05054999,-0.05050050,0.01184395,3.94269872,-3.97935081,0.13514146,-0.00377793,-0.00976801,0.29697198,
9390,0.18945529,0.25594890,12.14404202,6.00000000,0.07250977,-0.09667969,-0.02262551,0.03082058,-0.02094608,0.13531746,0.01150183,-0.00822978,0.03215125,-0.03689832,0.01184395,4.12770367,-4.09977818,0.03081802,-0.00274701,-0.00732601,0.30048046,
9398,0.99630123,0.63662696,11.91898727,6.00000000,0.04833984,-0.06606445,-0.02115998,-0.12625906,-0.01241928,0.13531746,0.01150183,0.01131635,0.00446197,-0.00508476,0.01184395,4.01774788,-4.05614519,-0.12625916,-0.00312358,-0.00732601,0.28352487,
9406,0.00989016,-0.39048555,10.18558502,6.00000000,0.02739258,-0.01289062,-0.04114466,-0.14291295,-0.00149432,0.13531746,0.01150183,-0.00205747,-0.00142727,-0.00241811,0.01184395,4.01600266,-4.00902128,-0.14291203,-0.00411678,-0.00976801,0.28054601,
9414,-0.85920507,-0.12472917,8.50724983,6.00000000,0.00322266,-0.01611328,-0.08098080,-0.05271541,0.00343524,0.13531746,0.01150183,-0.06429640,0.00549802,-0.02377066,0.01184395,4.04916382,-3.83099771,-0.05271804,-0.00503344,-0.00976801,0.28183380,
9421,-0.33726910,0.46663865,7.47774267,5.00000000,0.00000000,-0.03867187,-0.03434987,0.05773329,0.01915652,0.13531746,0.01150183,-0.00154293,0.03188632,-0.03501342,0.01184395,3.89033890,-3.88510299,0.05773169,-0.00540001,-0.00976801,0.28604531,
9430,0.25649294,0.67254001,8.83764935,6.00000000,0.05478515,-0.04995117,0.01494569,0.14020345,-0.04053107,0.13531746,0.01150183,0.04526490,0.05287077,-0.04468963,0.01184395,3.79609108,-3.94968009,0.14020438,-0.00495556,-0.00976801,0.29094902,
9438,1.15192437,-0.19416103,10.12812424,6.00000000,0.08378907,-0.08701172,0.03719532,0.13074401,-0.05412066,0.13531746,0.01150183,0.03189106,0.05126601,-0.04625534,0.01184395,3.84321499,-3.95142531,0.13074371,-0.00394443,-0.00976801,0.29203466,
9446,0.55337393,0.06441276,11.89743900,6.00000000,0.06767578,-0.09184571,-0.01876181,0.05173789,-0.02933965,0.13531746,0.01150183,0.02211820,0.03821154,-0.03573948,0.01184395,3.99156785,-4.06661701,0.05173551,-0.00327492,-0.00976801,0.29586005,
9454,1.03939688,0.13623881,11.64125919,6.00000000,0.05478515,-0.05800781,-0.01156733,-0.08602322,0.01849037,0.13531746,0.01150183,0.02366128,0.01163698,-0.00923067,0.01184395,3.88859367,-3.96887851,-0.08602332,-0.00364888,-0.00976801,0.27859670,
9462,0.26367554,0.07159536,10.09221077,6.00000000,0.03544922,-0.01772461,-0.09030699,-0.09987926,0.01875683,0.13531746,0.01150183,-0.03806363,0.00081219,-0.01302828,0.01184395,3.99331331,-3.86415887,-0.09987942,-0.00437043,-0.00976801,0.27759206,
9470,-0.60541970,-0.27795810,9.03876209,6.00000000,0.00644531,-0.03544922,-0.04900532,-0.02873378,-0.00735649,0.13531746,0.01150183,-0.05863862,0.00939278,-0.02625871,0.01184395,3.95666146,-3.75769401,-0.02873427,-0.00515421,-0.00976801,0.27756214,
9478,-0.45219076,-0.09599875,7.70519209,6.00000000,0.00966797,-0.03867187,-0.01769596,0.06252962,-0.00109462,0.13531746,0.01150183,0.00462946,0.03238692,-0.03403925,0.01184395,3.75245786,-3.76816583,0.06252901,-0.00512287,-0.00976801,0.27715597,
9486,0.06016840,-0.20613202,8.54076862,6.00000000,0.05961914,-0.05639648,0.04052609,0.14499976,-0.01841469,0.13531746,0.01150183,0.03497754,0.05202541,-0.04625343,0.01184395,3.73151398,-3.85019636,0.14500004,-0.00462842,-0.00976801,0.28534952,
9493,-0.12418513,-0.56047386,10.50880241,5.00000000,0.07250977,-0.09667969,-0.00663777,0.15525857,-0.02640856,0.13531746,0.01150183,0.03086220,0.05629703,-0.05144662,0.01184395,3.84670568,-3.95142531,0.15525761,-0.00346279,-0.00976801,0.29393846,
9502,0.23015672,-0.24204506,12.21347332,6.00000000,0.06928711,-0.09023438,0.00362104,0.02922181,0.02142146,0.13531746,0.01150183,0.02829079,0.03601544,-0.03214217,0.01184395,3.97236943,-4.06836271,0.02921796,-0.00236335,-0.00976801,0.29359487,
9510,0.90292740,0.14820983,11.45690632,6.00000000,0.06606445,-0.05156250,-0.03288432,-0.08455767,0.03394520,0.13531746,0.01150183,0.03086246,0.01562194,-0.01149142,0.01184395,3.96713352,-4.07185316,-0.08455774,-0.00235500,-0.00976801,0.28528285,
9518,-0.08108950,-0.33781314,10.21670914,6.00000000,0.03383789,-0.03383789,-0.10096549,-0.12905690,0.01862360,0.13531746,0.01150183,-0.02983388,-0.00068921,-0.00965303,0.01184395,4.05789042,-3.95666146,-0.12905622,-0.00299813,-0.00976801,0.28117096,
9526,-0.55992985,-0.14867119,9.03636837,6.00000000,-0.00161133,-0.02900391,-0.03008647,-0.05857758,0.04047352,0.13531746,0.01150183,0.00720131,0.01490250,-0.01629762,0.01184395,3.94269872,-3.96713352,-0.05857897,-0.00371157,-0.00976801,0.28248438,
9534,-0.40909514,0.17215183,7.95418882,6.00000000,0.02255859,-0.01933594,-0.01436519,0.02469195,0.01555928,0.13531746,0.01150183,0.07046935,0.03519608,-0.02140897,0.01184395,3.68264461,-3.92175484,0.02469010,-0.00410534,-0.00976801,0.27744949,
9542,-0.08108950,-0.33063051,8.50246143,6.00000000,0.05639648,-0.03544922,0.04878643,0.11315750,-0.01628298,0.13531746,0.01150183,0.00720131,0.04483291,-0.04570274,0.01184395,3.84670568,-3.87114024,0.11315679,-0.00384867,-0.00976801,0.28797576,
9550,0.06735100,-0.57723331,10.41303444,6.00000000,0.05800781,-0.09345703,-0.06632536,0.14086959,-0.01548360,0.13531746,0.01150183,0.01388819,0.05303438,-0.05222650,0.01184395,3.93048143,-3.97760534,0.14086857,-0.00294770,-0.00976801,0.29688111,
9558,0.74251586,0.49536908,11.81364250,6.00000000,0.07573242,-0.09184571,0.01188137,-0.00475216,-0.02480979,0.13531746,0.01150183,0.04886555,0.03190638,-0.02327800,0.01184395,3.87637639,-4.04218245,-0.00475471,-0.00211042,-0.00976801,0.28670308,
9565,0.65393043,-0.16543061,11.04510307,5.00000000,0.06445312,-0.04189453,-0.04300990,-0.10560822,-0.01348513,0.13531746,0.01150183,-0.00051440,0.00852812,-0.01186809,0.01184395,4.05963612,-4.05789042,-0.10560777,-0.00236506,-0.00976801,0.28660384,
9574,0.22536832,0.26313150,10.26698780,6.00000000,0.01450195,-0.03222656,-0.06046320,-0.12705845,-0.00695680,0.13531746,0.01150183,-0.02880481,-0.00123438,-0.00886432,0.01184395,4.00902128,-3.91128302,-0.12705775,-0.00334173,-0.00976801,0.27789944,
9582,-0.82568622,0.19848806,9.11298275,6.00000000,-0.00805664,-0.02900391,-0.06938969,-0.04298953,0.00916418,0.13531746,0.01150183,0.00257196,0.01690099,-0.01934220,0.01184395,3.93571734,-3.94444418,-0.04299077,-0.00379527,-0.00976801,0.28253901,
9590,-0.25347203,0.28467932,8.53358555,6.00000000,0.03383789,-0.02900391,-0.02209259,0.03468429,0.00050415,0.13531746,0.01150183,-0.01697423,0.02710967,-0.03392971,0.01184395,3.85717773,-3.79958177,0.03468278,-0.00401480,-0.00976801,0.28007206,
9598,0.15593646,0.32538074,8.68681431,6.00000000,0.04511719,-0.06445312,0.01534539,0.11728767,-0.02760764,0.13531746,0.01150183,-0.00462940,0.04404644,-0.04769554,0.01184395,3.85019636,-3.83448839,0.11728764,-0.00380981,-0.00976801,0.28707317,
9606,0.17987849,0.07398957,10.42979336,6.00000000,0.05800781,-0.09023438,0.01880939,0.10090021,-0.04239631,0.13531746,0.01150183,0.06069628,0.05106700,-0.03933373,0.01184395,3.82925224,-4.03520107,0.10089909,-0.00292913,-0.00976801,0.29240158,
9614,0.08171621,0.54325312,11.33959007,6.00000000,0.07895508,-0.06767578,0.02893497,0.02562457,0.00236939,0.13531746,0.01150183,0.05298081,0.03752678,-0.02783417,0.01184395,3.83797884,-4.01774788,0.02562290,-0.00212867,-0.00976801,0.28662774,
9622,0.96757084,0.00934612,11.41141605,6.00000000,0.06284180,-0.05156250,-0.02502368,-0.09308446,0.02421931,0.13531746,0.01150183,-0.04475064,0.00390315,-0.01764724,0.01184395,4.02822018,-3.87637639,-0.09308397,-0.00239127,-0.00732601,0.27979296,
9630,0.24452193,0.36368796,10.47288895,6.00000000,0.00644531,-0.05317383,-0.07685063,-0.10813960,0.03567720,0.13531746,0.01150183,-0.03600597,0.00037963,-0.01211941,0.01184395,3.96189737,-3.83972430,-0.10813915,-0.00326264,-0.00732601,0.27496877,
9637,-0.10263732,0.08356638,9.44577694,5.00000000,0.00161133,-0.02094727,0.00148933,-0.06257452,0.02528516,0.13531746,0.01150183,0.01440246,0.01242013,-0.01213398,0.01184395,3.77863789,-3.82750702,-0.06257489,-0.00402582,-0.00732601,0.27118608,
9646,-0.16009817,-0.14627698,7.73871088,6.00000000,0.02900391,-0.01611328,-0.02862094,0.01936270,0.01742452,0.13531746,0.01150183,0.01440251,0.02611216,-0.02558131,0.01184395,3.72976851,-3.77863789,0.01936089,-0.00448658,-0.00732601,0.27358338,
9654,-0.20558800,0.05723016,8.27501202,6.00000000,0.03383789,-0.05639648,-0.02862094,0.11568890,-0.01588329,0.13531746,0.01150183,0.00514372,0.04349272,-0.04484619,0.01184395,3.79085517,-3.80830836,0.11568922,-0.00418578,-0.00732601,0.28385714,
9662,0.45760587,-0.37851456,9.69237900,6.00000000,0.05961914,-0.07573242,-0.01916151,0.11888643,0.02861594,0.13531746,0.01150183,0.05709569,0.05197095,-0.04104180,0.01184395,3.77340174,-3.96713352,0.11888635,-0.00352016,-0.00732601,0.28921366,
9670,1.19501996,0.45227343,11.19354343,6.00000000,0.09345703,-0.05961914,-0.00677101,0.01829685,0.00343524,0.13531746,0.01150183,0.02931942,0.03236452,-0.02828984,0.01184395,3.90779209,-4.00727606,0.01829559,-0.00283437,-0.00732601,0.28824767,
9678,1.02024329,-0.85017228,11.44493484,6.00000000,0.05156250,-0.06606445,-0.04967146,-0.07230040,-0.00535802,0.13531746,0.01150183,-0.02880499,0.00891890,-0.01884491,0.01184395,4.02298403,-3.92524529,-0.07230046,-0.00303959,-0.00732601,0.28288156,
9686,-0.08348370,0.19130546,10.97088337,6.00000000,0.00644531,-0.04833984,-0.02169289,-0.10760667,0.04100645,0.13531746,0.01150183,0.01183088,0.00644557,-0.00689721,0.01184395,3.94793463,-3.98807740,-0.10760568,-0.00360002,-0.00732601,0.27987903,
9694,-0.27262563,0.25834310,9.30930710,6.00000000,0.01933594,-0.00805664,0.01601154,-0.07603087,0.03194672,0.13531746,0.01150183,0.02571887,0.01118020,-0.00827033,0.01184395,3.76467514,-3.85194159,-0.07603098,-0.00444435,-0.00976801,0.27059007,
9702,-0.36839372,-0.44076380,8.37796307,6.00000000,0.01289062,-0.01450195,-0.07645092,0.01416668,0.02501870,0.13531746,0.01150183,0.01080196,0.02428897,-0.02463138,0.01184395,3.72453260,-3.76118445,0.01416493,-0.00499744,-0.00976801,0.27238417,
9709,-0.11939673,-0.11754657,8.50006676,5.00000000,0.02739258,-0.05156250,-0.02009412,0.11568890,0.02621778,0.13531746,0.01150183,0.02931938,0.04517364,-0.04082974,0.01184395,3.68439007,-3.78387380,0.11568862,-0.00476274,-0.00976801,0.27911198,
9718,-0.04278228,-0.31147692,9.61815929,6.00000000,0.07250977,-0.06284180,-0.01982767,0.13514064,0.00210293,0.13531746,0.01150183,0.02983369,0.05004911,-0.04551001,0.01184395,3.71406078,-3.81528974,0.13514131,-0.00382282,-0.00732601,0.28273669,
9726,0.47197109,0.11947940,11.34916687,6.00000000,0.07089844,-0.07895508,0.02467158,0.03255259,-0.01321867,0.13531746,0.01150183,-0.00205720,0.03006046,-0.03335122,0.01184395,3.88161206,-3.87463093,0.03255000,-0.00302084,-0.00732601,0.28352368,
9734,0.34747261,-0.35936093,11.39465714,6.00000000,0.04189453,-0.08056641,-0.02529015,-0.04298953,0.00450109,0.13531746,0.01150183,0.03343432,0.02195989,-0.01710277,0.01184395,3.89382958,-4.00727606,-0.04298972,-0.00287273,-0.00976801,0.28329834,
9742,-0.31093287,0.19369966,10.93257618,6.00000000,0.04189453,-0.03544922,-0.02475721,-0.11133716,0.05113202,0.13531746,0.01150183,0.02366124,0.00748575,-0.00514979,0.01184395,3.86590433,-3.94618964,-0.11133644,-0.00313388,-0.00976801,0.27511650,
9750,0.13917705,-0.00262489,8.95017719,6.00000000,0.02094727,-0.00644531,-0.09736825,-0.08442444,0.03194672,0.13531746,0.01150183,-0.05503769,0.00102029,-0.01719196,0.01184395,3.93920803,-3.75245786,-0.08442552,-0.00410412,-0.00976801,0.27270204,
9758,-0.27262563,0.16975763,8.56710434,6.00000000,-0.00322266,-0.04028320,-0.05553364,0.02082824,0.03927444,0.13531746,0.01150183,-0.00565806,0.02425666,-0.02845760,0.01184395,3.76467514,-3.74547672,0.02082662,-0.00459729,-0.00976801,0.27375293,
9766,-0.15530975,0.31340975,8.40190506,6.00000000,0.04189453,-0.04833984,0.03013405,0.10463069,-0.00029524,0.13531746,0.01150183,0.07458419,0.04860274,-0.03360306,0.01184395,3.56570768,-3.81878042,0.10463139,-0.00434775,-0.00976801,0.27527344,
9774,-0.16488656,-0.71370280,9.94377041,6.00000000,0.07734375,-0.05156250,0.02906821,0.12674707,-0.02241162,0.13531746,0.01150183,0.01954620,0.04803501,-0.04594359,0.01184395,3.71057010,-3.77689242,0.12674768,-0.00340730,-0.00976801,0.28060967,
9781,0.85025495,0.69408780,10.72906876,5.00000000,0.06123047,-0.10151367,-0.00943562,0.05067204,-0.00509156,0.13531746,0.01150183,0.00565811,0.03394157,-0.03534982,0.01184395,3.75594854,-3.77514720,0.05067095,-0.00259527,-0.00976801,0.27667588,
9790,0.45760587,-0.20373783,11.50000191,6.00000000,0.06123047,-0.06123047,-0.04687359,-0.04112428,0.01489313,0.13531746,0.01150183,0.02829058,0.02138917,-0.01773137,0.01184395,3.79783654,-3.89382958,-0.04112462,-0.00221263,-0.00976801,0.27584136,
9798,0.75927532,0.63183856,9.91264629,6.00000000,0.04511719,-0.02900391,-0.02382459,-0.08615644,0.02848271,0.13531746,0.01150183,-0.04526402,0.00185633,-0.01571351,0.01184395,3.81179905,-3.65821028,-0.08615620,-0.00317979,-0.00976801,0.26454136,
9806,-0.35163429,-0.53413767,9.24945164,6.00000000,0.00161133,-0.03544922,-0.05993026,-0.03899259,0.01902329,0.13531746,0.01150183,-0.03909259,0.01024847,-0.02251255,0.01184395,3.79085517,-3.65821028,-0.03899322,-0.00374938,-0.00976801,0.26720160,
9814,0.03143798,0.43551403,8.52879715,6.00000000,0.02255859,-0.04028320,-0.02129320,0.02442548,0.01236173,0.13531746,0.01150183,0.01337376,0.02612560,-0.02581657,0.01184395,3.57967043,-3.62504888,0.02442525,-0.00406086,-0.00976801,0.26294187,
9822,-0.08108950,0.18172865,9.24945164,6.00000000,0.04833984,-0.03706055,0.02507126,0.14326775,0.00943064,0.13531746,0.01150183,-0.00462932,0.04643473,-0.05000605,0.01184395,3.65471935,-3.63901138,0.14326683,-0.00384841,-0.00976801,0.27478456,
9830,0.28522336,-0.21570884,9.58464050,6.00000000,0.05961914,-0.10795899,0.00721828,0.13247603,-0.01295220,0.13531746,0.01150183,0.01491662,0.04829758,-0.04727405,0.01184395,3.63552094,-3.68613529,0.13247642,-0.00287994,-0.00976801,0.27501458,
9838,0.32353058,0.05244175,11.14087105,6.00000000,0.07573242,-0.08862305,0.03546330,0.08624478,0.02048884,0.13531746,0.01150183,0.04732240,0.04651666,-0.03797181,0.01184395,3.71057010,-3.87114024,0.08624281,-0.00196306,-0.00976801,0.28108960,
9846,0.78321731,-0.12951757,11.15044785,6.00000000,0.07250977,-0.06767578,-0.00250760,-0.03792674,0.04407077,0.13531746,0.01150183,-0.00771531,0.01764043,-0.02246150,0.01184395,3.76816583,-3.74198580,-0.03792763,-0.00150618,-0.00976801,0.26949325,
9853,0.04340899,-0.14867119,10.74103928,5.00000000,0.02416992,-0.06445312,-0.05713242,-0.06124221,0.00663279,0.13531746,0.01150183,-0.01800321,0.01205662,-0.01938226,0.01184395,3.81354451,-3.75245786,-0.06124149,-0.00183029,-0.00976801,0.26982757,
9862,-0.26783723,-0.20852624,9.47450733,6.00000000,0.03061523,-0.03867187,-0.02102674,-0.04791908,0.05952559,0.13531746,0.01150183,0.02160367,0.01676581,-0.01471057,0.01184395,3.60061431,-3.67391801,-0.04791909,-0.00232700,-0.00976801,0.26022762,
9870,-0.34205750,0.11708520,8.35402107,6.00000000,0.02739258,-0.02739258,0.01161491,0.05040558,0.02901564,0.13531746,0.01150183,-0.00565840,0.03061046,-0.03469258,0.01184395,3.61457705,-3.59537816,0.05040416,-0.00264439,-0.00976801,0.26501518,
9878,-0.31332707,-0.54610866,8.62935352,6.00000000,0.03061523,-0.07734375,-0.03261786,0.12328307,-0.00669034,0.13531746,0.01150183,-0.00668694,0.04432262,-0.04841354,0.01184395,3.61806750,-3.59537816,0.12328368,-0.00196534,-0.00732601,0.27042547,
9886,0.19424370,0.33016914,10.14967155,6.00000000,0.06928711,-0.08056641,0.06024432,0.13993698,0.01928976,0.13531746,0.01150183,0.08178553,0.06013147,-0.04327533,0.01184395,3.56396222,-3.84146976,0.13993624,-0.00110641,-0.00732601,0.27859229,
9894,0.91250420,-0.09360455,11.26776409,6.00000000,0.08540039,-0.07573242,0.03866085,0.02908858,-0.02294455,0.13531746,0.01150183,0.03600621,0.03645155,-0.03073047,0.01184395,3.68613529,-3.80830836,0.02908698,-0.00040126,-0.00976801,0.27378240,
9902,0.41690445,-0.54371446,11.63647079,6.00000000,0.04672851,-0.08056641,-0.02209259,-0.02100637,0.02302023,0.13531746,0.01150183,-0.02108929,0.02184076,-0.02974883,0.01184395,3.88684821,-3.81528974,-0.02100656,-0.00037373,-0.00976801,0.27767944,
9910,-0.04517648,0.05244175,10.45852375,6.00000000,0.04833984,-0.05156250,-0.03541572,-0.08175982,0.07551333,0.13531746,0.01150183,-0.00102859,0.01200646,-0.01536915,0.01184395,3.80481768,-3.80132723,-0.08175892,-0.00051605,-0.00732601,0.26979521,
9918,-0.47613278,0.13623881,9.01721478,6.00000000,0.02255859,-0.02578125,-0.06579245,-0.03446272,0.03607690,0.13531746,0.01150183,0.01080192,0.02098278,-0.02141711,0.01184395,3.77165651,-3.80830836,-0.03446355,-0.00114169,-0.00732601,0.27227512,
9925,-0.17206916,0.04525915,8.66766071,5.00000000,0.02578125,-0.05800781,0.00641889,0.00204263,0.03341227,0.13531746,0.01150183,0.02006071,0.02705221,-0.02519263,0.01184395,3.63552094,-3.70358872,0.00204170,-0.00132732,-0.00732601,0.26619077,
9934,-0.42346033,0.15539242,8.79215908,6.00000000,0.04995117,-0.04350586,0.02520450,0.13967051,0.03048118,0.13531746,0.01150183,0.08024226,0.06048514,-0.04399282,0.01184395,3.60934091,-3.88161206,0.13966990,-0.00104561,-0.00732601,0.28167307,
9942,-0.22234741,0.24637209,10.08024025,6.00000000,0.08378907,-0.06445312,0.03000083,0.08251430,0.01689159,0.13531746,0.01150183,0.04269311,0.04708910,-0.03961757,0.01184395,3.65297413,-3.79783654,0.08251375,0.00015436,-0.00732601,0.27607408,
9950,1.10164618,0.08117218,10.70273209,6.00000000,0.06767578,-0.07895508,0.00482012,0.04134585,0.00196970,0.13531746,0.01150183,0.04680821,0.04190532,-0.03358108,0.01184395,3.74373126,-3.90255642,0.04134537,0.00063949,-0.00732601,0.28017548,
9958,0.03862058,-0.03614371,11.83758450,6.00000000,0.06928711,-0.06928711,-0.00064236,-0.04152398,0.04580277,0.13531746,0.01150183,0.04012144,0.02681945,-0.02032355,0.01184395,3.78561902,-3.92175484,-0.04152440,0.00094316,-0.00732601,0.27638176,
9966,0.00510176,0.00455772,10.25980473,6.00000000,0.03867187,-0.03222656,-0.01116762,-0.08495737,0.06605393,0.13531746,0.01150183,-0.02777611,0.01016057,-0.01982940,0.01184395,3.84496045,-3.75071239,-0.08495722,0.00060508,-0.00976801,0.26918370,
9974,-0.10981993,-0.29711169,8.82088947,6.00000000,0.00805664,-0.04511719,-0.09070668,-0.07976135,0.03994060,0.13531746,0.01150183,-0.01388807,0.01117150,-0.01755716,0.01184395,3.76991129,-3.72278738,-0.07976223,-0.00009268,-0.00976801,0.26582754,
9982,-0.49528641,0.60071397,8.13614845,6.00000000,0.02739258,-0.04350586,0.02706973,0.05333667,0.03501104,0.13531746,0.01150183,0.03086245,0.04015317,-0.03557312,0.01184395,3.69835258,-3.80307245,0.05333460,-0.00050328,-0.00976801,0.27579340,
9990,-0.85441667,-0.33781314,9.76659966,6.00000000,0.05639648,-0.05317383,-0.00437284,0.10369807,0.02688394,0.13531746,0.01150183,0.08641488,0.05713952,-0.03928191,0.01184395,3.62853932,-3.92175484,0.10369790,0.00019251,-0.00976801,0.28121626,
9997,1.27163446,0.72042406,9.62534142,5.00000000,0.08056641,-0.08378907,0.03253222,0.08864295,0.00396816,0.13531746,0.01150183,0.02263266,0.04627193,-0.04351724,0.01184395,3.70009804,-3.77689242,0.08864257,0.00007747,-0.00976801,0.27746749,
10006,0.50309569,-0.58681011,11.23903370,6.00000000,0.07895508,-0.08862305,-0.06072965,0.04134585,0.03914121,0.13531746,0.01150183,0.02160369,0.03960153,-0.03722747,0.01184395,3.82401657,-3.89732027,0.04134457,0.00052757,-0.00976801,0.28289592,
10014,-0.18882857,0.88083553,11.37071514,6.00000000,0.05961914,-0.06284180,0.02746943,-0.05711204,0.01542605,0.13531746,0.01150183,0.02211804,0.02221358,-0.02001500,0.01184395,3.81528974,-3.89033890,-0.05711195,0.00092507,-0.00976801,0.27518842,
10022,0.42648125,-0.74482739,9.89349270,6.00000000,0.02578125,-0.03867187,-0.01942796,-0.10547497,0.02235407,0.13531746,0.01150183,-0.00154316,0.00892944,-0.01247199,0.01184395,3.76642060,-3.76118445,-0.10547484,0.00046061,-0.00976801,0.26522878,
10030,-0.32050967,0.45945606,8.93820572,6.00000000,0.03222656,-0.03706055,0.01001614,-0.01194664,0.02608455,0.13531746,0.01150183,-0.00051457,0.02463676,-0.02765870,0.01184395,3.71755123,-3.71580577,-0.01194815,-0.00016873,-0.00976801,0.26859292,
10038,-1.06271219,-0.65145355,8.99087811,6.00000000,0.03061523,-0.04028320,-0.02702215,0.06879149,0.02248731,0.13531746,0.01150183,0.03497749,0.04349497,-0.03788375,0.01184395,3.62330365,-3.74198580,0.06879109,0.00037933,-0.00732601,0.27197912,
10046,0.34268421,0.55761832,8.78258228,6.00000000,0.05317383,-0.06606445,0.02094110,0.07651890,0.02848271,0.13531746,0.01150183,0.00000013,0.04134119,-0.04395603,0.01184395,3.68439007,-3.68439007,0.07651924,0.00077649,-0.00732601,0.27266592,
10054,0.45521167,-0.74243319,10.37951565,6.00000000,0.07089844,-0.09345703,-0.01316609,0.08104876,0.01755775,0.13531746,0.01150183,0.06069606,0.05212057,-0.04038713,0.01184395,3.73151398,-3.93746281,0.08104788,0.00122996,-0.00976801,0.28387639,
10062,0.06495680,0.28467932,11.57661629,6.00000000,0.07089844,-0.06767578,-0.00264083,-0.02460361,0.02555162,0.13531746,0.01150183,0.01594557,0.02959246,-0.02873636,0.01184395,3.90255642,-3.95666146,-0.02460436,0.00185409,-0.00976801,0.28311282,
10069,1.18065476,-0.63708836,10.75301075,5.00000000,0.03867187,-0.05478515,0.00188903,-0.10094512,0.04260522,0.13531746,0.01150183,-0.02983358,0.00959913,-0.01978855,0.01184395,3.96364284,-3.86241364,-0.10094525,0.00149633,-0.00976801,0.27637604,
10078,-0.04757068,0.15539242,9.72589779,6.00000000,0.02739258,-0.04350586,-0.05193640,-0.09734788,0.03674305,0.13531746,0.01150183,0.03754936,0.01710709,-0.01139253,0.01184395,3.84670568,-3.97411466,-0.09734783,0.00072195,-0.00976801,0.27644700,
10086,-0.25826043,-0.00741329,8.67723751,6.00000000,0.02578125,-0.02416992,0.01827647,-0.05524680,0.04526985,0.13531746,0.01150183,0.03960693,0.02361894,-0.01730148,0.01184395,3.82052565,-3.95491624,-0.05524773,-0.00008409,-0.00976801,0.27785429,
10094,-0.18643437,0.00216352,8.88553333,6.00000000,0.02578125,-0.02255859,-0.00250760,0.02602426,0.05552866,0.13531746,0.01150183,0.03754951,0.03646147,-0.03038659,0.01184395,3.76118445,-3.88859367,0.02602331,-0.00049372,-0.00732601,0.27919117,
10102,0.13917705,-0.26598707,9.49605465,6.00000000,0.06284180,-0.05800781,-0.01023500,0.07438720,0.02128822,0.13531746,0.01150183,0.01800321,0.04322274,-0.04161038,0.01184395,3.79958177,-3.86066818,0.07438718,-0.00034194,-0.00732601,0.28307712,
10110,0.52224934,0.01174032,10.36515045,6.00000000,0.07089844,-0.08217774,-0.01689657,0.04241170,0.01289466,0.13523810,0.01150183,0.03652065,0.04068533,-0.03479264,0.01187540,3.79958177,-3.92350030,0.04241148,0.00020718,-0.00732601,0.28303653,
10118,0.21100311,-0.21092044,11.41859913,6.00000000,0.05156250,-0.05639648,0.04385687,-0.04578738,0.01356081,0.13523810,0.01150183,0.05863854,0.02795889,-0.01711368,0.01188538,3.79958177,-3.99854946,-0.04578796,0.00040512,-0.00732601,0.27936259,
10126,1.11601138,0.00455772,10.13291264,6.00000000,0.04995117,-0.03706055,-0.02529015,-0.10041219,0.01436020,0.13531746,0.01150183,0.00154304,0.00911925,-0.01193107,0.01185823,3.80830836,-3.81354451,-0.10041160,-0.00042266,-0.00732601,0.26901233,
10134,-0.39712414,-0.04811472,9.98207760,6.00000000,0.02255859,-0.03544922,-0.04447544,-0.05018401,0.03207995,0.13531746,0.01150183,-0.01285932,0.01591228,-0.02198001,0.01185009,3.86764979,-3.82401657,-0.05018402,-0.00118292,-0.00732601,0.27518457,
10141,-0.43303716,0.58395451,9.35958576,5.00000000,0.01772461,-0.02578125,-0.02076028,-0.00728355,0.02048884,0.13531746,0.01150183,0.01234535,0.02529100,-0.02527998,0.01184659,3.71580577,-3.75769401,-0.00728362,-0.00128014,-0.00732601,0.27038631,
10150,-0.03559967,0.00695192,8.22712803,6.00000000,0.04189453,-0.04350586,0.02813559,0.04707479,0.01276143,0.13531746,0.01150183,0.01800330,0.03499213,-0.03347979,0.01184509,3.63901138,-3.70009804,0.04707384,-0.00133296,-0.00732601,0.26945555,
10158,-0.18643437,-0.24443926,9.58224583,6.00000000,0.05800781,-0.06928711,0.01721063,0.09170726,0.00103708,0.13531746,0.01150183,0.04063547,0.04852193,-0.04152124,0.01184444,3.77165651,-3.90953755,0.09170671,-0.00080659,-0.00732601,0.28509206,
10166,0.12481184,-0.09360455,10.98046017,6.00000000,0.06284180,-0.06606445,0.01894263,0.03215289,0.01635867,0.13531746,0.01150183,0.02417561,0.03705820,-0.03411488,0.01184416,3.82750702,-3.90953755,0.03215167,-0.00009754,-0.00732601,0.28279886,
10174,1.10404038,0.60071397,10.78652954,6.00000000,0.05800781,-0.06123047,0.02214018,-0.06404006,0.04660216,0.13531746,0.01150183,0.04320759,0.02121264,-0.01407902,0.01184404,3.79260063,-3.93920803,-0.06403982,-0.00050219,-0.00732601,0.27563515,
10182,-0.06433009,-0.26359287,10.25980473,6.00000000,0.03544922,-0.03544922,-0.05020437,-0.07922842,0.04047352,0.13531746,0.01150183,0.03086273,0.01703974,-0.01287327,0.01184399,3.84146976,-3.94618964,-0.07922843,-0.00098229,-0.00976801,0.27655858,
10190,-0.33248067,-0.02896111,9.84560871,6.00000000,0.02094727,-0.02578125,-0.01143409,-0.06590530,0.05845974,0.13531746,0.01150183,-0.00668652,0.01316923,-0.01783391,0.01184397,3.81528974,-3.79260063,-0.06590483,-0.00155918,-0.00976801,0.27100793,
10198,-0.10263732,-0.01459589,8.86398602,6.00000000,0.01933594,-0.01933594,-0.04274344,-0.01847498,0.03607690,0.13531746,0.01150183,0.02726178,0.02360088,-0.02011590,0.01184395,3.66693687,-3.75943899,-0.01847587,-0.00210059,-0.00732601,0.26786658,
10206,0.38099143,0.50973427,8.81610107,6.00000000,0.04028320,-0.04350586,0.08169455,0.05013911,0.02341992,0.13531746,0.01150183,0.03549182,0.03639426,-0.03076017,0.01184395,3.63028479,-3.75071239,0.05013880,-0.00238514,-0.00732601,0.27119622,
10213,-0.13376194,-0.22528565,9.94137669,5.00000000,0.04350586,-0.05317383,-0.01249995,0.08358015,0.01595897,0.13531746,0.01150183,0.06892642,0.04766108,-0.03402624,0.01184395,3.63203025,-3.86590433,0.08357954,-0.00199301,-0.00732601,0.27785963,
10222,0.61322898,0.21285327,10.49922562,6.00000000,0.07089844,-0.05317383,0.03146636,0.02362610,0.03594366,0.13531746,0.01150183,0.03600606,0.03396435,-0.02827504,0.01184395,3.67740870,-3.79958177,0.02362488,-0.00139786,-0.00976801,0.27275372,
10230,0.46239430,-0.02417270,10.56865692,6.00000000,0.06445312,-0.06284180,-0.06459337,-0.01927437,0.06432192,0.13531746,0.01150183,-0.02829007,0.01946122,-0.02907960,0.01184395,3.86764979,-3.77165651,-0.01927400,-0.00143116,-0.00976801,0.27552742,
10238,0.21818571,-0.19176681,10.90384579,6.00000000,0.02578125,-0.05800781,-0.02835446,-0.05498033,0.05339696,0.13531746,0.01150183,0.01491701,0.01807624,-0.01760982,0.01184395,3.82576156,-3.87637639,-0.05497979,-0.00169165,-0.00976801,0.27521646,
10246,0.13438866,-0.15345959,9.06270409,6.00000000,0.03061523,-0.02578125,-0.03434987,-0.05684558,0.03274611,0.13531746,0.01150183,0.05298058,0.02010876,-0.01067211,0.01184395,3.63726616,-3.81703496,-0.05684526,-0.00217838,-0.00976801,0.26609710,
10254,-0.27023143,0.31340975,8.67963219,6.00000000,0.02900391,-0.02900391,-0.00863623,-0.01074756,0.02155469,0.13531746,0.01150183,-0.01388774,0.01978749,-0.02599921,0.01184395,3.77165651,-3.72453260,-0.01074903,-0.00264686,-0.00732601,0.27095753,
10262,-0.32050967,-0.01938430,9.10340595,6.00000000,0.02255859,-0.05156250,-0.01210024,0.07531982,-0.00469187,0.13531746,0.01150183,0.02571883,0.04025053,-0.03684942,0.01184395,3.71755123,-3.80481768,0.07531926,-0.00266836,-0.00732601,0.27814654,
10270,0.02186117,0.28946772,9.90546322,6.00000000,0.05800781,-0.05800781,0.02067463,0.05773329,0.00103708,0.13531746,0.01150183,0.04938005,0.04017835,-0.03123789,0.01184395,3.63377547,-3.80132723,0.05773309,-0.00206668,-0.00732601,0.27370811,
10278,0.62280577,0.01652873,10.45613003,6.00000000,0.06767578,-0.06445312,0.01201461,0.02855565,0.00103708,0.13531746,0.01150183,-0.02417524,0.02711840,-0.03562681,0.01184395,3.82576156,-3.74373126,0.02855616,-0.00195356,-0.00732601,0.27646440,
10285,0.13199444,-0.55807966,11.11214066,5.00000000,0.03706055,-0.07250977,-0.03954589,-0.03486242,0.01729129,0.13531746,0.01150183,0.00257198,0.01917837,-0.02156517,0.01184395,3.79085517,-3.79958177,-0.03486260,-0.00172907,-0.00732601,0.27262580,
10294,0.51506674,0.58395451,10.15445995,6.00000000,0.03383789,-0.03544922,0.03559653,-0.07203393,0.03287935,0.13531746,0.01150183,0.00874478,0.01080523,-0.01186068,0.01184395,3.66344595,-3.69311690,-0.07203355,-0.00242664,-0.00732601,0.26145300,
10302,-0.06911849,-0.51977247,9.30451870,6.00000000,0.02416992,-0.02739258,-0.03594864,-0.04352245,0.01502636,0.13531746,0.01150183,-0.00257190,0.01375519,-0.01740204,0.01184395,3.66868210,-3.65995550,-0.04352281,-0.00295379,-0.00732601,0.26250768,
10310,-0.04038807,0.13863301,8.50724983,6.00000000,0.01127930,-0.04511719,-0.00383992,0.04720803,0.00809833,0.13531746,0.01150183,-0.01285939,0.02840712,-0.03420798,0.01184395,3.63552094,-3.59188771,0.04720764,-0.00326930,-0.00976801,0.26541612,
10318,-0.32529807,-0.58920431,9.29733562,6.00000000,0.05156250,-0.05478515,-0.00597162,0.11129225,0.02395285,0.13531746,0.01150183,0.03703484,0.04646328,-0.04028463,0.01184395,3.54650903,-3.67217255,0.11129272,-0.00287518,-0.00976801,0.26974592,
10326,0.87419695,0.59592551,9.68519688,6.00000000,0.07573242,-0.08217774,0.00708505,0.09770267,-0.01681591,0.13531746,0.01150183,0.01234498,0.04322783,-0.04290410,0.01184395,3.66170073,-3.70358872,0.09770266,-0.00194485,-0.00976801,0.27407518,
10334,0.32831898,-1.01297796,11.25100422,6.00000000,0.05639648,-0.08378907,0.00735152,0.03441783,-0.00602418,0.13531746,0.01150183,0.01646018,0.03441561,-0.03330600,0.01184395,3.77863789,-3.83448839,0.03441584,-0.00139555,-0.00976801,0.27847105,
10342,0.90532160,0.72042406,10.45613003,6.00000000,0.05961914,-0.05478515,0.00521981,-0.04991755,0.01489313,0.13531746,0.01150183,0.02674773,0.01945834,-0.01617745,0.01184395,3.69835258,-3.78910995,-0.04991725,-0.00118287,-0.00732601,0.26780152,
10350,0.00749596,-0.50061882,10.19995022,6.00000000,0.03706055,-0.04511719,-0.03848004,-0.06057605,-0.00242694,0.13531746,0.01150183,-0.03394845,0.00977164,-0.02085564,0.01184395,3.79958177,-3.68439007,-0.06057597,-0.00157842,-0.00732601,0.26690221,
10357,0.13678285,0.13863301,9.17762566,5.00000000,0.00644531,-0.04189453,-0.02688891,-0.02380423,0.02142146,0.13531746,0.01150183,-0.04423639,0.01377524,-0.02718342,0.01184395,3.75943899,-3.60934091,-0.02380475,-0.00214921,-0.00732601,0.26539242,
10366,-0.26783723,0.00695192,8.82807255,6.00000000,0.03222656,-0.03867187,0.00668535,0.05240405,0.00263585,0.13531746,0.01150183,0.04012142,0.03617746,-0.02944287,0.01184395,3.50811172,-3.64424753,0.05240300,-0.00227067,-0.00732601,0.26307225,
10374,0.34029001,0.14581563,8.91187000,6.00000000,0.05478515,-0.06284180,0.03319837,0.09197372,-0.02893995,0.13531746,0.01150183,-0.00205741,0.03895304,-0.04204855,0.01184395,3.59886885,-3.59188771,0.09197345,-0.00202842,-0.00732601,0.26733300,
10382,0.17269588,-0.44794640,10.58781052,6.00000000,0.04511719,-0.07412110,-0.01663011,0.09823559,-0.01641622,0.13531746,0.01150183,0.00874431,0.04349639,-0.04401231,0.01184395,3.68264461,-3.71231532,0.09823487,-0.00135927,-0.00732601,0.27518931,
10390,0.80955350,0.81619209,10.82962513,6.00000000,0.07573242,-0.06928711,0.01574508,0.01016974,0.00117031,0.13531746,0.01150183,0.02777629,0.02983367,-0.02612514,0.01184395,3.63377547,-3.72802329,0.01016875,-0.00114231,-0.00732601,0.26760244,
10398,0.46718270,-0.15345959,10.98524857,6.00000000,0.04511719,-0.06284180,-0.03581541,-0.04338922,0.01182881,0.13531746,0.01150183,-0.04680794,0.01278628,-0.02684536,0.01184395,3.85368705,-3.69486189,-0.04338906,-0.00112212,-0.00976801,0.27048919,
10406,-0.05954169,0.20088226,9.98447227,6.00000000,0.01289062,-0.04995117,-0.04141112,-0.05511357,0.01289466,0.13531746,0.01150183,0.00565816,0.01565079,-0.01736799,0.01184395,3.70358872,-3.72278738,-0.05511344,-0.00147358,-0.00976801,0.26521042,
10414,-0.56232405,-0.14388278,9.27578831,6.00000000,0.03383789,-0.02739258,-0.02342490,-0.00528508,0.00356847,0.13531746,0.01150183,-0.00102895,0.02322813,-0.02637456,0.01184395,3.68613529,-3.68264461,-0.00528553,-0.00173195,-0.00976801,0.26673505,
10422,-0.00686925,0.53846473,8.75385189,6.00000000,0.03383789,-0.06284180,0.01068230,0.05213758,-0.00788942,0.13531746,0.01150183,-0.03909267,0.02857187,-0.04052690,0.01184395,3.70358872,-3.57094383,0.05213776,-0.00176992,-0.00976801,0.26748183,
10429,0.07932201,-0.12233497,9.66843700,5.00000000,0.03867187,-0.07089844,-0.02675568,0.09850205,-0.03253720,0.13531746,0.01150183,0.03446267,0.04608893,-0.04053475,0.01184395,3.56919837,-3.68613529,0.09850204,-0.00141231,-0.00976801,0.27014720,
10438,0.60125798,0.44030243,10.28374672,6.00000000,0.07895508,-0.07250977,0.03519685,0.04667510,0.00223616,0.13531746,0.01150183,0.00205758,0.03377004,-0.03601289,0.01184395,3.61632204,-3.62330365,0.04667453,-0.00067293,-0.00976801,0.26582029,
10446,0.55816233,-0.39766815,10.80807781,6.00000000,0.05156250,-0.08378907,-0.02076028,0.01323406,-0.00549125,0.13531746,0.01150183,-0.03240556,0.02545814,-0.03593084,0.01184395,3.78038335,-3.67042756,0.01323327,-0.00023459,-0.00976801,0.27105126,
10454,0.38338563,0.06680696,11.20551491,6.00000000,0.03383789,-0.06284180,-0.04007881,-0.06710438,0.00170323,0.13531746,0.01150183,0.01851752,0.01652679,-0.01522688,0.01184395,3.66170073,-3.72453260,-0.06710470,-0.00020449,-0.00976801,0.26288584,
10462,0.38338563,-0.06008573,9.57745743,6.00000000,0.03383789,-0.03222656,0.00961644,-0.04045814,0.05206464,0.13531746,0.01150183,-0.01440192,0.01598523,-0.02238574,0.01184395,3.68613529,-3.63726616,-0.04045858,-0.00101432,-0.00976801,0.26254007,
10470,-0.31332707,0.14820983,9.23987484,6.00000000,0.02578125,-0.05317383,-0.02942031,0.01123559,-0.00002877,0.13531746,0.01150183,-0.00514363,0.02614247,-0.03020201,0.01184395,3.66693687,-3.64948368,0.01123507,-0.00122983,-0.00976801,0.26603478,
10478,0.17269588,-0.28753489,8.94060040,6.00000000,0.03544922,-0.04672851,-0.01516456,0.06679302,0.00556694,0.13531746,0.01150183,0.01183058,0.03778924,-0.03767169,0.01184395,3.59712362,-3.63726616,0.06679288,-0.00122123,-0.00976801,0.26708910,
10486,0.49351892,0.22003587,9.69716740,6.00000000,0.06928711,-0.06284180,0.04332395,0.07052349,0.02635101,0.13531746,0.01150183,0.01285943,0.03883559,-0.03845927,0.01184395,3.57967043,-3.62330365,0.07052319,-0.00091353,-0.00976801,0.26622072,
10494,0.36183780,-0.53892606,10.69554996,6.00000000,0.05478515,-0.07895508,-0.03848004,0.06452809,-0.03240396,0.13531746,0.01150183,0.04526475,0.04369593,-0.03568028,0.01184395,3.64075685,-3.79434562,0.06452695,-0.00036608,-0.00976801,0.27420062,
10501,0.66829562,-0.18219002,10.86553860,5.00000000,0.06606445,-0.05478515,0.00148933,-0.01687620,0.04660216,0.13531746,0.01150183,0.01131628,0.02467033,-0.02491334,0.01184395,3.64075685,-3.67915416,-0.01687596,-0.00002954,-0.00976801,0.26412329,
10510,0.40732765,0.12187360,10.19755554,6.00000000,0.04511719,-0.04672851,-0.05286901,-0.02247191,0.04580277,0.13531746,0.01725275,-0.00462930,0.02108967,-0.02647408,0.01184395,3.69486189,-3.67915416,-0.02247152,-0.00025445,-0.00976801,0.26567888,
10518,-0.12657933,-0.15585379,9.69956207,6.00000000,0.03061523,-0.05800781,-0.05353516,-0.00461893,-0.00282663,0.13531746,0.01725275,0.03960679,0.02910956,-0.02400081,0.01184395,3.60235953,-3.73675013,-0.00461920,-0.00043575,-0.00976801,0.26570779,
10526,-0.29656765,-0.01220169,9.12734795,6.00000000,0.04511719,-0.03706055,-0.00463931,0.02309317,0.02315346,0.13531746,0.01150183,0.01080162,0.03044178,-0.03068795,0.01184395,3.58316112,-3.61981273,0.02309339,-0.00028912,-0.00732601,0.26278201,
10534,0.12720604,0.05962436,9.05791569,6.00000000,0.05961914,-0.05478515,0.01547861,0.05093850,-0.00069493,0.13531746,0.01150183,0.01440251,0.03619902,-0.03550733,0.01184395,3.58141565,-3.63028479,0.05093860,-0.00013530,-0.00732601,0.26511717,
10542,-0.16009817,0.12426780,10.12812424,6.00000000,0.04511719,-0.07250977,-0.02329167,0.08224784,-0.02321101,0.13531746,0.01150183,0.02520430,0.04492755,-0.04158244,0.01184395,3.62504888,-3.71057010,0.08224739,0.00032172,-0.00976801,0.27187914,
10550,0.61322898,0.32298654,10.39866924,6.00000000,0.07250977,-0.06606445,0.05051844,0.01456637,0.01635867,0.13531746,0.01150183,0.01388838,0.03135207,-0.03088111,0.01184395,3.60934091,-3.65646482,0.01456568,0.00066782,-0.00976801,0.26444149,
10558,0.49591312,-0.22528565,10.50161934,6.00000000,0.05156250,-0.06445312,-0.05340194,-0.00355308,0.01489313,0.13531746,0.01150183,-0.01543105,0.02509590,-0.03160138,0.01184395,3.70882463,-3.65646482,-0.00355358,0.00061400,-0.00976801,0.26673409,
10566,0.07213940,0.23200688,10.14488316,6.00000000,0.03383789,-0.06606445,-0.04607422,-0.02900024,0.01316112,0.13531746,0.01150183,-0.00668661,0.02124793,-0.02576885,0.01184395,3.68089938,-3.65821028,-0.02900010,0.00054290,-0.00976801,0.26394022,
10573,-0.12657933,-0.18697841,9.46732426,5.00000000,0.04672851,-0.04028320,-0.02489045,-0.01341219,0.02994826,0.13531746,0.01150183,0.01337374,0.02600546,-0.02574582,0.01184395,3.62504888,-3.67042756,-0.01341241,0.00040345,-0.00976801,0.26348862,
10582,0.03143798,0.56001252,9.06509876,6.00000000,0.03706055,-0.05961914,-0.00717070,0.02828919,-0.00109462,0.13531746,0.01150183,0.03909260,0.03625774,-0.02980138,0.01184395,3.56396222,-3.69660735,0.02828882,0.00028126,-0.00976801,0.26524660,
10590,-0.10981993,-0.19894943,9.67562008,6.00000000,0.04350586,-0.06123047,-0.02409106,0.06412840,-0.01974700,0.13531746,0.01150183,0.02520438,0.04238878,-0.03909598,0.01184395,3.66519141,-3.75071239,0.06412820,0.00052838,-0.00976801,0.27347580,
10598,0.28522336,0.65099216,9.89349270,6.00000000,0.07573242,-0.06445312,0.03266545,0.05120496,0.02874917,0.13531746,0.01150183,0.01646027,0.03942439,-0.03822939,0.01184395,3.66868210,-3.72453260,0.05120485,0.00092439,-0.00976801,0.27171639,
10606,0.34986681,0.06920116,10.75540447,6.00000000,0.05800781,-0.07734375,-0.02195937,0.02349287,-0.02294455,0.13531746,0.01150183,-0.01234486,0.03166156,-0.03734788,0.01184395,3.75594854,-3.71406078,0.02349193,0.00109291,-0.00976801,0.27249101,
10614,0.16790748,-0.17021900,10.67160797,6.00000000,0.04511719,-0.07412110,0.00482012,-0.02300484,0.02048884,0.13531746,0.01150183,0.02726190,0.02763108,-0.02411066,0.01184395,3.65471935,-3.74722195,-0.02300504,0.00119632,-0.00976801,0.26665249,
10622,0.44563487,0.63902116,10.02277946,6.00000000,0.05478515,-0.03867187,0.00881706,-0.06097575,0.01942299,0.13531746,0.01150183,-0.01183033,0.01507543,-0.02090646,0.01184395,3.69311690,-3.65297413,-0.06097580,0.00069475,-0.00976801,0.26187503,
10630,0.04819739,-0.44076380,8.95496559,6.00000000,0.02578125,-0.05156250,-0.03035293,-0.02260515,0.00849803,0.13531746,0.01150183,-0.02006045,0.01997731,-0.02764066,0.01184395,3.67217255,-3.60410500,-0.02260647,0.00019498,-0.00976801,0.26212615,
10638,-0.42824876,0.12187360,8.87356281,6.00000000,0.02578125,-0.05317383,-0.03048616,0.03828153,0.02808302,0.13531746,0.01150183,0.03909252,0.03863923,-0.03215124,0.01184395,3.60759544,-3.74024057,0.03828095,0.00031978,-0.00976801,0.26913440,
10645,0.13678285,0.34214017,9.15128994,5.00000000,0.06767578,-0.04350586,0.01294722,0.05693391,0.01782421,0.13531746,0.01150183,0.03086257,0.04160256,-0.03699578,0.01184395,3.63726616,-3.74198580,0.05693365,0.00057705,-0.00976801,0.27162555,
10654,0.34268421,-0.19176681,10.56386852,6.00000000,0.05639648,-0.07734375,-0.02648921,0.04814065,0.01102942,0.13531746,0.01150183,-0.03034800,0.03473151,-0.04459281,0.01184395,3.86415887,-3.76118445,0.04814086,0.00095414,-0.00976801,0.27990887,
10662,0.44563487,-0.25401607,10.65245438,6.00000000,0.05156250,-0.08378907,0.02000848,-0.00821617,0.02501870,0.13531746,0.01150183,0.04835092,0.03451546,-0.02596995,0.01184395,3.75769401,-3.92175484,-0.00821666,0.00125340,-0.00976801,0.27778432,
10670,0.13917705,-0.01459589,10.64766598,6.00000000,0.06123047,-0.04189453,0.00108964,-0.07123455,0.02648424,0.13531746,0.01150183,0.03600642,0.02182606,-0.01639021,0.01184395,3.81878042,-3.94095349,-0.07123423,0.00108540,-0.00976801,0.27612588,
10678,0.47197109,-0.47907102,9.68998528,6.00000000,0.03544922,-0.04350586,-0.00770362,-0.08895430,0.03354550,0.13531746,0.01150183,-0.05143711,0.00694618,-0.02221588,0.01184395,3.94618964,-3.77165651,-0.08895351,0.00031561,-0.00976801,0.27332273,
10686,-0.46416178,-0.20134363,9.34282589,6.00000000,0.01289062,-0.04833984,-0.05526718,-0.03019933,0.03927444,0.13531746,0.01150183,0.05195206,0.02841244,-0.01910759,0.01184395,3.71755123,-3.89382958,-0.03020009,-0.00027327,-0.00976801,0.27372304,
10694,-0.14573295,0.17933445,9.41704655,6.00000000,0.05639648,-0.02739258,0.00202226,0.00364141,0.00729894,0.13531746,0.01150183,0.03189128,0.03103724,-0.02636723,0.01184395,3.67915416,-3.78736448,0.00364050,-0.00049817,-0.00976801,0.27092525,
10702,0.06495680,-0.00501909,9.40986347,6.00000000,0.04511719,-0.04995117,0.01028259,0.05666744,0.02155469,0.13531746,0.01150183,-0.01285915,0.03565959,-0.04138895,0.01184395,3.77863789,-3.73500466,0.05666652,-0.00050529,-0.00976801,0.27647787,
10710,0.49351892,-0.16782480,10.05629826,6.00000000,0.05317383,-0.08217774,0.01747709,0.02522487,-0.01535037,0.13531746,0.01150183,0.08281454,0.04100043,-0.02424040,0.01184395,3.55872631,-3.83972430,0.02522498,-0.00020135,-0.00976801,0.27002266,
10717,0.22297411,0.10511419,10.75061607,5.00000000,0.06767578,-0.04028320,0.01374661,-0.00368631,0.02675071,0.13531746,0.01150183,0.02417567,0.02977024,-0.02693823,0.01184395,3.73325920,-3.81528974,-0.00368784,-0.00014077,-0.00976801,0.27336755,
10726,0.36662620,-0.35696673,10.48007202,6.00000000,0.04511719,-0.04833984,-0.01649687,-0.06643824,0.02661747,0.13531746,0.01150183,-0.02829076,0.01158368,-0.02133076,0.01184395,3.79085517,-3.69486189,-0.06643760,-0.00028507,-0.00976801,0.26654059,
10734,0.14396545,-0.17979582,9.53675652,6.00000000,0.01933594,-0.04995117,-0.04727330,-0.04059137,0.02168792,0.13531746,0.01150183,0.04166417,0.02361998,-0.01678437,0.01184395,3.65821028,-3.79958177,-0.04059125,-0.00083803,-0.00976801,0.26740208,
10742,-0.38275892,0.13145041,9.21832752,6.00000000,0.04028320,-0.02094727,0.03466392,0.00430756,0.03247965,0.13531746,0.01150183,0.00874480,0.02750749,-0.02830799,0.01184395,3.71406078,-3.74373126,0.00430647,-0.00111681,-0.00976801,0.27065721,
10750,-0.29177925,-0.12712337,9.41225815,5.00000000,0.03867187,-0.04672851,0.00095641,0.04933973,0.00516724,0.13531746,0.01150183,0.01491684,0.03641554,-0.03561807,0.01184395,3.67915416,-3.72976851,0.04933956,-0.00092257,-0.00976801,0.27215055,
10758,-0.07630110,0.28946772,9.77138805,6.00000000,0.04833984,-0.07250977,-0.02062704,0.06612686,-0.01415129,0.13531746,0.01150183,0.06686869,0.04622316,-0.03310536,0.01184395,3.59188771,-3.81878042,0.06612700,-0.00049134,-0.00976801,0.27343091,
10766,-0.18643437,0.18651704,10.53513813,6.00000000,0.07573242,-0.05478515,0.05571446,0.03028766,0.02861594,0.13531746,0.01150183,0.02674776,0.03690967,-0.03336186,0.01184395,3.75245786,-3.84321499,0.03028718,0.00013072,-0.00976801,0.27753899,
10774,0.73533326,-0.16064219,10.72428036,6.00000000,0.05156250,-0.05639648,-0.01902827,-0.03526212,-0.00002877,0.13523810,0.01150183,-0.02160369,0.01837800,-0.02644986,0.01187540,3.80132723,-3.72802329,-0.03526222,-0.00020168,-0.00976801,0.27038246,
10782,0.36662620,0.29425612,10.30529499,6.00000000,0.02578125,-0.06606445,-0.00797009,-0.04019167,0.00943064,0.13523810,0.01150183,0.01800314,0.02161040,-0.02035433,0.01188538,3.72976851,-3.79085517,-0.04019151,-0.00055129,-0.00976801,0.26970869,
10789,-0.51922840,0.05244175,10.23825741,5.00000000,0.03706055,-0.02900391,0.02027495,-0.03845966,0.03794213,0.13523810,0.01150183,0.00668709,0.01997316,-0.02138539,0.01188968,3.71580577,-3.73849511,-0.03845944,-0.00070969,-0.00976801,0.26743010,
10798,0.04340899,0.44269663,8.78018856,6.00000000,0.02739258,-0.03544922,0.00575273,-0.00661740,0.00370170,0.13523810,0.01150183,-0.00411483,0.02312350,-0.02699295,0.01189152,3.65646482,-3.64250207,-0.00661890,-0.00103482,-0.00976801,0.26410767,
10806,-0.02362866,-0.30668849,9.13692474,6.00000000,0.03383789,-0.05961914,0.01094875,0.02362610,0.01196204,0.13523810,0.01150183,0.05452364,0.03619954,-0.02613534,0.01189232,3.61457705,-3.79958177,0.02362517,-0.00105512,-0.00976801,0.27047604,
10814,0.38577983,0.35650536,9.60858250,6.00000000,0.05961914,-0.04350586,0.02094110,0.07998291,0.01742452,0.13531746,0.01150183,0.04166456,0.04518623,-0.03798126,0.01186122,3.63726616,-3.77863789,0.07998291,-0.00091020,-0.00976801,0.27462527,
10822,0.09129302,-0.46949422,10.97567177,6.00000000,0.05639648,-0.06445312,0.00721828,0.01469960,0.00263585,0.13531746,0.01150183,-0.00822993,0.02812885,-0.03289251,0.01185137,3.71231532,-3.68439007,0.01469896,-0.00032575,-0.00976801,0.26919624,
10830,0.69702607,0.11708520,10.39148617,6.00000000,0.04672851,-0.07895508,0.01308046,-0.01221311,0.04220553,0.13531746,0.01150183,0.05658118,0.03182569,-0.02137368,0.01184715,3.67915416,-3.87114024,-0.01221274,-0.00030551,-0.00976801,0.27281275,
10838,-0.22234741,0.28467932,10.35078526,6.00000000,0.05478515,-0.03706055,0.02587065,-0.06337390,0.04113968,0.13531746,0.01150183,0.02160404,0.01876645,-0.01672622,0.01184533,3.76292992,-3.83623385,-0.06337330,-0.00023756,-0.00976801,0.27087513,
10846,0.23494512,-0.32344791,9.33324909,6.00000000,0.02416992,-0.03061523,-0.00890269,-0.04152398,0.04020706,0.13531746,0.01150183,0.01234507,0.02082876,-0.02091509,0.01184454,3.77514720,-3.81703496,-0.04152416,-0.00079508,-0.00976801,0.27220607,
10854,-0.08348370,0.11708520,9.19438553,6.00000000,0.03706055,-0.05317383,-0.01836211,-0.00941525,0.03541074,0.13531746,0.01150183,0.04526501,0.02925744,-0.02148046,0.01184421,3.64773822,-3.80132723,-0.00941627,-0.00113057,-0.00976801,0.26934597,
10861,-0.08108950,-0.02896111,9.34282589,5.00000000,0.04995117,-0.03544922,0.02560420,0.05027235,0.01902329,0.13531746,0.01150183,0.03549176,0.03936915,-0.03371484,0.01184406,3.69660735,-3.81703496,0.05027189,-0.00110867,-0.00976801,0.27601427,
10870,0.32592478,-0.28035229,9.80730152,6.00000000,0.05156250,-0.05156250,0.00095641,0.02868888,0.02661747,0.13531746,0.01150183,0.02160395,0.03356344,-0.03125039,0.01184400,3.67217255,-3.74547672,0.02868896,-0.00087715,-0.00976801,0.27096972,
10878,0.57492179,0.25594890,10.31008339,6.00000000,0.06123047,-0.07250977,0.03426422,0.01043620,0.01396051,0.13531746,0.01150183,0.06686865,0.03518164,-0.02224195,0.01184397,3.56745291,-3.79434562,0.01043651,-0.00093849,-0.00976801,0.26762185,
10886,-0.08827211,-0.36654353,10.72188568,6.00000000,0.05800781,-0.04028320,-0.00224113,-0.02979963,0.02941533,0.13531746,0.01150183,0.04680829,0.02640353,-0.01832014,0.01184396,3.66519141,-3.82401657,-0.02979956,-0.00081754,-0.00976801,0.26932332,
10894,0.57252759,0.30622715,9.53436184,6.00000000,0.03383789,-0.02739258,-0.01742949,-0.07549795,0.03101410,0.13531746,0.01150183,0.00205766,0.01167279,-0.01429889,0.01184395,3.69311690,-3.70009804,-0.07549705,-0.00122313,-0.00976801,0.26253057,
10902,0.08889882,0.02849974,8.82567787,6.00000000,0.03383789,-0.04028320,-0.02502368,-0.01461127,0.02315346,0.13531746,0.01150183,0.02006049,0.02359239,-0.02179158,0.01184395,3.62679434,-3.69486189,-0.01461251,-0.00184408,-0.00976801,0.26435059,
10910,-0.60302550,0.12187360,9.40746975,6.00000000,0.02900391,-0.03544922,-0.01716303,0.05080527,0.00263585,0.13531746,0.01150183,0.04423631,0.03932596,-0.03161439,0.01184395,3.64599276,-3.79609108,0.05080511,-0.00165009,-0.00976801,0.27345893,
10918,0.49591312,0.12187360,9.68519688,6.00000000,0.04672851,-0.04672851,0.05091813,0.06279609,-0.01934730,0.13531746,0.01150183,0.01851763,0.03756676,-0.03589039,0.01184395,3.62155819,-3.68439007,0.06279661,-0.00172544,-0.00976801,0.26939341,
10926,0.80715930,-0.23486245,10.14009476,6.00000000,0.06445312,-0.08217774,-0.00836977,0.04814065,-0.01761530,0.13531746,0.01150183,0.02211809,0.03590955,-0.03342514,0.01184395,3.64075685,-3.71580577,0.04814049,-0.00151930,-0.00976801,0.27016556,
10933,-0.25347203,0.74436605,10.95172977,5.00000000,0.05317383,-0.06123047,0.02600388,0.01030297,-0.02520948,0.13531746,0.01150183,0.00462956,0.02826498,-0.03001816,0.01184395,3.73325920,-3.74896717,0.01030203,-0.00110934,-0.00976801,0.27197763,
10942,0.15593646,-0.33063051,10.43937016,6.00000000,0.04189453,-0.04833984,-0.01529781,-0.04232337,0.00196970,0.13531746,0.01150183,0.00822994,0.01812962,-0.01919424,0.01184395,3.63203025,-3.65995550,-0.04232339,-0.00102013,-0.00976801,0.26126599,
10950,0.02186117,0.42354301,9.60139942,6.00000000,0.04028320,-0.05639648,-0.02848769,-0.02353777,0.00583340,0.13531746,0.01150183,-0.01337393,0.01843356,-0.02454476,0.01184395,3.66170073,-3.61632204,-0.02353694,-0.00136281,-0.00976801,0.26212189,
10958,-0.59105444,-0.26359287,9.42901707,6.00000000,0.02739258,-0.04189453,-0.03075262,0.01376698,0.00516724,0.13531746,0.01150183,-0.00205743,0.02621634,-0.02954565,0.01184395,3.64424753,-3.63726616,0.01376665,-0.00162199,-0.00976801,0.26495293,
10966,0.22536832,-0.08642194,8.92623520,6.00000000,0.03706055,-0.04995117,0.01201461,0.02322640,-0.00029524,0.13531746,0.01150183,0.03652070,0.03186429,-0.02605939,0.01184395,3.52556515,-3.64948368,0.02322632,-0.00163010,-0.00976801,0.26177937,
10974,0.29480016,-0.12951757,9.51281452,6.00000000,0.05156250,-0.06606445,0.01840971,0.06519425,-0.01694914,0.13531746,0.01150183,0.03446307,0.04035500,-0.03490499,0.01184395,3.61457705,-3.73151398,0.06519420,-0.00155884,-0.00976801,0.27102235,
10982,-0.02123446,-0.00262489,11.02834415,6.00000000,0.04511719,-0.05800781,-0.01143409,0.03588337,-0.01828146,0.13531746,0.01150183,0.00102884,0.03238472,-0.03490794,0.01184395,3.71929669,-3.72278738,0.03588286,-0.00101905,-0.00976801,0.27237698,
10990,0.90053320,0.11469100,10.25022793,6.00000000,0.04833984,-0.06123047,-0.00677101,-0.01607681,0.00223616,0.13531746,0.01150183,-0.00925870,0.02050330,-0.02561701,0.01184395,3.64773822,-3.61632204,-0.01607659,-0.00114251,-0.00976801,0.26215667,
10998,-0.04996488,-0.00501909,10.33163166,6.00000000,0.03706055,-0.06123047,-0.02848769,-0.02020698,-0.01401805,0.13531746,0.01150183,0.02366120,0.02492462,-0.02228170,0.01184395,3.71580577,-3.79609108,-0.02020682,-0.00126191,-0.00976801,0.27084130,
11005,-0.22474161,-0.26359287,9.90785789,5.00000000,0.02900391,-0.03544922,-0.00610483,-0.03859290,0.01089619,0.13531746,0.01150183,0.00308647,0.01843992,-0.02071086,0.01184395,3.69486189,-3.70533395,-0.03859280,-0.00130131,-0.00976801,0.26545912,
11014,0.28282917,-0.01699010,9.05312729,6.00000000,0.03544922,-0.03706055,-0.04380929,0.00630603,0.02968179,0.13531746,0.01150183,0.02314702,0.02699054,-0.02439570,0.01184395,3.57443428,-3.65297413,0.00630549,-0.00172093,-0.00732601,0.26245072,
11022,-0.37318212,0.19369966,9.44098854,6.00000000,0.04995117,-0.05156250,-0.01623043,0.05746683,-0.00695680,0.13531746,0.01150183,0.02983368,0.03801348,-0.03367921,0.01184395,3.61457705,-3.71580577,0.05746669,-0.00148942,-0.00732601,0.26989269,
11030,-0.22953001,-0.10796976,10.04193306,6.00000000,0.04511719,-0.04833984,-0.01876181,0.06679302,-0.00495833,0.13531746,0.01150183,0.04680814,0.04254222,-0.03416445,0.01184395,3.59014225,-3.74896717,0.06679278,-0.00093470,-0.00732601,0.27088517,
11038,0.79279411,0.25355470,9.83603191,6.00000000,0.07412110,-0.05961914,0.02946790,0.01896300,-0.01108697,0.13531746,0.01150183,0.03343438,0.03213597,-0.02705689,0.01184395,3.55872631,-3.67217255,0.01896352,-0.00057063,-0.00732601,0.26349497,
11046,-0.15291555,-0.16303641,10.86314392,6.00000000,0.05478515,-0.06284180,-0.05473425,-0.00088845,-0.01961377,0.13531746,0.01150183,-0.00668688,0.02557690,-0.03002467,0.01184395,3.75594854,-3.73325920,-0.00088852,-0.00036570,-0.00732601,0.27141935,
11054,0.02664957,0.45945606,10.23825741,6.00000000,0.02739258,-0.04833984,-0.01476488,-0.04312276,0.01329435,0.13531746,0.01150183,-0.01851734,0.01533942,-0.02271042,0.01184395,3.67915416,-3.61632204,-0.04312116,-0.00038277,-0.00732601,0.26133469,
11062,0.33071318,-0.04572052,9.13692474,6.00000000,0.03383789,-0.04189453,-0.04500837,-0.04951786,-0.00535802,0.13531746,0.01150183,0.01131612,0.01748364,-0.01783855,0.01184395,3.62504888,-3.66344595,-0.04951803,-0.00079202,-0.00976801,0.26061785,
11070,-0.50486320,0.02371133,9.03876209,6.00000000,0.02416992,-0.04350586,-0.01623043,0.04094616,0.00130354,0.13531746,0.01150183,-0.00154298,0.03269969,-0.03581647,0.01184395,3.71406078,-3.70882463,0.04094531,-0.00115503,-0.00976801,0.27204815,
11077,0.01707277,-0.02896111,9.46732426,5.00000000,0.03544922,-0.05317383,-0.02142643,0.02962150,0.00223616,0.13531746,0.01150183,0.02468995,0.03353227,-0.03048766,0.01184395,3.61283159,-3.69660735,0.02962152,-0.00082951,-0.00976801,0.26711473,
11086,0.55816233,0.45227343,9.85757923,6.00000000,0.06445312,-0.05639648,-0.00863623,0.05680067,-0.00149432,0.13531746,0.01150183,0.02520439,0.03847277,-0.03522519,0.01184395,3.62330365,-3.70882463,0.05680056,-0.00097095,-0.00976801,0.26990765,
11094,-0.33248067,-0.08642194,10.66203117,6.00000000,0.05639648,-0.07250977,-0.02542337,0.01869654,-0.01361836,0.13531746,0.01150183,0.03291997,0.03395832,-0.02899774,0.01184395,3.67042756,-3.78212833,0.01869603,-0.00039644,-0.00976801,0.27151060,
11102,0.14396545,0.15539242,10.31487179,6.00000000,0.04350586,-0.04995117,-0.01756274,-0.01980729,0.00676602,0.13531746,0.01150183,0.01646007,0.02504295,-0.02408484,0.01184395,3.69311690,-3.74896717,-0.01980728,-0.00032742,-0.00976801,0.26833951,
11110,0.21100311,0.13384461,9.63731289,6.00000000,0.05478515,-0.04672851,-0.05380163,-0.04325598,-0.00429217,0.13531746,0.01150183,-0.04320760,0.01305070,-0.02625104,0.01184395,3.75769401,-3.61108613,-0.04325542,-0.00050275,-0.00976801,0.26398227,
11118,-0.24628942,0.23679528,9.74505138,6.00000000,0.02255859,-0.05639648,-0.03861327,0.01296760,-0.01708237,0.13531746,0.01150183,-0.00925867,0.02703161,-0.03204945,0.01184395,3.70533395,-3.67391801,0.01296728,-0.00073325,-0.00976801,0.26843801,
11126,-0.33487487,0.21285327,9.41465187,6.00000000,0.03061523,-0.04833984,0.00135610,0.01056943,-0.02893995,0.13531746,0.01150183,0.02623321,0.03071303,-0.02735646,0.01184395,3.59886885,-3.68788075,0.01056933,-0.00040192,-0.00976801,0.26491094,
11134,0.73533326,-0.00980749,8.95975399,6.00000000,0.05961914,-0.05961914,0.00855059,0.05386959,-0.01441775,0.13531746,0.01150183,-0.00360069,0.03437027,-0.03792665,0.01184395,3.62330365,-3.61108613,0.05386930,-0.00067956,-0.00976801,0.26615214,
11142,-0.36839372,-0.06487413,10.55908012,6.00000000,0.04833984,-0.07573242,-0.04141112,0.06292932,-0.01694914,0.13531746,0.01150183,0.01183061,0.03975781,-0.03963523,0.01184395,3.69660735,-3.73675013,0.06292913,-0.00014047,-0.00976801,0.27402157,
11149,0.68266082,0.11229680,10.48246574,5.00000000,0.05639648,-0.06928711,-0.01130085,0.00550665,0.01409374,0.13531746,0.01150183,0.03291997,0.03123547,-0.02631135,0.01184395,3.60585046,-3.71755123,0.00550637,-0.00008755,-0.00976801,0.26587254,
11158,0.32353058,-0.09599875,10.35557365,6.00000000,0.05800781,-0.06123047,-0.04287667,-0.03606150,0.00969711,0.13531746,0.01150183,-0.00205737,0.01973314,-0.02319338,0.01184395,3.68962598,-3.68264461,-0.03606094,-0.00015266,-0.00976801,0.26463038,
11166,-0.42346033,-0.30908272,9.79054165,6.00000000,0.02739258,-0.05478515,-0.06446012,-0.00794971,0.00316878,0.13531746,0.01150183,-0.00051424,0.02559436,-0.02860514,0.01184395,3.74896717,-3.74722195,-0.00794987,-0.00026681,-0.00976801,0.27116045,
11174,-0.26544303,-0.11275817,9.29733562,6.00000000,0.03383789,-0.04350586,-0.01649687,-0.00794971,0.01982268,0.13531746,0.01150183,-0.00308617,0.02475867,-0.02837658,0.01184395,3.70533395,-3.69486189,-0.00794986,-0.00024591,-0.00976801,0.26768073,
11182,0.49830732,0.25116050,9.23029804,6.00000000,0.04511719,-0.06123047,-0.00397314,0.04654187,0.00956388,0.13531746,0.01150183,0.02829074,0.03841991,-0.03446767,0.01184395,3.68439007,-3.78038335,0.04654149,-0.00048843,-0.00976801,0.27397230,
11190,-0.16249236,-0.25641027,10.33642006,6.00000000,0.04511719,-0.06928711,-0.01609718,0.03255259,-0.02427686,0.13531746,0.01150183,0.02366124,0.03709687,-0.03427299,0.01184395,3.79085517,-3.87114024,0.03255212,-0.00004653,-0.00976801,0.28010738,
11198,0.77842891,-0.15345959,9.92940521,6.00000000,0.05156250,-0.05639648,-0.00810330,0.00044386,0.03674305,0.13531746,0.01150183,0.03292002,0.03114025,-0.02623389,0.01184395,3.70009804,-3.81179905,0.00044391,-0.00028486,-0.00976801,0.27233845,
11206,0.33550158,0.15539242,10.35796738,6.00000000,0.05639648,-0.05156250,-0.04900532,-0.03766027,0.01316112,0.13531746,0.01150183,0.00257198,0.02089785,-0.02327339,0.01184395,3.79085517,-3.79958177,-0.03766045,-0.00041492,-0.00976801,0.27242300,
11214,0.15354227,-0.17261320,10.20473862,6.00000000,0.02739258,-0.05317383,-0.03634834,-0.03526212,0.02675071,0.13531746,0.01150183,0.00925883,0.02131556,-0.02211110,0.01184395,3.75420332,-3.78561902,-0.03526212,-0.00078257,-0.00976801,0.27076203,
11221,0.18945529,0.19848806,9.98447227,5.00000000,0.03222656,-0.03222656,-0.01862859,-0.03885936,0.02728363,0.13531746,0.01150183,0.04937993,0.02344181,-0.01478544,0.01184395,3.56570768,-3.73325920,-0.03885920,-0.00117996,-0.00976801,0.26177022,
11230,0.51985514,-0.09121035,8.88074493,6.00000000,0.04028320,-0.02900391,-0.00517223,-0.00861587,0.00689925,0.13531746,0.01150183,0.00051467,0.02253293,-0.02532480,0.01184395,3.65471935,-3.65646482,-0.00861623,-0.00168555,-0.00976801,0.26440573,
11238,-0.15291555,-0.16303641,9.35719109,6.00000000,0.02416992,-0.05156250,-0.02902061,0.05227081,0.00263585,0.13531746,0.01150183,0.01337377,0.03567466,-0.03524374,0.01184395,3.67915416,-3.72453260,0.05227040,-0.00168252,-0.00976801,0.27217326,
11246,0.21579151,0.32059234,9.51760292,6.00000000,0.05639648,-0.05478515,0.01134845,0.05466898,-0.01361836,0.13531746,0.01150183,0.07869926,0.04422911,-0.02836679,0.01184395,3.56047177,-3.82750702,0.05466906,-0.00133321,-0.00976801,0.27177772,
11254,0.51506674,-0.28514069,10.36275578,6.00000000,0.07250977,-0.05639648,-0.05513395,0.00883743,-0.01934730,0.13531746,0.01150183,-0.03549139,0.02375960,-0.03498600,0.01184395,3.83797884,-3.71755123,0.00883554,-0.00105501,-0.00976801,0.27452847,
11262,0.63717103,0.30622715,10.59978199,6.00000000,0.03061523,-0.07250977,-0.03901296,0.00937035,-0.00562449,0.13531746,0.01150183,-0.02108924,0.02581079,-0.03363595,0.01184395,3.83448839,-3.76292992,0.00937014,-0.00105020,-0.00976801,0.27608573,
11270,-0.08108950,0.22721848,10.29571819,6.00000000,0.04189453,-0.04833984,-0.05513395,-0.03859290,-0.01988023,0.13531746,0.01150183,0.05195174,0.02518154,-0.01591302,0.01184395,3.65122867,-3.82750702,-0.03859282,-0.00093863,-0.00976801,0.26830617,
11278,0.64195943,0.26791990,9.16565514,6.00000000,0.04350586,-0.03867187,0.00881706,-0.04858524,-0.01614976,0.13531746,0.01150183,-0.04217869,0.01088070,-0.02387074,0.01184395,3.77340174,-3.63028479,-0.04858506,-0.00159563,-0.00976801,0.26486117,
11286,-0.28699085,-0.42400438,9.69956207,6.00000000,0.01127930,-0.05156250,-0.06485981,0.02322640,-0.01321867,0.13531746,0.01150183,-0.01183063,0.02728920,-0.03289761,0.01184395,3.71929669,-3.67915416,0.02322612,-0.00174805,-0.00976801,0.26987770,
11293,0.00031335,0.70845300,9.48887253,5.00000000,0.04672851,-0.05317383,0.01281399,0.02615749,-0.00282663,0.13531746,0.01150183,0.00771577,0.02949839,-0.03048202,0.01184395,3.60934091,-3.63552094,0.02615832,-0.00156004,-0.00976801,0.26452270,
11302,0.30437696,-0.61075211,9.52239132,6.00000000,0.05317383,-0.06284180,-0.00863623,0.05466898,-0.00615741,0.13531746,0.01150183,-0.01903170,0.03251234,-0.03971773,0.01184395,3.71231532,-3.64773822,0.05466826,-0.00133372,-0.00976801,0.27076542,
11310,-0.31811547,0.21045907,10.49922562,6.00000000,0.04511719,-0.08217774,-0.01476488,0.05466898,-0.00682357,0.13531746,0.01150183,0.04166462,0.04119194,-0.03406236,0.01184395,3.67217255,-3.81354451,0.05466841,-0.00078190,-0.00976801,0.27532068,
11318,0.10086983,-0.50061882,10.73385715,6.00000000,0.07250977,-0.05800781,-0.03434987,-0.00182107,0.02781656,0.13531746,0.01150183,0.02160369,0.02866538,-0.02643841,0.01184395,3.66519141,-3.73849511,-0.00182125,-0.00035136,-0.00976801,0.26825160,
11326,-0.09066631,0.25355470,10.69554996,6.00000000,0.05639648,-0.06123047,-0.00703745,-0.04472153,0.03008148,0.13531746,0.01150183,-0.02829012,0.01491625,-0.02459748,0.01184395,3.74373126,-3.64773822,-0.04472209,-0.00033342,-0.00976801,0.26469839,
11334,-0.64372689,-0.82623029,9.73308086,6.00000000,0.01933594,-0.05478515,-0.06699152,-0.05311510,0.01342758,0.13531746,0.01150183,0.04835081,0.02233915,-0.01395964,0.01184395,3.63028479,-3.79434562,-0.05311562,-0.00055082,-0.00976801,0.26529196,
11342,-0.25347203,0.29186192,8.86159134,6.00000000,0.04189453,-0.02416992,-0.01996089,-0.02313807,0.02302023,0.13531746,0.01150183,0.01851759,0.02314270,-0.02171785,0.01184395,3.62330365,-3.68613529,-0.02313863,-0.00087347,-0.00976801,0.26328951,
11350,-0.36839372,-0.34499574,9.02679157,6.00000000,0.03867187,-0.04995117,-0.03781388,0.05280374,0.00330201,0.13531746,0.01150183,-0.03291952,0.03147006,-0.04195187,0.01184395,3.75943899,-3.64773822,0.05280291,-0.00085857,-0.00976801,0.27233839,
11358,-0.16488656,0.14102721,10.07066345,6.00000000,0.03383789,-0.07573242,-0.04660713,0.06679302,-0.00855557,0.13531746,0.01150183,0.03034821,0.04306542,-0.03856374,0.01184395,3.73325920,-3.83623385,0.06679328,-0.00041243,-0.00976801,0.27923661,
11365,0.40972185,0.19848806,10.35078526,5.00000000,0.06928711,-0.06284180,0.04265779,0.02176086,-0.01881438,0.13531746,0.01150183,0.04629372,0.03701166,-0.02888098,0.01184395,3.69660735,-3.85368705,0.02176087,-0.00015020,-0.00976801,0.27527583,
11374,0.24452193,-0.48864782,10.94215298,6.00000000,0.05961914,-0.06284180,-0.07285371,-0.02753470,-0.02627533,0.13531746,0.01150183,-0.01954620,0.02111071,-0.02866955,0.01184395,3.86590433,-3.79958177,-0.02753510,-0.00002323,-0.00976801,0.27587757,
11382,-0.01884026,-0.06247993,11.17199612,6.00000000,0.02739258,-0.06123047,-0.03301755,-0.06577207,0.01236173,0.13531746,0.01150183,-0.03394847,0.01203528,-0.02311411,0.01184395,3.87812161,-3.76292992,-0.06577116,-0.00021945,-0.00976801,0.27221966,
11390,0.30677116,0.19130546,9.67801380,6.00000000,0.03222656,-0.03544922,-0.04194403,-0.08229274,0.03847506,0.13531746,0.01150183,0.02263252,0.01288809,-0.01067325,0.01184395,3.61283159,-3.68962598,-0.08229256,-0.00082943,-0.00976801,0.25874785,
11398,-0.48092118,0.25116050,8.96933079,6.00000000,0.02416992,-0.02416992,-0.02209259,-0.03086548,0.01036326,0.13531746,0.01150183,-0.02623251,0.01558019,-0.02474866,0.01184395,3.68089938,-3.59188771,-0.03086639,-0.00134085,-0.00976801,0.26140073,
11406,-0.24628942,-0.47188842,8.41866398,6.00000000,0.01450195,-0.04995117,-0.05273578,0.05533513,0.01356081,0.13531746,0.01150183,-0.00462940,0.03386535,-0.03767186,0.01184395,3.66693687,-3.65122867,0.05533426,-0.00149552,-0.00976801,0.26929522,
11414,-0.23431841,0.45466763,9.32606697,6.00000000,0.05800781,-0.05478515,0.02587065,0.09104110,0.00157000,0.13531746,0.01150183,0.04475047,0.04717189,-0.03920403,0.01184395,3.59188771,-3.74373126,0.09104136,-0.00087152,-0.00976801,0.27251667,
11422,0.55576813,-0.27316967,10.33642006,6.00000000,0.07089844,-0.07573242,-0.01196701,0.07465366,-0.00988789,0.13531746,0.01150183,0.00462937,0.04155003,-0.04309036,0.01184395,3.74896717,-3.76467514,0.07465328,-0.00011077,-0.00976801,0.27778184,
11430,0.20621470,-0.20852624,11.27973557,6.00000000,0.05317383,-0.08701172,-0.01263317,0.00537342,0.02168792,0.13531746,0.01150183,0.01440259,0.03177395,-0.03121154,0.01184395,3.80830836,-3.85717773,0.00537245,0.00045186,-0.00976801,0.27826339,
11437,-0.01644606,0.02371133,10.68836689,5.00000000,0.05800781,-0.05800781,-0.03941265,-0.05897727,0.03554397,0.13531746,0.01150183,0.00462950,0.01874535,-0.02068699,0.01184395,3.80481768,-3.82052565,-0.05897654,0.00050063,-0.00976801,0.27214286,
11446,-0.21277060,-0.09839296,9.97250080,6.00000000,0.03383789,-0.04189453,-0.05113701,-0.09295125,0.02888240,0.13531746,0.01150183,-0.04423647,0.00575469,-0.01934136,0.01184395,3.85019636,-3.70009804,-0.09295156,0.00007467,-0.00976801,0.26695919,
11454,-0.29656765,-0.17021900,9.05073357,6.00000000,0.00644531,-0.04672851,-0.04314313,-0.02673531,0.01555928,0.13531746,0.01150183,0.02829041,0.02492931,-0.02120214,0.01184395,3.66693687,-3.76292992,-0.02673678,-0.00045638,-0.00976801,0.26739424,
11462,-0.53598785,-0.05050892,8.96933079,6.00000000,0.04350586,-0.02900391,0.02267310,0.02682365,0.01795744,0.13531746,0.01150183,0.02931938,0.03389140,-0.02975713,0.01184395,3.58665156,-3.68613529,0.02682318,-0.00044624,-0.00976801,0.26558313,
11470,0.16551328,-0.63469416,9.23508644,6.00000000,0.05156250,-0.05961914,-0.01116762,0.07465366,0.00157000,0.13531746,0.01150183,-0.05040855,0.03348120,-0.04801615,0.01184395,3.73325920,-3.56221700,0.07465322,-0.00031716,-0.00976801,0.26987341,
11478,0.69463187,-0.01699010,10.31726646,6.00000000,0.04028320,-0.09184571,-0.02195937,0.04520956,-0.00069493,0.13531746,0.01150183,0.03857812,0.03964818,-0.03326694,0.01184395,3.64773822,-3.77863789,0.04520961,-0.00014548,-0.00976801,0.27248383,
11486,1.04179108,0.13145041,10.62851238,6.00000000,0.06928711,-0.05800781,0.02520450,-0.01354542,0.00796510,0.13531746,0.01150183,0.03086249,0.02723240,-0.02285727,0.01184395,3.62330365,-3.72802329,-0.01354555,-0.00041479,-0.00976801,0.26550353,
11494,0.32113639,-0.34020734,10.80089474,6.00000000,0.04028320,-0.05478515,-0.02529015,-0.01767559,0.02088853,0.13531746,0.01150183,-0.04063576,0.01775191,-0.03026940,0.01184395,3.75420332,-3.61632204,-0.01767556,-0.00069375,-0.00976801,0.26590002,
11502,0.17748427,-0.15106539,9.44817066,6.00000000,0.02416992,-0.06445312,-0.05953058,-0.02207222,-0.00029524,0.13531746,0.01150183,-0.00617256,0.02001763,-0.02441776,0.01184395,3.63377547,-3.61283159,-0.02207217,-0.00089738,-0.00976801,0.26108930,
11509,-0.06433009,-0.03853791,8.92144680,5.00000000,0.04833984,-0.03383789,0.00988290,0.01270113,0.03434489,0.13531746,0.01150183,0.00668704,0.02723058,-0.02849110,0.01184395,3.57617950,-3.59886885,0.01270088,-0.00105156,-0.00976801,0.26101628,
11518,0.00031335,0.14820983,8.66287231,6.00000000,0.04350586,-0.06284180,0.02613712,0.08251430,-0.01588329,0.13531746,0.01150183,0.00360066,0.03938456,-0.04115757,0.01184395,3.55349040,-3.56570768,0.08251431,-0.00094834,-0.00976801,0.26405320,
11526,-0.00208085,-0.68018395,9.83363724,6.00000000,0.05317383,-0.06767578,-0.00024267,0.09383896,-0.00509156,0.13531746,0.01150183,0.03086228,0.04649936,-0.04179247,0.01184395,3.58490610,-3.68962598,0.09383933,-0.00028634,-0.00976801,0.27050513,
11534,0.97954184,0.49536908,9.58224583,6.00000000,0.07895508,-0.06767578,0.06424126,0.04094616,0.02848271,0.13531746,0.01150183,-0.01234457,0.03248639,-0.03813013,0.01184395,3.67042756,-3.62853932,0.04094698,0.00040689,-0.00732601,0.26755619,
11542,0.31874219,-0.60835791,11.13847733,6.00000000,0.04350586,-0.08056641,-0.02502368,0.03788184,-0.00282663,0.13531746,0.01150183,0.02571853,0.03839368,-0.03505707,0.01184395,3.73675013,-3.82401657,0.03788115,0.00071918,-0.00732601,0.27682415,
11550,0.68984342,-0.18458422,10.93257618,6.00000000,0.04995117,-0.06767578,-0.01476488,-0.03672766,0.00983034,0.13531746,0.01150183,0.01594561,0.02297692,-0.02217661,0.01184395,3.65821028,-3.71231532,-0.03672817,0.00074060,-0.00976801,0.26451874,
11558,0.15114807,0.27510250,9.79772377,6.00000000,0.04028320,-0.03544922,0.03253222,-0.04778586,0.07444749,0.13531746,0.01150183,-0.02726182,0.01503101,-0.02446920,0.01184395,3.70882463,-3.61632204,-0.04778579,0.00033842,-0.00976801,0.26207212,
11566,-0.01644606,0.01652873,8.39472198,6.00000000,0.02255859,-0.05478515,-0.02622277,-0.02167253,0.01036326,0.13531746,0.01150183,0.02160372,0.02478221,-0.02261204,0.01184395,3.60410500,-3.67740870,-0.02167353,-0.00003458,-0.00976801,0.26238352,
11574,-0.47373858,-0.19655523,8.54555702,6.00000000,0.03383789,-0.04028320,0.01028259,0.05453575,0.02755009,0.13531746,0.01150183,0.04783686,0.04212705,-0.03353123,0.01184395,3.59886885,-3.76118445,0.05453489,-0.00009151,-0.00976801,0.27075571,
11581,0.32831898,0.37087059,9.55351543,5.00000000,0.07089844,-0.05639648,0.03786147,0.09250665,0.03221318,0.13531746,0.01150183,0.01594595,0.04572112,-0.04453135,0.01184395,3.65646482,-3.71057010,0.09250626,0.00020576,-0.00976801,0.27376172,
11590,0.39535663,-0.42879277,10.74582767,6.00000000,0.05961914,-0.08862305,-0.00637131,0.04694156,0.00450109,0.13531746,0.01150183,0.07252635,0.04621179,-0.03179726,0.01184395,3.66519141,-3.91128302,0.04694072,0.00082763,-0.00976801,0.27805039,
11598,0.70420867,0.14581563,10.95172977,6.00000000,0.07089844,-0.06123047,0.03066698,-0.01447804,0.03980736,0.13531746,0.01150183,0.05915325,0.03391096,-0.02283897,0.01184395,3.70533395,-3.90604687,-0.01447802,0.00100656,-0.00976801,0.27486292,
11606,0.08171621,-0.19894943,10.63330078,6.00000000,0.06123047,-0.02900391,-0.00863623,-0.07296655,0.06445514,0.13531746,0.01150183,0.01543166,0.01857996,-0.01800901,0.01184395,3.83623385,-3.88859367,-0.07296674,0.00087424,-0.00976801,0.27473488,
11614,0.33789578,0.30383292,9.29733562,6.00000000,0.02416992,-0.04350586,-0.06259488,-0.09401710,0.00343524,0.13531746,0.01150183,-0.02571843,0.00839048,-0.01760703,0.01184395,3.85543227,-3.76816583,-0.09401838,0.00022693,-0.00976801,0.26953909,
11622,-0.12179093,-0.06966253,8.84004402,6.00000000,0.02094727,-0.03706055,0.00921676,-0.00182107,0.05939236,0.13531746,0.01150183,0.02520446,0.02885891,-0.02578375,0.01184395,3.68613529,-3.77165651,-0.00182232,-0.00046198,-0.00732601,0.27021283,
11630,-0.50246900,0.68451101,8.84004402,6.00000000,0.04995117,-0.03706055,-0.00717070,0.04001354,-0.00402571,0.13531746,0.01150183,0.03446318,0.03738739,-0.03199625,0.01184395,3.63726616,-3.75420332,0.04001295,-0.00031122,-0.00732601,0.27084172,
11638,0.12960024,-0.52934927,9.97968388,6.00000000,0.04833984,-0.06767578,-0.01689657,0.08970879,0.02262054,0.13531746,0.01150183,-0.02006047,0.04067107,-0.04799275,0.01184395,3.76118445,-3.69311690,0.08970866,-0.00008146,-0.00732601,0.27672225,
11646,0.15833066,0.31101555,11.31085968,6.00000000,0.06606445,-0.08862305,0.05105136,0.05946530,0.06059144,0.13531746,0.01150183,0.07098367,0.04670611,-0.03262312,0.01184395,3.60585046,-3.84670568,0.05946425,0.00048090,-0.00732601,0.27446631,
11653,0.27325234,-0.04093211,11.66998959,5.00000000,0.07895508,-0.05156250,0.08369301,-0.01621005,0.04460370,0.13531746,0.01150183,0.11213379,0.03865897,-0.01509028,0.01184395,3.56570768,-3.94618964,-0.01621092,0.00084561,-0.00732601,0.27113098,
11662,0.51985514,-0.18937261,10.48964882,6.00000000,0.04833984,-0.04350586,-0.01396549,-0.10694053,0.07577980,0.13531746,0.01150183,-0.02674662,0.00467974,-0.01417805,0.01184395,3.73849511,-3.64773822,-0.10694055,0.00033328,-0.00976801,0.25999779,
11670,0.06016840,-0.16064219,8.42345238,6.00000000,0.02416992,-0.04028320,-0.10136519,-0.01381188,0.05432957,0.13531746,0.01150183,0.00668682,0.02445625,-0.02579014,0.01184395,3.69311690,-3.71580577,-0.01381370,-0.00056238,-0.00976801,0.26757196,
11678,-1.35959315,0.41396621,9.10579967,6.00000000,0.03544922,-0.03544922,-0.04167759,0.04640864,0.04660216,0.13531746,0.01150183,0.00308640,0.03470382,-0.03670241,0.01184395,3.67391801,-3.68439007,0.04640873,-0.00055324,-0.00976801,0.27010331,
11686,0.81913036,-0.00741329,8.19360924,5.00000000,0.04350586,-0.07412110,0.04412334,0.09623713,0.01249496,0.13531746,0.01150183,0.04989426,0.04837239,-0.03917395,0.01184395,3.54650903,-3.71580577,0.09623769,-0.00081754,-0.00976801,0.27023616,
11694,-0.24389522,-0.05769153,10.48725414,6.00000000,0.07412110,-0.07895508,0.00761797,0.12115137,-0.02600887,0.13531746,0.01150183,0.06789752,0.05778264,-0.04424422,0.01184395,3.68089938,-3.91128302,0.12115079,0.00005339,-0.00732601,0.28400001,
11702,0.77603471,0.10271999,10.76019287,6.00000000,0.08378907,-0.07250977,0.08049546,0.03241936,0.04513662,0.13531746,0.01150183,0.01388840,0.03617766,-0.03565223,0.01184395,3.79085517,-3.83797884,0.03241882,0.00056053,-0.00732601,0.27889565,
11710,0.58449858,0.28228512,11.49042511,6.00000000,0.04511719,-0.06445312,-0.04833915,-0.06790376,0.00263585,0.13531746,0.01150183,0.04680797,0.02234830,-0.01436325,0.01184395,3.76642060,-3.92524529,-0.06790411,0.00039587,-0.00976801,0.27389982,
11718,0.46957690,0.02131713,10.21910381,6.00000000,0.04350586,-0.04672851,-0.01796242,-0.07443210,0.05273080,0.13531746,0.01150183,0.00823022,0.01496495,-0.01611678,0.01184395,3.77863789,-3.80656314,-0.07443189,-0.00032999,-0.00976801,0.26956722,
11725,-1.12256730,-0.43836960,9.99644279,5.00000000,0.02094727,-0.01772461,-0.05193640,-0.04325598,0.09829587,0.13531746,0.01150183,-0.03189066,0.01562873,-0.02615508,0.01184395,3.82750702,-3.71929669,-0.04325651,-0.00035926,-0.00976801,0.27043554,
11734,0.26606974,0.10990259,8.16727257,6.00000000,0.01772461,-0.04350586,-0.00290730,-0.00262046,0.03354550,0.13531746,0.01150183,0.03394863,0.02857755,-0.02344681,0.01184395,3.61457705,-3.72976851,-0.00262144,-0.00082497,-0.00732601,0.26604253,
11742,-0.18882857,-0.28035229,8.78737068,6.00000000,0.04833984,-0.05478515,0.03346483,0.08611155,0.03447812,0.13531746,0.01150183,0.08435729,0.05194765,-0.03464432,0.01184395,3.63028479,-3.91651869,0.08611090,-0.00076369,-0.00732601,0.27981466,
11750,-0.31572127,0.20567065,10.25262260,6.00000000,0.07089844,-0.05961914,0.06464095,0.09623713,0.03274611,0.13531746,0.01150183,0.08538638,0.05610574,-0.03851616,0.01184395,3.72453260,-4.01425743,0.09623634,0.00000455,-0.00732601,0.28750828,
11758,1.00827229,-0.52934927,10.97088337,6.00000000,0.07412110,-0.06284180,-0.04993791,-0.01074756,0.03287935,0.13531746,0.01150183,0.03652071,0.03185436,-0.02611550,0.01184395,3.79434562,-3.91826415,-0.01074784,0.00082201,-0.00732601,0.27880284,
11766,0.74491006,0.54564732,11.03552628,6.00000000,0.05961914,-0.06606445,-0.02608953,-0.07030194,0.06725300,0.13531746,0.01150183,0.00051397,0.01692701,-0.01987587,0.01184395,3.88684821,-3.88859367,-0.07030089,0.00039422,-0.00976801,0.27676293,
11774,-0.49049801,-0.36893776,10.65005970,6.00000000,0.03383789,-0.03383789,-0.04540806,-0.08482413,0.04926679,0.13531746,0.01150183,0.02983385,0.01786909,-0.01394777,0.01184395,3.89557481,-3.99680400,-0.08482343,-0.00001042,-0.00976801,0.27994901,
11782,-0.35163429,0.38044739,9.17044353,6.00000000,0.02416992,-0.01611328,0.00801767,-0.06710438,0.02475224,0.13531746,0.01150183,0.00308651,0.01596918,-0.01831570,0.01184395,3.83972430,-3.85019636,-0.06710577,-0.00056804,-0.00976801,0.27389449,
11790,0.33310738,-0.03853791,8.32768440,6.00000000,0.03544922,-0.04511719,0.01494569,0.00577311,0.02168792,0.13531746,0.01150183,0.02726188,0.03066323,-0.02709031,0.01184395,3.76118445,-3.85368705,0.00577159,-0.00127254,-0.00976801,0.27645755,
11797,-0.52162260,0.34692857,9.41465187,5.00000000,0.04833984,-0.05317383,0.01281399,0.08584509,0.01595897,0.13531746,0.01150183,0.01697461,0.04500459,-0.04360729,0.01184395,3.81528974,-3.87288547,0.08584469,-0.00087031,-0.00976801,0.28492007,
11806,0.63477683,-0.19655523,10.02038479,6.00000000,0.05800781,-0.07089844,0.01694417,0.04800741,0.03207995,0.13531746,0.01150183,0.02468997,0.03959659,-0.03648723,0.01184395,3.79085517,-3.87463093,0.04800732,-0.00037169,-0.00976801,0.28135443,
11814,0.91250420,-0.06487413,10.70991516,6.00000000,0.06445312,-0.06928711,-0.01569750,-0.00755001,0.03034795,0.13531746,0.01150183,0.03857821,0.03068428,-0.02447194,0.01184395,3.76292992,-3.89382958,-0.00755042,-0.00065499,-0.00976801,0.27701011,
11822,-0.21516480,-0.42400438,11.13129425,6.00000000,0.05478515,-0.06123047,-0.01676335,-0.04472153,0.05619481,0.13531746,0.01150183,0.01748883,0.02282548,-0.02170304,0.01184395,3.90779209,-3.96713352,-0.04472116,-0.00056766,-0.00976801,0.28222373,
11830,-0.26304883,-0.16064219,10.13291264,6.00000000,0.02578125,-0.03383789,-0.02195937,-0.10081188,0.05179818,0.13531746,0.01150183,0.01080190,0.01156300,-0.01219452,0.01184395,3.92175484,-3.95840669,-0.10081139,-0.00078126,-0.00976801,0.27834702,
11838,0.24452193,0.11229680,8.71793938,6.00000000,0.01933594,-0.02255859,-0.00383992,-0.05897727,0.03581043,0.13531746,0.01150183,0.03086261,0.01962430,-0.01540714,0.01184395,3.83972430,-3.94444418,-0.05897886,-0.00175510,-0.00976801,0.27790013,
11846,-0.17925178,-0.38569716,8.55752754,6.00000000,0.03383789,-0.04350586,-0.00423960,0.04534279,0.02555162,0.13531746,0.01150183,0.01388813,0.03603394,-0.03550761,0.01184395,3.86066818,-3.90779209,0.04534087,-0.00209221,-0.00976801,0.28489387,
11854,-0.64851528,0.12426780,9.82884884,6.00000000,0.04833984,-0.05800781,0.02733620,0.10143315,0.01889006,0.13531746,0.01150183,0.05503829,0.05265186,-0.04222825,0.01184395,3.82925224,-4.01600266,0.10143282,-0.00130425,-0.00976801,0.29174435,
11862,0.57492179,-0.18458422,10.40824604,6.00000000,0.07573242,-0.06123047,0.03652915,0.02309317,0.01769098,0.13531746,0.01150183,0.03857816,0.03684358,-0.03054079,0.01184395,3.84845090,-3.97935081,0.02309301,-0.00095214,-0.00976801,0.28543207,
11869,0.70420867,-0.08881615,10.92778778,5.00000000,0.07089844,-0.06767578,-0.01103441,-0.04032490,0.04979971,0.13531746,0.01150183,0.02417585,0.02488685,-0.02217700,0.01184395,3.97760534,-4.05963612,-0.04032479,-0.00090947,-0.00976801,0.28842646,
11878,0.06974521,-0.10796976,10.98046017,6.00000000,0.03544922,-0.04672851,-0.01050148,-0.09161893,0.03847506,0.13531746,0.01150183,0.02108962,0.01498218,-0.01316338,0.01184395,4.00553083,-4.07708931,-0.09161795,-0.00124846,-0.00976801,0.28635263,
11886,0.31874219,-0.45034060,9.68519688,6.00000000,0.01611328,-0.02094727,-0.02622277,-0.10734021,0.07657919,0.13531746,0.01150183,-0.00051422,0.00711137,-0.01045247,0.01184395,3.92350030,-3.92175484,-0.10734090,-0.00201464,-0.00976801,0.27660829,
11894,0.21100311,-0.00980749,8.86398602,6.00000000,0.02578125,-0.01772461,-0.01702981,-0.04085783,0.05193141,0.13531746,0.01150183,0.03857823,0.02159693,-0.01552140,0.01184395,3.78038335,-3.91128302,-0.04085916,-0.00296939,-0.00976801,0.27586061,
11902,-0.38036472,-0.03374951,8.77779388,6.00000000,0.03222656,-0.04350586,-0.00743715,0.05440252,0.04273845,0.13531746,0.01150183,0.06069618,0.04119414,-0.02960816,0.01184395,3.73675013,-3.94269872,0.05440162,-0.00316746,-0.00976801,0.28232411,
11910,-0.13855034,-0.35217834,9.57027531,6.00000000,0.05317383,-0.04995117,0.02493805,0.09996760,0.04766801,0.13531746,0.01150183,0.06995497,0.05180946,-0.03788934,0.01184395,3.75943899,-3.99680400,0.09996763,-0.00260708,-0.00976801,0.28841144,
11918,0.78800571,0.12905620,10.22149754,6.00000000,0.08540039,-0.05639648,-0.01782919,0.05013911,0.01689159,0.13531746,0.01150183,0.05709564,0.04149058,-0.03075328,0.01184395,3.75769401,-3.95142531,0.05013867,-0.00221903,-0.00976801,0.28309059,
11926,0.62998837,0.05004755,10.61654091,6.00000000,0.07089844,-0.06284180,-0.05246932,-0.02766793,0.00649956,0.13531746,0.01150183,-0.01491679,0.01990761,-0.02640558,0.01184395,3.96887851,-3.91826415,-0.02766833,-0.00218697,-0.00976801,0.28390294,
11934,0.06735100,0.45227343,10.72428036,6.00000000,0.02255859,-0.05639648,0.00002379,-0.05218249,0.03700951,0.13531746,0.01150183,-0.00462939,0.01696482,-0.02111314,0.01184395,4.00553083,-3.98982286,-0.05218213,-0.00242427,-0.00976801,0.28604835,
11941,0.14396545,-0.04332631,9.81208992,5.00000000,0.03706055,-0.03222656,-0.01809566,-0.07363272,0.01049649,0.13531746,0.01150183,0.03857800,0.01648303,-0.01050600,0.01184395,3.83797884,-3.96887851,-0.07363199,-0.00284376,-0.00976801,0.27766022,
11950,0.19424370,0.47382125,8.73469830,6.00000000,0.02578125,-0.02255859,-0.00903594,-0.02167253,-0.00149432,0.13531746,0.01150183,-0.03754959,0.01568292,-0.02752333,0.01184395,3.92699075,-3.79958177,-0.02167253,-0.00340589,-0.00976801,0.27851695,
11958,-0.29896185,-0.12472917,9.09861755,6.00000000,0.01933594,-0.05478515,0.00428721,0.09197372,0.00236939,0.13531746,0.01150183,-0.01183068,0.03936271,-0.04478379,0.01184395,3.88510299,-3.84496045,0.09197305,-0.00344609,-0.00976801,0.28688285,
11966,0.33550158,0.48818645,10.03235626,6.00000000,0.05156250,-0.06767578,0.02280634,0.07478689,-0.00802265,0.13531746,0.01150183,0.03652042,0.04225837,-0.03631131,0.01184395,3.75769401,-3.88161206,0.07478703,-0.00284668,-0.00976801,0.28234690,
11974,0.85264915,-0.34499574,10.38430405,6.00000000,0.07734375,-0.06606445,0.00761797,0.01896300,0.00290231,0.13531746,0.01150183,-0.01080197,0.02786781,-0.03325358,0.01184395,3.89033890,-3.85368705,0.01896346,-0.00231136,-0.00976801,0.28209579,
11982,0.60844058,-0.18458422,10.73864555,6.00000000,0.04189453,-0.07895508,-0.03608187,-0.03659442,0.00996357,0.13531746,0.01150183,-0.01954625,0.01691109,-0.02453589,0.01184395,3.95840669,-3.89208412,-0.03659498,-0.00262466,-0.00976801,0.28192717,
11990,0.06016840,0.05483595,10.13051796,6.00000000,0.02255859,-0.04672851,-0.00810330,-0.03899259,0.03567720,0.13531746,0.01150183,0.02417565,0.02107461,-0.01839158,0.01184395,3.87114024,-3.95317078,-0.03899227,-0.00292242,-0.00976801,0.28080434,
11998,0.21818571,0.31101555,9.57506371,6.00000000,0.04511719,-0.02900391,0.00002379,-0.01967406,0.02488547,0.13531746,0.01150183,0.01697441,0.02236134,-0.02132455,0.01184395,3.80830836,-3.86590433,-0.01967418,-0.00328021,-0.00976801,0.27676386,
12006,-0.10263732,-0.44076380,9.05312729,6.00000000,0.03061523,-0.04833984,-0.02329167,0.05400282,-0.01881438,0.13531746,0.01150183,-0.05298064,0.02754416,-0.04279394,0.01184395,3.94444418,-3.76467514,0.05400250,-0.00339163,-0.00976801,0.28337073,
12013,0.22057991,-0.05769153,9.31888390,5.00000000,0.03222656,-0.07250977,-0.00543869,0.07878383,-0.01628298,0.13531746,0.01150183,0.00462943,0.03922497,-0.04079648,0.01184395,3.84321499,-3.85892320,0.07878402,-0.00310295,-0.00976801,0.28491434,
12022,0.78321731,0.26073730,9.92701149,6.00000000,0.06928711,-0.06284180,0.05211721,0.06146377,-0.01415129,0.13531746,0.01150183,0.02520429,0.03851346,-0.03527999,0.01184395,3.79260063,-3.87812161,0.06146367,-0.00296621,-0.00976801,0.28251979,
12030,0.47675949,-0.53174347,10.67639637,6.00000000,0.06767578,-0.07573242,0.00628566,0.01816362,-0.01668268,0.13531746,0.01150183,-0.01440237,0.02717668,-0.03342060,0.01184395,3.93571734,-3.88684821,0.01816267,-0.00272583,-0.00976801,0.28488484,
12038,0.01467856,-0.49104202,10.50401402,6.00000000,0.03383789,-0.07089844,-0.03781388,-0.00595124,0.00889772,0.13531746,0.01150183,-0.02829046,0.02128679,-0.03088069,0.01184395,3.95317078,-3.85717773,-0.00595095,-0.00257532,-0.00976801,0.28269368,
12046,-0.10263732,0.01652873,10.10657597,6.00000000,0.03222656,-0.05317383,-0.00543869,-0.02966640,0.04580277,0.13531746,0.01150183,-0.01337344,0.01804259,-0.02418950,0.01184395,3.87288547,-3.82750702,-0.02966617,-0.00261161,-0.00976801,0.27698845,
12054,0.02904378,-0.04811472,9.02679157,6.00000000,0.03383789,-0.05156250,-0.03434987,0.01696453,-0.00602418,0.13531746,0.01150183,-0.01337354,0.02605005,-0.03205725,0.01184395,3.86066818,-3.81528974,0.01696434,-0.00285022,-0.00976801,0.27948341,
12062,-0.64612108,-0.44794640,9.28775883,6.00000000,0.03383789,-0.06445312,-0.00850301,0.06106408,-0.02081285,0.13531746,0.01150183,0.01388798,0.03796888,-0.03740289,0.01184395,3.85019636,-3.89732027,0.06106409,-0.00266745,-0.00976801,0.28527462,
12070,0.01946697,0.16736344,9.72110939,6.00000000,0.05317383,-0.06284180,0.01614477,0.06879149,-0.00002877,0.13531746,0.01150183,0.04577923,0.04403115,-0.03590663,0.01184395,3.81354451,-3.96887851,0.06879167,-0.00217857,-0.00976801,0.28710023,
12078,0.23973352,0.26791990,10.40585136,6.00000000,0.07734375,-0.06123047,-0.00583839,0.03614983,-0.01614976,0.13531746,0.01150183,0.00205777,0.03383282,-0.03612157,0.01184395,3.91302824,-3.92000961,0.03614943,-0.00173968,-0.00976801,0.28656843,
12085,0.33071318,-0.13909438,10.47767735,5.00000000,0.05156250,-0.08056641,-0.06965614,0.00790481,-0.02067962,0.13531746,0.01150183,-0.03652048,0.02522821,-0.03670526,0.01184395,4.04218245,-3.91826415,0.00790503,-0.00148917,-0.00976801,0.28913930,
12094,-0.27501985,0.32538074,10.51359081,6.00000000,0.02739258,-0.06767578,-0.01329932,-0.02926670,-0.00402571,0.13531746,0.01150183,0.00154328,0.02276668,-0.02537162,0.01184395,3.94095349,-3.94618964,-0.02926682,-0.00132456,-0.00976801,0.28378710,
12102,0.55097973,0.05962436,9.24466324,6.00000000,0.04511719,-0.03706055,0.00188903,-0.05218249,-0.03227073,0.13531746,0.01150183,-0.00977302,0.01576291,-0.02111878,0.01184395,3.90430140,-3.87114024,-0.05218220,-0.00192940,-0.00976801,0.27807656,
12110,0.17030168,-0.20852624,9.01960850,6.00000000,0.03222656,-0.05478515,-0.00050914,0.02442548,-0.03067196,0.13531746,0.01150183,-0.05040875,0.02499394,-0.03971155,0.01184395,4.03345585,-3.86241364,0.02442490,-0.00236341,-0.00976801,0.28799602,
12118,-0.36360529,0.37565899,9.71153259,6.00000000,0.02900391,-0.06767578,0.00895029,0.06279609,-0.02454332,0.13531746,0.01150183,0.01748870,0.04017045,-0.03873844,0.01184395,3.88510299,-3.94444418,0.06279618,-0.00196446,-0.00976801,0.28837377,
12126,0.78321731,0.34692857,9.52957344,6.00000000,0.05800781,-0.06284180,0.00255518,0.04894003,0.00396816,0.13531746,0.01725275,-0.00051427,0.03491888,-0.03913277,0.01184395,3.89382958,-3.89208412,0.04893942,-0.00172651,-0.00976801,0.28578743,
12134,0.68744922,0.07877797,10.25980473,6.00000000,0.06445312,-0.08056641,-0.01409871,0.02375933,0.00676602,0.13531746,0.01725275,-0.03909202,0.02652904,-0.03992677,0.01184395,4.03520107,-3.90255642,0.02375959,-0.00182378,-0.00976801,0.28946629,
12142,0.01946697,-0.21570884,10.72188568,6.00000000,0.04028320,-0.08056641,-0.05393486,-0.01527743,0.00556694,0.13531746,0.01150183,0.00822982,0.02647421,-0.02746199,0.01184395,3.99854946,-4.02647448,-0.01527765,-0.00163502,-0.00976801,0.28979948,
12150,0.39296243,0.24876629,9.91982841,6.00000000,0.03383789,-0.04672851,0.02120756,-0.04432184,0.04300492,0.13531746,0.01150183,0.05709568,0.02654734,-0.01609369,0.01184395,3.90430140,-4.09803295,-0.04432144,-0.00184047,-0.00976801,0.28687131,
12157,-0.15291555,-0.11515237,9.40986347,5.00000000,0.05639648,-0.02739258,-0.02195937,-0.00142138,0.01582574,0.13531746,0.01150183,0.01080207,0.02786968,-0.02821676,0.01184395,3.94095349,-3.97760534,-0.00142102,-0.00221333,-0.00976801,0.28694469,
12166,-0.21755899,-0.08163355,9.14410686,6.00000000,0.04511719,-0.06284180,-0.04580776,0.06692626,0.02528516,0.13531746,0.01150183,-0.02931969,0.03614703,-0.04575258,0.01184395,4.05090952,-3.95142531,0.06692631,-0.00214430,-0.00976801,0.29493681,
12174,0.05777419,0.05244175,9.83363724,6.00000000,0.04672851,-0.07573242,0.01081552,0.04827388,0.00236939,0.13531746,0.01150183,0.03652040,0.04161211,-0.03572666,0.01184395,3.96887851,-4.09279728,0.04827404,-0.00162234,-0.00976801,0.29573560,
12182,0.54379714,0.06920116,10.07784557,6.00000000,0.06928711,-0.06284180,0.00308811,0.02562457,-0.00455864,0.13531746,0.01150183,0.03960691,0.03745774,-0.03091197,0.01184395,3.91477346,-4.04916382,0.02562452,-0.00149887,-0.00976801,0.29055053,
12190,-0.05714749,-0.34260154,10.40585136,6.00000000,0.05961914,-0.06606445,0.01108199,-0.00981494,0.01382728,0.13531746,0.01150183,-0.03497703,0.02331282,-0.03447609,0.01184395,4.10850477,-3.98982286,-0.00981452,-0.00125978,-0.00976801,0.29285273,
12198,0.26128134,-0.36893776,10.51359081,6.00000000,0.03544922,-0.06928711,-0.06525952,-0.02526977,0.02981503,0.13531746,0.01150183,0.00257190,0.02483046,-0.02718121,0.01184395,4.05789042,-4.06661701,-0.02526950,-0.00144764,-0.00976801,0.29268137,
12206,0.25409874,0.12666200,9.43380547,6.00000000,0.03222656,-0.04672851,0.01814324,-0.05564649,0.03594366,0.13531746,0.01150183,0.00925874,0.01877112,-0.01964244,0.01184395,3.97236943,-4.00378513,-0.05564674,-0.00177464,-0.00976801,0.28510126,
12214,0.21339731,-0.68976074,9.02918530,6.00000000,0.04028320,-0.03383789,-0.03648155,0.01549899,0.06165729,0.13531746,0.01150183,0.01285939,0.03100146,-0.03081274,0.01184395,3.93571734,-3.97935081,0.01549801,-0.00233442,-0.00976801,0.28804481,
12222,-0.43782556,0.10990259,9.51760292,6.00000000,0.04672851,-0.06445312,-0.00916917,0.06999057,-0.00269340,0.13531746,0.01150183,0.02931949,0.04339708,-0.03914977,0.01184395,3.90604687,-4.00553083,0.06999032,-0.00193579,-0.00976801,0.29186901,
12229,0.12960024,-0.47907102,10.04672146,5.00000000,0.05156250,-0.06445312,0.01174815,0.05946530,0.02048884,0.13531746,0.01150183,0.06583963,0.04724465,-0.03440180,0.01184395,3.90779209,-4.13119411,0.05946538,-0.00143378,-0.00976801,0.29572448,
12238,0.76885211,0.60550237,9.94377041,6.00000000,0.07734375,-0.05317383,0.02120756,0.01922946,-0.00349279,0.13531746,0.01150183,0.05400949,0.03931049,-0.02937660,0.01184395,3.93920803,-4.12246752,0.01922895,-0.00096694,-0.00976801,0.29362985,
12246,0.34986681,-0.33541891,10.54471493,6.00000000,0.06606445,-0.05317383,-0.04207728,-0.00115491,-0.00362602,0.13531746,0.01150183,-0.02983427,0.02679884,-0.03671832,0.01184395,4.19053555,-4.08930635,-0.00115574,-0.00108624,-0.00976801,0.30006048,
12254,-0.11939673,0.17215183,10.04911518,6.00000000,0.03867187,-0.08217774,-0.04554128,-0.03233103,0.02675071,0.13531746,0.01150183,-0.01594560,0.02277015,-0.02950639,0.01184395,4.15911961,-4.10501432,-0.03233080,-0.00101970,-0.00976801,0.29723087,
12262,0.11044663,0.13145041,9.75702286,6.00000000,0.02900391,-0.05317383,-0.00050914,-0.04472153,-0.00149432,0.13531746,0.01150183,0.04012094,0.02646556,-0.02001093,0.01184395,4.04043722,-4.17657280,-0.04472193,-0.00130803,-0.00976801,0.29462424,
12270,0.11284083,0.20088226,9.22790432,6.00000000,0.04672851,-0.03222656,-0.00690422,-0.00675063,0.03101410,0.13531746,0.01150183,0.00308634,0.02796518,-0.03014144,0.01184395,4.06312656,-4.07359838,-0.00675159,-0.00171005,-0.00976801,0.29446679,
12278,-0.54077625,0.00934612,9.78575325,6.00000000,0.04833984,-0.06284180,0.02240665,0.04054646,-0.00096139,0.13531746,0.01150183,-0.03549204,0.03244782,-0.04358181,0.01184395,4.14690256,-4.02647448,0.04054637,-0.00154959,-0.00976801,0.29922450,
12286,0.06735100,-0.22767985,10.00123119,6.00000000,0.04028320,-0.08701172,-0.01449841,0.02722334,0.03314580,0.13531746,0.01150183,0.06429653,0.04296104,-0.03057772,0.01184395,4.03869200,-4.25685787,0.02722272,-0.00124352,-0.00976801,0.30268738,
12294,0.45042327,0.40678361,10.63808918,6.00000000,0.05961914,-0.05800781,0.07583237,-0.02833409,0.02821625,0.13531746,0.01150183,0.09001574,0.03547684,-0.01719480,0.01184395,3.96538806,-4.27082062,-0.02833410,-0.00129395,-0.00976801,0.29650831,
12301,0.54140294,-0.56286806,10.35078526,5.00000000,0.06445312,-0.02739258,-0.06419367,-0.05724527,0.04260522,0.13531746,0.01150183,-0.00925813,0.01866664,-0.02390970,0.01184395,4.18879032,-4.15737438,-0.05724474,-0.00162184,-0.00976801,0.29839820,
12310,-0.06911849,0.24876629,9.75462818,6.00000000,0.02739258,-0.05478515,-0.06645861,-0.04632031,0.02381962,0.13531746,0.01150183,-0.02520422,0.01823502,-0.02721429,0.01184395,4.21846056,-4.13293982,-0.04632022,-0.00202628,-0.00976801,0.29938006,
12318,-0.16249236,0.10271999,9.35000896,6.00000000,0.01933594,-0.05639648,-0.01609718,-0.02420392,0.00370170,0.13531746,0.01150183,0.05349494,0.03144057,-0.02178060,0.01184395,4.11025047,-4.29176474,-0.02420433,-0.00232471,-0.00976801,0.30281818,
12326,0.20621470,0.28707352,9.08185768,6.00000000,0.04833984,-0.04028320,0.03333161,0.01683130,0.00903095,0.13531746,0.01150183,0.04012128,0.03635299,-0.02972894,0.01184395,4.09105158,-4.22718716,0.01683079,-0.00267038,-0.00976801,0.30275637,
12333,0.28282917,-0.60117531,10.33402538,5.00000000,0.06445312,-0.04189453,0.00162257,0.03135351,-0.01308544,0.13531746,0.01150183,-0.04680797,0.02903224,-0.04288098,0.01184395,4.26209402,-4.10326910,0.03135311,-0.00264330,-0.00976801,0.30551749,
12342,0.59886378,0.50973427,10.20952702,6.00000000,0.04511719,-0.08378907,-0.00890269,-0.00222076,0.00490078,0.13531746,0.01150183,-0.02417570,0.02616385,-0.03477113,0.01184395,4.25162220,-4.16959143,-0.00222016,-0.00247295,-0.00976801,0.30510801,
12350,-0.00926345,0.17933445,10.42739964,6.00000000,0.03061523,-0.07250977,0.04065932,-0.03579504,0.00010446,0.13531746,0.01150183,0.06223905,0.03024816,-0.01856213,0.01184395,4.10326910,-4.31445408,-0.03579491,-0.00247452,-0.00976801,0.30254731,
12358,0.06495680,-0.30668849,10.01320267,6.00000000,0.04511719,-0.04028320,-0.01423196,-0.07216717,0.03674305,0.13531746,0.01150183,0.02263268,0.01834391,-0.01612259,0.01184395,4.15388346,-4.23067808,-0.07216628,-0.00276936,-0.00976801,0.29870826,
12366,0.31634799,-0.10078716,9.84321404,6.00000000,0.03544922,-0.01933594,-0.05873118,-0.05511357,0.06458838,0.13531746,0.01150183,-0.06069551,0.01058528,-0.02799000,0.01184395,4.29176474,-4.08581591,-0.05511548,-0.00346383,-0.00976801,0.29969156,
12373,-0.17685758,-0.12233497,9.46253586,5.00000000,0.02255859,-0.05639648,-0.02502368,0.01190175,0.03820859,0.13531746,0.01150183,0.00977303,0.03001025,-0.03058180,0.01184395,4.12072229,-4.15388346,0.01190150,-0.00381886,-0.00976801,0.30081731,
12382,-0.05954169,0.33974597,8.96214771,6.00000000,0.03222656,-0.06445312,0.05145106,0.04081293,-0.00788942,0.13531746,0.01150183,0.11779095,0.04837483,-0.02336010,0.01184395,3.95317078,-4.35285091,0.04081205,-0.00370956,-0.00976801,0.30405208,
12390,-0.16728076,-0.59878111,10.14009476,6.00000000,0.07734375,-0.04350586,0.04838674,0.03161997,0.00676602,0.13531746,0.01150183,0.05658135,0.04067701,-0.03013246,0.01184395,4.12072229,-4.31270885,0.03161950,-0.00337599,-0.00976801,0.30800426,
12398,0.36902040,0.03328814,10.84159660,6.00000000,0.06606445,-0.04833984,-0.03688126,0.00084355,0.03114733,0.13531746,0.01150183,-0.04629399,0.02399853,-0.03782746,0.01184395,4.36855936,-4.21147966,0.00084293,-0.00321487,-0.00976801,0.31108749,
12406,0.33789578,-0.40724498,10.73146248,6.00000000,0.04028320,-0.07089844,-0.02622277,-0.05284864,0.01062973,0.13531746,0.01150183,0.00617227,0.01955970,-0.02117201,0.01184395,4.21671581,-4.23765945,-0.05284872,-0.00331419,-0.00976801,0.30263957,
12414,0.20142630,0.31101555,9.63491821,6.00000000,0.02255859,-0.06123047,0.04345718,-0.07296655,0.01675836,0.13531746,0.01150183,0.06841196,0.02236567,-0.00935772,0.01184395,4.10152388,-4.33365250,-0.07296672,-0.00387223,-0.00976801,0.30048504,
12422,-0.24389522,-0.53413767,9.42183495,6.00000000,0.04189453,-0.01933594,0.01374661,-0.04751939,0.00276908,0.13531746,0.01150183,0.01131620,0.01928666,-0.01968393,0.01184395,4.17133713,-4.20973396,-0.04751985,-0.00433283,-0.00976801,0.30036855,
12430,0.13917705,0.02371133,8.99806118,6.00000000,0.02900391,-0.02739258,-0.05553364,0.00324172,0.01809067,0.13531746,0.01150183,-0.06275350,0.01847333,-0.03620416,0.01184395,4.23765945,-4.02472925,0.00324197,-0.00476194,-0.00976801,0.29974660,
12438,-0.10024311,0.29665032,9.64928341,6.00000000,0.02900391,-0.06284180,0.03239898,0.06252962,-0.01002112,0.13531746,0.01150183,0.02263236,0.03973060,-0.03712440,0.01184395,4.11897707,-4.19577122,0.06252935,-0.00471046,-0.00976801,0.30594295,
12445,0.30198276,-0.09121035,10.21670914,5.00000000,0.05317383,-0.07734375,0.03679562,0.05040558,-0.00415894,0.13531746,0.01150183,0.11316194,0.04891363,-0.02496914,0.01184395,3.96189737,-4.34587002,0.05040497,-0.00418901,-0.00976801,0.30481094,
12454,0.05777419,-0.16543061,10.59020519,6.00000000,0.07573242,-0.04833984,0.05025197,-0.01048110,0.04193907,0.13531746,0.01150183,0.03754903,0.03070529,-0.02478830,0.01184395,4.19751692,-4.32492590,-0.01048113,-0.00379331,-0.00976801,0.30817866,
12462,-0.07630110,0.04525915,10.68836689,6.00000000,0.06123047,-0.03867187,-0.06912322,-0.06750407,0.05286403,0.13531746,0.01150183,-0.03652062,0.01140448,-0.02314600,0.01184395,4.31096315,-4.18704462,-0.06750447,-0.00381347,-0.00976801,0.30315870,
12470,0.20142630,0.39720678,9.87433910,6.00000000,0.01611328,-0.03706055,0.00095641,-0.08802168,0.01822391,0.13531746,0.01150183,0.01697437,0.01283328,-0.01201992,0.01184395,4.18704462,-4.24464083,-0.08802170,-0.00436831,-0.00976801,0.29926702,
12478,-0.64133269,0.01174032,9.37395096,6.00000000,0.01933594,-0.03544922,0.03572977,-0.02393746,0.00929741,0.13531746,0.01150183,0.10441758,0.03465442,-0.01300836,0.01184395,4.05439997,-4.40870190,-0.02393880,-0.00462437,-0.00976801,0.30505189,
12486,-0.45458496,-0.20613202,9.26621151,6.00000000,0.05317383,-0.03544922,-0.00184145,0.02442548,-0.00815588,0.13523810,0.01150183,0.00000027,0.03061802,-0.03346889,0.01187540,4.18529940,-4.18529940,0.02442386,-0.00456032,-0.00976801,0.30520487,
12494,0.23255092,-0.00262489,9.96771240,6.00000000,0.05800781,-0.04995117,0.00868383,0.05826622,0.03274611,0.13523810,0.01150183,-0.05349499,0.03129350,-0.04666445,0.01188538,4.33190727,-4.15039301,0.05826680,-0.00441343,-0.00976801,0.31170776,
12502,0.85025495,0.46185026,10.13291264,6.00000000,0.04189453,-0.07734375,-0.00277407,-0.00768325,-0.01814822,0.13523810,0.01150183,0.04835135,0.03055575,-0.02209082,0.01188968,4.09105158,-4.25511265,-0.00768337,-0.00439948,-0.00976801,0.30199146,
12510,0.36183780,0.15299822,10.73146248,6.00000000,0.04028320,-0.05478515,0.06930403,-0.03353010,0.00649956,0.13523810,0.01150183,0.07715624,0.02956442,-0.01438375,0.01189152,4.10152388,-4.36332321,-0.03352997,-0.00467610,-0.00976801,0.30441976,
12517,0.05777419,-0.13670018,10.39148617,5.00000000,0.05478515,-0.03706055,-0.01569750,-0.06856991,0.04780125,0.13523810,0.01150183,-0.01543143,0.01181082,-0.01859554,0.01189232,4.25336742,-4.20100737,-0.06856921,-0.00494367,-0.00976801,0.30149981,
12526,0.17987849,0.37087059,9.59661102,6.00000000,0.02578125,-0.02900391,-0.05433454,-0.04219013,0.05512896,0.13531746,0.01150183,-0.02623339,0.01375924,-0.02302204,0.01186122,4.20973396,-4.12072229,-0.04219069,-0.00557787,-0.00976801,0.29892024,
12534,-0.05235908,0.31580395,9.02200317,6.00000000,0.01772461,-0.03544922,-0.01103441,0.02069501,0.02088853,0.13531746,0.01150183,0.04320737,0.03247220,-0.02515603,0.01185137,4.04567337,-4.19228077,0.02069406,-0.00587108,-0.00976801,0.30012614,
12542,0.04819739,-0.31865951,9.38831615,6.00000000,0.04350586,-0.05800781,0.04412334,0.06865826,-0.03040550,0.13523810,0.01150183,0.09567338,0.04757716,-0.02772779,0.01187859,3.95491624,-4.27954721,0.06865761,-0.00570354,-0.00976801,0.30347696,
12550,0.19424370,-0.25641027,9.88391590,6.00000000,0.08217774,-0.05961914,0.01601154,0.05160466,-0.01028758,0.13523810,0.01150183,0.01851751,0.03655950,-0.03496602,0.01188676,4.12944889,-4.19228077,0.05160476,-0.00519772,-0.00976801,0.30540401,
12558,0.21339731,0.22243008,10.65724277,6.00000000,0.05478515,-0.05317383,-0.00610483,0.02109470,-0.00096139,0.13531746,0.01150183,-0.04732172,0.02401007,-0.03804499,0.01185882,4.26558447,-4.10501432,0.02109448,-0.00486706,-0.00976801,0.30496353,
12566,0.82152456,0.32059234,10.28135300,6.00000000,0.03706055,-0.06445312,-0.02755509,-0.03273072,-0.03373628,0.13531746,0.01150183,-0.00205743,0.01927860,-0.02279547,0.01185034,4.16435575,-4.15737438,-0.03273048,-0.00487868,-0.00976801,0.29928973,
12574,-0.03320547,0.06920116,10.01559639,6.00000000,0.03061523,-0.05478515,0.03213252,-0.03432950,-0.01042081,0.13523810,0.01150183,0.03189135,0.02241093,-0.01792397,0.01187814,4.08930635,-4.19751692,-0.03432946,-0.00513162,-0.00976801,0.29790843,
12582,-0.31811547,-0.37612036,9.42422867,6.00000000,0.03706055,-0.04028320,-0.01369903,-0.00954849,-0.00642387,0.13523810,0.01150183,-0.01748859,0.02114645,-0.02824133,0.01188656,4.20275307,-4.14341164,-0.00954982,-0.00532445,-0.00976801,0.30185610,
12589,0.28522336,-0.23486245,9.07706928,5.00000000,0.03383789,-0.04511719,-0.04793944,0.01003651,0.01555928,0.13523810,0.01150183,-0.03960666,0.02135739,-0.03361571,0.01189018,4.19926214,-4.06487179,0.01003615,-0.00550532,-0.00976801,0.30030242,
12598,0.27085814,0.45706183,9.50084305,6.00000000,0.02094727,-0.05478515,0.00455366,0.05093850,-0.01801499,0.13531746,0.01150183,0.02623281,0.03656838,-0.03316065,0.01186029,4.08581591,-4.17482758,0.05093877,-0.00552711,-0.00976801,0.30314139,
12606,0.02425537,-0.08881615,9.83603191,6.00000000,0.06284180,-0.08056641,0.03772824,0.06825857,-0.03227073,0.13531746,0.01150183,0.09927417,0.04961364,-0.02890587,0.01185098,4.01949310,-4.35634184,0.06825852,-0.00511595,-0.00976801,0.30857277,
12614,-0.45458496,-0.38569716,10.76019287,6.00000000,0.07412110,-0.05639648,-0.01183379,0.01190175,-0.01002112,0.13531746,0.01150183,0.00720119,0.03076522,-0.03195016,0.01184698,4.27605677,-4.30049133,0.01190069,-0.00432074,-0.00976801,0.31176269,
12622,0.48873049,0.00934612,10.25980473,5.00000000,0.04995117,-0.04995117,-0.09097316,-0.04938462,0.01249496,0.13531746,0.01150183,-0.05760970,0.01159979,-0.02827294,0.01184525,4.37379503,-4.17831802,-0.04938569,-0.00447407,-0.00976801,0.30643362,
12630,0.47197109,0.41875461,10.26219940,6.00000000,0.01289062,-0.04189453,-0.02808800,-0.07376593,-0.03320336,0.13531746,0.01150183,-0.00308635,0.01206739,-0.01595724,0.01184451,4.23416901,-4.22369671,-0.07376526,-0.00518502,-0.00976801,0.30124965,
12638,-0.27501985,0.03568234,9.29015350,6.00000000,0.02739258,-0.04028320,-0.00503898,-0.01634328,-0.02760764,0.13531746,0.01150183,0.06172487,0.02950824,-0.01793199,0.01184419,4.13119411,-4.34063387,-0.01634427,-0.00572144,-0.00976801,0.30591881,
12646,-0.78498483,-0.03614371,9.49844933,6.00000000,0.04672851,-0.04189453,-0.01183379,0.01816362,-0.02014669,0.13531746,0.01150183,-0.02057481,0.02629234,-0.03403115,0.01184405,4.25685787,-4.18704462,0.01816335,-0.00543654,-0.00976801,0.30740833,
12654,-0.09784891,-0.16543061,9.72829247,6.00000000,0.04028320,-0.05478515,-0.07804971,0.04680833,-0.00642387,0.13531746,0.01150183,-0.06583983,0.02608490,-0.04441746,0.01184399,4.30921793,-4.08581591,0.04680811,-0.00528077,-0.00976801,0.30771354,
12661,1.02742589,1.02448761,10.03235626,5.00000000,0.03061523,-0.07250977,0.01268077,0.01869654,-0.02534271,0.13531746,0.01150183,0.02108946,0.03038090,-0.02828713,0.01184397,4.12770367,-4.19926214,0.01869667,-0.00561594,-0.00976801,0.30320796,
12670,0.28522336,-0.33781314,10.32684326,6.00000000,0.05156250,-0.06445312,0.00295489,0.01136882,-0.04372862,0.13531746,0.01150183,0.09155832,0.03771896,-0.01901417,0.01184395,4.03345585,-4.34412432,0.01136875,-0.00558345,-0.00976801,0.30451146,
12678,-0.14812715,0.07159536,10.42021656,6.00000000,0.06123047,-0.04995117,-0.04967146,-0.02180576,-0.00589095,0.13531746,0.01150183,-0.03343357,0.01771233,-0.02860920,0.01184395,4.29874611,-4.18529940,-0.02180706,-0.00545294,-0.00976801,0.30596560,
12686,-0.21277060,0.18891124,10.03235626,6.00000000,0.02900391,-0.03867187,-0.11868524,-0.01660974,0.01675836,0.13531746,0.01150183,-0.07458428,0.01397831,-0.03457253,0.01184395,4.38950300,-4.13643026,-0.01660956,-0.00549585,-0.00976801,0.30786088,
12694,0.75688112,0.78027904,9.40986347,6.00000000,0.01772461,-0.05639648,-0.02782153,-0.03726058,-0.03333659,0.13531746,0.01150183,0.02674722,0.02052204,-0.01727037,0.01184395,4.13293982,-4.22369671,-0.03726055,-0.00598899,-0.00976801,0.30022672,
12702,0.33310738,-0.18697841,9.06270409,6.00000000,0.03544922,-0.04995117,0.02773590,0.05893238,-0.05678529,0.13531746,0.01150183,0.06532557,0.04188327,-0.02923626,0.01184395,4.05614519,-4.27780199,0.05893200,-0.00639481,-0.00976801,0.30637813,
12710,-0.58626604,-0.27795810,9.82406044,6.00000000,0.06123047,-0.06123047,-0.00503898,0.06186347,-0.02414363,0.13531746,0.01150183,-0.06326754,0.02826330,-0.04594952,0.01184395,4.28652859,-4.07185316,0.06186386,-0.00574675,-0.00976801,0.30747643,
12718,0.68744922,0.36847639,9.55112171,6.00000000,0.04833984,-0.07089844,-0.02329167,0.02722334,-0.00176078,0.13531746,0.01150183,-0.05658113,0.02353479,-0.03974474,0.01184395,4.30747271,-4.11548662,0.02722339,-0.00545608,-0.00976801,0.30730599,
12726,0.82391876,0.44987923,9.83363724,6.00000000,0.02578125,-0.06606445,0.06330863,-0.03419626,-0.01988023,0.13531746,0.01150183,0.03652071,0.02306695,-0.01749492,0.01184395,4.15737438,-4.28129292,-0.03419628,-0.00573626,-0.00976801,0.30342239,
12733,0.55337393,-0.52934927,9.09861755,5.00000000,0.04189453,-0.05639648,0.12779255,-0.01647651,0.03474458,0.13531746,0.01150183,0.03600649,0.02620709,-0.02070923,0.01184395,4.21846056,-4.34063387,-0.01647695,-0.00625646,-0.00976801,0.30907261,
12742,-1.57028294,-1.92995727,12.34276104,6.00000000,0.05961914,-0.04995117,-0.24898538,0.17111307,-0.06144838,0.13531746,0.01150183,0.01440207,0.05883117,-0.05785438,0.01184395,4.33888865,-4.38775778,0.17111158,-0.00620530,-0.00976801,0.32874653,
12750,0.11284083,1.06997752,11.37310886,6.00000000,0.07895508,-0.08862305,-0.10749383,-0.00755001,-0.00655710,0.13531746,0.01150183,-0.03600529,0.02069261,-0.03214375,0.01184395,4.29001951,-4.16784620,-0.00755221,-0.00484854,-0.00976801,0.30605000,
12758,1.08967507,0.02610553,9.35958576,6.00000000,0.04028320,-0.05639648,-0.01436519,-0.07962812,0.03914121,0.13531746,0.01150183,0.01800323,0.01399048,-0.01291985,0.01184395,4.23765945,-4.29874611,-0.07962786,-0.00515850,-0.00976801,0.30367166,
12766,-0.70597613,-0.17740162,9.45774746,6.00000000,0.01933594,-0.03544922,-0.07471893,-0.05471388,-0.08143307,0.13531746,0.01150183,0.03137626,0.01998439,-0.01568707,0.01184395,4.25860357,-4.36506844,-0.05471419,-0.00560919,-0.00976801,0.30864140,
12774,-0.41148934,-0.39527395,8.66766071,6.00000000,0.04028320,-0.04672851,0.00415397,0.01403345,0.02461901,0.13531746,0.01150183,-0.03446248,0.02410317,-0.03513870,0.01184395,4.35110569,-4.23416901,0.01403242,-0.00588206,-0.00976801,0.31223357,
12782,-1.01243401,0.30862135,9.29733562,6.00000000,0.04672851,-0.05156250,0.00415397,0.06013146,0.00290231,0.13531746,0.01150183,0.00617257,0.03787850,-0.03917171,0.01184395,4.25511265,-4.27605677,0.06013124,-0.00523654,-0.00976801,0.31361437,
12790,0.77364051,0.07159536,9.80011845,6.00000000,0.04672851,-0.05639648,-0.05180316,0.04067969,-0.05851729,0.13531746,0.01150183,0.02366131,0.03735152,-0.03457472,0.01184395,4.29525518,-4.37554026,0.04067988,-0.00514440,-0.00976801,0.31726560,
12798,0.90053320,-0.13430598,10.29332352,6.00000000,0.05156250,-0.07089844,0.03746177,0.02495841,0.01968945,0.13531746,0.01150183,-0.01697410,0.02988646,-0.03674497,0.01184395,4.34587002,-4.28827381,0.02495849,-0.00484879,-0.00976801,0.31479716,
12805,-0.36121109,-0.30190009,11.29170609,5.00000000,0.05156250,-0.07734375,-0.07511862,-0.01634328,0.00210293,0.13531746,0.01150183,0.01491665,0.02761583,-0.02706859,0.01184395,4.37903118,-4.42964554,-0.01634352,-0.00452375,-0.00976801,0.31812960,
12814,-0.27501985,0.35411116,11.05707455,6.00000000,0.05156250,-0.04995117,-0.01249995,-0.07842904,0.02381962,0.13531746,0.01150183,-0.00822996,0.01319776,-0.01830573,0.01184395,4.39124870,-4.36332321,-0.07842794,-0.00457453,-0.00976801,0.31166714,
12822,0.35944360,0.28946772,9.48168945,6.00000000,0.02578125,-0.02739258,-0.01676335,-0.08708908,0.03008148,0.13531746,0.01150183,0.03343426,0.01512180,-0.01043337,0.01184395,4.28478336,-4.39822960,-0.08708937,-0.00529593,-0.00976801,0.30844522,
12830,0.04819739,-0.85974908,8.59104633,6.00000000,0.00966797,-0.02094727,-0.05033761,-0.01820851,-0.00349279,0.13531746,0.01150183,0.03189132,0.02553137,-0.02100635,0.01184395,4.20449829,-4.31270885,-0.01820926,-0.00599103,-0.00976801,0.30742860,
12838,-0.22474161,0.73239505,8.37796307,6.00000000,0.04350586,-0.04511719,-0.02608953,0.07665213,0.01276143,0.13531746,0.01150183,-0.04423602,0.03332404,-0.04647830,0.01184395,4.31270885,-4.16261005,0.07665172,-0.00614962,-0.00976801,0.31278753,
12846,-0.18882857,-0.85974908,10.06587505,6.00000000,0.06284180,-0.08540039,-0.06326104,0.10876086,-0.03426921,0.13531746,0.01150183,0.02211805,0.04984593,-0.04722778,0.01184395,4.35634184,-4.43139076,0.10876182,-0.00542540,-0.00976801,0.32644045,
12854,0.44084647,0.85689354,11.39465714,6.00000000,0.06606445,-0.07250977,0.01814324,-0.00448570,-0.06051576,0.13531746,0.01150183,0.04629377,0.03317179,-0.02518490,0.01184395,4.32143545,-4.47851515,-0.00448748,-0.00470931,-0.00976801,0.31867287,
12862,1.14474177,-0.70652020,10.30529499,6.00000000,0.04672851,-0.04189453,-0.01636364,-0.06803700,-0.01774853,0.13531746,0.01150183,-0.04166417,0.01097778,-0.02395405,0.01184395,4.50818539,-4.36681366,-0.06803611,-0.00519183,-0.00976801,0.31678614,
12870,0.34747261,0.27749673,10.47528362,6.00000000,0.01611328,-0.05156250,-0.07112169,-0.05684558,-0.02347747,0.13531746,0.01150183,-0.04886560,0.01082831,-0.02548030,0.01184395,4.48724174,-4.32143545,-0.05684456,-0.00586989,-0.00976801,0.31519330,
12878,-0.09545472,0.56958932,9.99165440,6.00000000,0.03222656,-0.05800781,-0.04780623,-0.04365569,-0.00815588,0.13531746,0.01150183,-0.00154318,0.01789745,-0.02134511,0.01184395,4.37204981,-4.36681366,-0.04365514,-0.00623979,-0.00976801,0.31361878,
12886,-0.22953001,0.41396621,9.25902843,6.00000000,0.03061523,-0.03706055,0.00575273,-0.02447039,0.00983034,0.13531746,0.01150183,-0.01491684,0.01873033,-0.02528159,0.01184395,4.34761524,-4.29700041,-0.02447160,-0.00661622,-0.00976801,0.31159312,
12894,-0.22234741,-0.41442758,9.27099991,6.00000000,0.02739258,-0.03706055,-0.03901296,0.02295994,-0.00549125,0.13531746,0.01150183,0.02314712,0.03165862,-0.02908147,0.01184395,4.27954721,-4.35808706,0.02295949,-0.00673045,-0.00976801,0.31477877,
12902,0.46478850,-0.20613202,9.57985210,6.00000000,0.03544922,-0.04995117,-0.01529781,0.06066438,0.01129588,0.13531746,0.01150183,0.00874475,0.03639750,-0.03710584,0.01184395,4.28303766,-4.31270885,0.06066427,-0.00685467,-0.00976801,0.31599399,
12910,0.43605807,0.11469100,11.00200748,6.00000000,0.05961914,-0.07412110,0.03213252,0.05919884,-0.00202724,0.13531746,0.01150183,0.03909250,0.04096790,-0.03451163,0.01184395,4.29350996,-4.42615509,0.05919818,-0.00647814,-0.00976801,0.32037970,
12918,-0.02602286,-0.01220169,10.72906876,6.00000000,0.07089844,-0.07412110,-0.03514925,-0.03472919,0.00223616,0.13531746,0.01150183,0.05452370,0.02725880,-0.01744044,0.01184395,4.33539772,-4.52040291,-0.03472939,-0.00593423,-0.00976801,0.31850487,
12926,0.11044663,-0.14388278,9.78096485,6.00000000,0.03867187,-0.03222656,-0.06166226,-0.09148570,0.00809833,0.13531746,0.01150183,-0.03600607,0.00553652,-0.01726554,0.01184395,4.46804285,-4.34587002,-0.09148523,-0.00625693,-0.00976801,0.31287166,
12934,0.24931033,-0.62272310,9.55830383,6.00000000,0.00322266,-0.01933594,-0.08457806,-0.04925139,0.03567720,0.13531746,0.01150183,-0.06481149,0.00886303,-0.02727277,0.01184395,4.52912951,-4.30921793,-0.04925136,-0.00704094,-0.00976801,0.31681934,
12942,0.09368722,0.76112545,9.22790432,6.00000000,0.01289062,-0.05317383,-0.05433454,0.01629838,-0.01215282,0.13531746,0.01150183,-0.00000004,0.02668384,-0.02960129,0.01184395,4.31619930,-4.31619930,0.01629830,-0.00744387,-0.00976801,0.31410602,
12949,0.00031335,-0.54610866,9.43141174,5.00000000,0.04833984,-0.06767578,-0.01689657,0.05533513,-0.02560917,0.13531746,0.01150183,0.05092322,0.04050099,-0.03127648,0.01184395,4.27256584,-4.44535351,0.05533472,-0.00730346,-0.00976801,0.32003632,
12958,-0.40430674,0.27031410,10.14248943,6.00000000,0.06445312,-0.05800781,0.00521981,0.04454340,0.01062973,0.13531746,0.01150183,-0.01080121,0.03285710,-0.03822375,0.01184395,4.43139076,-4.39473915,0.04454349,-0.00659904,-0.00976801,0.32317659,
12966,0.43605807,-0.25641027,10.73385715,6.00000000,0.05317383,-0.05478515,-0.02715538,-0.02660209,0.01329435,0.13531746,0.01150183,0.02057482,0.02426577,-0.02244155,0.01184395,4.40346575,-4.47327852,-0.02660228,-0.00635024,-0.00976801,0.31985334,
12974,1.11840558,0.50255167,10.56386852,6.00000000,0.02578125,-0.04350586,-0.06139580,-0.06910285,0.00689925,0.13531746,0.01150183,0.01131644,0.01431088,-0.01481079,0.01184395,4.38601255,-4.42440987,-0.06910229,-0.00688097,-0.00976801,0.31436792,
12982,-0.40909514,-0.30668849,10.01559639,6.00000000,0.02416992,-0.04350586,-0.01942796,-0.03406303,0.03847506,0.13531746,0.01150183,-0.02057471,0.01634037,-0.02426233,0.01184395,4.40870190,-4.33888865,-0.03406271,-0.00703011,-0.00976801,0.31463066,
12990,-0.69879353,0.33495754,9.23269272,6.00000000,0.03867187,-0.05156250,-0.05726565,-0.00834940,0.00476755,0.13531746,0.01150183,-0.01183048,0.02232676,-0.02810413,0.01184395,4.40521097,-4.36506844,-0.00834973,-0.00692821,-0.00976801,0.31731728,
12998,-0.48331538,-0.08642194,8.93581200,6.00000000,0.03383789,-0.05156250,0.02280634,0.02948827,0.00037092,0.13531746,0.01150183,-0.00102872,0.03010470,-0.03321709,0.01184395,4.35983229,-4.35634184,0.02948791,-0.00697587,-0.00976801,0.31809917,
13006,-0.10503152,-0.85017228,9.89109802,6.00000000,0.03544922,-0.04350586,0.02667005,0.04041323,0.00343524,0.13531746,0.01150183,-0.00720117,0.03204377,-0.03657483,0.01184395,4.39299345,-4.36855936,0.04041331,-0.00667797,-0.00976801,0.32053629,
13014,0.72336227,0.02610553,10.58541679,6.00000000,0.04672851,-0.06767578,-0.05753211,0.02269348,0.00290231,0.13531746,0.01150183,-0.02366078,0.02585703,-0.03433150,0.01184395,4.36157751,-4.28129292,0.02269316,-0.00690991,-0.00976801,0.31494930,
13021,-0.68682253,-0.84298968,11.50479031,5.00000000,0.04511719,-0.07734375,0.00108964,0.01070267,0.04393754,0.13531746,0.01150183,-0.00205757,0.02799295,-0.03139661,0.01184395,4.41219234,-4.40521097,0.01070211,-0.00637706,-0.00976801,0.32040676,
13030,0.01228436,0.07159536,10.08502865,6.00000000,0.04189453,-0.06123047,-0.04101143,-0.03899259,0.02941533,0.13531746,0.01150183,-0.00308621,0.01837230,-0.02217054,0.01184395,4.36332321,-4.35285091,-0.03899297,-0.00628159,-0.00976801,0.31313431,
13038,-0.18404017,-0.59638691,9.63491821,6.00000000,0.03061523,-0.03222656,-0.00117528,-0.04005844,-0.00002877,0.13531746,0.01150183,0.06018160,0.02593749,-0.01480741,0.01184395,4.29525518,-4.49945879,-0.04005796,-0.00640966,-0.00976801,0.31590420,
13046,0.12002344,-0.17500740,9.26381683,6.00000000,0.02739258,-0.02900391,-0.03501602,-0.01487774,0.02048884,0.13531746,0.01150183,0.00823006,0.02305148,-0.02411186,0.01184395,4.31096315,-4.33888865,-0.01487844,-0.00675294,-0.00976801,0.31247839,
13054,0.01467856,-0.08402774,9.29254723,6.00000000,0.03544922,-0.05800781,-0.02808800,0.06612686,0.00063738,0.13531746,0.01150183,-0.03600615,0.03209027,-0.04334404,0.01184395,4.35459661,-4.23242331,0.06612728,-0.00682611,-0.00976801,0.31607369,
13062,-0.76104277,0.14102721,10.02996159,6.00000000,0.06445312,-0.08056641,-0.01036825,0.08291400,-0.00282663,0.13531746,0.01150183,0.03652048,0.04547336,-0.03954931,0.01184395,4.32667112,-4.45058966,0.08291327,-0.00636459,-0.00976801,0.32418692,
13070,-0.02123446,0.65338635,10.52316761,6.00000000,0.06767578,-0.07412110,0.05438214,0.02309317,-0.04186339,0.13531746,0.01150183,0.03240568,0.03506900,-0.03029001,0.01184395,4.33539772,-4.44535351,0.02309275,-0.00568802,-0.00976801,0.31997648,
13078,0.50309569,-0.46949422,10.85596180,6.00000000,0.04511719,-0.04995117,0.00895029,-0.04352245,-0.01228605,0.13531746,0.01150183,-0.03189110,0.01611725,-0.02671719,0.01184395,4.49771357,-4.38950300,-0.04352282,-0.00558347,-0.00976801,0.31900623,
13086,0.05298579,0.57677191,10.45373535,6.00000000,0.02255859,-0.04672851,-0.02968677,-0.05351479,0.01036326,0.13531746,0.01150183,-0.03600584,0.01257530,-0.02418285,0.01184395,4.44011736,-4.31794453,-0.05351351,-0.00592965,-0.00976801,0.31360000,
13093,-0.31093287,0.04525915,9.49126625,5.00000000,0.03383789,-0.06284180,-0.04194403,-0.01554389,0.02275377,0.13531746,0.01150183,0.00874422,0.02411641,-0.02505168,0.01184395,4.36332321,-4.39299345,-0.01554421,-0.00639252,-0.00976801,0.31628951,
13102,-0.78019643,0.59831977,8.75864029,6.00000000,0.04028320,-0.05800781,0.03506362,0.00857097,0.03820859,0.13531746,0.01150183,0.00257114,0.02776420,-0.03008124,0.01184395,4.36332321,-4.37204981,0.00857084,-0.00631182,-0.00976801,0.31727862,
13110,0.56773913,-0.24683346,9.37395096,6.00000000,0.04189453,-0.04833984,-0.00157498,0.01030297,0.02248731,0.13531746,0.01150183,0.02623310,0.03074694,-0.02747650,0.01184395,4.33539772,-4.42440987,0.01030316,-0.00650681,-0.00976801,0.31829000,
13118,0.55097973,-0.89326793,9.89588642,6.00000000,0.03706055,-0.04028320,-0.02262551,0.02322640,0.00476755,0.13531746,0.01150183,0.03857791,0.03529378,-0.02906707,0.01184395,4.35808706,-4.48898697,0.02322621,-0.00634449,-0.00976801,0.32239029,
13126,0.36902040,0.81619209,10.32205486,6.00000000,0.04833984,-0.05800781,-0.04340959,0.00790481,0.02208761,0.13531746,0.01150183,0.00668647,0.02890646,-0.03025244,0.01184395,4.41219234,-4.43488169,0.00790522,-0.00622282,-0.00976801,0.32127956,
13134,-0.10263732,-0.68736655,10.56865692,6.00000000,0.05156250,-0.06928711,-0.02049383,0.01789715,0.03247965,0.13531746,0.01150183,0.01388799,0.03250165,-0.03211457,0.01184395,4.46280670,-4.50993061,0.01789715,-0.00608538,-0.00976801,0.32655928,
13142,0.01228436,0.36608216,9.94377041,6.00000000,0.05961914,-0.05800781,0.00841737,-0.02380423,0.03700951,0.13531746,0.01150183,0.00668709,0.02394482,-0.02538341,0.01184395,4.44535351,-4.46804285,-0.02380395,-0.00592232,-0.00976801,0.32138485,
13150,0.43126965,-0.41921598,10.21910381,6.00000000,0.03544922,-0.03867187,0.01747709,-0.05311510,0.00157000,0.13531746,0.01150183,-0.00565803,0.01713053,-0.02157720,0.01184395,4.49945879,-4.48026037,-0.05311502,-0.00621594,-0.00976801,0.32166401,
13158,0.67547822,0.16736344,9.69956207,6.00000000,0.01611328,-0.03544922,0.03719532,-0.04645354,0.04220553,0.13531746,0.01150183,0.02777606,0.01970570,-0.01625121,0.01184395,4.29874611,-4.39299345,-0.04645400,-0.00686507,-0.00976801,0.31170759,
13165,-0.38036472,-0.07684514,9.35958576,5.00000000,0.03867187,-0.04511719,0.00148933,0.03974708,0.04073999,0.13531746,0.01150183,0.02777627,0.03538886,-0.03167028,0.01184395,4.30747271,-4.40172052,0.03974630,-0.00693746,-0.00976801,0.31858987,
13174,-0.28938505,-0.15106539,8.99806118,6.00000000,0.05478515,-0.06928711,-0.01809566,0.06785887,0.06325607,0.13531746,0.01150183,-0.00154290,0.03773478,-0.04084244,0.01184395,4.35634184,-4.35110569,0.06785908,-0.00643080,-0.00976801,0.32056475,
13182,-0.31811547,-0.04811472,10.43697643,6.00000000,0.05478515,-0.06767578,-0.01902827,0.08371338,0.05779358,0.13531746,0.01150183,0.09053002,0.05354679,-0.03486370,0.01184395,4.30223656,-4.60941458,0.08371282,-0.00582148,-0.00976801,0.32911655,
13190,0.70899707,0.05244175,11.06904507,6.00000000,0.07573242,-0.05317383,0.01827647,-0.02340454,0.04193907,0.13531746,0.01150183,0.04115022,0.02874278,-0.02203482,0.01184395,4.35285091,-4.49247742,-0.02340543,-0.00517083,-0.00976801,0.31894624,
13198,1.36500835,-0.15345959,9.89828110,5.00000000,0.04350586,-0.04189453,-0.02142643,-0.04831878,0.04220553,0.13531746,0.01150183,0.05040878,0.02385209,-0.01504808,0.01184395,4.31270885,-4.48375082,-0.04831877,-0.00600678,-0.00976801,0.31536856,
13206,-0.50725740,-0.03135531,9.46971893,6.00000000,0.04350586,-0.04028320,-0.05206963,-0.01621005,0.01209527,0.13531746,0.01150183,0.01131621,0.02536269,-0.02568781,0.01184395,4.41219234,-4.45058966,-0.01621003,-0.00607642,-0.00976801,0.32010055,
13214,-0.46895018,-0.05050892,8.95257092,6.00000000,0.04833984,-0.05478515,-0.00224113,0.04121262,0.02834948,0.13531746,0.01150183,-0.00822954,0.03350995,-0.03826975,0.01184395,4.42790031,-4.39997530,0.04121253,-0.00592248,-0.00976801,0.32299840,
13222,-0.46895018,0.56240672,10.06826878,6.00000000,0.04833984,-0.06123047,-0.00996854,0.05293697,0.00729894,0.13531746,0.01150183,0.02366111,0.04141430,-0.03860131,0.01184395,4.47502422,-4.55530930,0.05293683,-0.00533611,-0.00976801,0.33118752,
13230,1.20938516,-0.37372616,9.81687832,6.00000000,0.04833984,-0.05800781,0.02440511,-0.01367866,0.01009680,0.13531746,0.01150183,0.02674714,0.02844741,-0.02511462,0.01184395,4.39124870,-4.48200512,-0.01367847,-0.00554723,-0.00976801,0.32066369,
13237,1.06094468,0.25355470,10.24065113,5.00000000,0.05317383,-0.04833984,-0.00184145,0.00643926,0.04860063,0.13531746,0.01150183,0.02520462,0.03138090,-0.02836094,0.01184395,4.43488169,-4.52040291,0.00643907,-0.00628017,-0.00976801,0.32509589,
13246,-0.52880520,-0.25641027,10.45134163,6.00000000,0.05800781,-0.06284180,-0.02568983,-0.00861587,0.04806771,0.13531746,0.01150183,0.02006053,0.02867821,-0.02691592,0.01184395,4.47851515,-4.54658270,-0.00861582,-0.00611085,-0.00976801,0.32653514,
13254,-0.20798220,0.28228512,9.92701149,6.00000000,0.05156250,-0.06928711,-0.01383225,-0.03592827,0.06405545,0.13531746,0.01150183,0.05812462,0.02835298,-0.01768881,0.01184395,4.41393757,-4.61116028,-0.03592796,-0.00600768,-0.00976801,0.32455501,
13262,-0.33726910,0.09314318,9.88630962,6.00000000,0.03544922,-0.04189453,-0.05286901,-0.06190836,0.05619481,0.13531746,0.01150183,0.05143755,0.02320679,-0.01420477,0.01184395,4.49247742,-4.66701031,-0.06190814,-0.00630445,-0.00976801,0.32754308,
13270,0.35704941,0.35889956,9.30451870,6.00000000,0.02578125,-0.02255859,0.02200695,-0.01461127,0.07471395,0.13531746,0.01150183,-0.00565807,0.02358709,-0.02792736,0.01184395,4.55181837,-4.53262043,-0.01461245,-0.00704669,-0.00976801,0.32825151,
13278,0.12241764,-0.12472917,9.67083168,6.00000000,0.03867187,-0.03867187,-0.05593332,0.02056178,0.00609986,0.13531746,0.01150183,0.05195174,0.03577625,-0.02641357,0.01184395,4.38601255,-4.56229067,0.02056192,-0.00720763,-0.00976801,0.32586670,
13286,0.40972185,0.18651704,10.15924835,6.00000000,0.06606445,-0.04511719,0.03546330,0.05107173,-0.00815588,0.13531746,0.01150183,0.02777623,0.03907171,-0.03531996,0.01184395,4.46978855,-4.56403589,0.05107157,-0.00713384,-0.00976801,0.33117878,
13294,-0.18404017,-0.52934927,10.84159660,6.00000000,0.06284180,-0.07734375,0.02680327,0.00124325,0.02555162,0.13531746,0.01150183,-0.03497710,0.02327763,-0.03448371,0.01184395,4.57799864,-4.45931625,0.00124320,-0.00665487,-0.00976801,0.32769275,
13302,0.13199444,0.29425612,10.36275578,6.00000000,0.03383789,-0.07250977,-0.01036825,-0.06177513,0.01622544,0.13531746,0.01150183,0.04577928,0.02187552,-0.01421421,0.01184395,4.48724174,-4.64257574,-0.06177458,-0.00667211,-0.00976801,0.32647717,
13309,0.25649294,-0.23246825,9.89349270,5.00000000,0.02900391,-0.02739258,-0.00850301,-0.06737084,0.05286403,0.13531746,0.01150183,-0.00411426,0.01396565,-0.01810668,0.01184395,4.55530930,-4.54134703,-0.06737068,-0.00724517,-0.00976801,0.32486939,
13318,0.29719436,-0.05290312,9.17283726,6.00000000,0.02578125,-0.02739258,-0.04127788,-0.01421158,0.05059910,0.13531746,0.01150183,0.04269319,0.02703795,-0.01997750,0.01184395,4.36681366,-4.51167631,-0.01421193,-0.00785911,-0.00976801,0.32081488,
13326,0.05059159,-0.39527395,9.33803749,6.00000000,0.04833984,-0.03544922,-0.00717070,0.02229378,0.01715806,0.13531746,0.01150183,0.02468994,0.03208471,-0.02916248,0.01184395,4.45582581,-4.53960133,0.02229338,-0.00796627,-0.00976801,0.32770050,
13334,-0.04517648,-0.34260154,9.58942890,6.00000000,0.05639648,-0.06123047,0.02840205,0.05466898,0.02808302,0.13531746,0.01150183,0.00411511,0.03600052,-0.03783117,0.01184395,4.49945879,-4.51342154,0.05466919,-0.00771135,-0.00976801,0.33068040,
13342,0.15593646,0.15060402,10.43218803,6.00000000,0.04672851,-0.07734375,0.01414630,0.01603192,-0.01215282,0.13531746,0.01150183,0.07406983,0.03885973,-0.02429039,0.01184395,4.46629763,-4.71762466,0.01603159,-0.00726744,-0.00976801,0.33407944,
13350,0.49591312,-0.36175513,10.16643143,6.00000000,0.04833984,-0.04833984,0.02240665,-0.03579504,0.03501104,0.13531746,0.01150183,0.02314680,0.02312096,-0.02073281,0.01184395,4.54658270,-4.62512255,-0.03579467,-0.00742438,-0.00976801,0.32987911,
13358,0.32592478,0.02849974,10.19037342,6.00000000,0.03544922,-0.02739258,0.00082318,-0.05857758,0.05686097,0.13531746,0.01150183,-0.00925851,0.01400026,-0.01933909,0.01184395,4.56752682,-4.53611040,-0.05857722,-0.00795983,-0.00976801,0.32576001,
13366,0.13917705,-0.28274649,9.74026299,6.00000000,0.03706055,-0.02578125,-0.04927175,-0.04858524,0.04113968,0.13531746,0.01150183,0.00823017,0.01738090,-0.01856856,0.01184395,4.55530930,-4.58323479,-0.04858531,-0.00846721,-0.00976801,0.32774976,
13374,0.38817403,0.02610553,9.38831615,6.00000000,0.03222656,-0.03706055,-0.01463164,-0.02566947,0.03714275,0.13531746,0.01150183,0.01285952,0.02043947,-0.02047282,0.01184395,4.47153378,-4.51516676,-0.02566958,-0.00901906,-0.00976801,0.32390681,
13381,-0.52401680,-0.28274649,9.75702286,5.00000000,0.02255859,-0.05639648,0.01188137,0.04254493,0.02448577,0.13531746,0.01150183,0.06378250,0.03901735,-0.02682249,0.01184395,4.40695620,-4.62337685,0.04254455,-0.00909548,-0.00976801,0.33043405,
13390,-0.39472991,-0.50780147,9.74505138,6.00000000,0.04672851,-0.05961914,-0.00836977,0.02975473,0.03767567,0.13531746,0.01150183,0.05812439,0.03647266,-0.02564810,0.01184395,4.41917372,-4.61639595,0.02975500,-0.00879444,-0.00976801,0.32969663,
13398,0.32831898,0.57677191,10.22149754,6.00000000,0.05317383,-0.04672851,0.01054906,0.02469195,0.03367873,0.13531746,0.01150183,0.02108888,0.03152305,-0.02945228,0.01184395,4.48549604,-4.55705500,0.02469134,-0.00857329,-0.00976801,0.32958260,
13406,0.38577983,-0.03614371,10.41782284,6.00000000,0.05961914,-0.04189453,-0.03861327,-0.02073991,0.01436020,0.13531746,0.01150183,0.05606670,0.02739245,-0.01720368,0.01184395,4.41044712,-4.60068798,-0.02073987,-0.00844191,-0.00976801,0.32514998,
13414,0.45521167,0.08835478,9.65646648,6.00000000,0.05156250,-0.03061523,-0.01036825,-0.04165721,-0.01561683,0.13531746,0.01150183,-0.03086230,0.01266500,-0.02306349,0.01184395,4.54134703,-4.43662691,-0.04165702,-0.00876595,-0.00976801,0.32243147,
13422,-0.35163429,-0.06487413,9.58703423,6.00000000,0.01772461,-0.05156250,-0.02515689,-0.00088845,-0.00402571,0.13531746,0.01150183,-0.01234495,0.02177201,-0.02767795,0.01184395,4.49422264,-4.45233488,-0.00088879,-0.00899172,-0.00976801,0.32424825,
13430,-0.19840539,0.18412285,9.57506371,6.00000000,0.02094727,-0.05961914,0.00921676,0.01483283,-0.01628298,0.13531746,0.01150183,0.00925881,0.02755604,-0.02831236,0.01184395,4.47327852,-4.50469494,0.01483273,-0.00885814,-0.00976801,0.32652691,
13438,0.43126965,0.57677191,9.44817066,6.00000000,0.04028320,-0.05317383,0.03293191,0.03161997,-0.00375925,0.13531746,0.01150183,-0.01491665,0.02758625,-0.03399899,0.01184395,4.51516676,-4.46455240,0.03162011,-0.00898441,-0.00976801,0.32780728,
13446,0.65153623,-0.26838127,9.80251217,6.00000000,0.05478515,-0.05639648,-0.02422430,0.04494309,0.00490078,0.13531746,0.01150183,-0.01388789,0.02977745,-0.03590652,0.01184395,4.48200512,-4.43488169,0.04494318,-0.00897520,-0.00976801,0.32649553,
13453,0.28522336,0.17694025,10.47288895,5.00000000,0.04833984,-0.06606445,-0.02515689,0.01736423,-0.00669034,0.13531746,0.01150183,-0.04372177,0.02169176,-0.03494349,0.01184395,4.54134703,-4.39299345,0.01736419,-0.00871996,-0.00976801,0.32512873,
13462,0.27804077,-0.24443926,10.42500496,6.00000000,0.03061523,-0.07412110,0.02333926,-0.00555155,0.00530048,0.13531746,0.01150183,0.02160356,0.02575335,-0.02365445,0.01184395,4.45757103,-4.53087473,-0.00555174,-0.00858215,-0.00976801,0.32542869,
13470,0.06256260,0.53367627,9.98926067,6.00000000,0.02578125,-0.05478515,0.02200695,-0.01887467,-0.00042847,0.13531746,0.01150183,0.04938000,0.02639951,-0.01778610,0.01184395,4.39648438,-4.56403589,-0.01887480,-0.00861817,-0.00976801,0.32345048,
13478,-0.08348370,-0.58441591,9.35958576,6.00000000,0.03867187,-0.03383789,-0.01276640,0.00897066,0.00649956,0.13531746,0.01150183,-0.03240533,0.02140390,-0.03201003,0.01184395,4.50993061,-4.39997530,0.00897042,-0.00868827,-0.00976801,0.32363439,
13486,0.24212773,0.25116050,9.06988716,6.00000000,0.04672851,-0.04511719,-0.02329167,0.05067204,-0.00002877,0.13531746,0.01150183,-0.06223882,0.02499228,-0.04251258,0.01184395,4.52389383,-4.31270885,0.05067217,-0.00871938,-0.00976801,0.32400054,
13494,0.29001176,-0.46231163,9.87433910,6.00000000,0.04672851,-0.07250977,0.00202226,0.05786652,-0.04106400,0.13531746,0.01150183,0.01388816,0.03639373,-0.03591838,0.01184395,4.45058966,-4.49771357,0.05786670,-0.00840355,-0.00976801,0.32857135,
13502,0.19424370,-0.03614371,10.51359081,6.00000000,0.04511719,-0.08378907,0.06304217,0.04800741,-0.02241162,0.13531746,0.01150183,-0.02880488,0.03074380,-0.04036959,0.01184395,4.57974386,-4.48200512,0.04800613,-0.00802545,-0.00976801,0.33196881,
13510,0.08171621,-0.62990576,10.64048290,6.00000000,0.03222656,-0.08217774,0.00775120,-0.00168784,0.00849803,0.13531746,0.01150183,0.02520409,0.02859279,-0.02561786,0.01184395,4.48549604,-4.57101727,-0.00168819,-0.00764160,-0.00976801,0.32817620,
13518,0.31874219,0.18172865,10.19037342,6.00000000,0.04189453,-0.04511719,-0.04873884,-0.03246426,0.00623309,0.13531746,0.01150183,-0.00720099,0.01900090,-0.02377126,0.01184395,4.54309177,-4.51865721,-0.03246450,-0.00777969,-0.00976801,0.32613471,
13525,0.26367554,-0.41682178,9.75941658,5.00000000,0.04833984,-0.03222656,-0.02102674,-0.03113195,0.04247199,0.13531746,0.01150183,-0.04577940,0.01369490,-0.02757225,0.01184395,4.56403589,-4.40870190,-0.03113194,-0.00811488,-0.00976801,0.32300463,
13534,-0.03559967,0.01892293,9.17762566,6.00000000,0.02900391,-0.04833984,-0.04554128,0.00031063,-0.00562449,0.13531746,0.01150183,0.02674757,0.02780464,-0.02446995,0.01184395,4.45233488,-4.54309177,0.00031124,-0.00834165,-0.00976801,0.32610679,
13542,-0.32050967,-0.56765652,9.59900570,6.00000000,0.04028320,-0.06445312,0.02200695,0.05120496,-0.01988023,0.13531746,0.01150183,-0.01234485,0.03281078,-0.03854290,0.01184395,4.52040291,-4.47851515,0.05120479,-0.00809249,-0.00976801,0.32992312,
13550,-0.31572127,0.46903285,10.00123119,6.00000000,0.03867187,-0.07412110,0.02214018,0.07212227,-0.01801499,0.13531746,0.01150183,0.02829049,0.04228200,-0.03834804,0.01184395,4.44011736,-4.53611040,0.07212217,-0.00737998,-0.00976801,0.33061707,
13558,0.32592478,0.32538074,10.15924835,5.00000000,0.06123047,-0.06606445,0.03985994,0.01150205,-0.03253720,0.13531746,0.01150183,0.03960684,0.03388713,-0.02746104,0.01184395,4.47502422,-4.60941458,0.01150239,-0.00690469,-0.00976801,0.33014479,
13566,0.86940855,-0.16064219,9.96292400,6.00000000,0.05961914,-0.04672851,-0.03181847,-0.03233103,-0.00602418,0.13531746,0.01150183,-0.05658094,0.01485622,-0.03126807,0.01184395,4.66526508,-4.47327852,-0.03233069,-0.00690627,-0.00976801,0.32892820,
13574,0.24931033,-0.28992909,9.76420498,6.00000000,0.03061523,-0.05478515,-0.01329932,-0.03499565,0.01595897,0.13531746,0.01150183,-0.07149756,0.01214645,-0.03209253,0.01184395,4.69319010,-4.45058966,-0.03499585,-0.00725878,-0.00976801,0.32892478,
13582,-0.21516480,-0.01220169,9.96531868,6.00000000,0.01933594,-0.06767578,-0.02928708,-0.00235400,-0.00615741,0.13531746,0.01150183,0.00771552,0.02759517,-0.02874539,0.01184395,4.58323479,-4.60941458,-0.00235448,-0.00735831,-0.00976801,0.33306286,
13590,0.08650462,-0.28992909,10.10178757,6.00000000,0.03061523,-0.06284180,-0.03248463,0.01403345,-0.01375159,0.13531746,0.01150183,0.02623308,0.03253019,-0.02925976,0.01184395,4.53436518,-4.62337685,0.01403317,-0.00738077,-0.00976801,0.33298552,
13597,0.22057991,0.39960101,9.34761429,5.00000000,0.04350586,-0.05317383,0.02547096,-0.00195430,0.03221318,0.13531746,0.01150183,0.05606696,0.03305887,-0.02279478,0.01184395,4.46629763,-4.65653801,-0.00195404,-0.00729878,-0.00976801,0.33056113,
13606,0.12960024,0.23918949,10.06826878,6.00000000,0.05800781,-0.03061523,-0.02475721,0.02655718,0.02941533,0.13531746,0.01150183,-0.00771545,0.03119497,-0.03589796,0.01184395,4.61988688,-4.59370661,0.02655714,-0.00732844,-0.00976801,0.33591816,
13614,-0.11221413,0.18651704,10.66203117,6.00000000,0.06284180,-0.05317383,-0.02755509,0.00603957,0.00530048,0.13531746,0.01150183,-0.00720130,0.02794598,-0.03258628,0.01184395,4.61988688,-4.59545183,0.00603925,-0.00703279,-0.00976801,0.33449391,
13622,-0.15291555,-0.08642194,10.18797874,6.00000000,0.04995117,-0.06123047,0.02187372,-0.02660209,0.00383493,0.13531746,0.01150183,0.02006073,0.02552786,-0.02383158,0.01184395,4.58148909,-4.64955711,-0.02660206,-0.00688537,-0.00976801,0.33269677,
13630,0.06495680,0.12187360,10.06826878,6.00000000,0.03222656,-0.05800781,0.00801767,-0.04312276,-0.03413597,0.13531746,0.01150183,0.00000012,0.01978721,-0.02287983,0.01184395,4.60941458,-4.60941458,-0.04312333,-0.00709467,-0.00976801,0.33105612,
13638,0.05298579,-0.31865951,9.45535374,6.00000000,0.01772461,-0.05317383,-0.02409106,-0.01194664,0.02328669,0.13531746,0.01150183,-0.01337368,0.02344408,-0.02960252,0.01184395,4.63559437,-4.59021616,-0.01194664,-0.00743479,-0.00976801,0.33356944,
13646,0.29001176,0.60310817,9.26860523,6.00000000,0.03383789,-0.05156250,-0.02115998,0.00217587,0.02262054,0.13531746,0.01150183,0.00514409,0.02731786,-0.02906399,0.01184395,4.53960133,-4.55705500,0.00217560,-0.00752779,-0.00976801,0.32991150,
13654,0.45521167,-0.45273480,10.03235626,6.00000000,0.04833984,-0.04672851,-0.00730393,0.03295228,0.01249496,0.13531746,0.01150183,0.00360056,0.03238243,-0.03440067,0.01184395,4.53087473,-4.54309177,0.03295207,-0.00768500,-0.00976801,0.33132029,
13662,0.33310738,-0.03135531,9.96292400,6.00000000,0.05639648,-0.06123047,-0.01769596,0.01549899,0.01169557,0.13531746,0.01150183,-0.01028753,0.02779824,-0.03314457,0.01184395,4.54483747,-4.50993061,0.01549935,-0.00743804,-0.00976801,0.32935902,
13669,0.20142630,-0.10078716,10.10657597,5.00000000,0.04350586,-0.06767578,0.03199930,-0.00368631,-0.00429217,0.13531746,0.01150183,0.04320754,0.03163262,-0.02440972,0.01184395,4.53087473,-4.67748260,-0.00368559,-0.00736379,-0.00976801,0.33353573,
13678,0.09129302,0.29665032,10.06587505,6.00000000,0.04189453,-0.05961914,0.02027495,-0.01607681,0.01595897,0.13531746,0.01150183,0.03292020,0.02840288,-0.02364670,0.01184395,4.57450819,-4.68620920,-0.01607666,-0.00741057,-0.00976801,0.33453542,
13686,0.34507841,0.00216352,9.63252449,6.00000000,0.04189453,-0.04511719,-0.00450607,-0.01674297,0.04153937,0.13531746,0.01150183,0.03703517,0.02823730,-0.02251514,0.01184395,4.54658270,-4.67224646,-0.01674315,-0.00761542,-0.00976801,0.33296865,
13694,0.38338563,0.32298654,9.78335857,6.00000000,0.05317383,-0.02900391,-0.04460866,-0.01474450,0.03634335,0.13531746,0.01150183,-0.00874420,0.02299586,-0.02807571,0.01184395,4.63035822,-4.60068798,-0.01474537,-0.00780499,-0.00976801,0.33355635,
13702,0.54379714,-0.73525059,9.68280220,6.00000000,0.04995117,-0.03867187,-0.04234376,0.02309317,0.01356081,0.13531746,0.01150183,-0.02263253,0.02756547,-0.03581188,0.01184395,4.63384914,-4.55705500,0.02309325,-0.00811871,-0.00976801,0.33484456,
13710,-0.11460833,-0.10557556,10.08024025,6.00000000,0.04350586,-0.06284180,0.00548628,0.01843008,-0.02920642,0.13531746,0.01150183,-0.00925880,0.02870860,-0.03380937,0.01184395,4.61988688,-4.58847046,0.01842980,-0.00789764,-0.00976801,0.33513910,
13718,0.24452193,-0.34499574,9.89588642,6.00000000,0.03222656,-0.07573242,0.04652150,-0.00741678,0.00956388,0.13531746,0.01150183,0.03703480,0.02973473,-0.02398733,0.01184395,4.55705500,-4.68271828,-0.00741650,-0.00784580,-0.00976801,0.33440408,
13726,0.17269588,-0.20852624,10.14727783,6.00000000,0.03383789,-0.05317383,0.02107433,-0.01807528,0.04593600,0.13531746,0.01150183,0.02983372,0.02675092,-0.02273763,0.01184395,4.56578159,-4.66701031,-0.01807519,-0.00795514,-0.00976801,0.33337826,
13734,0.17269588,0.50973427,9.93898201,6.00000000,0.03867187,-0.03706055,0.00029026,-0.03619473,0.06298961,0.13531746,0.01150183,0.04166449,0.02465917,-0.01791155,0.01184395,4.54832792,-4.68970013,-0.03619457,-0.00811588,-0.00976801,0.33225441,
13741,0.68505502,-0.17261320,9.56548691,5.00000000,0.05156250,-0.02094727,-0.04354281,-0.03313041,0.04526985,0.13531746,0.01150183,0.00874446,0.02029869,-0.02131930,0.01184395,4.57450819,-4.60417843,-0.03313048,-0.00860273,-0.00976801,0.33032545,
13750,0.22057991,-0.14867119,9.20635605,6.00000000,0.03544922,-0.02900391,-0.00783684,0.00497372,0.01036326,0.13531746,0.01150183,0.04320747,0.03117031,-0.02394359,0.01184395,4.53960133,-4.68620920,0.00497318,-0.00889614,-0.00976801,0.33479616,
13758,0.29480016,-0.01220169,9.09861755,6.00000000,0.04511719,-0.04672851,0.02400541,0.01163528,-0.01228605,0.13531746,0.01150183,-0.00051415,0.02696179,-0.03003461,0.01184395,4.59370661,-4.59196138,0.01163551,-0.00890882,-0.00976801,0.33382398,
13766,0.05059159,-0.25401607,10.02277946,6.00000000,0.03706055,-0.07089844,0.01867617,0.05080527,0.01955622,0.13531746,0.01150183,0.00514389,0.03528026,-0.03689513,0.01184395,4.61465025,-4.63210392,0.05080502,-0.00878943,-0.00976801,0.33887818,
13774,0.13438866,0.65817475,10.41063976,6.00000000,0.04995117,-0.07412110,0.03972670,0.01416668,0.00516724,0.13531746,0.01150183,0.04732279,0.03447434,-0.02624047,0.01184395,4.57276249,-4.73333311,0.01416660,-0.00841202,-0.00976801,0.33837301,
13782,0.63717103,-0.11754657,10.29571819,6.00000000,0.05800781,-0.04995117,0.00681859,-0.05231571,0.04913356,0.13531746,0.01150183,-0.00565802,0.01608572,-0.02056389,0.01184395,4.68097305,-4.66177464,-0.05231553,-0.00858746,-0.00976801,0.33488175,
13790,0.31874219,0.03089394,10.16882515,6.00000000,0.03544922,-0.03222656,-0.01782919,-0.04565415,0.05632804,0.13531746,0.01150183,0.00257184,0.01771398,-0.02023551,0.01184395,4.67050123,-4.67922783,-0.04565369,-0.00901528,-0.00976801,0.33561775,
13798,0.01467856,-0.26359287,9.78096485,6.00000000,0.02900391,-0.02900391,-0.01076793,-0.03432950,0.02635101,0.13531746,0.01150183,0.01131613,0.01966372,-0.02009229,0.01184395,4.60068798,-4.63908482,-0.03432904,-0.00937465,-0.00976801,0.33245289,
13806,0.44324067,-0.14388278,8.89511013,6.00000000,0.02255859,-0.04350586,0.04492272,-0.00035553,0.01609221,0.13531746,0.01150183,0.04937993,0.02955266,-0.02089648,0.01184395,4.49771357,-4.66526508,-0.00035577,-0.00962001,-0.00976801,0.33213216,
13813,-0.70837033,-0.00501909,9.66125488,5.00000000,0.03706055,-0.05478515,0.01414630,0.06705949,0.00543371,0.13531746,0.01150183,0.07509892,0.04491170,-0.02997694,0.01184395,4.45233488,-4.70715332,0.06705959,-0.00956669,-0.00976801,0.33689326,
13822,-0.22474161,0.23918949,10.10897064,6.00000000,0.06606445,-0.05961914,0.01334692,0.04281139,-0.00242694,0.13531746,0.01150183,0.02469047,0.03603622,-0.03306375,0.01184395,4.58672523,-4.67050123,0.04281088,-0.00890508,-0.00976801,0.33867824,
13830,0.32353058,0.35650536,10.65005970,6.00000000,0.06606445,-0.05961914,-0.02635599,0.00803804,0.02768333,0.13531746,0.01150183,-0.01388820,0.02612045,-0.03235736,0.01184395,4.71238899,-4.66526508,0.00803792,-0.00871372,-0.00976801,0.34052271,
13838,0.22776252,-0.06487413,10.73385715,6.00000000,0.05156250,-0.05317383,0.03839440,-0.05351479,-0.00149432,0.13531746,0.01150183,0.01543139,0.01820309,-0.01770896,0.01184395,4.64606667,-4.69842672,-0.05351467,-0.00870753,-0.00976801,0.33485806,
13846,0.88856220,-0.53413767,9.98447227,6.00000000,0.02739258,-0.03061523,0.00801767,-0.06337390,-0.01042081,0.13531746,0.01150183,-0.02211812,0.01028322,-0.01869632,0.01184395,4.67573690,-4.60068798,-0.06337377,-0.00963129,-0.00976801,0.33167580,
13854,-0.15770395,-0.04572052,9.18241405,6.00000000,0.01127930,-0.04189453,0.05837908,-0.02034022,0.00996357,0.13531746,0.01150183,0.01440236,0.02066698,-0.02033507,0.01184395,4.51516676,-4.56403589,-0.02034094,-0.01006811,-0.00976801,0.32764634,
13862,-0.55035305,0.19369966,9.37395096,6.00000000,0.02578125,-0.05317383,0.01667770,0.03508398,0.01595897,0.13531746,0.01150183,0.05195187,0.03579464,-0.02642715,0.01184395,4.48724174,-4.66351986,0.03508364,-0.00993377,-0.00976801,0.33425868,
13870,0.03862058,0.28707352,9.62055302,6.00000000,0.05478515,-0.05800781,0.05185075,0.06919119,0.04247199,0.13531746,0.01150183,0.04577962,0.04219321,-0.03417313,0.01184395,4.54309177,-4.69842672,0.06919154,-0.00965247,-0.00976801,0.34002140,
13878,0.66111302,-0.58920431,10.13051796,6.00000000,0.07734375,-0.05961914,-0.00144175,0.04014677,0.06312283,0.13531746,0.01150183,0.02674755,0.03505393,-0.03161347,0.01184395,4.59545183,-4.68620920,0.04014709,-0.00953790,-0.00976801,0.33937082,
13885,0.49112469,-0.45034060,10.65245438,5.00000000,0.05156250,-0.04350586,-0.00557191,-0.03672766,0.02621778,0.13531746,0.01150183,0.00051442,0.01858948,-0.02157642,0.01184395,4.68970013,-4.69144487,-0.03672740,-0.00950858,-0.00976801,0.33740374,
13894,0.45521167,-0.49104202,10.32684326,6.00000000,0.02739258,-0.03383789,0.05931170,-0.05378125,0.03261288,0.13531746,0.01150183,0.03343447,0.01795864,-0.01323586,0.01184395,4.57276249,-4.68620920,-0.05378062,-0.01001427,-0.00976801,0.33173859,
13902,0.03622638,0.18172865,10.01080799,6.00000000,0.01772461,-0.02739258,0.05717999,-0.05524680,0.00623309,0.13531746,0.01150183,0.07098364,0.02108924,-0.00751493,0.01184395,4.47153378,-4.71238899,-0.05524629,-0.01044611,-0.00976801,0.32891184,
13910,-0.24389522,-0.22528565,9.33564377,6.00000000,0.03222656,-0.02900391,0.00242195,-0.00848264,0.02954856,0.13531746,0.01725275,0.01285917,0.02065429,-0.02201877,0.01184395,4.49422264,-4.53785610,-0.00848357,-0.01080747,-0.00976801,0.32679781,
13918,0.18227269,0.16018084,9.17283726,6.00000000,0.04350586,-0.04672851,0.00202226,0.04640864,0.04900033,0.13531746,0.01725275,-0.01131606,0.02826758,-0.03517064,0.01184395,4.59021616,-4.55181837,0.04640841,-0.01092043,-0.00976801,0.33476326,
13926,0.29001176,-0.02656690,9.61815929,6.00000000,0.05478515,-0.05800781,-0.04807269,0.08611155,0.01569251,0.13531746,0.01725275,0.03652058,0.04134450,-0.03683046,0.01184395,4.49247742,-4.61639595,0.08611134,-0.01063910,-0.00976801,0.33643970,
13934,0.81434190,0.01413453,10.09939384,6.00000000,0.05478515,-0.06123047,0.06184309,0.02615749,0.00143677,0.13531746,0.01725275,0.03703497,0.03048028,-0.02602560,0.01184395,4.45931625,-4.58498001,0.02615768,-0.01038162,-0.00976801,0.32975218,
13942,0.93644619,-0.09839296,10.42261124,6.00000000,0.03867187,-0.04511719,0.06610649,0.00897066,0.02088853,0.13531746,0.01150183,0.07921367,0.03363791,-0.01792065,0.01184395,4.42266417,-4.69144487,0.00897000,-0.01023057,-0.00976801,0.33103675,
13950,0.08171621,0.62226176,10.16882515,6.00000000,0.04995117,-0.04833984,0.01441277,-0.01181341,0.01169557,0.13531746,0.01150183,0.01748920,0.02212098,-0.02103572,0.01184395,4.48026037,-4.53960133,-0.01181349,-0.01015089,-0.00976801,0.32611346,
13957,-0.11939673,0.32298654,9.63731289,5.00000000,0.05156250,-0.04672851,-0.03741419,0.00284202,0.01955622,0.13531746,0.01150183,0.02160368,0.02556385,-0.02346296,0.01184395,4.50469494,-4.57799864,0.00284214,-0.01020594,-0.00976801,0.32945371,
13966,-0.18882857,0.42833143,9.42183495,6.00000000,0.04672851,-0.04189453,-0.00037590,0.02868888,0.00196970,0.13531746,0.01150183,0.00154351,0.02802018,-0.03057341,0.01184395,4.53960133,-4.54483747,0.02868860,-0.01012340,-0.00976801,0.33139086,
13974,0.40732765,0.17454603,9.58942890,6.00000000,0.03706055,-0.04511719,0.01840971,0.05067204,-0.02907319,0.13531746,0.01150183,0.01080207,0.03293948,-0.03323983,0.01184395,4.50818539,-4.54483747,0.05067207,-0.01011695,-0.00976801,0.33184576,
13982,0.77124631,-0.09599875,10.14248943,6.00000000,0.03706055,-0.05156250,0.02973436,0.04227847,-0.03093842,0.13531746,0.01150183,0.00462934,0.03082166,-0.03260104,0.01184395,4.49945879,-4.51516676,0.04227809,-0.00985676,-0.00976801,0.32984531,
13990,0.48154789,0.33016914,9.99165440,6.00000000,0.04511719,-0.06606445,0.03959347,0.01856331,-0.02334424,0.13531746,0.01150183,0.00874437,0.02759586,-0.02847269,0.01184395,4.51167631,-4.54134703,0.01856328,-0.00958619,-0.00976801,0.32951796,
13998,-0.27262563,0.20327646,9.94855881,6.00000000,0.05156250,-0.07089844,0.02733620,0.00444080,0.00050415,0.13531746,0.01725275,0.02211823,0.02685643,-0.02597405,0.01184395,4.54483747,-4.61988688,0.00444116,-0.00938848,-0.00976801,0.33254325,
14006,-0.23671262,0.22482428,9.98447227,6.00000000,0.04672851,-0.05800781,-0.05140347,-0.00488539,0.00023769,0.13531746,0.01725275,0.02469005,0.02649792,-0.02503196,0.01184395,4.59021616,-4.67399168,-0.00488511,-0.00906407,-0.00976801,0.33547336,
14014,0.33550158,0.09074898,9.96771240,6.00000000,0.04028320,-0.04511719,-0.04047851,-0.01740913,0.00836479,0.13531746,0.01725275,-0.02211785,0.01781121,-0.02743563,0.01184395,4.62163162,-4.54658270,-0.01740890,-0.00928916,-0.00976801,0.33108565,
14022,0.58689278,0.61029077,9.30212402,6.00000000,0.02094727,-0.04028320,0.04585534,-0.01221311,0.01089619,0.13531746,0.01725275,0.00102893,0.02085667,-0.02500640,0.01184395,4.56403589,-4.56752682,-0.01221290,-0.00959130,-0.00976801,0.33013368,
14029,0.59646958,-0.48625362,9.96771240,5.00000000,0.02900391,-0.04028320,-0.02115998,0.04747449,-0.02241162,0.13531746,0.01725275,0.05503789,0.03784559,-0.02906964,0.01184395,4.49771357,-4.68446350,0.04747517,-0.00998530,-0.00976801,0.33629587,
14038,0.07213940,-0.39048555,10.23346901,6.00000000,0.06123047,-0.06123047,0.02413865,0.04321109,-0.02480979,0.13531746,0.01725275,0.01646016,0.03291548,-0.03325254,0.01184395,4.55181837,-4.60766935,0.04321039,-0.00959955,-0.00976801,0.33516419,
14046,-0.17925178,-0.46949422,9.82406044,6.00000000,0.04995117,-0.07089844,-0.03288432,0.01123559,0.01142911,0.13531746,0.01725275,-0.01748854,0.02445728,-0.03289749,0.01184395,4.66526508,-4.60592365,0.01123577,-0.00908436,-0.00976801,0.33689517,
14054,0.20621470,0.56001252,9.90546322,6.00000000,0.04189453,-0.05639648,-0.03781388,-0.02353777,-0.00189401,0.13531746,0.01725275,0.00977333,0.02204689,-0.02415819,0.01184395,4.67224646,-4.70540762,-0.02353759,-0.00903337,-0.00976801,0.33823350,
14062,0.46239430,-0.32105371,10.36515045,6.00000000,0.02739258,-0.03544922,-0.01423196,-0.02526977,-0.00522479,0.13531746,0.01725275,0.03189099,0.02368940,-0.02059085,0.01184395,4.61988688,-4.72809696,-0.02526998,-0.00937965,-0.00976801,0.33703235,
14070,0.47436529,0.46903285,10.12572956,6.00000000,0.02416992,-0.03383789,-0.02329167,-0.01780882,0.00729894,0.13531746,0.01150183,0.00668707,0.02109756,-0.02257511,0.01184395,4.57625341,-4.59894276,-0.01780881,-0.00983814,-0.00976801,0.33130971,
14078,-0.38515311,-0.33063051,9.57985210,6.00000000,0.03544922,-0.03383789,-0.04607422,0.01429991,0.00410140,0.13531746,0.01150183,0.02880496,0.02888383,-0.02504183,0.01184395,4.47502422,-4.57276249,0.01429987,-0.00978468,-0.00976801,0.32901901,
14086,-0.29177925,0.94547898,9.16565514,6.00000000,0.05478515,-0.05639648,0.00095641,0.01816362,-0.01481744,0.13531746,0.01150183,0.00668691,0.02752735,-0.02889146,0.01184395,4.54134703,-4.56403589,0.01816365,-0.00962808,-0.00976801,0.33138698,
14094,-0.55274725,-0.23965086,9.62534142,6.00000000,0.05478515,-0.05961914,-0.02955355,0.06479456,-0.03147135,0.13531746,0.01150183,0.04577882,0.04215924,-0.03414653,0.01184395,4.55880022,-4.71413422,0.06479444,-0.00923525,-0.00976801,0.34084144,
14102,0.60844058,0.28707352,10.56147480,6.00000000,0.05156250,-0.06284180,-0.02169289,0.00217587,-0.03360305,0.13531746,0.01150183,-0.01183020,0.02386750,-0.02964134,0.01184395,4.61814117,-4.57799864,0.00217599,-0.00897820,-0.00976801,0.33351785,
14110,0.97475344,0.08835478,10.26219940,6.00000000,0.03222656,-0.04995117,-0.01836211,-0.01247957,-0.00722326,0.13531746,0.01150183,-0.02726178,0.01857714,-0.02804285,0.01184395,4.60941458,-4.51691198,-0.01247893,-0.00925907,-0.00976801,0.32992461,
14118,0.49351892,0.57916611,9.83842564,6.00000000,0.02739258,-0.04833984,-0.03821357,-0.01101403,-0.05145603,0.13531746,0.01150183,0.00925877,0.02238519,-0.02322989,0.01184395,4.50644016,-4.53785610,-0.01101437,-0.00947122,-0.00976801,0.32705718,
14126,0.20860890,-0.36654353,9.25902843,6.00000000,0.04028320,-0.05961914,-0.01036825,0.02828919,-0.04839172,0.13531746,0.01150183,-0.03086247,0.02486951,-0.03506567,0.01184395,4.60243368,-4.49771357,0.02828824,-0.00964992,-0.00976801,0.33193123,
14134,-0.42824876,0.27749673,9.84800243,6.00000000,0.04028320,-0.07895508,-0.02782153,0.05240405,-0.01441775,0.13531746,0.01150183,-0.00617253,0.03287700,-0.03716370,0.01184395,4.55880022,-4.53785610,0.05240392,-0.00913284,-0.00976801,0.33355308,
14142,-0.56711245,-0.14388278,10.48246574,6.00000000,0.04511719,-0.06928711,-0.04647391,0.04640864,0.00423463,0.13531746,0.01150183,0.00411501,0.03502279,-0.03688878,0.01184395,4.63210392,-4.64606667,0.04640804,-0.00844527,-0.00976801,0.33969828,
14150,0.68026662,0.46424446,9.98447227,6.00000000,0.04350586,-0.05317383,-0.03301755,-0.02846732,0.00157000,0.13531746,0.01150183,0.00720119,0.02186447,-0.02322895,0.01184395,4.60766935,-4.63210392,-0.02846713,-0.00821389,-0.00976801,0.33287793,
14158,1.20938516,-0.07205673,9.68998528,6.00000000,0.02900391,-0.03383789,-0.03808034,-0.01940760,-0.00629064,0.13531746,0.01150183,0.05503807,0.02831721,-0.01837099,0.01184395,4.51865721,-4.70540762,-0.01940745,-0.00875711,-0.00976801,0.33296531,
14166,0.11044663,-0.05050892,10.44655323,6.00000000,0.04511719,-0.02900391,-0.01409871,-0.01234634,0.00396816,0.13531746,0.01150183,-0.02263224,0.01988906,-0.02825629,0.01184395,4.62337685,-4.54658270,-0.01234727,-0.00891116,-0.00976801,0.33151591,
14173,-0.13376194,-0.06966253,9.06749249,5.00000000,0.04672851,-0.06445312,-0.04700684,0.01390022,0.00743218,0.13531746,0.01150183,-0.02006066,0.02504569,-0.03272491,0.01184395,4.62337685,-4.55530930,0.01390037,-0.00889219,-0.00976801,0.33373511,
14182,-0.69161093,0.22482428,9.49366093,6.00000000,0.04995117,-0.06767578,-0.01956121,0.03868123,0.00623309,0.13531746,0.01150183,0.01337381,0.03470257,-0.03440705,0.01184395,4.61639595,-4.66177464,0.03868113,-0.00845169,-0.00976801,0.33913809,
14190,0.41929865,-0.64666516,9.90067482,6.00000000,0.04995117,-0.05800781,-0.00996854,0.01509930,0.00649956,0.13531746,0.01150183,-0.00771553,0.02963441,-0.03438461,0.01184395,4.76998472,-4.74380493,0.01510000,-0.00820942,-0.00976801,0.34596962,
14198,1.10164618,-0.52216667,10.07066345,6.00000000,0.03867187,-0.05156250,-0.00317375,-0.01900790,0.00383493,0.13531746,0.01150183,0.05503803,0.02921560,-0.01926894,0.01184395,4.60068798,-4.78743792,-0.01900809,-0.00885221,-0.00976801,0.33894143,
14206,0.65871882,-0.12472917,10.64766598,6.00000000,0.04189453,-0.03061523,-0.04967146,-0.03686089,0.02608455,0.13531746,0.01150183,0.01131657,0.02013853,-0.02057255,0.01184395,4.66701031,-4.70540762,-0.03686123,-0.00925974,-0.00976801,0.33707777,
14214,0.36902040,-0.57962751,10.41303444,6.00000000,0.04028320,-0.03222656,-0.02755509,-0.02127283,0.02675071,0.13531746,0.01150183,0.01234503,0.02179686,-0.02194673,0.01184395,4.60243368,-4.64432144,-0.02127233,-0.00966446,-0.00976801,0.33365259,
14222,-0.48092118,0.24158369,9.67083168,6.00000000,0.04833984,-0.05156250,-0.04194403,-0.00155461,0.00823156,0.13531746,0.01150183,0.01080192,0.02473415,-0.02519026,0.01184395,4.58498001,-4.62163162,-0.00155485,-0.00983127,-0.00976801,0.33362687,
14230,-0.66048634,-0.47907102,9.17044353,6.00000000,0.04672851,-0.05478515,-0.03221818,0.00404110,-0.01201959,0.13531746,0.01150183,0.01645994,0.02793423,-0.02703016,0.01184395,4.64955711,-4.70540762,0.00404148,-0.00936835,-0.00976801,0.33941045,
14238,0.47197109,0.20806487,9.27578831,6.00000000,0.04028320,-0.04833984,-0.01809566,0.01656484,-0.01734884,0.13531746,0.01150183,0.01131639,0.02937268,-0.02964642,0.01184395,4.65653801,-4.69493580,0.01656515,-0.00951986,-0.00976801,0.34019187,
14245,0.78321731,0.04525915,9.85757923,5.00000000,0.03222656,-0.04350586,-0.04074497,0.01576545,-0.02867349,0.13531746,0.01150183,0.00462960,0.02804456,-0.02990090,0.01184395,4.64781141,-4.66351986,0.01576518,-0.00963274,-0.00976801,0.33867875,
14254,0.69942027,-0.50061882,10.35796738,6.00000000,0.04028320,-0.04189453,-0.01489811,0.01350052,-0.01734884,0.13531746,0.01150183,-0.01543134,0.02519990,-0.03179938,0.01184395,4.68620920,-4.63384914,0.01350081,-0.00971316,-0.00976801,0.33883089,
14262,0.30916539,0.26791990,10.72667408,6.00000000,0.04672851,-0.05317383,-0.03181847,-0.01434481,-0.02507625,0.13531746,0.01150183,-0.01337388,0.02049295,-0.02669140,0.01184395,4.68446350,-4.63908482,-0.01434513,-0.00964484,-0.00976801,0.33693862,
14270,-0.16967496,0.06680696,10.04911518,6.00000000,0.04350586,-0.06123047,-0.05033761,-0.03099871,0.00463432,0.13531746,0.01150183,-0.00565810,0.01867474,-0.02310176,0.01184395,4.68620920,-4.66701031,-0.03099843,-0.00955456,-0.00976801,0.33680683,
14278,-0.36121109,0.31580395,9.72589779,6.00000000,0.03222656,-0.05156250,-0.02888740,-0.03832643,0.00929741,0.13531746,0.01150183,-0.00154325,0.01769855,-0.02118050,0.01184395,4.69842672,-4.69319010,-0.03832676,-0.00980789,-0.00976801,0.33766738,
14286,0.27804077,0.08117218,8.82567787,6.00000000,0.02900391,-0.03544922,-0.04714007,-0.01394511,0.01609221,0.13531746,0.01150183,0.05503812,0.02803773,-0.01809566,0.01184395,4.58148909,-4.76823950,-0.01394607,-0.01019471,-0.00976801,0.33791655,
14294,0.67068982,-0.06487413,9.81687832,6.00000000,0.03544922,-0.02416992,0.00735152,0.02629072,0.02821625,0.13531746,0.01150183,0.02983418,0.03114507,-0.02703536,0.01184395,4.57276249,-4.67399168,0.02629012,-0.01064716,-0.00976801,0.33710080,
14302,0.67547822,0.08117218,10.26698780,6.00000000,0.04189453,-0.03383789,0.01481246,0.03481752,0.01462666,0.13531746,0.01150183,-0.02160329,0.02640224,-0.03440803,0.01184395,4.64781141,-4.57450819,0.03481802,-0.01069810,-0.00976801,0.33683336,
14310,0.49112469,-0.22528565,9.70674419,6.00000000,0.04995117,-0.05639648,-0.01063471,-0.00075522,-0.01042081,0.13531746,0.01150183,0.04989397,0.02827966,-0.01951878,0.01184395,4.51342154,-4.68271828,-0.00075527,-0.01066196,-0.00976801,0.33330527,
14317,-0.44740236,0.13623881,10.14248943,5.00000000,0.04833984,-0.04833984,-0.06938969,-0.00022230,-0.03440243,0.13531746,0.01150183,0.00360070,0.02366841,-0.02583073,0.01184395,4.64606667,-4.65828371,-0.00022241,-0.01056749,-0.00976801,0.33726662,
14326,-0.01165765,-0.41921598,10.04911518,6.00000000,0.03061523,-0.05639648,-0.07152138,-0.00994818,0.03207995,0.13531746,0.01150183,-0.04886535,0.01625793,-0.03083291,0.01184395,4.77871132,-4.61290503,-0.00994901,-0.01053081,-0.00976801,0.33972478,
14334,0.23255092,0.77070224,10.01559639,6.00000000,0.01611328,-0.04995117,-0.07658417,-0.02580269,0.03354550,0.13531746,0.01150183,-0.00822988,0.01744557,-0.02248087,0.01184395,4.66701031,-4.63908482,-0.02580301,-0.01069692,-0.00976801,0.33547524,
14342,0.61562318,-0.06487413,9.43380547,6.00000000,0.01772461,-0.03222656,-0.05659949,-0.01141372,-0.00136109,0.13531746,0.01150183,0.00822998,0.02120150,-0.02231613,0.01184395,4.63908482,-4.66701031,-0.01141394,-0.01127529,-0.00976801,0.33651841,
14350,0.09129302,0.34453437,9.89588642,6.00000000,0.02900391,-0.03544922,0.03026728,0.03095381,0.02941533,0.13531746,0.01150183,0.04166437,0.03172968,-0.02482425,0.01184395,4.49422264,-4.63559437,0.03095413,-0.01134843,-0.00976801,0.33320007,
14358,0.00270756,-0.21810304,10.11136436,6.00000000,0.05478515,-0.04672851,-0.01196701,0.02629072,-0.00855557,0.13531746,0.01150183,0.02983379,0.02966326,-0.02556089,0.01184395,4.49945879,-4.60068798,0.02629082,-0.01109504,-0.00976801,0.33178639,
14366,-0.14333874,0.10271999,10.06108665,6.00000000,0.05317383,-0.06606445,-0.02862094,0.01523253,-0.00016201,0.13531746,0.01150183,-0.03291944,0.02121042,-0.03195009,0.01184395,4.66351986,-4.55181837,0.01523273,-0.01087733,-0.00976801,0.33516034,
14374,0.22776252,-0.30668849,9.63970661,6.00000000,0.03383789,-0.06767578,-0.04993791,0.00617280,0.01862360,0.13531746,0.01150183,-0.02674771,0.02012427,-0.02943523,0.01184395,4.63908482,-4.54832792,0.00617283,-0.01088041,-0.00976801,0.33349121,
14382,0.72096807,0.16257504,9.80730152,6.00000000,0.02739258,-0.04833984,-0.00743715,-0.00528508,0.00263585,0.13531746,0.01150183,-0.00514373,0.02006340,-0.02431564,0.01184395,4.59894276,-4.58148909,-0.00528516,-0.01123089,-0.00976801,0.33240747,
14389,0.53422034,-0.39287975,9.65407181,5.00000000,0.02578125,-0.03867187,-0.01329932,0.01723100,-0.00096139,0.13531746,0.01150183,-0.03600617,0.01916673,-0.03063818,0.01184395,4.56229067,-4.44011736,0.01723026,-0.01144898,-0.00976801,0.32758650,
14398,-0.12657933,-0.18458422,9.90785789,6.00000000,0.04028320,-0.05156250,-0.00916917,0.05107173,0.01009680,0.13531746,0.01150183,-0.02160368,0.02773836,-0.03570198,0.01184395,4.56578159,-4.49247742,0.05107167,-0.01117244,-0.00976801,0.33206457,
14406,-0.27741405,-0.33781314,9.80011845,6.00000000,0.04995117,-0.07573242,0.01694417,0.04654187,0.02062207,0.13531746,0.01150183,0.01080187,0.03130925,-0.03163091,0.01184395,4.50120401,-4.53785610,0.04654184,-0.01068793,-0.00976801,0.33104017,
14414,0.00510176,-0.58920431,9.95813560,6.00000000,0.04672851,-0.06606445,-0.01170055,0.05013911,0.01742452,0.13531746,0.01150183,0.02314691,0.03485681,-0.03224644,0.01184395,4.55007362,-4.62861347,0.05013942,-0.01024533,-0.00976801,0.33636245,
14422,0.34747261,-0.88369113,10.66681957,6.00000000,0.04028320,-0.05800781,-0.05673272,0.02495841,0.01609221,0.13531746,0.01150183,0.01851741,0.03026637,-0.02882090,0.01184395,4.56229067,-4.62512255,0.02495809,-0.00989653,-0.00976801,0.33485317,
14430,0.70660287,0.10990259,9.86715603,6.00000000,0.04028320,-0.04833984,-0.02848769,-0.00262046,0.02315346,0.13531746,0.01150183,-0.01183077,0.02035559,-0.02616170,0.01184395,4.52563858,-4.48549604,-0.00262067,-0.01009425,-0.00976801,0.32646358,
14438,0.02186117,-0.20373783,9.55830383,6.00000000,0.03706055,-0.04350586,-0.02115998,0.02056178,-0.01375159,0.13531746,0.01150183,-0.01748852,0.02388556,-0.03095589,0.01184395,4.53436518,-4.47502422,0.02056166,-0.01010037,-0.00976801,0.32808110,
14446,-0.14812715,-0.17979582,9.39070988,6.00000000,0.04995117,-0.06445312,-0.00637131,0.04427694,-0.01082050,0.13531746,0.01150183,0.01388812,0.03295758,-0.03254434,0.01184395,4.53611040,-4.58323479,0.04427698,-0.00980952,-0.00976801,0.33378631,
14454,-0.25826043,-0.14627698,9.64449501,6.00000000,0.05639648,-0.07089844,0.01054906,0.04494309,-0.01201959,0.13531746,0.01150183,-0.01183069,0.03075067,-0.03639882,0.01184395,4.58498001,-4.54483747,0.04494306,-0.00934332,-0.00976801,0.33421421,
14461,0.52464354,-0.28035229,10.41782284,5.00000000,0.04189453,-0.06123047,0.00974967,0.02602426,0.00063738,0.13531746,0.01150183,-0.00257183,0.02904125,-0.03256213,0.01184395,4.62686777,-4.61814117,0.02602397,-0.00936838,-0.00976801,0.33701828,
14470,0.66111302,0.38523579,10.31487179,6.00000000,0.03383789,-0.04350586,-0.01143409,0.00310848,0.00490078,0.13531746,0.01150183,0.03292011,0.02827083,-0.02348928,0.01184395,4.53087473,-4.64257574,0.00310839,-0.00963972,-0.00976801,0.33276287,
14478,0.86701435,-0.07205673,9.79533005,6.00000000,0.03706055,-0.03706055,-0.00117528,0.00643926,0.02395285,0.13531746,0.01150183,-0.02417534,0.02106101,-0.02975275,0.01184395,4.59196138,-4.50993061,0.00643948,-0.01010420,-0.00976801,0.33041048,
14486,-0.50246900,-0.70412600,9.85279083,6.00000000,0.03867187,-0.05478515,-0.03395017,0.03601660,0.04900033,0.13531746,0.01150183,0.03497747,0.03398892,-0.02862503,0.01184395,4.51865721,-4.63734007,0.03601627,-0.00993337,-0.00976801,0.33451611,
14493,-0.34684590,0.94069058,9.94855881,5.00000000,0.05639648,-0.07089844,0.00735152,0.02602426,-0.00082816,0.13531746,0.01150183,0.03549198,0.03253180,-0.02707123,0.01184395,4.49422264,-4.61465025,0.02602379,-0.00952134,-0.00976801,0.33208337,
14502,-0.40670094,-0.68497235,9.55830383,6.00000000,0.04511719,-0.05800781,0.01121522,0.01603192,0.01089619,0.13531746,0.01150183,0.02726173,0.03206464,-0.02856665,0.01184395,4.62861347,-4.72111559,0.01603242,-0.00886513,-0.00976801,0.34009004,
14510,0.09129302,1.01012242,9.63970661,6.00000000,0.04028320,-0.05156250,-0.01489811,0.01296760,0.02008914,0.13531746,0.01150183,0.03240544,0.03196206,-0.02725779,0.01184395,4.59196138,-4.70191669,0.01296710,-0.00874098,-0.00976801,0.33784324,
14518,0.64674783,-0.23965086,10.43697643,6.00000000,0.04189453,-0.04189453,-0.03834680,0.01589868,0.00676602,0.13531746,0.01150183,-0.01080146,0.02707987,-0.03256603,0.01184395,4.64781141,-4.61116028,0.01589936,-0.00881561,-0.00976801,0.33679038,
14526,0.57971019,-0.01220169,10.17600822,6.00000000,0.04995117,-0.05478515,-0.01623043,0.00923712,0.02808302,0.13531746,0.01150183,-0.01594529,0.02455613,-0.03127541,0.01184395,4.57974386,-4.52563858,0.00923747,-0.00867693,-0.00976801,0.33073983,
14534,-0.67963994,0.42833143,10.30050659,6.00000000,0.05317383,-0.05639648,-0.00557191,0.01763069,0.00783187,0.13531746,0.01150183,0.01080170,0.03013765,-0.03051336,0.01184395,4.57625341,-4.61290503,0.01763089,-0.00838808,-0.00976801,0.33438519,
14542,-0.17446338,0.12187360,9.55591011,6.00000000,0.04995117,-0.07573242,0.02200695,-0.00648417,0.00743218,0.13531746,0.01150183,-0.00720081,0.02406330,-0.02875893,0.01184395,4.61814117,-4.59370661,-0.00648334,-0.00816734,-0.00976801,0.33345938,
14550,-0.48570958,-0.25880447,9.71392727,6.00000000,0.03544922,-0.06606445,0.02453834,0.05973176,0.05899267,0.13531746,0.01150183,0.04423628,0.04296858,-0.03531539,0.01184395,4.56403589,-4.71413422,0.05973157,-0.00788725,-0.00976801,0.34066424,
14558,-0.33248067,0.54325312,10.66681957,6.00000000,0.04995117,-0.06123047,-0.05127022,0.01856331,0.04953325,0.13531746,0.01150183,0.02829079,0.03397754,-0.03020649,0.01184395,4.55705500,-4.65304804,0.01856344,-0.00732776,-0.00976801,0.33521205,
14566,1.28360546,-0.58202171,10.02038479,6.00000000,0.05156250,-0.05156250,-0.01143409,0.00164294,0.05339696,0.13531746,0.01150183,0.02777636,0.03026568,-0.02666798,0.01184395,4.50469494,-4.59894276,0.00164304,-0.00729247,-0.00976801,0.33012596,
14574,0.21579151,-0.18219002,9.88391590,6.00000000,0.05639648,-0.04189453,-0.01916151,0.02975473,0.02182115,0.13531746,0.01150183,0.03446298,0.03613346,-0.03087198,0.01184395,4.49771357,-4.61465025,0.02975469,-0.00735544,-0.00976801,0.33248037,
14582,-0.15770395,-0.34020734,9.31170082,6.00000000,0.05800781,-0.06284180,0.00721828,0.00750512,-0.02880673,0.13531746,0.01150183,0.00514365,0.02998335,-0.03170426,0.01184395,4.61814117,-4.63559437,0.00750493,-0.00697041,-0.00976801,0.33599201,
14590,-0.24868362,0.12187360,9.98447227,6.00000000,0.04350586,-0.07734375,0.01121522,0.03441783,0.01529282,0.13531746,0.01150183,0.00462923,0.03507078,-0.03682736,0.01184395,4.61639595,-4.63210392,0.03441802,-0.00676802,-0.00976801,0.33775342,
14598,-0.54556465,0.33735177,10.59978199,6.00000000,0.04672851,-0.07089844,-0.02409106,0.01789715,0.03554397,0.13531746,0.01150183,0.01491718,0.03552279,-0.03489061,0.01184395,4.70715332,-4.75776768,0.01789678,-0.00606821,-0.00976801,0.34440085,
14605,1.25487506,-0.43118700,9.48408413,5.00000000,0.05156250,-0.05478515,-0.02449075,-0.02993286,0.06059144,0.13531746,0.01150183,0.01543139,0.02605366,-0.02544613,0.01184395,4.62163162,-4.67399168,-0.02993311,-0.00595305,-0.00976801,0.33479619,
14614,0.63238263,0.12187360,10.02517319,6.00000000,0.04833984,-0.03867187,-0.02342490,-0.00928202,0.05885943,0.13531746,0.01150183,0.05040887,0.03361466,-0.02469627,0.01184395,4.60417843,-4.77522087,-0.00928209,-0.00654044,-0.00976801,0.33933029,
14622,0.34268421,-0.63948256,9.86236763,6.00000000,0.06445312,-0.04350586,-0.03035293,-0.01074756,0.01982268,0.13531746,0.01150183,0.05143756,0.03324395,-0.02408947,0.01184395,4.60068798,-4.77522087,-0.01074756,-0.00668749,-0.00976801,0.33909750,
14630,0.09847563,0.08356638,9.51760292,6.00000000,0.05800781,-0.05478515,0.03199930,-0.02034022,0.05299727,0.13531746,0.01150183,0.01748887,0.02675660,-0.02564645,0.01184395,4.60766935,-4.66701031,-0.02033969,-0.00678615,-0.00976801,0.33473250,
14638,-0.36121109,-0.17261320,9.71392727,6.00000000,0.04028320,-0.06123047,-0.01409871,-0.00528508,0.03008148,0.13531746,0.01150183,0.04989435,0.03429131,-0.02548676,0.01184395,4.64606667,-4.81536341,-0.00528501,-0.00687632,-0.00976801,0.34259364,
14646,-0.04038807,0.47142705,9.31888390,6.00000000,0.04350586,-0.05478515,-0.00130852,0.00137648,0.03594366,0.13531746,0.01150183,0.00154364,0.02931321,-0.03190064,0.01184395,4.68620920,-4.69144487,0.00137602,-0.00686553,-0.00976801,0.34003973,
14654,0.09847563,0.31101555,10.16403675,6.00000000,0.04350586,-0.05478515,-0.02129320,0.00710542,0.03567720,0.13531746,0.01150183,0.02211827,0.03324827,-0.03096159,0.01184395,4.69144487,-4.76649427,0.00710541,-0.00687159,-0.00976801,0.34336543,
14662,0.42648125,0.10511419,10.37472725,6.00000000,0.06123047,-0.04672851,-0.01276640,-0.01181341,0.00410140,0.13531746,0.01150183,0.03292017,0.03031407,-0.02553920,0.01184395,4.63035822,-4.74205971,-0.01181345,-0.00706465,-0.00976801,0.33889362,
14670,0.45521167,-0.58202171,10.68118477,6.00000000,0.06284180,-0.03706055,-0.00090881,-0.03259749,0.01769098,0.13531746,0.01150183,-0.02006055,0.02037226,-0.02817114,0.01184395,4.76998472,-4.70191669,-0.03259749,-0.00740772,-0.00976801,0.34099314,
14677,0.24691613,-0.07923934,9.59661102,5.00000000,0.03222656,-0.05478515,-0.03688126,-0.04672000,0.00876449,0.13531746,0.01150183,-0.00205741,0.01865895,-0.02225625,0.01184395,4.66002893,-4.65304804,-0.04671974,-0.00765430,-0.00976801,0.33421186,
14686,-0.23192421,-0.20134363,9.34282589,6.00000000,0.02900391,-0.04995117,0.01148168,-0.03592827,0.04447046,0.13531746,0.01150183,0.02674742,0.02382123,-0.02059054,0.01184395,4.62686777,-4.71762466,-0.03592853,-0.00793326,-0.00976801,0.33613303,
14694,-0.29656765,0.65338635,9.46732426,6.00000000,0.02578125,-0.05156250,-0.00450607,0.01882977,0.03181349,0.13531746,0.01150183,0.04526494,0.03564220,-0.02787635,0.01184395,4.59894276,-4.75253153,0.01882950,-0.00819882,-0.00976801,0.34035608,
14702,-0.20798220,0.05004755,10.02038479,6.00000000,0.05156250,-0.04833984,0.01427954,0.02469195,0.02448577,0.13531746,0.01150183,0.04629375,0.03742862,-0.02939797,0.01184395,4.61814117,-4.77522087,0.02469195,-0.00794563,-0.00976801,0.34229958,
14710,0.34268421,0.22243008,9.86715603,6.00000000,0.06606445,-0.04672851,-0.02036058,-0.02353777,0.04153937,0.13531746,0.01150183,0.00925852,0.02410280,-0.02496011,0.01184395,4.64955711,-4.68097305,-0.02353712,-0.00780710,-0.00976801,0.33652529,
14718,0.56534493,-0.46949422,10.61893559,6.00000000,0.05478515,-0.03222656,0.01467922,-0.00648417,0.00463432,0.13531746,0.01150183,-0.01028734,0.02577706,-0.03119717,0.01184395,4.77871132,-4.74380493,-0.00648378,-0.00797854,-0.00976801,0.34472111,
14726,0.15354227,-0.03135531,10.43218803,6.00000000,0.04511719,-0.05478515,0.00095641,-0.05018401,0.02821625,0.13531746,0.01150183,0.02211810,0.02055291,-0.01846059,0.01184395,4.63908482,-4.71413422,-0.05018339,-0.00806127,-0.00976801,0.33541590,
14734,0.32831898,-0.42879277,10.20473862,6.00000000,0.02900391,-0.04833984,0.00615243,-0.04445507,0.02755009,0.13531746,0.01150183,-0.00565822,0.01828003,-0.02273203,0.01184395,4.73333311,-4.71413422,-0.04445481,-0.00847829,-0.00976801,0.33924770,
14742,0.12002344,0.05723016,9.54393864,6.00000000,0.01611328,-0.05639648,-0.06086289,-0.03139841,0.05446280,0.13531746,0.01150183,0.03652064,0.02416160,-0.01862413,0.01184395,4.57974386,-4.70366240,-0.03139835,-0.00885157,-0.00976801,0.33424711,
14749,0.26606974,-0.02177850,9.16804886,5.00000000,0.03222656,-0.03544922,-0.02449075,-0.02300484,0.06765269,0.13531746,0.01150183,0.04372179,0.02640963,-0.01915070,0.01184395,4.59021616,-4.73856878,-0.02300484,-0.00913472,-0.00976801,0.33650061,
14758,0.17269588,-0.17261320,9.69716740,6.00000000,0.05156250,-0.03544922,-0.01130085,0.05373636,0.03194672,0.13531746,0.01150183,0.04989457,0.04036916,-0.03142081,0.01184395,4.54309177,-4.71238899,0.05373588,-0.00935183,-0.00976801,0.33940700,
14766,0.14396545,0.17454603,10.85117340,6.00000000,0.06123047,-0.04511719,-0.02875415,0.00990328,0.02501870,0.13531746,0.01150183,0.03960710,0.03139496,-0.02500357,0.01184395,4.52912951,-4.66351986,0.00990317,-0.00893403,-0.00976801,0.33395150,
14774,0.94841725,-0.49822465,9.61815929,6.00000000,0.05156250,-0.04350586,0.03279868,-0.01394511,0.02475224,0.13531746,0.01150183,-0.00822983,0.02093277,-0.02590636,0.01184395,4.57276249,-4.54483747,-0.01394569,-0.00895562,-0.00976801,0.32950193,
14782,0.08650462,0.22961268,9.71392727,6.00000000,0.02739258,-0.05478515,-0.01969443,-0.03073225,-0.00122785,0.13531746,0.01150183,0.04114993,0.02333757,-0.01670939,0.01184395,4.46978855,-4.60941458,-0.03073211,-0.00906601,-0.00976801,0.32689300,
14790,-0.10503152,0.14581563,9.56788063,6.00000000,0.03383789,-0.05478515,-0.01956121,0.02842242,-0.01161989,0.13531746,0.01150183,0.02160385,0.03178804,-0.02959289,0.01184395,4.51516676,-4.58847046,0.02842188,-0.00916878,-0.00976801,0.33206743,
14798,0.45042327,-0.02896111,10.11854744,6.00000000,0.05317383,-0.05156250,-0.01876181,0.00537342,0.03794213,0.13531746,0.01150183,-0.03189073,0.02146832,-0.03196936,0.01184395,4.61465025,-4.50644016,0.00537271,-0.00910062,-0.00976801,0.33102906,
14806,0.71139127,0.34453437,9.15128994,6.00000000,0.04995117,-0.04672851,-0.04487514,0.01443314,0.01182881,0.13531746,0.01150183,-0.01594558,0.02474596,-0.03146128,0.01184395,4.61290503,-4.55880022,0.01443313,-0.00949545,-0.00976801,0.33352071,
14814,0.42648125,-0.02896111,9.76181126,6.00000000,0.04189453,-0.04511719,0.01934232,0.00577311,-0.00522479,0.13531746,0.01150183,-0.00257194,0.02465003,-0.02823585,0.01184395,4.58498001,-4.57625341,0.00577336,-0.00952424,-0.00976801,0.33251327,
14821,0.36183780,-0.07445094,10.09221077,5.00000000,0.03061523,-0.05961914,0.01547861,0.04281139,-0.00855557,0.13531746,0.01150183,0.02366095,0.03446646,-0.03174695,0.01184395,4.54134703,-4.62163162,0.04281145,-0.00954788,-0.00976801,0.33526179,
14830,0.06495680,-0.11036396,10.42979336,6.00000000,0.03706055,-0.07573242,0.02360573,0.01310083,-0.01095374,0.13531746,0.01150183,0.02366123,0.02895734,-0.02632411,0.01184395,4.48898697,-4.56927156,0.01310067,-0.00918412,-0.00976801,0.32931164,
14838,-0.12657933,0.54804152,9.68998528,6.00000000,0.04511719,-0.06123047,-0.02608953,0.00404110,0.02661747,0.13531746,0.01150183,0.00051474,0.02552075,-0.02837559,0.01184395,4.58847046,-4.59021616,0.00404136,-0.00900931,-0.00976801,0.33302033,
14846,0.25409874,-0.09599875,9.59661102,6.00000000,0.05317383,-0.04833984,-0.04714007,-0.02193899,0.00276908,0.13531746,0.01150183,-0.02366101,0.01740562,-0.02604807,0.01184395,4.59370661,-4.51342154,-0.02193839,-0.00909009,-0.00976801,0.32854283,
14854,0.50309569,-0.22049724,9.51281452,6.00000000,0.03544922,-0.03867187,-0.00623808,-0.00448570,-0.00495833,0.13531746,0.01150183,-0.04475048,0.01776937,-0.03134067,0.01184395,4.64083052,-4.48898697,-0.00448599,-0.00941303,-0.00976801,0.33063066,
14862,0.56055653,-0.06247993,9.57266903,6.00000000,0.02900391,-0.05156250,0.01427954,0.02029531,-0.03440243,0.13531746,0.01150183,-0.00565812,0.02582381,-0.03009356,0.01184395,4.49073172,-4.47153378,0.02029513,-0.00948187,-0.00976801,0.32635346,
14870,0.21339731,-0.22049724,9.94377041,6.00000000,0.02900391,-0.06767578,0.01894263,0.07625244,-0.03799968,0.13531746,0.01150183,-0.01388814,0.03593674,-0.04197526,0.01184395,4.57276249,-4.52563858,0.07625240,-0.00940291,-0.00976801,0.33534530,
14878,-0.51683420,0.01892293,10.31487179,6.00000000,0.04672851,-0.08056641,0.02027495,0.05546837,0.01889006,0.13531746,0.01150183,0.01697427,0.03695020,-0.03575283,0.01184395,4.49422264,-4.55181837,0.05546772,-0.00836267,-0.00976801,0.33194038,
14886,0.06016840,0.21045907,9.88152122,6.00000000,0.06123047,-0.06284180,-0.04887206,-0.00022230,0.01542605,0.13531746,0.01150183,0.02314687,0.02925152,-0.02676088,0.01184395,4.57450819,-4.65304804,-0.00022228,-0.00790236,-0.00976801,0.33448276,
14893,0.76166952,-0.68736655,10.42739964,5.00000000,0.05317383,-0.04511719,-0.03474956,-0.03845966,0.04713509,0.13531746,0.01150183,-0.05503830,0.01325640,-0.02933839,0.01184395,4.73333311,-4.54658270,-0.03846052,-0.00797553,-0.00976801,0.33360857,
14902,0.67787242,0.03568234,9.82884884,6.00000000,0.02094727,-0.04995117,-0.03701449,-0.02820086,0.01742452,0.13531746,0.01150183,0.03189110,0.02396116,-0.01950204,0.01184395,4.52738380,-4.63559437,-0.02820072,-0.00851591,-0.00976801,0.33011344,
14910,-0.22474161,-0.19655523,9.50563145,6.00000000,0.02578125,-0.04995117,0.04132548,0.01536576,-0.02667503,0.13531746,0.01150183,0.00720112,0.02818802,-0.02942538,0.01184395,4.52214813,-4.54658270,0.01536528,-0.00868046,-0.00976801,0.32985547,
14918,-0.64372689,-0.17500740,9.31409550,6.00000000,0.03544922,-0.05961914,0.05344952,0.05866592,0.01089619,0.13531746,0.01150183,0.02983367,0.03945854,-0.03520982,0.01184395,4.45582581,-4.55705500,0.05866566,-0.00793283,-0.00976801,0.33097017,
14926,-0.30135605,0.11229680,10.17840195,6.00000000,0.06445312,-0.06606445,0.00482012,0.03508398,-0.02507625,0.13531746,0.01150183,0.02006053,0.03572535,-0.03384630,0.01184395,4.54658270,-4.61465025,0.03508376,-0.00732724,-0.00976801,0.33463827,
14934,0.48633629,-0.42639858,10.80807781,6.00000000,0.06928711,-0.05156250,-0.05100376,0.01296760,0.01649190,0.13531746,0.01150183,-0.05452335,0.02388411,-0.03967153,0.01184395,4.71587992,-4.53087473,0.01296761,-0.00696971,-0.00976801,0.33613497,
14942,0.63477683,0.07877797,10.41542816,6.00000000,0.04833984,-0.05961914,-0.03395017,-0.02979963,-0.00016201,0.13531746,0.01150183,-0.01285931,0.02123671,-0.02732113,0.01184395,4.66002893,-4.61639595,-0.02979953,-0.00694488,-0.00976801,0.33410993,
14950,0.38577983,-0.25880447,9.82645512,6.00000000,0.03222656,-0.04995117,-0.01569750,-0.04991755,-0.01375159,0.13531746,0.01150183,-0.01440234,0.01627800,-0.02279459,0.01184395,4.61290503,-4.56403589,-0.04991693,-0.00732816,-0.00976801,0.32904512,
14958,-0.34684590,-0.09360455,9.42901707,6.00000000,0.01450195,-0.05478515,0.00255518,-0.00768325,0.02155469,0.13531746,0.01150183,0.00823023,0.02641253,-0.02746272,0.01184395,4.60068798,-4.62861347,-0.00768363,-0.00770788,-0.00976801,0.33400512,
14965,-0.55514145,0.33974597,9.43141174,5.00000000,0.03706055,-0.06123047,0.00535304,0.01030297,0.00210293,0.13531746,0.01150183,0.08590005,0.03830700,-0.02096849,0.01184395,4.41044712,-4.70191669,0.01030355,-0.00761910,-0.00976801,0.33107018,
14974,-0.20798220,0.23200688,9.73308086,6.00000000,0.06284180,-0.03867187,-0.01249995,0.04734126,0.02142146,0.13531746,0.01150183,-0.00514361,0.03466810,-0.03870391,0.01184395,4.59196138,-4.57450819,0.04734099,-0.00756961,-0.00976801,0.33571675,
14982,0.17269588,-0.26359287,10.61414719,6.00000000,0.05961914,-0.06284180,-0.04847238,0.02709011,-0.00375925,0.13531746,0.01150183,-0.02211826,0.02915464,-0.03725504,0.01184395,4.60068798,-4.52563858,0.02709016,-0.00727464,-0.00976801,0.33279335,
14990,0.95320565,0.14581563,10.07066345,6.00000000,0.04511719,-0.06606445,0.00015703,-0.03579504,-0.02787410,0.13531746,0.01150183,-0.00771565,0.01870892,-0.02360833,0.01184395,4.55530930,-4.52912951,-0.03579464,-0.00760626,-0.00976801,0.32671577,
14998,0.28282917,-0.11036396,10.42021656,6.00000000,0.02255859,-0.05800781,0.02107433,-0.02753470,-0.01295220,0.13531746,0.01150183,-0.02931952,0.01707457,-0.02705217,0.01184395,4.57625341,-4.47676945,-0.02753412,-0.00789262,-0.00976801,0.32617581,
15006,-0.32769227,0.59113711,9.60618782,6.00000000,0.02416992,-0.06606445,0.03413099,-0.00088845,0.01182881,0.13531746,0.01150183,0.02880493,0.02849738,-0.02467445,0.01184395,4.45582581,-4.55356407,-0.00088895,-0.00792174,-0.00976801,0.32652593,
15014,-0.24868362,-0.02896111,9.08425236,6.00000000,0.05156250,-0.04350586,-0.04394252,0.04720803,0.04753478,0.13531746,0.01150183,-0.00154302,0.03384683,-0.03703780,0.01184395,4.51342154,-4.50818539,0.04720769,-0.00783910,-0.00976801,0.33045584,
15022,-0.09545472,-0.11754657,9.53436184,6.00000000,0.06123047,-0.05961914,-0.02262551,0.05466898,0.02874917,0.13531746,0.01150183,0.01697442,0.03800887,-0.03680023,0.01184395,4.48724174,-4.54483747,0.05466912,-0.00744199,-0.00976801,0.33137637,
15030,0.47675949,-0.36893776,10.28614140,6.00000000,0.05639648,-0.05800781,-0.03008647,0.03388490,0.00996357,0.13531746,0.01150183,0.02674753,0.03619559,-0.03273899,0.01184395,4.50120401,-4.59196138,0.03388456,-0.00711552,-0.00976801,0.33208385,
15037,0.55337393,0.32777494,10.50161934,5.00000000,0.04833984,-0.07089844,0.03839440,-0.00088845,0.00570017,0.13531746,0.01150183,0.00823022,0.02790697,-0.02892371,0.01184395,4.51691198,-4.54483747,-0.00088791,-0.00682191,-0.00976801,0.32842398,
15046,0.30437696,0.16975763,10.40824604,6.00000000,0.03867187,-0.07250977,0.01134845,-0.01381188,0.01382728,0.13531746,0.01150183,0.06275390,0.03192993,-0.02011724,0.01184395,4.41917372,-4.63210392,-0.01381172,-0.00682902,-0.00976801,0.32710746,
15054,-0.62457329,0.63662696,10.03953838,6.00000000,0.05639648,-0.04833984,0.02440511,0.00723865,0.05219787,0.13531746,0.01150183,0.00771482,0.02913247,-0.03024475,0.01184395,4.49073172,-4.51691198,0.00723934,-0.00673314,-0.00976801,0.32705194,
15062,-0.11939673,-0.37372616,9.13692474,6.00000000,0.05156250,-0.04350586,-0.07351986,0.00377464,0.03434489,0.13531746,0.01150183,-0.02417557,0.02509334,-0.03374180,0.01184395,4.56403589,-4.48200512,0.00377426,-0.00663524,-0.00976801,0.32819259,
15070,0.22057991,-0.41442758,9.16804886,6.00000000,0.03706055,-0.04995117,-0.00397314,0.00950359,0.01009680,0.13531746,0.01150183,0.00462944,0.02938446,-0.03121646,0.01184395,4.50120401,-4.51691198,0.00950337,-0.00663026,-0.00976801,0.32759568,
15078,0.36662620,-0.48146522,9.85039711,6.00000000,0.03706055,-0.05317383,0.02733620,0.02975473,0.01276143,0.13531746,0.01150183,0.00823008,0.03432743,-0.03524828,0.01184395,4.57974386,-4.60766935,0.02975444,-0.00674201,-0.00976801,0.33520097,
15086,0.11284083,-0.31387112,10.29571819,6.00000000,0.04511719,-0.07089844,0.02733620,0.02629072,0.01129588,0.13531746,0.01150183,0.06481127,0.04031523,-0.02788888,0.01184395,4.45233488,-4.67224646,0.02629067,-0.00652958,-0.00976801,0.33267215,
15094,-0.04996488,-0.17740162,10.42261124,6.00000000,0.06767578,-0.06284180,0.02267310,0.00617280,0.07058378,0.13531746,0.01150183,0.04320775,0.03506580,-0.02779542,0.01184395,4.53436518,-4.68097305,0.00617186,-0.00621857,-0.00976801,0.33450341,
15102,0.15593646,0.20088226,10.46570683,6.00000000,0.07089844,-0.04833984,-0.02182614,-0.04392215,0.06272314,0.13531746,0.01150183,0.01543126,0.02326841,-0.02270729,0.01184395,4.62861347,-4.68097305,-0.04392179,-0.00618359,-0.00976801,0.33428815,
15109,0.59886378,-0.65863615,9.75223446,5.00000000,0.03706055,-0.03544922,-0.04181082,-0.05284864,0.04087321,0.13531746,0.01150183,0.04783661,0.02400794,-0.01583545,0.01184395,4.52389383,-4.68620920,-0.05284784,-0.00681812,-0.00976801,0.33003473,
15118,-0.15770395,-0.06008573,9.43620014,6.00000000,0.02900391,-0.02094727,0.02134079,-0.04005844,0.03860829,0.13531746,0.01150183,-0.01183008,0.01817229,-0.02405065,0.01184395,4.58323479,-4.54309177,-0.04005784,-0.00726206,-0.00976801,0.32792512,
15126,0.28043497,-0.16303641,8.96693611,6.00000000,0.01611328,-0.04350586,-0.01223347,0.02908858,-0.00948819,0.13531746,0.01150183,0.03034841,0.03504521,-0.03076065,0.01184395,4.49247742,-4.59545183,0.02908818,-0.00759741,-0.00976801,0.33154631,
15134,-0.36121109,0.26552570,9.73547459,6.00000000,0.04995117,-0.06606445,0.05851231,0.06186347,0.00276908,0.13531746,0.01150183,0.02880508,0.04143518,-0.03740974,0.01184395,4.51342154,-4.61116028,0.06186359,-0.00731416,-0.00976801,0.33525118,
15142,0.06256260,0.27270830,10.46091843,6.00000000,0.07089844,-0.07089844,0.02347250,0.03468429,0.01582574,0.13531746,0.01150183,0.02880522,0.03836710,-0.03441700,0.01184395,4.61465025,-4.71238899,0.03468389,-0.00681726,-0.00976801,0.34061971,
15150,0.54379714,-0.11994077,10.69794369,6.00000000,0.06445312,-0.05961914,-0.04127788,-0.05244894,0.00983034,0.13531746,0.01150183,-0.00257173,0.01915731,-0.02287946,0.01184395,4.68620920,-4.67748260,-0.05244884,-0.00671914,-0.00976801,0.33563122,
15158,0.16311908,0.03807654,10.41542816,6.00000000,0.03061523,-0.03061523,0.00521981,-0.07856227,0.07085025,0.13531746,0.01150183,-0.01440192,0.01255229,-0.01915345,0.01184395,4.71937037,-4.67050123,-0.07856101,-0.00715530,-0.00976801,0.33468717,
15166,-0.09066631,0.08356638,9.87673283,6.00000000,0.01611328,-0.02739258,-0.00370668,-0.06643824,0.02461901,0.13531746,0.01150183,0.02520452,0.01769234,-0.01491825,0.01184395,4.58148909,-4.66701031,-0.06643808,-0.00781519,-0.00976801,0.33044139,
15174,-0.37078792,0.03089394,9.51041985,6.00000000,0.02739258,-0.02739258,0.01108199,-0.00688386,0.00343524,0.13531746,0.01150183,0.07972843,0.03338551,-0.01756527,0.01184395,4.39822960,-4.66875553,-0.00688437,-0.00819197,-0.00976801,0.32817918,
15181,-0.33248067,0.23440108,9.39070988,5.00000000,0.05317383,-0.05317383,0.03040051,0.02042855,0.00983034,0.13531746,0.01150183,0.03497779,0.03358899,-0.02824448,0.01184395,4.49771357,-4.61639595,0.02042854,-0.00801352,-0.00976801,0.33186758,
15190,0.39296243,0.16975763,9.50323772,6.00000000,0.05961914,-0.05800781,0.02653681,0.05586806,0.00876449,0.13531746,0.01150183,0.00977332,0.03698307,-0.03747707,0.01184395,4.52040291,-4.55356407,0.05586729,-0.00789841,-0.00976801,0.33298171,
15198,0.30437696,-0.11275817,10.55668640,6.00000000,0.05317383,-0.06445312,-0.01822890,0.00337495,-0.01415129,0.13531746,0.01150183,0.00205753,0.02757024,-0.03004122,0.01184395,4.58148909,-4.58847046,0.00337461,-0.00754869,-0.00976801,0.33265570,
15206,0.53900874,0.22961268,10.25980473,6.00000000,0.03544922,-0.05156250,0.03279868,-0.02700178,0.00863126,0.13531746,0.01150183,-0.02417584,0.01839498,-0.02715316,0.01184395,4.59196138,-4.50993061,-0.02700162,-0.00765629,-0.00976801,0.32798594,
15214,0.20142630,-0.11994077,10.04672146,6.00000000,0.02255859,-0.04672851,0.04079255,-0.04565415,0.01009680,0.13531746,0.01150183,0.02829063,0.02071469,-0.01715067,0.01184395,4.49422264,-4.59021616,-0.04565372,-0.00793349,-0.00976801,0.32600099,
15222,-0.01884026,0.04047075,9.57985210,6.00000000,0.03706055,-0.04833984,0.00348781,-0.01394511,0.03247965,0.13531746,0.01150183,0.01131671,0.02409344,-0.02444313,0.01184395,4.52912951,-4.56752682,-0.01394525,-0.00825921,-0.00976801,0.32874274,
15230,-0.31572127,0.12905620,9.33564377,6.00000000,0.04833984,-0.05478515,0.02533773,0.01736423,0.05179818,0.13531746,0.01150183,0.01800316,0.03083871,-0.02951471,0.01184395,4.54832792,-4.60941458,0.01736352,-0.00832938,-0.00976801,0.33322701,
15238,0.19663790,-0.22049724,9.47211266,6.00000000,0.05478515,-0.04833984,-0.00024267,0.01576545,0.05899267,0.13531746,0.01150183,0.06326807,0.03638021,-0.02437530,0.01184395,4.49945879,-4.71413422,0.01576536,-0.00821824,-0.00976801,0.33513573,
15246,0.40493345,-0.26119867,10.31726646,6.00000000,0.04672851,-0.03544922,0.02893497,0.00497372,0.03314580,0.13531746,0.01150183,0.04577940,0.03227849,-0.02443499,0.01184395,4.52563858,-4.68097305,0.00497345,-0.00823991,-0.00976801,0.33410028,
15253,0.31395379,-0.37851456,10.39148617,5.00000000,0.04028320,-0.03383789,0.00042348,-0.00848264,0.02954856,0.13531746,0.01150183,0.03394886,0.02752028,-0.02251202,0.01184395,4.47502422,-4.59021616,-0.00848262,-0.00830130,-0.00976801,0.32799995,
15262,0.27804077,0.22961268,10.17121983,6.00000000,0.04672851,-0.03867187,0.03572977,-0.02780117,0.02275377,0.13531746,0.01150183,0.04372206,0.02502145,-0.01776740,0.01184395,4.45931625,-4.60766935,-0.02780110,-0.00840855,-0.00976801,0.32666266,
15270,-0.46176758,0.10511419,9.81208992,6.00000000,0.05317383,-0.03544922,0.02800236,-0.01314573,0.02675071,0.13531746,0.01150183,0.00720188,0.02330582,-0.02462742,0.01184395,4.52214813,-4.54658270,-0.01314636,-0.00846218,-0.00976801,0.32778841,
15278,-0.30614448,-0.43836960,9.51999664,6.00000000,0.04511719,-0.05317383,0.00868383,-0.01634328,0.02648424,0.13531746,0.01150183,0.03960686,0.02664015,-0.02032319,0.01184395,4.47676945,-4.61116028,-0.01634298,-0.00848143,-0.00976801,0.32825255,
15286,0.17269588,-0.11994077,9.61097622,6.00000000,0.03383789,-0.03544922,0.02573743,0.00563988,0.03900798,0.13531746,0.01150183,0.01800327,0.02802884,-0.02674586,0.01184395,4.52912951,-4.59021616,0.00563924,-0.00865352,-0.00976801,0.33098513,
15294,0.31634799,0.00934612,9.93179989,6.00000000,0.03544922,-0.03867187,0.02946790,-0.00435247,0.01835714,0.13531746,0.01150183,0.05400920,0.02972967,-0.01998002,0.01184395,4.41044712,-4.59370661,-0.00435260,-0.00869981,-0.00976801,0.32608503,
15302,0.67787242,0.29425612,9.70435047,6.00000000,0.04995117,-0.03383789,0.02693650,0.03308551,-0.01015435,0.13531746,0.01150183,0.05092327,0.03546479,-0.02633456,0.01184395,4.40346575,-4.57625341,0.03308482,-0.00910678,-0.00976801,0.32791346,
15310,-0.59344864,-0.17500740,10.59738731,6.00000000,0.06606445,-0.05961914,0.01974203,0.04707479,0.00676602,0.13531746,0.01150183,0.00308627,0.03299421,-0.03510446,0.01184395,4.47851515,-4.48898697,0.04707463,-0.00859794,-0.00976801,0.32848486,
15318,-0.31093287,0.48818645,10.39627457,6.00000000,0.05317383,-0.06928711,0.00828413,0.00817127,-0.00842234,0.13531746,0.01150183,0.03497779,0.03046591,-0.02516169,0.01184395,4.43837214,-4.55705500,0.00817127,-0.00815657,-0.00976801,0.32667664,
15325,-0.03081127,-0.19894943,9.97968388,5.00000000,0.03867187,-0.04672851,0.00015703,-0.02766793,-0.00802265,0.13531746,0.01150183,0.00720135,0.02086522,-0.02222596,0.01184395,4.49247742,-4.51691198,-0.02766757,-0.00806972,-0.00976801,0.32458445,
15334,0.30677116,0.35889956,9.48408413,6.00000000,0.03061523,-0.03061523,0.02160725,-0.02939994,-0.00202724,0.13531746,0.01150183,0.02211826,0.02124358,-0.01909461,0.01184395,4.41917372,-4.49422264,-0.02940024,-0.00843420,-0.00976801,0.32097909,
15342,0.69942027,0.05244175,9.43620014,6.00000000,0.04189453,-0.02900391,-0.01023500,-0.00821617,-0.03573475,0.13531746,0.01150183,0.00977309,0.02208000,-0.02279128,0.01184395,4.39648438,-4.42964554,-0.00821660,-0.00918499,-0.00976801,0.31935149,
15350,0.29240596,0.05723016,9.25902843,6.00000000,0.04028320,-0.05478515,0.02280634,0.04201201,-0.02401040,0.13531746,0.01150183,-0.03909251,0.02522628,-0.03731974,0.01184395,4.48375082,-4.35110569,0.04201180,-0.00937567,-0.00976801,0.32330933,
15358,-0.29656765,0.10032579,9.71632099,6.00000000,0.03544922,-0.07734375,-0.00783684,0.04814065,-0.03240396,0.13531746,0.01150183,-0.00102869,0.03188513,-0.03496821,0.01184395,4.45233488,-4.44884396,0.04814049,-0.00890523,-0.00976801,0.32615790,
15366,0.33071318,0.52888787,10.22628593,6.00000000,0.03706055,-0.06123047,0.02400541,0.00830450,-0.02534271,0.13531746,0.01150183,0.05040868,0.03144859,-0.02250776,0.01184395,4.38426685,-4.55530930,0.00830469,-0.00854287,-0.00976801,0.32466170,
15374,0.66829562,-0.15824799,10.10897064,6.00000000,0.04672851,-0.03544922,0.01281399,-0.01274604,0.00556694,0.13531746,0.01150183,0.00668691,0.02204467,-0.02349171,0.01184395,4.45058966,-4.47327852,-0.01274548,-0.00876789,-0.00976801,0.32256615,
15382,0.47436529,0.32777494,10.08024025,6.00000000,0.04189453,-0.04028320,-0.05619980,-0.01634328,-0.00802265,0.13531746,0.01150183,0.01851754,0.02213154,-0.02080129,0.01184395,4.40521097,-4.46804285,-0.01634321,-0.00902672,-0.00976801,0.32047054,
15390,-0.22713581,0.08356638,9.50084305,6.00000000,0.03706055,-0.05156250,-0.01503133,0.01203498,-0.00122785,0.13531746,0.01150183,0.00308625,0.02558799,-0.02781130,0.01184395,4.42964554,-4.44011736,0.01203510,-0.00892776,-0.00976801,0.32240143,
15397,-0.11939673,0.29186192,9.64928341,5.00000000,0.03867187,-0.05639648,-0.00064236,-0.00142138,-0.01268574,0.13531746,0.01150183,-0.00514375,0.02275084,-0.02695510,0.01184395,4.47153378,-4.45408010,-0.00142120,-0.00874334,-0.00976801,0.32345048,
15406,0.43126965,0.07638377,9.32127857,6.00000000,0.02900391,-0.04672851,0.02413865,0.00950359,-0.02267809,0.13531746,0.01150183,0.04577918,0.03019642,-0.02235070,0.01184395,4.35983229,-4.51516676,0.00950311,-0.00893367,-0.00976801,0.32240769,
15414,0.45521167,-0.01938430,10.21431541,6.00000000,0.04028320,-0.03222656,-0.00437284,0.01936270,-0.01788176,0.13531746,0.01150183,-0.01234464,0.02468104,-0.03052578,0.01184395,4.43313646,-4.39124870,0.01936338,-0.00903588,-0.00976801,0.32128781,
15422,0.55576813,0.04525915,9.69477367,6.00000000,0.04995117,-0.05478515,-0.04434221,0.01683130,-0.02241162,0.13531746,0.01150183,-0.02417570,0.02287243,-0.03151579,0.01184395,4.44360828,-4.36157751,0.01683188,-0.00891937,-0.00976801,0.32040823,
15430,-0.05714749,-0.13430598,9.75462818,6.00000000,0.03867187,-0.06928711,-0.01702981,0.01083590,-0.00562449,0.13531746,0.01150183,-0.00617245,0.02458811,-0.02899834,0.01184395,4.45582581,-4.43488169,0.01083591,-0.00879140,-0.00976801,0.32307374,
15438,-0.07390690,-0.43358120,9.89109802,6.00000000,0.03544922,-0.05961914,-0.02155966,0.00497372,0.00809833,0.13531746,0.01150183,0.02623326,0.02776171,-0.02453910,0.01184395,4.45408010,-4.54309177,0.00497385,-0.00866180,-0.00732601,0.32650807,
15446,0.41211605,0.18651704,9.86236763,6.00000000,0.03061523,-0.04350586,-0.03927942,-0.01767559,0.01422697,0.13531746,0.01150183,0.01903180,0.02203793,-0.02058705,0.01184395,4.41742849,-4.48200512,-0.01767617,-0.00879129,-0.00732601,0.32132301,
15454,0.12481184,-0.08642194,9.65407181,6.00000000,0.03383789,-0.03222656,-0.05486748,0.00044386,0.00903095,0.13531746,0.01150183,0.04475033,0.02754400,-0.01996978,0.01184395,4.32143545,-4.47327852,0.00044353,-0.00894796,-0.00732601,0.31884053,
15462,0.45281747,0.57916611,9.62055302,6.00000000,0.05800781,-0.02900391,-0.01276640,0.02415902,-0.03999815,0.13531746,0.01150183,-0.01234464,0.02415460,-0.02998886,0.01184395,4.37554026,-4.33365250,0.02415837,-0.00927378,-0.00732601,0.31745967,
15469,-0.04038807,-0.58920431,9.80969524,5.00000000,0.03383789,-0.06606445,-0.02862094,0.07452043,-0.04479447,0.13531746,0.01150183,-0.00205748,0.03535708,-0.03860427,0.01184395,4.39822960,-4.39124870,0.07452075,-0.00901950,-0.00732601,0.32402131,
15478,-0.05475328,0.19369966,10.25022793,6.00000000,0.04028320,-0.08056641,-0.01183379,0.01962916,-0.05545297,0.13531746,0.01150183,0.00720108,0.02793377,-0.02915371,0.01184395,4.39124870,-4.41568279,0.01962883,-0.00832260,-0.00976801,0.32067433,
15486,0.65871882,0.14581563,9.89349270,6.00000000,0.03867187,-0.05156250,-0.01343257,-0.01114726,-0.02001346,0.13531746,0.01150183,-0.00925886,0.02020523,-0.02540521,0.01184395,4.40521097,-4.37379503,-0.01114743,-0.00833736,-0.00976801,0.31743079,
15494,0.28761756,0.07638377,9.77378178,6.00000000,0.04189453,-0.03544922,-0.07338662,-0.01314573,-0.02401040,0.13531746,0.01150183,-0.02366115,0.01789061,-0.02649892,0.01184395,4.46455240,-4.38426685,-0.01314571,-0.00852563,-0.00732601,0.31981662,
15502,0.35465521,0.08117218,9.41944027,6.00000000,0.03061523,-0.05317383,-0.04820592,0.01696453,-0.03746676,0.13531746,0.01150183,-0.05092287,0.01974478,-0.03469726,0.01184395,4.49247742,-4.31968975,0.01696442,-0.00865953,-0.00732601,0.32067093,
15510,-0.37318212,0.10511419,10.03714466,6.00000000,0.02578125,-0.07734375,-0.02462398,0.05680067,-0.01215282,0.13531746,0.01150183,0.01954608,0.03629279,-0.03448392,0.01184395,4.41044712,-4.47676945,0.05680050,-0.00827843,-0.00732601,0.32627961,
15518,0.00270756,0.07877797,10.19516182,6.00000000,0.04672851,-0.06284180,0.00961644,0.00883743,-0.02254485,0.13531746,0.01150183,0.04166436,0.03108521,-0.02419570,0.01184395,4.39124870,-4.53262043,0.00883718,-0.00778459,-0.00732601,0.32413095,
15526,0.71139127,0.05962436,9.95813560,6.00000000,0.04511719,-0.03867187,-0.02635599,-0.01647651,0.01902329,0.13531746,0.01150183,0.03960671,0.02557715,-0.01925370,0.01184395,4.35634184,-4.49073172,-0.01647601,-0.00793568,-0.00732601,0.31951189,
15534,0.29001176,0.37326479,10.31726646,6.00000000,0.04995117,-0.03061523,-0.04567454,-0.00768325,0.00570017,0.13531746,0.01150183,-0.03034827,0.01899516,-0.02915797,0.01184395,4.49771357,-4.39473915,-0.00768384,-0.00806265,-0.00732601,0.32179433,
15542,-0.19122279,-0.35457253,9.80730152,6.00000000,0.03544922,-0.05639648,-0.05913088,0.00550665,-0.00389248,0.13531746,0.01150183,-0.00565803,0.02452321,-0.02881596,0.01184395,4.45931625,-4.44011736,0.00550654,-0.00794166,-0.00732601,0.32300371,
15551,-0.31093287,-0.03135531,9.86715603,7.00000000,0.03706055,-0.06606445,-0.01196701,0.00963682,-0.01308544,0.13531746,0.01150183,0.01543131,0.02811870,-0.02741754,0.01184395,4.42615509,-4.47851515,0.00963672,-0.00771210,-0.00732601,0.32349294,
15558,0.11523504,-0.28274649,10.42979336,6.00000000,0.03222656,-0.04833984,-0.01982767,0.00617280,-0.00509156,0.13531746,0.01150183,0.00514364,0.02663436,-0.02837106,0.01184395,4.46804285,-4.48549604,0.00617264,-0.00765734,-0.00732601,0.32501328,
15566,0.33550158,0.10990259,9.85039711,6.00000000,0.03706055,-0.04511719,-0.01583072,-0.01767559,0.02235407,0.13531746,0.01150183,0.02211821,0.02368967,-0.02149411,0.01184395,4.39124870,-4.46629763,-0.01767498,-0.00769448,-0.00732601,0.31980461,
15574,0.17030168,0.18412285,9.97010708,6.00000000,0.04511719,-0.03706055,-0.04980469,0.02122793,-0.00149432,0.13531746,0.01150183,-0.01954609,0.02602413,-0.03354465,0.01184395,4.49247742,-4.42615509,0.02122786,-0.00781969,-0.00732601,0.32483947,
15582,-0.09545472,-0.62511730,10.20234394,6.00000000,0.04511719,-0.07089844,-0.05393486,0.01469960,0.00050415,0.13531746,0.01150183,0.00051455,0.02762622,-0.03042852,0.01184395,4.46804285,-4.46978855,0.01469918,-0.00760032,-0.00732601,0.32506207,
15590,-0.50246900,0.28228512,10.28135300,6.00000000,0.04189453,-0.06767578,-0.00210791,0.00790481,0.01182881,0.13531746,0.01150183,0.02674747,0.03033829,-0.02696320,0.01184395,4.44535351,-4.53611040,0.00790468,-0.00717613,-0.00732601,0.32615113,
15598,-0.34205750,-0.29471749,10.35078526,6.00000000,0.03706055,-0.04672851,-0.00770362,-0.02713501,-0.00029524,0.13531746,0.01150183,0.04372159,0.02625618,-0.01897782,0.01184395,4.40346575,-4.55181837,-0.02713504,-0.00686169,-0.00732601,0.32266173,
15606,0.43845227,0.37805319,9.72110939,6.00000000,0.04028320,-0.02900391,-0.00743715,-0.04245660,0.00276908,0.13531746,0.01150183,0.02571874,0.02052131,-0.01754264,0.01184395,4.38775778,-4.47502422,-0.04245626,-0.00706147,-0.00732601,0.31819770,
15613,0.05777419,-0.27316967,9.80251217,5.00000000,0.04672851,-0.02900391,-0.05246932,0.00963682,-0.00229371,0.13531746,0.01150183,-0.01594584,0.02430846,-0.03100898,0.01184395,4.43313646,-4.37903118,0.00963689,-0.00739750,-0.00732601,0.32013977,
15622,-0.24868362,-0.31865951,9.41944027,6.00000000,0.04511719,-0.06606445,-0.05380163,0.00897066,-0.02254485,0.13531746,0.01150183,-0.04475062,0.02169615,-0.03519418,0.01184395,4.50294924,-4.35110569,0.00897110,-0.00720017,-0.00976801,0.32160991,
15630,0.17748427,0.28228512,9.71392727,6.00000000,0.02416992,-0.07089844,-0.03474956,0.01296760,-0.02880673,0.13531746,0.01150183,0.02983348,0.03196398,-0.02784441,0.01184395,4.43313646,-4.53436518,0.01296717,-0.00715617,-0.00976801,0.32601207,
15638,0.10326403,-0.36414933,10.32923698,6.00000000,0.03706055,-0.04833984,-0.02635599,-0.01128049,-0.00375925,0.13531746,0.01150183,0.00720103,0.02455155,-0.02584745,0.01184395,4.46629763,-4.49073172,-0.01128037,-0.00706376,-0.00732601,0.32387450,
15646,0.48873049,0.34453437,10.16403675,6.00000000,0.03867187,-0.04189453,-0.02409106,-0.02913348,-0.00322632,0.13531746,0.01150183,-0.01183037,0.01891870,-0.02476509,0.01184395,4.51691198,-4.47676945,-0.02913388,-0.00731389,-0.00732601,0.32390875,
15654,0.19184949,0.08356638,9.81208992,6.00000000,0.04189453,-0.04189453,-0.06246167,-0.02247191,0.01569251,0.13531746,0.01150183,0.00668671,0.02169465,-0.02315458,0.01184395,4.46804285,-4.49073172,-0.02247191,-0.00761541,-0.00732601,0.32312635,
15662,-0.24868362,0.27270830,9.90067482,6.00000000,0.03222656,-0.05156250,-0.02382459,-0.02060668,0.00077061,0.13531746,0.01150183,-0.02777601,0.01767667,-0.02726705,0.01184395,4.51691198,-4.42266417,-0.02060637,-0.00773814,-0.00732601,0.32256562,
15670,-0.27980825,-0.45752320,9.93179989,6.00000000,0.01933594,-0.05639648,-0.02808800,-0.01887467,0.01982268,0.13531746,0.01150183,0.04886561,0.02797505,-0.01946792,0.01184395,4.41742849,-4.58323479,-0.01887491,-0.00761419,-0.00976801,0.32490563,
15678,0.23255092,0.64859796,10.16164303,6.00000000,0.03706055,-0.03544922,0.03932701,-0.00648417,0.01928976,0.13531746,0.01150183,0.02983373,0.02669741,-0.02264769,0.01184395,4.36157751,-4.46280670,-0.00648438,-0.00779477,-0.00976801,0.31941381,
15685,0.26846394,-0.33302471,10.14967155,5.00000000,0.04672851,-0.02900391,-0.00437284,0.00603957,0.00463432,0.13531746,0.01150183,-0.00051447,0.02504649,-0.02812290,0.01184395,4.39473915,-4.39299345,0.00603968,-0.00788630,-0.00976801,0.31899318,
15694,0.26846394,-0.08642194,9.58224583,6.00000000,0.05317383,-0.04833984,-0.02475721,-0.00808294,0.00783187,0.13531746,0.01150183,0.00154320,0.02266845,-0.02530276,0.01184395,4.38775778,-4.39299345,-0.00808282,-0.00789433,-0.00976801,0.31771618,
15702,0.07453360,-0.30668849,9.39310455,6.00000000,0.02900391,-0.05639648,-0.07365308,-0.02420392,-0.01481744,0.13531746,0.01150183,-0.00617253,0.01882513,-0.02333107,0.01184395,4.40870190,-4.38775778,-0.02420378,-0.00795891,-0.00976801,0.31711689,
15710,-0.02602286,0.13623881,9.99644279,6.00000000,0.01933594,-0.05317383,-0.04327635,0.00683896,0.03341227,0.13531746,0.01150183,-0.04166394,0.02075665,-0.03354655,0.01184395,4.53262043,-4.39124870,0.00683968,-0.00814877,-0.00976801,0.32398608,
15718,0.26606974,0.43311983,9.78096485,6.00000000,0.02739258,-0.05478515,-0.05540041,0.00004417,0.02728363,0.13531746,0.01150183,0.03600628,0.02840182,-0.02288106,0.01184395,4.38252163,-4.50469494,0.00004433,-0.00821024,-0.00976801,0.32216480,
15726,0.45042327,-0.01220169,9.35958576,6.00000000,0.05156250,-0.03544922,-0.04234376,0.01216821,-0.01961377,0.13531746,0.01150183,0.02623329,0.02900420,-0.02575492,0.01184395,4.37554026,-4.46455240,0.01216821,-0.00833394,-0.00976801,0.32133558,
15734,-0.27501985,-0.19655523,10.58302212,6.00000000,0.04189453,-0.04672851,-0.00490577,0.01176852,0.01569251,0.13531746,0.01150183,-0.02006047,0.02417984,-0.03185476,0.01184395,4.48724174,-4.41917372,0.01176875,-0.00809529,-0.00976801,0.32371083,
15742,0.23015672,0.32298654,10.22868061,6.00000000,0.03706055,-0.07573242,-0.00037590,-0.00621770,-0.00935496,0.13531746,0.01150183,0.01903193,0.02500601,-0.02350968,0.01184395,4.37728596,-4.44186306,-0.00621795,-0.00810446,-0.00976801,0.31924334,
15750,-0.33726910,-0.00501909,10.22628593,6.00000000,0.03222656,-0.05478515,-0.03141878,-0.02580269,0.00530048,0.13531746,0.01150183,-0.00257199,0.01896371,-0.02262336,0.01184395,4.39124870,-4.38252163,-0.02580326,-0.00786114,-0.00976801,0.31617847,
15757,0.05777419,-0.40485078,9.46253586,5.00000000,0.03061523,-0.02900391,-0.02875415,-0.02287161,0.02528516,0.13531746,0.01150183,-0.03497740,0.01532072,-0.02662303,0.01184395,4.44011736,-4.32143545,-0.02287142,-0.00805763,-0.00976801,0.31594813,
15766,0.35704941,-0.27795810,9.46014214,6.00000000,0.03222656,-0.04028320,-0.07964849,-0.01274604,-0.02187870,0.13531746,0.01150183,-0.04423629,0.01498568,-0.02844748,0.01184395,4.40172052,-4.25162220,-0.01274614,-0.00838021,-0.00976801,0.31275958,
15774,0.29719436,-0.57483912,9.66364861,6.00000000,0.03061523,-0.06445312,0.01947556,0.02655718,-0.00988789,0.13531746,0.01150183,-0.02057488,0.02505051,-0.03280801,0.01184395,4.38426685,-4.31445408,0.02655697,-0.00848595,-0.00976801,0.31725401,
15782,-0.04278228,-0.12951757,10.19755554,6.00000000,0.03222656,-0.06606445,0.02733620,0.03228613,-0.01961377,0.13531746,0.01150183,-0.00925863,0.02770671,-0.03277245,0.01184395,4.36332321,-4.33190727,0.03228594,-0.00827349,-0.00976801,0.31754282,
15790,0.22536832,-0.10318135,10.22628593,6.00000000,0.03222656,-0.06123047,-0.02635599,0.02748980,-0.01415129,0.13531746,0.01150183,0.01234509,0.02951258,-0.02949115,0.01184395,4.31445408,-4.35634184,0.02748964,-0.00808195,-0.00976801,0.31630933,
15798,0.36902040,-0.01699010,10.46091843,6.00000000,0.05317383,-0.04672851,-0.02542337,0.00617280,0.03847506,0.13531746,0.01725275,-0.03292006,0.01933987,-0.03142412,0.01184395,4.35634184,-4.24464083,0.00617291,-0.00797890,-0.00976801,0.31223318,
15806,0.48394209,-0.10318135,9.29494190,6.00000000,0.03867187,-0.06123047,-0.06179553,0.00524019,-0.01135343,0.13531746,0.01725275,-0.03343426,0.01868534,-0.03089663,0.01184395,4.34237909,-4.22893286,0.00524017,-0.00815845,-0.00976801,0.31108996,
15814,-0.35163429,-0.43836960,9.75462818,6.00000000,0.02578125,-0.07250977,0.00695181,0.02096147,-0.02027992,0.13531746,0.01150183,0.03497769,0.03114928,-0.02580392,0.01184395,4.27256584,-4.39124870,0.02096076,-0.00794597,-0.00976801,0.31558293,
15822,0.06256260,0.26313150,9.22550964,6.00000000,0.03383789,-0.04995117,0.03772824,0.01803038,-0.00136109,0.13531746,0.01150183,-0.00514360,0.02537810,-0.02950958,0.01184395,4.27780199,-4.26034880,0.01803011,-0.00777486,-0.00976801,0.31081519,
15829,0.01707277,-0.76876944,10.30050659,5.00000000,0.04189453,-0.04028320,-0.02968677,0.04920650,0.00196970,0.13531746,0.01150183,-0.02674745,0.02906185,-0.03819388,0.01184395,4.34237909,-4.25162220,0.04920644,-0.00760340,-0.00976801,0.31510001,
15838,0.09129302,0.12666200,10.09221077,6.00000000,0.06284180,-0.06445312,-0.01289964,0.02775626,0.02821625,0.13531746,0.01150183,-0.02829045,0.02453687,-0.03409400,0.01184395,4.29525518,-4.19926214,0.02775643,-0.00722052,-0.00732601,0.30993855,
15846,0.30677116,-0.46949422,9.93658829,6.00000000,0.04511719,-0.07573242,-0.02555662,0.02282671,-0.02041316,0.13531746,0.01150183,0.01748867,0.03009026,-0.02885460,0.01184395,4.29001951,-4.34936047,0.02282655,-0.00708276,-0.00732601,0.31483245,
15854,0.05059159,0.05723016,9.78335857,6.00000000,0.03061523,-0.06123047,0.04492272,-0.00741678,0.00396816,0.13531746,0.01150183,0.00051433,0.02374778,-0.02660822,0.01184395,4.39648438,-4.39822960,-0.00741646,-0.00689758,-0.00732601,0.31827071,
15862,0.74730426,-1.02016056,9.41225815,6.00000000,0.03544922,-0.04189453,-0.03981235,-0.00395277,0.02448577,0.13531746,0.01150183,0.05606655,0.03008083,-0.01982391,0.01184395,4.26907539,-4.45931625,-0.00395329,-0.00723872,-0.00732601,0.31611758,
15870,0.17509007,0.27270830,10.09221077,6.00000000,0.05156250,-0.02900391,-0.00717070,0.02042855,0.02648424,0.13531746,0.01150183,0.01080239,0.02873351,-0.02908673,0.01184395,4.31794453,-4.35459661,0.02042895,-0.00731475,-0.00732601,0.31586072,
15878,-0.07630110,-0.45034060,9.81448364,6.00000000,0.05317383,-0.05961914,-0.02915385,0.04401048,0.03407842,0.13531746,0.01150183,-0.02211814,0.02945193,-0.03749949,0.01184395,4.37379503,-4.29874611,0.04401021,-0.00708567,-0.00732601,0.31757039,
15886,-0.29177925,0.56719512,9.60379410,6.00000000,0.04511719,-0.07250977,0.02453834,0.02415902,0.00263585,0.13531746,0.01150183,0.06532579,0.03822030,-0.02568049,0.01184395,4.30223656,-4.52389383,0.02415977,-0.00654704,-0.00976801,0.32169876,
15894,0.23255092,0.32059234,9.83842564,6.00000000,0.04350586,-0.04833984,0.03493038,-0.01034787,-0.01561683,0.13531746,0.01150183,0.07818505,0.03352594,-0.01805546,0.01184395,4.27256584,-4.53785610,-0.01034771,-0.00643588,-0.00976801,0.31862757,
15901,0.10086983,0.35650536,10.57344532,5.00000000,0.05961914,-0.03061523,-0.05913088,-0.03392980,-0.00442540,0.13531746,0.01150183,0.00051449,0.01968281,-0.02261915,0.01184395,4.38426685,-4.38601255,-0.03393037,-0.00653388,-0.00976801,0.31546256,
15910,0.29958856,0.25834310,9.80730152,6.00000000,0.04672851,-0.04028320,-0.03395017,-0.01794205,0.00649956,0.13531746,0.01150183,-0.07201234,0.01291706,-0.03292792,0.01184395,4.48375082,-4.23940468,-0.01794245,-0.00684336,-0.00732601,0.31491357,
15918,-0.42824876,0.47382125,9.66604328,6.00000000,0.02255859,-0.06445312,-0.04434221,0.01203498,0.01356081,0.13531746,0.01150183,-0.01440235,0.02532659,-0.03164595,0.01184395,4.38601255,-4.33714342,0.01203439,-0.00673891,-0.00732601,0.31708691,
15926,0.12720604,0.37565899,9.24945164,6.00000000,0.02900391,-0.06767578,0.03826116,0.00270879,-0.02867349,0.13531746,0.01150183,-0.00102872,0.02604605,-0.02923597,0.01184395,4.39299345,-4.38950300,0.00270871,-0.00667096,-0.00976801,0.31856188,
15934,0.02425537,0.56240672,9.00524330,6.00000000,0.03544922,-0.05317383,0.09648322,0.01669807,0.02102176,0.13531746,0.01150183,0.05400950,0.03489074,-0.02504655,0.01184395,4.27780199,-4.46106148,0.01669818,-0.00663623,-0.00976801,0.31799439,
15942,0.12960024,-0.78792304,10.67879009,6.00000000,0.05961914,-0.04028320,-0.07658417,0.03228613,0.03954091,0.13531746,0.01150183,0.00308619,0.03183319,-0.03395912,0.01184395,4.36332321,-4.37379503,0.03228677,-0.00653861,-0.00976801,0.31906122,
15950,0.68505502,0.16736344,10.85596180,6.00000000,0.05639648,-0.06606445,-0.04634068,0.00643926,0.05219787,0.13531746,0.01150183,-0.07355513,0.01730564,-0.03760112,0.01184395,4.42615509,-4.17657280,0.00643997,-0.00652455,-0.00976801,0.31231567,
15958,0.24931033,-0.48864782,9.86236763,6.00000000,0.03222656,-0.07412110,-0.07152138,0.01270113,0.02022238,0.13531746,0.01150183,0.03806374,0.03224744,-0.02617825,0.01184395,4.29350996,-4.42266417,0.01270152,-0.00656367,-0.00976801,0.31688216,
15966,0.14396545,0.21524747,9.03636837,6.00000000,0.03544922,-0.04833984,0.10807434,-0.00954849,0.00556694,0.13531746,0.01150183,0.06789748,0.03143878,-0.01839550,0.01184395,4.20973396,-4.44011736,-0.00954848,-0.00649199,-0.00976801,0.31286484,
15973,-0.04278228,-0.41682178,9.12974167,5.00000000,0.05961914,-0.03222656,0.04265779,0.01176852,0.00903095,0.13531746,0.01150183,0.07664172,0.03648401,-0.02131157,0.01184395,4.20973396,-4.46978855,0.01176827,-0.00652057,-0.00976801,0.31548589,
15982,0.07692781,-0.01699010,9.90785789,6.00000000,0.06445312,-0.04028320,-0.07538509,0.01629838,-0.00962142,0.13531746,0.01150183,-0.05195098,0.02233263,-0.03749679,0.01184395,4.43662691,-4.26034880,0.01629841,-0.00643217,-0.00976801,0.31644699,
15990,0.17030168,-0.41203338,10.13770103,6.00000000,0.03222656,-0.07573242,-0.05153670,0.05040558,0.04766801,0.13531746,0.01150183,-0.04835108,0.02938581,-0.04359447,0.01184395,4.46106148,-4.29700041,0.05040560,-0.00638512,-0.00976801,0.32113415,
15998,-0.14333874,0.31340975,10.30050659,6.00000000,0.03061523,-0.08378907,-0.02129320,0.00111002,0.03754244,0.13531746,0.01150183,0.02417576,0.03024247,-0.02747586,0.01184395,4.41568279,-4.49771357,0.00110966,-0.00585684,-0.00732601,0.32319108,
16006,0.66111302,-0.41203338,9.98207760,6.00000000,0.04350586,-0.05317383,0.06544033,-0.03259749,0.03794213,0.13531746,0.01150183,0.10287492,0.03357237,-0.01233724,0.01184395,4.32492590,-4.67399168,-0.03259831,-0.00610061,-0.00732601,0.32384738,
16014,-0.04278228,-0.01699010,10.78652954,6.00000000,0.05800781,-0.01933594,-0.02329167,-0.04552092,0.05046586,0.13531746,0.01150183,0.05555280,0.02491725,-0.01489390,0.01184395,4.32841635,-4.51691198,-0.04552052,-0.00624851,-0.00976801,0.31734291,
16022,-0.25826043,-0.16064219,9.91025162,6.00000000,0.05156250,-0.02578125,-0.02382459,-0.01274604,0.05233111,0.13531746,0.01150183,0.00154326,0.02405781,-0.02668560,0.01184395,4.41393757,-4.41917372,-0.01274609,-0.00651077,-0.00976801,0.31927618,
16030,-0.40430674,0.02371133,9.51041985,6.00000000,0.03544922,-0.05639648,-0.04354281,-0.00555155,0.05459604,0.13531746,0.01150183,0.03600617,0.02948655,-0.02395688,0.01184395,4.35110569,-4.47327852,-0.00555154,-0.00644130,-0.00976801,0.31948143,
16038,0.25409874,-0.13191178,8.98608971,6.00000000,0.03544922,-0.05156250,0.03000083,0.02056178,0.03674305,0.13531746,0.01150183,0.02469016,0.03256072,-0.02962307,0.01184395,4.35110569,-4.43488169,0.02056227,-0.00652342,-0.00976801,0.31998280,
16045,-0.05714749,-0.17740162,10.55429173,5.00000000,0.05961914,-0.04833984,-0.02275874,0.00377464,0.02701717,0.13531746,0.01150183,0.03857831,0.03181918,-0.02565191,0.01184395,4.36157751,-4.49247742,0.00377465,-0.00632776,-0.00976801,0.32123312,
16054,0.69463187,0.18412285,10.06826878,6.00000000,0.06606445,-0.04672851,0.02840205,-0.02367100,-0.00815588,0.13531746,0.01150183,0.02674778,0.02363673,-0.02035418,0.01184395,4.31968975,-4.41044712,-0.02367034,-0.00681005,-0.00732601,0.31475139,
16062,-0.31811547,-0.25641027,10.61893559,6.00000000,0.03061523,-0.03706055,-0.03155201,-0.03179811,-0.00389248,0.13531746,0.01150183,-0.00668666,0.01855550,-0.02319018,0.01184395,4.41393757,-4.39124870,-0.03179792,-0.00687363,-0.00732601,0.31688267,
16070,0.21100311,-0.02656690,9.54393864,6.00000000,0.01772461,-0.05317383,-0.00916917,-0.01714266,0.02075530,0.13531746,0.01150183,-0.01697418,0.02006863,-0.02709050,0.01184395,4.43837214,-4.38077641,-0.01714232,-0.00716885,-0.00976801,0.31845129,
16078,-0.23192421,0.31340975,9.88870430,6.00000000,0.02900391,-0.05478515,-0.01902827,-0.00515185,0.04367107,0.13531746,0.01150183,0.01646004,0.02617425,-0.02526976,0.01184395,4.39648438,-4.45233488,-0.00515176,-0.00731310,-0.00976801,0.32039618,
16086,0.24452193,0.36129376,9.93419361,6.00000000,0.04511719,-0.03706055,-0.00357345,0.00124325,0.02501870,0.13531746,0.01150183,0.01285908,0.02628562,-0.02621351,0.01184395,4.36332321,-4.40695620,0.00124374,-0.00743314,-0.00976801,0.31801274,
16094,0.42169285,-0.20134363,9.53675652,6.00000000,0.04833984,-0.03544922,0.01454601,-0.00088845,0.01809067,0.13531746,0.01150183,0.04937983,0.03030104,-0.02161706,0.01184395,4.32318068,-4.49073172,-0.00088848,-0.00755398,-0.00976801,0.31943992,
16102,-0.05475328,0.22003587,9.66843700,6.00000000,0.04350586,-0.04028320,0.00974967,0.00031063,0.00729894,0.13531746,0.01725275,0.02520457,0.02688557,-0.02526134,0.01184395,4.35459661,-4.44011736,0.00031066,-0.00754243,-0.00976801,0.31883085,
16110,-0.26783723,-0.37372616,10.30050659,6.00000000,0.03706055,-0.06123047,0.03053375,-0.00208753,0.03154703,0.13531746,0.01725275,0.02417580,0.02683470,-0.02546014,0.01184395,4.39822960,-4.48026037,-0.00208751,-0.00752985,-0.00976801,0.32169390,
16117,0.18227269,0.60310817,10.33163166,5.00000000,0.04672851,-0.04511719,-0.04727330,-0.05737850,0.03434489,0.13531746,0.01725275,0.01697497,0.01572654,-0.01622271,0.01184395,4.40172052,-4.45931625,-0.05737779,-0.00759871,-0.00976801,0.31705272,
16126,0.38817403,-0.51737827,10.35796738,6.00000000,0.04028320,-0.02416992,0.01947556,-0.04938462,0.04953325,0.13531746,0.01725275,-0.02520424,0.01138485,-0.02181970,0.01184395,4.46455240,-4.37903118,-0.04938423,-0.00810575,-0.00976801,0.31699955,
16134,0.19184949,-0.17740162,9.56309223,6.00000000,0.02255859,-0.02578125,-0.06086289,-0.02233868,0.03354550,0.13531746,0.01725275,0.03703497,0.02243360,-0.01810218,0.01184395,4.30921793,-4.43488169,-0.02233909,-0.00856954,-0.00976801,0.31535402,
16142,0.27085814,0.03328814,9.14650154,6.00000000,0.02416992,-0.04350586,0.03146636,0.01390022,0.01249496,0.13531746,0.01150183,-0.00257174,0.02412224,-0.02767526,0.01184395,4.33539772,-4.32667112,0.01389987,-0.00887241,-0.00976801,0.31500775,
16150,-0.12418513,-0.95551717,9.47929573,6.00000000,0.03544922,-0.06123047,-0.02195937,0.03228613,0.07178286,0.13531746,0.01150183,0.04835140,0.03437676,-0.02585031,0.01184395,4.30049133,-4.46455240,0.03228626,-0.00866595,-0.00976801,0.32007360,
16158,0.33071318,0.61268497,10.08024025,6.00000000,0.05961914,-0.04833984,0.00748475,0.02096147,0.03594366,0.13531746,0.01150183,0.06378264,0.03357239,-0.02143593,0.01184395,4.23416901,-4.45058966,0.02096105,-0.00845501,-0.00732601,0.31634220,
16166,0.28282917,-0.71849120,10.52795601,6.00000000,0.05478515,-0.03061523,-0.04674038,0.00031063,0.03740920,0.13531746,0.01150183,0.00771574,0.02393564,-0.02509488,0.01184395,4.38601255,-4.41219234,0.00031108,-0.00839420,-0.00732601,0.31895748,
16174,1.03939688,0.39481258,9.14410686,6.00000000,0.03867187,-0.04028320,0.00068995,-0.02660209,0.03301257,0.13531746,0.01150183,0.00617248,0.01807677,-0.01968336,0.01184395,4.28652859,-4.30747271,-0.02660148,-0.00838045,-0.00976801,0.30960390,
16182,0.13917705,0.01413453,9.85279083,6.00000000,0.01933594,-0.04833984,0.03093343,0.01763069,-0.02401040,0.13531746,0.01150183,0.06275401,0.03276613,-0.02088463,0.01184395,4.21147966,-4.42440987,0.01763050,-0.00858880,-0.00976801,0.31432921,
16189,-0.36599952,-0.50540721,10.23825741,5.00000000,0.05156250,-0.04995117,0.02107433,0.02962150,0.02914887,0.13531746,0.01150183,0.03549181,0.03175147,-0.02626274,0.01184395,4.21671581,-4.33714342,0.02962200,-0.00822664,-0.00976801,0.31222492,
16198,0.05298579,0.63662696,9.67801380,6.00000000,0.05156250,-0.04511719,-0.02422430,0.00590634,0.00410140,0.13531746,0.01150183,-0.04629311,0.01808740,-0.03197186,0.01184395,4.38775778,-4.23067808,0.00590581,-0.00798696,-0.00732601,0.31284645,
16206,0.56055653,-0.46231163,9.54393864,6.00000000,0.02578125,-0.04833984,-0.06272810,0.00230910,0.01156234,0.13531746,0.01150183,-0.01440254,0.02144206,-0.02780887,0.01184395,4.34237909,-4.29350996,0.00230906,-0.00788865,-0.00732601,0.31321838,
16214,0.75209266,0.48579225,9.52717972,6.00000000,0.02739258,-0.05800781,0.03946024,0.01829685,0.00103708,0.13531746,0.01150183,0.00462931,0.02672237,-0.02855125,0.01184395,4.31619930,-4.33190727,0.01829686,-0.00813434,-0.00976801,0.31482038,
16222,-0.00926345,-0.44076380,10.32923698,6.00000000,0.03706055,-0.06606445,-0.03155201,0.02682365,-0.03533506,0.13531746,0.01150183,0.04577900,0.03373228,-0.02581902,0.01184395,4.27256584,-4.42790031,0.02682337,-0.00792773,-0.00976801,0.31733659,
16230,0.04819739,0.45466763,10.53513813,6.00000000,0.06123047,-0.04833984,0.00895029,0.00310848,0.01289466,0.13531746,0.01150183,-0.01543108,0.02192625,-0.02853048,0.01184395,4.36157751,-4.30921793,0.00310857,-0.00770504,-0.00732601,0.31454173,
16238,0.06016840,0.23200688,9.91743469,6.00000000,0.03706055,-0.04350586,-0.01609718,-0.01927437,-0.00176078,0.13531746,0.01150183,-0.03086240,0.01619834,-0.02651310,0.01184395,4.39822960,-4.29350996,-0.01927484,-0.00767208,-0.00732601,0.31367812,
16246,0.62519997,0.24158369,9.19677925,6.00000000,0.01933594,-0.04511719,-0.03075262,-0.00688386,-0.03919876,0.13531746,0.01150183,-0.01543132,0.01909301,-0.02573274,0.01184395,4.30921793,-4.25685787,-0.00688459,-0.00799392,-0.00732601,0.31002113,
16254,0.36662620,-0.17979582,9.63252449,6.00000000,0.02739258,-0.06123047,0.04545565,0.02802273,-0.01415129,0.13531746,0.01150183,0.00000008,0.02687938,-0.02977364,0.01184395,4.28303766,-4.28303766,0.02802243,-0.00827205,-0.00732601,0.31255189,
16261,0.04819739,0.00934612,10.52077293,5.00000000,0.05156250,-0.05317383,-0.01956121,0.04800741,-0.02401040,0.13531746,0.01150183,-0.01131624,0.02932020,-0.03482065,0.01184395,4.28652859,-4.24813128,0.04800668,-0.00803830,-0.00732601,0.31286195,
16270,0.11762924,0.06441276,10.44655323,6.00000000,0.05317383,-0.05317383,-0.00970209,-0.00035553,-0.02654179,0.13531746,0.01150183,-0.06635457,0.01475362,-0.03338802,0.01184395,4.39997530,-4.17482758,-0.00035625,-0.00767767,-0.00732601,0.31081071,
16278,0.83349556,0.06920116,9.50084305,6.00000000,0.02578125,-0.05800781,-0.01143409,-0.00435247,-0.02147900,0.13531746,0.01150183,-0.04012125,0.01648258,-0.02894009,0.01184395,4.31968975,-4.18355417,-0.00435248,-0.00784022,-0.00732601,0.30792701,
16286,0.13678285,-0.32344791,9.80011845,6.00000000,0.01450195,-0.07089844,-0.02049383,0.02282671,-0.03107166,0.13531746,0.01150183,-0.00617269,0.02620337,-0.03056466,0.01184395,4.30049133,-4.27954721,0.02282659,-0.00789691,-0.00976801,0.31268132,
16294,-0.15770395,-0.11994077,9.81448364,6.00000000,0.04672851,-0.06445312,-0.01649687,0.03281905,0.03128057,0.13531746,0.01150183,-0.00822992,0.02801281,-0.03282684,0.01184395,4.30747271,-4.27954721,0.03281920,-0.00775804,-0.00976801,0.31365886,
16302,-0.18404017,0.13863301,10.20234394,6.00000000,0.04833984,-0.04833984,-0.04887206,0.01816362,0.00090384,0.13531746,0.01150183,-0.02108957,0.02370887,-0.03159822,0.01184395,4.30921793,-4.23765945,0.01816338,-0.00739234,-0.00732601,0.31114116,
16310,0.75448692,-0.37133196,9.70674419,6.00000000,0.03544922,-0.05478515,-0.04634068,0.00071032,-0.02814057,0.13531746,0.01150183,0.00102845,0.02274880,-0.02547522,0.01184395,4.26907539,-4.27256584,0.00071018,-0.00765649,-0.00732601,0.30968598,
16318,0.39535663,-0.16303641,9.54393864,6.00000000,0.02900391,-0.05800781,0.01894263,0.02722334,-0.02534271,0.13531746,0.01150183,-0.00257180,0.02677517,-0.03027356,0.01184395,4.23940468,-4.23067808,0.02722364,-0.00790507,-0.00976801,0.30901417,
16326,-0.20079958,-0.08642194,9.65646648,6.00000000,0.03706055,-0.06445312,-0.00863623,0.02282671,-0.02414363,0.13531746,0.01150183,-0.01388805,0.02505221,-0.03122986,0.01184395,4.25162220,-4.20449829,0.02282695,-0.00754970,-0.00976801,0.30818930,
16333,0.55576813,0.17933445,9.85518551,5.00000000,0.04672851,-0.04833984,-0.01090118,0.00510695,-0.00948819,0.13531746,0.01150183,-0.05143771,0.01743017,-0.03252469,0.01184395,4.31445408,-4.13992071,0.00510767,-0.00751351,-0.00976801,0.30684137,
16342,0.65632463,-0.26838127,10.03474998,6.00000000,0.02416992,-0.05317383,-0.02089352,0.01616515,-0.02907319,0.13531746,0.01150183,-0.03960698,0.02032445,-0.03259605,0.01184395,4.31096315,-4.17657280,0.01616519,-0.00773988,-0.00732601,0.30884516,
16350,0.31155959,0.13863301,9.50802612,6.00000000,0.02416992,-0.06767578,0.01174815,0.02802273,-0.02534271,0.13531746,0.01150183,0.00565808,0.02755450,-0.02910536,0.01184395,4.20624352,-4.22544241,0.02802287,-0.00770526,-0.00732601,0.30768028,
16358,-0.25107783,-0.40245658,10.02996159,6.00000000,0.03544922,-0.06445312,0.00628566,0.04201201,0.01555928,0.13531746,0.01150183,-0.00514372,0.02937011,-0.03342340,0.01184395,4.23940468,-4.22195148,0.04201186,-0.00743729,-0.00732601,0.30977002,
16366,0.12241764,0.10750839,9.90067482,6.00000000,0.05317383,-0.05317383,-0.04194403,0.01376698,0.02075530,0.13531746,0.01150183,-0.00257151,0.02558361,-0.02911146,0.01184395,4.28652859,-4.27780199,0.01376680,-0.00711759,-0.00732601,0.31145504,
16374,0.28282917,0.05244175,10.13291264,6.00000000,0.04511719,-0.04833984,-0.02702215,0.00950359,-0.00735649,0.13531746,0.01150183,-0.01800287,0.02326380,-0.03044575,0.01184395,4.29350996,-4.23242331,0.00950384,-0.00703836,-0.00976801,0.30975413,
16382,0.05298579,-0.38330296,9.68519688,6.00000000,0.03061523,-0.06445312,-0.01849534,0.00870420,-0.00229371,0.13531746,0.01150183,0.00257197,0.02539312,-0.02772024,0.01184395,4.23591423,-4.24464083,0.00870399,-0.00696115,-0.00976801,0.30805117,
16390,0.42408705,0.14581563,9.84800243,6.00000000,0.03706055,-0.06123047,-0.00157498,0.02815596,-0.01548360,0.13531746,0.01150183,0.06532560,0.03596231,-0.02341962,0.01184395,4.14341164,-4.36506844,0.02815586,-0.00707383,-0.00732601,0.31047374,
16398,-0.15052135,-0.28514069,10.35078526,6.00000000,0.05961914,-0.03706055,-0.03781388,0.05720037,-0.00082816,0.13531746,0.01150183,-0.03137603,0.03018419,-0.04037186,0.01184395,4.29874611,-4.19228077,0.05720028,-0.00673651,-0.00732601,0.31194666,
16405,0.02904378,0.36608216,10.42021656,5.00000000,0.05156250,-0.06767578,-0.02702215,0.00417433,-0.01548360,0.13531746,0.01150183,-0.04629377,0.01916724,-0.03303227,0.01184395,4.30223656,-4.14515686,0.00417365,-0.00627212,-0.00732601,0.30652061,
16414,-0.05714749,-0.15824799,9.99883747,6.00000000,0.02416992,-0.06767578,-0.00623808,0.00870420,-0.02840703,0.13531746,0.01150183,0.00720112,0.02694776,-0.02817011,0.01184395,4.24987650,-4.27431107,0.00870406,-0.00614032,-0.00732601,0.30963281,
16422,-0.12179093,0.20806487,9.78814697,6.00000000,0.03061523,-0.06284180,0.03346483,-0.00981494,-0.00322632,0.13531746,0.01150183,0.01028761,0.02454695,-0.02509577,0.01184395,4.28303766,-4.31794453,-0.00981495,-0.00602947,-0.00732601,0.31107402,
16430,-0.00926345,-0.07923934,9.50802612,6.00000000,0.04511719,-0.04672851,-0.03288432,0.03974708,0.03341227,0.13531746,0.01150183,-0.01080183,0.03069374,-0.03606901,0.01184395,4.29350996,-4.25685787,0.03974660,-0.00608758,-0.00732601,0.31283247,
16438,-0.40909514,0.78746170,10.38430405,6.00000000,0.05639648,-0.05317383,-0.02875415,0.03481752,0.00769864,0.13531746,0.01150183,-0.03497741,0.02747623,-0.03856762,0.01184395,4.33888865,-4.22020626,0.03481739,-0.00573947,-0.00732601,0.31279147,
16446,0.10086983,-0.11994077,9.97968388,6.00000000,0.04028320,-0.07573242,-0.01023500,0.02069501,-0.00229371,0.13531746,0.01150183,0.04372160,0.03548010,-0.02803485,0.01184395,4.24813128,-4.39648438,0.02069543,-0.00546959,-0.00976801,0.31486771,
16454,0.27804077,0.03089394,10.22389221,6.00000000,0.04028320,-0.06928711,0.01467922,0.00097678,0.01182881,0.13531746,0.01150183,0.03600643,0.03121731,-0.02565333,0.01184395,4.27954721,-4.40172052,0.00097671,-0.00545351,-0.00976801,0.31476673,
16462,0.11762924,-0.07205673,10.08263397,6.00000000,0.05317383,-0.04511719,-0.02369136,-0.02233868,0.04580277,0.13531746,0.01150183,0.01646015,0.02403353,-0.02315541,0.01184395,4.26034880,-4.31619930,-0.02233861,-0.00546761,-0.00976801,0.30928034,
16470,-0.02362866,0.71802980,9.71392727,6.00000000,0.04833984,-0.03544922,-0.04460866,-0.00421923,0.02768333,0.13531746,0.01150183,-0.01954603,0.02270319,-0.03027047,0.01184395,4.30921793,-4.24289560,-0.00421884,-0.00563075,-0.00976801,0.30970827,
16477,-0.30614448,-0.52695507,10.08502865,5.00000000,0.03544922,-0.05317383,-0.02022735,-0.00035553,-0.00642387,0.13531746,0.01150183,0.00668686,0.02711749,-0.02847815,0.01184395,4.29525518,-4.31794453,-0.00035535,-0.00544917,-0.00976801,0.31220275,
16486,0.34507841,-0.22528565,9.27339363,6.00000000,0.03061523,-0.07250977,0.03959347,-0.00182107,0.00170323,0.13531746,0.01150183,0.02880498,0.02885146,-0.02499762,0.01184395,4.21497011,-4.31270885,-0.00182124,-0.00553100,-0.00976801,0.30899632,
16494,0.14635965,-0.40006238,9.93898201,6.00000000,0.04028320,-0.05800781,-0.00037590,0.02415902,0.01875683,0.13531746,0.01150183,0.00874442,0.03203945,-0.03284103,0.01184395,4.32841635,-4.35808706,0.02415906,-0.00559913,-0.00976801,0.31663725,
16502,0.13678285,0.18172865,10.05629826,6.00000000,0.06123047,-0.04511719,-0.02755509,0.01776392,0.01715806,0.13531746,0.01725275,-0.00360052,0.02854363,-0.03363419,0.01184395,4.34936047,-4.33714342,0.01776386,-0.00545566,-0.00732601,0.31617364,
16510,0.18227269,0.14581563,10.14727783,6.00000000,0.04672851,-0.05478515,-0.02382459,-0.00981494,0.01236173,0.13531746,0.01725275,0.01594580,0.02635909,-0.02691921,0.01184395,4.34936047,-4.40346575,-0.00981485,-0.00535915,-0.00732601,0.31657836,
16518,0.35704941,-0.55089706,10.10178757,6.00000000,0.03061523,-0.06284180,-0.00344022,-0.04165721,0.02568486,0.13531746,0.01725275,0.02931937,0.02233902,-0.01984337,0.01184395,4.33539772,-4.43488169,-0.04165703,-0.00557655,-0.00976801,0.31490251,
16526,0.07453360,-0.25162187,10.08024025,6.00000000,0.03222656,-0.04995117,-0.01263317,-0.00688386,0.06112437,0.13531746,0.01725275,0.01491700,0.02652727,-0.02732918,0.01184395,4.36332321,-4.41393757,-0.00688381,-0.00591763,-0.00976801,0.31767663,
16534,-0.43782556,0.30383292,10.25022793,6.00000000,0.04833984,-0.04189453,-0.00743715,-0.02100637,0.05539542,0.13531746,0.01725275,0.03292004,0.02609789,-0.02269044,0.01184395,4.30398226,-4.41568279,-0.02100609,-0.00566824,-0.00976801,0.31456488,
16542,0.31155959,-0.36654353,9.29973030,6.00000000,0.05317383,-0.03383789,0.03386454,-0.02966640,0.01942299,0.13531746,0.01725275,0.07304136,0.02872021,-0.01587307,0.01184395,4.21671581,-4.46455240,-0.02966640,-0.00589781,-0.00976801,0.31254518,
16549,0.25170454,-0.41442758,9.66125488,5.00000000,0.03383789,-0.02578125,-0.02302521,-0.01501096,0.00410140,0.13531746,0.01725275,0.03292011,0.02637726,-0.02296105,0.01184395,4.31270885,-4.42440987,-0.01501124,-0.00632230,-0.00976801,0.31563222,
16558,0.16551328,-0.73046219,9.64928341,6.00000000,0.02739258,-0.05156250,-0.02435752,0.01576545,0.00596663,0.13531746,0.01725275,-0.02160371,0.02479122,-0.03415231,0.01184395,4.35983229,-4.28652859,0.01576578,-0.00647251,-0.00976801,0.31457356,
16566,-0.30135605,0.60550237,10.36275578,6.00000000,0.04511719,-0.06767578,-0.04047851,0.01443314,0.02861594,0.13531746,0.01725275,0.01748902,0.03047779,-0.03060986,0.01184395,4.36157751,-4.42091894,0.01443314,-0.00610545,-0.00976801,0.31941187,
16574,-0.11221413,0.05483595,10.49443722,6.00000000,0.05800781,-0.05478515,-0.00610483,-0.02113960,-0.00149432,0.13531746,0.01150183,-0.00874421,0.02245410,-0.02752716,0.01184395,4.46106148,-4.43139076,-0.02113963,-0.00594304,-0.00976801,0.32081872,
16582,0.59168118,-0.25880447,10.02277946,6.00000000,0.03222656,-0.04350586,0.01627801,-0.05697881,0.01236173,0.13531746,0.01150183,0.01851739,0.01895555,-0.01770810,0.01184395,4.42964554,-4.49247742,-0.05697852,-0.00621118,-0.00976801,0.31929600,
16590,0.33310738,0.07877797,9.98447227,6.00000000,0.02578125,-0.02900391,0.01281399,-0.05111663,0.01622544,0.13531746,0.01150183,0.03446340,0.02090197,-0.01587969,0.01184395,4.37030411,-4.48724174,-0.05111640,-0.00666078,-0.00976801,0.31738010,
16598,-0.00208085,-0.07923934,9.94137669,6.00000000,0.03222656,-0.03544922,-0.01023500,-0.02020698,0.02528516,0.13531746,0.01150183,0.00617211,0.02203111,-0.02359789,0.01184395,4.36855936,-4.38950300,-0.02020697,-0.00706802,-0.00976801,0.31601477,
16606,-0.25826043,0.45945606,9.94137669,6.00000000,0.04350586,-0.05156250,-0.01170055,-0.00581801,0.00703248,0.13531746,0.01150183,0.04680811,0.02934786,-0.02127901,0.01184395,4.29001951,-4.44884396,-0.00581765,-0.00706262,-0.00976801,0.31636199,
16614,0.19184949,-0.21092044,10.00362587,6.00000000,0.05156250,-0.03222656,-0.02542337,-0.00102168,0.01502636,0.13531746,0.01150183,0.00360072,0.02514758,-0.02726314,0.01184395,4.37379503,-4.38601255,-0.00102177,-0.00712537,-0.00976801,0.31746894,
16621,0.34029001,0.21524747,9.80730152,5.00000000,0.03544922,-0.04189453,0.04532242,-0.01327896,0.00010446,0.13531746,0.01150183,-0.00668669,0.02080150,-0.02538620,0.01184395,4.33714342,-4.31445408,-0.01327906,-0.00731720,-0.00976801,0.31265762,
16630,0.43126965,-0.35457253,10.05629826,6.00000000,0.02416992,-0.05478515,-0.02782153,-0.01101403,-0.03027227,0.13531746,0.01150183,0.00668689,0.02231105,-0.02373389,0.01184395,4.28478336,-4.30747271,-0.01101418,-0.00741509,-0.00976801,0.31067073,
16638,0.09847563,0.46903285,9.83363724,6.00000000,0.04189453,-0.05639648,0.06131017,-0.01567712,-0.00429217,0.13531746,0.01150183,0.02314685,0.02366374,-0.02121699,0.01184395,4.29001951,-4.36855936,-0.01567678,-0.00750983,-0.00976801,0.31273690,
16646,-0.09066631,-0.24204506,10.06587505,6.00000000,0.04189453,-0.03383789,-0.01276640,-0.00435247,0.01449343,0.13523810,0.01150183,0.00308642,0.02353481,-0.02578910,0.01187540,4.38252163,-4.39299345,-0.00435213,-0.00755920,-0.00732601,0.31779689,
16654,0.73293906,0.01652873,9.91025162,6.00000000,0.03222656,-0.04028320,-0.01876181,-0.00728355,0.01662513,0.13523810,0.01150183,-0.03960634,0.01734168,-0.02968869,0.01188538,4.45757103,-4.32318068,-0.00728355,-0.00801044,-0.00732601,0.31777421,
16662,0.31634799,-0.39048555,9.89349270,6.00000000,0.02255859,-0.04995117,-0.00170821,-0.01114726,0.03634335,0.13523810,0.01150183,0.02777629,0.02386998,-0.02032854,0.01188968,4.27780199,-4.37204981,-0.01114781,-0.00826615,-0.00976801,0.31274888,
16670,-0.01884026,0.40438941,9.87912750,6.00000000,0.02900391,-0.04995117,0.04159194,-0.00075522,0.01755775,0.13523810,0.01150183,0.04012131,0.02738999,-0.02090261,0.01189152,4.27082062,-4.40695620,-0.00075512,-0.00825907,-0.00976801,0.31451467,
16678,0.15833066,-0.89087373,9.73786926,6.00000000,0.05317383,-0.04672851,0.02027495,-0.01314573,0.04047352,0.13523810,0.01150183,0.06172517,0.02783561,-0.01628740,0.01189232,4.24987650,-4.45931625,-0.01314591,-0.00828553,-0.00976801,0.31475517,
16686,-0.09066631,0.45706183,10.19276714,6.00000000,0.04995117,-0.02900391,0.00548628,-0.00075522,0.03474458,0.13523810,0.01150183,0.02160376,0.02497456,-0.02285828,0.01189266,4.28478336,-4.35808706,-0.00075524,-0.00827405,-0.00976801,0.31324929,
16693,0.26128134,-0.65384775,10.22628593,5.00000000,0.02739258,-0.03706055,-0.00517223,-0.00648417,0.02142146,0.13523810,0.01150183,-0.00411507,0.02053348,-0.02450625,0.01189281,4.30398226,-4.29001951,-0.00648437,-0.00832643,-0.00976801,0.31106243,
16702,0.41451025,0.31580395,9.75223446,6.00000000,0.02739258,-0.04995117,0.00775120,-0.01421158,0.01769098,0.13531746,0.01150183,0.01748880,0.02140712,-0.02030636,0.01186143,4.25860357,-4.31794453,-0.01421137,-0.00847722,-0.00976801,0.30986953,
16710,-0.23671262,-0.46710002,9.87912750,6.00000000,0.04028320,-0.05478515,0.02840205,-0.00035553,0.00516724,0.13531746,0.01150183,0.05143718,0.02811968,-0.01896275,0.01185147,4.21147966,-4.38601255,-0.00035523,-0.00844681,-0.00976801,0.31163329,
16718,-0.04757068,-0.19176681,10.13770103,6.00000000,0.04672851,-0.03383789,0.00308811,0.01256790,0.02541839,0.13523810,0.01150183,0.01183077,0.02557730,-0.02572783,0.01187863,4.28303766,-4.32318068,0.01256750,-0.00832924,-0.00732601,0.31288657,
16726,0.31874219,0.02849974,9.92701149,6.00000000,0.03222656,-0.03867187,0.00934999,0.00257556,0.01995591,0.13523810,0.01150183,0.00977310,0.02351715,-0.02418448,0.01188677,4.29001951,-4.32318068,0.00257574,-0.00835002,-0.00732601,0.31241527,
16734,0.45760587,-0.02656690,9.79772377,6.00000000,0.03061523,-0.04189453,0.00255518,0.00470726,0.00809833,0.13523810,0.01150183,0.03754932,0.02624225,-0.02035134,0.01189027,4.19402647,-4.32143545,0.00470756,-0.00861518,-0.00732601,0.30902678,
16742,-0.14812715,-0.03374951,9.89349270,6.00000000,0.04511719,-0.04995117,0.00921676,0.02549133,0.01049649,0.13523810,0.01150183,0.03497763,0.02966810,-0.02431973,0.01189178,4.18879032,-4.30747271,0.02549119,-0.00856935,-0.00732601,0.30983761,
16750,-0.10503152,0.05244175,10.28374672,6.00000000,0.05156250,-0.05478515,-0.00703745,0.00830450,0.00609986,0.13531746,0.01150183,0.01543128,0.02548725,-0.02480088,0.01186098,4.26558447,-4.31794453,0.00830439,-0.00834422,-0.00976801,0.31175500,
16758,0.32831898,-0.01699010,9.87912750,6.00000000,0.03867187,-0.03383789,0.03173283,-0.00821617,-0.00149432,0.13531746,0.01150183,0.02057495,0.02225231,-0.02040448,0.01185127,4.19577122,-4.26558447,-0.00821642,-0.00844243,-0.00976801,0.30612847,
16765,0.39775082,0.22721848,9.82884884,5.00000000,0.03383789,-0.03544922,0.03399777,0.01296760,-0.02054639,0.13531746,0.01150183,0.03960695,0.02740803,-0.02100619,0.01184710,4.10501432,-4.23940468,0.01296701,-0.00863618,-0.00976801,0.30342528,
16774,0.02904378,0.02849974,9.89828110,6.00000000,0.04833984,-0.04672851,-0.00024267,0.02309317,-0.02254485,0.13531746,0.01150183,-0.00102881,0.02445955,-0.02761582,0.01184531,4.15737438,-4.15388346,0.02309306,-0.00849001,-0.00976801,0.30295736,
16782,-0.24628942,0.34932277,9.83363724,6.00000000,0.04672851,-0.05800781,0.00415397,0.01869654,-0.01321867,0.13531746,0.01150183,-0.02160350,0.02287339,-0.03089575,0.01184454,4.31096315,-4.23765945,0.01869651,-0.00830527,-0.00976801,0.31124306,
16790,0.28043497,0.09793159,9.82884884,6.00000000,0.03222656,-0.04672851,-0.00037590,-0.01261280,-0.00575772,0.13531746,0.01150183,0.01646014,0.02143339,-0.02056612,0.01184420,4.20973396,-4.26558447,-0.01261283,-0.00817324,-0.00976801,0.30631587,
16798,0.56295073,0.18651704,9.89349270,6.00000000,0.02739258,-0.03383789,0.02507126,-0.00395277,-0.01468421,0.13531746,0.01150183,0.00874469,0.02116715,-0.02210009,0.01184405,4.18704462,-4.21671581,-0.00395246,-0.00853985,-0.00976801,0.30434975,
16806,0.07453360,-0.17740162,9.89109802,6.00000000,0.03867187,-0.04672851,-0.02768830,0.02229378,-0.01388482,0.13531746,0.01150183,0.00720114,0.02611819,-0.02733490,0.01184399,4.22369671,-4.24813128,0.02229345,-0.00856788,-0.00976801,0.30872008,
16814,-0.21995321,0.39481258,10.04193306,6.00000000,0.04672851,-0.05800781,0.00415397,0.02615749,-0.00775619,0.13531746,0.01150183,0.01440255,0.02818549,-0.02768733,0.01184397,4.23067808,-4.27954721,0.02615736,-0.00836111,-0.00976801,0.31039211,
16822,0.35465521,-0.00501909,9.91743469,6.00000000,0.04028320,-0.04511719,-0.01196701,-0.00435247,-0.00682357,0.13531746,0.01725275,0.02057500,0.02245915,-0.02195323,0.01184395,4.18180895,-4.25162220,-0.00435220,-0.00820138,-0.00976801,0.30539635,
16830,0.69223768,0.21285327,10.14248943,6.00000000,0.02900391,-0.03222656,-0.02209259,-0.02113960,-0.02441009,0.13531746,0.01725275,0.00771562,0.01687533,-0.01945998,0.01184395,4.14341164,-4.16959143,-0.02113878,-0.00842066,-0.00976801,0.29981381,
16837,0.29240596,0.16257504,9.48408413,5.00000000,0.03706055,-0.04511719,-0.02595630,0.03175320,-0.01188635,0.13531746,0.01725275,-0.00154286,0.02565347,-0.03026281,0.01184395,4.19926214,-4.19402647,0.03175265,-0.00857744,-0.00976801,0.30655876,
16846,-0.45219076,0.29665032,9.82406044,6.00000000,0.04511719,-0.05961914,-0.01036825,0.02082824,-0.02307778,0.13531746,0.01725275,-0.00308632,0.02453413,-0.02953208,0.01184395,4.21846056,-4.20798874,0.02082810,-0.00796376,-0.00976801,0.30696884,
16854,0.40732765,0.03328814,9.34522057,6.00000000,0.03222656,-0.04995117,0.00535304,0.01230144,-0.02001346,0.13531746,0.01725275,-0.00257189,0.02269459,-0.02759830,0.01184395,4.19402647,-4.18529940,0.01230149,-0.00801663,-0.00976801,0.30464244,
16862,0.77364051,0.13863301,10.11854744,6.00000000,0.02900391,-0.04350586,-0.00370668,-0.00195430,-0.01508390,0.13531746,0.01150183,0.00360066,0.02161126,-0.02374689,0.01184395,4.21322489,-4.22544241,-0.00195432,-0.00819280,-0.00976801,0.30576003,
16870,0.34507841,-0.19655523,9.80011845,6.00000000,0.04028320,-0.05800781,-0.03408340,0.01709777,-0.00615741,0.13531746,0.01150183,-0.00205755,0.02387055,-0.02728529,0.01184395,4.19228077,-4.18529940,0.01709732,-0.00832241,-0.00976801,0.30492684,
16878,-0.16488656,0.14581563,9.78096485,6.00000000,0.04189453,-0.05317383,-0.04154436,0.00350818,0.01182881,0.13531746,0.01725275,-0.00462931,0.02156502,-0.02698133,0.01184395,4.26209402,-4.24638605,0.00350793,-0.00804609,-0.00976801,0.30868673,
16886,0.32353058,0.00695192,9.90546322,6.00000000,0.02900391,-0.04350586,-0.05047085,0.00777158,-0.00322632,0.13531746,0.01725275,0.00720130,0.02349444,-0.02610632,0.01184395,4.22893286,-4.25336742,0.00777157,-0.00811184,-0.00976801,0.30804682,
16894,0.52464354,0.28467932,9.72350407,6.00000000,0.02900391,-0.04350586,-0.03368371,0.00577311,-0.01268574,0.13531746,0.01150183,0.01954630,0.02436529,-0.02271382,0.01184395,4.13992071,-4.20624352,0.00577308,-0.00819012,-0.00976801,0.30296698,
16902,0.05059159,-0.24683346,9.91982841,6.00000000,0.04672851,-0.05478515,-0.02289199,0.04441017,-0.02267809,0.13531746,0.01150183,0.00874436,0.03007929,-0.03085788,0.01184395,4.14864779,-4.17831802,0.04441047,-0.00813724,-0.00976801,0.30507225,
16909,-0.02362866,0.16975763,10.12333584,5.00000000,0.05156250,-0.06445312,-0.03848004,0.01936270,-0.02654179,0.13531746,0.01150183,-0.00051434,0.02470723,-0.02774256,0.01184395,4.14166641,-4.13992071,0.01936288,-0.00774735,-0.00976801,0.30161136,
16918,-0.20319378,0.17933445,10.15924835,6.00000000,0.03061523,-0.04350586,-0.00330699,0.02562457,-0.03120489,0.13531746,0.01150183,-0.00051403,0.02717384,-0.03018464,0.01184395,4.21846056,-4.21671581,0.02562381,-0.00743924,-0.00976801,0.30763286,
16926,0.95081145,0.17454603,9.67562008,6.00000000,0.04028320,-0.04672851,-0.02249230,-0.01501096,-0.04066431,0.13531746,0.01150183,0.00051452,0.01846623,-0.02136190,0.01184395,4.10850477,-4.11025047,-0.01501090,-0.00756255,-0.00976801,0.29684159,
16934,0.29240596,-0.30429429,9.87912750,6.00000000,0.04028320,-0.05156250,-0.04647391,0.03495075,-0.03293689,0.13531746,0.01725275,-0.03652051,0.02288237,-0.03572628,0.01184395,4.23242331,-4.10850477,0.03495090,-0.00779845,-0.00976801,0.30489257,
16942,-0.33008647,-0.04093211,10.22389221,6.00000000,0.03867187,-0.06928711,-0.04460866,0.03628306,-0.01908084,0.13531746,0.01725275,-0.03446308,0.02438517,-0.03673279,0.01184395,4.26558447,-4.14864779,0.03628285,-0.00737661,-0.00976801,0.30764642,
16950,0.19424370,-0.14867119,9.69237900,6.00000000,0.03222656,-0.05478515,-0.03208493,0.00883743,-0.02627533,0.13531746,0.01150183,0.02108922,0.02773742,-0.02569514,0.01184395,4.23067808,-4.30223656,0.00883747,-0.00708635,-0.00976801,0.30995885,
16958,0.45042327,-0.18937261,9.78575325,6.00000000,0.03867187,-0.04350586,-0.02395783,-0.01154695,-0.01455098,0.13531746,0.01150183,0.00462937,0.02165628,-0.02356363,0.01184395,4.23591423,-4.25162220,-0.01154729,-0.00720219,-0.00976801,0.30683601,
16966,0.10086983,-0.40006238,9.97010708,6.00000000,0.04350586,-0.05478515,-0.04927175,0.00830450,-0.00429217,0.13531746,0.01150183,-0.01131617,0.02266304,-0.02827508,0.01184395,4.21497011,-4.17657280,0.00830445,-0.00731611,-0.00976801,0.30479547,
16974,-0.42585453,0.05723016,10.06108665,6.00000000,0.03706055,-0.05800781,-0.04913854,0.01429991,-0.00295986,0.13531746,0.01150183,0.01388786,0.02768817,-0.02733008,0.01184395,4.23591423,-4.28303766,0.01429993,-0.00716526,-0.00976801,0.30984879,
16981,0.46718270,-0.04572052,9.85997391,5.00000000,0.03706055,-0.03867187,-0.03115232,-0.02007375,-0.01055404,0.13531746,0.01150183,0.00823003,0.01998319,-0.02106876,0.01184395,4.19577122,-4.22369671,-0.02007354,-0.00730953,-0.00976801,0.30375034,
16990,0.76406372,-0.13191178,9.61815929,6.00000000,0.02900391,-0.02900391,-0.02062704,-0.00794971,-0.00815588,0.13531746,0.01150183,0.01183057,0.02136636,-0.02157274,0.01184395,4.14341164,-4.18355417,-0.00794964,-0.00781637,-0.00976801,0.30127615,
16998,0.19424370,0.14102721,10.10418224,6.00000000,0.04028320,-0.05317383,-0.03501602,0.02695688,-0.01628298,0.13531746,0.01150183,-0.03189124,0.02226662,-0.03268686,0.01184395,4.20449829,-4.09628773,0.02695696,-0.00790870,-0.00976801,0.30285785,
17006,-0.19840539,-0.17979582,9.97968388,6.00000000,0.04672851,-0.06606445,-0.03674803,0.04827388,-0.00882204,0.13531746,0.01150183,0.01491688,0.03287110,-0.03217230,0.01184395,4.18879032,-4.23940468,0.04827388,-0.00758729,-0.00976801,0.30902189,
17014,-0.19361699,0.15299822,9.89349270,6.00000000,0.04189453,-0.05156250,-0.01050148,0.00430756,-0.01535037,0.13531746,0.01150183,0.01903177,0.02630029,-0.02475641,0.01184395,4.19053555,-4.25511265,0.00430784,-0.00698608,-0.00976801,0.30646703,
17022,1.05376208,-0.45512900,9.44817066,6.00000000,0.03544922,-0.03867187,-0.04820592,-0.01088079,0.01715806,0.13531746,0.01150183,-0.02674758,0.01758710,-0.02689727,0.01184395,4.23591423,-4.14515686,-0.01088001,-0.00710155,-0.00976801,0.30302501,
17030,-0.19601119,-0.01699010,10.48964882,6.00000000,0.03706055,-0.05800781,-0.04101143,0.02775626,-0.00096139,0.13531746,0.01150183,-0.00925852,0.02740075,-0.03246506,0.01184395,4.27954721,-4.24813128,0.02775603,-0.00720129,-0.00976801,0.31114066,
17038,-0.35402849,0.00216352,10.05390358,6.00000000,0.04833984,-0.06928711,-0.04127788,0.00244233,-0.01135343,0.13531746,0.01150183,0.02263261,0.02685147,-0.02446079,0.01184395,4.20449829,-4.28129292,0.00244264,-0.00682113,-0.00976801,0.30778703,
17046,0.17269588,0.29665032,9.89828110,6.00000000,0.03383789,-0.04028320,0.03439745,-0.00315338,0.00250262,0.13531746,0.01150183,0.03034816,0.02701546,-0.02282075,0.01184395,4.21497011,-4.31794453,-0.00315324,-0.00682495,-0.00976801,0.30908954,
17053,0.65632463,-0.22528565,9.50563145,5.00000000,0.03706055,-0.03867187,-0.08071434,-0.02433715,-0.00882204,0.13531746,0.01150183,0.01440253,0.01938676,-0.01902523,0.01184395,4.10675955,-4.15562916,-0.02433682,-0.00704650,-0.00976801,0.29774719,
17062,0.19184949,0.39481258,9.92701149,6.00000000,0.04189453,-0.04833984,0.02014171,0.03548368,-0.01268574,0.13531746,0.01150183,-0.03137650,0.02512084,-0.03538368,0.01184395,4.23416901,-4.12770367,0.03548419,-0.00727477,-0.00976801,0.30569050,
17070,-0.60302550,-0.51019567,10.44655323,6.00000000,0.04672851,-0.06606445,-0.04540806,0.03068735,-0.01161989,0.13531746,0.01150183,0.01851765,0.03122647,-0.02971683,0.01184395,4.15737438,-4.22020626,0.03068715,-0.00656674,-0.00976801,0.30591211,
17078,0.30198276,0.38284159,9.40507507,6.00000000,0.03706055,-0.05317383,0.00575273,-0.02207222,-0.03600121,0.13531746,0.01150183,-0.01491682,0.01799400,-0.02453672,0.01184395,4.23067808,-4.18006372,-0.02207206,-0.00647762,-0.00976801,0.30328918,
17086,0.59646958,-0.57723331,9.59182262,6.00000000,0.02255859,-0.03706055,-0.09030699,-0.00421923,0.01702483,0.13531746,0.01150183,-0.02520412,0.02020175,-0.02912318,0.01184395,4.31096315,-4.22544241,-0.00421961,-0.00687743,-0.00976801,0.30913880,
17094,0.24931033,0.38523579,10.30529499,6.00000000,0.04189453,-0.06284180,-0.02235905,0.00350818,-0.01948054,0.13531746,0.01150183,-0.03754955,0.02008083,-0.03189252,0.01184395,4.32667112,-4.19926214,0.00350870,-0.00688199,-0.00976801,0.30931944,
17102,-0.24868362,-0.39527395,10.05390358,6.00000000,0.03383789,-0.06445312,-0.06739121,0.00590634,-0.00549125,0.13531746,0.01150183,0.03034833,0.02925601,-0.02503300,0.01184395,4.26558447,-4.36855936,0.00590596,-0.00682425,-0.00976801,0.31341591,
17110,-0.03559967,0.05723016,9.81687832,6.00000000,0.04189453,-0.04833984,0.01134845,-0.04632031,-0.00935496,0.13531746,0.01150183,0.00205750,0.01661616,-0.01922937,0.01184395,4.31619930,-4.32318068,-0.04631995,-0.00669880,-0.00976801,0.30981931,
17118,0.90771580,-0.52934927,9.67322540,6.00000000,0.01772461,-0.02900391,-0.06872352,-0.04099105,0.02062207,0.13531746,0.01150183,-0.02520416,0.01312678,-0.02216744,0.01184395,4.32841635,-4.24289560,-0.04099156,-0.00729932,-0.00976801,0.30773818,
17125,0.23494512,0.37805319,9.97250080,5.00000000,0.03061523,-0.04995117,-0.03728095,-0.00048876,0.01209527,0.13531746,0.01150183,-0.00102869,0.02209570,-0.02531306,0.01184395,4.23591423,-4.23242331,-0.00048880,-0.00776901,-0.00976801,0.30694181,
17134,-0.46416178,-0.26359287,9.97968388,6.00000000,0.04189453,-0.05317383,-0.01090118,0.00763835,-0.00735649,0.13531746,0.01150183,0.02726166,0.02710900,-0.02361992,0.01184395,4.20449829,-4.29700041,0.00763820,-0.00748940,-0.00732601,0.30873311,
17142,0.29480016,-0.04332631,10.09221077,6.00000000,0.03706055,-0.04350586,-0.00224113,0.00590634,0.00436786,0.13531746,0.01150183,0.01646007,0.02549365,-0.02455997,0.01184395,4.22544241,-4.28129292,0.00590631,-0.00752807,-0.00732601,0.30879733,
17150,0.44802907,-0.26359287,10.48725414,6.00000000,0.03222656,-0.03706055,-0.00823655,-0.01034787,0.00210293,0.13531746,0.01150183,-0.01440245,0.01798404,-0.02438676,0.01184395,4.21147966,-4.16261005,-0.01034756,-0.00762072,-0.00732601,0.30281058,
17158,0.62280577,-0.08402774,9.62534142,6.00000000,0.03544922,-0.04833984,-0.05739888,-0.03419626,0.00783187,0.13531746,0.01150183,-0.00977289,0.01262693,-0.01801791,0.01184395,4.12595844,-4.09279728,-0.03419635,-0.00809202,-0.00732601,0.29545063,
17166,-0.48092118,0.07877797,9.41465187,6.00000000,0.02578125,-0.04995117,-0.04793944,-0.00168784,-0.01601652,0.13531746,0.01150183,0.01028772,0.02188982,-0.02244434,0.01184395,4.16784620,-4.20275307,-0.00168833,-0.00802738,-0.00732601,0.30331182,
17174,-0.22953001,-0.05769153,9.69716740,6.00000000,0.02900391,-0.03867187,-0.05513395,0.01909623,0.01449343,0.13531746,0.01150183,-0.00823005,0.02423183,-0.02909215,0.01184395,4.25860357,-4.23067808,0.01909622,-0.00798705,-0.00732601,0.30912095,
17182,0.41929865,0.10990259,9.53196812,6.00000000,0.02900391,-0.04350586,-0.05713242,0.03401813,0.00223616,0.13531746,0.01150183,-0.01028723,0.02577681,-0.03107731,0.01184395,4.18180895,-4.14690256,0.03401782,-0.00797871,-0.00732601,0.30438209,
17190,0.81913036,-0.15824799,10.06348038,6.00000000,0.04350586,-0.06123047,-0.05313548,0.03988031,-0.01241928,0.13531746,0.01150183,-0.00000010,0.02829469,-0.03115126,0.01184395,4.20449829,-4.20449829,0.03988009,-0.00814612,-0.00732601,0.30771744,
17197,-0.03320547,0.44509083,10.48964882,5.00000000,0.04995117,-0.06445312,0.01574508,0.01896300,-0.01281897,0.13531746,0.01150183,0.02263246,0.02837191,-0.02594485,0.01184395,4.22544241,-4.30223656,0.01896277,-0.00777808,-0.00732601,0.31050313,
17206,-0.33966330,-0.05050892,10.83441353,6.00000000,0.04189453,-0.04833984,-0.01343257,-0.01554389,-0.02187870,0.13531746,0.01150183,0.01851746,0.02181526,-0.02046050,0.01184395,4.20798874,-4.27082062,-0.01554440,-0.00742491,-0.00732601,0.30622989,
17214,0.61801738,-0.20613202,9.75223446,6.00000000,0.02739258,-0.03222656,-0.06086289,-0.07629734,-0.00056170,0.13531746,0.01150183,-0.04629378,0.00116402,-0.01530283,0.01184395,4.22020626,-4.06312656,-0.07629807,-0.00799432,-0.00732601,0.29473919,
17222,0.20142630,-0.05050892,9.33803749,6.00000000,0.00644531,-0.03706055,-0.05273578,-0.02020698,0.00117031,0.13531746,0.01150183,-0.08024247,0.00654005,-0.02852974,0.01184395,4.25860357,-3.98633194,-0.02020727,-0.00869952,-0.00976801,0.29741386,
17230,-0.19601119,0.03807654,8.98130131,6.00000000,0.02255859,-0.05639648,-0.01156733,0.03268582,-0.01828146,0.13531746,0.01150183,-0.00411505,0.02547471,-0.02933465,0.01184395,4.16959143,-4.15562916,0.03268567,-0.00881133,-0.00976801,0.30415893,
17238,0.12481184,0.27749673,9.08904076,6.00000000,0.03222656,-0.04833984,0.05198398,0.05386959,-0.02920642,0.13523810,0.01150183,-0.00823008,0.02831270,-0.03307605,0.01187540,4.13817596,-4.11025047,0.05386989,-0.00855809,-0.00732601,0.30291098,
17246,0.78561151,-1.50618351,10.52556133,6.00000000,0.02739258,-0.05317383,-0.09323808,0.07958322,0.01302789,0.13523810,0.01150183,-0.03857798,0.03026118,-0.04210439,0.01188538,4.23242331,-4.10152388,0.07958183,-0.00829043,-0.00732601,0.30787534,
17254,0.68984342,0.48339805,10.84159660,6.00000000,0.05317383,-0.08378907,-0.03301755,0.01150205,-0.00815588,0.13523810,0.01150183,-0.04732221,0.01688555,-0.03099589,0.01188968,4.19926214,-4.03869200,0.01150170,-0.00785531,-0.00732601,0.29945964,
17262,-0.21277060,-0.99382436,10.43218803,6.00000000,0.03383789,-0.06928711,-0.05699917,0.01070267,0.00583340,0.13523810,0.01150183,0.01748871,0.02594838,-0.02476007,0.01189152,4.19926214,-4.25860357,0.01070258,-0.00766575,-0.00732601,0.30737352,
17269,0.08411042,0.50255167,9.52717972,5.00000000,0.03544922,-0.03544922,0.05198398,-0.04552092,-0.00162755,0.13523810,0.01150183,0.00360075,0.01335080,-0.01561263,0.01189232,4.15039301,-4.16261005,-0.04552031,-0.00758159,-0.00732601,0.29804614,
17278,0.16790748,-0.91242152,8.96214771,6.00000000,0.01289062,-0.02578125,-0.04687359,0.00870420,-0.01548360,0.13523810,0.01150183,-0.01646005,0.02000630,-0.02684288,0.01189266,4.12944889,-4.07359838,0.00870301,-0.00800139,-0.00976801,0.29799139,
17286,0.06256260,0.02371133,9.95095348,6.00000000,0.03544922,-0.06123047,-0.03141878,0.05720037,-0.00908850,0.13523810,0.01150183,-0.02160371,0.02859515,-0.03649537,0.01189281,4.16086483,-4.08756113,0.05719988,-0.00792168,-0.00976801,0.30315244,
17294,0.16311908,-0.11754657,9.35000896,6.00000000,0.04995117,-0.06928711,-0.04727330,0.06759241,-0.02520948,0.13531746,0.01150183,0.00565817,0.03434500,-0.03577205,0.01186143,4.11723137,-4.13643026,0.06759284,-0.00751724,-0.00976801,0.30409572,
17302,0.17269588,-0.00262489,9.86955070,6.00000000,0.04833984,-0.05478515,-0.00823655,0.03135351,-0.01748207,0.13531746,0.01150183,-0.03189103,0.02505497,-0.03544816,0.01185147,4.27082062,-4.16261005,0.03135325,-0.00703204,-0.00976801,0.30798495,
17310,1.55175602,-0.33541891,9.87433910,6.00000000,0.03061523,-0.06284180,-0.01982767,-0.02153929,-0.01841469,0.13531746,0.01150183,-0.02674745,0.01508373,-0.02443369,0.01184718,4.24464083,-4.15388346,-0.02153882,-0.00757548,-0.00976801,0.30288494,
17318,0.28522336,-0.03135531,10.59978199,6.00000000,0.03383789,-0.06123047,-0.01063471,-0.01367866,-0.01481744,0.13531746,0.01150183,0.01697421,0.02197403,-0.02098284,0.01184534,4.22020626,-4.27780199,-0.01367829,-0.00778452,-0.00976801,0.30706108,
17326,-0.27262563,0.43551403,9.91025162,6.00000000,0.03383789,-0.04189453,0.01214783,-0.02633562,0.03301257,0.13531746,0.01150183,-0.01234483,0.01606150,-0.02202985,0.01184455,4.26034880,-4.21846056,-0.02633639,-0.00780802,-0.00976801,0.30544743,
17334,0.01228436,-0.25401607,9.12734795,6.00000000,0.02578125,-0.03061523,-0.07218754,0.00111002,0.02501870,0.13531746,0.01150183,-0.00360064,0.02174717,-0.02556975,0.01184421,4.23591423,-4.22369671,0.00110995,-0.00797242,-0.00976801,0.30674133,
17341,0.73533326,0.05962436,9.10340595,5.00000000,0.02094727,-0.04511719,-0.01623043,0.01336729,0.01316112,0.13531746,0.01150183,-0.00051454,0.02394093,-0.02700046,0.01184406,4.22020626,-4.21846056,0.01336714,-0.00817211,-0.00976801,0.30687079,
17350,0.85025495,-0.22289145,9.77138805,6.00000000,0.04189453,-0.06284180,0.01854293,0.05386959,0.02581809,0.13523810,0.01150183,0.08229968,0.04040948,-0.02380048,0.01187544,4.04043722,-4.31968975,0.05386918,-0.00830791,-0.00976801,0.30696011,
17358,-0.17685758,0.24637209,10.74822235,6.00000000,0.06445312,-0.04672851,0.02160725,0.01416668,0.00290231,0.13523810,0.01150183,0.03600664,0.02868827,-0.02312062,0.01188540,4.14515686,-4.26733017,0.01416587,-0.00782051,-0.00976801,0.30597967,
17366,0.33550158,-0.25401607,9.91982841,6.00000000,0.04350586,-0.03222656,-0.01529781,-0.02513654,0.03061441,0.13523810,0.01150183,-0.02931923,0.01397563,-0.02394762,0.01188968,4.26907539,-4.16959143,-0.02513587,-0.00781276,-0.00976801,0.30407932,
17374,0.43605807,0.13623881,9.75941658,6.00000000,0.01450195,-0.04189453,-0.10309721,-0.01594359,-0.00495833,0.13523810,0.01150183,-0.00822992,0.01700748,-0.02198118,0.01189153,4.19577122,-4.16784620,-0.01594355,-0.00830845,-0.00976801,0.30202520,
17382,0.57731599,-0.13191178,9.57027531,6.00000000,0.03544922,-0.05156250,-0.02702215,0.02082824,0.01316112,0.13523810,0.01150183,-0.00720095,0.02386682,-0.02848696,0.01189232,4.21846056,-4.19402647,0.02082773,-0.00847660,-0.00976801,0.30646268,
17390,-0.13855034,0.32538074,9.16326046,6.00000000,0.03867187,-0.05961914,0.01774355,0.03908092,0.01902329,0.13523810,0.01150183,-0.00360020,0.02785150,-0.03156175,0.01189266,4.20100737,-4.18879032,0.03908120,-0.00821005,-0.00976801,0.30696353,
17398,-0.16249236,-0.39766815,9.99644279,6.00000000,0.04028320,-0.04833984,-0.03794713,0.01896300,0.00383493,0.13523810,0.01150183,0.01234503,0.02785639,-0.02785805,0.01189281,4.27780199,-4.31968975,0.01896250,-0.00780460,-0.00976801,0.31303388,
17406,1.29318225,-0.51019567,10.10897064,6.00000000,0.03061523,-0.05156250,-0.01756274,-0.00581801,0.04367107,0.13523810,0.01150183,0.01131633,0.02190287,-0.02222336,0.01189287,4.15737438,-4.19577122,-0.00581709,-0.00773103,-0.00976801,0.30237976,
17413,-0.35642269,0.14820983,10.54710960,5.00000000,0.04189453,-0.05156250,-0.05087055,0.04201201,0.02142146,0.13523810,0.01150183,0.02057518,0.03180354,-0.02979314,0.01189290,4.16435575,-4.23416901,0.04201183,-0.00784430,-0.00976801,0.30749238,
17422,-0.39472991,-0.14627698,10.06108665,6.00000000,0.05317383,-0.05639648,-0.00677101,0.03375167,0.03594366,0.13523810,0.01150183,0.00411490,0.02877523,-0.03066879,0.01189291,4.20798874,-4.22195148,0.03375133,-0.00739303,-0.00732601,0.30803230,
17430,-0.18164597,0.17933445,9.54872704,6.00000000,0.04672851,-0.04350586,0.00482012,0.01723100,0.02182115,0.13523810,0.01150183,0.05143741,0.03138219,-0.02215242,0.01189292,4.09105158,-4.26558447,0.01723060,-0.00707350,-0.00732601,0.30417728,
17438,0.48633629,-0.54850286,9.84321404,6.00000000,0.03383789,-0.03867187,0.03599623,0.00444080,-0.00042847,0.13531746,0.01150183,0.03291994,0.02647581,-0.02165944,0.01186147,4.11548662,-4.22718716,0.00444026,-0.00732314,-0.00732601,0.30274382,
17446,0.07213940,-0.32344791,9.96531868,6.00000000,0.04995117,-0.04833984,-0.02115998,0.03268582,0.04487016,0.13531746,0.01150183,0.00874430,0.02891240,-0.02971464,0.01185149,4.16435575,-4.19402647,0.03268557,-0.00728728,-0.00732601,0.30536103,
17454,-0.51204580,-0.03374951,10.01320267,6.00000000,0.04995117,-0.06123047,-0.04407575,0.02935504,0.02262054,0.13531746,0.01150183,0.01645996,0.03115172,-0.03013763,0.01184719,4.28129292,-4.33714342,0.02935474,-0.00699517,-0.00732601,0.31454653,
17462,0.38338563,-0.10078716,9.67083168,6.00000000,0.04511719,-0.05156250,-0.04993791,-0.01740913,0.03940767,0.13531746,0.01150183,0.00874454,0.02131904,-0.02226780,0.01184535,4.23940468,-4.26907539,-0.01740946,-0.00683266,-0.00732601,0.30717018,
17470,0.75688112,-0.43836960,9.87194443,6.00000000,0.02416992,-0.03383789,0.01441277,-0.01594359,0.05432957,0.13531746,0.01150183,0.02160393,0.02268556,-0.02060578,0.01184455,4.24114990,-4.31445408,-0.01594351,-0.00761353,-0.00976801,0.30898473,
17478,0.23494512,0.48818645,10.43697643,6.00000000,0.04028320,-0.05156250,-0.01876181,0.01203498,0.02168792,0.13531746,0.01150183,0.04372191,0.03003443,-0.02265197,0.01184421,4.20449829,-4.35285091,0.01203481,-0.00787596,-0.00976801,0.31107643,
17485,-0.04517648,-0.43597540,9.83603191,5.00000000,0.05317383,-0.04995117,-0.00090881,0.01310083,0.06032498,0.13531746,0.01150183,0.05915321,0.03201662,-0.02098656,0.01184406,4.15737438,-4.35808706,0.01310107,-0.00772655,-0.00976801,0.30963531,
17494,0.06735100,0.42114881,9.63252449,6.00000000,0.04511719,-0.03867187,-0.02302521,0.00217587,0.04247199,0.13531746,0.01150183,0.02777658,0.02661951,-0.02302724,0.01184400,4.22369671,-4.31794453,0.00217554,-0.00762160,-0.00976801,0.30979219,
17502,0.56534493,-0.61793470,9.38352776,6.00000000,0.03383789,-0.03706055,-0.03168524,0.01150205,0.04940002,0.13531746,0.01150183,0.04320773,0.02897832,-0.02171857,0.01184397,4.12072229,-4.26733017,0.01150222,-0.00781124,-0.00976801,0.30490077,
17510,0.58689278,0.27031410,10.26938152,6.00000000,0.05156250,-0.04028320,0.00575273,0.02655718,0.03660981,0.13531746,0.01150183,0.02006084,0.02886140,-0.02702068,0.01184396,4.19926214,-4.26733017,0.02655762,-0.00794376,-0.00732601,0.30883938,
17518,0.04101478,-0.36893776,9.82406044,6.00000000,0.05156250,-0.06123047,-0.02235905,0.02295994,0.01715806,0.13531746,0.01150183,0.01800326,0.02790406,-0.02655681,0.01184395,4.16959143,-4.23067808,0.02296021,-0.00770896,-0.00732601,0.30617437,
17526,-0.54077625,0.59831977,10.48007202,6.00000000,0.03706055,-0.04511719,0.02920143,0.01656484,0.02115499,0.13531746,0.01150183,0.02880498,0.02971813,-0.02583417,0.01184395,4.24813128,-4.34587002,0.01656442,-0.00730152,-0.00732601,0.31273347,
17534,0.41211605,-0.42879277,9.59900570,6.00000000,0.03867187,-0.04350586,-0.03874650,-0.01261280,0.01182881,0.13531746,0.01150183,0.03292003,0.02451444,-0.01974891,0.01184395,4.20624352,-4.31794453,-0.01261250,-0.00728301,-0.00732601,0.30808741,
17542,0.37859723,0.33016914,9.87673283,6.00000000,0.04511719,-0.03706055,-0.02422430,0.00217587,0.02794979,0.13531746,0.01150183,-0.02108897,0.02093062,-0.02886888,0.01184395,4.28652859,-4.21497011,0.00217577,-0.00739105,-0.00976801,0.30833715,
17550,-0.18643437,-0.38330296,10.17840195,6.00000000,0.03706055,-0.05800781,-0.03275109,0.00350818,0.03794213,0.13531746,0.01150183,-0.00462948,0.02427927,-0.02832689,0.01184395,4.35110569,-4.33539772,0.00350812,-0.00733396,-0.00976801,0.31514010,
17557,0.13438866,0.16257504,9.68280220,5.00000000,0.03544922,-0.05800781,-0.00517223,-0.00168784,0.02888240,0.13531746,0.01150183,0.05452368,0.03046406,-0.02056551,0.01184395,4.26209402,-4.44709921,-0.00168791,-0.00733036,-0.00976801,0.31558588,
17566,0.44563487,-0.03614371,10.09221077,6.00000000,0.03222656,-0.02900391,0.02760265,-0.02713501,0.03114733,0.13531746,0.01150183,0.04320738,0.02437753,-0.01723053,0.01184395,4.29001951,-4.43662691,-0.02713505,-0.00748882,-0.00976801,0.31437364,
17574,0.59407538,-0.27795810,9.75941658,6.00000000,0.04350586,-0.02739258,-0.02262551,-0.00781648,0.04020706,0.13531746,0.01150183,0.01491704,0.02245591,-0.02193527,0.01184395,4.21846056,-4.26907539,-0.00781734,-0.00798647,-0.00976801,0.30710638,
17582,-0.55274725,-0.05050892,10.31008339,6.00000000,0.04350586,-0.04995117,-0.00810330,0.00510695,0.01982268,0.13531746,0.01725275,-0.00565832,0.02320468,-0.02885283,0.01184395,4.34587002,-4.32667112,0.00510716,-0.00767952,-0.00976801,0.31474990,
17590,-0.15530975,-0.49343625,9.69956207,6.00000000,0.03061523,-0.06445312,-0.00157498,-0.00834940,0.02834948,0.13531746,0.01725275,0.01800303,0.02403007,-0.02413131,0.01184395,4.31968975,-4.38077641,-0.00834958,-0.00745508,-0.00976801,0.31478655,
17598,0.16311908,0.06201856,10.13530636,6.00000000,0.03061523,-0.04350586,0.02120756,-0.02447039,0.02315346,0.13523810,0.01150183,0.03754949,0.02385605,-0.01803793,0.01187540,4.28303766,-4.41044712,-0.02447019,-0.00756484,-0.00976801,0.31336474,
17606,0.45042327,-0.63948256,10.40824604,6.00000000,0.03383789,-0.02900391,-0.02782153,-0.00581801,0.03141380,0.13523810,0.01150183,0.01697449,0.02452947,-0.02351528,0.01188538,4.33365250,-4.39124870,-0.00581742,-0.00789194,-0.00976801,0.31585592,
17614,0.22536832,-0.02896111,10.21192074,6.00000000,0.04833984,-0.04028320,-0.02475721,-0.00688386,0.04673539,0.13531746,0.01725275,-0.03549141,0.01638754,-0.02911902,0.01185823,4.33714342,-4.21671581,-0.00688419,-0.00796290,-0.00976801,0.30957821,
17622,-0.35881689,-0.66342455,9.87194443,6.00000000,0.03383789,-0.05961914,-0.01836211,0.00417433,0.03341227,0.13531746,0.01725275,0.03652058,0.02771714,-0.02341606,0.01185009,4.27605677,-4.39997530,0.00417472,-0.00790562,-0.00976801,0.31480876,
17629,0.12481184,-0.00262489,9.74744606,5.00000000,0.02739258,-0.05317383,-0.02329167,-0.02740147,0.01715806,0.13531746,0.01725275,0.07149807,0.02573623,-0.01327654,0.01184659,4.18355417,-4.42615509,-0.02740108,-0.00789737,-0.00976801,0.31011534,
17638,0.45760587,-0.36414933,9.55591011,6.00000000,0.03706055,-0.02255859,0.00122288,-0.00808294,0.04700185,0.13531746,0.01150183,0.01851780,0.02305064,-0.02168362,0.01184509,4.25511265,-4.31794453,-0.00808248,-0.00818754,-0.00976801,0.31018728,
17646,0.34986681,-0.11036396,9.87433910,6.00000000,0.04833984,-0.02739258,-0.04687359,0.02669042,0.01396051,0.13531746,0.01150183,0.01285954,0.02772992,-0.02759388,0.01184444,4.19577122,-4.23940468,0.02669030,-0.00831168,-0.00976801,0.30771014,
17654,0.33071318,-0.06487413,9.65886021,6.00000000,0.04995117,-0.06123047,-0.01836211,0.01776392,-0.02027992,0.13531746,0.01725275,0.01954635,0.02606545,-0.02573502,0.01184416,4.16261005,-4.22893286,0.01776367,-0.00823760,-0.00976801,0.30548128,
17662,-0.06193589,-0.40485078,10.54471493,6.00000000,0.02900391,-0.05639648,0.03373130,0.04161232,0.00490078,0.13531746,0.01725275,0.00668688,0.02989006,-0.03251763,0.01184404,4.24289560,-4.26558447,0.04161186,-0.00800648,-0.00976801,0.31144929,
17670,0.47675949,0.33016914,9.89109802,6.00000000,0.04350586,-0.05478515,-0.01742949,-0.00874910,0.00863126,0.13531746,0.01150183,-0.00257198,0.01967973,-0.02328813,0.01184399,4.18355417,-4.17482758,-0.00874864,-0.00783230,-0.00976801,0.30235705,
17678,0.53182614,-0.16543061,9.32127857,6.00000000,0.04189453,-0.03383789,-0.03994559,-0.00248723,-0.00189401,0.13531746,0.01150183,-0.01080177,0.01965091,-0.02518545,0.01184397,4.20449829,-4.16784620,-0.00248723,-0.00803048,-0.00976801,0.30331713,
17686,0.31155959,0.33256334,9.63970661,6.00000000,0.03222656,-0.05800781,-0.01143409,0.03161997,-0.00295986,0.13531746,0.01150183,-0.02520426,0.02354117,-0.03237246,0.01184395,4.22544241,-4.13992071,0.03162003,-0.00815792,-0.00732601,0.30553687,
17694,-0.05954169,-0.37851456,9.81687832,6.00000000,0.02900391,-0.06606445,-0.02249230,0.05773329,-0.01002112,0.13531746,0.01150183,0.00565789,0.03287147,-0.03433277,0.01184395,4.21322489,-4.23242331,0.05773344,-0.00782684,-0.00732601,0.31034040,
17701,0.44802907,0.41157201,9.45774746,5.00000000,0.04189453,-0.05156250,-0.04021204,0.01376698,-0.00882204,0.13531746,0.01150183,-0.00822984,0.02360554,-0.02847343,0.01184395,4.21497011,-4.18704462,0.01376665,-0.00737603,-0.00732601,0.30557111,
17710,0.66590142,-0.12472917,9.90785789,6.00000000,0.04833984,-0.04833984,-0.00104205,0.02375933,-0.00602418,0.13523810,0.01150183,-0.02674726,0.02287890,-0.03209182,0.01187540,4.25685787,-4.16610098,0.02375941,-0.00768990,-0.00732601,0.30705482,
17718,-0.05714749,0.31340975,10.44176483,6.00000000,0.04672851,-0.06928711,-0.02542337,0.03295228,-0.03453567,0.13523810,0.01150183,-0.00257177,0.02784833,-0.03132365,0.01188538,4.22893286,-4.22020626,0.03295211,-0.00747453,-0.00732601,0.30867031,
17726,0.01707277,-0.11754657,9.74265766,6.00000000,0.03061523,-0.06445312,0.02054141,0.00124325,-0.03080519,0.13523810,0.01150183,-0.00720116,0.02157369,-0.02623535,0.01188968,4.20798874,-4.18355417,0.00124361,-0.00720068,-0.00732601,0.30428359,
17734,0.29719436,-0.07205673,9.76181126,6.00000000,0.02900391,-0.04189453,-0.02822123,0.00830450,0.00303554,0.13523810,0.01150183,-0.03446294,0.01912939,-0.03020583,0.01189152,4.22369671,-4.10675955,0.00830449,-0.00730559,-0.00732601,0.30258107,
17742,0.56055653,-0.06487413,9.55112171,6.00000000,0.04028320,-0.05156250,-0.00370668,0.00444080,-0.01068727,0.13531746,0.01150183,-0.06378195,0.01440538,-0.03241358,0.01186088,4.22020626,-4.00378513,0.00444080,-0.00728507,-0.00732601,0.29844165,
17750,0.17030168,-0.28514069,9.69477367,6.00000000,0.02900391,-0.06606445,0.00375427,0.04667510,-0.01495067,0.13531746,0.01150183,-0.03189123,0.02690924,-0.03725976,0.01185123,4.25685787,-4.14864779,0.04667509,-0.00730189,-0.00732601,0.30808347,
17758,-0.11700253,-0.36893776,10.05390358,6.00000000,0.03061523,-0.07412110,0.02680327,0.04014677,-0.03067196,0.13531746,0.01150183,0.03292008,0.03418022,-0.02924622,0.01184708,4.15911961,-4.27082062,0.04014711,-0.00683728,-0.00732601,0.30849597,
17766,0.40732765,-0.39527395,9.85279083,6.00000000,0.04350586,-0.04833984,-0.02009412,0.02455872,0.00490078,0.13531746,0.01150183,0.00411500,0.02860300,-0.03051160,0.01184529,4.23242331,-4.24638605,0.02455885,-0.00656817,-0.00732601,0.30913731,
17773,0.39056823,-0.32105371,10.22628593,5.00000000,0.05156250,-0.05317383,-0.03421662,0.01922946,0.02741686,0.13531746,0.01150183,-0.05760974,0.02032049,-0.03681341,0.01184453,4.32667112,-4.13119411,0.01922852,-0.00649298,-0.00732601,0.30799174,
17782,-0.16967496,-0.17021900,10.41542816,6.00000000,0.03706055,-0.07250977,-0.08138049,0.01363375,-0.00709003,0.13523810,0.01150183,-0.01594576,0.02451305,-0.03118563,0.01187564,4.25162220,-4.19751692,0.01363374,-0.00622399,-0.00732601,0.30726975,
17790,-0.09545472,-0.20134363,9.88870430,6.00000000,0.03383789,-0.06928711,0.02320603,0.00230910,-0.01388482,0.13523810,0.01150183,0.03652084,0.02895287,-0.02327410,0.01188549,4.16959143,-4.29350996,0.00230938,-0.00605952,-0.00732601,0.30695483,
17798,0.24212773,-0.43358120,9.57506371,6.00000000,0.03544922,-0.03706055,0.00108964,-0.01034787,0.00343524,0.13531746,0.01150183,0.03497740,0.02598641,-0.02071060,0.01185828,4.12595844,-4.24464083,-0.01034781,-0.00604104,-0.00732601,0.30268398,
17806,0.51746094,-0.24204506,9.76420498,6.00000000,0.04511719,-0.03544922,-0.01316609,0.01616515,-0.01148666,0.13531746,0.01150183,-0.05246661,0.02006235,-0.03534956,0.01185011,4.27954721,-4.10152388,0.01616488,-0.00638718,-0.00732601,0.30498576,
17814,0.06495680,-0.39527395,9.52239132,6.00000000,0.03706055,-0.07573242,-0.04500837,0.04414371,-0.02121254,0.13531746,0.01150183,-0.01851750,0.02970116,-0.03688708,0.01184660,4.21846056,-4.15562916,0.04414374,-0.00625980,-0.00976801,0.30676118,
17822,-0.02362866,0.24397789,10.12572956,6.00000000,0.03544922,-0.07573242,0.00974967,0.02002885,-0.03080519,0.13531746,0.01150183,0.03343424,0.03306990,-0.02806120,0.01184509,4.22195148,-4.33539772,0.02002876,-0.00587168,-0.00976801,0.31165597,
17830,0.28522336,-0.56526226,10.21670914,6.00000000,0.04028320,-0.04511719,-0.00836977,-0.00102168,0.01902329,0.13523810,0.01725275,-0.01954599,0.02211941,-0.03103741,0.01187588,4.29176474,-4.22544241,-0.00102193,-0.00580391,-0.00976801,0.30867472,
17838,0.35944360,0.04286494,10.48964882,6.00000000,0.04672851,-0.05478515,-0.00423960,-0.00608447,0.01875683,0.13523810,0.01725275,-0.04629354,0.01754138,-0.03279004,0.01188559,4.30747271,-4.15039301,-0.00608392,-0.00590080,-0.00976801,0.30615652,
17845,0.04340899,-0.17500740,9.90306950,5.00000000,0.03544922,-0.07250977,-0.01556426,-0.01341219,-0.00748972,0.13523810,0.01725275,0.03137628,0.02602821,-0.02296706,0.01188977,4.23591423,-4.34237909,-0.01341170,-0.00594342,-0.00976801,0.30999079,
17854,-0.12897354,0.13623881,9.69956207,6.00000000,0.03544922,-0.05156250,0.03972670,-0.01034787,-0.00615741,0.13523810,0.01725275,0.05503811,0.02953508,-0.02087956,0.01189156,4.20973396,-4.39648438,-0.01034768,-0.00594925,-0.00976801,0.31122521,
17862,0.39296243,-0.55568546,9.28057671,6.00000000,0.03061523,-0.03544922,-0.04927175,0.00150971,0.01569251,0.13523810,0.01725275,-0.00205749,0.02413087,-0.02891795,0.01189233,4.25511265,-4.24813128,0.00150964,-0.00609887,-0.00976801,0.30835208,
17870,0.29480016,0.30862135,10.01320267,6.00000000,0.04833984,-0.04350586,-0.06805737,0.03668276,0.02288700,0.13531746,0.01150183,-0.03754918,0.02580942,-0.03750922,0.01186122,4.21497011,-4.08756113,0.03668193,-0.00614950,-0.00976801,0.30362621,
17878,-0.09784891,0.16496924,10.13291264,6.00000000,0.04511719,-0.07412110,-0.02409106,0.03281905,-0.01002112,0.13531746,0.01150183,0.01440253,0.03232027,-0.03176366,0.01185138,4.17308235,-4.22195148,0.03281887,-0.00577833,-0.00976801,0.30669934,
17886,-0.12657933,0.05244175,10.34120846,6.00000000,0.04511719,-0.06928711,0.03799470,-0.00008906,-0.01614976,0.13523810,0.01150183,0.03600635,0.02991371,-0.02435508,0.01187859,4.19577122,-4.31794453,-0.00008947,-0.00551578,-0.00976801,0.30861571,
17894,0.58928698,-0.03853791,9.89349270,6.00000000,0.03544922,-0.04833984,0.00721828,-0.03925905,-0.00549125,0.13523810,0.01150183,0.00462929,0.01840936,-0.02038030,0.01188676,4.21497011,-4.23067808,-0.03925937,-0.00570339,-0.00976801,0.30330846,
17902,0.25649294,0.06920116,9.97489548,6.00000000,0.03544922,-0.03061523,-0.01583072,-0.02113960,0.04953325,0.13523810,0.01150183,-0.04526484,0.01461982,-0.02831853,0.01189027,4.24987650,-4.09628773,-0.02113998,-0.00613392,-0.00976801,0.30101579,
17910,-0.38994151,0.38762999,9.79772377,6.00000000,0.02900391,-0.05800781,-0.02222583,0.04427694,0.00889772,0.13523810,0.01150183,0.00205762,0.03231935,-0.03464822,0.01189178,4.19577122,-4.20275307,0.04427658,-0.00620293,-0.00976801,0.30765656,
17917,0.12241764,-0.36414933,9.58942890,5.00000000,0.03867187,-0.07089844,0.00588597,0.04454340,0.00663279,0.13523810,0.01150183,0.04526472,0.03822700,-0.03035183,0.01189243,4.14864779,-4.30223656,0.04454376,-0.00588304,-0.00976801,0.30957395,
17926,0.34747261,-0.47907102,9.85279083,6.00000000,0.04189453,-0.05478515,0.01427954,0.03055412,0.03421165,0.13523810,0.01150183,0.03857828,0.03473470,-0.02847906,0.01189271,4.13119411,-4.26209402,0.03055397,-0.00575448,-0.00976801,0.30647185,
17934,0.70660287,-0.20134363,10.14009476,6.00000000,0.06123047,-0.04350586,-0.04247697,-0.00102168,0.02048884,0.13523810,0.01150183,0.00257200,0.02447549,-0.02681812,0.01189283,4.19053555,-4.19926214,-0.00102226,-0.00592583,-0.00976801,0.30405602,
17942,-0.02602286,0.01413453,10.05869198,6.00000000,0.04189453,-0.05961914,-0.05007116,0.00537342,0.02395285,0.13523810,0.01725275,-0.01028712,0.02388075,-0.03059554,0.01189288,4.24638605,-4.21147966,0.00537341,-0.00589410,-0.00976801,0.30698717,
17950,-0.89511806,0.00695192,10.07784557,6.00000000,0.03706055,-0.06123047,-0.00250760,-0.00275369,-0.01308544,0.13523810,0.01725275,0.05246631,0.03045440,-0.02237783,0.01189290,4.15911961,-4.33714342,-0.00275374,-0.00560080,-0.00976801,0.30778989,
17958,0.18706109,-0.29950589,9.77138805,6.00000000,0.03706055,-0.04672851,0.00615243,-0.01820851,0.02701717,0.13531746,0.01725275,0.02829072,0.02411224,-0.02179057,0.01186146,4.14864779,-4.24464083,-0.01820856,-0.00567975,-0.00976801,0.30293658,
17966,0.24931033,-0.29232329,9.97968388,6.00000000,0.05156250,-0.03061523,-0.01130085,-0.00035553,0.03834182,0.13531746,0.01725275,-0.02417551,0.02066996,-0.03068025,0.01185148,4.22020626,-4.13817596,-0.00035545,-0.00589334,-0.00976801,0.30296567,
17974,0.25888714,0.08356638,9.53436184,6.00000000,0.03383789,-0.05961914,-0.02702215,0.01310083,-0.00149432,0.13523810,0.01150183,-0.00308618,0.02624477,-0.02988100,0.01187863,4.20100737,-4.19053555,0.01310081,-0.00604087,-0.00976801,0.30514321,
17982,-0.18643437,-0.51977247,9.75702286,6.00000000,0.03544922,-0.06606445,0.03013405,0.03348521,0.00623309,0.13523810,0.01150183,0.07149794,0.03923201,-0.02519956,0.01188678,4.10152388,-4.34412432,0.03348567,-0.00592750,-0.00976801,0.30858245,
17989,0.31874219,-0.34978414,9.94855881,5.00000000,0.04995117,-0.04672851,0.00468688,-0.01221311,0.03874152,0.13523810,0.01150183,0.05143767,0.02904242,-0.01988217,0.01189028,4.15388346,-4.32841635,-0.01221292,-0.00572390,-0.00976801,0.30659792,
17998,0.54858553,-0.09121035,10.06348038,6.00000000,0.05478515,-0.02739258,-0.05326869,0.00350818,0.07231579,0.13523810,0.01150183,-0.02829094,0.02225328,-0.03186590,0.01189178,4.29176474,-4.19577122,0.00350734,-0.00590452,-0.00976801,0.30792755,
18006,-0.23671262,0.01652873,10.64527130,6.00000000,0.04028320,-0.05317383,-0.01543102,0.01190175,0.03314580,0.13523810,0.01150183,0.00977321,0.02859550,-0.02919622,0.01189243,4.24114990,-4.27431107,0.01190171,-0.00579447,-0.00976801,0.30954835,
18014,0.17269588,0.03807654,9.58464050,6.00000000,0.04028320,-0.07250977,0.04812028,-0.00888233,0.00170323,0.13523810,0.01150183,0.10750396,0.03626702,-0.01386391,0.01189271,4.06487179,-4.42964554,-0.00888309,-0.00577879,-0.00976801,0.30728224,
18022,-0.16967496,-0.86693168,10.25501633,6.00000000,0.04511719,-0.03867187,0.05464860,-0.01327896,0.02488547,0.13523810,0.01150183,0.06532577,0.03032347,-0.01788769,0.01189283,4.10850477,-4.33016205,-0.01327945,-0.00565814,-0.00976801,0.30493891,
18030,0.34507841,0.10750839,9.65646648,6.00000000,0.05478515,-0.02578125,-0.05673272,-0.02566947,0.05419634,0.13531746,0.01150183,-0.03137626,0.01631577,-0.02674526,0.01186143,4.26383924,-4.15737438,-0.02566969,-0.00584366,-0.00976801,0.30340794,
18038,0.38338563,-0.10078716,9.52957344,6.00000000,0.03383789,-0.04350586,-0.07218754,0.01083590,0.01356081,0.13531746,0.01150183,-0.01080183,0.02486677,-0.03033216,0.01185147,4.21846056,-4.18180895,0.01083570,-0.00614016,-0.00976801,0.30529535,
18046,0.04101478,-0.05050892,9.95813560,6.00000000,0.03222656,-0.06445312,0.00055671,0.00923712,-0.02720795,0.13531746,0.01150183,0.04063545,0.03179384,-0.02512118,0.01184718,4.21671581,-4.35459661,0.00923654,-0.00604540,-0.00976801,0.31137970,
18054,0.41211605,-0.26838127,9.33324909,6.00000000,0.04028320,-0.05961914,0.06237601,0.00603957,0.02195438,0.13531746,0.01150183,0.01285937,0.02756314,-0.02745678,0.01184534,4.23416901,-4.27780199,0.00603994,-0.00606088,-0.00976801,0.30899677,
18061,-0.08827211,0.00455772,11.10735226,5.00000000,0.04995117,-0.04028320,-0.02875415,-0.00048876,0.02541839,0.13531746,0.01150183,0.00823027,0.02693170,-0.02793654,0.01184455,4.33016205,-4.35808706,-0.00048894,-0.00600893,-0.00976801,0.31491360,
18070,0.68026662,0.20327646,10.17361355,6.00000000,0.04350586,-0.04511719,0.00455366,-0.04285629,0.01835714,0.13523810,0.01150183,-0.00000025,0.01740839,-0.02048720,0.01187565,4.27605677,-4.27605677,-0.04285610,-0.00601646,-0.00976801,0.30690700,
18078,-0.11939673,-0.13670018,9.87912750,6.00000000,0.02739258,-0.05156250,-0.01343257,-0.01700943,0.01369405,0.13523810,0.01150183,0.02623305,0.02451332,-0.02132587,0.01188549,4.21147966,-4.30049133,-0.01700938,-0.00633803,-0.00976801,0.30732572,
18086,-0.39472991,0.14581563,9.43859386,6.00000000,0.02739258,-0.04995117,0.01694417,-0.01207988,-0.00096139,0.13531746,0.01150183,0.04835122,0.02777161,-0.01934982,0.01185828,4.16261005,-4.32667112,-0.01208045,-0.00644748,-0.00976801,0.30686063,
18094,0.04580319,-0.02656690,9.91025162,6.00000000,0.04833984,-0.03544922,-0.04061174,-0.00088845,0.03581043,0.13531746,0.01150183,-0.00051382,0.02347171,-0.02655058,0.01185011,4.20624352,-4.20449829,-0.00088848,-0.00652786,-0.00976801,0.30482495,
18102,-0.04517648,0.23440108,10.33642006,6.00000000,0.04028320,-0.03383789,0.05638061,0.02495841,0.01156234,0.13531746,0.01150183,-0.02469007,0.02546585,-0.03417153,0.01184660,4.26034880,-4.17657280,0.02495823,-0.00653365,-0.00976801,0.30764785,
18110,0.91729259,0.12187360,9.92701149,6.00000000,0.03867187,-0.07089844,-0.01236672,0.00843774,-0.02187870,0.13531746,0.01150183,0.03189131,0.02848761,-0.02388840,0.01184509,4.09803295,-4.20624352,0.00843788,-0.00645368,-0.00976801,0.30164170,
18118,-0.07390690,-0.20373783,10.03235626,6.00000000,0.03706055,-0.05800781,0.07090282,0.01549899,-0.00442540,0.13531746,0.01150183,0.06429669,0.03439891,-0.02212744,0.01184444,4.09977818,-4.31794453,0.01549832,-0.00635881,-0.00976801,0.30626610,
18126,-0.38036472,-0.29232329,10.46331215,6.00000000,0.05478515,-0.04028320,-0.01889504,-0.02526977,0.04167261,0.13531746,0.01150183,-0.01903186,0.01813236,-0.02564964,0.01184416,4.29176474,-4.22718716,-0.02526935,-0.00606613,-0.00976801,0.30698001,
18133,0.89813900,0.00695192,9.84560871,5.00000000,0.03867187,-0.03706055,-0.03208493,-0.02500331,0.04700185,0.13531746,0.01150183,-0.04217848,0.01406671,-0.02705826,0.01184404,4.30572701,-4.16261005,-0.02500321,-0.00684131,-0.00976801,0.30516446,
18142,0.33789578,-0.44555220,9.75462818,6.00000000,0.02255859,-0.05478515,-0.00850301,-0.03086548,0.02008914,0.13531746,0.01150183,0.04423608,0.02269970,-0.01531700,0.01184399,4.14864779,-4.29874611,-0.03086585,-0.00712291,-0.00976801,0.30398020,
18150,0.05537999,0.00695192,9.31170082,6.00000000,0.02739258,-0.04672851,0.05917847,0.00497372,0.02248731,0.13531746,0.01150183,0.09773148,0.03496051,-0.01484479,0.01184397,4.03694677,-4.36855936,0.00497326,-0.00736522,-0.00976801,0.30506015,
18158,0.05298579,-0.75919265,9.78096485,6.00000000,0.05478515,-0.02739258,0.00135610,0.02176086,0.03647659,0.13531746,0.01150183,0.01234522,0.02784435,-0.02783024,0.01184395,4.16959143,-4.21147966,0.02176050,-0.00731794,-0.00976801,0.30539140,
18166,0.12960024,0.08596057,10.27656460,6.00000000,0.05478515,-0.04028320,0.00668535,0.04534279,0.04726832,0.13531746,0.01150183,-0.02006062,0.02824003,-0.03580034,0.01184395,4.20275307,-4.13468504,0.04534213,-0.00718105,-0.00976801,0.30551946,
18174,0.31155959,-0.05769153,10.68597317,6.00000000,0.04028320,-0.06123047,0.01108199,0.00017740,-0.00349279,0.13531746,0.01150183,0.06584004,0.03020773,-0.01762797,0.01184395,4.02822018,-4.25162220,0.00017648,-0.00691835,-0.00976801,0.30015710,
18182,0.42887545,-0.02656690,10.10657597,6.00000000,0.04189453,-0.05478515,0.05944493,-0.02007375,0.02834948,0.13531746,0.01150183,0.05555267,0.02488999,-0.01480388,0.01184395,4.03520107,-4.22369671,-0.02007386,-0.00712977,-0.00976801,0.29792967,
18190,-0.45219076,-0.57244492,10.22389221,6.00000000,0.05156250,-0.02739258,0.01241430,-0.01034787,0.04926679,0.13523810,0.01150183,0.00514352,0.02021785,-0.02199895,0.01187540,4.10152388,-4.11897707,-0.01034723,-0.00700553,-0.00732601,0.29724300,
18198,-0.26304883,-0.10078716,9.57985210,6.00000000,0.03383789,-0.03061523,-0.06899000,0.00257556,0.02208761,0.13523810,0.01150183,-0.01851731,0.01998021,-0.02730508,0.01188538,4.15039301,-4.08756113,0.00257523,-0.00691892,-0.00732601,0.29881254,
18205,0.30677116,0.52409947,9.47211266,5.00000000,0.02739258,-0.05317383,0.05824585,0.02136116,0.02062207,0.13523810,0.01150183,0.04526499,0.03025671,-0.02247155,0.01188968,4.00029469,-4.15388346,0.02136162,-0.00705118,-0.00732601,0.29713762,
18214,-0.14333874,-0.24922766,9.53436184,6.00000000,0.04672851,-0.05639648,0.03133314,0.06572717,-0.00788942,0.13523810,0.01150183,0.10544708,0.04611652,-0.02398685,0.01189152,3.93222690,-4.29001951,0.06572810,-0.00684980,-0.00732601,0.30282170,
18222,-0.24389522,-0.04093211,10.40585136,6.00000000,0.06767578,-0.04511719,0.03399777,0.05187112,0.01262819,0.13523810,0.01150183,-0.02520372,0.02945488,-0.03819491,0.01189232,4.18180895,-4.09628773,0.05187074,-0.00614935,-0.00732601,0.30384162,
18230,0.25649294,-0.19176681,10.76258755,6.00000000,0.04672851,-0.05317383,-0.03328403,0.00257556,0.02848271,0.13523810,0.01150183,-0.01388826,0.02219393,-0.02841034,0.01189266,4.15911961,-4.11199570,0.00257510,-0.00585658,-0.00732601,0.30001459,
18238,0.42648125,0.58634871,10.04432678,6.00000000,0.02900391,-0.06284180,0.05065167,-0.03686089,-0.03680060,0.13523810,0.01150183,0.05143735,0.02192772,-0.01285135,0.01189281,4.01600266,-4.19053555,-0.03686028,-0.00617056,-0.00732601,0.29481465,
18246,-0.14333874,-0.59638691,9.86955070,6.00000000,0.04189453,-0.03706055,0.03985994,-0.00928202,0.00090384,0.13523810,0.01725275,0.06275372,0.02749813,-0.01702576,0.01189287,3.97411466,-4.18704462,-0.00928165,-0.00633668,-0.00976801,0.29516909,
18254,0.09129302,0.38044739,9.29254723,6.00000000,0.04995117,-0.03222656,-0.05300225,-0.00794971,-0.00815588,0.13523810,0.01725275,-0.04372128,0.01450703,-0.02916377,0.01189290,4.11025047,-3.96189737,-0.00794850,-0.00642770,-0.00976801,0.29203898,
18262,0.36662620,-0.12712337,9.09861755,6.00000000,0.01933594,-0.04672851,-0.05619980,0.04201201,-0.01708237,0.13523810,0.01725275,-0.05812448,0.02150664,-0.03941293,0.01189291,4.12944889,-3.93222690,0.04201154,-0.00665937,-0.00976801,0.29528156,
18270,-0.02602286,1.01969922,10.02038479,6.00000000,0.03061523,-0.08056641,0.06890435,0.08371338,-0.01641622,0.13523810,0.01725275,0.05863875,0.04352600,-0.03373862,0.01189292,3.94095349,-4.13992071,0.08371206,-0.00628684,-0.00976801,0.29900083,
18277,-0.13136774,-0.00262489,10.76976967,5.00000000,0.07412110,-0.06123047,0.08302686,0.05133820,-0.03360305,0.13523810,0.01725275,0.05760994,0.03890076,-0.02944461,0.01189292,3.97411466,-4.16959143,0.05133779,-0.00555790,-0.00976801,0.29893127,
18286,0.19184949,-0.74722159,10.70033836,6.00000000,0.05478515,-0.05156250,-0.01383225,-0.01687620,0.01342758,0.13523810,0.01150183,-0.01748859,0.01926821,-0.02638450,0.01189291,4.14341164,-4.08407068,-0.01687513,-0.00521245,-0.00976801,0.29702282,
18294,0.53900874,0.25594890,9.97728920,6.00000000,0.02739258,-0.04511719,-0.03115232,-0.04765262,0.02275377,0.13523810,0.01150183,-0.03703477,0.01056730,-0.02239650,0.01189291,4.14515686,-4.01949310,-0.04765252,-0.00551719,-0.00976801,0.29251373,
18302,-0.53359360,0.23679528,9.81927204,6.00000000,0.02739258,-0.05800781,-0.00503898,-0.01314573,0.01222850,0.13523810,0.01725275,0.05195156,0.02638572,-0.01846653,0.01189291,4.00029469,-4.17657280,-0.01314570,-0.00578108,-0.00976801,0.29545838,
18310,-0.40430674,0.13623881,9.21832752,6.00000000,0.04189453,-0.03544922,0.00961644,0.01976239,0.00543371,0.13523810,0.01725275,0.04577947,0.03153376,-0.02497158,0.01189291,4.01251173,-4.16784620,0.01976225,-0.00587285,-0.00976801,0.29797074,
18318,0.09368722,-0.28753489,9.25902843,6.00000000,0.04028320,-0.03706055,0.00988290,0.02016208,0.00530048,0.13523810,0.01150183,-0.02314644,0.02371798,-0.03206426,0.01189291,4.07708931,-3.99854946,0.02016215,-0.00573586,-0.00976801,0.29420364,
18326,0.69463187,-0.94594038,10.52795601,6.00000000,0.03544922,-0.06284180,-0.05753211,0.04787418,0.00343524,0.13523810,0.01150183,0.02520440,0.03467716,-0.03152436,0.01189291,4.00029469,-4.08581591,0.04787370,-0.00563398,-0.00976801,0.29659235,
18334,-0.23192421,0.72042406,11.02834415,6.00000000,0.06123047,-0.07250977,0.02027495,0.03321875,-0.00495833,0.13523810,0.01725275,0.05915323,0.03619616,-0.02642453,0.01189291,3.94968009,-4.15039301,0.03321779,-0.00508254,-0.00976801,0.29603595,
18342,-0.16488656,-1.12071705,10.63808918,6.00000000,0.05317383,-0.04511719,-0.00663777,-0.03139841,-0.02347747,0.13523810,0.01725275,0.00000002,0.01837628,-0.02275858,0.01189291,4.07708931,-4.07708931,-0.03139823,-0.00464630,-0.00976801,0.29331261,
18349,0.68984342,0.34692857,9.30212402,5.00000000,0.01933594,-0.04350586,-0.05913088,-0.04325598,0.01795744,0.13523810,0.01725275,-0.03292016,0.01132726,-0.02352324,0.01189291,4.10152388,-3.98982286,-0.04325636,-0.00510021,-0.00976801,0.29017520,
18358,-0.12897354,-0.15585379,9.35719109,6.00000000,0.02094727,-0.05317383,0.00415397,-0.01061434,-0.00975465,0.13523810,0.01725275,0.02829041,0.02401275,-0.02166442,0.01189291,3.98458672,-4.08057976,-0.01061467,-0.00533961,-0.00976801,0.29159272,
18366,-0.24628942,0.22243008,9.59421730,6.00000000,0.03867187,-0.05317383,-0.02222583,0.03681599,-0.01082050,0.13523810,0.01725275,0.05503813,0.03637876,-0.02757272,0.01189291,4.00378513,-4.19053555,0.03681533,-0.00546644,-0.00976801,0.29971319,
18374,0.31634799,0.05723016,9.88870430,6.00000000,0.05156250,-0.04028320,0.00628566,0.02962150,-0.01042081,0.13531746,0.01725275,-0.02263277,0.02598448,-0.03552934,0.01186147,4.11025047,-4.03345585,0.02962120,-0.00521526,-0.00976801,0.29735684,
18382,1.09685779,-0.23246825,9.79772377,6.00000000,0.03706055,-0.05961914,-0.07072199,0.01083590,-0.00575772,0.13531746,0.01725275,0.01028731,0.02499247,-0.02683526,0.01185149,4.00902128,-4.04392767,0.01083612,-0.00589540,-0.00976801,0.29270497,
18390,0.35465521,0.68211681,10.00841427,6.00000000,0.04511719,-0.06767578,0.02480481,0.03175320,-0.01694914,0.13523810,0.01150183,0.04269314,0.03317624,-0.02594964,0.01187863,3.95142531,-4.09628773,0.03175303,-0.00594331,-0.00976801,0.29403168,
18398,-0.27741405,-0.44794640,10.57105160,6.00000000,0.05156250,-0.04672851,-0.01902827,-0.00688386,-0.02321101,0.13523810,0.01150183,0.01440242,0.02296724,-0.02253263,0.01188678,3.97760534,-4.02647448,-0.00688380,-0.00563609,-0.00976801,0.28964880,
18406,0.07453360,0.69169360,9.62773609,6.00000000,0.03222656,-0.03222656,-0.02329167,-0.01341219,-0.00056170,0.13523810,0.01725275,-0.02520423,0.01537932,-0.02567222,0.01189028,3.96364284,-3.87812161,-0.01341238,-0.00569736,-0.00976801,0.28329146,
18414,0.20142630,-0.21331464,9.24705791,6.00000000,0.02900391,-0.05478515,-0.04780623,0.02615749,-0.02107931,0.13523810,0.01725275,-0.03394861,0.02126885,-0.03350628,0.01189178,3.97236943,-3.85717773,0.02615708,-0.00584085,-0.00976801,0.28571746,
18421,-0.47373858,0.56001252,9.36916256,5.00000000,0.03706055,-0.06606445,0.00335457,0.08144846,-0.01894761,0.13523810,0.01725275,0.02108945,0.03935778,-0.03842669,0.01189243,3.95142531,-4.02298403,0.08144797,-0.00535299,-0.00976801,0.29497731,
18430,-0.20798220,-0.35696673,10.46091843,6.00000000,0.04672851,-0.05639648,-0.00330699,0.04787418,-0.04119723,0.13523810,0.01150183,0.02108921,0.03563545,-0.03343833,0.01189271,4.00553083,-4.07708931,0.04787401,-0.00458468,-0.00976801,0.29646581,
18438,1.14234757,0.09314318,10.46331215,6.00000000,0.04995117,-0.05961914,-0.01210024,-0.00768325,-0.00908850,0.13523810,0.01150183,-0.02520432,0.01953287,-0.02843337,0.01189283,4.03694677,-3.95142531,-0.00768321,-0.00456645,-0.00976801,0.28902140,
18446,0.27564654,-0.18458422,10.32205486,6.00000000,0.04672851,-0.06928711,-0.06885675,-0.01407835,0.00050415,0.13523810,0.01725275,-0.00462951,0.02093930,-0.02636221,0.01189288,4.09105158,-4.07534361,-0.01407819,-0.00472607,-0.00976801,0.29501116,
18454,-0.24628942,0.14342141,10.11136436,6.00000000,0.03222656,-0.04511719,-0.04620745,-0.02953317,0.01662513,0.13523810,0.01725275,-0.00154312,0.01860594,-0.02334769,0.01189290,4.09454250,-4.08930635,-0.02953255,-0.00471838,-0.00976801,0.29452339,
18462,0.41211605,0.04047075,8.90708160,6.00000000,0.02255859,-0.03222656,-0.03248463,-0.01421158,0.01715806,0.13523810,0.01725275,0.01697448,0.02202206,-0.02235427,0.01189291,3.99156785,-4.04916382,-0.01421219,-0.00523643,-0.00976801,0.29044613,
18470,0.05298579,-0.47428262,9.43859386,6.00000000,0.03222656,-0.05156250,-0.02142643,0.01723100,0.00330201,0.13523810,0.01725275,0.00514366,0.02602849,-0.02905833,0.01189292,3.99854946,-4.01600266,0.01723091,-0.00535176,-0.00976801,0.29177675,
18478,-0.22953001,-0.12712337,9.65886021,6.00000000,0.04189453,-0.05961914,0.01374661,0.07678536,0.01249496,0.13523810,0.01150183,0.02520442,0.04010397,-0.03685554,0.01189292,3.99156785,-4.07708931,0.07678518,-0.00515840,-0.00732601,0.29805571,
18486,0.09368722,-0.17500740,10.59259892,6.00000000,0.05639648,-0.05639648,-0.01916151,0.03308551,-0.02001346,0.13523810,0.01150183,0.05555253,0.03682896,-0.02654247,0.01189291,3.96015191,-4.14864779,0.03308532,-0.00454864,-0.00732601,0.29634264,
18493,1.27881706,-0.33781314,10.07305717,5.00000000,0.05478515,-0.05317383,-0.02049383,-0.01847498,0.01116265,0.13523810,0.01150183,0.01028762,0.02139212,-0.02194728,0.01189291,3.96538806,-4.00029469,-0.01847422,-0.00445708,-0.00732601,0.28741661,
18502,0.25170454,-0.22289145,10.34839058,6.00000000,0.04511719,-0.04995117,-0.07631771,-0.02886701,0.03247965,0.13523810,0.01150183,-0.01646000,0.01708785,-0.02398971,0.01189291,4.05789042,-4.00203991,-0.02886735,-0.00459772,-0.00976801,0.29007953,
18510,-0.10981993,-0.48146522,9.55830383,6.00000000,0.02900391,-0.04511719,-0.05753211,-0.01954083,0.02302023,0.13523810,0.01150183,0.00514376,0.02124662,-0.02302263,0.01189291,4.02996492,-4.04741859,-0.01954084,-0.00473620,-0.00976801,0.29138845,
18518,-0.02123446,0.13863301,9.10579967,6.00000000,0.02094727,-0.03222656,-0.01289964,0.00031063,0.00743218,0.13523810,0.01150183,0.02571884,0.02638770,-0.02324915,0.01189291,3.97062397,-4.05789042,0.00031005,-0.00489560,-0.00732601,0.29105616,
18526,0.88856220,-0.62511730,9.15607834,6.00000000,0.04028320,-0.04511719,-0.01063471,0.04680833,-0.00908850,0.13523810,0.01150183,0.03343466,0.03418269,-0.02909185,0.01189291,3.91477346,-4.02822018,0.04680827,-0.00566540,-0.00732601,0.29132706,
18534,-0.07630110,-0.01220169,9.55112171,6.00000000,0.05478515,-0.06123047,0.05491506,0.07531982,-0.00535802,0.13523810,0.01150183,0.00360080,0.03732195,-0.03917799,0.01189291,4.03869200,-4.05090952,0.07532021,-0.00521869,-0.00732601,0.29870877,
18542,0.19663790,-0.69454920,11.06186295,6.00000000,0.05317383,-0.06928711,-0.09643564,0.04227847,-0.00722326,0.13523810,0.01150183,0.04886578,0.03787775,-0.02914329,0.01189291,4.00378513,-4.16959143,0.04227746,-0.00469904,-0.00732601,0.29935005,
18550,0.68026662,0.17933445,11.23903370,6.00000000,0.05156250,-0.04672851,0.01854293,-0.05151633,0.01702483,0.13523810,0.01150183,-0.02160348,0.01171454,-0.01989932,0.01189291,4.03520107,-3.96189737,-0.05151659,-0.00451544,-0.00732601,0.28615975,
18558,0.42648125,-1.16620696,9.57745743,6.00000000,0.03061523,-0.04672851,-0.09390423,-0.03046579,0.02608455,0.13523810,0.01150183,0.00720113,0.01821963,-0.01954746,0.01189291,3.97586012,-4.00029469,-0.03046610,-0.00494973,-0.00732601,0.28692681,
18565,-1.02440500,1.13701510,9.55591011,5.00000000,0.02416992,-0.03706055,0.02040818,-0.00968171,-0.01068727,0.13523810,0.01150183,0.03857819,0.02556559,-0.01942355,0.01189291,3.90953755,-4.04043722,-0.00968160,-0.00494291,-0.00732601,0.28748465,
18574,0.11044663,-0.72327960,9.20156765,6.00000000,0.03222656,-0.02739258,-0.00797009,0.03068735,-0.01508390,0.13523810,0.01150183,0.00771568,0.02923989,-0.03025974,0.01189291,3.97236943,-3.99854946,0.03068672,-0.00504468,-0.00732601,0.29117063,
18582,0.14635965,0.60789657,9.69477367,6.00000000,0.04995117,-0.04995117,-0.02022735,0.04680833,-0.01175312,0.13523810,0.01150183,0.00823005,0.03226555,-0.03311155,0.01189291,3.94968009,-3.97760534,0.04680856,-0.00483871,-0.00732601,0.29075772,
18590,-0.08108950,-0.46231163,10.16643143,6.00000000,0.05639648,-0.07250977,-0.07391956,0.03015443,-0.02107931,0.13523810,0.01150183,-0.02571872,0.02726168,-0.03616498,0.01189291,4.13468504,-4.04741859,0.03015438,-0.00444505,-0.00732601,0.29878744,
18598,0.36183780,0.41157201,10.68118477,6.00000000,0.04028320,-0.06284180,-0.02635599,-0.01434481,0.00543371,0.13523810,0.01150183,0.01954620,0.02514163,-0.02349619,0.01189291,4.10152388,-4.16784620,-0.01434468,-0.00436418,-0.00732601,0.29872468,
18606,0.71617967,-0.03853791,10.26938152,6.00000000,0.03222656,-0.03706055,-0.04993791,-0.06430653,-0.02081285,0.13523810,0.01150183,0.04063571,0.01743646,-0.01097448,0.01189291,4.02996492,-4.16784620,-0.06430563,-0.00486069,-0.00732601,0.29250854,
18614,0.44802907,0.32538074,9.98207760,6.00000000,0.03383789,-0.03222656,-0.02289199,-0.05671234,0.00090384,0.13523810,0.01150183,-0.04012118,0.00803185,-0.02061618,0.01189291,4.12595844,-3.98982286,-0.05671333,-0.00540508,-0.00732601,0.29008529,
18622,-0.77301377,-0.01459589,9.97010708,6.00000000,0.02255859,-0.04189453,-0.03901296,0.00670573,0.01635867,0.13523810,0.01150183,0.00565801,0.02526083,-0.02684442,0.01189291,4.07010794,-4.08930635,0.00670547,-0.00538519,-0.00732601,0.29626492,
18630,-0.38994151,0.51691687,9.19438553,6.00000000,0.03222656,-0.04189453,-0.01383225,0.00937035,-0.01268574,0.13523810,0.01150183,0.01594554,0.02623805,-0.02538277,0.01189291,3.96538806,-4.01949310,0.00937014,-0.00517303,-0.00732601,0.29013124,
18637,0.30437696,-0.39287975,9.18241405,5.00000000,0.04350586,-0.04350586,0.00708505,0.03348521,0.01409374,0.13523810,0.01150183,0.02057507,0.03055251,-0.02853221,0.01189291,3.91651869,-3.98633194,0.03348513,-0.00527304,-0.00732601,0.28890601,
18646,-0.02841707,0.37805319,10.72428036,6.00000000,0.05156250,-0.06606445,-0.02235905,0.04454340,-0.00442540,0.13523810,0.01150183,-0.02263253,0.02878477,-0.03692406,0.01189291,4.07010794,-3.99331331,0.04454200,-0.00499318,-0.00732601,0.29552832,
18654,0.11044663,-0.46470582,10.87750912,6.00000000,0.04189453,-0.06606445,-0.02382459,-0.01234634,0.01622544,0.13523810,0.01150183,0.01851760,0.02387718,-0.02247387,0.01189291,4.01251173,-4.07534361,-0.01234679,-0.00468349,-0.00732601,0.29228961,
18662,0.54140294,0.20567065,10.59259892,6.00000000,0.02739258,-0.04028320,0.03266545,-0.06990223,0.04526985,0.13523810,0.01150183,0.03086266,0.01386649,-0.00973206,0.01189291,3.94968009,-4.05439997,-0.06990206,-0.00505047,-0.00732601,0.28507996,
18670,0.41211605,-0.78792304,9.07228088,6.00000000,0.03383789,-0.02578125,-0.07578478,-0.06244129,0.03261288,0.13523810,0.01150183,-0.01491681,0.00783380,-0.01449247,0.01189291,3.93746281,-3.88684821,-0.06244248,-0.00571494,-0.00732601,0.27910423,
18678,-0.65569788,-0.19894943,8.84004402,6.00000000,0.01772461,-0.03222656,-0.07964849,0.00843774,0.03407842,0.13523810,0.01150183,-0.00720108,0.02208204,-0.02670357,0.01189291,3.98109603,-3.95666146,0.00843717,-0.00587135,-0.00732601,0.28835538,
18686,0.24691613,-0.29471749,9.20156765,6.00000000,0.03061523,-0.03867187,-0.01929473,0.06119731,0.03074764,0.13523810,0.01150183,0.01183077,0.03359761,-0.03356562,0.01189291,3.92524529,-3.96538806,0.06119725,-0.00591072,-0.00732601,0.29047227,
18694,0.65632463,-0.04332631,9.61576462,6.00000000,0.05317383,-0.05639648,-0.00956886,0.06519425,-0.00988789,0.13523810,0.01150183,0.05452346,0.03992568,-0.02979833,0.01189291,3.85019636,-4.03520107,0.06519438,-0.00549169,-0.00732601,0.29057223,
18702,0.20621470,-0.60117531,10.16164303,6.00000000,0.06606445,-0.07734375,0.00655213,0.05173789,-0.00962142,0.13523810,0.01150183,-0.00102855,0.03214198,-0.03516062,0.01189291,3.99331331,-3.98982286,0.05173728,-0.00501914,-0.00732601,0.29313967,
18709,-0.10742572,-0.40006238,11.19833183,5.00000000,0.04189453,-0.06284180,-0.02302521,-0.00102168,0.02715040,0.13523810,0.01150183,-0.00771562,0.02250265,-0.02725475,0.01189291,4.01251173,-3.98633194,-0.00102223,-0.00454967,-0.00732601,0.28988397,
18718,0.43126965,-0.08163355,10.70991516,6.00000000,0.03706055,-0.03867187,-0.00290730,-0.06710438,0.01276143,0.13523810,0.01150183,0.02108946,0.01219760,-0.01035992,0.01189291,3.86066818,-3.93222690,-0.06710394,-0.00489910,-0.00732601,0.27762738,
18726,0.10086983,-0.56047386,9.26381683,6.00000000,0.03222656,-0.03383789,-0.05486748,-0.02034022,0.02035561,0.13523810,0.01150183,-0.04320756,0.01201384,-0.02521705,0.01189291,3.94269872,-3.79609108,-0.02034107,-0.00545241,-0.00732601,0.27905643,
18734,-0.77780217,-0.79031724,9.20396233,6.00000000,0.01450195,-0.04995117,-0.03141878,0.01763069,0.01675836,0.13523810,0.01150183,-0.02006052,0.02230228,-0.02992629,0.01189291,3.97062397,-3.90255642,0.01763033,-0.00555216,-0.00732601,0.28668097,
18742,0.47436529,-0.16064219,8.59583473,6.00000000,0.02416992,-0.04672851,0.01294722,0.06226316,0.00556694,0.13523810,0.01150183,0.01645996,0.03364707,-0.03251523,0.01189291,3.82052565,-3.87637639,0.06226354,-0.00559540,-0.00732601,0.28352675,
18750,0.10326403,-0.17740162,10.26938152,6.00000000,0.05639648,-0.05800781,0.02933467,0.09104110,-0.01015435,0.13523810,0.01150183,0.01388806,0.03969720,-0.03907638,0.01189291,3.86241364,-3.90953755,0.09104065,-0.00510709,-0.00732601,0.28833365,
18758,0.30677116,-0.06487413,10.32923698,6.00000000,0.06284180,-0.08217774,-0.01529781,0.07478689,-0.02227839,0.13523810,0.01150183,0.02983375,0.04044806,-0.03610210,0.01189291,3.90430140,-4.00553083,0.07478631,-0.00437877,-0.00732601,0.29215342,
18766,0.11044663,-0.50301301,11.06425667,6.00000000,0.05317383,-0.05961914,-0.03594864,-0.01660974,0.01702483,0.13523810,0.01150183,-0.03086268,0.01858797,-0.02884003,0.01189291,4.07185316,-3.96713352,-0.01661036,-0.00381281,-0.00976801,0.29020903,
18774,0.69223768,0.22721848,9.78814697,6.00000000,0.03706055,-0.05317383,-0.02888740,-0.07523149,0.00876449,0.13523810,0.01150183,-0.02726165,0.00713905,-0.01672704,0.01189291,4.00378513,-3.91128302,-0.07523150,-0.00416275,-0.00976801,0.28146693,
18781,-0.45458496,-0.15824799,9.72350407,5.00000000,0.02094727,-0.04995117,-0.02981999,-0.02247191,-0.00962142,0.13523810,0.01150183,-0.00102889,0.01967087,-0.02291209,0.01189291,4.00553083,-4.00203991,-0.02247224,-0.00466816,-0.00976801,0.28864518,
18790,-0.59584290,0.11708520,9.00045490,6.00000000,0.02578125,-0.04189453,0.07596560,0.01056943,0.00130354,0.13523810,0.01150183,-0.01748848,0.02197364,-0.02899948,0.01189291,3.91651869,-3.85717773,0.01056920,-0.00466902,-0.00732601,0.28256276,
18798,0.14157125,-0.92439252,9.48887253,6.00000000,0.03383789,-0.04189453,-0.03088587,0.06692626,0.01302789,0.13523810,0.01150183,0.02983357,0.03748016,-0.03316280,0.01189291,3.80132723,-3.90255642,0.06692607,-0.00461874,-0.00732601,0.28411788,
18806,-0.04996488,-0.00023068,10.35796738,6.00000000,0.06445312,-0.06445312,-0.02635599,0.07078996,0.01715806,0.13523810,0.01150183,-0.04372158,0.03040317,-0.04342684,0.01189291,3.93746281,-3.78910995,0.07078950,-0.00405805,-0.00732601,0.28522056,
18814,-0.44021976,-0.34260154,10.92539310,6.00000000,0.04350586,-0.08217774,-0.01516456,0.05147143,0.01489313,0.13523810,0.01150183,0.02366121,0.03760744,-0.03477262,0.01189291,3.96015191,-4.04043722,0.05147133,-0.00323307,-0.00732601,0.29375306,
18822,0.19184949,0.22243008,10.35796738,6.00000000,0.04672851,-0.05317383,0.03413099,-0.04738615,0.00063738,0.13523810,0.01150183,0.06275378,0.02463720,-0.01287457,0.01189291,3.89033890,-4.10326910,-0.04738602,-0.00292522,-0.00732601,0.28633279,
18830,0.93405199,-0.50061882,9.38592148,6.00000000,0.04672851,-0.02739258,0.01121522,-0.03113195,0.02315346,0.13523810,0.01150183,0.00977305,0.01980578,-0.02050922,0.01189291,3.93397212,-3.96713352,-0.03113171,-0.00363046,-0.00732601,0.28415802,
18838,-0.76822537,-0.08642194,10.30050659,6.00000000,0.03383789,-0.05317383,-0.03355048,0.00870420,0.03501104,0.13523810,0.01150183,-0.02108931,0.02457470,-0.03243809,0.01189291,4.07534361,-4.00378513,0.00870370,-0.00353608,-0.00732601,0.29349944,
18846,0.11523504,-0.03853791,9.64449501,6.00000000,0.03061523,-0.05478515,-0.02222583,0.00670573,0.04367107,0.13523810,0.01150183,0.02211807,0.02903926,-0.02670958,0.01189291,3.96887851,-4.04392767,0.00670572,-0.00345880,-0.00732601,0.29095042,
18853,0.25409874,0.28467932,9.42422867,5.00000000,0.04350586,-0.04189453,0.01694417,-0.01327896,0.02941533,0.13523810,0.01150183,0.06018184,0.02994374,-0.01869182,0.01189291,3.91302824,-4.11723137,-0.01327877,-0.00350335,-0.00732601,0.29013422,
18862,0.75209266,-0.45034060,9.35719109,6.00000000,0.05961914,-0.04995117,-0.00543869,0.02375933,0.01529282,0.13523810,0.01150183,0.01800327,0.03034556,-0.02894358,0.01189291,3.93222690,-3.99331331,0.02375911,-0.00403125,-0.00732601,0.28902337,
18870,-0.49528641,-0.07923934,10.87511539,6.00000000,0.04511719,-0.05961914,0.02613712,0.02562457,0.02701717,0.13523810,0.01150183,0.00617254,0.03008491,-0.03146506,0.01189291,3.98633194,-4.00727606,0.02562425,-0.00374404,-0.00732601,0.29162601,
18878,0.61562318,0.28946772,10.28614140,6.00000000,0.04028320,-0.04995117,0.01667770,-0.04032490,0.02781656,0.13531746,0.01150183,0.06995510,0.02423746,-0.01076664,0.01186147,3.75943899,-3.99680400,-0.04032500,-0.00377510,-0.00732601,0.27824029,
18886,0.17748427,0.05962436,9.80490685,6.00000000,0.04995117,-0.02094727,0.01880939,-0.01740913,0.04034029,0.13531746,0.01150183,0.00154353,0.02001687,-0.02262825,0.01185149,3.89382958,-3.89906549,-0.01740883,-0.00415526,-0.00732601,0.28123024,
18894,-0.56471825,-0.65145355,9.30930710,6.00000000,0.02900391,-0.05478515,-0.08311249,0.02216055,0.04806771,0.13523810,0.01150183,-0.04629337,0.02186252,-0.03564405,0.01187863,4.00902128,-3.85194159,0.02216096,-0.00419924,-0.00732601,0.28656659,
18902,0.12720604,0.40199521,9.25424004,6.00000000,0.02255859,-0.06284180,0.00495335,0.03948062,0.03327904,0.13523810,0.01150183,0.04423634,0.03566828,-0.02802712,0.01188678,3.83797884,-3.98807740,0.03948067,-0.00407789,-0.00732601,0.28655693,
18910,0.69223768,-0.01459589,9.72589779,6.00000000,0.06123047,-0.04189453,0.05584769,0.01869654,0.02262054,0.13523810,0.01150183,0.08075710,0.03606914,-0.01987131,0.01189028,3.75943899,-4.03345585,0.01869690,-0.00403308,-0.00732601,0.28384796,
18918,0.35944360,-0.26838127,10.26938152,6.00000000,0.06123047,-0.05317383,0.01321369,0.06466132,0.01102942,0.13523810,0.01150183,0.00102873,0.03555096,-0.03803047,0.01189178,3.94618964,-3.94968009,0.06466138,-0.00407111,-0.00732601,0.29091322,
18925,-0.23671262,-0.68736655,11.13608265,5.00000000,0.04028320,-0.06445312,-0.07591801,0.02269348,0.03514427,0.13523810,0.01150183,-0.02520426,0.02603274,-0.03482468,0.01189243,4.02996492,-3.94444418,0.02269263,-0.00352800,-0.00732601,0.29071754,
18934,1.06333888,0.64380956,9.35958576,6.00000000,0.04511719,-0.05800781,0.01774355,-0.03313041,0.05086556,0.13523810,0.01150183,0.05143748,0.02325676,-0.01413703,0.01189271,3.80307245,-3.97760534,-0.03312941,-0.00392240,-0.00732601,0.27964771,
18942,-0.04996488,-0.36414933,9.99404907,6.00000000,0.03867187,-0.03061523,-0.00663777,-0.00022230,0.00143677,0.13523810,0.01150183,0.03292004,0.02729670,-0.02244985,0.01189283,3.88510299,-3.99680400,-0.00022245,-0.00417136,-0.00732601,0.28570300,
18950,0.39296243,-0.49822465,9.34043217,6.00000000,0.03706055,-0.05156250,0.02054141,0.03295228,0.02648424,0.13523810,0.01150183,-0.01234480,0.02649017,-0.03222936,0.01189288,3.86066818,-3.81878042,0.03295295,-0.00439116,-0.00732601,0.28076908,
18958,-0.23431841,0.09793159,9.98926067,6.00000000,0.03544922,-0.04511719,0.00761797,0.05000588,0.03567720,0.13523810,0.01150183,0.06532551,0.03929646,-0.02664671,0.01189290,3.74373126,-3.96538806,0.05000554,-0.00414042,-0.00732601,0.28308094,
18966,0.92686939,0.20567065,9.50563145,6.00000000,0.06928711,-0.04672851,0.06091047,0.04347755,0.03700951,0.13523810,0.01150183,0.04680803,0.03638877,-0.02812507,0.01189291,3.74373126,-3.90255642,0.04347713,-0.00382368,-0.00976801,0.28033006,
18974,-0.12657933,-0.69933760,10.58781052,6.00000000,0.05156250,-0.06767578,-0.01902827,0.06945765,0.02954856,0.13523810,0.01150183,0.01697445,0.03989363,-0.03858426,0.01189292,3.94095349,-3.99854946,0.06945758,-0.00339885,-0.00976801,0.29284269,
18982,0.49351892,-0.28753489,9.87194443,6.00000000,0.05478515,-0.06767578,-0.00876946,-0.01860821,0.06205699,0.13523810,0.01150183,0.01491717,0.02326222,-0.02270343,0.01189292,3.89557481,-3.94618964,-0.01860782,-0.00297343,-0.00732601,0.28291488,
18990,0.06735100,0.06441276,9.89109802,6.00000000,0.05478515,-0.02739258,-0.02742184,-0.00088845,0.07058378,0.13523810,0.01150183,0.05709557,0.03211731,-0.02155028,0.01189291,3.89732027,-4.09105158,-0.00088852,-0.00312399,-0.00732601,0.28951406,
18997,-0.04757068,-0.24443926,9.84321404,5.00000000,0.04833984,-0.04833984,0.00668535,-0.00595124,0.03900798,0.13523810,0.01150183,0.03909266,0.02895774,-0.02265539,0.01189291,3.91651869,-4.04916382,-0.00595142,-0.00310826,-0.00732601,0.28832451,
19006,0.06735100,-0.09360455,9.60858250,6.00000000,0.02900391,-0.05156250,0.00055671,0.02122793,0.06405545,0.13523810,0.01150183,0.05246637,0.03597891,-0.02643720,0.01189291,3.94618964,-4.12421322,0.02122770,-0.00319061,-0.00732601,0.29409114,
19014,0.50788414,-0.19655523,9.74265766,6.00000000,0.05800781,-0.03544922,0.03892732,0.00390787,0.07764504,0.13523810,0.01150183,0.07458447,0.03486141,-0.02015419,0.01189291,3.87114024,-4.12421322,0.00390792,-0.00329337,-0.00732601,0.29011491,
19022,-0.04757068,0.11229680,10.02996159,6.00000000,0.05961914,-0.03383789,-0.00290730,0.02309317,0.05686097,0.13523810,0.01150183,0.03600644,0.03379792,-0.02813637,0.01189291,3.92873621,-4.05090952,0.02309363,-0.00322240,-0.00732601,0.29093638,
19030,0.17030168,-0.87172008,10.23586273,6.00000000,0.04672851,-0.06123047,0.00135610,-0.00395277,0.03581043,0.13523810,0.01150183,0.02880500,0.02831256,-0.02443190,0.01189291,3.94968009,-4.04741859,-0.00395282,-0.00309115,-0.00732601,0.28960821,
19038,0.01228436,0.19369966,10.25022793,6.00000000,0.04833984,-0.05317383,0.00508659,0.01136882,0.06059144,0.13523810,0.01150183,0.08847245,0.03762827,-0.01961778,0.01189291,3.80656314,-4.10675955,0.01136870,-0.00311611,-0.00732601,0.28768215,
19046,0.19424370,0.01174032,9.77857018,6.00000000,0.05961914,-0.02578125,0.03919379,-0.01287926,0.06325607,0.13523810,0.01150183,0.02726216,0.02555636,-0.02206836,0.01189291,3.87463093,-3.96713352,-0.01287856,-0.00312186,-0.00732601,0.28333023,
19054,0.32831898,-0.06726833,9.35719109,6.00000000,0.03383789,-0.03867187,-0.04820592,0.01096913,0.04540308,0.13523810,0.01150183,-0.02571886,0.02400518,-0.03295091,0.01189291,4.01425743,-3.92699075,0.01096911,-0.00327013,-0.00732601,0.28866550,
19062,-0.26304883,0.09074898,9.54872704,6.00000000,0.03544922,-0.06928711,0.03359807,0.01536576,0.01515959,0.13523810,0.01150183,0.07767081,0.03756827,-0.02209501,0.01189291,3.86939478,-4.13293982,0.01536665,-0.00313785,-0.00732601,0.29119870,
19069,0.12481184,-0.05050892,9.94137669,5.00000000,0.07250977,-0.04350586,0.01494569,0.01083590,0.02341992,0.13523810,0.01150183,0.09310201,0.03941150,-0.02030764,0.01189291,3.90081096,-4.21671581,0.01083640,-0.00301602,-0.00732601,0.29504600,
19078,0.16551328,-0.24683346,10.64766598,6.00000000,0.05317383,-0.02416992,-0.02036058,-0.01767559,0.01782421,0.13523810,0.01150183,-0.02623406,0.02061098,-0.02976199,0.01189291,4.11548662,-4.02647448,-0.01767667,-0.00304763,-0.00976801,0.29386461,
19086,0.27564654,-0.07205673,9.91025162,6.00000000,0.02416992,-0.06284180,-0.05033761,-0.00874910,0.05526219,0.13523810,0.01150183,-0.01646018,0.02305328,-0.02987259,0.01189291,4.09105158,-4.03520107,-0.00874859,-0.00322323,-0.00976801,0.29394239,
19094,-0.48092118,0.69648200,10.47288895,6.00000000,0.04511719,-0.05800781,0.03413099,-0.01447804,0.01862360,0.13523810,0.01150183,0.07921351,0.03382467,-0.01807878,0.01189291,4.00203991,-4.27082062,-0.01447764,-0.00319399,-0.00732601,0.29884160,
19102,0.22536832,-0.30190009,9.59182262,6.00000000,0.05961914,-0.03061523,0.03612946,-0.05204925,0.02195438,0.13523810,0.01150183,0.03909264,0.02150292,-0.01534601,0.01189291,4.03345585,-4.16610098,-0.05204881,-0.00342126,-0.00732601,0.29346037,
19110,0.33789578,-0.59638691,10.03235626,6.00000000,0.02255859,-0.02578125,-0.01702981,-0.02327130,0.05739389,0.13523810,0.01725275,-0.02366109,0.01798069,-0.02791048,0.01189291,4.09628773,-4.01600266,-0.02327126,-0.00380963,-0.00976801,0.29238343,
19118,0.00031335,0.05723016,9.62534142,6.00000000,0.02900391,-0.05478515,-0.03341725,-0.01381188,0.03541074,0.13523810,0.01725275,0.03960710,0.02635110,-0.02132133,0.01189291,3.93746281,-4.07185316,-0.01381180,-0.00397252,-0.00976801,0.28933632,
19126,-0.17925178,0.26791990,10.01799107,6.00000000,0.04833984,-0.04995117,0.04905289,0.01163528,0.04447046,0.13523810,0.01725275,0.05349521,0.03340080,-0.02501608,0.01189291,4.02996492,-4.21147966,0.01163540,-0.00410362,-0.00732601,0.29959589,
19134,-0.04996488,-0.40006238,10.41063976,6.00000000,0.04833984,-0.03544922,-0.01729626,-0.02633562,0.03447812,0.13523810,0.01725275,0.02880504,0.02376134,-0.02131923,0.01189291,4.07359838,-4.17133713,-0.02633578,-0.00398540,-0.00732601,0.29696959,
19141,0.75927532,-0.09121035,10.05150986,5.00000000,0.03061523,-0.04028320,-0.01956121,-0.04365569,0.03447812,0.13523810,0.01725275,-0.02366065,0.01229540,-0.02230064,0.01189291,4.05963612,-3.97935081,-0.04365534,-0.00463773,-0.00732601,0.28824830,
19150,-0.21755899,-0.26838127,9.94616508,6.00000000,0.02578125,-0.05156250,-0.00743715,-0.01914113,0.07817797,0.13523810,0.01725275,0.03652071,0.02431076,-0.02003722,0.01189291,4.00902128,-4.13293982,-0.01914078,-0.00475165,-0.00732601,0.29375833,
19158,-0.15052135,0.47142705,9.39549828,6.00000000,0.04028320,-0.04028320,-0.00757038,-0.00248723,0.01875683,0.13523810,0.01725275,0.06841190,0.03133350,-0.01948129,0.01189291,3.97411466,-4.20624352,-0.00248735,-0.00475195,-0.00732601,0.29635763,
19166,0.07692781,-1.32183003,9.97968388,6.00000000,0.04189453,-0.02900391,0.02333926,0.01962916,0.04926679,0.13523810,0.01725275,0.01234513,0.02912393,-0.03043752,0.01189291,4.07359838,-4.11548662,0.01962865,-0.00478703,-0.00976801,0.29827741,
19174,0.59168118,0.31340975,9.81687832,6.00000000,0.04350586,-0.05317383,-0.00104205,0.01563222,0.04646893,0.13523810,0.01725275,0.02520431,0.02875578,-0.02704651,0.01189291,3.94618964,-4.03171062,0.01563268,-0.00473516,-0.00976801,0.29033217,
19182,0.20860890,-0.53653187,9.75941658,6.00000000,0.05317383,-0.06284180,0.00495335,0.01456637,0.00809833,0.13523810,0.01725275,0.06944057,0.03391910,-0.02177031,0.01189291,3.90255642,-4.13817596,0.01456630,-0.00462444,-0.00732601,0.29253262,
19190,-0.28699085,0.02610553,10.51119614,6.00000000,0.04672851,-0.03867187,0.01348015,-0.01487774,0.04726832,0.13523810,0.01725275,0.02674787,0.02450595,-0.02252099,0.01189291,4.03520107,-4.12595844,-0.01487687,-0.00442017,-0.00732601,0.29476348,
19198,0.67547822,-0.34260154,9.66125488,6.00000000,0.03383789,-0.03222656,-0.02915385,-0.02726824,0.03874152,0.13523810,0.01150183,-0.01645979,0.01603434,-0.02293675,0.01189291,4.01600266,-3.96015191,-0.02726852,-0.00492818,-0.00732601,0.28715870,
19206,-0.08108950,0.15778662,9.93898201,6.00000000,0.03383789,-0.05317383,-0.01276640,-0.00968171,0.02222084,0.13523810,0.01150183,0.00257194,0.02150273,-0.02386072,0.01189291,4.00029469,-4.00902128,-0.00968171,-0.00505268,-0.00732601,0.28963578,
19213,-0.27023143,-0.06008573,9.57506371,5.00000000,0.03867187,-0.05317383,0.03359807,0.02522487,0.02075530,0.13523810,0.01150183,0.03446309,0.03194949,-0.02666914,0.01189291,3.94444418,-4.06138134,0.02522465,-0.00480306,-0.00732601,0.29203996,
19222,-0.08348370,0.25594890,9.64928341,6.00000000,0.03867187,-0.03867187,0.02587065,0.01256790,-0.00589095,0.13523810,0.01725275,0.06686889,0.03376899,-0.02223165,0.01189291,3.90604687,-4.13293982,0.01256758,-0.00452842,-0.00976801,0.29232442,
19230,0.84546655,-0.06008573,9.58703423,6.00000000,0.04672851,-0.04028320,-0.02076028,0.01243467,0.01609221,0.13523810,0.01725275,0.00720137,0.02581327,-0.02836814,0.01189291,3.99854946,-4.02298403,0.01243438,-0.00508446,-0.00976801,0.29168209,
19238,0.20382050,0.20088226,10.53274441,6.00000000,0.05317383,-0.06928711,-0.01583072,0.03028766,0.02701717,0.13523810,0.01725275,-0.05040839,0.02283208,-0.03892893,0.01189291,4.14166641,-3.97062397,0.03028707,-0.00504753,-0.00976801,0.29626632,
19246,0.22536832,0.07638377,10.13051796,6.00000000,0.03222656,-0.06606445,-0.04207728,-0.00461893,-0.01588329,0.13523810,0.01725275,0.02931914,0.02664183,-0.02402447,0.01189291,4.04567337,-4.14515686,-0.00461850,-0.00485056,-0.00976801,0.29658273,
19254,0.26606974,0.37087059,9.70674419,6.00000000,0.02578125,-0.04350586,0.01801001,-0.03805997,-0.01175312,0.13523810,0.01725275,0.01440258,0.01725335,-0.01826363,0.01189291,3.99854946,-4.04741859,-0.03805996,-0.00506752,-0.00732601,0.28890699,
19262,0.35704941,-0.57483912,9.75702286,6.00000000,0.03544922,-0.04028320,-0.00970209,-0.00488539,0.00796510,0.13523810,0.01725275,-0.02366116,0.01813797,-0.02803688,0.01189291,4.05789042,-3.97760534,-0.00488555,-0.00548908,-0.00732601,0.29093248,
19270,-0.16728076,0.88083553,9.68040848,6.00000000,0.03061523,-0.05961914,-0.02848769,0.03868123,-0.01068727,0.13523810,0.01150183,-0.02983396,0.02604499,-0.03591022,0.01189291,4.07708931,-3.97586012,0.03868058,-0.00553850,-0.00732601,0.29472378,
19278,-0.17925178,-0.24443926,10.14488316,6.00000000,0.03222656,-0.05800781,0.02027495,0.02029531,-0.00069493,0.13523810,0.01150183,0.01131638,0.02796903,-0.02817142,0.01189291,3.98807740,-4.02647448,0.02029534,-0.00508868,-0.00732601,0.29199889,
19285,0.68744922,0.35411116,9.79054165,5.00000000,0.04028320,-0.05156250,0.00215550,0.00244233,-0.00389248,0.13523810,0.01150183,0.01234511,0.02455284,-0.02456938,0.01189291,3.97760534,-4.01949310,0.00244249,-0.00522386,-0.00732601,0.29007187,
19294,0.28282917,-0.79749984,10.42979336,6.00000000,0.04672851,-0.05639648,-0.03754740,0.00683896,-0.00402571,0.13523810,0.01150183,-0.02263257,0.02151934,-0.02977929,0.01189291,4.07359838,-3.99680400,0.00683940,-0.00531467,-0.00732601,0.29304790,
19302,-0.10263732,0.49297488,10.18797874,6.00000000,0.03867187,-0.05639648,-0.01782919,-0.00182107,0.01609221,0.13523810,0.01150183,-0.01800286,0.02138324,-0.02857476,0.01189291,4.12770367,-4.06661701,-0.00182094,-0.00519448,-0.00732601,0.29691207,
19310,0.22297411,-0.28753489,9.66604328,6.00000000,0.02900391,-0.04672851,-0.01343257,-0.01434481,-0.02014669,0.13523810,0.01725275,0.00565817,0.02059282,-0.02359711,0.01189291,4.04392767,-4.06312656,-0.01434441,-0.00528040,-0.00732601,0.29284072,
19318,0.74251586,-0.27316967,9.36437416,6.00000000,0.02900391,-0.04672851,-0.02888740,-0.00328662,-0.00589095,0.13523810,0.01725275,0.00205751,0.02134192,-0.02516459,0.01189291,3.99505854,-4.00203991,-0.00328669,-0.00541941,-0.00732601,0.28965652,
19326,-0.22474161,-0.55089706,9.86955070,6.00000000,0.04511719,-0.05800781,-0.01236672,0.05360313,-0.00695680,0.13523810,0.01150183,-0.03909238,0.02872220,-0.04072230,0.01189291,4.15039301,-4.01774788,0.05360232,-0.00526294,-0.00732601,0.29998130,
19334,0.02904378,0.03807654,10.07066345,6.00000000,0.04028320,-0.06767578,-0.03115232,0.01323406,-0.00735649,0.13523810,0.01150183,-0.00308622,0.02591650,-0.02953581,0.01189291,4.06138134,-4.05090952,0.01323378,-0.00482840,-0.00732601,0.29503000,
19342,0.93884045,-0.19176681,9.89349270,6.00000000,0.03222656,-0.04995117,0.03266545,-0.02060668,-0.02534271,0.13523810,0.01150183,-0.00720111,0.01787626,-0.02258149,0.01189291,4.03171062,-4.00727606,-0.02060654,-0.00552369,-0.00732601,0.28991926,
19350,0.42887545,-0.57244492,10.23586273,6.00000000,0.03706055,-0.05317383,-0.02782153,0.00537342,-0.00522479,0.13523810,0.01150183,-0.00462961,0.02252576,-0.02654834,0.01189291,4.02822018,-4.01251173,0.00537332,-0.00580302,-0.00732601,0.29186606,
19357,-0.36839372,-0.03614371,9.91264629,5.00000000,0.03867187,-0.05156250,-0.03168524,0.00217587,0.01049649,0.13523810,0.01150183,-0.01285918,0.02147438,-0.02744773,0.01189291,4.07534361,-4.03171062,0.00217585,-0.00572027,-0.00732601,0.29403844,
19366,-0.06193589,-0.40006238,9.72829247,6.00000000,0.02578125,-0.03867187,-0.03261786,-0.01514420,0.02648424,0.13523810,0.01150183,-0.02160373,0.01739126,-0.02548107,0.01189291,4.09279728,-4.01949310,-0.01514415,-0.00567001,-0.00732601,0.29297259,
19374,0.65153623,-0.02656690,9.41944027,6.00000000,0.02578125,-0.04350586,-0.00543869,0.00017740,-0.00735649,0.13523810,0.01150183,0.02057497,0.02366321,-0.02175950,0.01189291,3.96189737,-4.03171062,0.00017729,-0.00624832,-0.00732601,0.28978118,
19382,0.01467856,-0.93157512,9.80730152,6.00000000,0.04995117,-0.05800781,-0.00024267,0.05253728,-0.00802265,0.13523810,0.01150183,0.02983351,0.03539339,-0.03114237,0.01189291,4.03869200,-4.13992071,0.05253744,-0.00622575,-0.00732601,0.30028370,
19390,-0.14333874,0.04286494,10.09939384,6.00000000,0.04995117,-0.05317383,0.00628566,0.02788950,-0.00189401,0.13523810,0.01150183,0.01234511,0.02916375,-0.02910900,0.01189291,4.03520107,-4.07708931,0.02788951,-0.00571846,-0.00732601,0.29609245,
19398,0.77364051,-0.30429429,10.26459312,6.00000000,0.03383789,-0.04350586,-0.03101910,0.00324172,-0.00802265,0.13523810,0.01150183,-0.00154326,0.02305881,-0.02636108,0.01189291,4.08756113,-4.08232498,0.00324163,-0.00594533,-0.00732601,0.29639339,
19406,0.60844058,0.38523579,10.05390358,6.00000000,0.04189453,-0.05800781,-0.02076028,-0.02247191,-0.00056170,0.13523810,0.01150183,-0.00514377,0.01690963,-0.02114818,0.01189291,4.06138134,-4.04392767,-0.02247145,-0.00642495,-0.00732601,0.29218823,
19414,-0.31093287,-0.09839296,9.77138805,6.00000000,0.03061523,-0.04833984,-0.04021204,0.02962150,-0.02174547,0.13523810,0.01150183,-0.01954629,0.02433679,-0.03181570,0.01189291,4.06312656,-3.99680400,0.02962145,-0.00648221,-0.00732601,0.29431999,
19422,-0.45219076,-0.06487413,9.87433910,6.00000000,0.03222656,-0.04672851,-0.02369136,0.00297525,0.00903095,0.13523810,0.01150183,-0.02726162,0.01907082,-0.02844714,0.01189291,4.07359838,-3.98109603,0.00297482,-0.00610744,-0.00732601,0.29219839,
19429,1.03221428,0.36847639,9.19917393,5.00000000,0.03061523,-0.04995117,-0.00610483,0.02189409,-0.02560917,0.13523810,0.01150183,0.01440234,0.02566189,-0.02515733,0.01189291,3.93746281,-3.98633194,0.02189438,-0.00683121,-0.00732601,0.28882486,
19438,-0.55035305,-0.19416103,10.20234394,6.00000000,0.04511719,-0.05961914,0.02200695,0.04867357,-0.00415894,0.13523810,0.01150183,0.00102882,0.03026752,-0.03283460,0.01189291,4.05789042,-4.06138134,0.04867343,-0.00670669,-0.00732601,0.29785240,
19446,-0.00686925,0.26791990,10.15206623,6.00000000,0.05478515,-0.05800781,0.00162257,0.04907326,0.01529282,0.13523810,0.01150183,-0.00411534,0.03018965,-0.03396358,0.01189291,4.05614519,-4.04218245,0.04907285,-0.00629125,-0.00732601,0.29712215,
19454,-0.23910682,-0.18697841,10.62851238,6.00000000,0.03544922,-0.05317383,-0.02355813,0.00910389,-0.00335955,0.13523810,0.01150183,0.00308618,0.02467921,-0.02686774,0.01189291,4.05439997,-4.06487179,0.00910354,-0.00572849,-0.00732601,0.29498360,
19462,0.82631296,0.37326479,10.06587505,6.00000000,0.03706055,-0.05639648,-0.01249995,-0.02180576,0.02035561,0.13523810,0.01150183,-0.00051441,0.01842207,-0.02155595,0.01189291,4.04567337,-4.04392767,-0.02180606,-0.00575448,-0.00732601,0.29166707,
19470,-0.37797052,-0.05290312,9.63012981,6.00000000,0.04511719,-0.04995117,-0.01369903,0.02975473,0.00436786,0.13523810,0.01150183,0.01285932,0.03016054,-0.02997854,0.01189291,4.08756113,-4.13119411,0.02975423,-0.00573649,-0.00732601,0.30008706,
19478,-0.70358193,0.05244175,9.77857018,6.00000000,0.04028320,-0.05156250,-0.02768830,0.00803804,0.01382728,0.13523810,0.01150183,-0.00977319,0.02414240,-0.02936368,0.01189291,4.13468504,-4.10152388,0.00803811,-0.00537470,-0.00732601,0.29914531,
19486,0.83588976,-0.07923934,9.20635605,6.00000000,0.02900391,-0.04350586,-0.00970209,0.01016974,0.02115499,0.13523810,0.01150183,0.00257199,0.02455765,-0.02685994,0.01189291,3.99505854,-4.00378513,0.01016941,-0.00540688,-0.00732601,0.29069537,
19494,0.53422034,-0.47667682,10.36275578,6.00000000,0.04350586,-0.05800781,-0.01210024,0.03814830,0.00609986,0.13523810,0.01150183,0.03240539,0.03340178,-0.02858011,0.01189291,3.99680400,-4.10675955,0.03814804,-0.00568132,-0.00732601,0.29651991,
19501,-0.10981993,0.33495754,10.15206623,5.00000000,0.05478515,-0.05800781,0.00681859,0.03068735,0.02341992,0.13523810,0.01150183,0.01131641,0.03008553,-0.03025948,0.01189291,4.03869200,-4.07708931,0.03068775,-0.00535023,-0.00732601,0.29642192,
19510,-0.01405186,-0.48625362,10.31726646,6.00000000,0.03544922,-0.04350586,-0.01170055,-0.00635093,0.01755775,0.13523810,0.01725275,0.00257194,0.02201337,-0.02571840,0.01189291,4.05265427,-4.06138134,-0.00635110,-0.00507212,-0.00732601,0.29367331,
19518,0.90053320,0.10990259,9.53915024,6.00000000,0.03383789,-0.04511719,-0.01409871,-0.03872612,0.02248731,0.13523810,0.01725275,0.02366136,0.01759456,-0.01642481,0.01189291,3.95317078,-4.03345585,-0.03872580,-0.00527202,-0.00732601,0.28670758,
19526,-0.21995321,-0.60596371,9.74744606,6.00000000,0.04350586,-0.04833984,-0.01876181,0.04560925,0.03261288,0.13523810,0.01725275,0.03034802,0.03415190,-0.03114754,0.01189291,4.00553083,-4.10850477,0.04560891,-0.00549868,-0.00732601,0.29744044,
19534,-0.44979656,-0.00262489,9.81927204,6.00000000,0.04511719,-0.05317383,-0.01503133,0.03188644,0.03154703,0.13523810,0.01725275,0.02314692,0.03181571,-0.03054609,0.01189291,4.04916382,-4.12770367,0.03188661,-0.00503749,-0.00732601,0.29872316,
19542,0.80476511,-0.17500740,9.42662334,6.00000000,0.04189453,-0.04511719,-0.00423960,0.02642395,0.02834948,0.13523810,0.01725275,0.02468997,0.03050784,-0.02889602,0.01189291,4.04567337,-4.12944889,0.02642405,-0.00538602,-0.00732601,0.29826394,
19550,0.64674783,-0.26598707,10.09460545,6.00000000,0.05317383,-0.05156250,0.00082318,0.00310848,0.01569251,0.13523810,0.01725275,0.04475070,0.02896929,-0.02269194,0.01189291,4.02298403,-4.17482758,0.00310843,-0.00524406,-0.00732601,0.29739603,
19558,0.41211605,0.12426780,9.85997391,6.00000000,0.05156250,-0.06445312,-0.01663011,0.01403345,0.02421931,0.13523810,0.01725275,0.03394909,0.03015723,-0.02639777,0.01189291,4.10152388,-4.21671581,0.01403355,-0.00540586,-0.00732601,0.30255362,
19566,-0.41627774,-0.68018395,10.80328941,6.00000000,0.03544922,-0.04672851,-0.04940500,-0.00715032,0.03261288,0.13523810,0.01725275,-0.00308643,0.02233081,-0.02737268,0.01189291,4.15562916,-4.14515686,-0.00715043,-0.00504303,-0.00732601,0.30038509,
19573,1.11601138,0.57198352,9.46732426,5.00000000,0.03544922,-0.03867187,0.00068995,-0.01674297,0.05459604,0.13523810,0.01725275,0.01800312,0.02163447,-0.02173458,0.01189291,4.04392767,-4.10501432,-0.01674277,-0.00544241,-0.00732601,0.29418531,
19582,0.45521167,-0.23965086,10.02756786,6.00000000,0.04511719,-0.04511719,0.01081552,0.00270879,0.01382728,0.13523810,0.01150183,0.03292004,0.02772359,-0.02288894,0.01189291,4.02298403,-4.13468504,0.00270877,-0.00568344,-0.00976801,0.29591188,
19590,-0.02602286,-0.29950589,9.78814697,6.00000000,0.04511719,-0.05478515,0.03226575,0.01696453,0.02222084,0.13523810,0.01150183,0.04989427,0.03234197,-0.02345632,0.01189291,3.98982286,-4.15911961,0.01696449,-0.00563331,-0.00976801,0.29662907,
19598,-0.08108950,-0.05050892,9.79772377,6.00000000,0.04511719,-0.04189453,-0.01249995,0.02229378,0.02888240,0.13523810,0.01150183,0.01543152,0.02946983,-0.02869885,0.01189291,4.07534361,-4.12770367,0.02229394,-0.00541135,-0.00732601,0.29897681,
19606,0.53182614,0.23679528,9.55830383,6.00000000,0.04511719,-0.03867187,-0.03101910,0.00111002,0.03128057,0.13523810,0.01150183,0.02623334,0.02689578,-0.02363981,0.01189291,4.05265427,-4.14166641,0.00111030,-0.00537340,-0.00732601,0.29712462,
19614,0.14875387,0.25355470,9.85039711,6.00000000,0.05156250,-0.05639648,-0.02102674,0.03148674,0.00370170,0.13523810,0.01150183,-0.00668688,0.02990210,-0.03432261,0.01189291,4.23067808,-4.20798874,0.03148621,-0.00541249,-0.00732601,0.30818442,
19622,-0.31093287,-0.88129693,10.49922562,6.00000000,0.04189453,-0.06928711,-0.01676335,0.00803804,0.02488547,0.13523810,0.01150183,0.02931950,0.03010829,-0.02609707,0.01189291,4.14515686,-4.24464083,0.00803809,-0.00505420,-0.00732601,0.30471292,
19630,0.48394209,0.54325312,10.35557365,6.00000000,0.03383789,-0.04833984,0.02427188,-0.03099871,0.00090384,0.13523810,0.01150183,0.03703529,0.02423450,-0.01852278,0.01189291,4.13293982,-4.25860357,-0.03099858,-0.00511839,-0.00976801,0.30194607,
19638,0.74969846,-0.26359287,9.84800243,6.00000000,0.04350586,-0.02900391,-0.01503133,-0.04485477,0.01635867,0.13523810,0.01150183,-0.03703440,0.01132221,-0.02314622,0.01189291,4.19751692,-4.07185316,-0.04485310,-0.00577945,-0.00976801,0.29651275,
19645,0.12002344,0.65817475,9.24226952,5.00000000,0.02416992,-0.04672851,0.02467158,-0.02047345,0.00463432,0.13523810,0.01150183,0.00874431,0.02069213,-0.02164157,0.01189291,4.12421322,-4.15388346,-0.02047419,-0.00615672,-0.00976801,0.29859662,
19654,0.01707277,-0.81904769,9.62773609,6.00000000,0.02900391,-0.04833984,-0.05206963,0.02362610,-0.00109462,0.13523810,0.01150183,0.06069608,0.03413517,-0.02268918,0.01189291,4.02472925,-4.23067808,0.02362620,-0.00629505,-0.00732601,0.30097145,
19662,0.33789578,0.33016914,9.92701149,6.00000000,0.03544922,-0.03867187,0.05384922,0.00697219,0.01209527,0.13523810,0.01150183,-0.00874438,0.02170082,-0.02669703,0.01189291,4.04043722,-4.01076651,0.00697206,-0.00629766,-0.00732601,0.29236159,
19670,0.33550158,-1.11353445,9.60139942,6.00000000,0.04833984,-0.04350586,-0.01449841,0.04001354,0.02768333,0.13523810,0.01150183,-0.01954626,0.02772532,-0.03516900,0.01189291,4.13817596,-4.07185316,0.04001365,-0.00631899,-0.00976801,0.30051452,
19678,0.24212773,0.46903285,10.02756786,6.00000000,0.04995117,-0.07089844,0.01321369,0.01336729,-0.01055404,0.13523810,0.01150183,0.02314689,0.02833993,-0.02578525,0.01189291,4.07534361,-4.15388346,0.01336728,-0.00610254,-0.00976801,0.29927862,
19686,0.13438866,-0.27316967,10.07305717,6.00000000,0.03544922,-0.05800781,0.03026728,-0.00168784,0.01982268,0.13523810,0.01150183,0.07869922,0.03282413,-0.01720253,0.01189291,4.03171062,-4.29874611,-0.00168808,-0.00605653,-0.00976801,0.30185667,
19694,0.39296243,0.17454603,10.01320267,6.00000000,0.04350586,-0.02416992,-0.00250760,-0.03832643,0.04407077,0.13523810,0.01150183,-0.00514401,0.01569025,-0.01997375,0.01189291,4.14690256,-4.12944889,-0.03832661,-0.00623045,-0.00976801,0.29723909,
19702,0.24931033,-0.38809136,9.51999664,6.00000000,0.04350586,-0.03544922,-0.04900532,-0.00608447,0.04407077,0.13523810,0.01725275,-0.01697415,0.01850402,-0.02684425,0.01189291,4.16435575,-4.10675955,-0.00608432,-0.00662306,-0.00732601,0.29938680,
19710,-0.12657933,0.04525915,9.90306950,6.00000000,0.02578125,-0.06284180,0.01281399,0.00377464,0.03634335,0.13523810,0.01725275,0.03806368,0.02703253,-0.02235208,0.01189291,4.09454250,-4.22369671,0.00377438,-0.00665598,-0.00732601,0.30180982,
19717,0.60365218,-0.38330296,9.41704655,5.00000000,0.02739258,-0.04028320,0.06703911,0.01989562,0.01196204,0.13523810,0.01725275,0.10338926,0.03651353,-0.01636805,0.01189291,3.90604687,-4.25685787,0.01989582,-0.00684639,-0.00732601,0.29734772,
19726,0.60125798,-0.63708836,9.98686600,6.00000000,0.05639648,-0.02578125,0.01707739,0.02682365,0.03447812,0.13523810,0.01150183,0.03446315,0.03049984,-0.02524569,0.01189291,4.01774788,-4.13468504,0.02682359,-0.00694536,-0.00976801,0.29747036,
19734,0.51506674,-0.09360455,10.01559639,6.00000000,0.05478515,-0.04350586,-0.01876181,0.01469960,0.04180584,0.13523810,0.01150183,-0.04475018,0.01844864,-0.03192744,0.01189291,4.09803295,-3.94618964,0.01469852,-0.00683781,-0.00976801,0.29266873,
19742,-0.06193589,-0.03614371,10.28614140,6.00000000,0.02900391,-0.07089844,-0.01236672,0.01216821,0.02355316,0.13523810,0.01150183,0.04937966,0.02956314,-0.02082918,0.01189291,3.98807740,-4.15562916,0.01216859,-0.00665163,-0.00732601,0.29609159,
19750,0.40253925,-0.05050892,9.60858250,6.00000000,0.03867187,-0.04028320,0.03719532,-0.01088079,0.02781656,0.13523810,0.01150183,0.07149819,0.02763026,-0.01374689,0.01189291,3.92175484,-4.16435575,-0.01088058,-0.00666509,-0.00732601,0.29233262,
19758,0.08889882,-0.31387112,9.79054165,6.00000000,0.05317383,-0.02578125,0.01947556,0.02242702,0.03381196,0.13523810,0.01150183,0.02006099,0.02776568,-0.02592198,0.01189291,4.00029469,-4.06836271,0.02242654,-0.00676090,-0.00976801,0.29411471,
19766,0.33550158,-0.11754657,9.73308086,6.00000000,0.04672851,-0.04833984,-0.03434987,0.04347755,-0.00056170,0.13523810,0.01150183,-0.01543115,0.02770014,-0.03416856,0.01189291,4.08407068,-4.03171062,0.04347767,-0.00674237,-0.00976801,0.29734918,
19774,0.21579151,0.12187360,9.56788063,6.00000000,0.03706055,-0.07250977,0.04478949,0.05746683,-0.01375159,0.13523810,0.01150183,0.05760995,0.03950190,-0.02868349,0.01189291,3.98458672,-4.18006372,0.05746677,-0.00650048,-0.00976801,0.30013496,
19782,0.05298579,0.28467932,10.04911518,6.00000000,0.06123047,-0.05317383,0.04039286,0.03015443,-0.01401805,0.13523810,0.01150183,0.07252692,0.03670712,-0.02244505,0.01189291,3.93920803,-4.18529940,0.03015446,-0.00603913,-0.00976801,0.29669958,
19789,0.35465521,-0.45991740,10.19037342,5.00000000,0.06123047,-0.04189453,-0.00703745,0.00390787,0.00210293,0.13523810,0.01150183,-0.06481093,0.01607888,-0.03431169,0.01189291,4.19053555,-3.97062397,0.00390742,-0.00592007,-0.00976801,0.29612532,
19798,0.22297411,0.05244175,10.20952702,6.00000000,0.02900391,-0.07089844,-0.04527483,-0.01287926,-0.00335955,0.13523810,0.01150183,-0.02777599,0.01731055,-0.02685391,0.01189291,4.12246752,-4.02822018,-0.01287925,-0.00594290,-0.00976801,0.29452869,
19806,-0.21995321,0.15539242,9.61097622,6.00000000,0.01933594,-0.05800781,0.04758736,-0.00461893,-0.01974700,0.13523810,0.01150183,0.06738327,0.03002642,-0.01708261,0.01189291,3.94793463,-4.17657280,-0.00461882,-0.00585864,-0.00976801,0.29417852,
19814,-0.04996488,0.26791990,9.44817066,6.00000000,0.05156250,-0.02416992,0.05491506,0.00044386,-0.00202724,0.13523810,0.01150183,0.02829073,0.02581113,-0.02207883,0.01189291,3.96713352,-4.06312656,0.00044304,-0.00583298,-0.00976801,0.29112902,
19822,0.52703774,-0.30668849,9.57266903,6.00000000,0.04672851,-0.03706055,-0.02076028,0.03575014,0.00423463,0.13523810,0.01150183,-0.04989421,0.02282439,-0.03743969,0.01189291,4.10152388,-3.93222690,0.03575105,-0.00596677,-0.00976801,0.29381546,
19830,0.19184949,0.27749673,9.83124352,6.00000000,0.02739258,-0.07573242,-0.03208493,0.05333667,-0.00322632,0.13523810,0.01150183,-0.00874444,0.03135635,-0.03620176,0.01189291,4.04741859,-4.01774788,0.05333653,-0.00576216,-0.00976801,0.29622918,
19838,0.27085814,0.51691687,10.30529499,6.00000000,0.04511719,-0.06123047,0.06011109,0.03495075,-0.01015435,0.13523810,0.01150183,0.09207316,0.04083274,-0.02193314,0.01189291,3.91302824,-4.22544241,0.03495028,-0.00542220,-0.00976801,0.29755342,
19846,0.64674783,-0.37851456,9.95095348,6.00000000,0.06928711,-0.03706055,0.01534539,-0.02127283,-0.00868880,0.13523810,0.01150183,0.00411528,0.02088264,-0.02291187,0.01189291,4.08232498,-4.09628773,-0.02127350,-0.00510776,-0.00976801,0.29493237,
19854,0.43605807,-0.25401607,10.21431541,6.00000000,0.03222656,-0.04511719,-0.05166992,-0.01088079,0.01702483,0.13523810,0.01150183,-0.04886615,0.01600326,-0.03051138,0.01189291,4.17308235,-4.00727606,-0.01088145,-0.00547794,-0.00976801,0.29574910,
19861,0.12960024,0.22961268,9.77138805,5.00000000,0.02255859,-0.06284180,-0.01716303,-0.00488539,0.00117031,0.13523810,0.01150183,0.04012104,0.02737635,-0.02086424,0.01189291,4.01774788,-4.15388346,-0.00488588,-0.00561088,-0.00976801,0.29586738,
19870,0.10805243,0.24637209,9.56309223,6.00000000,0.04833984,-0.03867187,-0.00463931,0.00284202,-0.01668268,0.13523810,0.01150183,0.05503811,0.03039459,-0.02033892,0.01189291,3.98807740,-4.17482758,0.00284205,-0.00568230,-0.00976801,0.29611135,
19878,0.17269588,-0.36654353,9.45295906,6.00000000,0.05317383,-0.03222656,-0.00290730,0.01909623,-0.01108697,0.13523810,0.01150183,-0.03600605,0.02218864,-0.03357283,0.01189291,4.11025047,-3.98807740,0.01909570,-0.00569846,-0.00976801,0.29494876,
19886,0.13678285,-0.37612036,9.94855881,6.00000000,0.03061523,-0.06767578,-0.04554128,0.02842242,-0.00735649,0.13523810,0.01150183,-0.02880505,0.02450789,-0.03416190,0.01189291,4.06138134,-3.96364284,0.02842228,-0.00555522,-0.00976801,0.29296771,
19894,0.36183780,0.28946772,10.54710960,6.00000000,0.03544922,-0.07089844,0.00934999,0.02282671,-0.03107166,0.13523810,0.01150183,0.08795746,0.03781957,-0.01992966,0.01189291,3.89906549,-4.19751692,0.02282616,-0.00547719,-0.00976801,0.29515600,
19902,0.19663790,-0.11754657,10.34360218,6.00000000,0.06767578,-0.03544922,0.01374661,-0.00715032,-0.00322632,0.13523810,0.01150183,0.04269330,0.02744557,-0.02032904,0.01189291,3.99331331,-4.13817596,-0.00715002,-0.00531612,-0.00976801,0.29424810,
19910,0.41690445,-0.27795810,9.82406044,6.00000000,0.03867187,-0.03706055,-0.07192109,-0.02673531,-0.00842234,0.13523810,0.01150183,-0.08487131,0.00836030,-0.03141599,0.01189291,4.19228077,-3.90430140,-0.02673473,-0.00548789,-0.00976801,0.29156271,
19918,0.42648125,-0.23246825,9.54633331,6.00000000,0.00966797,-0.07089844,-0.06366073,0.01603192,0.00583340,0.13523810,0.01150183,-0.00617258,0.02470988,-0.02906581,0.01189291,4.05265427,-4.03171062,0.01603133,-0.00596097,-0.00976801,0.29422054,
19926,-0.19601119,0.67254001,9.38831615,6.00000000,0.04189453,-0.04833984,0.04212487,0.01816362,-0.02067962,0.13523810,0.01150183,0.08692919,0.03612315,-0.01849457,0.01189291,3.87114024,-4.16610098,0.01816311,-0.00574945,-0.00976801,0.29266688,
19933,0.01467856,-0.73285639,9.67562008,5.00000000,0.05961914,-0.02739258,-0.00610483,0.03881446,-0.02960611,0.13523810,0.01150183,0.01543114,0.03218827,-0.03136911,0.01189291,4.03694677,-4.08930635,0.03881500,-0.00557704,-0.00976801,0.29739073,
19942,0.62280577,0.01892293,9.77857018,6.00000000,0.04028320,-0.06445312,-0.04660713,0.02415902,-0.02654179,0.13523810,0.01150183,-0.08487226,0.01694813,-0.03984877,0.01189291,4.17482758,-3.88684821,0.02416041,-0.00553906,-0.00732601,0.29398730,
19950,0.34507841,0.09793159,10.38909245,6.00000000,0.03061523,-0.07895508,-0.03794713,0.03508398,-0.02907319,0.13523810,0.01150183,0.02263255,0.03169869,-0.02918967,0.01189291,3.98458672,-4.06138134,0.03508423,-0.00543353,-0.00732601,0.29420996,
19958,-0.37318212,0.76591384,10.17361355,6.00000000,0.06123047,-0.04995117,0.02746943,0.01469960,-0.01668268,0.13523810,0.01150183,0.05658127,0.03265920,-0.02219245,0.01189291,3.92350030,-4.11548662,0.01469918,-0.00493503,-0.00732601,0.29247895,
19966,0.30437696,-0.77834624,9.81448364,6.00000000,0.04672851,-0.03867187,-0.04314313,-0.01874144,-0.02294455,0.13523810,0.01150183,-0.04989462,0.01387101,-0.02863891,0.01189291,4.09454250,-3.92524529,-0.01874262,-0.00494008,-0.00732601,0.28935850,
19974,0.52703774,0.15778662,9.51520824,6.00000000,0.01772461,-0.06928711,-0.08257958,0.02509164,-0.00602418,0.13523810,0.01150183,-0.03703522,0.02276532,-0.03436914,0.01189291,4.06836271,-3.94269872,0.02509125,-0.00533221,-0.00732601,0.29222009,
19982,-0.29417345,0.38284159,9.94616508,6.00000000,0.03867187,-0.05961914,-0.00117528,0.03841477,-0.01734884,0.13523810,0.01150183,0.04989436,0.03617202,-0.02721131,0.01189291,3.93920803,-4.10850477,0.03841445,-0.00497878,-0.00732601,0.29451463,
19990,-0.00208085,0.06920116,9.80969524,6.00000000,0.06123047,-0.04350586,-0.00357345,0.02162763,-0.01055404,0.13523810,0.01150183,0.04680829,0.03362735,-0.02544142,0.01189291,3.97935081,-4.13817596,0.02162716,-0.00464528,-0.00732601,0.29582831,
19998,0.45042327,-0.54132026,10.33402538,6.00000000,0.04350586,-0.04833984,-0.05833148,-0.00994818,-0.01721561,0.13523810,0.01150183,-0.05863839,0.01595925,-0.03275982,0.01189291,4.21322489,-4.01425743,-0.00994804,-0.00471885,-0.00732601,0.29752499,
20005,0.19184949,0.01652873,10.19516182,5.00000000,0.02578125,-0.07089844,-0.05566686,0.00550665,0.01555928,0.13523810,0.01150183,0.00977315,0.02632716,-0.02693582,0.01189291,4.07359838,-4.10675955,0.00550703,-0.00490131,-0.00732601,0.29693726,
20014,-0.46176758,0.53607053,10.26459312,6.00000000,0.04995117,-0.04672851,0.00655213,-0.02127283,-0.01161989,0.13523810,0.01150183,0.06223944,0.02773193,-0.01603860,0.01189291,3.98633194,-4.19751692,-0.02127314,-0.00486324,-0.00732601,0.29512224,
20022,0.63717103,-0.37133196,9.26860523,6.00000000,0.04833984,-0.02255859,-0.04141112,-0.03206457,-0.01215282,0.13523810,0.01150183,-0.02674796,0.01393971,-0.02329262,0.01189291,4.09628773,-4.00553083,-0.03206520,-0.00545843,-0.00732601,0.29136616,
20030,-0.05714749,-0.31147692,9.74265766,6.00000000,0.01289062,-0.04995117,-0.05713242,0.02562457,0.00143677,0.13523810,0.01150183,-0.02520435,0.02485326,-0.03366785,0.01189291,4.11025047,-4.02472925,0.02562424,-0.00570836,-0.00976801,0.29675078,
20038,-0.12897354,0.12905620,9.66125488,6.00000000,0.03383789,-0.06928711,-0.02955355,0.03974708,0.00423463,0.13523810,0.01150183,0.03960669,0.03512337,-0.02859317,0.01189291,3.97062397,-4.10501432,0.03974688,-0.00543124,-0.00976801,0.29562354,
20046,0.04819739,0.09074898,10.40106297,6.00000000,0.06928711,-0.04028320,-0.00010943,0.03215289,0.00037092,0.13523810,0.01150183,0.03292007,0.03319461,-0.02826141,0.01189291,3.99854946,-4.11025047,0.03215272,-0.00511409,-0.00732601,0.29627505,
20054,0.69463187,-0.41203338,10.30529499,6.00000000,0.04672851,-0.04833984,-0.04354281,-0.01354542,-0.01002112,0.13523810,0.01150183,-0.00874455,0.02001155,-0.02505293,0.01189291,4.07359838,-4.04392767,-0.01354551,-0.00511207,-0.00732601,0.29327828,
20062,0.25888714,-0.46949422,10.18079662,6.00000000,0.02094727,-0.05800781,-0.04274344,-0.01114726,0.02501870,0.13523810,0.01150183,-0.00154323,0.02132031,-0.02465849,0.01189291,4.06312656,-4.05789042,-0.01114732,-0.00539337,-0.00976801,0.29357868,
20070,-0.43064296,0.06201856,10.19755554,6.00000000,0.04350586,-0.04995117,0.00428721,-0.00008906,0.02048884,0.13523810,0.01150183,0.05760977,0.03092614,-0.02026507,0.01189291,3.98982286,-4.18529940,-0.00008907,-0.00518852,-0.00976801,0.29634169,
20077,0.19663790,-0.20852624,9.38592148,5.00000000,0.05478515,-0.03706055,-0.03821357,-0.01234634,0.01156234,0.13523810,0.01150183,0.00565843,0.02181984,-0.02345942,0.01189291,4.01774788,-4.03694677,-0.01234550,-0.00521168,-0.00976801,0.29108760,
20086,0.05059159,-0.30190009,9.35240269,6.00000000,0.02739258,-0.04028320,-0.03381694,0.01922946,0.00436786,0.13523810,0.01150183,-0.02366105,0.02403009,-0.03249440,0.01189291,4.07359838,-3.99331331,0.01922924,-0.00531063,-0.00976801,0.29381970,
20094,0.52703774,-0.45034060,9.47690105,6.00000000,0.03383789,-0.07089844,-0.04061174,0.05027235,-0.00016201,0.13523810,0.01150183,0.05400927,0.03921557,-0.02924806,0.01189291,3.94269872,-4.12595844,0.05027257,-0.00506158,-0.00976801,0.29613355,
20102,-0.09306051,0.20088226,10.53992653,6.00000000,0.06928711,-0.05156250,0.02960113,0.04600894,0.00090384,0.13523810,0.01150183,0.03394866,0.03751908,-0.03229321,0.01189291,4.05439997,-4.16959143,0.04600873,-0.00467271,-0.00976801,0.30145535,
20110,0.71139127,-0.37372616,10.37472725,6.00000000,0.05478515,-0.04833984,-0.05553364,-0.03073225,-0.01508390,0.13523810,0.01150183,-0.02417561,0.01639907,-0.02512760,0.01189291,4.12072229,-4.03869200,-0.03073248,-0.00461113,-0.00976801,0.29355070,
20118,0.82631296,0.15060402,10.20473862,6.00000000,0.02094727,-0.05961914,-0.01822890,-0.01674297,0.00609986,0.13523810,0.01150183,-0.04269271,0.01559146,-0.02865821,0.01189291,4.13643026,-3.99156785,-0.01674245,-0.00531291,-0.00976801,0.29342610,
20126,-0.08587791,0.14342141,9.55112171,6.00000000,0.03222656,-0.05961914,-0.03941265,-0.01074756,0.01182881,0.13523810,0.01150183,0.09001507,0.03191913,-0.01364531,0.01189291,3.87986708,-4.18529940,-0.01074827,-0.00537229,-0.00976801,0.29158303,
20134,-0.03799387,0.10511419,9.52478504,6.00000000,0.05156250,-0.02416992,0.02214018,0.00404110,0.00476755,0.13523810,0.01150183,0.01131651,0.02481965,-0.02507609,0.01189291,4.00553083,-4.04392767,0.00403929,-0.00537282,-0.00732601,0.29208574,
20142,0.15833066,-0.58920431,9.31170082,6.00000000,0.03222656,-0.04189453,-0.06845706,0.01549899,0.02901564,0.13523810,0.01150183,-0.05349468,0.01903892,-0.03455798,0.01189291,4.09977818,-3.91826415,0.01549921,-0.00538728,-0.00732601,0.29177764,
20149,0.32113639,0.66296321,9.24945164,5.00000000,0.02900391,-0.07895508,-0.03768065,0.03601660,-0.00722326,0.13523810,0.01150183,0.05400929,0.03601355,-0.02609508,0.01189291,3.96538806,-4.14864779,0.03601634,-0.00540588,-0.00732601,0.29674497,
20158,-0.18882857,-0.27556387,9.90546322,6.00000000,0.05800781,-0.05478515,-0.01050148,0.03068735,-0.00375925,0.13523810,0.01150183,0.06532550,0.03791281,-0.02533440,0.01189291,4.04043722,-4.26209402,0.03068722,-0.00509816,-0.00732601,0.30319160,
20166,0.50548989,0.12426780,10.62372398,6.00000000,0.05639648,-0.03706055,-0.01369903,-0.01621005,0.01076296,0.13523810,0.01150183,-0.02520391,0.01888289,-0.02781574,0.01189291,4.20624352,-4.12072229,-0.01621093,-0.00505609,-0.00732601,0.30067721,
20174,0.87898540,-0.01220169,9.97250080,6.00000000,0.02578125,-0.04511719,-0.07418602,-0.04618707,0.00609986,0.13523810,0.01725275,-0.04269314,0.00923958,-0.02376256,0.01189291,4.21147966,-4.06661701,-0.04618746,-0.00588590,-0.00732601,0.29673237,
20182,0.16311908,0.07877797,9.81687832,6.00000000,0.01289062,-0.05800781,0.00402074,-0.03273072,-0.00335955,0.13523810,0.01725275,0.03703470,0.02060594,-0.01627555,0.01189291,4.08407068,-4.20973396,-0.03273122,-0.00631392,-0.00732601,0.29827741,
20190,-0.07630110,-0.24443926,9.63731289,6.00000000,0.04350586,-0.03383789,-0.00903594,0.00417433,0.00157000,0.13523810,0.01150183,0.04475055,0.02792728,-0.02030813,0.01189291,4.00902128,-4.16086483,0.00417406,-0.00649943,-0.00732601,0.29646096,
20198,-0.01644606,-0.23007405,9.88870430,6.00000000,0.03544922,-0.03222656,-0.05646626,0.02322640,0.00969711,0.13523810,0.01150183,-0.06789756,0.01769959,-0.03661027,0.01189291,4.16435575,-3.93397212,0.02322590,-0.00646980,-0.00732601,0.29524818,
20206,0.33071318,0.06920116,9.73547459,6.00000000,0.01450195,-0.06767578,-0.06965614,0.01856331,0.02755009,0.13523810,0.01725275,-0.02726182,0.02054091,-0.03123122,0.01189291,4.04916382,-3.95666146,0.01856345,-0.00639385,-0.00732601,0.29155698,
20214,0.00749596,0.30862135,10.28135300,6.00000000,0.04189453,-0.06606445,0.02653681,0.04121262,0.01449343,0.13523810,0.01725275,0.07098342,0.03731414,-0.02474277,0.01189291,3.95142531,-4.19228077,0.04121308,-0.00622585,-0.00732601,0.29819727,
20221,-0.00447505,-0.28753489,10.55908012,5.00000000,0.05961914,-0.04189453,0.03306514,-0.00008906,0.03168026,0.13523810,0.01725275,0.05503805,0.02839816,-0.01971192,0.01189291,3.97586012,-4.16261005,-0.00008944,-0.00585930,-0.00732601,0.29501307,
20230,0.49591312,-0.82144189,9.82406044,6.00000000,0.03706055,-0.02900391,-0.03887971,-0.01021464,0.04820094,0.13523810,0.01725275,-0.03600597,0.01516825,-0.02800574,0.01189291,4.10152388,-3.97935081,-0.01021529,-0.00606660,-0.00732601,0.29219106,
20238,0.21339731,0.00455772,9.50563145,6.00000000,0.02416992,-0.05317383,-0.07125493,-0.01287926,0.03660981,0.13523810,0.01725275,-0.00360057,0.01804632,-0.02324512,0.01189291,4.01949310,-4.00727606,-0.01287923,-0.00617544,-0.00732601,0.29003662,
20246,-0.13376194,0.22003587,8.83525562,6.00000000,0.04350586,-0.05317383,-0.03195172,0.03601660,0.00796510,0.13523810,0.01725275,0.06892617,0.03619131,-0.02412180,0.01189291,3.96364284,-4.19751692,0.03601653,-0.00625197,-0.00732601,0.29845324,
20254,-0.22474161,-0.81665349,9.80490685,6.00000000,0.04833984,-0.03544922,-0.03714772,0.05280374,0.01649190,0.13523810,0.01725275,-0.00874413,0.03094673,-0.03715243,0.01189291,4.12595844,-4.09628773,0.05280371,-0.00587469,-0.00732601,0.30188468,
20262,0.70181447,-0.13191178,9.88391590,6.00000000,0.03867187,-0.06284180,-0.03594864,0.02655718,0.00756541,0.13523810,0.01725275,-0.04475034,0.02133802,-0.03611920,0.01189291,4.10152388,-3.94968009,0.02655623,-0.00557323,-0.00732601,0.29378149,
20270,0.29240596,-0.35696673,10.55429173,6.00000000,0.03706055,-0.08217774,-0.02036058,0.01083590,-0.00216047,0.13523810,0.01725275,0.01645977,0.02645167,-0.02683116,0.01189291,4.04392767,-4.09977818,0.01083584,-0.00543224,-0.00732601,0.29599491,
20278,-0.35163429,0.17215183,10.40345764,6.00000000,0.04028320,-0.04833984,0.06144340,-0.02833409,0.00623309,0.13523810,0.01725275,0.04166444,0.02306613,-0.01761359,0.01189291,4.04218245,-4.18355417,-0.02833427,-0.00523161,-0.00732601,0.29612872,
20286,0.63477683,-0.79989403,9.47211266,6.00000000,0.03383789,-0.03222656,-0.03048616,-0.03406303,0.01675836,0.13523810,0.01725275,-0.01748873,0.01361557,-0.02215035,0.01189291,4.07883453,-4.01949310,-0.03406292,-0.00571281,-0.00732601,0.29109481,
20293,-0.02362866,-0.30190009,9.46253586,5.00000000,0.01933594,-0.05156250,-0.08924114,0.00390787,0.04740155,0.13523810,0.01725275,-0.04732253,0.01565477,-0.03111909,0.01189291,4.04567337,-3.88510299,0.00390793,-0.00597173,-0.00732601,0.28777400,
20302,-0.19122279,0.15778662,9.26860523,6.00000000,0.04028320,-0.05961914,-0.02981999,0.07678536,0.00410140,0.13523810,0.01725275,0.02006044,0.03783492,-0.03716709,0.01189291,3.98807740,-4.05614519,0.07678498,-0.00575897,-0.00732601,0.29716995,
20310,0.06256260,-0.44076380,9.58224583,6.00000000,0.05961914,-0.05961914,0.01561185,0.05466898,-0.02600887,0.13523810,0.01725275,0.03549179,0.03694352,-0.03269191,0.01189291,4.00029469,-4.12072229,0.05466970,-0.00514422,-0.00732601,0.29835036,
20318,1.24050987,-0.47907102,9.62055302,6.00000000,0.04511719,-0.06123047,0.04732089,0.03108705,-0.03786645,0.13523810,0.01725275,-0.00977334,0.02788482,-0.03438350,0.01189291,4.07708931,-4.04392767,0.03108734,-0.00472782,-0.00732601,0.29664069,
20326,0.19424370,-0.27316967,10.70273209,6.00000000,0.03867187,-0.07250977,-0.03448310,0.03161997,-0.01308544,0.13523810,0.01725275,0.00205784,0.03014446,-0.03384682,0.01189291,4.10850477,-4.11548662,0.03161982,-0.00461134,-0.00732601,0.30041212,
20334,-0.16249236,0.48579225,10.22149754,6.00000000,0.05961914,-0.06928711,0.00268842,-0.00661740,-0.00415894,0.13523810,0.01725275,-0.03240551,0.01941322,-0.03136245,0.01189291,4.15039301,-4.04043722,-0.00661708,-0.00425961,-0.00732601,0.29643786,
20342,-0.19601119,-0.29232329,9.97010708,6.00000000,0.02739258,-0.05156250,-0.03674803,-0.01754236,0.00956388,0.13523810,0.01725275,-0.04012103,0.01694174,-0.03074344,0.01189291,4.18355417,-4.04741859,-0.01754217,-0.00412127,-0.00732601,0.29710096,
20350,0.58689278,-0.09360455,9.16565514,6.00000000,0.02094727,-0.05317383,-0.00264083,-0.02460361,0.01049649,0.13523810,0.01725275,-0.03549185,0.01553515,-0.02827180,0.01189291,4.13119411,-4.01076651,-0.02460338,-0.00451026,-0.00976801,0.29336229,
20358,0.13199444,-0.21570884,9.22550964,6.00000000,0.02739258,-0.07089844,0.00148933,0.04800741,0.00663279,0.13523810,0.01725275,0.05503792,0.03904249,-0.03019109,0.01189291,3.96713352,-4.15388346,0.04800720,-0.00470968,-0.00976801,0.29786739,
20365,-0.28220245,0.02131713,10.28374672,5.00000000,0.06123047,-0.05156250,0.02453834,0.04547602,0.01316112,0.13523810,0.01725275,0.04732247,0.03895506,-0.03192585,0.01189291,4.04043722,-4.20100737,0.04547596,-0.00429319,-0.00976801,0.30204937,
20374,1.06812727,0.10750839,9.64210129,6.00000000,0.06123047,-0.05800781,-0.02675568,0.01643161,0.01462666,0.13523810,0.01725275,-0.00720122,0.02784909,-0.03377450,0.01189291,4.15562916,-4.13119411,0.01643219,-0.00403767,-0.00976801,0.30158865,
20382,0.25649294,-0.64427096,10.80807781,6.00000000,0.03061523,-0.05961914,-0.03994559,0.00577311,0.03541074,0.13523810,0.01725275,0.00154294,0.02801164,-0.03190564,0.01189291,4.23591423,-4.24114990,0.00577274,-0.00406905,-0.00976801,0.30771211,
20390,0.55337393,0.03807654,9.95334721,6.00000000,0.04995117,-0.07734375,-0.00477252,-0.03046579,0.03621012,0.13523810,0.01725275,0.03137705,0.02345449,-0.02042069,0.01189291,4.10501432,-4.21147966,-0.03046570,-0.00418440,-0.00732601,0.29926410,
20398,-0.86159927,0.06680696,10.31726646,6.00000000,0.03867187,-0.03544922,0.00375427,0.00377464,0.02448577,0.13523810,0.01725275,0.01697433,0.02944539,-0.02970243,0.01189291,4.23416901,-4.29176474,0.00377514,-0.00401104,-0.00732601,0.30933881,
20406,-0.03799387,-0.00980749,9.40986347,6.00000000,0.04350586,-0.04189453,0.02413865,-0.04032490,0.02541839,0.13523810,0.01725275,-0.01131662,0.01763605,-0.02470534,0.01189291,4.23416901,-4.19577122,-0.04032477,-0.00392741,-0.00732601,0.30266178,
20414,0.31155959,-0.91002733,9.44338226,6.00000000,0.02094727,-0.04350586,-0.01449841,0.02136116,0.03274611,0.13523810,0.01725275,0.04320711,0.03465307,-0.02866992,0.01189291,4.13817596,-4.28478336,0.02136093,-0.00436220,-0.00732601,0.30688095,
20422,-0.09784891,0.13145041,10.48246574,6.00000000,0.05478515,-0.07089844,0.01907586,0.03588337,0.04380431,0.13523810,0.01725275,0.01697455,0.03392385,-0.03408445,0.01189291,4.12944889,-4.18704462,0.03588320,-0.00410973,-0.00732601,0.30407435,
20430,0.01707277,-0.65145355,10.50401402,6.00000000,0.06123047,-0.06123047,-0.02915385,0.02002885,0.07364810,0.13523810,0.01725275,0.00925859,0.03068910,-0.03271518,0.01189291,4.15562916,-4.18704462,0.02002846,-0.00381741,-0.00732601,0.30387399,
20437,0.21339731,0.24876629,10.49443722,5.00000000,0.04028320,-0.05156250,-0.00450607,-0.05378125,0.02661747,0.13523810,0.01725275,0.05606676,0.02341806,-0.01462035,0.01189291,4.11199570,-4.30223656,-0.05378098,-0.00367251,-0.00732601,0.30111679,
20446,1.04897368,-0.77834624,9.17044353,6.00000000,0.03383789,-0.02900391,0.02360573,-0.04978431,0.02368639,0.13523810,0.01725275,0.04835105,0.02087268,-0.01389547,0.01189291,4.00902128,-4.17308235,-0.04978506,-0.00439165,-0.00732601,0.29299182,
20454,-0.48331538,-0.20373783,9.75941658,6.00000000,0.04028320,-0.03867187,-0.06419367,0.05293697,0.03287935,0.13523810,0.01725275,0.01697443,0.03644620,-0.03656059,0.01189291,4.12944889,-4.18704462,0.05293649,-0.00452474,-0.00732601,0.30531082,
20462,-0.56232405,-0.16782480,9.78575325,6.00000000,0.05800781,-0.06123047,-0.03368371,0.06599364,0.02581809,0.13523810,0.01725275,-0.01543111,0.03592765,-0.04364509,0.01189291,4.18879032,-4.13643026,0.06599338,-0.00417176,-0.00976801,0.30657375,
20470,0.49112469,0.28946772,9.45295906,6.00000000,0.04995117,-0.06606445,-0.01463164,0.03828153,0.01302789,0.13523810,0.01725275,0.02108961,0.03609783,-0.03527401,0.01189291,4.15388346,-4.22544241,0.03828189,-0.00375831,-0.00976801,0.30652601,
20478,1.20699096,-0.10796976,10.06348038,6.00000000,0.04995117,-0.05961914,0.03479715,-0.00035553,-0.03133812,0.13523810,0.01150183,0.04680766,0.03166857,-0.02354842,0.01189291,4.11548662,-4.27431107,-0.00035555,-0.00460572,-0.00976801,0.30410439,
20486,0.39775082,-0.16782480,10.03714466,6.00000000,0.06123047,-0.05800781,0.01840971,0.00857097,0.01156234,0.13523810,0.01150183,-0.00823008,0.02705908,-0.03190426,0.01189291,4.25162220,-4.22369671,0.00857108,-0.00476813,-0.00976801,0.30785176,
20494,-0.65330368,-0.00741329,10.73864555,6.00000000,0.04511719,-0.05800781,-0.00717070,-0.00528508,0.01742452,0.13523810,0.01150183,-0.01028737,0.02532012,-0.03068701,0.01189291,4.29350996,-4.25860357,-0.00528528,-0.00435566,-0.00976801,0.30963090,
20502,0.53661454,0.24158369,9.46971893,6.00000000,0.03706055,-0.04995117,0.00242195,-0.03619473,0.05432957,0.13523810,0.01150183,0.01491694,0.02139412,-0.02090938,0.01189291,4.15388346,-4.20449829,-0.03619403,-0.00446440,-0.00976801,0.30036721,
20509,0.20860890,-0.04332631,9.18720245,5.00000000,0.02739258,-0.03383789,-0.01463164,-0.01021464,0.03967414,0.13523810,0.01150183,0.03652084,0.02832581,-0.02266613,0.01189291,4.12072229,-4.24464083,-0.01021482,-0.00474238,-0.00976801,0.30250382,
20518,0.42408705,-0.39766815,9.43620014,6.00000000,0.04995117,-0.04672851,0.01814324,0.03841477,0.04846740,0.13523810,0.01150183,0.03137683,0.03651220,-0.03191787,0.01189291,4.16435575,-4.27082062,0.03841440,-0.00478865,-0.00732601,0.30856016,
20526,-0.52162260,0.35650536,10.11136436,6.00000000,0.05639648,-0.06445312,0.01054906,0.05173789,0.04420400,0.13523810,0.01150183,0.05246629,0.04323406,-0.03361079,0.01189291,4.20624352,-4.38426685,0.05173742,-0.00414528,-0.00732601,0.31515694,
20534,0.25888714,-0.34499574,10.28853512,6.00000000,0.05961914,-0.04672851,-0.00104205,0.00031063,0.03820859,0.13523810,0.01150183,0.08075667,0.03831976,-0.02217131,0.01189291,4.17482758,-4.44884396,0.00031058,-0.00378153,-0.00976801,0.31263056,
20542,0.50070149,0.05244175,9.93658829,6.00000000,0.05156250,-0.03383789,-0.02315845,-0.02513654,0.05153172,0.13523810,0.01150183,0.03857818,0.02911314,-0.02300056,0.01189291,4.30223656,-4.43313646,-0.02513602,-0.00395707,-0.00976801,0.31483489,
20550,-0.16009817,-0.74003899,10.44655323,6.00000000,0.05317383,-0.05156250,-0.04474191,-0.02020698,0.07151641,0.13523810,0.01150183,-0.01491638,0.02321641,-0.02971720,0.01189291,4.40172052,-4.35110569,-0.02020667,-0.00408464,-0.00732601,0.31582499,
20558,-0.69639933,0.54804152,10.24304581,6.00000000,0.04833984,-0.06606445,-0.00477252,-0.01154695,0.04340461,0.13523810,0.01150183,0.02057510,0.02865940,-0.02675760,0.01189291,4.32143545,-4.39124870,-0.01154681,-0.00415127,-0.00732601,0.31499767,
20566,-0.37797052,-0.44555220,10.07545185,6.00000000,0.03706055,-0.04833984,0.00788444,-0.03339688,0.02302023,0.13523810,0.01150183,0.06686851,0.03067866,-0.01791465,0.01189291,4.23416901,-4.46106148,-0.03339655,-0.00398696,-0.00976801,0.31278086,
20574,0.57492179,0.26791990,9.60379410,6.00000000,0.04189453,-0.02739258,0.04652150,-0.03766027,0.04407077,0.13523810,0.01150183,0.03446324,0.02492811,-0.01983351,0.01189291,4.24987650,-4.36681366,-0.03766054,-0.00447802,-0.00976801,0.30962458,
20581,0.03862058,-0.56526226,9.57266903,5.00000000,0.04833984,-0.03383789,-0.03155201,0.02335963,0.05499573,0.13523810,0.01150183,0.01131654,0.03259864,-0.03278448,0.01189291,4.26558447,-4.30398226,0.02335951,-0.00477630,-0.00976801,0.31234032,
20590,-0.10263732,0.04047075,10.35557365,6.00000000,0.05800781,-0.06284180,-0.01050148,0.03988031,0.04007383,0.13523810,0.01150183,0.02931949,0.03842805,-0.03431038,0.01189291,4.26907539,-4.36855936,0.03988006,-0.00456226,-0.00976801,0.31600559,
20598,0.14635965,-0.28992909,10.10418224,6.00000000,0.05317383,-0.06767578,0.01214783,-0.01634328,0.05046586,0.13523810,0.01150183,0.06275357,0.03355685,-0.02171540,0.01189291,4.29700041,-4.50993061,-0.01634277,-0.00426616,-0.00976801,0.31806642,
20606,0.28761756,-0.06487413,9.79772377,6.00000000,0.03706055,-0.04189453,-0.01583072,-0.06457299,0.04580277,0.13523810,0.01725275,0.03909281,0.02061182,-0.01586523,0.01189291,4.34587002,-4.47851515,-0.06457242,-0.00455598,-0.00732601,0.31520247,
20614,0.45281747,-0.14388278,9.66843700,5.00000000,0.03867187,-0.02416992,-0.02568983,-0.04765262,0.04806771,0.13523810,0.01725275,0.02777621,0.02151563,-0.01939807,0.01189291,4.37379503,-4.46804285,-0.04765289,-0.00522774,-0.00732601,0.31706175,
20622,0.06974521,-0.09599875,9.69237900,6.00000000,0.04511719,-0.02739258,-0.00743715,0.00124325,0.02941533,0.13523810,0.01150183,-0.00720094,0.02660212,-0.03123824,0.01189291,4.41568279,-4.39124870,0.00124340,-0.00561577,-0.00976801,0.31934145,
20630,-0.24389522,-0.66821295,9.83363724,6.00000000,0.03544922,-0.06606445,0.05145106,0.01256790,0.01982268,0.13523810,0.01150183,0.04320771,0.03522035,-0.02792190,0.01189291,4.37030411,-4.51691198,0.01256777,-0.00552216,-0.00976801,0.32307270,
20638,0.18466689,-0.13191178,9.85039711,6.00000000,0.04672851,-0.06123047,0.01667770,-0.01914113,0.02715040,0.13523810,0.01725275,0.05966746,0.03008222,-0.02035362,0.01189291,4.31794453,-4.52040291,-0.01914103,-0.00549184,-0.00732601,0.31900236,
20646,0.36183780,-0.21570884,10.30290127,6.00000000,0.04028320,-0.04189453,-0.01289964,-0.04831878,0.05552866,0.13523810,0.01725275,-0.01594573,0.01577023,-0.02398191,0.01189291,4.46978855,-4.41568279,-0.04831845,-0.00573700,-0.00732601,0.31859529,
20653,0.38099143,-0.06966253,10.04672146,5.00000000,0.04189453,-0.03061523,-0.05726565,-0.04791908,0.04526985,0.13523810,0.01725275,0.03394893,0.02064388,-0.01708635,0.01189291,4.35983229,-4.47502422,-0.04791883,-0.00631106,-0.00732601,0.31678939,
20662,-0.38754731,0.18172865,9.79054165,6.00000000,0.03383789,-0.02739258,0.00508659,-0.03699412,0.03581043,0.13523810,0.01725275,0.01028781,0.01891531,-0.02091268,0.01189291,4.34761524,-4.38252163,-0.03699438,-0.00653078,-0.00732601,0.31378537,
20670,-0.31572127,-0.86214328,9.61815929,6.00000000,0.02578125,-0.04028320,-0.02355813,-0.00688386,0.04473693,0.13523810,0.01725275,0.00668690,0.02489031,-0.02764529,0.01189291,4.44011736,-4.46280670,-0.00688459,-0.00659186,-0.00732601,0.32223186,
20678,0.22057991,0.75394285,10.15924835,6.00000000,0.03061523,-0.05800781,0.02547096,-0.01381188,0.00903095,0.13523810,0.01150183,0.04166431,0.02843418,-0.02159799,0.01189291,4.38601255,-4.52738380,-0.01381174,-0.00664335,-0.00732601,0.32210925,
20686,0.62280577,-0.60356951,9.69477367,6.00000000,0.04511719,-0.04189453,0.02933467,0.00750512,0.04606923,0.13523810,0.01150183,0.08178579,0.03611353,-0.01974682,0.01189291,4.27431107,-4.55181837,0.00750508,-0.00695189,-0.00732601,0.32049134,
20694,0.50309569,0.57437772,9.57985210,6.00000000,0.06445312,-0.02578125,-0.03741419,-0.01980729,0.02008914,0.13523810,0.01150183,-0.00977213,0.02040543,-0.02573421,0.01189291,4.44535351,-4.41219234,-0.01980645,-0.00702431,-0.00732601,0.31965002,
20702,0.54140294,-0.95312297,9.37873936,6.00000000,0.03544922,-0.04511719,-0.02862094,0.01030297,0.02048884,0.13523810,0.01150183,-0.06069599,0.01931748,-0.03657950,0.01189291,4.53436518,-4.32841635,0.01030292,-0.00743634,-0.00732601,0.32202283,
20710,-0.13855034,0.12426780,10.98046017,6.00000000,0.02416992,-0.07573242,-0.04873884,-0.01234634,0.01982268,0.13523810,0.01725275,0.00308628,0.02155188,-0.02518370,0.01189291,4.35808706,-4.36855936,-0.01234678,-0.00722901,-0.00732601,0.31544578,
20718,0.16072486,0.31101555,9.89588642,6.00000000,0.03061523,-0.05961914,0.06823819,-0.04365569,-0.01921407,0.13523810,0.01725275,0.08847228,0.02599480,-0.00957102,0.01189291,4.23416901,-4.53436518,-0.04365494,-0.00737293,-0.00732601,0.31469440,
20725,0.21100311,-0.38330296,9.30451870,5.00000000,0.04350586,-0.01933594,-0.00277407,-0.01607681,0.03181349,0.13523810,0.01725275,0.03446329,0.02369570,-0.01994096,0.01189291,4.29176474,-4.40870190,-0.01607749,-0.00775464,-0.00732601,0.31422636,
20734,0.14875387,0.29186192,9.15368366,6.00000000,0.03544922,-0.02416992,-0.02089352,0.03095381,0.02741686,0.13523810,0.01725275,-0.04680718,0.02243604,-0.03772157,0.01189291,4.43139076,-4.27256584,0.03095188,-0.00791713,-0.00732601,0.31776246,
20742,0.10086983,-0.57483912,9.68280220,6.00000000,0.03544922,-0.07573242,-0.04141112,0.08811001,0.01009680,0.13523810,0.01725275,-0.00617228,0.03832418,-0.04383912,0.01189291,4.39299345,-4.37204981,0.08810984,-0.00767943,-0.00732601,0.32412076,
20750,0.33310738,0.51691687,10.85356712,6.00000000,0.04350586,-0.09184571,0.01094875,0.02216055,-0.00922173,0.13523810,0.01725275,0.06275390,0.03490128,-0.02434213,0.01189291,4.24638605,-4.45931625,0.02216049,-0.00712713,-0.00732601,0.31718829,
20758,0.03143798,-0.47907102,10.29571819,6.00000000,0.05156250,-0.04672851,0.01747709,-0.01474450,-0.01201959,0.13523810,0.01725275,0.04217879,0.02668251,-0.02108983,0.01189291,4.33714342,-4.48026037,-0.01474493,-0.00693141,-0.00732601,0.31856185,
20766,-0.08108950,0.16257504,10.15445995,6.00000000,0.05317383,-0.03544922,-0.03368371,-0.02193899,0.03021472,0.13523810,0.01150183,-0.08127052,0.01166562,-0.03387712,0.01189291,4.57799864,-4.30223656,-0.02194020,-0.00704758,-0.00732601,0.32031795,
20774,0.22297411,-0.11754657,9.42422867,6.00000000,0.02739258,-0.05478515,-0.04194403,-0.01034787,-0.00988789,0.13523810,0.01150183,-0.03857813,0.01840458,-0.03050599,0.01189291,4.48724174,-4.35634184,-0.01034806,-0.00719225,-0.00732601,0.31982967,
20782,-0.25826043,0.39481258,9.26381683,6.00000000,0.02255859,-0.06606445,0.00055671,0.00324172,-0.03786645,0.13523810,0.01725275,0.00205741,0.02460161,-0.02842580,0.01189291,4.36855936,-4.37554026,0.00324205,-0.00706133,-0.00732601,0.31720862,
20790,-0.12897354,-1.01537216,10.24543953,6.00000000,0.02416992,-0.06284180,0.02746943,0.03868123,-0.00482510,0.13523810,0.01725275,0.00822979,0.03255724,-0.03481463,0.01189291,4.42091894,-4.44884396,0.03868140,-0.00702834,-0.00732601,0.32433325,
20797,-0.01405186,0.12426780,10.36036205,5.00000000,0.05639648,-0.05478515,-0.02875415,0.01629838,-0.00096139,0.13523810,0.01725275,0.01594561,0.02950797,-0.03000803,0.01189291,4.37554026,-4.42964554,0.01629812,-0.00667946,-0.00732601,0.32036957,
20806,0.69942027,-0.12472917,10.35557365,6.00000000,0.05961914,-0.04511719,-0.04674038,-0.01048110,0.00250262,0.13523810,0.01150183,-0.04217859,0.01873314,-0.03167819,0.01189291,4.50818539,-4.36506844,-0.01048130,-0.00675882,-0.00732601,0.32089555,
20814,0.78800571,-0.40485078,9.80730152,6.00000000,0.02900391,-0.05639648,-0.04567454,0.00497372,-0.00988789,0.13523810,0.01150183,-0.01543149,0.02415662,-0.03075096,0.01189291,4.49771357,-4.44535351,0.00497376,-0.00744448,-0.00732601,0.32454675,
20822,0.47915369,-0.67060715,10.02038479,6.00000000,0.02416992,-0.07250977,-0.00503898,0.04041323,-0.00322632,0.13523810,0.01725275,-0.01337386,0.02940329,-0.03676368,0.01189291,4.45233488,-4.40695620,0.04041273,-0.00764004,-0.00732601,0.32407922,
20830,-0.11460833,0.05723016,9.92461681,6.00000000,0.03867187,-0.07089844,0.00628566,0.05986499,0.01782421,0.13523810,0.01725275,-0.00925877,0.03424922,-0.04057199,0.01189291,4.46455240,-4.43313646,0.05986482,-0.00721225,-0.00732601,0.32688141,
20838,0.04819739,-0.42639858,10.07545185,6.00000000,0.06284180,-0.06123047,-0.01663011,-0.00195430,-0.02747441,0.13523810,0.01150183,0.04166444,0.03073370,-0.02386216,0.01189291,4.40870190,-4.55007362,-0.00195447,-0.00673093,-0.00732601,0.32461393,
20846,-0.36839372,-1.04649687,11.47845364,6.00000000,0.05639648,-0.03867187,0.00628566,-0.08295890,-0.03107166,0.13523810,0.01150183,-0.04886576,0.00606465,-0.02080663,0.01189291,4.60243368,-4.43662691,-0.08295892,-0.00651838,-0.00732601,0.32165140,
20854,-1.92462480,-0.96269977,12.04587936,6.00000000,0.01289062,-0.04511719,0.02440511,-0.21552399,-0.01082050,0.13523810,0.01150183,-0.07921362,-0.02121455,-0.00109339,0.01189291,4.65304804,-4.38426685,-0.21552163,-0.00621097,-0.00732601,0.31197739,
20862,-2.34839845,0.13623881,10.64048290,6.00000000,-0.02900391,-0.02739258,0.04172517,-0.30851939,-0.03360305,0.13523810,0.01150183,-0.01234524,-0.03086641,0.02405722,0.01189291,4.46804285,-4.42615509,-0.30851689,-0.00607206,-0.00732601,0.30004716,
20869,-2.62612581,0.04286494,9.41225815,5.00000000,-0.03544922,0.03061523,0.08382624,-0.37739995,-0.02147900,0.13523810,0.01150183,0.04320730,-0.04190882,0.04798153,0.01189291,4.06836271,-4.21497011,-0.37740034,-0.00715498,-0.00732601,0.27290931,
20878,-1.66844523,0.94787318,7.86081505,6.00000000,-0.04833984,0.07734375,0.14764401,-0.40591142,-0.07823551,0.13523810,0.01150183,0.00565840,-0.06090781,0.05798563,0.01189291,3.65646482,-3.67566347,-0.40591955,-0.00988847,-0.00732601,0.23636054,
20886,-2.14967966,0.00934612,8.93820572,6.00000000,-0.07734375,0.08378907,0.03386454,-0.36967251,-0.04212985,0.13523810,0.01150183,-0.08127087,-0.07362592,0.05026289,0.01189291,3.27074695,-2.99498510,-0.36967710,-0.01189685,-0.00732601,0.20033111,
20894,-2.11616087,0.91914278,9.18959713,6.00000000,-0.09023438,0.09345703,0.02826881,-0.40298039,-0.01828146,0.13523810,0.01150183,-0.06635412,-0.08907351,0.06909259,0.01189291,2.53770852,-2.31256127,-0.40298367,-0.01396229,-0.00732601,0.14660588,
20902,-0.69161093,-0.16064219,8.14811897,6.00000000,-0.12568359,0.09990235,0.01681093,-0.31238312,-0.05998284,0.13523810,0.01150183,-0.02006059,-0.07925626,0.07043362,0.01189291,1.75231063,-1.68424273,-0.31239182,-0.01673641,-0.00732601,0.10192673,
20910,-1.95814359,0.26073730,7.32690811,6.00000000,-0.10634766,0.10312500,-0.01130085,-0.24443516,-0.10288329,0.13523810,0.01725275,-0.10699017,-0.08996505,0.05944954,0.01189291,1.01752698,-0.65449846,-0.24444097,-0.01802784,-0.00732601,0.04288859,
20918,-1.84322190,0.19848806,8.36838627,6.00000000,-0.11762695,0.09506836,0.00908352,-0.04365569,-0.11767197,0.13523810,0.01725275,-0.12653613,-0.06752538,0.03297846,0.01189291,0.27576202,0.15358898,-0.04365917,-0.01997161,-0.00732601,0.00126339,
20926,-2.99483299,0.13623881,11.48563671,6.00000000,-0.09667969,0.06606445,0.06210955,0.16804877,-0.12433352,0.13523810,0.01725275,0.04680955,-0.01031406,0.01733771,0.01189291,-0.22165681,0.06283185,0.16805097,-0.01954910,-0.00732601,0.00187091,
20934,-3.04032278,0.00216352,13.25016308,6.00000000,-0.02900391,0.03706055,-0.03901296,0.31926623,-0.09315742,0.13523810,0.01725275,0.01543104,0.01994302,-0.01981830,0.01189291,0.05759586,-0.10995574,0.31925952,-0.01681031,-0.00732601,0.02922006,
20941,-3.17918658,1.97019732,12.34515476,5.00000000,0.01933594,-0.03222656,-0.10549536,0.46408856,-0.06131515,0.13523810,0.01725275,-0.09875877,0.03986242,-0.06618246,0.01189291,0.36302847,-0.02792527,0.46407700,-0.01267487,-0.00732601,0.04781767,
20950,-1.97729731,1.86006403,8.55992222,6.00000000,0.06928711,-0.12084961,0.11513559,0.27196914,0.05486250,0.13523810,0.01725275,0.05298065,0.02770931,-0.01873930,0.01189291,-0.00872665,-0.17104226,0.27197719,-0.00824426,-0.00732601,0.02560233,
20958,-1.71393502,1.28545558,9.04115677,6.00000000,0.04833984,-0.04995117,0.02507126,0.10729532,0.08830354,0.13523810,0.01725275,0.08487203,0.00470596,0.01131085,0.01189291,0.00872665,-0.29670596,0.10729854,-0.00656611,-0.00732601,0.01885109,
