TimeStamp,acc_x,acc_y,acc_z,cal_time,current_LW,current_RW,gyr_x,gyr_y,gyr_z,h_d,psi_dot_d,psi_dot_hat,tau_LW,tau_RW,theta_d,theta_dot_LW,theta_dot_RW,theta_dot_hat,theta_hat,v_d,v_hat,
878,0.01228436,-0.28992909,9.91504002,6.00000000,0.00161133,-0.00161133,-0.00916917,0.06093084,-0.01002112,0.07000000,0.01150183,0.00000002,-0.01431913,0.01148730,0.01407118,0.00000000,0.00000000,0.06093082,-0.00691276,-0.00976801,0.00441748,
886,0.01946697,-0.24443926,9.77617645,6.00000000,-0.01289062,0.01289062,-0.00570516,0.06039792,-0.01068727,0.07000000,0.01150183,0.00308627,-0.01397877,0.01187995,0.01403804,-0.05061455,0.04014257,0.06039821,-0.00642506,-0.00976801,0.00108892,
894,-0.26544303,-0.20134363,10.09939384,6.00000000,-0.01450195,0.01611328,-0.00197467,0.08437954,-0.01601652,0.07015873,0.01150183,0.00565810,-0.01003845,0.00860449,0.01407451,-0.08552113,0.06632251,0.08437951,-0.00592286,-0.00976801,0.00061319,
901,0.06016840,-0.09599875,9.94137669,5.00000000,-0.01450195,0.01450195,-0.00184145,0.08677771,-0.01774853,0.07015873,0.01150183,0.00154317,-0.00976209,0.00736900,0.01410148,-0.10471976,0.09948377,0.08677797,-0.00525126,-0.00976801,-0.00111098,
910,0.11284083,-0.17500740,9.81448364,6.00000000,-0.01450195,0.01127930,-0.00637131,0.07518658,-0.01201959,0.07015873,0.01150183,-0.00154310,-0.01070014,0.00756148,0.01411309,-0.06806784,0.07330383,0.07518690,-0.00457094,-0.00976801,0.00032630,
918,0.13199444,-0.02177850,9.87433910,6.00000000,-0.01450195,0.01289062,-0.00637131,0.04614218,-0.01348513,0.07000000,0.01150183,-0.00411491,-0.01400902,0.01020747,0.01406741,-0.01745329,0.03141592,0.04614259,-0.00401909,-0.00976801,0.00157382,
926,0.24212773,-0.02896111,10.02996159,6.00000000,-0.01772461,0.01611328,0.00002379,0.01323406,-0.00868880,0.07000000,0.01150183,0.00000000,-0.01772691,0.01482847,0.01403642,0.00000000,0.00000000,0.01323405,-0.00379075,-0.00976801,0.00095945,
934,-0.08827211,-0.08642194,10.11615276,6.00000000,-0.02255859,0.02416992,-0.00477252,0.00031063,-0.00669034,0.07015873,0.01150183,-0.00000002,-0.01948184,0.01655640,0.01407380,0.00000000,0.00000000,0.00031055,-0.00363225,-0.00976801,0.00002251,
942,0.07453360,-0.09599875,9.74983978,6.00000000,-0.02739258,0.03061523,-0.00863623,-0.00035553,-0.00509156,0.07015873,0.01150183,-0.00411487,-0.02037869,0.01647939,0.01410118,-0.01745329,0.03141592,-0.00035526,-0.00363183,-0.00976801,-0.00179727,
950,-0.09784891,-0.07205673,9.83363724,6.00000000,-0.02739258,0.02900391,-0.00490577,-0.00941525,-0.00402571,0.07000000,0.01150183,-0.00102862,-0.02112845,0.01793964,0.01406228,-0.01745329,0.02094395,-0.00941502,-0.00355780,-0.00976801,-0.00207449,
958,0.00270756,-0.11275817,9.72350407,6.00000000,-0.03061523,0.03061523,-0.00130852,-0.01181341,0.00063738,0.07000000,0.01150183,-0.00360039,-0.02173132,0.01792967,0.01403421,-0.00523599,0.01745329,-0.01181342,-0.00362361,-0.00976801,-0.00167897,
966,-0.02362866,-0.11754657,9.84321404,6.00000000,-0.03061523,0.03061523,-0.00463931,-0.01327896,0.00010446,0.07000000,0.01150183,0.00360064,-0.02110097,0.01899584,0.01402214,-0.01221730,0.00000000,-0.01327889,-0.00369742,-0.00976801,-0.00140560,
973,0.03622638,-0.25641027,9.85039711,5.00000000,-0.02739258,0.03383789,-0.00530546,-0.01727590,0.00543371,0.07000000,0.01150183,-0.00514371,-0.02285690,0.01867696,0.01401695,0.00000000,0.01745329,-0.01727592,-0.00380314,-0.00976801,-0.00188519,
982,-0.02123446,-0.24204506,9.98207760,6.00000000,-0.03061523,0.03383789,-0.00956886,-0.02540300,0.00370170,0.07000000,0.01150183,0.00000007,-0.02348505,0.02050037,0.01401471,0.00000000,0.00000000,-0.02540283,-0.00394702,-0.00976801,-0.00184170,
990,-0.01644606,-0.24204506,9.97250080,6.00000000,-0.03222656,0.03544922,-0.00530546,-0.04219013,0.00556694,0.07000000,0.01150183,-0.00102881,-0.02640770,0.02314105,0.01401375,-0.01396263,0.01745329,-0.04219006,-0.00411128,-0.00976801,-0.00419760,
998,0.06016840,-0.39048555,10.01320267,6.00000000,-0.03706055,0.04028320,-0.00663777,-0.04658677,0.00370170,0.07000000,0.01150183,0.00257188,-0.02697751,0.02454732,0.01401334,-0.01745329,0.00872665,-0.04658670,-0.00445968,-0.00976801,-0.00432657,
1006,-0.06193589,-0.28753489,9.95813560,6.00000000,-0.03706055,0.04189453,-0.00836977,-0.05164956,0.00450109,0.07000000,0.01150183,-0.00102859,-0.02858421,0.02528934,0.01401316,-0.02443461,0.02792527,-0.05164977,-0.00472407,-0.00976801,-0.00564263,
1014,-0.02123446,-0.37133196,9.82406044,6.00000000,-0.04189453,0.04511719,-0.01423196,-0.05231571,-0.00136109,0.07000000,0.01150183,0.00102878,-0.02884224,0.02602735,0.01401309,-0.02792527,0.02443461,-0.05231600,-0.00508731,-0.00976801,-0.00569096,
1022,-0.04757068,-0.38090876,9.79293537,6.00000000,-0.04028320,0.04833984,-0.00583839,-0.05031725,-0.00375925,0.07000000,0.01150183,0.00154314,-0.02885613,0.02616249,0.01401306,-0.02268928,0.01745329,-0.05031723,-0.00547862,-0.00976801,-0.00510318,
1030,0.03622638,-0.42639858,9.87194443,6.00000000,-0.04189453,0.04995117,-0.00810330,-0.05511357,-0.00935496,0.07000000,0.01150183,0.00617250,-0.02934994,0.02773437,0.01401304,-0.02268928,0.00174533,-0.05511320,-0.00587011,-0.00976801,-0.00488149,
1038,0.11284083,-0.41203338,9.97010708,6.00000000,-0.04189453,0.04995117,-0.01103441,-0.06643824,-0.00908850,0.07000000,0.01150183,-0.00102872,-0.03244733,0.02910078,0.01401304,-0.01745329,0.02094395,-0.06643827,-0.00633829,-0.00976801,-0.00620866,
1045,0.05298579,-0.35936093,10.15685463,5.00000000,-0.04511719,0.05317383,-0.01236672,-0.07296655,-0.00868880,0.07000000,0.01150183,-0.00051433,-0.03399012,0.03074431,0.01401304,-0.02443461,0.02617994,-0.07296632,-0.00686363,-0.00976801,-0.00712482,
1054,0.09608142,-0.30908272,10.00362587,6.00000000,-0.04833984,0.05478515,-0.00916917,-0.07909520,-0.00815588,0.07000000,0.01150183,0.00360071,-0.03528076,0.03298569,0.01401304,-0.05061455,0.03839725,-0.07909506,-0.00746015,-0.00976801,-0.00896107,
1062,0.06495680,-0.30908272,9.85518551,6.00000000,-0.05156250,0.06123047,-0.00770362,-0.08082720,-0.00908850,0.07000000,0.01150183,0.00668693,-0.03612856,0.03455051,0.01401304,-0.07853982,0.05585054,-0.08082689,-0.00808653,-0.00976801,-0.01073160,
1070,0.02425537,-0.24683346,9.83363724,6.00000000,-0.05156250,0.06284180,-0.01449841,-0.06763731,-0.00575772,0.07000000,0.01150183,0.00617263,-0.03543802,0.03375890,0.01401304,-0.11519173,0.09424778,-0.06763726,-0.00873964,-0.00976801,-0.01249588,
1078,-0.09784891,-0.18937261,9.85279083,6.00000000,-0.05156250,0.06284180,-0.00650454,-0.04685323,-0.00282663,0.07000000,0.01150183,0.00154310,-0.03387976,0.03114757,0.01401304,-0.14835298,0.14311700,-0.04685318,-0.00913034,-0.00976801,-0.01396264,
1086,0.01228436,-0.16064219,9.84321404,6.00000000,-0.05156250,0.06284180,-0.01796242,-0.02593593,-0.00522479,0.07000000,0.01150183,-0.00617237,-0.03255030,0.02803753,0.01401304,-0.17278759,0.19373155,-0.02593612,-0.00945276,-0.00976801,-0.01516670,
1094,0.04101478,-0.06008573,9.88630962,6.00000000,-0.05317383,0.05478515,-0.01396549,-0.01767559,-0.00935496,0.07000000,0.01150183,-0.01800312,-0.03311076,0.02582020,0.01401304,-0.16755162,0.22863814,-0.01767507,-0.00962261,-0.00976801,-0.01564332,
1102,0.25888714,-0.03853791,9.81208992,6.00000000,-0.05478515,0.05639648,-0.00890269,-0.02633562,-0.02361071,0.07000000,0.01150183,-0.01800303,-0.03393668,0.02662565,0.01401304,-0.10995574,0.17104226,-0.02633577,-0.00983613,-0.00976801,-0.01209551,
1110,0.40493345,-0.07445094,9.87194443,6.00000000,-0.05478515,0.05800781,-0.00197467,-0.08069397,-0.02920642,0.07000000,0.01150183,-0.01800311,-0.04151471,0.03408222,0.01401304,-0.02268928,0.08377581,-0.08069413,-0.01011458,-0.00732601,-0.00970963,
1117,0.41451025,-0.09360455,10.13530636,5.00000000,-0.06284180,0.06928711,0.00868383,-0.13318709,-0.03973169,0.07000000,0.01150183,-0.00874439,-0.04839036,0.04302124,0.01401304,0.00000000,0.02967060,-0.13318677,-0.01082960,-0.00732601,-0.01073160,
1126,0.14875387,-0.17261320,10.29332352,6.00000000,-0.07573242,0.08217774,0.01361339,-0.14504465,-0.02933965,0.07000000,0.01150183,-0.01491686,-0.05216371,0.04529798,0.01401304,0.00000000,0.05061455,-0.14504440,-0.01190810,-0.00732601,-0.01235050,
1134,0.06495680,-0.27077547,9.87194443,6.00000000,-0.08056641,0.08701172,-0.02302521,-0.12945661,-0.01495067,0.07000000,0.01150183,-0.02931920,-0.05334926,0.04310271,0.01401304,-0.01919862,0.11868239,-0.12945715,-0.01302086,-0.00732601,-0.01438383,
1142,0.00031335,-0.14148858,9.63252449,6.00000000,-0.08217774,0.09023438,-0.03741419,-0.11160363,-0.01215282,0.07000000,0.01150183,-0.05555208,-0.05551489,0.03909982,0.01401304,-0.01745329,0.20594886,-0.11160307,-0.01406283,-0.00732601,-0.01618957,
1150,0.01946697,-0.10318135,9.66843700,6.00000000,-0.08701172,0.08217774,-0.02315845,-0.07336625,-0.02294455,0.07000000,0.01150183,-0.05709571,-0.05175576,0.03504887,0.01401304,-0.07330383,0.26703537,-0.07336681,-0.01489741,-0.00732601,-0.01765636,
1158,-0.01644606,-0.24922766,9.90785789,6.00000000,-0.08217774,0.07089844,-0.00583839,-0.04005844,-0.05398742,0.07000000,0.01150183,-0.04835121,-0.04704080,0.03246498,0.01401304,-0.14137168,0.30543262,-0.04005836,-0.01537778,-0.00732601,-0.01910089,
1166,0.26846394,-0.16782480,9.71632099,6.00000000,-0.07734375,0.06606445,0.03106667,-0.03446272,-0.08169953,0.07000000,0.01150183,-0.02417582,-0.04402245,0.03516253,0.01401304,-0.20245820,0.28448865,-0.03446262,-0.01575287,-0.00732601,-0.02015037,
1174,0.11523504,-0.56047386,10.19516182,6.00000000,-0.07089844,0.06284180,0.03519685,-0.03086548,-0.07730290,0.07000000,0.01150183,-0.02983380,-0.04501106,0.03481907,0.01401304,-0.24085544,0.34208453,-0.03086593,-0.01600838,-0.00732601,-0.02336930,
1182,0.10326403,-0.45512900,10.43937016,6.00000000,-0.07573242,0.06123047,-0.02076028,-0.01461127,-0.04785879,0.07000000,0.01150183,-0.07098382,-0.04817972,0.02830350,0.01401304,-0.24260075,0.48345622,-0.01461115,-0.01621055,-0.00976801,-0.02737889,
1189,0.26606974,-0.30190009,9.89828110,5.00000000,-0.07573242,0.04833984,-0.05033761,-0.00661740,-0.02880673,0.07000000,0.01150183,-0.07612717,-0.04805739,0.02698236,0.01401304,-0.26005405,0.51836282,-0.00661734,-0.01632378,-0.00976801,-0.02869739,
1198,0.17748427,-0.07684514,10.06826878,6.00000000,-0.07250977,0.04189453,-0.01822890,-0.01567712,-0.03919876,0.07000000,0.01150183,-0.04835136,-0.04724955,0.03271092,0.01401304,-0.40142572,0.56548673,-0.01567699,-0.01638199,-0.00976801,-0.03618716,
1206,-0.14573295,-0.42400438,10.09939384,6.00000000,-0.07412110,0.05639648,0.00735152,0.05546837,-0.05745144,0.07000000,0.01150183,-0.04063561,-0.03722892,0.02466591,0.01401304,-0.48345622,0.62133718,0.05546793,-0.01640547,-0.00732601,-0.03602732,
1214,0.03383218,-0.67060715,9.46971893,6.00000000,-0.05800781,0.04350586,-0.01356579,0.09290635,-0.06531209,0.07000000,0.01150183,-0.08898683,-0.03801732,0.01412306,0.01401304,-0.48869219,0.79063416,0.09290667,-0.01595214,-0.00732601,-0.03963986,
1222,-0.05714749,0.05483595,9.50084305,6.00000000,-0.05478515,0.03544922,-0.02222583,0.11968581,-0.09795374,0.07000000,0.01150183,-0.04166427,-0.02776073,0.01510941,0.01401304,-0.58468533,0.72605693,0.11968554,-0.01509053,-0.00732601,-0.03883720,
1230,0.23494512,-0.12472917,9.94616508,6.00000000,-0.03867187,0.03706055,0.07676499,0.11555565,-0.08609616,0.07000000,0.01150183,0.00925863,-0.02050886,0.01988525,0.01401304,-0.60213858,0.57072270,0.11555561,-0.01416328,-0.00732601,-0.03413841,
1238,0.56773913,-0.43597540,10.02517319,6.00000000,-0.02900391,0.04350586,0.03759500,0.05799976,-0.05691852,0.07000000,0.01150183,-0.00668688,-0.02974588,0.02523940,0.01401304,-0.58643061,0.60911995,0.05799967,-0.01349667,-0.00976801,-0.03913375,
1246,0.10326403,-0.77116364,10.39866924,6.00000000,-0.04189453,0.04995117,-0.04740653,0.05466898,0.00370170,0.07000000,0.01150183,-0.02468963,-0.03122517,0.02246692,0.01401304,-0.50265479,0.58643061,0.05466884,-0.01303569,-0.00976801,-0.03551584,
1254,0.36662620,-0.11515237,10.23346901,6.00000000,-0.04833984,0.04028320,-0.04753976,0.01749746,0.03967414,0.07000000,0.01150183,-0.04475128,-0.03945523,0.02588041,0.01401304,-0.53407073,0.68591440,0.01749752,-0.01276940,-0.00976801,-0.04295587,
1261,0.17269588,0.04765335,9.83842564,5.00000000,-0.06123047,0.04350586,-0.03941265,0.02762304,0.02688394,0.07000000,0.01150183,-0.03446303,-0.03638470,0.02526333,0.01401304,-0.53058010,0.64751714,0.02762249,-0.01264212,-0.00976801,-0.04070340,
1270,-0.14094454,0.16975763,9.90306950,6.00000000,-0.06284180,0.04672851,-0.01942796,0.03295228,-0.02401040,0.07000000,0.01150183,-0.00720129,-0.03260362,0.02793366,0.01401304,-0.62133718,0.64577180,0.03295231,-0.01237033,-0.00976801,-0.04354367,
1278,0.18706109,-0.04093211,9.15607834,6.00000000,-0.05478515,0.04511719,0.02293957,0.06266285,-0.04772556,0.07000000,0.01150183,-0.05452386,-0.03365330,0.01787711,0.01401304,-0.51138145,0.69638640,0.06266290,-0.01212183,-0.00732601,-0.03923851,
1286,-0.24868362,-0.08402774,9.98447227,6.00000000,-0.05639648,0.03544922,-0.01489811,0.05959854,-0.09981897,0.07000000,0.01150183,-0.02726215,-0.03003964,0.02070051,0.01401304,-0.53407073,0.62657320,0.05959885,-0.01161626,-0.00732601,-0.03775246,
1294,0.56773913,-0.15585379,9.60618782,6.00000000,-0.04672851,0.04350586,0.05544800,0.04560925,-0.08995987,0.07000000,0.01150183,-0.05658130,-0.03505285,0.01876360,0.01401304,-0.46949357,0.66147983,0.04560887,-0.01133790,-0.00732601,-0.03769114,
1302,0.04101478,-0.11036396,10.47528362,6.00000000,-0.05156250,0.04028320,0.01880939,0.02669042,-0.10168421,0.07000000,0.01150183,0.00051429,-0.03036805,0.02752448,0.01401304,-0.54628801,0.54454273,0.02669031,-0.01093348,-0.00732601,-0.03760757,
1310,0.42408705,-0.42400438,10.14248943,6.00000000,-0.04511719,0.05639648,0.01281399,0.00497372,-0.03080519,0.07000000,0.01150183,-0.07612716,-0.04301319,0.02202597,0.01401304,-0.47123891,0.72954762,0.00497384,-0.01075126,-0.00732601,-0.04316787,
1318,0.21339731,-0.02417270,10.15445995,6.00000000,-0.05961914,0.04350586,-0.04807269,0.00177617,-0.01548360,0.07000000,0.01150183,-0.02314695,-0.03744716,0.02896294,0.01401304,-0.58293998,0.66147983,0.00177622,-0.01073101,-0.00732601,-0.04498144,
1326,-0.28938505,-0.30190009,10.07545185,6.00000000,-0.05478515,0.04672851,-0.01702981,0.00910389,0.02568486,0.07000000,0.01150183,-0.02983379,-0.03695783,0.02691381,0.01401304,-0.61261052,0.71383971,0.00910369,-0.01046062,-0.00976801,-0.04742379,
1333,-0.04757068,-0.25162187,9.62294769,5.00000000,-0.05478515,0.04189453,-0.02742184,0.04201201,0.01822391,0.07000000,0.01150183,-0.03291952,-0.03364482,0.02294380,0.01401304,-0.71383971,0.82554072,0.04201176,-0.01033709,-0.00976801,-0.05275666,
1342,-0.17925178,-0.10078716,9.46014214,6.00000000,-0.05639648,0.03706055,-0.02822123,0.11235812,-0.01468421,0.07000000,0.01150183,-0.04114982,-0.02476982,0.01228418,0.01401304,-0.78016222,0.91978854,0.11235791,-0.00982601,-0.00976801,-0.05347728,
1350,-0.18404017,0.13384461,9.35240269,6.00000000,-0.04995117,0.02900391,0.04585534,0.15645763,-0.05705175,0.07000000,0.01150183,-0.00668701,-0.01233546,0.00809748,0.01401304,-0.76619959,0.78888881,0.15645806,-0.00882122,-0.00976801,-0.04502874,
1358,0.42408705,-0.54132026,9.57745743,6.00000000,-0.02578125,0.02416992,0.04012640,0.09117433,-0.06784348,0.07000000,0.01150183,0.02160370,-0.01604172,0.01835491,0.01401304,-0.69987702,0.62657320,0.09117534,-0.00783475,-0.00976801,-0.04147365,
1366,0.59168118,-0.54371446,10.30290127,6.00000000,-0.02739258,0.03544922,0.01427954,-0.00368631,-0.04133046,0.07000000,0.01150183,-0.06738305,-0.03815363,0.01925418,0.01401304,-0.36651915,0.59515727,-0.00368741,-0.00743364,-0.00732601,-0.03512817,
1374,0.40972185,-0.70173180,10.76498127,6.00000000,-0.05156250,0.04189453,-0.10203136,-0.09588233,-0.02747441,0.07000000,0.01150183,-0.02417566,-0.04613721,0.03723864,0.01401304,-0.41364303,0.49567351,-0.09588185,-0.00744387,-0.00732601,-0.03991415,
1382,0.04101478,0.37326479,10.62851238,6.00000000,-0.06606445,0.06767578,0.00655213,-0.12639228,-0.01428452,0.07000000,0.01150183,-0.05812496,-0.05555419,0.03856315,0.01401304,-0.36826447,0.56548673,-0.12639150,-0.00819315,-0.00732601,-0.04301188,
1390,-0.19122279,-0.53892606,10.33881378,6.00000000,-0.06928711,0.07089844,-0.02489045,-0.06896962,-0.01988023,0.07000000,0.01150183,0.05195151,-0.03719538,0.04630813,0.01401304,-0.72256637,0.54628801,-0.06896849,-0.00912581,-0.00732601,-0.05099616,
1398,-0.52880520,-0.25880447,9.50563145,6.00000000,-0.05800781,0.07412110,0.04598857,0.01056943,-0.00549125,0.07000000,0.01150183,-0.03497709,-0.03829292,0.02704659,0.01401304,-0.74874628,0.86742866,0.01057014,-0.00944258,-0.00732601,-0.05781998,
1405,-0.67724574,-0.87650853,9.10579967,5.00000000,-0.05961914,0.04833984,-0.06712476,0.13034433,0.01342758,0.07000000,0.01150183,-0.05863832,-0.02470184,0.00813125,0.01401304,-0.81332338,1.01229095,0.13034354,-0.00924677,-0.00732601,-0.05672861,
1414,-0.03799387,0.22721848,8.71793938,6.00000000,-0.04511719,0.02094727,-0.05153670,0.18297067,-0.02387717,0.07000000,0.01150183,-0.05863880,-0.01569272,-0.00074960,0.01401304,-0.79761547,0.99658298,0.18297125,-0.00818039,-0.00732601,-0.05177429,
1422,0.33071318,0.39960101,9.57506371,6.00000000,-0.03061523,0.01611328,0.06544033,0.14833054,-0.05825083,0.07000000,0.01150183,0.05195199,-0.00417897,0.01379387,0.01401304,-0.81681406,0.64053583,0.14833212,-0.00681898,-0.00732601,-0.04207490,
1430,0.69942027,-0.64666516,10.56386852,6.00000000,-0.01611328,0.03061523,0.08529179,0.03974708,-0.07250658,0.07000000,0.01150183,0.03806365,-0.01915458,0.02526254,0.01401304,-0.64577180,0.51661748,0.03974663,-0.00617767,-0.00732601,-0.03925497,
1438,0.90053320,-0.70891440,10.80089474,6.00000000,-0.02900391,0.04672851,0.00282165,-0.08509060,-0.01042081,0.07000000,0.01150183,-0.03652030,-0.04436971,0.03259832,0.01401304,-0.39793506,0.52185345,-0.08508994,-0.00589883,-0.00732601,-0.03951135,
1446,0.35704941,-0.38569716,11.18157291,6.00000000,-0.05961914,0.05961914,-0.07831619,-0.16103241,0.00250262,0.07000000,0.01150183,-0.03909263,-0.05673587,0.04417960,0.01401304,-0.39444441,0.52708948,-0.16103086,-0.00682271,-0.00732601,-0.04508036,
1454,0.17748427,0.50973427,10.16643143,6.00000000,-0.07573242,0.07573242,-0.02195937,-0.16236472,0.00729894,0.07000000,0.01150183,-0.01440246,-0.05643971,0.04969299,0.01401304,-0.51661748,0.56548673,-0.16236414,-0.00816562,-0.00732601,-0.05099767,
1462,-0.64372689,-0.15824799,9.86476231,6.00000000,-0.07573242,0.08217774,0.00495335,-0.08628968,-0.01868115,0.07000000,0.01150183,0.04012124,-0.04305466,0.04933003,0.01401304,-0.84299403,0.70685834,-0.08629046,-0.00940857,-0.00732601,-0.06243812,
1470,-0.65569788,-0.34499574,8.71075630,6.00000000,-0.06606445,0.07412110,0.00468688,0.09543774,-0.01774853,0.07000000,0.01150183,-0.01697403,-0.02618010,0.01936564,0.01401304,-0.96691245,1.02450824,0.09543594,-0.00958085,-0.00732601,-0.06526992,
1477,-0.80653262,-0.85735488,8.41387558,5.00000000,-0.04995117,0.04189453,-0.04234376,0.25038567,-0.01681591,0.07000000,0.01150183,-0.07561307,-0.00982816,-0.01048076,0.01401304,-0.90408051,1.16064394,0.25038576,-0.00848910,-0.00732601,-0.05669329,
1486,0.36423200,0.45227343,8.80652428,6.00000000,-0.02739258,0.00000000,-0.01383225,0.23453113,-0.04905787,0.07000000,0.01150183,-0.03754940,-0.00369428,-0.00763618,0.01401304,-0.80808741,0.93549645,0.23453330,-0.00662896,-0.00732601,-0.04620129,
1494,1.12079978,0.10511419,10.36754417,6.00000000,-0.00805664,0.00000000,0.07130251,0.09437189,-0.07397211,0.07000000,0.01150183,0.05195143,-0.00961715,0.01913035,0.01401304,-0.73129296,0.55501467,0.09437150,-0.00556089,-0.00732601,-0.03978668,
1502,0.99630123,-0.26359287,11.26297569,6.00000000,-0.01611328,0.03383789,0.06743881,-0.06244129,-0.04506094,0.07000000,0.01150183,0.02623314,-0.03368147,0.03678489,0.01401304,-0.57421333,0.48520151,-0.06244113,-0.00518445,-0.00732601,-0.04293075,
1510,0.45521167,-1.12789965,11.61013508,6.00000000,-0.04511719,0.06123047,-0.03728095,-0.17395583,0.01262819,0.07000000,0.01150183,-0.06018145,-0.06028675,0.04273437,0.01401304,-0.38746309,0.59166664,-0.17395581,-0.00578836,-0.00732601,-0.04810520,
1518,0.18227269,-0.26119867,10.79371262,6.00000000,-0.07895508,0.06928711,-0.11668677,-0.19820395,0.02715040,0.07000000,0.01150183,-0.05092319,-0.06668968,0.05124947,0.01401304,-0.60911995,0.78190750,-0.19820330,-0.00721175,-0.00732601,-0.06479452,
1526,-0.68921673,0.19130546,9.67562008,6.00000000,-0.08862305,0.08540039,-0.00290730,-0.09068631,0.00503401,0.07000000,0.01150183,-0.03343441,-0.05273554,0.04164373,0.01401304,-0.85695666,0.97040302,-0.09068638,-0.00827584,-0.00732601,-0.07281657,
1534,-0.98849195,-0.11036396,8.32050133,6.00000000,-0.08056641,0.07573242,0.01974203,0.08211461,-0.03986492,0.07000000,0.01150183,0.05040827,-0.02099793,0.03007165,0.01401304,-1.22696650,1.05592418,0.08211294,-0.00882138,-0.00732601,-0.07680161,
1542,-0.94539630,-0.67778975,7.74349928,6.00000000,-0.04995117,0.06123047,0.04865320,0.24758783,-0.02014669,0.07000000,0.01150183,0.00000014,-0.00127285,-0.00118028,0.01401304,-1.09955740,1.09955740,0.24758750,-0.00776513,-0.00732601,-0.06176780,
1549,-0.15770395,-0.76876944,8.40669346,5.00000000,-0.01611328,0.01450195,-0.03248463,0.27236882,0.01222850,0.07000000,0.01150183,-0.06069571,-0.00068270,-0.01602026,0.01401304,-0.83775806,1.04370689,0.27237055,-0.00568122,-0.00732601,-0.04845618,
1558,1.26684606,-0.16782480,10.32923698,6.00000000,0.00000000,-0.02094727,-0.06632536,0.13127694,0.00530048,0.07000000,0.01150183,0.00720108,-0.00899809,0.00804103,0.01401304,-0.74700093,0.72256637,0.13127622,-0.00411074,-0.00732601,-0.04375433,
1566,1.02503169,0.42354301,11.94292927,6.00000000,-0.00322266,0.00966797,0.01601154,-0.04645354,0.01329435,0.07000000,0.01150183,0.06275368,-0.02590485,0.03768669,0.01401304,-0.70685834,0.49392816,-0.04645544,-0.00342324,-0.00732601,-0.04689651,
1574,0.85743755,-0.43358120,12.17995453,6.00000000,-0.02900391,0.05156250,0.02880175,-0.16649488,0.03567720,0.07000000,0.01150183,0.01903194,-0.04952968,0.05071875,0.01401304,-0.68242371,0.61784661,-0.16649362,-0.00383281,-0.00732601,-0.05920560,
1582,-0.13136774,-0.54371446,11.71069145,6.00000000,-0.07089844,0.08056641,-0.08710945,-0.18115035,0.03754244,0.07000000,0.01150183,-0.03240516,-0.06157050,0.05056311,0.01401304,-0.80808741,0.91804314,-0.18114872,-0.00505545,-0.00732601,-0.07570545,
1590,-0.45937338,-0.01459589,9.30212402,6.00000000,-0.09345703,0.09506836,-0.05913088,-0.09668171,0.02541839,0.07000000,0.01150183,-0.01183045,-0.05020411,0.04422361,0.01401304,-1.02450824,1.06465089,-0.09668260,-0.00614848,-0.00732601,-0.08274143,
1598,-0.76583117,0.50015748,7.68125010,6.00000000,-0.09023438,0.09345703,0.04918612,0.04041323,-0.01681591,0.07000000,0.01150183,0.07149766,-0.02141808,0.03540804,0.01401304,-1.20602250,0.96342176,0.04041201,-0.00659293,-0.00732601,-0.07571247,
1606,-0.57429504,-0.60117531,7.20240974,6.00000000,-0.04028320,0.07412110,0.06544033,0.16565061,-0.00748972,0.07000000,0.01150183,0.02674772,-0.00717257,0.01087627,0.01401304,-1.05068827,0.95993108,0.16565108,-0.00620453,-0.00732601,-0.06087524,
1614,0.15833066,-0.60835791,8.56949902,6.00000000,-0.01127930,0.02578125,-0.04820592,0.19895840,0.02088853,0.07000000,0.01725275,0.00000048,-0.00361243,-0.00026783,0.01401304,-0.90408051,0.90408051,0.19895969,-0.00495643,-0.00732601,-0.05112130,
1621,0.94841725,0.06680696,10.57344532,5.00000000,-0.00483398,0.00000000,-0.02115998,0.12581447,0.03607690,0.07000000,0.01725275,0.02417572,-0.00951924,0.01120187,0.01401304,-0.89535391,0.81332338,0.12581396,-0.00381081,-0.00732601,-0.05281804,
1630,0.92686939,-0.16303641,12.18953133,6.00000000,-0.01450195,0.01772461,0.02786912,0.00230910,0.04393754,0.07000000,0.01725275,0.03446336,-0.02463365,0.02848242,0.01401304,-0.82205003,0.70511305,0.00230736,-0.00332314,-0.00732601,-0.05519236,
1638,0.98911864,-0.43358120,12.00278378,6.00000000,-0.04189453,0.04511719,-0.03848004,-0.16076595,0.03834182,0.07000000,0.01150183,-0.01903142,-0.05399569,0.04621178,0.01401304,-0.75398225,0.81855947,-0.16076533,-0.00348194,-0.00976801,-0.06866009,
1646,0.29240596,-0.16543061,10.72906876,6.00000000,-0.08378907,0.08701172,-0.05859796,-0.21925446,0.01462666,0.07000000,0.01150183,-0.01080174,-0.06419299,0.05820653,0.01401304,-0.87266463,0.90931654,-0.21925355,-0.00479623,-0.00976801,-0.08049268,
1654,-0.79456162,-0.08881615,9.03397369,6.00000000,-0.09506836,0.11279297,0.01348015,-0.14477819,-0.01734884,0.07000000,0.01725275,0.06481095,-0.04758315,0.05823942,0.01401304,-1.05766952,0.83775806,-0.14477929,-0.00605901,-0.00732601,-0.07920577,
1662,-1.31410336,-0.73285639,8.06432247,6.00000000,-0.06928711,0.10795899,0.06091047,0.00097678,-0.01215282,0.07000000,0.01725275,0.06738301,-0.02764002,0.03921172,0.01401304,-1.11002934,0.88139129,0.00097445,-0.00692109,-0.00732601,-0.07211834,
1670,-0.80413842,-0.89805633,8.02601528,6.00000000,-0.04672851,0.07089844,-0.01969443,0.14593238,0.01689159,0.07000000,0.01150183,0.02006090,-0.01187727,0.01395578,0.01401304,-1.11701071,1.04894280,0.14593165,-0.00633920,-0.00732601,-0.06793576,
1678,-0.34684590,-0.17261320,9.41465187,6.00000000,-0.02900391,0.02416992,-0.04021204,0.24652198,0.04753478,0.07000000,0.01150183,-0.03960647,-0.00259923,-0.00917432,0.01401304,-0.99832833,1.13271868,0.24652137,-0.00496929,-0.00732601,-0.05937770,
1686,0.76885211,0.11229680,10.43937016,6.00000000,-0.01289062,-0.00322266,-0.02275874,0.18643469,0.03194672,0.07000000,0.01150183,0.00565817,-0.00239093,0.00119988,0.01401304,-0.98960167,0.97040302,0.18643408,-0.00299712,-0.00976801,-0.05753370,
1693,1.00827229,-0.00980749,11.63168240,5.00000000,-0.00644531,0.01127930,-0.00690422,-0.02207222,-0.01495067,0.07000000,0.01150183,0.02057500,-0.02800550,0.02989494,0.01401304,-0.86393797,0.79412478,-0.02207290,-0.00197831,-0.00976801,-0.06170507,
1702,0.81913036,-0.26359287,12.10094643,6.00000000,-0.03383789,0.05639648,0.04199164,-0.18981037,-0.02854026,0.07000000,0.01150183,0.00565818,-0.05399051,0.05198248,0.01401304,-0.75398225,0.73478359,-0.18980972,-0.00274852,-0.00976801,-0.06772891,
1710,0.22536832,-0.43358120,11.37789726,6.00000000,-0.06928711,0.09023438,-0.02102674,-0.26068938,-0.03546828,0.07000000,0.01150183,0.03137675,-0.06459430,0.06848252,0.01401304,-0.90233523,0.79587013,-0.26068741,-0.00431749,-0.00732601,-0.08045979,
1718,-0.79456162,-0.21331464,9.57266903,6.00000000,-0.08862305,0.11440430,0.01880939,-0.16782719,-0.00295986,0.07000000,0.01150183,-0.00257180,-0.05966025,0.05571201,0.01401304,-1.08035886,1.08908546,-0.16782771,-0.00593030,-0.00732601,-0.09080978,
1726,-1.21354687,-0.29711169,8.12417698,6.00000000,-0.09184571,0.09345703,-0.05100376,0.07225550,0.01076296,0.07000000,0.01150183,-0.03806362,-0.03295574,0.02113498,0.01401304,-1.25140107,1.38055539,0.07225282,-0.00706497,-0.00732601,-0.09017010,
1734,-1.09144258,0.06680696,7.66688490,6.00000000,-0.06606445,0.05156250,-0.04980469,0.26211002,-0.00522479,0.07000000,0.01150183,-0.05246613,-0.00669506,-0.00809935,0.01401304,-1.29154360,1.46956718,0.26211005,-0.00602851,-0.00732601,-0.08108728,
1742,0.01946697,0.05004755,8.21994495,6.00000000,-0.01450195,0.00322266,0.04558888,0.31073943,-0.02814057,0.07000000,0.01150183,-0.03446309,0.00705250,-0.01746060,0.01401304,-1.13097346,1.24791038,0.31074089,-0.00392631,-0.00732601,-0.06370577,
1750,1.10643458,-0.39527395,10.76258755,6.00000000,0.01450195,-0.02255859,0.02906821,0.15059549,-0.07610381,0.07000000,0.01150183,0.07715515,0.00117481,0.01445328,0.01401304,-1.18682384,0.92502451,0.15059440,-0.00156776,-0.00732601,-0.06563644,
1758,1.31951845,0.04286494,11.81843090,6.00000000,0.00000000,0.00966797,0.12033161,-0.00275369,-0.03786645,0.07000000,0.01150183,0.02726194,-0.02445680,0.02797876,0.01401304,-0.95120442,0.85870200,-0.00275399,-0.00087621,-0.00732601,-0.06580886,
1765,0.72336227,-0.95072877,12.34754944,5.00000000,-0.03867187,0.04028320,0.00228873,-0.15610284,0.00969711,0.07000000,0.01150183,-0.04372138,-0.05513950,0.04155982,0.01401304,-0.79237950,0.94073248,-0.15610254,-0.00130810,-0.00732601,-0.07414269,
1774,0.18706109,-0.00023068,11.34677315,6.00000000,-0.08217774,0.07089844,-0.14746317,-0.22271848,0.01795744,0.07000000,0.01150183,-0.06995451,-0.07112423,0.05118551,0.01401304,-0.89709926,1.13446403,-0.22271708,-0.00263873,-0.00732601,-0.08979110,
1782,-0.53598785,0.24397789,9.74265766,6.00000000,-0.10473633,0.09829102,-0.01143409,-0.15956685,0.00450109,0.07000000,0.01150183,-0.00874431,-0.05725814,0.05189430,0.01401304,-1.09781218,1.12748265,-0.15956710,-0.00390378,-0.00732601,-0.09223557,
1790,-1.20157588,-0.52934927,8.24867535,6.00000000,-0.08378907,0.09829102,0.04239134,-0.01954083,-0.03373628,0.07000000,0.01150183,0.02880492,-0.03484574,0.03864258,0.01401304,-1.28107166,1.18333328,-0.01954278,-0.00476710,-0.00732601,-0.09075151,
1798,-1.08186579,-0.52216667,7.72195148,6.00000000,-0.05156250,0.06606445,0.01587832,0.15112838,-0.04572709,0.07000000,0.01150183,-0.00822997,-0.01531956,0.01074674,0.01401304,-1.31946886,1.34739411,0.15112747,-0.00449304,-0.00732601,-0.08571708,
1806,-0.62696749,0.03568234,8.54076862,6.00000000,-0.03383789,0.02578125,0.01387984,0.31073943,-0.04159692,0.07000000,0.01150183,-0.03960679,0.00609024,-0.01770424,0.01401304,-1.23918378,1.37357402,0.31073928,-0.00302467,-0.00732601,-0.07218385,
1814,0.73293906,0.32777494,9.78575325,6.00000000,-0.01127930,-0.00805664,0.01654447,0.26930451,-0.04133046,0.07000000,0.01150183,-0.00308633,0.00843502,-0.01148844,0.01401304,-1.15366256,1.16413450,0.26930431,-0.00093222,-0.00732601,-0.06449562,
1822,1.51584303,0.20567065,11.57182789,6.00000000,0.00966797,-0.00805664,0.02480481,0.02402579,-0.05039019,0.07000000,0.01150183,0.05298020,-0.01592261,0.02559526,0.01401304,-1.01229095,0.83252209,0.02402380,0.00074966,-0.00732601,-0.06513269,
1830,1.28839386,-0.68257815,12.41219234,6.00000000,-0.01933594,0.04028320,0.05025197,-0.19887009,0.01116265,0.07000000,0.01150183,-0.01800271,-0.05510966,0.04753117,0.01401304,-0.71907568,0.78016222,-0.19886994,0.00034416,-0.00732601,-0.06876545,
1837,0.59168118,-1.07283306,12.04827404,5.00000000,-0.06928711,0.07250977,-0.10922583,-0.32197574,0.02381962,0.07000000,0.01150183,-0.01748851,-0.07696386,0.06921075,0.01401304,-0.88139129,0.94073248,-0.32197183,-0.00160525,-0.00732601,-0.08939496,
1846,-0.74188918,-0.06487413,10.65005970,6.00000000,-0.10957031,0.11279297,-0.07538509,-0.23377666,0.02888240,0.07000000,0.01150183,-0.05966672,-0.07565670,0.05810316,0.01401304,-1.14668131,1.34913957,-0.23377311,-0.00393813,-0.00732601,-0.10742213,
1854,-1.59183073,0.25834310,8.45697117,6.00000000,-0.11279297,0.10957031,-0.02209259,0.04214524,-0.01721561,0.07000000,0.01150183,-0.00617255,-0.03477000,0.03042170,0.01401304,-1.50272846,1.52367246,0.04214191,-0.00609656,-0.00732601,-0.10665173,
1862,-1.12017310,0.08835478,6.55118656,6.00000000,-0.06123047,0.06606445,0.05504830,0.24119270,-0.03213750,0.07000000,0.01150183,-0.00668690,-0.00585038,0.00182651,0.01401304,-1.58475900,1.60744822,0.24119282,-0.00515342,-0.00732601,-0.09823105,
1870,-0.58626604,-0.59878111,7.78420067,6.00000000,-0.01127930,0.01289062,0.02413865,0.35190788,-0.03560152,0.07000000,0.01150183,0.04629359,0.01999383,-0.01123910,0.01401304,-1.56206965,1.40499008,0.35190955,-0.00317389,-0.00732601,-0.08204240,
1878,0.51506674,-0.55568546,10.05629826,6.00000000,0.01289062,-0.01772461,0.02427188,0.31793392,-0.01721561,0.07000000,0.01150183,-0.05709508,0.00812455,-0.02382176,0.01401304,-1.18682384,1.38055539,0.31793323,-0.00051653,-0.00732601,-0.07001734,
1886,1.51344883,-0.23246825,11.48803043,6.00000000,0.00966797,-0.02578125,-0.03728095,0.15352654,-0.00842234,0.07000000,0.01150183,0.02160375,-0.00245888,0.00500628,0.01401304,-1.12224674,1.04894280,0.15352429,0.00099184,-0.00732601,-0.06757510,
1894,1.12319398,0.70605880,12.47922993,6.00000000,-0.01127930,0.00966797,0.00348781,-0.12266182,-0.01321867,0.07000000,0.01150183,0.03446309,-0.03755333,0.04254448,0.01401304,-0.90931654,0.79237950,-0.12266345,0.00166431,-0.00732601,-0.07057955,
1902,0.96517664,-0.24683346,12.30445385,6.00000000,-0.04833984,0.07089844,0.01374661,-0.29666179,0.03394520,0.07000000,0.01150183,-0.03446303,-0.07182334,0.06014434,0.01401304,-0.78714347,0.90408051,-0.29665822,0.00047855,-0.00976801,-0.08281463,
1909,-0.17446338,-0.58202171,11.54309750,5.00000000,-0.09023438,0.09990235,-0.14373270,-0.34728968,0.02328669,0.07000000,0.01150183,-0.00462929,-0.08129106,0.07651401,0.01401304,-1.11002934,1.12573731,-0.34728667,-0.00175001,-0.00976801,-0.10622482,
1918,-1.88631761,0.45466763,9.89588642,6.00000000,-0.11762695,0.12890625,-0.00064236,-0.12559289,0.01902329,0.07000000,0.01150183,-0.04372182,-0.06014861,0.04659472,0.01401304,-1.39451814,1.54287112,-0.12559411,-0.00385334,-0.00976801,-0.11558592,
1926,-1.72830021,-0.47188842,7.53041506,6.00000000,-0.09506836,0.09829102,-0.00383992,0.18776700,-0.02867349,0.07000000,0.01150183,-0.01748874,-0.01354183,0.00686813,0.01401304,-1.63188291,1.69122410,0.18776426,-0.00361847,-0.00976801,-0.10684973,
1934,-0.65569788,0.03807654,6.35007381,6.00000000,-0.02739258,0.02739258,0.03772824,0.32726011,-0.05318804,0.07000000,0.01150183,0.02366117,0.01355424,-0.01018556,0.01401304,-1.68947875,1.60919356,0.32726315,-0.00196415,-0.00976801,-0.09585030,
1942,-0.34445170,-0.51498407,8.56949902,6.00000000,0.01127930,-0.01289062,0.08302686,0.35270727,-0.03067196,0.07000000,0.01150183,-0.00720130,0.01920327,-0.02303062,0.01401304,-1.40673530,1.43116999,0.35270888,0.00066383,-0.00976801,-0.07730278,
1950,0.92686939,-0.45034060,11.11932373,6.00000000,0.02094727,-0.04028320,-0.01356579,0.25424939,-0.01548360,0.07000000,0.01150183,0.02417568,0.01378927,-0.01038672,0.01401304,-1.28107166,1.19904113,0.25424665,0.00344037,-0.00976801,-0.07147117,
1958,1.44162273,-0.30429429,12.45528793,6.00000000,0.01289062,-0.01127930,-0.02742184,-0.01994052,0.01782421,0.07000000,0.01150183,-0.01440236,-0.02570143,0.01942015,0.01401304,-0.97040302,1.01927233,-0.01994371,0.00525403,-0.00976801,-0.07357159,
1966,1.37219095,-0.45512900,12.99158955,6.00000000,-0.03383789,0.03706055,-0.04727330,-0.26242137,0.02928210,0.07000000,0.01150183,-0.02726142,-0.06092922,0.05107425,0.01401304,-0.74176490,0.83426738,-0.26242018,0.00443328,-0.00976801,-0.07615665,
1974,0.36183780,-0.27077547,12.20150280,6.00000000,-0.08056641,0.09184571,-0.03887971,-0.42043364,0.00929741,0.07000000,0.01150183,0.01131631,-0.08306202,0.08194025,0.01401304,-0.90582591,0.86742866,-0.42042917,0.00208902,-0.00976801,-0.09476160,
1981,-0.67724574,-0.02177850,10.67400169,5.00000000,-0.11279297,0.13535157,0.00122288,-0.37180421,-0.02307778,0.07000000,0.01150183,0.02160371,-0.08132312,0.08269421,0.01401304,-1.18158782,1.10828412,-0.37180132,-0.00108514,-0.00976801,-0.10996348,
1990,-1.58225393,-0.42639858,8.09784126,6.00000000,-0.11601563,0.13535157,0.01281399,-0.00808294,-0.00895527,0.07000000,0.01150183,-0.04835062,-0.04540075,0.03100603,0.01401304,-1.51494586,1.67900670,-0.00808689,-0.00409731,-0.00976801,-0.11636713,
1998,-2.12813187,-0.17740162,7.09227610,6.00000000,-0.08378907,0.07412110,-0.06952292,0.29315293,-0.04626001,0.07000000,0.01150183,-0.00771557,0.00050029,-0.00464255,0.01401304,-1.79070783,1.81688774,0.29315183,-0.00394782,-0.00732601,-0.10952181,
2006,-0.44740236,0.10990259,6.99890232,6.00000000,-0.00805664,0.00483398,0.04239134,0.41106254,-0.04239631,0.07000000,0.01150183,-0.03703477,0.01896118,-0.02973513,0.01401304,-1.56556034,1.69122410,0.41106653,-0.00145829,-0.00732601,-0.08825612,
2014,0.45521167,-0.16064219,9.85039711,6.00000000,0.02094727,-0.04672851,0.07703145,0.35870269,-0.05758467,0.07000000,0.01150183,0.03137705,0.02557799,-0.02027091,0.01401304,-1.45385933,1.34739411,0.35870263,0.00167309,-0.00732601,-0.07553942,
2022,1.43683434,-0.74722159,11.79209423,6.00000000,0.02578125,-0.03544922,-0.00077560,0.14273483,-0.04825849,0.07000000,0.01150183,-0.00102864,-0.00448170,0.00169248,0.01401304,-1.15191734,1.15540791,0.14273195,0.00369372,-0.00732601,-0.07329249,
2030,1.88933849,-0.38090876,12.75935173,6.00000000,-0.00805664,0.00483398,-0.03634834,-0.13878280,-0.00748972,0.07000000,0.01150183,-0.01594533,-0.04416459,0.03724467,0.01401304,-0.90757120,0.96167642,-0.13878377,0.00405180,-0.00732601,-0.07782198,
2038,1.30994165,0.03807654,12.74977493,6.00000000,-0.06123047,0.06445312,-0.02076028,-0.34995431,-0.00216047,0.07000000,0.01150183,0.00205754,-0.07481349,0.07165951,0.01401304,-0.94247782,0.93549645,-0.34995121,0.00218956,-0.00732601,-0.09344803,
2046,0.17748427,-0.22767985,10.71709728,6.00000000,-0.09829102,0.11923828,-0.04181082,-0.40044895,0.02262054,0.07000000,0.01150183,0.01440259,-0.08693999,0.08655146,0.01401304,-1.26361835,1.21474910,-0.40044707,-0.00064793,-0.00976801,-0.11887315,
2053,-1.79533792,0.16018084,9.30451870,5.00000000,-0.11923828,0.14340821,-0.06832384,-0.17542139,-0.00775619,0.07000000,0.01150183,-0.00411488,-0.06190344,0.05760327,0.01401304,-1.48003924,1.49400187,-0.17542376,-0.00294609,-0.00976801,-0.12052719,
2062,-2.11137247,0.06920116,7.56872225,6.00000000,-0.10473633,0.11601563,0.00482012,0.15938872,-0.00575772,0.07000000,0.01150183,-0.05246659,-0.02295394,0.00796401,0.01401304,-1.73834789,1.91637158,0.15938455,-0.00292993,-0.00976801,-0.12092815,
2070,-0.94779050,-0.04811472,6.17529726,6.00000000,-0.04672851,0.03061523,0.02333926,0.36736271,-0.05212219,0.07000000,0.01150183,0.01028750,0.01644446,-0.01614131,0.01401304,-1.81165183,1.77674520,0.36736548,-0.00131444,-0.00732601,-0.10344543,
2078,0.05537999,-0.16303641,7.90391064,6.00000000,0.01289062,-0.02416992,0.06530710,0.38041937,-0.04532740,0.07000000,0.01150183,0.04783646,0.02774554,-0.01850979,0.01401304,-1.72613060,1.56381500,0.38042304,0.00159033,-0.00732601,-0.09167984,
2086,0.75448692,-0.16543061,10.73385715,6.00000000,0.03061523,-0.02739258,0.04265779,0.30474404,-0.02267809,0.07000000,0.01150183,0.02931935,0.02084113,-0.01610756,0.01401304,-1.39975405,1.30027032,0.30474406,0.00414304,-0.00732601,-0.07578200,
2094,1.91088629,-0.48385942,12.10812855,6.00000000,0.02094727,-0.01611328,-0.02182614,0.00990328,0.02701717,0.07000000,0.01150183,0.03394879,-0.01784001,0.02303153,0.01401304,-1.14842665,1.03323495,0.00990054,0.00464494,-0.00732601,-0.07836743,
2102,1.68822551,-0.29471749,13.17354870,6.00000000,-0.02255859,0.03867187,-0.02942031,-0.28600329,0.07124994,0.07000000,0.01150183,-0.03240501,-0.06686628,0.05573954,0.01401304,-0.83950335,0.94945914,-0.28600299,0.00418349,-0.00732601,-0.08558509,
2110,0.57492179,-0.01699010,12.43374062,6.00000000,-0.08217774,0.09023438,-0.09616917,-0.43042597,0.04966648,0.07000000,0.01150183,0.00462935,-0.08766431,0.08493372,0.01401304,-1.02450824,1.00880027,-0.43042099,0.00167585,-0.00732601,-0.10491293,
2118,-0.56232405,0.02849974,10.60217571,6.00000000,-0.12084961,0.13535157,-0.03301755,-0.38139686,-0.00402571,0.07000000,0.01150183,0.01131623,-0.08832982,0.08723921,0.01401304,-1.46607661,1.42767942,-0.38139492,-0.00153407,-0.00732601,-0.13254979,
2125,-2.44895506,-0.57723331,8.67723751,5.00000000,-0.13374023,0.15146485,0.02933467,0.01376698,-0.00455864,0.07000000,0.01150183,-0.06223943,-0.04594359,0.02831887,0.01401304,-1.68249738,1.89368224,0.01376387,-0.00361431,-0.00732601,-0.12863874,
2134,-1.91504800,-0.14148858,6.29021883,6.00000000,-0.07895508,0.06606445,0.00655213,0.29834893,-0.06158161,0.07000000,0.01150183,-0.00771603,0.00050149,-0.00462865,0.01401304,-1.90240884,1.92858887,0.29834801,-0.00345892,-0.00732601,-0.11724344,
2142,-0.38754731,-0.11754657,6.79778957,6.00000000,-0.00805664,-0.00483398,0.09834845,0.38281754,-0.04665971,0.07000000,0.01150183,0.01183069,0.01868494,-0.01798077,0.01401304,-1.85877562,1.81863308,0.38282230,-0.00101682,-0.00732601,-0.10555144,
2150,-0.27262563,-0.44076380,10.01080799,6.00000000,0.00483398,-0.01933594,0.02853528,0.42252046,-0.03053873,0.07000000,0.01150183,-0.01491696,0.02829109,-0.03377263,0.01401304,-1.51145506,1.56206965,0.42252147,0.00212360,-0.00732601,-0.08078252,
2158,1.82948351,-0.66342455,10.88708591,6.00000000,0.03222656,-0.04350586,-0.03235140,0.20042396,0.01009680,0.07000000,0.01150183,0.01954632,0.00575254,-0.00355665,0.01401304,-1.24791038,1.18158782,0.20042244,0.00381791,-0.00732601,-0.07353877,
2166,1.46077645,-0.40963918,13.11369324,6.00000000,0.00644531,-0.00644531,-0.04980469,-0.15050715,0.03980736,0.07000000,0.01150183,0.01285939,-0.04154856,0.04141255,0.01401304,-0.93898714,0.89535391,-0.15050958,0.00469052,-0.00732601,-0.07740684,
2174,1.53978503,-0.13909438,13.65717697,6.00000000,-0.04672851,0.06123047,-0.01569750,-0.39045659,0.04380431,0.07000000,0.01150183,0.01028762,-0.07860196,0.07730979,0.01401304,-0.91106188,0.87615532,-0.39045197,0.00271995,-0.00732601,-0.09309439,
2182,-0.13615614,-0.10796976,12.17277241,6.00000000,-0.09829102,0.12246094,-0.06872352,-0.44055155,0.04979971,0.07000000,0.01150183,0.06686874,-0.08760053,0.09951447,0.01401304,-1.43815136,1.21125853,-0.44054574,-0.00033880,-0.00732601,-0.12798068,
2190,-2.34600425,0.18651704,10.27656460,6.00000000,-0.13535157,0.17241211,-0.01023500,-0.17582107,0.01369405,0.07000000,0.01150183,-0.04269262,-0.06823365,0.05482102,0.01401304,-1.53239918,1.67726135,-0.17582113,-0.00290466,-0.00732601,-0.12909725,
2197,-1.59901333,-0.64666516,6.86003876,5.00000000,-0.10473633,0.10634766,-0.01303286,0.11302426,0.01023003,0.07000000,0.01150183,-0.06892566,-0.03331979,0.01433634,0.01401304,-1.79594386,2.02981806,0.11302070,-0.00320490,-0.00732601,-0.13048992,
2206,-1.43620765,0.13623881,5.89038706,6.00000000,-0.04672851,0.02739258,0.02813559,0.32592779,-0.07543766,0.07000000,0.01150183,0.06686829,0.01382306,-0.00026250,0.01401304,-2.12581110,1.89891827,0.32593054,-0.00199631,-0.00732601,-0.12226650,
2214,-1.05313540,-0.43118700,7.71716309,6.00000000,0.00000000,0.01289062,0.14098245,0.45809320,-0.06264746,0.07000000,0.01150183,0.06172483,0.03911759,-0.02643795,0.01401304,-1.85179436,1.64235485,0.45809734,0.00126886,-0.00732601,-0.09345083,
2222,0.67547822,-0.57244492,10.79610634,6.00000000,0.04350586,-0.03061523,0.07489976,0.36709628,-0.02774087,0.07000000,0.01150183,-0.01543124,0.02452406,-0.03021764,0.01401304,-1.36135685,1.41371667,0.36709243,0.00446374,-0.00732601,-0.07398222,
2230,2.43042803,-0.79989403,11.88068008,6.00000000,0.04350586,-0.05317383,-0.13107574,-0.02193899,-0.00375925,0.07000000,0.01150183,0.01851750,-0.02204278,0.02354998,0.01401304,-1.16937065,1.10653877,-0.02194247,0.00715049,-0.00732601,-0.08409256,
2238,0.96517664,0.21524747,14.01870155,6.00000000,-0.02094727,0.02255859,-0.01796242,-0.24323606,0.06578746,0.07000000,0.01150183,-0.02674690,-0.05820473,0.04853807,0.01401304,-0.95294976,1.04370689,-0.24323557,0.00686943,-0.00732601,-0.09001334,
2246,0.56534493,-0.44076380,13.28847027,6.00000000,-0.08056641,0.07895508,-0.07458571,-0.34702322,0.04806771,0.07000000,0.01150183,-0.02983421,-0.07854505,0.06789502,0.01401304,-1.19031453,1.29154360,-0.34701809,0.00498999,-0.00732601,-0.11512614,
2254,-0.36599952,0.04765335,9.66604328,6.00000000,-0.11118164,0.12729493,-0.06485981,-0.30385628,0.01396051,0.07000000,0.01150183,0.05915364,-0.06909148,0.07951077,0.01401304,-1.72613060,1.52541780,-0.30385691,0.00242407,-0.00732601,-0.13989815,
2262,-2.24305367,0.48818645,8.57189274,6.00000000,-0.09990235,0.13696289,0.05917847,-0.08215951,-0.01228605,0.07000000,0.01150183,0.00360083,-0.04682870,0.04459896,0.01401304,-1.80990636,1.79768908,-0.08216262,0.00127102,-0.00732601,-0.13673213,
2269,-1.40747726,-0.51977247,6.83130836,5.00000000,-0.06767578,0.07895508,0.04159194,0.18590173,-0.03906553,0.07000000,0.01150183,0.03600620,-0.00809917,0.01409752,0.01401304,-2.16595364,2.04378057,0.18589830,0.00081031,-0.00732601,-0.13912521,
2278,-1.40268886,-0.22528565,6.72835779,6.00000000,-0.02578125,0.04189453,0.01201461,0.42944849,-0.03933199,0.07000000,0.01150183,-0.00874411,0.02643473,-0.03043705,0.01401304,-1.94429684,1.97396731,0.42945018,0.00330389,-0.00732601,-0.11090193,
2286,0.14635965,-0.25880447,8.71075630,6.00000000,0.03544922,-0.04189453,0.03812793,0.40120342,-0.02680825,0.07000000,0.01150183,-0.00514379,0.02968422,-0.03285248,0.01401304,-1.68075216,1.69820547,0.40120703,0.00670836,-0.00732601,-0.09339972,
2294,1.79835880,-0.51977247,11.06904507,6.00000000,0.03867187,-0.06123047,0.00508659,0.18763375,-0.01122020,0.07000000,0.01150183,0.02160370,0.00679173,-0.00408577,0.01401304,-1.47305787,1.39975405,0.18763068,0.00851182,-0.00732601,-0.09053620,
2302,1.59964013,-0.77355784,13.36987305,6.00000000,0.00805664,-0.00805664,-0.04087820,-0.07802935,0.01262819,0.07000000,0.01150183,0.00514384,-0.02876199,0.02702226,0.01401304,-1.16064394,1.14319062,-0.07803288,0.00999261,-0.00732601,-0.08917144,
2310,1.67386031,-0.26598707,13.36029625,6.00000000,-0.03383789,0.04189453,-0.01782919,-0.36007991,0.02501870,0.07000000,0.01150183,-0.04269331,-0.07513960,0.06148007,0.01401304,-1.00007367,1.14493597,-0.36007714,0.00935782,-0.00732601,-0.10386217,
2318,0.53182614,0.05483595,11.87589169,6.00000000,-0.09506836,0.10957031,-0.07351986,-0.48398495,0.02608455,0.07000000,0.01150183,0.03292011,-0.09047103,0.09435325,0.01401304,-1.37531948,1.26361835,-0.48398018,0.00629270,-0.00732601,-0.13075005,
2326,-1.34522796,0.36608216,9.89588642,6.00000000,-0.12246094,0.14985351,-0.00996854,-0.29985934,-0.01748207,0.07000000,0.01150183,-0.02674709,-0.07878429,0.06893289,0.01401304,-1.63188291,1.72263992,-0.29985961,0.00285195,-0.00732601,-0.14334124,
2334,-2.07306528,-0.87411427,7.47056007,6.00000000,-0.12084961,0.13212891,-0.00077560,0.10010083,0.01542605,0.07000000,0.01150183,-0.06944025,-0.03202202,0.01293789,0.01401304,-1.92858887,2.16420817,0.10009483,0.00109231,-0.00732601,-0.14110701,
2341,-1.54155254,-0.00980749,5.73476410,5.00000000,-0.05317383,0.04028320,-0.00983533,0.32459548,-0.07157395,0.07000000,0.01150183,-0.00462912,0.00877944,-0.01204984,0.01401304,-2.15199113,2.16769886,0.32459664,0.00277385,-0.00732601,-0.13305546,
2350,-0.71315873,-0.16782480,7.53280926,6.00000000,0.00000000,-0.01772461,0.10394417,0.42078847,-0.05478682,0.07000000,0.01150183,0.03086194,0.03177168,-0.02641303,0.01401304,-2.07868719,1.97396731,0.42079210,0.00572264,-0.00732601,-0.11640128,
2358,0.33550158,-0.50540721,10.46810055,6.00000000,0.02739258,-0.02578125,0.06304217,0.41266137,-0.05318804,0.07000000,0.01150183,0.00668688,0.03632944,-0.03665040,0.01401304,-1.60744822,1.58475900,0.41265845,0.00895344,-0.00732601,-0.08579971,
2366,2.61957002,-0.56765652,11.12890053,6.00000000,0.04995117,-0.05639648,-0.03701449,0.05080527,-0.00695680,0.07000000,0.01150183,0.01491691,-0.00897449,0.00984236,0.01401304,-1.34913957,1.29852498,0.05080292,0.01172416,-0.00732601,-0.09229457,
2374,1.67386031,-0.66342455,13.47282410,6.00000000,-0.00322266,0.00322266,-0.04793944,-0.24776593,0.03994060,0.07000000,0.01150183,-0.04166431,-0.05582339,0.04268443,0.01401304,-1.00530958,1.14668131,-0.24776495,0.01199108,-0.00732601,-0.09597263,
2382,1.22853887,-0.29471749,13.45367050,6.00000000,-0.06928711,0.06284180,-0.07285371,-0.43468937,0.02755009,0.07000000,0.01150183,-0.03240586,-0.08781327,0.07641222,0.01401304,-1.25838232,1.36833811,-0.43468276,0.00912219,-0.00732601,-0.12673317,
2390,-0.80174422,0.19130546,11.33959007,6.00000000,-0.13051757,0.13696289,-0.03994559,-0.36940607,-0.00469187,0.07000000,0.01150183,-0.03806377,-0.08597074,0.07333191,0.01401304,-1.56556034,1.69471467,-0.36940199,0.00582111,-0.00976801,-0.14496666,
2398,-1.36198747,-0.17500740,7.83687305,6.00000000,-0.12084961,0.13212891,0.01334692,-0.10467560,-0.04186339,0.07000000,0.01150183,-0.02983375,-0.05262050,0.04246853,0.01401304,-1.84830368,1.94953275,-0.10468009,0.00319396,-0.00976801,-0.14526087,
2406,-1.83603930,0.22961268,6.46260118,6.00000000,-0.07895508,0.07250977,0.05824585,0.14286807,-0.07557089,0.07000000,0.01150183,-0.02571885,-0.02083540,0.01218576,0.01401304,-2.17991614,2.26718259,0.14286545,0.00277066,-0.00732601,-0.15084952,
2413,-1.44339025,-0.51019567,6.08910561,5.00000000,-0.04995117,0.03383789,0.05824585,0.42611772,-0.09448974,0.07000000,0.01150183,0.00154291,0.02584225,-0.02741338,0.01401304,-2.18340683,2.17817092,0.42612007,0.00442619,-0.00732601,-0.12721349,
2422,-0.04038807,-0.34020734,8.04756260,6.00000000,0.02578125,-0.04028320,0.02800236,0.45716056,-0.07930136,0.07000000,0.01150183,-0.02211818,0.03509501,-0.04213842,0.01401304,-1.82037842,1.89542758,0.45716634,0.00783114,-0.00732601,-0.10155354,
2430,1.43683434,-0.30908272,10.78892422,6.00000000,0.04350586,-0.06928711,0.05078490,0.27569962,-0.04665971,0.07000000,0.01150183,-0.02108942,0.01457305,-0.02173663,0.01401304,-1.60395765,1.67551613,0.27569711,0.01032027,-0.00976801,-0.09889285,
2438,1.57569802,-0.72088540,12.69949627,6.00000000,0.01450195,-0.03061523,-0.02715538,-0.00368631,-0.02947288,0.07000000,0.01150183,-0.00051436,-0.01678604,0.01390283,0.01401304,-1.27583563,1.27758098,-0.00368890,0.01260699,-0.00976801,-0.09282885,
2446,1.73850381,0.20088226,13.75773430,6.00000000,-0.01933594,0.01450195,-0.03088587,-0.34156075,-0.01814822,0.07000000,0.01150183,-0.03703529,-0.07040876,0.05814869,0.01401304,-1.11875606,1.24441981,-0.34155953,0.01137827,-0.00976801,-0.11042824,
2454,0.48873049,-0.08402774,13.03229046,6.00000000,-0.08862305,0.08056641,-0.04727330,-0.48278582,0.01902329,0.07000000,0.01150183,-0.06944039,-0.10057663,0.08031399,0.01401304,-1.26536369,1.50098312,-0.48277971,0.00823718,-0.00976801,-0.13528156,
2462,-1.50803375,-0.08642194,10.59978199,6.00000000,-0.13535157,0.13857421,-0.09643564,-0.36900640,-0.03053873,0.07000000,0.01150183,-0.01851760,-0.08654157,0.07850420,0.01401304,-1.72263992,1.78547192,-0.36900446,0.00482636,-0.00732601,-0.15392187,
2470,-2.08982468,0.52170527,7.03481531,6.00000000,-0.13696289,0.14340821,0.04345718,0.04361078,-0.02094608,0.07000000,0.01150183,-0.06378260,-0.03889227,0.02103816,0.01401304,-2.03854465,2.25496531,0.04360306,0.00273269,-0.00732601,-0.15247849,
2478,-1.74505973,-0.35696673,6.23754644,6.00000000,-0.05800781,0.04350586,0.05837908,0.28249440,-0.07064133,0.07000000,0.01150183,-0.00617248,0.00132787,-0.00504773,0.01401304,-2.33350515,2.35444903,0.28249431,0.00365467,-0.00732601,-0.14945751,
2485,-0.95018470,-0.01459589,6.20881605,5.00000000,-0.01127930,0.01450195,0.02960113,0.46622026,-0.10115129,0.07000000,0.01150183,0.03857776,0.03771631,-0.03043093,0.01401304,-2.29859853,2.16769886,0.46622592,0.00647712,-0.00732601,-0.12810186,
2494,-0.14812715,-0.17740162,9.14889526,6.00000000,0.03222656,-0.04833984,0.07543268,0.48513913,-0.06944225,0.07000000,0.01150183,-0.04012123,0.04044931,-0.05165241,0.01401304,-1.72613060,1.86226630,0.48514169,0.01023860,-0.00732601,-0.09490658,
2502,2.30114126,-0.94354618,10.87750912,6.00000000,0.06767578,-0.09506836,-0.00956886,0.16378537,-0.01841469,0.07000000,0.01150183,-0.01388819,0.00251900,-0.00819222,0.01401304,-1.57428694,1.62141085,0.16378385,0.01323341,-0.00732601,-0.10396972,
2510,1.44641113,0.46424446,13.53746700,6.00000000,0.00483398,-0.01450195,-0.08551066,-0.13225445,-0.00469187,0.07000000,0.01150183,0.00411499,-0.03379564,0.03173744,0.01401304,-1.26536369,1.25140107,-0.13225736,0.01375984,-0.00732601,-0.10082126,
2518,1.64991832,-0.01220169,13.71703243,6.00000000,-0.04995117,0.05317383,-0.02275874,-0.37580118,0.03581043,0.07000000,0.01150183,-0.06069586,-0.07778729,0.05987584,0.01401304,-1.10479343,1.31074226,-0.37579852,0.01235060,-0.00732601,-0.11480856,
2526,0.52464354,-0.03135531,11.68674946,6.00000000,-0.10795899,0.09023438,-0.06032995,-0.49371082,0.02475224,0.07000000,0.01150183,-0.04835112,-0.10119380,0.08589388,0.01401304,-1.48527515,1.64933610,-0.49370599,0.00914103,-0.00732601,-0.14942338,
2534,-2.20714068,-0.24204506,10.48725414,6.00000000,-0.14018555,0.14501953,-0.03195172,-0.31478125,0.00743218,0.07000000,0.01150183,-0.09464466,-0.08665034,0.06077197,0.01401304,-1.64060950,1.96175015,-0.31477937,0.00623078,-0.00732601,-0.15340704,
2542,-1.76660752,0.17694025,7.32211971,6.00000000,-0.12568359,0.12568359,-0.02395783,0.05133820,-0.04332893,0.07000000,0.01150183,-0.00308624,-0.03054641,0.02705278,0.01401304,-2.24274802,2.25322008,0.05133107,0.00383448,-0.00732601,-0.15925729,
2550,-1.47690904,0.04765335,5.72518730,6.00000000,-0.05961914,0.04833984,0.13059041,0.32939181,-0.05478682,0.07000000,0.01150183,-0.01440242,0.00822861,-0.01377216,0.01401304,-2.37015724,2.41902637,0.32939225,0.00513968,-0.00732601,-0.14972696,
2557,-0.98609775,-0.84298968,6.83849096,5.00000000,0.00322266,0.00161133,0.02720297,0.47048369,-0.06930903,0.07000000,0.01150183,0.00205743,0.03613092,-0.03743741,0.01401304,-2.23227620,2.22529483,0.47048920,0.00832773,-0.00732601,-0.12747654,
2566,0.12481184,-0.29711169,9.70674419,6.00000000,0.02578125,-0.05800781,0.01414630,0.43864140,-0.05385420,0.07000000,0.01150183,-0.00462939,0.03952060,-0.04242506,0.01401304,-1.80816102,1.82386911,0.43863964,0.01192702,-0.00732601,-0.09985966,
2574,2.14791226,-1.07043886,11.92377567,6.00000000,0.04995117,-0.08217774,0.04012640,0.09064141,0.01515959,0.07000000,0.01150183,-0.03189143,-0.00586751,-0.00418453,0.01401304,-1.40848064,1.51669109,0.09063706,0.01573636,-0.00732601,-0.09946632,
2582,1.78399360,-0.15824799,13.90856838,6.00000000,0.00805664,-0.00966797,-0.12468066,-0.22831419,-0.03253720,0.07000000,0.01150183,0.00308645,-0.04547437,0.04298746,0.01401304,-1.25314641,1.24267435,-0.22831503,0.01579307,-0.00732601,-0.10702634,
2590,0.90771580,-0.25641027,13.80561829,6.00000000,-0.05800781,0.07412110,0.00335457,-0.44827896,0.00703248,0.07000000,0.01150183,-0.01131583,-0.08233310,0.07593524,0.01401304,-1.28979838,1.32819557,-0.44827259,0.01353079,-0.00732601,-0.12740204,
2598,0.21579151,0.46903285,10.80807781,6.00000000,-0.11762695,0.12729493,0.01854293,-0.48824835,0.00516724,0.07000000,0.01150183,-0.00514380,-0.09547039,0.09039238,0.01401304,-1.64584553,1.66329885,-0.48824447,0.00989365,-0.00732601,-0.15535411,
2606,-2.03715229,-0.81904769,8.55513382,6.00000000,-0.13535157,0.14663085,-0.08937439,-0.19234174,0.01436020,0.07000000,0.01150183,-0.10544626,-0.07153015,0.04336715,0.01401304,-1.77325451,2.13104701,-0.19234696,0.00621957,-0.00976801,-0.15547609,
2614,-1.85758722,-0.04093211,6.92228794,6.00000000,-0.09990235,0.09829102,-0.10149842,0.10289869,-0.01455098,0.07000000,0.01150183,-0.02417574,-0.02365549,0.01531697,0.01401304,-2.25496531,2.33699584,0.10289247,0.00568882,-0.00976801,-0.15899883,
2622,-0.89990646,-0.19416103,5.49055529,6.00000000,-0.05317383,0.02739258,0.08369301,0.35110852,-0.05425389,0.07000000,0.01150183,0.02468978,0.01969235,-0.01592837,0.01401304,-2.33699584,2.25322008,0.35111025,0.00741678,-0.00732601,-0.14093985,
2629,-0.70358193,-0.29232329,7.97813082,5.00000000,0.01611328,-0.00966797,0.10487679,0.42971492,-0.08076691,0.07000000,0.01150183,0.01285941,0.03526638,-0.03408397,0.01401304,-2.12755632,2.08392310,0.42971879,0.01043576,-0.00732601,-0.12151156,
2638,0.91250420,-0.34020734,10.35557365,6.00000000,0.03867187,-0.05317383,0.00335457,0.31393695,-0.07050810,0.07000000,0.01150183,0.05503767,0.03073933,-0.01980958,0.01401304,-1.85179436,1.66504419,0.31393519,0.01336353,-0.00732601,-0.10472499,
2646,1.76962841,0.24397789,12.80005360,6.00000000,0.03222656,-0.04350586,0.10874049,-0.02420392,-0.01028758,0.07000000,0.01150183,-0.03754888,-0.02226549,0.01062885,0.01401304,-1.36484742,1.49225652,-0.02420890,0.01587499,-0.00976801,-0.10532524,
2654,1.50147784,-0.76398104,14.01630783,6.00000000,-0.01933594,0.00966797,-0.08684296,-0.31398189,-0.02054639,0.07000000,0.01150183,-0.00102881,-0.05886331,0.05521264,0.01401304,-1.28630757,1.28979838,-0.31397992,0.01544021,-0.00976801,-0.11614739,
2662,0.92447519,0.37805319,12.92934036,6.00000000,-0.07412110,0.09184571,-0.01449841,-0.48931420,-0.01548360,0.07000000,0.01150183,-0.04063556,-0.09549193,0.08206276,0.01401304,-1.44687796,1.58475900,-0.48930621,0.01233172,-0.00732601,-0.14537159,
2670,-0.62936169,-0.34978414,10.55668640,6.00000000,-0.13374023,0.14501953,0.00668535,-0.42216563,0.00063738,0.07000000,0.01150183,-0.03600640,-0.09281315,0.08057259,0.01401304,-1.74009323,1.86226630,-0.42216352,0.00847089,-0.00732601,-0.16119242,
2678,-1.73787713,-0.00262489,7.73871088,6.00000000,-0.14179687,0.13374023,-0.03981235,-0.08535706,-0.03293689,0.07000000,0.01150183,-0.13065115,-0.06298201,0.02908791,0.01401304,-1.97047675,2.41379046,-0.08536237,0.00547997,-0.00732601,-0.16511862,
2686,-1.80491471,-0.12951757,6.24472904,6.00000000,-0.09023438,0.07412110,-0.07871587,0.21454647,-0.04146369,0.07000000,0.01150183,-0.02211841,-0.00941002,0.00179723,0.01401304,-2.40331841,2.47836757,0.21454278,0.00557186,-0.00732601,-0.16140668,
2694,-1.01003981,0.67254001,6.02685642,6.00000000,-0.03706055,0.00644531,0.12193038,0.40506715,-0.06930903,0.07000000,0.01150183,-0.00874449,0.02359030,-0.02759815,0.01401304,-2.32303333,2.35270381,0.40507120,0.00787754,-0.00732601,-0.14012776,
2701,0.00510176,-1.04410267,8.46654797,5.00000000,0.02416992,-0.02094727,0.04718766,0.45622793,-0.05318804,0.07000000,0.01150183,-0.03086244,0.03565364,-0.04472780,0.01401304,-1.96873140,2.07345128,0.45623142,0.01108453,-0.00732601,-0.11345235,
2710,2.27001667,-0.02177850,10.04672146,6.00000000,0.04511719,-0.06928711,-0.00810330,0.18923253,-0.05931668,0.07000000,0.01150183,0.06841207,0.01459269,-0.00077926,0.01401304,-1.82561433,1.59348571,0.18923265,0.01318957,-0.00732601,-0.11022304,
2718,1.66907191,-0.79989403,13.37944984,6.00000000,0.00644531,-0.02255859,0.10847402,-0.12106303,0.04646893,0.07000000,0.01150183,-0.03086252,-0.03689583,0.02660423,0.01401304,-1.27758098,1.38230073,-0.12106697,0.01397554,-0.00732601,-0.10519807,
2726,1.81990659,-0.71370280,14.06419182,6.00000000,-0.04672851,0.03867187,-0.13120899,-0.41577056,0.01968945,0.07000000,0.01150183,-0.02777641,-0.08128112,0.07106197,0.01401304,-1.38230073,1.47654855,-0.41576672,0.01324141,-0.00732601,-0.13377641,
2734,0.78561151,0.24876629,11.67956638,6.00000000,-0.10473633,0.12084961,-0.06579245,-0.50317025,0.03794213,0.07000000,0.01150183,-0.08590092,-0.10862935,0.08444335,0.01401304,-1.59697628,1.88844621,-0.50316477,0.00951130,-0.00732601,-0.16282588,
2742,-2.10179567,-0.51258987,9.84560871,6.00000000,-0.15307617,0.14501953,-0.01516456,-0.27161434,-0.01961377,0.07000000,0.01150183,0.02726201,-0.06824046,0.07124250,0.01401304,-2.07694173,1.98443925,-0.27161461,0.00659326,-0.00732601,-0.16691713,
2750,-1.78815532,0.09553739,6.90313435,6.00000000,-0.11118164,0.12568359,0.06797173,0.05027235,-0.02587564,0.07000000,0.01150183,-0.10287466,-0.04319271,0.01614345,0.01401304,-2.23402143,2.58308721,0.05026644,0.00488150,-0.00732601,-0.17097595,
2758,-1.29494977,-0.32823631,5.68448591,6.00000000,-0.05639648,0.04672851,-0.00437284,0.33258936,-0.07437181,0.07000000,0.01150183,0.04217830,0.01436705,-0.00653680,0.01401304,-2.62846589,2.48534870,0.33258983,0.00592370,-0.00732601,-0.16126302,
2766,-0.72034138,0.26073730,6.74032879,6.00000000,-0.00805664,-0.00644531,0.08915550,0.44490331,-0.08090015,0.07000000,0.01150183,0.02983360,0.03467893,-0.02947785,0.01401304,-2.42775321,2.32652402,0.44490910,0.00895785,-0.00732601,-0.14008668,
2773,0.52703774,-0.84538388,9.23987484,5.00000000,0.04995117,-0.03061523,0.05544800,0.45289713,-0.03040550,0.07000000,0.01150183,-0.01851714,0.03863467,-0.04478559,0.01401304,-1.93207943,1.99491143,0.45289856,0.01228496,-0.00732601,-0.10951836,
2782,1.93003988,-0.38809136,11.57661629,6.00000000,0.04511719,-0.07734375,-0.05859796,0.07212227,-0.02534271,0.07000000,0.01150183,0.02417573,-0.00531090,0.00844359,0.01401304,-1.71565866,1.63362813,0.07211894,0.01491197,-0.00732601,-0.11618303,
2790,2.20537305,-0.43358120,13.27889347,6.00000000,-0.00966797,-0.00483398,-0.04047851,-0.20286703,0.05939236,0.07000000,0.01150183,-0.08127085,-0.05502120,0.03265293,0.01401304,-1.27234507,1.54810703,-0.20286779,0.01454842,-0.00732601,-0.11694922,
2798,0.77603471,-0.07445094,14.27248764,6.00000000,-0.06767578,0.06284180,-0.12095017,-0.43908602,0.01116265,0.07000000,0.01150183,-0.06172500,-0.09034910,0.07205264,0.01401304,-1.39975405,1.60919356,-0.43908039,0.01252284,-0.00732601,-0.14090765,
2806,0.24452193,0.61268497,11.44254112,6.00000000,-0.11279297,0.12246094,0.00108964,-0.49570930,-0.00855557,0.07000000,0.01150183,0.05092312,-0.09316601,0.10129339,0.01401304,-1.90589952,1.73311198,-0.49570450,0.00870589,-0.00732601,-0.16785270,
2814,-1.91265380,-0.18458422,9.35240269,6.00000000,-0.14824219,0.16274413,0.10634233,-0.22911358,-0.03613444,0.07000000,0.01150183,-0.03137670,-0.07271542,0.06194122,0.01401304,-2.13628292,2.24274802,-0.22911575,0.00491480,-0.00732601,-0.17535082,
2822,-2.16165090,-0.81425929,6.94383574,6.00000000,-0.10312500,0.13051757,-0.01449841,0.14926317,-0.03573475,0.07000000,0.01150183,-0.05915293,-0.02644265,0.00991791,0.01401304,-2.43647981,2.63719249,0.14925744,0.00371804,-0.00732601,-0.17309949,
2830,-1.24945998,0.39720678,5.68448591,6.00000000,-0.05478515,0.01772461,-0.00503898,0.37535658,-0.09355710,0.07000000,0.01150183,-0.00257207,0.01398577,-0.01663701,0.01401304,-2.60577655,2.61450338,0.37535977,0.00531066,-0.00732601,-0.16202158,
2838,-0.67963994,0.13145041,7.68125010,6.00000000,0.00483398,-0.00322266,0.10354447,0.49499825,-0.03959846,0.07000000,0.01150183,-0.06583997,0.03066913,-0.04795418,0.01401304,-2.22005868,2.44346094,0.49500352,0.00850719,-0.00732601,-0.13316493,
2845,1.21656787,-0.37851456,9.40986347,5.00000000,0.04189453,-0.07412110,-0.01596395,0.38188493,-0.06930903,0.07000000,0.01150183,0.06841099,0.03654702,-0.02233792,0.01401304,-2.18689752,1.95476878,0.38188714,0.01156104,-0.00732601,-0.12244847,
2854,1.87257910,0.25594890,12.14164734,6.00000000,0.03867187,-0.04995117,0.04958581,0.02908858,0.03527750,0.07000000,0.01150183,-0.04526411,-0.02158531,0.00820874,0.01401304,-1.61093891,1.76452780,0.02908376,0.01341293,-0.00732601,-0.12025218,
2862,1.60921693,-0.71130860,13.65957165,6.00000000,-0.01772461,0.01772461,-0.10043257,-0.22831419,0.04447046,0.07000000,0.01150183,-0.01080194,-0.05238722,0.04658689,0.01401304,-1.44338727,1.48003924,-0.22831458,0.01328947,-0.00732601,-0.12252700,
2870,1.03221428,0.93111378,12.99637794,6.00000000,-0.05961914,0.07734375,-0.08244634,-0.47572461,0.04873386,0.07000000,0.01150183,-0.00360056,-0.09131158,0.08664502,0.01401304,-1.61442959,1.62664676,-0.47571936,0.01147676,-0.00732601,-0.15197870,
2878,-0.78019643,0.14820983,11.48084831,6.00000000,-0.13051757,0.14018555,0.04119224,-0.45067716,0.02848271,0.07000000,0.01150183,-0.01491715,-0.09724190,0.08990836,0.01401304,-1.96000481,2.01061916,-0.45067409,0.00789280,-0.00732601,-0.17660893,
2886,-1.51521635,-0.51737827,8.07629299,6.00000000,-0.14340821,0.16274413,-0.08631005,-0.09228508,0.00543371,0.07000000,0.01150183,-0.01800304,-0.05262946,0.04531642,0.01401304,-2.32826900,2.38935566,-0.09229219,0.00546386,-0.00732601,-0.17770511,
2894,-1.89350021,0.03568234,6.33570862,6.00000000,-0.07734375,0.08217774,0.01534539,0.18017280,-0.00349279,0.07000000,0.01150183,-0.02366121,-0.01601051,0.00796259,0.01401304,-2.58657789,2.66686320,0.18016931,0.00622766,-0.00732601,-0.17737491,
2902,-1.46972644,-0.17979582,6.39795780,6.00000000,-0.03544922,0.03706055,0.05091813,0.42798293,-0.01108697,0.07000000,0.01150183,-0.00411497,0.02617618,-0.02903318,0.01401304,-2.53072739,2.54469013,0.42798588,0.00880589,-0.00732601,-0.15295491,
2910,0.30677116,-0.13909438,7.75786448,6.00000000,0.03061523,-0.04028320,0.01547861,0.46009165,-0.03200427,0.07000000,0.01150183,0.06481118,0.04498306,-0.03145234,0.01401304,-2.43473434,2.21482277,0.46009621,0.01197304,-0.00732601,-0.13518955,
2917,1.35782576,-0.36893776,10.83680820,5.00000000,0.04995117,-0.05639648,0.09648322,0.23839486,0.01009680,0.07000000,0.01150183,0.01800314,0.01407655,-0.01204030,0.01401304,-2.08043242,2.01934600,0.23839283,0.01521751,-0.00732601,-0.13133354,
2926,1.90130949,-0.92918092,12.80963039,6.00000000,0.02416992,-0.00966797,-0.06565922,-0.02047345,0.01302789,0.07000000,0.01150183,0.02571895,-0.01595595,0.01927229,0.01401304,-1.66155338,1.57428694,-0.02047858,0.01666706,-0.00732601,-0.11878385,
2934,1.85581970,0.26313150,13.64281178,6.00000000,-0.01127930,0.02900391,-0.06366073,-0.37766641,0.03101410,0.07000000,0.01150183,0.00565827,-0.06989945,0.06769659,0.01401304,-1.60221231,1.58301353,-0.37766430,0.01664928,-0.00732601,-0.14284506,
2942,0.71378547,0.05962436,12.34515476,6.00000000,-0.09829102,0.10312500,-0.01210024,-0.48598337,0.05419634,0.07000000,0.01150183,-0.01131628,-0.09348560,0.08699214,0.01401304,-1.74183869,1.78023589,-0.48597786,0.01314586,-0.00732601,-0.16290860,
2950,-0.79695582,-0.39048555,9.30930710,6.00000000,-0.13696289,0.15791015,-0.11948464,-0.32996964,0.01356081,0.07000000,0.01150183,-0.00514370,-0.07840823,0.07366607,0.01401304,-2.13977361,2.15722704,-0.32997030,0.00973675,-0.00732601,-0.17968912,
2958,-1.76421332,0.34692857,7.00369072,6.00000000,-0.10634766,0.12246094,-0.01076793,-0.05964343,0.01436020,0.07000000,0.01150183,-0.02726184,-0.04876495,0.03935558,0.01401304,-2.46265960,2.55516195,-0.05964804,0.00722715,-0.00732601,-0.18622051,
2966,-1.96772039,-0.23725665,6.54639816,6.00000000,-0.08862305,0.08217774,0.06663942,0.27703193,-0.02547594,0.07000000,0.01725275,0.01337363,0.00256981,-0.00301092,0.01401304,-2.63719249,2.59181404,0.27702910,0.00683986,-0.00732601,-0.16946685,
2974,-0.41388354,-0.00262489,6.09149981,6.00000000,-0.00322266,0.00805664,0.06610649,0.43304572,-0.05531974,0.07000000,0.01725275,0.06429642,0.03428952,-0.02233574,0.01401304,-2.68431640,2.46615028,0.43305111,0.00917309,-0.00732601,-0.15530817,
2982,0.05298579,-0.50540721,9.69237900,6.00000000,0.02094727,-0.03544922,0.05078490,0.39147758,-0.01455098,0.07000000,0.01150183,-0.01645984,0.02620152,-0.03200480,0.01401304,-2.28114533,2.33699584,0.39147958,0.01251212,-0.00732601,-0.13902548,
2989,1.69301391,-0.41442758,11.29410076,5.00000000,0.04189453,-0.04028320,-0.04154436,0.21228155,0.01436020,0.07000000,0.01150183,0.02520432,0.01154622,-0.00787355,0.01401304,-1.98793006,1.90240884,0.21227951,0.01449262,-0.00732601,-0.12563449,
2998,1.48711264,0.48818645,13.80082989,6.00000000,0.01127930,-0.01772461,-0.03368371,-0.18141678,0.04113968,0.07000000,0.01150183,0.02468997,-0.04267783,0.04537844,0.01401304,-1.79768908,1.71391332,-0.18142095,0.01519688,-0.00732601,-0.14044854,
3006,1.27402866,-0.23246825,13.64520645,6.00000000,-0.05639648,0.06284180,-0.02755509,-0.36087924,0.06791916,0.07000000,0.01725275,-0.04526449,-0.07921537,0.06363034,0.01401304,-1.68249738,1.83608627,-0.36087352,0.01384810,-0.00732601,-0.15371193,
3014,-0.56471825,-0.30908272,12.39303875,6.00000000,-0.10151367,0.12407227,-0.14919519,-0.43069246,0.05313049,0.07000000,0.01725275,-0.00462941,-0.09087665,0.08469608,0.01401304,-2.03679919,2.05250716,-0.43068707,0.01114079,-0.00732601,-0.17946221,
3022,-1.38832366,0.94069058,9.26381683,6.00000000,-0.12890625,0.13696289,0.00055671,-0.24283639,-0.00629064,0.07000000,0.01150183,0.02057497,-0.06785019,0.06934866,0.01401304,-2.48360348,2.41379046,-0.24283935,0.00826254,-0.00732601,-0.19513632,
3030,-2.20953488,-0.44555220,7.42985868,6.00000000,-0.10473633,0.13696289,0.09381859,0.13247603,-0.01508390,0.07000000,0.01150183,-0.01337355,-0.02143519,0.01572754,0.01401304,-2.72096825,2.76634693,0.13247068,0.00770161,-0.00732601,-0.18931103,
3038,-1.70196402,-0.08642194,5.85447407,6.00000000,-0.03706055,0.03544922,0.02866852,0.36043471,-0.06797671,0.07000000,0.01150183,0.08950081,0.02507898,-0.00597261,0.01401304,-2.98276758,2.67908049,0.36043563,0.00974927,-0.00732601,-0.17911041,
3046,-0.50007480,-0.25162187,7.52323246,6.00000000,0.01289062,0.00483398,0.05265014,0.46422184,-0.02307778,0.07000000,0.01150183,-0.04217841,0.03122487,-0.04294246,0.01401304,-2.48185825,2.62497520,0.46422476,0.01281886,-0.00732601,-0.15146637,
3054,1.00827229,-0.45512900,9.68280220,6.00000000,0.04350586,-0.06606445,-0.04314313,0.38441628,0.00276908,0.07000000,0.01725275,0.01954608,0.03284908,-0.03148147,0.01401304,-2.32477856,2.25845599,0.38441718,0.01600912,-0.00732601,-0.13827205,
3061,1.69061971,0.02371133,12.09376335,5.00000000,0.02900391,-0.05800781,-0.05979704,0.03295228,0.02675071,0.07000000,0.01725275,0.02108949,-0.01265734,0.01364912,0.01401304,-2.06821513,1.99665666,0.03294912,0.01809021,-0.00732601,-0.14496279,
3070,1.77202260,-0.11275817,13.47521782,6.00000000,-0.00644531,0.01933594,-0.04860561,-0.20952860,0.06072468,0.07000000,0.01725275,0.00102878,-0.04780014,0.04351791,0.01401304,-1.73485732,1.73136652,-0.20952895,0.01714537,-0.00732601,-0.14084139,
3078,0.75209266,0.32538074,13.46564102,6.00000000,-0.05639648,0.06767578,-0.06326104,-0.45187619,0.03621012,0.07000000,0.01725275,0.05915306,-0.08059552,0.08948019,0.01401304,-2.03330851,1.83259571,-0.45187175,0.01520041,-0.00732601,-0.17289969,
3086,-0.51204580,0.02131713,10.74343395,6.00000000,-0.12407227,0.14018555,-0.01050148,-0.42509672,0.02954856,0.07000000,0.01725275,-0.01954621,-0.09342086,0.08373594,0.01401304,-2.22529483,2.29161739,-0.42509365,0.01194007,-0.00732601,-0.19455737,
3094,-2.22868848,-0.65145355,8.57428741,6.00000000,-0.12407227,0.15791015,-0.09723502,-0.09681495,0.02035561,0.07000000,0.01150183,-0.00154299,-0.04994423,0.04654504,0.01401304,-2.56214333,2.56737947,-0.09681895,0.00886641,-0.00732601,-0.19296458,
3102,-1.92462480,0.89759493,6.45541859,6.00000000,-0.09023438,0.07895508,0.01148168,0.19376239,-0.00988789,0.07000000,0.01150183,-0.03394855,-0.01622654,0.00579974,0.01401304,-2.85884929,2.97404099,0.19375801,0.00837600,-0.00732601,-0.19739474,
3110,-1.37156427,-0.87411427,6.32373762,6.00000000,-0.02416992,0.03544922,0.03053375,0.43704265,-0.01268574,0.07000000,0.01150183,0.03909236,0.03154624,-0.02416310,0.01401304,-2.87630272,2.74365759,0.43704617,0.01070177,-0.00732601,-0.17203775,
3118,-0.17446338,0.10990259,8.11460018,6.00000000,0.01772461,-0.04350586,0.02800236,0.45622793,-0.02947288,0.07000000,0.01150183,0.03292008,0.03964297,-0.03362954,0.01401304,-2.68431640,2.57261515,0.45623267,0.01423312,-0.00732601,-0.15748692,
3126,0.81194770,-1.35534883,11.20312023,6.00000000,0.06928711,-0.03867187,0.00641889,0.27836424,0.05499573,0.07000000,0.01150183,0.04680814,0.02349547,-0.01455032,0.01401304,-2.29161739,2.13279223,0.27836072,0.01710200,-0.00732601,-0.14020368,
3133,1.92764568,0.28467932,12.78568840,5.00000000,0.02739258,-0.03061523,-0.07844941,-0.05964343,0.03287935,0.07000000,0.01150183,0.05812435,-0.01941389,0.03031323,0.01401304,-2.03679919,1.83957708,-0.05964729,0.01856895,-0.00732601,-0.14484304,
3142,1.68104291,-0.25401607,13.72660923,6.00000000,-0.02255859,0.04189453,-0.04913854,-0.33423302,0.12694059,0.07000000,0.01150183,-0.03394825,-0.07078893,0.05933372,0.01401304,-1.83259571,1.94778740,-0.33422947,0.01749593,-0.00732601,-0.16127053,
3150,0.04101478,-0.12472917,12.94131088,6.00000000,-0.08540039,0.11762695,-0.13680470,-0.43762046,0.07964351,0.07000000,0.01725275,0.06326829,-0.08015262,0.09003165,0.01401304,-2.17293501,1.95825934,-0.43761492,0.01468668,-0.00732601,-0.18148285,
3158,-0.04757068,0.51212847,9.36437416,6.00000000,-0.12729493,0.14179687,-0.01503133,-0.38432798,0.05579512,0.07000000,0.01725275,0.03600642,-0.08482648,0.08833416,0.01401304,-2.57785130,2.45567822,-0.38432890,0.01114321,-0.00732601,-0.21032926,
3166,-2.25981307,-0.68497235,7.91827583,6.00000000,-0.11118164,0.17080078,0.04558888,0.00670573,0.03581043,0.07000000,0.01725275,-0.00154317,-0.03849204,0.03395638,0.01401304,-2.80474401,2.80998015,0.00669959,0.00879785,-0.00732601,-0.20304810,
3174,-1.62534964,0.05723016,5.81137848,6.00000000,-0.07573242,0.06445312,-0.05673272,0.31646836,-0.02947288,0.07000000,0.01725275,0.11110400,0.01825732,0.00448982,0.01401304,-3.19569802,2.81870675,0.31646702,0.00951110,-0.00732601,-0.19507831,
3182,-0.72273558,-0.31626531,6.56555176,6.00000000,0.01611328,0.02094727,0.10034692,0.45209780,0.00583340,0.07000000,0.01150183,0.01800360,0.03144955,-0.02899787,0.01401304,-2.96182370,2.90073705,0.45210272,0.01215548,-0.00732601,-0.17974032,
3190,-0.03081127,-0.01459589,9.51999664,6.00000000,0.02739258,-0.04350586,-0.02782153,0.48713756,0.01276143,0.07000000,0.01150183,0.05092326,0.04862580,-0.03827506,0.01401304,-2.64940977,2.47662210,0.48713747,0.01567797,-0.00732601,-0.15050118,
3198,1.93003988,-0.40485078,11.63407707,6.00000000,0.07734375,-0.05156250,-0.05460101,0.14233515,0.03567720,0.07000000,0.01150183,0.00720128,0.00000622,-0.00069077,0.01401304,-2.32303333,2.29859853,0.14233172,0.01897146,-0.00732601,-0.15721521,
3205,1.34585476,-0.35217834,13.30523014,5.00000000,0.00000000,-0.00322266,-0.06885675,-0.09934634,0.04740155,0.07000000,0.01150183,0.04938007,-0.02510527,0.03386654,0.01401304,-2.03854465,1.87099290,-0.09934790,0.01973382,-0.00732601,-0.14892347,
3214,1.30754745,-0.88369113,14.03306675,6.00000000,-0.03222656,0.04189453,-0.04860561,-0.39205539,0.06831886,0.07000000,0.01150183,0.03652056,-0.07130948,0.07637295,0.01401304,-2.05076194,1.92684352,-0.39205158,0.01811568,-0.00732601,-0.17261191,
3222,-0.22234741,-0.28753489,11.82082462,6.00000000,-0.08056641,0.13857421,-0.07938204,-0.45760515,0.07271549,0.07000000,0.01150183,0.04835140,-0.08673279,0.09440304,0.01401304,-2.40331841,2.23925757,-0.45759919,0.01502235,-0.00732601,-0.20146930,
3230,-1.28537297,0.28467932,9.33803749,6.00000000,-0.13535157,0.15791015,-0.09110638,-0.26921618,0.02328669,0.07000000,0.01150183,0.02417573,-0.07005731,0.07238231,0.01401304,-2.68780708,2.60577655,-0.26921827,0.01140291,-0.00732601,-0.21141070,
3238,-1.86476982,-0.31626531,7.23832273,6.00000000,-0.09023438,0.14179687,0.03186606,0.09383896,0.03008148,0.07000000,0.01150183,-0.02571859,-0.02953739,0.02084990,0.01401304,-2.98974895,3.07701564,0.09383428,0.00979401,-0.00732601,-0.21311735,
3246,-1.84801030,-0.10078716,5.85447407,6.00000000,-0.05800781,0.04189453,-0.00663777,0.39587420,-0.05358773,0.07000000,0.01150183,0.08487189,0.02758682,-0.00948766,0.01401304,-3.26202035,2.97404099,0.39587477,0.01086776,-0.00732601,-0.19735630,
3254,-0.44979656,-0.59399271,6.97017193,6.00000000,0.01772461,0.00483398,0.08276039,0.47754496,-0.02574240,0.07000000,0.01725275,0.01646014,0.03581462,-0.03500625,0.01401304,-3.02291012,2.96705961,0.47755229,0.01419644,-0.00732601,-0.18251392,
3262,0.12002344,-0.46231163,10.11375904,6.00000000,0.04350586,-0.05961914,-0.00876946,0.46089104,-0.01428452,0.07000000,0.01725275,-0.00257180,0.04063047,-0.04430068,0.01401304,-2.52025533,2.52898192,0.46089017,0.01780614,-0.00732601,-0.14962040,
3270,2.68660760,-0.67778975,11.74660397,6.00000000,0.05961914,-0.06284180,-0.10176488,0.05320343,0.02768333,0.07000000,0.01725275,0.04115010,-0.00841455,0.01420939,0.01401304,-2.41379046,2.27416396,0.05320027,0.02038108,-0.00732601,-0.16608138,
3277,1.53739083,0.48818645,13.52310181,5.00000000,-0.01289062,0.01127930,-0.01156733,-0.17995125,0.06698654,0.07000000,0.01725275,0.03034824,-0.03999377,0.04272532,0.01401304,-2.02109122,1.91811693,-0.17995180,0.01965529,-0.00732601,-0.15584275,
3286,1.05615628,-0.74003899,14.01151943,6.00000000,-0.04672851,0.06284180,-0.08750912,-0.44494820,0.10162666,0.07000000,0.01725275,-0.01491687,-0.08871511,0.08015131,0.01401304,-2.19213343,2.24274802,-0.44494241,0.01783353,-0.00732601,-0.19302273,
3294,-0.41148934,-0.02896111,10.60935879,6.00000000,-0.12407227,0.14501953,-0.15465766,-0.40111512,0.05859297,0.07000000,0.01150183,0.07406981,-0.07971005,0.09356320,0.01401304,-2.74365759,2.49233031,-0.40111363,0.01433158,-0.00732601,-0.21888529,
3302,-2.58781862,0.20806487,8.89989853,6.00000000,-0.11601563,0.14824219,0.01667770,-0.12279504,0.06405545,0.07000000,0.01150183,-0.01903120,-0.05518576,0.04763906,0.01401304,-2.83615994,2.90073705,-0.12279874,0.01256922,-0.00732601,-0.21686533,
3310,-1.90547121,-0.57005072,6.65413761,6.00000000,-0.08540039,0.10957031,-0.01343257,0.21574554,-0.01375159,0.07000000,0.01150183,0.09567373,0.00286895,0.01739447,0.01401304,-3.34230542,3.01767421,0.21574265,0.01165092,-0.00732601,-0.21490787,
3318,-0.87835866,0.06920116,5.68209171,6.00000000,-0.00322266,0.03222656,0.07743115,0.41319424,-0.03799968,0.07000000,0.01150183,0.03086260,0.02609096,-0.02067444,0.01401304,-3.23584032,3.13112068,0.41319814,0.01368050,-0.00732601,-0.20084542,
3326,-1.05074120,-0.88608533,8.24149323,6.00000000,0.01450195,-0.01450195,0.02640358,0.51205182,-0.01774853,0.07000000,0.01150183,-0.00205760,0.04487143,-0.04695992,0.01401304,-2.82568789,2.83266950,0.51205480,0.01745723,-0.00732601,-0.16799150,
3334,1.21896207,-0.59159851,9.96292400,6.00000000,0.06928711,-0.07895508,-0.02862094,0.38175169,-0.00056170,0.07000000,0.01150183,0.00823004,0.03504587,-0.03494104,0.01401304,-2.51327419,2.48534870,0.38175130,0.02108591,-0.00732601,-0.15352300,
3342,1.78638780,-0.18697841,12.82638931,6.00000000,0.03706055,-0.04511719,-0.05739888,-0.02713501,0.02555162,0.07000000,0.01150183,0.03034827,-0.01543361,0.01990067,0.01401304,-2.24972939,2.14675498,-0.02714035,0.02356586,-0.00732601,-0.16134025,
3349,2.19340205,-0.50540721,13.50155449,5.00000000,-0.00644531,0.01772461,-0.01902827,-0.29213193,0.03434489,0.07000000,0.01150183,0.02417591,-0.05242715,0.05485098,0.01401304,-1.96873140,1.88670087,-0.29212981,0.02271990,-0.00732601,-0.16093883,
3358,0.81673616,-0.10796976,13.61168766,6.00000000,-0.06445312,0.09023438,-0.04660713,-0.53887618,0.06112437,0.07000000,0.01150183,-0.01645983,-0.10029881,0.09254491,0.01401304,-2.23925757,2.29510808,-0.53887045,0.01974686,-0.00732601,-0.20343882,
3366,-0.98370355,-0.06966253,10.35317898,6.00000000,-0.14340821,0.15791015,-0.12161633,-0.39325446,0.00263585,0.07000000,0.01725275,0.00977323,-0.08393420,0.08128612,0.01401304,-2.54469013,2.51152873,-0.39325345,0.01600969,-0.00732601,-0.21179885,
3374,-1.74745393,-0.25401607,7.67646170,6.00000000,-0.11440430,0.13535157,0.02200695,-0.07256686,0.03660981,0.07000000,0.01725275,-0.07355597,-0.05547591,0.03381699,0.01401304,-2.88852000,3.13810205,-0.07257155,0.01366922,-0.00732601,-0.22372654,
3382,-2.21671748,-0.12712337,6.32613182,6.00000000,-0.08540039,0.07573242,0.00908352,0.28715751,-0.06064899,0.07000000,0.01725275,0.05298048,0.00993902,-0.00093455,0.01401304,-3.24631238,3.06654334,0.28715569,0.01358641,-0.00732601,-0.20802230,
3390,-0.80653262,-0.47188842,6.10586500,6.00000000,-0.00161133,0.00966797,0.09048781,0.43237957,-0.05118957,0.07000000,0.01725275,0.03703510,0.03219298,-0.02660507,0.01401304,-3.19569802,3.07003403,0.43238553,0.01608620,-0.00732601,-0.19578484,
3398,-0.32290387,-0.58202171,8.62695980,6.00000000,0.03383789,-0.04028320,0.01494569,0.49859551,-0.03546828,0.07000000,0.01725275,0.01131637,0.04822487,-0.04851363,0.01401304,-2.67733502,2.63893771,0.49859804,0.01962941,-0.00732601,-0.15656632,
3406,1.96595299,-0.46949422,10.28614140,6.00000000,0.06445312,-0.07734375,-0.03261786,0.21454647,0.02062207,0.07000000,0.01725275,0.00360059,0.01170112,-0.01439359,0.01401304,-2.47662210,2.46440482,0.21454680,0.02271825,-0.00732601,-0.16355765,
3414,1.62597632,0.40678361,13.16397190,6.00000000,0.01450195,-0.02094727,-0.04194403,-0.08588999,0.03621012,0.07000000,0.01725275,0.00514374,-0.02610143,0.02313034,0.01401304,-2.05425239,2.03679919,-0.08589467,0.02333683,-0.00732601,-0.15452795,
3421,1.55893862,0.00934612,13.96124077,5.00000000,-0.02255859,0.01772461,-0.04953823,-0.37793285,0.06312283,0.07000000,0.01725275,0.02777634,-0.06590484,0.06763143,0.01401304,-2.03854465,1.94429684,-0.37792987,0.02269352,-0.00732601,-0.17177790,
3430,0.41929865,-0.02896111,12.71146774,6.00000000,-0.09184571,0.12084961,-0.03701449,-0.52888387,0.06951794,0.07000000,0.01725275,0.02931933,-0.09555108,0.09726450,0.01401304,-2.40157318,2.30208921,-0.52887809,0.01934290,-0.00732601,-0.20885140,
3438,-1.34522796,0.80900949,9.77138805,6.00000000,-0.13051757,0.16274413,-0.07671740,-0.33556530,0.00903095,0.07000000,0.01725275,-0.02417547,-0.08035961,0.06982081,0.01401304,-2.55865288,2.64068317,-0.33556709,0.01604948,-0.00732601,-0.21280451,
3446,-1.47930324,-0.14627698,7.21438074,6.00000000,-0.12246094,0.13051757,-0.00543869,-0.02140607,-0.00042847,0.07000000,0.01725275,-0.02006072,-0.04108039,0.03217603,0.01401304,-3.01418352,3.08225155,-0.02141142,0.01461472,-0.00732601,-0.22254816,
3454,-1.21594107,0.12426780,5.03086853,6.00000000,-0.06284180,0.06123047,0.06437449,0.30887419,-0.05931668,0.07000000,0.01725275,0.04423645,0.01309958,-0.00610018,0.01401304,-3.23933125,3.08923268,0.30887279,0.01460358,-0.00732601,-0.20701718,
3462,-0.72034138,-1.04649687,6.40274620,6.00000000,-0.00805664,0.01450195,0.04918612,0.45276392,-0.04879141,0.07000000,0.01725275,0.03034825,0.03649977,-0.03243160,0.01401304,-3.10494065,3.00196624,0.45276952,0.01717788,-0.00732601,-0.18854955,
3470,0.47915369,-0.74722159,8.55513382,6.00000000,0.04833984,-0.05961914,-0.00996854,0.44876701,-0.03253720,0.07000000,0.01725275,-0.01697432,0.03858050,-0.04564853,0.01401304,-2.63021111,2.68780708,0.44877061,0.02047504,-0.00732601,-0.16024235,
3478,2.20058465,-0.58681011,11.58140469,6.00000000,0.04028320,-0.05800781,-0.05313548,0.12061845,0.01156234,0.07000000,0.01725275,0.01851750,0.00100535,-0.00038083,0.01401304,-2.38761044,2.32477856,0.12061545,0.02258179,-0.00732601,-0.16207950,
3486,2.08087468,-0.04572052,12.68513107,6.00000000,0.00966797,-0.00644531,-0.01689657,-0.16875982,0.01156234,0.07000000,0.01725275,0.00977320,-0.03861868,0.03654737,0.01401304,-2.05599785,2.02283669,-0.16876155,0.02234296,-0.00732601,-0.16009289,
3493,1.16868377,-0.01459589,14.32994843,5.00000000,-0.04511719,0.04189453,-0.03954589,-0.44534788,0.04580277,0.07000000,0.01725275,-0.02057446,-0.08543401,0.07557018,0.01401304,-2.12232041,2.19213343,-0.44534209,0.02080415,-0.00732601,-0.18868624,
3502,-0.10024311,-0.26838127,12.59893990,6.00000000,-0.12890625,0.13857421,-0.08750912,-0.45840454,0.04420400,0.07000000,0.01725275,-0.00668678,-0.09278843,0.08612701,0.01401304,-2.41029978,2.43298888,-0.45839742,0.01718616,-0.00732601,-0.20880297,
3510,-1.45775545,0.31819814,9.14889526,6.00000000,-0.12407227,0.13857421,-0.04514160,-0.21272612,0.03807536,0.07000000,0.01150183,-0.03652073,-0.06773524,0.05588237,0.01401304,-2.74016690,2.86408544,-0.21272972,0.01418628,-0.00732601,-0.21857709,
3518,-2.51599264,0.05723016,7.61660671,6.00000000,-0.10634766,0.12246094,0.00348781,0.11595535,-0.01495067,0.07000000,0.01150183,-0.01080187,-0.02044212,0.01537585,0.01401304,-3.07177949,3.10843158,0.11595047,0.01408707,-0.00732601,-0.21562627,
3526,-1.32368016,-0.09599875,5.74673510,6.00000000,-0.03383789,0.02900391,0.07050312,0.34124938,-0.05531974,0.07000000,0.01150183,0.00411497,0.01519234,-0.01622109,0.01401304,-3.18173528,3.16777253,0.34125119,0.01601903,-0.00732601,-0.20542894,
3534,-0.61020809,-0.67060715,7.80335426,6.00000000,0.00161133,-0.00644531,0.03946024,0.46382213,-0.07077456,0.07000000,0.01150183,-0.00000006,0.03920166,-0.04089209,0.01401304,-2.88677454,2.88677454,0.46382684,0.01903450,-0.00732601,-0.17566372,
3542,1.15431857,-0.16543061,9.96771240,6.00000000,0.04833984,-0.06767578,0.01374661,0.31899977,-0.05505328,0.07000000,0.01150183,-0.00154307,0.02350699,-0.02584514,0.01401304,-2.64591932,2.65115499,0.31900048,0.02149714,-0.00732601,-0.16889147,
3550,1.90609789,-0.51498407,12.39543343,6.00000000,0.02900391,-0.03706055,0.00535304,0.05107173,-0.02640856,0.07000000,0.01150183,0.02006062,-0.00633305,0.00853256,0.01401304,-2.24623871,2.17817092,0.05106872,0.02278121,-0.00732601,-0.15668242,
3558,2.01383710,-0.17261320,13.42015171,6.00000000,0.00161133,-0.00644531,-0.01556426,-0.30092520,-0.00096139,0.07000000,0.01150183,-0.03240518,-0.06270091,0.05173320,0.01401304,-1.99491143,2.10486698,-0.30092490,0.02191944,-0.00732601,-0.17043398,
3565,0.92208099,-0.53653187,13.97321224,5.00000000,-0.08540039,0.08540039,-0.07165463,-0.46773070,0.01342758,0.07000000,0.01150183,-0.05760967,-0.09521697,0.07789293,0.01401304,-2.12057495,2.31605196,-0.46772280,0.01889363,-0.00732601,-0.19473757,
3574,-0.74667758,0.31580395,10.55668640,6.00000000,-0.13535157,0.13051757,-0.07005585,-0.39378738,-0.00682357,0.07000000,0.01150183,-0.01645999,-0.08683111,0.07933839,0.01401304,-2.47487688,2.53072739,-0.39378655,0.01538746,-0.00732601,-0.21000265,
3582,-1.56070614,-0.38809136,7.95897722,6.00000000,-0.12568359,0.13696289,-0.03581541,-0.12719166,-0.01761530,0.07000000,0.01150183,-0.02366112,-0.05609393,0.04745434,0.01401304,-2.89375591,2.97404099,-0.12719563,0.01350077,-0.00732601,-0.22192931,
3590,-1.92462480,0.20088226,6.46978378,6.00000000,-0.08701172,0.08701172,0.01880939,0.21801049,-0.05918344,0.07000000,0.01150183,-0.02417564,-0.00877645,0.00075724,0.01401304,-3.03338218,3.11541271,0.21800663,0.01251554,-0.00732601,-0.20708832,
3598,-0.92863691,-0.53653187,6.24951744,6.00000000,-0.02578125,0.02578125,0.02214018,0.40306866,-0.07623705,0.07000000,0.01725275,0.05606758,0.02950103,-0.01949892,0.01401304,-3.15031934,2.96007848,0.40307206,0.01465999,-0.00732601,-0.19227919,
3606,0.18945529,0.21285327,8.04038048,6.00000000,0.03383789,-0.02739258,0.08329332,0.41266137,-0.06930903,0.07000000,0.01725275,-0.02417567,0.02839826,-0.03727928,0.01401304,-2.71747756,2.79950809,0.41266483,0.01783982,-0.00732601,-0.17007244,
3614,1.02982008,-0.61314631,11.55746269,6.00000000,0.03383789,-0.04189453,-0.02036058,0.20908400,-0.05465358,0.07000000,0.01725275,-0.01388810,0.00759348,-0.01444655,0.01401304,-2.39459157,2.44171548,0.20908207,0.02105185,-0.00732601,-0.16015783,
3622,2.47591782,0.27989092,12.08897495,6.00000000,0.00483398,-0.02900391,-0.01636364,-0.10414267,-0.03520183,0.07000000,0.01725275,-0.01388806,-0.03502117,0.02748389,0.01401304,-2.12581110,2.17293501,-0.10414478,0.02080888,-0.00732601,-0.16338001,
3630,1.38176775,-0.62990576,13.94927025,6.00000000,-0.03706055,0.03544922,-0.03328403,-0.36687469,0.03527750,0.07000000,0.01725275,-0.05349517,-0.07869899,0.06122007,0.01401304,-2.01760054,2.19911480,-0.36687213,0.01960777,-0.00732601,-0.17945418,
3637,-0.08827211,-0.00501909,12.80723572,5.00000000,-0.11118164,0.11279297,-0.08511097,-0.43029273,0.01236173,0.07000000,0.01725275,-0.00874450,-0.08810107,0.08101165,0.01401304,-2.28638124,2.31605196,-0.43028572,0.01669336,-0.00732601,-0.19803387,
3646,-0.67245734,0.35411116,9.46253586,6.00000000,-0.12407227,0.13051757,-0.01956121,-0.30905235,0.02501870,0.07000000,0.01725275,-0.05915337,-0.08452737,0.06575465,0.01401304,-2.58483267,2.78554559,-0.30905265,0.01345494,-0.00732601,-0.21708257,
3654,-1.76900172,-0.13909438,6.73793459,6.00000000,-0.12890625,0.12890625,-0.03901296,0.02136116,-0.01641622,0.07000000,0.01725275,0.00977315,-0.03504233,0.03323741,0.01401304,-3.07352495,3.04036355,0.02135354,0.01138777,-0.00732601,-0.22008035,
3662,-1.98447990,0.24876629,6.04122162,6.00000000,-0.04995117,0.05961914,0.06783850,0.30287880,-0.01561683,0.07000000,0.01725275,-0.00720119,0.00429343,-0.00947366,0.01401304,-3.14682865,3.17126322,0.30287814,0.01288127,-0.00732601,-0.20707215,
3670,-0.95497310,-0.41203338,6.91749954,6.00000000,-0.01450195,0.00322266,0.01201461,0.47048369,-0.03986492,0.07000000,0.01725275,0.06326814,0.04140975,-0.02955026,0.01401304,-3.12239385,2.90771866,0.47048759,0.01538361,-0.00732601,-0.18448131,
3678,0.73533326,-0.20613202,9.81687832,6.00000000,0.05156250,-0.04672851,0.03599623,0.36043471,-0.01881438,0.07000000,0.01725275,0.00308635,0.02509799,-0.02764794,0.01401304,-2.73318577,2.72271371,0.36043611,0.01847236,-0.00732601,-0.17164475,
3686,1.40810394,-0.37851456,12.23980999,6.00000000,0.02739258,-0.03706055,-0.00530546,0.14073637,-0.00495833,0.07000000,0.01725275,0.04166441,0.00520067,0.00091232,0.01401304,-2.37539315,2.23402143,0.14073204,0.02073371,-0.00732601,-0.15688829,
3694,1.69540811,-0.74961579,13.54465008,6.00000000,0.00805664,-0.01127930,-0.04620745,-0.22071999,0.02182115,0.07000000,0.01725275,0.00514409,-0.04908704,0.04579204,0.01401304,-2.13104701,2.11359358,-0.22072084,0.02107128,-0.00732601,-0.16987045,
3702,1.29318225,-0.21570884,13.62126446,6.00000000,-0.06123047,0.07734375,-0.07378633,-0.43375677,0.04140614,0.07000000,0.01150183,-0.00925853,-0.08488142,0.07904744,0.01401304,-2.22005868,2.25147462,-0.43375176,0.01879778,-0.00732601,-0.19353999,
3709,-0.68921673,-0.11036396,11.23424530,5.00000000,-0.11923828,0.13696289,-0.06379398,-0.42256534,0.03527750,0.07000000,0.01150183,0.00360051,-0.08716559,0.08435276,0.01401304,-2.41728091,2.40506387,-0.42256191,0.01575324,-0.00732601,-0.20544572,
3718,-1.53676414,-0.53174347,8.67005539,6.00000000,-0.11279297,0.14663085,-0.05127022,-0.19673839,0.01782421,0.07000000,0.01150183,-0.02674800,-0.06600330,0.05648297,0.01401304,-2.83790541,2.92866254,-0.19674419,0.01346734,-0.00732601,-0.22330204,
3726,-2.19277549,-0.15824799,6.88158655,6.00000000,-0.10312500,0.09990235,-0.02022735,0.15525857,-0.02747441,0.07000000,0.01725275,-0.00874430,-0.01606745,0.01020459,0.01401304,-3.06654334,3.09621406,0.15525401,0.01319338,-0.00732601,-0.21214408,
3734,-1.09862518,-0.36414933,6.21121025,6.00000000,-0.03222656,0.04189453,0.06743881,0.37815446,-0.04212985,0.07000000,0.01725275,0.02469010,0.02128864,-0.01875038,0.01401304,-3.18522596,3.10144997,0.37815696,0.01478212,-0.00732601,-0.20047563,
3742,-0.06911849,-0.34499574,7.37239790,6.00000000,0.02094727,-0.02255859,0.08209424,0.43277928,-0.07010841,0.07000000,0.01725275,0.00925877,0.03348254,-0.03442778,0.01401304,-2.92517185,2.89375591,0.43278426,0.01780957,-0.00732601,-0.17955928,
3750,0.70181447,-0.83341289,10.89426899,6.00000000,0.03706055,-0.04028320,0.02853528,0.26797220,-0.03560152,0.07000000,0.01725275,0.00771555,0.01656501,-0.01819249,0.01401304,-2.60228610,2.57610607,0.26796925,0.02092390,-0.00732601,-0.16828905,
3758,2.18143106,-0.40006238,12.28769398,6.00000000,0.01933594,-0.03867187,0.01014937,-0.00821617,-0.00455864,0.07000000,0.01725275,0.01851767,-0.01647919,0.01682397,0.01401304,-2.28812671,2.22529483,-0.00821880,0.02263628,-0.00732601,-0.16420740,
3766,1.58527493,-0.15106539,14.18390179,6.00000000,-0.01127930,0.01611328,-0.06885675,-0.32530653,0.04526985,0.07000000,0.01725275,-0.04063568,-0.06934258,0.05501522,0.01401304,-2.08217788,2.22005868,-0.32530481,0.02167277,-0.00732601,-0.17954063,
3774,0.79518831,0.11947940,12.32121277,6.00000000,-0.10151367,0.10473633,-0.08364543,-0.44734636,0.04167261,0.07000000,0.01725275,0.01800320,-0.08540535,0.08461781,0.01401304,-2.34746790,2.28638124,-0.44734120,0.01866242,-0.00732601,-0.20040926,
3781,-0.93103111,0.38284159,10.25741100,5.00000000,-0.11601563,0.13374023,-0.00290730,-0.39325446,0.03008148,0.07000000,0.01725275,0.02983374,-0.08295849,0.08503979,0.01401304,-2.64940977,2.54818082,-0.39325371,0.01549436,-0.00732601,-0.21692345,
3790,-2.33642745,-0.43358120,7.89433384,6.00000000,-0.12568359,0.16435547,-0.02768830,-0.03006610,-0.00136109,0.07000000,0.01725275,0.00360079,-0.03973830,0.03639181,0.01401304,-2.97753191,2.96531439,-0.03007066,0.01363666,-0.00732601,-0.21760839,
3798,-1.76900172,0.06441276,6.22318125,6.00000000,-0.05478515,0.06606445,0.01787677,0.26557404,-0.02121254,0.07000000,0.01725275,0.01543116,0.00303635,-0.00294432,0.01401304,-3.12763000,3.07527018,0.26557201,0.01361257,-0.00732601,-0.20560116,
3806,-0.87117606,-0.01699010,6.85764456,6.00000000,-0.01289062,0.01611328,0.04332395,0.42118815,-0.05465358,0.07000000,0.01725275,0.07458420,0.03661250,-0.02218131,0.01401304,-3.11017656,2.85710382,0.42119086,0.01597279,-0.00732601,-0.18577759,
3814,0.13438866,0.04047075,9.50323772,6.00000000,0.04028320,-0.03706055,0.08729026,0.38041937,-0.02414363,0.07000000,0.01725275,0.00257202,0.02915935,-0.03177650,0.01401304,-2.70700574,2.69827914,0.38042003,0.01930513,-0.00732601,-0.16836110,
3822,1.59964013,-0.78074044,11.61013508,6.00000000,0.03061523,-0.03867187,-0.02129320,0.15472564,-0.00282663,0.07000000,0.01725275,0.03652047,0.00626331,-0.00133016,0.01401304,-2.44171548,2.31779718,0.15472142,0.02119310,-0.00732601,-0.16131487,
3830,2.03059649,-0.10557556,13.02271366,6.00000000,0.01611328,-0.01611328,-0.05340194,-0.20593134,0.02528516,0.07000000,0.01725275,-0.00823017,-0.04773061,0.04132390,0.01401304,-2.15897226,2.18689752,-0.20593171,0.02230878,-0.00732601,-0.17246780,
3838,1.06333888,-0.42400438,13.77928162,6.00000000,-0.06123047,0.07089844,-0.05193640,-0.38659289,0.05592835,0.07000000,0.01725275,-0.03137575,-0.07905491,0.06676260,0.01401304,-2.12930179,2.23576689,-0.38658628,0.02028415,-0.00732601,-0.18626128,
3846,0.19663790,0.02849974,11.17917824,6.00000000,-0.10634766,0.11440430,-0.03514925,-0.44814575,0.01822391,0.07000000,0.01725275,0.05349496,-0.08490536,0.09247409,0.01401304,-2.55690742,2.37539315,-0.44814149,0.01700590,-0.00732601,-0.21128608,
3853,-1.29494977,0.16018084,9.34522057,5.00000000,-0.12407227,0.15146485,0.00681859,-0.30092520,-0.01241928,0.07000000,0.01725275,-0.01748909,-0.07999030,0.07107316,0.01401304,-2.80998015,2.86932111,-0.30092612,0.01365955,-0.00732601,-0.22769192,
3862,-2.11376667,-0.64187676,7.09945869,6.00000000,-0.11601563,0.12729493,0.02413865,0.14473331,-0.00922173,0.07000000,0.01725275,-0.04012134,-0.02385138,0.01053132,0.01401304,-3.03512740,3.17126322,0.14472622,0.01113321,-0.00732601,-0.21448892,
3870,-1.40747726,0.01413453,6.17769146,6.00000000,-0.05156250,0.04189453,0.01561185,0.34298140,-0.04186339,0.07000000,0.01150183,0.04063603,0.01568107,-0.00811763,0.01401304,-3.32485223,3.18697143,0.34298345,0.01320315,-0.00732601,-0.21118732,
3878,-0.37078792,-0.30429429,7.18086195,6.00000000,0.00805664,-0.00805664,0.08835611,0.46382213,-0.02867349,0.07000000,0.01150183,0.00462934,0.03594298,-0.03657672,0.01401304,-2.93738914,2.92168117,0.46382660,0.01606321,-0.00732601,-0.17876388,
3886,1.29078805,-0.79510564,10.49922562,6.00000000,0.03544922,-0.03867187,0.01987524,0.31766745,0.01062973,0.07000000,0.01150183,0.02674745,0.02415380,-0.01983949,0.01401304,-2.71398687,2.62322998,0.31766561,0.01945920,-0.00732601,-0.17044331,
3894,2.05214429,-0.28992909,11.95250607,6.00000000,0.03706055,-0.04028320,-0.05846474,0.01763069,0.03074764,0.07000000,0.01150183,0.02674750,-0.01293362,0.01662240,0.01401304,-2.35968518,2.26892805,0.01762718,0.02156840,-0.00732601,-0.16650924,
3902,1.19501996,0.38523579,14.22939205,6.00000000,-0.01450195,0.02255859,-0.02782153,-0.26801705,0.06765269,0.07000000,0.01150183,-0.01697376,-0.05773796,0.05048006,0.01401304,-2.12930179,2.18689752,-0.26801613,0.02157769,-0.00732601,-0.17589335,
3910,1.23572147,0.22003587,12.50796032,6.00000000,-0.07573242,0.09506836,-0.05113701,-0.43482262,0.04740155,0.07000000,0.01150183,0.05092324,-0.07857223,0.08694378,0.01401304,-2.36143064,2.18864298,-0.43481809,0.01862541,-0.00732601,-0.19646448,
3918,-0.20558800,0.11469100,9.92222309,6.00000000,-0.09990235,0.14018555,0.00362104,-0.44974449,0.05179818,0.07000000,0.01725275,0.06738317,-0.08800174,0.09882048,0.01401304,-2.79252672,2.56388855,-0.44974425,0.01517249,-0.00732601,-0.22677657,
3925,-3.04032278,-0.26119867,9.63731289,5.00000000,-0.14018555,0.18208008,-0.02529015,-0.07669704,0.01036326,0.07000000,0.01725275,-0.00308556,-0.04677285,0.04173972,0.01401304,-2.86059451,2.87106657,-0.07669884,0.01300574,-0.00732601,-0.21333332,
3934,-1.57267714,0.29665032,6.30697823,6.00000000,-0.05961914,0.07573242,-0.02009412,0.18630144,-0.01801499,0.07000000,0.01725275,0.02829042,-0.00841141,0.01135933,0.01401304,-3.23234963,3.13635659,0.18629935,0.01316565,-0.00732601,-0.21735889,
3942,-1.00046301,0.25834310,6.70202160,6.00000000,-0.02578125,0.04189453,0.06117693,0.40466747,-0.05225543,0.07000000,0.01725275,0.03600629,0.02713835,-0.02186856,0.01401304,-3.15031934,3.02814627,0.40467015,0.01481394,-0.00732601,-0.19463077,
3950,-0.11221413,-0.30908272,8.69878578,6.00000000,0.01933594,-0.03061523,0.07050312,0.40653268,-0.04053107,0.07000000,0.01725275,0.01851746,0.03155465,-0.03036769,0.01401304,-2.89375591,2.83092403,0.40653396,0.01802589,-0.00732601,-0.17804591,
3958,1.32670105,-0.98185337,10.79610634,6.00000000,0.03867187,-0.04350586,0.02427188,0.24105948,-0.01614976,0.07000000,0.01150183,0.02160375,0.01664124,-0.01368313,0.01401304,-2.52549148,2.45218754,0.24105799,0.02136918,-0.00732601,-0.16296408,
3966,1.80314720,-1.04649687,13.20227909,6.00000000,0.02094727,-0.03222656,-0.05380163,-0.15050715,0.01795744,0.07000000,0.01150183,0.02983374,-0.03546650,0.03952634,0.01401304,-2.31256127,2.21133208,-0.15051053,0.02237659,-0.00732601,-0.17490306,
3974,1.87736750,-0.27077547,13.65238857,6.00000000,-0.04833984,0.06928711,-0.02622277,-0.35808143,0.05739389,0.07000000,0.01725275,-0.01697438,-0.07196336,0.06314011,0.01401304,-2.08392310,2.14151883,-0.35807812,0.02067981,-0.00732601,-0.17913288,
3982,0.66111302,-0.26359287,11.92616940,6.00000000,-0.08701172,0.10312500,-0.06605888,-0.51636010,0.06458838,0.07000000,0.01725275,-0.00257165,-0.09967874,0.09386893,0.01401304,-2.37713838,2.38586497,-0.51635504,0.01769787,-0.00732601,-0.21009457,
3990,-0.97652096,0.14820983,9.83842564,6.00000000,-0.15146485,0.15952149,-0.06339429,-0.38126364,0.01209527,0.07000000,0.01725275,0.02006064,-0.08612093,0.08590046,0.01401304,-2.82045221,2.75238419,-0.38126516,0.01408610,-0.00732601,-0.22965693,
3997,-1.75463653,-0.31626531,7.07791090,5.00000000,-0.11923828,0.15307617,0.03692885,0.03481752,0.02395285,0.07000000,0.01725275,-0.00051415,-0.03357228,0.02937821,0.01401304,-3.08050609,3.08225155,0.03480861,0.01230054,-0.00732601,-0.22087628,
4006,-2.27417827,-0.30190009,6.80018377,6.00000000,-0.06767578,0.07412110,0.06730557,0.28729075,-0.04626001,0.07000000,0.01725275,0.04114991,0.00715367,-0.00093755,0.01401304,-3.41386414,3.27423787,0.28729066,0.01428006,-0.00732601,-0.22161518,
4014,-0.35163429,-0.50301301,6.55358076,6.00000000,0.00161133,0.00483398,0.04518918,0.44357100,-0.04612679,0.07000000,0.01725275,0.11933512,0.04363369,-0.01858202,0.01401304,-3.38070273,2.97578645,0.44357610,0.01664065,-0.00732601,-0.19826341,
4022,-0.41867194,0.09793159,10.16403675,6.00000000,0.03544922,-0.01127930,0.04891966,0.41958937,-0.00176078,0.07000000,0.01725275,-0.01285903,0.03223580,-0.03840273,0.01401304,-2.83615994,2.87979317,0.41958565,0.02022037,-0.00732601,-0.17678325,
4030,1.66667771,-0.51019567,11.75618076,6.00000000,0.05156250,-0.06606445,-0.02302521,0.19616055,0.03301257,0.07000000,0.01725275,0.04063563,0.01367714,-0.00765934,0.01401304,-2.56388855,2.42600775,0.19615793,0.02321423,-0.00732601,-0.16666231,
4038,2.10481668,0.50494587,13.85589600,6.00000000,0.01450195,-0.00644531,-0.06112934,-0.20753011,0.04460370,0.07000000,0.01725275,0.00102907,-0.04691143,0.04269309,0.01401304,-2.23053074,2.22704005,-0.20753285,0.02285302,-0.00732601,-0.17663306,
4046,1.66188931,-0.13909438,13.41057491,6.00000000,-0.04672851,0.06767578,-0.03101910,-0.43242443,0.04646893,0.07000000,0.01725275,-0.00668717,-0.08227205,0.07571217,0.01401304,-2.14850020,2.17118955,-0.43241882,0.02051263,-0.00732601,-0.18793911,
4054,-0.34684590,0.26073730,11.69393158,6.00000000,-0.11923828,0.12407227,-0.02182614,-0.52422076,0.02102176,0.07000000,0.01725275,0.05709568,-0.09742170,0.10567190,0.01401304,-2.73493099,2.54119945,-0.52421671,0.01709358,-0.00732601,-0.22926536,
4062,-2.15207386,0.34692857,9.14171314,6.00000000,-0.13051757,0.18852539,-0.03235140,-0.20792979,-0.01841469,0.07000000,0.01725275,0.01594564,-0.06219405,0.06138199,0.01401304,-2.89201045,2.83790541,-0.20793265,0.01423477,-0.00732601,-0.22278456,
4069,-1.82406831,0.08356638,7.22156334,5.00000000,-0.10634766,0.11118164,0.06770527,0.05480221,-0.01255251,0.07000000,0.01725275,-0.04269322,-0.03708365,0.02298217,0.01401304,-3.23234963,3.37721205,0.05479892,0.01334796,-0.00732601,-0.23562367,
4078,-1.07228899,-1.08001566,5.12903070,6.00000000,-0.04672851,0.04995117,0.00055671,0.37562302,-0.05651883,0.07000000,0.01725275,0.09361576,0.02612758,-0.00733311,0.01401304,-3.47145987,3.15381002,0.37562317,0.01390913,-0.00732601,-0.21293332,
4086,-1.08665419,-0.70652020,7.46337748,6.00000000,0.01127930,0.00483398,0.07743115,0.42864907,-0.03560152,0.07000000,0.01725275,-0.01388764,0.02742133,-0.03384936,0.01401304,-3.08399677,3.13112068,0.42865330,0.01742776,-0.00732601,-0.19422077,
4094,1.45598793,-1.46548212,9.81927204,6.00000000,0.03544922,-0.05317383,-0.01436519,0.38241780,-0.00149432,0.07000000,0.01725275,-0.01748876,0.02869795,-0.03603348,0.01401304,-2.64242840,2.70176983,0.38241801,0.02044061,-0.00732601,-0.16600195,
4102,2.62914681,-0.52456087,11.28452396,6.00000000,0.03544922,-0.05478515,-0.04367606,0.01416668,0.03394520,0.07000000,0.01725275,0.00668692,-0.01680658,0.01440153,0.01401304,-2.43822503,2.41553569,0.01416501,0.02245511,-0.00732601,-0.17492181,
4110,1.75526321,0.23200688,13.37466145,6.00000000,-0.00966797,0.01611328,-0.05073731,-0.26841679,0.05672774,0.07000000,0.01725275,0.02726196,-0.05284027,0.05467048,0.01401304,-2.17817092,2.08566856,-0.26841557,0.02167068,-0.00732601,-0.17402431,
4118,0.89813900,0.32298654,14.08334541,6.00000000,-0.07734375,0.07895508,-0.01676335,-0.49251175,0.08337398,0.07000000,0.01725275,0.01131645,-0.09351031,0.09104650,0.01401304,-2.42775321,2.38935566,-0.49250442,0.01893649,-0.00732601,-0.21032679,
4126,-0.67006314,-0.64187676,11.16481304,6.00000000,-0.12407227,0.16274413,-0.12667912,-0.42562965,0.08470629,0.07000000,0.01725275,0.07818510,-0.08339545,0.09681854,0.01401304,-2.83615994,2.57086992,-0.42562485,0.01528264,-0.00732601,-0.22686265,
4134,-2.30051446,0.67254001,8.55034542,6.00000000,-0.13212891,0.15791015,0.03413099,-0.15263885,0.05859297,0.07000000,0.01725275,-0.00771532,-0.06224572,0.05593752,0.01401304,-3.10144997,3.12763000,-0.15264314,0.01209594,-0.00732601,-0.23687077,
4141,-2.19995809,-0.65384775,6.97017193,5.00000000,-0.07734375,0.12084961,0.03093343,0.20335504,0.01449343,0.07000000,0.01725275,0.03909256,-0.00823131,0.01374642,0.01401304,-3.41560936,3.28296447,0.20335145,0.01167882,-0.00732601,-0.22808033,
4150,-1.43860185,0.86647034,6.05079842,6.00000000,-0.02578125,0.03061523,0.09022135,0.40226927,-0.07676997,0.07000000,0.01725275,0.08178582,0.02726545,-0.01121167,0.01401304,-3.53254628,3.25503898,0.40227321,0.01355915,-0.00732601,-0.21688518,
4158,-0.78977323,-0.87411427,8.51922035,6.00000000,0.02094727,-0.00644531,0.08182777,0.48114222,-0.01934730,0.07000000,0.01150183,0.07355563,0.04616027,-0.03047191,0.01401304,-3.17998981,2.93040776,0.48114488,0.01697696,-0.00732601,-0.18661889,
4166,0.75448692,-0.62032890,10.66442490,6.00000000,0.06123047,-0.04350586,-0.01409871,0.34391400,-0.00056170,0.07000000,0.01150183,0.00514407,0.02674171,-0.02745841,0.01401304,-2.66162705,2.64417386,0.34391320,0.02049050,-0.00732601,-0.16740157,
4174,1.98989499,-0.60596371,12.74019814,6.00000000,0.03544922,-0.03867187,-0.13067606,-0.05431417,0.04606923,0.07000000,0.01150183,0.00000017,-0.02743685,0.02465202,0.01401304,-2.40331841,2.40331841,-0.05431828,0.02168942,-0.00732601,-0.17817865,
4182,1.50387204,-0.37851456,14.10249901,6.00000000,-0.03544922,0.02416992,-0.04527483,-0.31304926,0.06205699,0.07000000,0.01150183,-0.04217887,-0.06977196,0.05644510,0.01401304,-2.16595364,2.30907059,-0.31304836,0.02014431,-0.00732601,-0.18491565,
4190,0.47436529,-0.79989403,13.28847027,6.00000000,-0.07734375,0.11118164,-0.06539274,-0.48092061,0.04726832,0.07000000,0.01150183,0.06326839,-0.08733059,0.09849833,0.01401304,-2.57086992,2.35619450,-0.48091397,0.01742505,-0.00732601,-0.21347225,
4198,-0.76343697,0.34692857,10.79131794,6.00000000,-0.14018555,0.14985351,0.03279868,-0.42629582,-0.02321101,0.07000000,0.01150183,0.00000007,-0.09499667,0.09129471,0.01401304,-2.81521606,2.81521606,-0.42629299,0.01380400,-0.00732601,-0.23500948,
4206,-2.33882165,-1.09916925,8.58146954,6.00000000,-0.13051757,0.17563477,0.04812028,-0.01487774,0.00010446,0.07000000,0.01150183,-0.05349430,-0.04858523,0.03312048,0.01401304,-3.12413931,3.30565357,-0.01488400,0.01170108,-0.00732601,-0.23415892,
4213,-2.11376667,0.41875461,6.66850281,5.00000000,-0.08217774,0.06123047,-0.01476488,0.24092627,-0.09822020,0.07000000,0.01150183,0.00360042,-0.00640642,0.00499842,0.01401304,-3.52905560,3.51683855,0.24092534,0.01338736,-0.00732601,-0.23794651,
4222,-1.81688571,-0.39287975,6.22796965,6.00000000,-0.02094727,0.01289062,0.08755672,0.47567970,-0.03879907,0.07000000,0.01150183,-0.00102866,0.03108666,-0.03304309,0.01401304,-3.40513754,3.40862799,0.47568342,0.01573627,-0.00732601,-0.21251196,
4230,-0.18164597,-0.75919265,8.61498833,6.00000000,0.03383789,-0.03383789,0.02720297,0.48580527,-0.05571944,0.07000000,0.01150183,-0.04989418,0.03468570,-0.04810701,0.01401304,-3.00720239,3.17649913,0.48580778,0.01954795,-0.00732601,-0.18893810,
4238,1.51105464,-0.67300135,10.71470356,6.00000000,0.03867187,-0.08056641,-0.02688891,0.23932749,-0.00482510,0.07000000,0.01150183,0.02829065,0.01637664,-0.01182766,0.01401304,-2.76460147,2.66860843,0.23932514,0.02302346,-0.00732601,-0.17960282,
4246,1.68343711,-1.16860116,13.62365818,6.00000000,0.02578125,-0.01933594,-0.01942796,-0.08762200,0.02368639,0.07000000,0.01150183,-0.01645983,-0.03021676,0.02350849,0.01401304,-2.31081581,2.36666656,-0.08762570,0.02460758,-0.00732601,-0.17591152,
4254,1.90130949,0.16496924,13.98997116,6.00000000,-0.03544922,0.03383789,-0.10416306,-0.38432798,0.03860829,0.07000000,0.01150183,0.02057502,-0.07030039,0.07167172,0.01401304,-2.37015724,2.30034399,-0.38432461,0.02332013,-0.00732601,-0.19716920,
4262,0.43126965,-0.26598707,12.23502159,6.00000000,-0.09667969,0.11118164,-0.03208493,-0.50503546,0.05459604,0.07000000,0.01725275,-0.01388810,-0.09999019,0.09155214,0.01401304,-2.59879518,2.64591932,-0.50503039,0.01965514,-0.00732601,-0.22673565,
4270,-1.72111762,-0.08642194,9.44577694,6.00000000,-0.13051757,0.15952149,-0.09443716,-0.30039230,0.01009680,0.07000000,0.01725275,0.03806387,-0.07050677,0.07474225,0.01401304,-2.93389869,2.80474401,-0.30039418,0.01652024,-0.00732601,-0.22980440,
4278,-2.19756389,0.32059234,7.49929047,6.00000000,-0.11279297,0.13212891,0.07223513,0.00204263,0.00330201,0.07000000,0.01725275,-0.09978834,-0.04949106,0.02181159,0.01401304,-3.11541271,3.45400643,0.00203738,0.01493310,-0.00732601,-0.23799376,
4285,-2.24305367,-0.76398104,6.29979563,5.00000000,-0.06928711,0.05317383,0.02560420,0.30900741,-0.08263215,0.07000000,0.01725275,0.06378249,0.01391355,-0.00228719,0.01401304,-3.53080106,3.31438017,0.30900571,0.01593715,-0.00732601,-0.22573480,
4294,-0.54556465,0.53607053,6.56794596,6.00000000,0.00805664,0.01127930,0.10287832,0.43877468,-0.10381592,0.07000000,0.01725275,0.00051415,0.02999567,-0.03298935,0.01401304,-3.27598286,3.27423787,0.43878067,0.01863864,-0.00732601,-0.20563389,
4302,0.08650462,-1.08719826,9.85039711,6.00000000,0.02578125,-0.05478515,0.06304217,0.39294311,-0.05585267,0.07000000,0.01725275,-0.04166472,0.02590288,-0.03891058,0.01401304,-2.87455726,3.01592898,0.39294201,0.02197344,-0.00732601,-0.18504189,
4310,1.64512992,-0.35936093,11.23663902,6.00000000,0.04511719,-0.05317383,-0.09656886,0.13034433,-0.04772556,0.07000000,0.01725275,-0.02417571,-0.00276042,-0.00664839,0.01401304,-2.57610607,2.65813661,0.13034102,0.02518458,-0.00732601,-0.18029150,
4318,1.36500835,0.10511419,13.62126446,6.00000000,-0.01127930,-0.02416992,0.00108964,-0.18421462,0.02888240,0.07000000,0.01150183,-0.05143804,-0.04697131,0.03180902,0.01401304,-2.26892805,2.44346094,-0.18421628,0.02604635,-0.00732601,-0.18417983,
4326,1.56612122,-0.60835791,13.46803570,6.00000000,-0.05639648,0.06123047,-0.08217988,-0.40258065,0.02088853,0.07000000,0.01150183,-0.02160365,-0.07820591,0.06958350,0.01401304,-2.38062906,2.45393300,-0.40257573,0.02393169,-0.00732601,-0.20443961,
4334,-0.12897354,0.39002419,11.73942184,6.00000000,-0.10795899,0.10795899,-0.04887206,-0.48838156,0.01196204,0.07000000,0.01725275,0.00205754,-0.09540513,0.09077904,0.01401304,-2.69304299,2.68606162,-0.48837572,0.02061023,-0.00732601,-0.23039979,
4342,-1.94138420,-0.66821295,9.56069851,6.00000000,-0.13374023,0.16274413,0.01534539,-0.24296960,0.01369405,0.07000000,0.01725275,-0.07561328,-0.07711804,0.05463688,0.01401304,-2.89375591,3.15031934,-0.24297272,0.01675520,-0.00732601,-0.23671322,
4350,-1.44339025,-0.29232329,6.84806776,6.00000000,-0.12084961,0.09345703,-0.07405277,0.05693391,-0.04399509,0.07000000,0.01725275,0.03703500,-0.02560756,0.03036064,0.01401304,-3.41386414,3.28820014,0.05692865,0.01539717,-0.00732601,-0.23882249,
4357,-1.78815532,-0.14148858,6.38359261,5.00000000,-0.04350586,0.07250977,0.10234539,0.33192319,-0.02267809,0.07000000,0.01725275,-0.03754909,0.00692058,-0.01915824,0.01401304,-3.31438017,3.44178915,0.33192325,0.01695950,-0.00732601,-0.22084667,
4366,0.18227269,-0.26598707,6.93904734,6.00000000,-0.01127930,-0.02900391,0.06304217,0.41932288,-0.07517119,0.07000000,0.01725275,0.02108928,0.03210568,-0.03026969,0.01401304,-3.18871641,3.11715817,0.41932777,0.01961116,-0.00732601,-0.19818674,
4374,1.04418528,-0.47188842,10.53034973,6.00000000,0.03544922,-0.04028320,0.04399011,0.24945307,-0.06144838,0.07000000,0.01725275,-0.00308631,0.01143180,-0.01563797,0.01401304,-2.81870675,2.82917881,0.24945328,0.02232259,-0.00732601,-0.18665050,
4382,1.04418528,-0.81425929,13.03229046,6.00000000,0.00483398,-0.03222656,0.03226575,0.00270879,-0.04839172,0.07000000,0.01725275,-0.02623310,-0.02236033,0.01216651,0.01401304,-2.47313142,2.56214333,0.00270562,0.02340171,-0.00732601,-0.18233256,
4390,2.10721087,-0.37133196,12.95328236,6.00000000,-0.01772461,0.02255859,-0.09510332,-0.27467865,-0.05025695,0.07000000,0.01150183,-0.01337369,-0.06047098,0.05405156,0.01401304,-2.38411975,2.42949820,-0.27467763,0.02220387,-0.00732601,-0.19440779,
4398,0.36423200,0.04286494,12.96764755,6.00000000,-0.08862305,0.07895508,-0.03341725,-0.45480731,0.01422697,0.07000000,0.01150183,-0.05092274,-0.09589531,0.08018328,0.01401304,-2.51327419,2.68606162,-0.45480025,0.01986818,-0.00732601,-0.22144906,
4406,-1.14650929,-0.25162187,10.49204254,6.00000000,-0.12729493,0.14985351,-0.10589505,-0.28347191,0.00410140,0.07000000,0.01725275,-0.03446323,-0.07650258,0.06364666,0.01401304,-2.77332807,2.89026546,-0.28347090,0.01623548,-0.00732601,-0.22585692,
4414,-1.56070614,0.38284159,7.75786448,6.00000000,-0.12407227,0.10151367,-0.05686594,-0.11639994,-0.00735649,0.07000000,0.01725275,-0.03960697,-0.05967275,0.04594373,0.01401304,-3.22187781,3.35626817,-0.11640181,0.01488721,-0.00732601,-0.24689706,
4422,-1.98208570,-0.39048555,6.60385895,6.00000000,-0.07895508,0.09345703,0.04652150,0.23493087,-0.01668268,0.07000000,0.01725275,0.00308626,-0.00635639,0.00346138,0.01401304,-3.41211867,3.40164661,0.23492718,0.01366835,-0.00732601,-0.22996674,
4429,-0.98609775,0.14102721,7.23114014,5.00000000,-0.03061523,0.01933594,0.03306514,0.38681448,-0.07370565,0.07000000,0.01725275,0.05040897,0.02338704,-0.01475068,0.01401304,-3.50811172,3.33706951,0.38681728,0.01572101,-0.00732601,-0.22009356,
4438,0.49112469,-0.84538388,8.42584705,6.00000000,0.02094727,-0.02094727,0.07290128,0.38681448,-0.00549125,0.07000000,0.01725275,0.00668678,0.02414728,-0.02579453,0.01401304,-3.21489644,3.19220710,0.38681766,0.01875861,-0.00732601,-0.20421328,
4446,0.99869549,-0.17261320,11.73463345,6.00000000,0.03222656,-0.02578125,-0.02089352,0.19083130,-0.01974700,0.07000000,0.01725275,0.00154326,0.00196521,-0.00521922,0.01401304,-2.86059451,2.85535884,0.19082695,0.02132721,-0.00732601,-0.19336838,
4454,2.20776725,-0.04332631,12.40740395,6.00000000,0.00161133,-0.02094727,-0.04247697,-0.11053776,0.03367873,0.07000000,0.01725275,0.01028777,-0.03697164,0.03514173,0.01401304,-2.67733502,2.64242840,-0.11053975,0.02265017,-0.00732601,-0.20085554,
4462,0.69223768,-0.18458422,13.87026119,6.00000000,-0.04995117,0.06606445,-0.01449841,-0.30652091,0.04780125,0.07000000,0.01150183,-0.01851667,-0.06881012,0.06109577,0.01401304,-2.58832335,2.65115499,-0.30651698,0.02163239,-0.00732601,-0.21215357,
4470,0.73054487,-0.25641027,11.27015781,6.00000000,-0.09345703,0.09667969,-0.07138815,-0.38992369,0.01622544,0.07000000,0.01150183,0.02417575,-0.08260669,0.08474827,0.01401304,-2.94437051,2.86233997,-0.38992101,0.01854256,-0.00732601,-0.23876250,
4478,-1.64210904,-0.14148858,9.78096485,6.00000000,-0.11923828,0.15468749,0.03652915,-0.20526516,0.01196204,0.07000000,0.01725275,-0.06326808,-0.07261734,0.05312483,0.01401304,-3.07527018,3.28994560,-0.20526685,0.01624670,-0.00732601,-0.24562082,
4486,-1.43381345,-0.38090876,7.05396891,6.00000000,-0.11279297,0.08862305,-0.05220286,0.08997526,-0.04705941,0.07000000,0.01725275,0.04629332,-0.02071460,0.02772760,0.01401304,-3.54301834,3.38593864,0.08997069,0.01568487,-0.00732601,-0.24465182,
4494,-1.48648596,-0.12712337,6.23275805,6.00000000,-0.02900391,0.05639648,0.08249393,0.31486961,-0.03546828,0.07000000,0.01725275,-0.02829085,0.00401561,-0.01411009,0.01401304,-3.43131733,3.52731061,0.31487149,0.01664692,-0.00732601,-0.22942211,
4501,-0.44021976,-0.27556387,7.35803270,5.00000000,-0.01611328,-0.00483398,0.02400541,0.42252046,-0.04292924,0.07000000,0.01725275,0.02211804,0.03029868,-0.02821935,0.01401304,-3.37023091,3.29518175,0.42252368,0.01933787,-0.00732601,-0.21098827,
4510,1.32670105,-0.25880447,10.08263397,6.00000000,0.03544922,-0.04833984,0.02507126,0.29102123,-0.02920642,0.07000000,0.01725275,0.02520428,0.01826111,-0.01570077,0.01401304,-3.07876062,2.99323964,0.29102087,0.02224666,-0.00732601,-0.19901089,
4518,1.15431857,-0.72088540,12.70428467,6.00000000,0.01772461,-0.01772461,0.02413865,0.03694922,0.00436786,0.07000000,0.01725275,-0.00462943,-0.01687050,0.01185677,0.01401304,-2.75063896,2.76634693,0.03694648,0.02408796,-0.00732601,-0.19731216,
4526,2.38014984,0.04525915,12.63485336,6.00000000,-0.00805664,0.00966797,-0.06312782,-0.24776593,-0.00815588,0.07000000,0.01725275,0.04732236,-0.05202645,0.05864162,0.01401304,-2.69827914,2.53770852,-0.24776495,0.02265088,-0.00732601,-0.20776750,
4534,0.14875387,-0.03614371,12.77611160,6.00000000,-0.07573242,0.09506836,0.00108964,-0.41084099,0.06698654,0.07000000,0.01725275,-0.05092300,-0.09098086,0.07401208,0.01401304,-2.63893771,2.81172562,-0.41083646,0.02047178,-0.00732601,-0.22737218,
4542,-0.55992985,0.06201856,9.90067482,6.00000000,-0.11118164,0.12890625,-0.13493946,-0.31358215,0.02248731,0.07000000,0.01725275,0.07046926,-0.06881161,0.08067766,0.01401304,-3.08225155,2.84314132,-0.31358108,0.01729635,-0.00732601,-0.23753017,
4550,-1.56310034,0.14820983,8.29416561,6.00000000,-0.11279297,0.14340821,0.01214783,-0.12399413,0.05646127,0.07000000,0.01725275,-0.07406861,-0.06511693,0.04323313,0.01401304,-3.18348050,3.43480802,-0.12399843,0.01485505,-0.00732601,-0.24890286,
4558,-1.82406831,-0.67300135,6.87919235,6.00000000,-0.09023438,0.08217774,-0.02755509,0.22094157,-0.00136109,0.07000000,0.01725275,0.08435747,0.00141965,0.01485799,0.01401304,-3.64948368,3.36324930,0.22093685,0.01488770,-0.00732601,-0.23819357,
4566,-0.76583117,-0.11754657,6.74032879,6.00000000,-0.00483398,0.04995117,0.05504830,0.36336577,-0.03307012,0.07000000,0.01725275,0.05298068,0.02066206,-0.01145766,0.01401304,-3.58839703,3.40862799,0.36336824,0.01684942,-0.00732601,-0.22729789,
4573,-0.14333874,-0.11994077,9.08425236,5.00000000,0.00805664,-0.01611328,0.10074662,0.39600745,-0.01748207,0.07000000,0.01725275,0.02366130,0.02760915,-0.02521772,0.01401304,-3.32834291,3.24805784,0.39600873,0.01975079,-0.00732601,-0.20968381,
4582,1.31712425,-0.54132026,11.49042511,6.00000000,0.03706055,-0.03061523,-0.03768065,0.21014985,-0.03906553,0.07000000,0.01725275,0.08692916,0.01486148,0.00209882,0.01401304,-3.09795952,2.80299878,0.21014608,0.02229324,-0.00732601,-0.19867417,
4590,1.51344883,0.46185026,12.81441879,6.00000000,0.01611328,-0.00644531,0.05904524,-0.10747346,0.03994060,0.07000000,0.01725275,-0.03549191,-0.04174273,0.02911871,0.01401304,-2.66511774,2.78554559,-0.10747714,0.02350743,-0.00732601,-0.20537868,
4598,0.77364051,-0.70891440,13.66196537,6.00000000,-0.04028320,0.05317383,-0.12201602,-0.29506305,0.01422697,0.07000000,0.01725275,0.03600616,-0.06109096,0.06492393,0.01401304,-2.70526028,2.58308721,-0.29505992,0.02214980,-0.00732601,-0.21309443,
4606,0.65632463,0.55043572,11.68196106,6.00000000,-0.09184571,0.09506836,0.01014937,-0.42229885,0.02635101,0.07000000,0.01725275,-0.05555230,-0.09704954,0.07894662,0.01401304,-2.87106657,3.05956221,-0.42229354,0.01951005,-0.00732601,-0.24560151,
4614,-1.60140753,-0.56526226,9.22311592,6.00000000,-0.12890625,0.14501953,-0.08471128,-0.20286703,-0.00429217,0.07000000,0.01725275,0.03857800,-0.06042475,0.06499001,0.01401304,-3.30216289,3.17126322,-0.20286985,0.01663935,-0.00732601,-0.24936976,
4622,-1.72111762,0.46663865,7.20480394,6.00000000,-0.09506836,0.11762695,0.01787677,0.08078230,-0.02134577,0.07000000,0.01725275,-0.07921378,-0.03769019,0.01504724,0.01401304,-3.41211867,3.68089938,0.08077784,0.01581385,-0.00732601,-0.25126538,
4630,-1.66126263,-0.34260154,6.30937243,6.00000000,-0.06445312,0.02739258,0.01814324,0.32073179,-0.02467655,0.07000000,0.01725275,0.02314702,0.00941689,-0.00735094,0.01401304,-3.68788075,3.60934091,0.32073212,0.01704047,-0.00732601,-0.24127123,
4638,0.09129302,-0.53174347,7.38915730,6.00000000,0.00644531,0.00644531,0.04399011,0.43131372,-0.04359539,0.07000000,0.01150183,0.06532544,0.03658942,-0.02292933,0.01401304,-3.53080106,3.30914426,0.43131769,0.01955531,-0.00732601,-0.21667753,
4645,1.11122298,-0.42400438,9.50802612,5.00000000,0.03544922,-0.04028320,0.07596560,0.31233820,0.01742452,0.07000000,0.01150183,-0.01491620,0.01553004,-0.02104031,0.01401304,-3.17300868,3.22362304,0.31233796,0.02235600,-0.00732601,-0.20923340,
4654,2.12157607,-1.05607367,11.98602486,6.00000000,0.02255859,-0.02739258,-0.08910791,0.06279609,0.00236939,0.07000000,0.01150183,0.08898661,-0.00354706,0.02204340,0.01401304,-3.03512740,2.73318577,0.06279339,0.02344902,-0.00732601,-0.20454885,
4662,1.61161113,0.60789657,13.17833710,6.00000000,-0.00483398,0.02416992,-0.02115998,-0.22578281,0.06845208,0.07000000,0.01725275,-0.04475015,-0.06117769,0.04610061,0.01401304,-2.69478822,2.84663200,-0.22578374,0.02293178,-0.00732601,-0.21724577,
4670,0.49830732,-0.34738994,12.75456333,6.00000000,-0.07412110,0.08217774,-0.07751677,-0.34995431,0.05259757,0.07000000,0.01725275,0.04269326,-0.07294747,0.07821704,0.01401304,-2.98102236,2.83615994,-0.34994909,0.02070590,-0.00732601,-0.23624419,
4678,-0.12897354,0.43790823,10.22149754,6.00000000,-0.10473633,0.13051757,-0.01596395,-0.35141987,0.03794213,0.07000000,0.01725275,0.00977331,-0.08355310,0.08100719,0.01401304,-3.21664190,3.18348050,-0.35141844,0.01790759,-0.00732601,-0.25748229,
4686,-2.02039289,-0.73046219,8.42824078,6.00000000,-0.12890625,0.13857421,-0.00996854,-0.05644588,0.02035561,0.07000000,0.01725275,0.05349506,-0.04101911,0.04941367,0.01401304,-3.56221700,3.38070273,-0.05645093,0.01584576,-0.00732601,-0.25577348,
4694,-1.71393502,0.03089394,6.79539537,6.00000000,-0.05639648,0.09990235,0.01960879,0.23506409,-0.02067962,0.07000000,0.01725275,-0.00720112,-0.00650182,0.00121392,0.01401304,-3.62504888,3.64948368,0.23506217,0.01701470,-0.00732601,-0.24665977,
4702,-0.70837033,-0.02417270,6.16332626,6.00000000,-0.02094727,0.00805664,0.04532242,0.37895381,-0.03466890,0.07000000,0.01725275,0.01491702,0.01948445,-0.01920917,0.01401304,-3.64773822,3.59712362,0.37895787,0.01909167,-0.00732601,-0.23515180,
4710,-0.61260229,-0.13670018,8.89271641,6.00000000,0.00966797,-0.01611328,0.03013405,0.42851585,-0.02680825,0.07000000,0.01725275,0.05246632,0.03889928,-0.02960396,0.01401304,-3.34754157,3.16951799,0.42851683,0.02228541,-0.00732601,-0.20517589,
4717,1.59006333,-0.46470582,10.89426899,5.00000000,0.05156250,-0.04672851,0.06810497,0.23413146,0.02675071,0.07000000,0.01725275,-0.00411502,0.01024362,-0.01469327,0.01401304,-3.00894761,3.02291012,0.23413004,0.02536445,-0.00732601,-0.20168039,
4726,1.87018490,-1.66659510,13.04905033,6.00000000,0.00805664,-0.01933594,-0.09550301,-0.11706609,0.02115499,0.07000000,0.01725275,0.09104434,-0.02449372,0.04176059,0.01401304,-2.81696129,2.50803804,-0.11706857,0.02616330,-0.00732601,-0.20151874,
4734,2.12636447,-0.17500740,13.10172272,6.00000000,-0.03061523,0.05317383,0.01787677,-0.40551174,0.08310752,0.07000000,0.01725275,-0.05709556,-0.08667112,0.06829295,0.01401304,-2.53945398,2.73318577,-0.40550920,0.02337389,-0.00732601,-0.22053254,
4742,-0.12897354,-0.88129693,12.29248238,6.00000000,-0.11440430,0.12568359,-0.12747851,-0.47039536,0.08337398,0.07000000,0.01725275,0.08230004,-0.08645324,0.10080378,0.01401304,-3.04909015,2.76983738,-0.47038868,0.02008275,-0.00732601,-0.24503919,
4750,-1.02679920,0.78746170,9.20875072,6.00000000,-0.11923828,0.16918945,-0.00503898,-0.30172461,0.01276143,0.07000000,0.01725275,-0.01851752,-0.08205032,0.07291821,0.01401304,-3.26900172,3.33183336,-0.30172685,0.01682906,-0.00732601,-0.26115552,
4758,-2.38431144,-0.69454920,7.61181831,6.00000000,-0.12890625,0.12729493,0.02986760,0.08850971,0.02595132,0.07000000,0.01725275,0.02366128,-0.02543046,0.02709288,0.01401304,-3.65821028,3.57792497,0.08850348,0.01564511,-0.00732601,-0.25589341,
4766,-1.86237562,-0.12472917,6.17050886,6.00000000,-0.04350586,0.07573242,0.05225044,0.34404725,-0.07703643,0.07000000,0.01725275,0.11573376,0.02264171,0.00133893,0.01401304,-3.96713352,3.57443428,0.34404904,0.01732581,-0.00732601,-0.24843833,
4774,-0.25826043,-0.43118700,6.73554039,6.00000000,0.01450195,-0.00322266,0.08382624,0.44570270,-0.03786645,0.07000000,0.01725275,0.02417587,0.03180335,-0.02918293,0.01401304,-3.62679434,3.54476380,0.44570923,0.02008817,-0.00732601,-0.22765517,
4782,-0.66288054,-0.09360455,9.85997391,6.00000000,0.03383789,-0.03222656,-0.00597162,0.42092168,-0.03080519,0.07000000,0.01725275,0.05246613,0.04004408,-0.03074701,0.01401304,-3.29343629,3.11541271,0.42092177,0.02373898,-0.00732601,-0.20180386,
4789,1.91088629,-0.11994077,11.72984505,5.00000000,0.05800781,-0.05317383,-0.08391190,0.13394156,0.02435254,0.07000000,0.01725275,0.02674769,0.00099170,0.00163774,0.01401304,-2.99847579,2.90771866,0.13393769,0.02618545,-0.00732601,-0.20438913,
4798,1.61400533,0.42593721,13.52549648,6.00000000,-0.00483398,-0.00322266,-0.02542337,-0.17342293,0.03274611,0.07000000,0.01725275,0.01285930,-0.04113419,0.03982200,0.01401304,-2.66337252,2.61973929,-0.17342477,0.02664481,-0.00732601,-0.20408614,
4806,1.60682273,-0.50061882,13.63084126,6.00000000,-0.04350586,0.06284180,-0.03061939,-0.41950104,0.05726066,0.07000000,0.01150183,0.01028781,-0.07972385,0.07859700,0.01401304,-2.74016690,2.70526028,-0.41949645,0.02457560,-0.00732601,-0.22781023,
4814,-0.08587791,0.21764167,11.32283115,6.00000000,-0.12084961,0.13535157,-0.05220286,-0.45987007,0.01049649,0.07000000,0.01150183,0.02571873,-0.09131159,0.09369273,0.01401304,-3.08574224,2.99847579,-0.45986623,0.02112615,-0.00732601,-0.25389314,
4822,-2.25502467,-0.17979582,9.31649017,6.00000000,-0.12246094,0.16274413,0.01587832,-0.18914419,0.01862360,0.07000000,0.01150183,-0.05503836,-0.06940013,0.05326249,0.01401304,-3.33881497,3.52556515,-0.18914789,0.01815422,-0.00732601,-0.26254702,
4830,-1.87195241,0.70845300,6.97017193,6.00000000,-0.09829102,0.09023438,0.04359042,0.13394156,-0.04133046,0.07000000,0.01150183,-0.02931962,-0.02405237,0.01468093,0.01401304,-3.70882463,3.80830836,0.13393684,0.01743801,-0.00732601,-0.26278564,
4838,-1.47690904,-0.48625362,6.04840422,6.00000000,-0.05639648,0.04350586,0.06450772,0.36336577,-0.05905022,0.07000000,0.01150183,0.04680810,0.01976869,-0.01064141,0.01401304,-3.87288547,3.71406078,0.36336815,0.01916843,-0.00732601,-0.24868260,
4846,-0.25347203,-0.65624195,6.79778957,6.00000000,0.01772461,-0.00322266,0.11873283,0.46448830,-0.03813291,0.07000000,0.01150183,-0.00925854,0.03311849,-0.03697028,0.01401304,-3.60235953,3.63377547,0.46449304,0.02209518,-0.00732601,-0.22863406,
4854,0.39535663,-0.94833457,10.47288895,6.00000000,0.03061523,-0.06123047,-0.00930239,0.38494924,-0.05212219,0.07000000,0.01150183,-0.02160372,0.02949262,-0.03638227,0.01401304,-3.11715817,3.19046187,0.38494673,0.02567517,-0.00732601,-0.20074262,
4861,1.88455009,-1.29549384,11.75857544,5.00000000,0.03544922,-0.05317383,-0.00637131,0.07745152,0.00556694,0.07000000,0.01150183,-0.03291938,-0.01153217,0.00132986,0.01401304,-2.90771866,3.01941967,0.07744840,0.02813311,-0.00732601,-0.20924371,
4870,2.08087468,-0.10318135,13.24298096,6.00000000,-0.01127930,-0.01772461,-0.04074497,-0.22578281,-0.02480979,0.07000000,0.01150183,0.00308628,-0.04920345,0.04683407,0.01401304,-2.71398687,2.70351481,-0.22578245,0.02735103,-0.00732601,-0.21275370,
4878,0.91011000,-0.28992909,13.65478325,6.00000000,-0.06123047,0.08056641,-0.02249230,-0.45440757,0.02834948,0.07000000,0.01725275,0.00360052,-0.08768417,0.08354238,0.01401304,-2.85884929,2.84663200,-0.45440131,0.02465328,-0.00732601,-0.23976780,
4886,-0.16488656,0.19609386,10.50161934,6.00000000,-0.12568359,0.13051757,-0.06565922,-0.41377208,-0.00122785,0.07000000,0.01725275,-0.02571862,-0.09198473,0.08096083,0.01401304,-3.03861833,3.12588477,-0.41376913,0.02100073,-0.00732601,-0.25346157,
4894,-2.41783047,-0.40245658,8.58865261,6.00000000,-0.13535157,0.14985351,-0.05913088,-0.12532642,0.02448577,0.07000000,0.01725275,-0.04217873,-0.06091681,0.04658671,0.01401304,-3.42259073,3.56570768,-0.12533078,0.01734573,-0.00732601,-0.26241234,
4902,-1.62295544,0.67254001,6.43865919,6.00000000,-0.08378907,0.08862305,0.05784615,0.19855872,-0.04626001,0.07000000,0.01725275,-0.02366117,-0.01539219,0.00613591,0.01401304,-3.74722195,3.82750702,0.19855499,0.01710222,-0.00732601,-0.26018873,
4910,-1.73069453,-0.10796976,6.42189980,6.00000000,-0.03383789,0.01611328,0.06024432,0.41892320,-0.09995221,0.07000000,0.01725275,0.07561383,0.03129701,-0.01660342,0.01401304,-3.85368705,3.59712362,0.41892534,0.01912245,-0.00732601,-0.23971988,
4918,-0.33487487,0.13863301,8.25346375,6.00000000,0.02416992,-0.00644531,0.10354447,0.47821110,-0.06651117,0.07000000,0.01725275,0.03189126,0.04098855,-0.03644489,0.01401304,-3.56396222,3.45575190,0.47821382,0.02248864,-0.00732601,-0.21979399,
4926,1.50387204,-1.01058376,10.56865692,6.00000000,0.05478515,-0.06284180,-0.01463164,0.29808247,-0.02547594,0.07000000,0.01725275,-0.02314658,0.01610723,-0.02490714,0.01401304,-3.12763000,3.20616984,0.29808158,0.02588837,-0.00732601,-0.20798926,
4933,1.60921693,0.27270830,12.58457470,5.00000000,0.01611328,-0.03867187,-0.06446012,-0.01607681,0.00943064,0.07000000,0.01725275,-0.02160386,-0.02420006,0.01510243,0.01401304,-2.86059451,2.93389869,-0.01608062,0.02766640,-0.00732601,-0.21121620,
4942,1.56851542,-0.11994077,13.84631920,6.00000000,-0.02739258,0.02094727,-0.02036058,-0.28720239,0.03967414,0.07000000,0.01725275,-0.05400948,-0.06664184,0.04929224,0.01401304,-2.67384434,2.85710382,-0.28720155,0.02695838,-0.00732601,-0.22131898,
4950,0.68984342,0.11708520,12.98680115,6.00000000,-0.09506836,0.08217774,-0.03768065,-0.44907835,0.00263585,0.07000000,0.01725275,0.03086271,-0.08493599,0.08723982,0.01401304,-2.99847579,2.89375591,-0.44907326,0.02450746,-0.00732601,-0.24615112,
4958,-0.66527474,0.05244175,10.74822235,6.00000000,-0.11279297,0.14985351,0.05837908,-0.39591908,0.01502636,0.07000000,0.01725275,-0.07715536,-0.09705296,0.07392391,0.01401304,-3.12413931,3.38593864,-0.39591673,0.02138329,-0.00732601,-0.26469421,
4966,-1.90547121,-0.44076380,7.99967861,6.00000000,-0.14824219,0.12568359,-0.09510332,-0.00608447,-0.03426921,0.07000000,0.01725275,-0.01234491,-0.03881006,0.03180253,0.01401304,-3.50113058,3.54301834,-0.00608996,0.01877987,-0.00732601,-0.25579190,
4974,-1.85040450,0.20088226,6.16093206,6.00000000,-0.06767578,0.07895508,0.04399011,0.21494618,-0.00429217,0.07000000,0.01725275,-0.02468995,-0.01080966,0.00137274,0.01401304,-3.75769401,3.84146976,0.21494542,0.01931730,-0.00732601,-0.25988615,
4982,-0.62457329,-0.69933760,5.50252628,6.00000000,-0.01933594,0.01450195,0.04812028,0.44237193,-0.04506094,0.07000000,0.01725275,0.02674759,0.03251167,-0.02927788,0.01401304,-3.66693687,3.57617950,0.44237664,0.02125881,-0.00732601,-0.23049065,
4990,-0.39472991,-0.53892606,8.58865261,6.00000000,0.01933594,-0.04350586,-0.01196701,0.38614833,-0.05398742,0.07000000,0.01725275,0.07509866,0.03681340,-0.02223779,0.01401304,-3.51683855,3.26202035,0.38615066,0.02489801,-0.00732601,-0.21773764,
4998,1.73371542,-0.33063051,11.55267429,6.00000000,0.04995117,-0.02578125,0.07756437,0.22667050,0.00756541,0.07000000,0.01725275,0.00720113,0.01290307,-0.01467014,0.01401304,-3.03687286,3.01243830,0.22666819,0.02761523,-0.00732601,-0.20285413,
5005,1.66188931,-0.17979582,13.13524151,5.00000000,0.01611328,-0.02739258,-0.06645861,-0.07816257,0.00103708,0.07000000,0.01725275,0.02829052,-0.02499419,0.02755484,0.01401304,-2.83092403,2.73493099,-0.07816598,0.02855855,-0.00732601,-0.20742922,
5014,1.66188931,0.03328814,13.61647606,6.00000000,-0.01933594,0.05156250,-0.04620745,-0.36101252,0.03687628,0.07000000,0.01725275,-0.07767032,-0.07939435,0.05630271,0.01401304,-2.61973929,2.88328385,-0.36100930,0.02749262,-0.00732601,-0.22565778,
5022,0.52943194,0.69408780,12.04827404,6.00000000,-0.11440430,0.08378907,-0.02595630,-0.45587313,0.03008148,0.07000000,0.01725275,-0.04937993,-0.09644632,0.07978278,0.01401304,-2.92168117,3.08923268,-0.45586711,0.02419134,-0.00732601,-0.25094602,
5030,-1.66844523,-0.90763313,10.18558502,6.00000000,-0.12729493,0.15468749,-0.04793944,-0.30971849,-0.00042847,0.07000000,0.01725275,0.01954632,-0.07404941,0.07393746,0.01401304,-3.32834291,3.26202035,-0.30971736,0.02096104,-0.00732601,-0.26135522,
5038,-1.58225393,0.58395451,7.34845591,6.00000000,-0.10957031,0.11762695,0.07676499,0.00257556,-0.00149432,0.07000000,0.01725275,-0.09773090,-0.04936261,0.02220743,0.01401304,-3.48716784,3.81878042,0.00257075,0.01860158,-0.00732601,-0.26465434,
5046,-1.78336692,-1.16141856,6.65174341,6.00000000,-0.08056641,0.05156250,-0.00503898,0.25984511,-0.02814057,0.07000000,0.01725275,0.06326798,0.00557593,0.00585082,0.01401304,-3.92175484,3.70707917,0.25984377,0.01899956,-0.00732601,-0.25770652,
5054,-0.64372689,0.32538074,6.27345943,6.00000000,0.00000000,0.02416992,0.05824585,0.43957406,-0.06371330,0.07000000,0.01725275,0.02777635,0.03154696,-0.02807794,0.01401304,-3.72278738,3.62853932,0.43957853,0.02121242,-0.00732601,-0.23461610,
5062,-0.24868362,-1.09677505,9.36437416,6.00000000,0.03383789,-0.04189453,0.07556591,0.39107785,-0.00429217,0.07000000,0.01725275,-0.01491650,0.02664001,-0.03331083,0.01401304,-3.37023091,3.42084527,0.39107916,0.02473628,-0.00732601,-0.21782319,
5070,1.78638780,-0.17500740,11.10974693,6.00000000,0.03061523,-0.04995117,-0.09083990,0.15152809,-0.04026461,0.07000000,0.01725275,0.07406981,0.00859698,0.00525271,0.01401304,-3.20442462,2.95309711,0.15152648,0.02701107,-0.00732601,-0.21222453,
5077,1.31712425,-0.03853791,13.78167629,5.00000000,0.01933594,-0.00161133,0.02880175,-0.12532642,0.05712743,0.07000000,0.01725275,-0.05452371,-0.04316793,0.02605764,0.01401304,-2.72620416,2.91120934,-0.12532969,0.02754801,-0.00732601,-0.21344261,
5086,1.27642286,0.07159536,13.87983799,6.00000000,-0.05317383,0.04672851,-0.10149842,-0.36447650,-0.00442540,0.07000000,0.01725275,0.04577939,-0.06821945,0.07425009,0.01401304,-2.93389869,2.77856421,-0.36447173,0.02597059,-0.00732601,-0.23350100,
5094,0.16072486,0.57437772,11.23185062,6.00000000,-0.09506836,0.11762695,0.03799470,-0.44055155,0.02408608,0.07000000,0.01725275,-0.08281451,-0.10118806,0.07664444,0.01401304,-2.99323964,3.27423787,-0.44054928,0.02282295,-0.00732601,-0.25913584,
5102,-1.59661913,-0.55089706,8.82328415,6.00000000,-0.14824219,0.13212891,-0.03141878,-0.21539077,-0.03107166,0.07000000,0.01725275,0.02520435,-0.06267682,0.06409073,0.01401304,-3.48193192,3.39641094,-0.21539478,0.01978040,-0.00732601,-0.26495606,
5110,-1.91265380,0.52409947,6.91031694,6.00000000,-0.09184571,0.12890625,0.03679562,0.10329838,-0.02654179,0.07000000,0.01725275,-0.07098382,-0.03305338,0.01243462,0.01401304,-3.68089938,3.92175484,0.10329276,0.01882724,-0.00732601,-0.26810738,
5118,-1.49606276,-0.34260154,6.25909424,6.00000000,-0.04995117,0.04028320,0.05651384,0.37269196,-0.03919876,0.07000000,0.01725275,0.00822987,0.01684739,-0.01815249,0.01401304,-3.84670568,3.81878042,0.37269306,0.02044346,-0.00732601,-0.25085360,
5126,0.08171621,0.29665032,6.98453712,6.00000000,0.00000000,-0.02255859,0.04119224,0.42265368,-0.07064133,0.07000000,0.01725275,0.03034785,0.03148371,-0.02741933,0.01401304,-3.75245786,3.64948368,0.42265880,0.02335200,-0.00732601,-0.23767763,
5134,0.78800571,-0.82623029,9.92222309,6.00000000,0.04189453,-0.02739258,0.06703911,0.33152351,0.01142911,0.07000000,0.01725275,0.00205730,0.02259210,-0.02536185,0.01401304,-3.35801339,3.35103226,0.33152455,0.02663484,-0.00732601,-0.21916741,
5142,1.75286901,-0.33541891,12.18234921,6.00000000,0.02255859,-0.05317383,-0.06406043,0.04867357,0.01036326,0.07000000,0.01150183,0.03652060,-0.00839048,0.01451991,0.01401304,-3.09621406,2.97229576,0.04867014,0.02807368,-0.00732601,-0.21645483,
5149,1.78638780,-0.15106539,13.45845890,5.00000000,-0.00161133,0.02255859,-0.06845706,-0.19500637,0.07551333,0.07000000,0.01150183,-0.01183073,-0.04799499,0.04216978,0.01401304,-2.83092403,2.87106657,-0.19500561,0.02749126,-0.00732601,-0.22083509,
5158,0.67308402,0.03328814,13.34353733,6.00000000,-0.06928711,0.06123047,-0.05420133,-0.41257298,0.07191610,0.07000000,0.01150183,-0.01080181,-0.08309653,0.07701312,0.01401304,-2.97055030,3.00720239,-0.41256663,0.02565793,-0.00732601,-0.24660462,
5166,-0.59105444,0.35411116,10.69076157,6.00000000,-0.11118164,0.13212891,-0.06326104,-0.37393591,0.03341227,0.07000000,0.01725275,0.07664202,-0.07530022,0.08854537,0.01401304,-3.44004416,3.17998981,-0.37393442,0.02230388,-0.00732601,-0.26708648,
5174,-2.04912329,0.32777494,8.65329552,6.00000000,-0.10795899,0.15146485,0.05185075,-0.12652552,0.01102942,0.07000000,0.01725275,-0.03600629,-0.05820122,0.04535898,0.01401304,-3.52381968,3.64599276,-0.12652922,0.02023194,-0.00732601,-0.26907900,
5182,-1.67323363,-0.30668849,6.50809097,6.00000000,-0.09829102,0.07573242,0.00561950,0.19349593,-0.02694149,0.07000000,0.01150183,0.01645995,-0.00880986,0.01040453,0.01401304,-3.90779209,3.85194159,0.19349182,0.01976971,-0.00732601,-0.26726219,
5190,-1.06989479,-0.28035229,6.06516361,6.00000000,-0.02739258,0.03544922,0.04585534,0.39161080,-0.05398742,0.07000000,0.01150183,0.03754907,0.02520676,-0.01817231,0.01401304,-3.90779209,3.78038335,0.39161384,0.02188037,-0.00732601,-0.25030437,
5198,-0.15530975,-0.59638691,8.12896538,6.00000000,0.02739258,-0.01611328,0.06304217,0.43104723,-0.00748972,0.07000000,0.01725275,-0.07046947,0.02443741,-0.04413780,0.01401304,-3.42608142,3.66519141,0.43105167,0.02500906,-0.00732601,-0.22580729,
5206,1.46556485,-0.51498407,10.13051796,6.00000000,0.02255859,-0.07734375,-0.05566686,0.26890481,-0.01361836,0.07000000,0.01725275,0.02366116,0.01839719,-0.01618581,0.01401304,-3.31787109,3.23758578,0.26890558,0.02793630,-0.00732601,-0.21813965,
5214,1.48471844,0.09793159,12.92934036,6.00000000,0.02578125,-0.02094727,-0.02129320,-0.05231571,0.06152406,0.07000000,0.01725275,-0.01080177,-0.02829962,0.02168388,0.01401304,-2.98974895,3.02640080,-0.05231836,0.02871812,-0.00732601,-0.22187851,
5221,1.15910697,0.17933445,13.89420319,5.00000000,-0.04350586,0.01933594,-0.02822123,-0.25376135,0.06352253,0.07000000,0.01725275,-0.00771568,-0.05759620,0.05125081,0.01401304,-2.87804794,2.90422773,-0.25375932,0.02712015,-0.00732601,-0.22800499,
5230,0.29719436,-0.16782480,12.53190231,6.00000000,-0.06767578,0.09829102,-0.09590270,-0.43948573,0.07218257,0.07000000,0.01725275,0.03291986,-0.08629538,0.08910355,0.01401304,-3.28121901,3.16951799,-0.43948179,0.02473099,-0.00732601,-0.26570162,
5238,-1.10820198,0.41636041,9.79533005,6.00000000,-0.12729493,0.13857421,-0.02489045,-0.33343366,0.02848271,0.07000000,0.01725275,0.00360081,-0.08093072,0.07700773,0.01401304,-3.51509309,3.50287580,-0.33343506,0.02179541,-0.00732601,-0.27857536,
5246,-1.98447990,-0.55089706,7.43943548,6.00000000,-0.12407227,0.13696289,-0.03381694,0.05413605,0.01902329,0.07000000,0.01725275,0.01543128,-0.02873882,0.02843378,0.01401304,-3.85543227,3.80307245,0.05413097,0.02023045,-0.00732601,-0.27369636,
5254,-1.80012631,-0.30190009,6.35965061,6.00000000,-0.03867187,0.07573242,0.01974203,0.29994771,-0.02893995,0.07000000,0.01725275,0.04166460,0.00845449,-0.00202211,0.01401304,-4.10152388,3.96015191,0.29994747,0.02090695,-0.00732601,-0.27048954,
5262,-0.72752398,0.01652873,6.41471720,6.00000000,0.00161133,-0.00161133,0.03732853,0.48314071,-0.03613444,0.07000000,0.01725275,0.01954636,0.03828008,-0.03663043,0.01401304,-3.83623385,3.76991129,0.48314545,0.02378205,-0.00732601,-0.24069467,
5270,-0.21995321,-0.55568546,9.49126625,6.00000000,0.03867187,-0.05478515,0.04385687,0.44090635,-0.01281897,0.07000000,0.01725275,0.02057495,0.03992810,-0.03807654,0.01401304,-3.54825449,3.47844124,0.44090682,0.02763621,-0.00732601,-0.22275202,
5278,1.97552979,-0.51977247,11.18636131,6.00000000,0.06767578,-0.04995117,-0.07365308,0.13633974,0.02515193,0.07000000,0.01725275,0.05915307,0.00750894,0.00282772,0.01401304,-3.28645492,3.08574224,0.13633719,0.03071623,-0.00732601,-0.22110766,
5286,1.42007494,0.26791990,13.42254543,6.00000000,0.00805664,-0.01127930,-0.04221050,-0.14251328,0.06911824,0.07000000,0.01725275,0.02314689,-0.03279743,0.03403239,0.01401304,-2.88502932,2.80648947,-0.14251639,0.03114024,-0.00732601,-0.21664993,
5293,0.92447519,-0.38809136,13.95884705,5.00000000,-0.02255859,0.06445312,-0.09190575,-0.38725904,0.09696358,0.07000000,0.01725275,0.01285950,-0.07171994,0.06997445,0.01401304,-2.94611573,2.90248251,-0.38725471,0.03000011,-0.00732601,-0.24008770,
5302,0.18706109,0.49058068,11.67238426,6.00000000,-0.09829102,0.10312500,-0.05273578,-0.45600641,0.07631273,0.07000000,0.01725275,0.03189131,-0.08673379,0.08928813,0.01401304,-3.30565357,3.19744325,-0.45600218,0.02687279,-0.00732601,-0.26879755,
5310,-1.61577284,-0.17021900,9.90067482,6.00000000,-0.12890625,0.17080078,-0.05793180,-0.27654389,0.03994060,0.07000000,0.01725275,0.07304127,-0.06275525,0.07537848,0.01401304,-3.69137144,3.44353461,-0.27654418,0.02394184,-0.00732601,-0.27868974,
5318,-1.39550626,0.44269663,6.60385895,6.00000000,-0.08540039,0.13212891,0.05624738,0.07398751,0.01595897,0.07000000,0.01725275,-0.02829080,-0.03073471,0.02016912,0.01401304,-3.93920803,4.03520107,0.07398131,0.02213798,-0.00732601,-0.28370860,
5326,-1.96293199,-0.28992909,6.40035200,6.00000000,-0.05639648,0.04028320,-0.00970209,0.35910237,-0.03773322,0.07000000,0.01725275,0.09927433,0.02771344,-0.00751471,0.01401304,-4.12246752,3.78561902,0.35910431,0.02357556,-0.00732601,-0.26063305,
5334,-0.32290387,-0.08402774,7.17846775,6.00000000,0.01289062,0.00161133,0.06903758,0.45396301,-0.01908084,0.07000000,0.01725275,0.04166432,0.03912293,-0.03228282,0.01401304,-3.92175484,3.78038335,0.45396745,0.02649544,-0.00732601,-0.24628985,
5342,0.11284083,-0.28753489,10.57344532,6.00000000,0.05639648,-0.04511719,0.01134845,0.38947910,0.02914887,0.07000000,0.01725275,-0.04423570,0.02850785,-0.04204149,0.01401304,-3.35626817,3.50636625,0.38947439,0.03010699,-0.00732601,-0.22053345,
5350,1.90609789,-1.11832285,11.67956638,6.00000000,0.03544922,-0.06928711,-0.13733763,0.07891706,0.02262054,0.07000000,0.01725275,0.05606678,0.00237948,0.00713475,0.01401304,-3.22187781,3.03163695,0.07891494,0.03330324,-0.00732601,-0.22096869,
5358,1.74568641,0.16496924,13.59732246,6.00000000,0.00161133,0.01289062,-0.07072199,-0.24803239,0.10562360,0.07000000,0.01725275,-0.00462962,-0.05054093,0.04500443,0.01401304,-2.92517185,2.94087982,-0.24803275,0.03281834,-0.00732601,-0.23062687,
5365,0.74730426,-0.57244492,13.94687557,5.00000000,-0.06284180,0.06928711,-0.07951526,-0.41936782,0.10455776,0.07000000,0.01725275,0.04577951,-0.07187644,0.07784208,0.01401304,-3.01592898,2.86059451,-0.41936117,0.03069662,-0.00732601,-0.24342763,
5374,-0.51922840,0.09074898,11.38268566,6.00000000,-0.10312500,0.14179687,-0.10336364,-0.45667255,0.09869558,0.07000000,0.01725275,0.09464505,-0.08077542,0.09814988,0.01401304,-3.58316112,3.26202035,-0.45666879,0.02743473,-0.00732601,-0.28124627,
5382,-2.11855507,0.52649367,8.72751617,6.00000000,-0.10795899,0.15952149,-0.00623808,-0.16742751,0.03381196,0.07000000,0.01725275,-0.01491688,-0.05818366,0.05028303,0.01401304,-3.69137144,3.74198580,-0.16742969,0.02471510,-0.00732601,-0.28159788,
5390,-2.48247385,-0.63469416,7.33648491,6.00000000,-0.09184571,0.09829102,-0.00050914,0.17777464,0.01023003,0.07000000,0.01725275,0.02571884,-0.00767055,0.01010123,0.01401304,-4.01425743,3.92699075,0.17777057,0.02341617,-0.00732601,-0.27498192,
5398,-0.51444000,-0.62272310,5.43788290,6.00000000,-0.03222656,0.03061523,0.04172517,0.35190788,-0.05092311,0.07000000,0.01725275,0.07509851,0.02377938,-0.00928997,0.01401304,-4.22544241,3.97062397,0.35191208,0.02504767,-0.00732601,-0.27159375,
5406,-0.64851528,-1.31225324,7.87757444,6.00000000,0.01611328,-0.01127930,0.03826116,0.44157255,-0.00229371,0.07000000,0.01725275,0.02006085,0.03669600,-0.03496705,0.01401304,-3.85194159,3.78387380,0.44157523,0.02787797,-0.00732601,-0.24478401,
5414,0.24212773,-0.62751150,10.80807781,6.00000000,0.05317383,-0.05639648,-0.01729626,0.36323255,0.01769098,0.07000000,0.01725275,-0.03291956,0.02810345,-0.03900582,0.01401304,-3.32310677,3.43480802,0.36323190,0.03141738,-0.00732601,-0.21864012,
5422,2.60999322,-1.20451415,11.84476662,6.00000000,0.02900391,-0.04995117,-0.12827790,-0.03486242,0.04633570,0.07000000,0.01725275,0.04063562,-0.01781037,0.02341742,0.01401304,-3.24980307,3.11192203,-0.03486508,0.03220582,-0.00732601,-0.23314029,
5430,1.54457343,0.27749673,13.46564102,6.00000000,-0.01289062,0.02094727,-0.02795476,-0.26974908,0.07604627,0.07000000,0.01725275,0.01388794,-0.05332468,0.05209278,0.01401304,-2.94960642,2.90248251,-0.26974702,0.03111111,-0.00732601,-0.23169491,
5437,0.55337393,-0.94833457,13.88941479,5.00000000,-0.07734375,0.09667969,-0.06685830,-0.45973685,0.08857000,0.07000000,0.01725275,0.03703549,-0.08426787,0.08804768,0.01401304,-3.24980307,3.12413931,-0.45973104,0.02835361,-0.00732601,-0.26438594,
5446,0.06016840,0.61268497,9.58942890,6.00000000,-0.10473633,0.13535157,-0.08337896,-0.39525294,0.02048884,0.07000000,0.01725275,0.07561288,-0.07934958,0.09232570,0.01401304,-3.71580577,3.45924258,-0.39525297,0.02445005,-0.00732601,-0.28875142,
5454,-2.94694901,-0.01699010,9.03636837,6.00000000,-0.11601563,0.16757813,0.03266545,-0.02393746,0.02595132,0.07000000,0.01725275,-0.03857829,-0.04513692,0.03192284,0.01401304,-3.77340174,3.90430140,-0.02394173,0.02151326,-0.00732601,-0.28005248,
5462,-1.92701900,-0.52934927,6.45781279,6.00000000,-0.07734375,0.08056641,0.02267310,0.25198445,-0.06704409,0.07000000,0.01725275,0.04114974,0.00155068,0.00466780,0.01401304,-4.20798874,4.06836271,0.25198185,0.02213372,-0.00732601,-0.28174904,
5470,-0.46176758,-0.17021900,6.00052023,6.00000000,-0.00966797,0.01127930,0.09248628,0.43957406,-0.07477150,0.07000000,0.01725275,0.01903181,0.02892336,-0.02748901,0.01401304,-4.15039301,4.08581591,0.43957841,0.02439917,-0.00732601,-0.26669306,
5478,-0.38994151,-0.74482739,9.19199085,6.00000000,0.03867187,-0.04028320,0.02054141,0.48260775,-0.04799202,0.07000000,0.01725275,-0.02417582,0.03852454,-0.04714835,0.01401304,-3.69311690,3.77514720,0.48260766,0.02799217,-0.00732601,-0.23573543,
5486,1.77681100,-0.61075211,10.72428036,6.00000000,0.04350586,-0.06284180,-0.03315077,0.26983744,0.00157000,0.07000000,0.01725275,0.00102873,0.01868938,-0.02177693,0.01401304,-3.39815593,3.39466548,0.26983541,0.03171697,-0.00732601,-0.22667676,
5494,2.70336699,0.22482428,12.30445385,6.00000000,0.02739258,-0.05317383,-0.03941265,-0.11666640,0.03367873,0.07000000,0.01725275,0.02674762,-0.03060846,0.03276346,0.01401304,-3.21489644,3.12413931,-0.11666831,0.03273149,-0.00732601,-0.23824844,
5502,1.14953017,-0.50780147,13.93011665,6.00000000,-0.03867187,0.05800781,-0.03834680,-0.31571391,0.07711212,0.07000000,0.01725275,-0.01388787,-0.06416227,0.05626726,0.01401304,-2.95658755,3.00371170,-0.31570941,0.03088210,-0.00732601,-0.23894987,
5509,0.78321731,0.09074898,11.99081326,5.00000000,-0.08056641,0.08378907,-0.07911556,-0.47079507,0.06485485,0.07000000,0.01725275,0.02931925,-0.08884850,0.09077335,0.01401304,-3.36324930,3.26376581,-0.47079045,0.02782056,-0.00732601,-0.27436173,
5518,-0.95497310,0.15539242,9.59900570,6.00000000,-0.12246094,0.15146485,-0.06219519,-0.31851175,0.01675836,0.07000000,0.01725275,0.01543126,-0.07541049,0.07434309,0.01401304,-3.61283159,3.56047177,-0.31851143,0.02436177,-0.00732601,-0.28312439,
5526,-1.73069453,0.01174032,7.55914545,6.00000000,-0.12407227,0.14018555,0.06091047,0.03841477,-0.00136109,0.07000000,0.01725275,-0.01748867,-0.03465153,0.02655138,0.01401304,-3.89208412,3.95142531,0.03840986,0.02142840,-0.00732601,-0.28154254,
5534,-1.16326869,-0.12712337,5.63181305,6.00000000,-0.05800781,0.04995117,0.06131017,0.28862306,-0.05905022,0.07000000,0.01725275,0.06789798,0.01014080,0.00247387,0.01401304,-4.24114990,4.01076651,0.28862378,0.02210540,-0.00732601,-0.27820668,
5542,-0.97652096,-0.17979582,6.39556360,6.00000000,0.00483398,0.00966797,0.06623971,0.45636117,-0.06424624,0.07000000,0.01725275,0.03549192,0.03621873,-0.03085263,0.01401304,-3.96189737,3.84146976,0.45636591,0.02475796,-0.00732601,-0.24978556,
5550,0.22776252,-0.57483912,8.64850712,6.00000000,0.03544922,-0.02416992,-0.00970209,0.41932288,-0.01428452,0.07000000,0.01725275,-0.04114952,0.02919670,-0.04196094,0.01401304,-3.53429174,3.67391801,0.41932625,0.02830939,-0.00732601,-0.23089641,
5558,2.15030646,-0.17261320,10.65005970,6.00000000,0.03383789,-0.07412110,-0.06192874,0.15259394,0.00436786,0.07000000,0.01725275,-0.01080180,-0.00084080,-0.00531203,0.01401304,-3.35103226,3.38768411,0.15259242,0.03043469,-0.00732601,-0.23321553,
5566,1.44162273,0.05244175,13.22143269,6.00000000,0.00483398,-0.00966797,-0.02688891,-0.11000483,0.02928210,0.07000000,0.01725275,-0.00411477,-0.03270165,0.02757141,0.01401304,-2.98800373,3.00196624,-0.11000712,0.03143833,-0.00732601,-0.22511189,
5574,1.70498502,-0.09599875,13.51831341,6.00000000,-0.05317383,0.04028320,-0.00543869,-0.37620085,0.03554397,0.07000000,0.01725275,-0.00874436,-0.07438993,0.06756355,0.01401304,-3.04734492,3.07701564,-0.37619716,0.02989200,-0.00732601,-0.24928237,
5581,0.32113639,-0.47907102,11.97884178,5.00000000,-0.09184571,0.10795899,-0.04580776,-0.46040303,0.03980736,0.07000000,0.01725275,0.01337394,-0.08973841,0.08790833,0.01401304,-3.27074695,3.22536850,-0.46039706,0.02667623,-0.00732601,-0.26886308,
5590,-1.98208570,-0.05050892,9.74505138,6.00000000,-0.14018555,0.15952149,-0.03874650,-0.25762504,0.01529282,0.07000000,0.01725275,-0.03086209,-0.07479031,0.06290145,0.01401304,-3.59014225,3.69486189,-0.25762635,0.02247792,-0.00732601,-0.28275934,
5598,-0.75864857,0.34214017,6.09628820,6.00000000,-0.10312500,0.10312500,0.02493805,0.06972411,-0.02267809,0.07000000,0.01725275,-0.03343438,-0.03378391,0.02197814,0.01401304,-3.96189737,4.07534361,0.06971622,0.02082942,-0.00732601,-0.28629562,
5606,-2.12813187,-0.28992909,6.04361582,6.00000000,-0.04833984,0.04833984,0.02693650,0.35137495,-0.07383888,0.07000000,0.01725275,0.05658150,0.01994918,-0.00985953,0.01401304,-4.10675955,3.91477346,0.35137492,0.02273317,-0.00732601,-0.26530582,
5614,0.07692781,-0.24443926,6.78103018,6.00000000,0.00644531,0.00966797,0.09381859,0.45369658,-0.06384654,0.07000000,0.01725275,0.00462958,0.03373253,-0.03564998,0.01401304,-3.84496045,3.82925224,0.45370245,0.02547408,-0.00732601,-0.24529681,
5622,1.09685779,-0.88847953,9.24466324,6.00000000,0.03222656,-0.04995117,-0.00237437,0.37722182,-0.03613444,0.07000000,0.01725275,0.00154321,0.02880625,-0.03158165,0.01401304,-3.53952789,3.53429174,0.37722272,0.02821533,-0.00732601,-0.22907726,
5630,1.25487506,-0.35217834,11.79688263,6.00000000,0.04672851,-0.05800781,-0.04540806,0.10809470,-0.01628298,0.07000000,0.01725275,0.00154318,-0.00284554,-0.00047969,0.01401304,-3.16428208,3.15904593,0.10809135,0.03095854,-0.00732601,-0.22138396,
5638,1.67864871,-0.06487413,13.54943848,6.00000000,-0.00322266,0.00000000,-0.01676335,-0.19447345,0.01116265,0.07000000,0.01725275,-0.03034801,-0.04704497,0.03553400,0.01401304,-2.82917881,2.93215322,-0.19447424,0.03115970,-0.00732601,-0.22294755,
5646,1.12079978,-0.32344791,13.53986168,6.00000000,-0.05156250,0.04833984,-0.03594864,-0.42429733,0.01102942,0.07000000,0.01725275,-0.02468995,-0.08317238,0.07246633,0.01401304,-2.92691708,3.01069307,-0.42429200,0.02899273,-0.00732601,-0.24599954,
5653,-0.74428338,-0.06966253,11.80885410,5.00000000,-0.12568359,0.12890625,-0.04980469,-0.43508905,0.00370170,0.07000000,0.01725275,-0.03754940,-0.09344360,0.07963180,0.01401304,-3.20267916,3.33008838,-0.43508413,0.02564480,-0.00732601,-0.26835638,
5662,-1.57746553,-0.23007405,8.35880947,6.00000000,-0.12084961,0.12729493,-0.03101910,-0.17422229,-0.00695680,0.07000000,0.01725275,-0.01285946,-0.06045160,0.05299950,0.01401304,-3.63901138,3.68264461,-0.17422614,0.02276364,-0.00732601,-0.27804145,
5670,-2.22150588,-0.14627698,7.54238605,6.00000000,-0.09184571,0.10151367,0.01867617,0.14353421,-0.02347747,0.07000000,0.01725275,0.00154306,-0.01560066,0.01222990,0.01401304,-3.81703496,3.81179905,0.14353053,0.02169443,-0.00732601,-0.26613924,
5678,-0.65809214,-0.35696673,6.02685642,6.00000000,-0.03706055,0.03544922,0.04025963,0.34591249,-0.03626767,0.07000000,0.01725275,0.06018165,0.02062120,-0.00968698,0.01401304,-4.06836271,3.86415887,0.34591508,0.02320201,-0.00732601,-0.26247504,
5686,-0.50965160,-0.67778975,7.43704128,6.00000000,0.01450195,-0.01450195,0.04638826,0.39760619,-0.03933199,0.07000000,0.01725275,0.03343454,0.03121438,-0.02644274,0.01401304,-3.76642060,3.65297413,0.39761052,0.02613840,-0.00732601,-0.24012640,
5694,0.52943194,-0.71130860,10.78892422,6.00000000,0.03867187,-0.03706055,-0.00650454,0.27982977,-0.00402571,0.07000000,0.01725275,0.00257219,0.01739010,-0.02012337,0.01401304,-3.39641094,3.38768411,0.27982876,0.02903847,-0.00732601,-0.22563578,
5702,1.57330382,-0.32344791,12.68991947,6.00000000,0.01289062,-0.02900391,-0.05513395,-0.02353777,-0.00748972,0.07000000,0.01725275,0.02468995,-0.01983243,0.02167734,0.01401304,-3.19918847,3.11541271,-0.02354091,0.03036049,-0.00732601,-0.23061104,
5710,1.83187771,0.47382125,13.18791389,6.00000000,-0.00966797,0.02255859,0.01987524,-0.25762504,0.01515959,0.07000000,0.01725275,0.00308622,-0.05575813,0.05197588,0.01401304,-2.97927690,2.96880507,-0.25762352,0.02899270,-0.00732601,-0.23429567,
5718,0.35226101,-0.27316967,12.43374062,6.00000000,-0.09023438,0.09506836,-0.03275109,-0.40804312,0.00263585,0.07000000,0.01725275,-0.01543108,-0.08526762,0.07675053,0.01401304,-3.19395256,3.24631238,-0.40803844,0.02663173,-0.00732601,-0.26304248,
5725,-0.91187751,-0.09839296,10.42500496,5.00000000,-0.10795899,0.11601563,-0.03035293,-0.29439688,0.01262819,0.07000000,0.01725275,0.00000002,-0.07284852,0.06818219,0.01401304,-3.42259073,3.42259073,-0.29439607,0.02344542,-0.00732601,-0.26948157,
5734,-1.98208570,-0.33302471,8.10262966,6.00000000,-0.10634766,0.12890625,-0.00010943,-0.01714266,0.00410140,0.07000000,0.01725275,-0.04783677,-0.04329082,0.02791324,0.01401304,-3.63377547,3.79609108,-0.01714554,0.02197513,-0.00732601,-0.27057567,
5742,-1.32846856,-0.08163355,6.28782463,6.00000000,-0.07250977,0.06767578,0.01854293,0.23892778,-0.02694149,0.07000000,0.01150183,0.00308630,-0.00194394,0.00050393,0.01401304,-3.92000961,3.90953755,0.23892638,0.02179618,-0.00732601,-0.26649889,
5750,-0.81132102,-0.08642194,6.61104155,6.00000000,-0.01127930,0.00322266,0.08875580,0.36869502,-0.04559386,0.07000000,0.01150183,0.02108931,0.02290384,-0.01978093,0.01401304,-3.81703496,3.74547672,0.36869788,0.02389063,-0.00732601,-0.24741051,
5758,0.00270756,-0.50780147,9.51760292,6.00000000,0.02739258,-0.02094727,0.04119224,0.37309167,-0.01588329,0.07000000,0.01150183,0.02880498,0.03167825,-0.02668187,0.01401304,-3.49414921,3.39641094,0.37309396,0.02687349,-0.00732601,-0.22273347,
5766,1.89652109,-0.35217834,11.51915550,6.00000000,0.03383789,-0.04189453,0.00268842,0.12474862,0.00623309,0.07000000,0.01150183,0.01748877,-0.00281337,0.00460798,0.01401304,-3.31787109,3.25852966,0.12474535,0.02783423,-0.00732601,-0.22935046,
5774,1.77441680,-0.20134363,12.81920719,6.00000000,0.01450195,-0.00483398,-0.04740653,-0.13758370,0.04007383,0.07000000,0.01725275,0.01800289,-0.03722643,0.03722469,0.01401304,-3.02640080,2.96531439,-0.13758498,0.02863194,-0.00732601,-0.22717458,
5782,0.74012166,-0.31626531,13.63802338,6.00000000,-0.05961914,0.06284180,-0.05113701,-0.37886551,0.05113202,0.07000000,0.01725275,-0.01388795,-0.07846171,0.07038084,0.01401304,-3.02989173,3.07701564,-0.37886178,0.02703791,-0.00732601,-0.24884284,
5790,0.37141463,-0.06966253,10.93257618,6.00000000,-0.09506836,0.11601563,-0.04594097,-0.41323915,0.05286403,0.07000000,0.01725275,0.05195193,-0.08232087,0.08966826,0.01401304,-3.40862799,3.23234963,-0.41323772,0.02385173,-0.00732601,-0.27069512,
5797,-2.15446806,0.13623881,9.40507507,5.00000000,-0.12407227,0.16596679,-0.01383225,-0.18807834,-0.00136109,0.07000000,0.01725275,0.00051448,-0.06051351,0.05618665,0.01401304,-3.60235953,3.60061431,-0.18807976,0.02247560,-0.00732601,-0.27474350,
5806,-1.84082770,-0.28992909,6.87200975,6.00000000,-0.10151367,0.10312500,0.02453834,0.12128460,-0.00242694,0.07000000,0.01725275,0.01388810,-0.01861699,0.01811234,0.01401304,-3.96189737,3.91477346,0.12127925,0.02186864,-0.00732601,-0.27673656,
5814,-1.66365683,-0.08163355,5.76349449,6.00000000,-0.02578125,0.03706055,0.02826881,0.38321725,-0.05065665,0.07000000,0.01150183,0.05555225,0.02724743,-0.01595811,0.01401304,-4.03171062,3.84321499,0.38321880,0.02387043,-0.00732601,-0.25768265,
5822,-0.95257890,-0.68736655,8.25107002,6.00000000,0.02578125,0.00161133,0.05451538,0.44516975,-0.01654945,0.07000000,0.01150183,0.00462917,0.03746700,-0.03801952,0.01401304,-3.65297413,3.63726616,0.44517261,0.02732652,-0.00732601,-0.23199622,
5830,1.53020823,-0.34020734,10.01080799,6.00000000,0.04672851,-0.06284180,0.00535304,0.33965063,-0.01575006,0.07000000,0.01150183,0.00308618,0.02869690,-0.02979995,0.01401304,-3.39292002,3.38244820,0.33964992,0.03068390,-0.00732601,-0.22098237,
5838,1.09685779,-0.79271144,13.20706749,6.00000000,0.04833984,-0.04511719,-0.04261019,-0.02660209,0.02115499,0.07000000,0.01150183,0.03292003,-0.01371568,0.01889225,0.01401304,-3.06479836,2.95309711,-0.02660695,0.03322163,-0.00732601,-0.22007774,
5846,1.48711264,-0.04811472,13.65957165,6.00000000,-0.02739258,0.02255859,-0.01503133,-0.30025902,0.04207230,0.07000000,0.01150183,0.00925889,-0.05561747,0.05459561,0.01401304,-2.85186791,2.82045221,-0.30025774,0.03197251,-0.00732601,-0.22739023,
5854,0.72096807,-0.53892606,12.88145638,6.00000000,-0.06767578,0.08701172,-0.08444481,-0.48092061,0.07391457,0.07000000,0.01150183,0.01646001,-0.08654697,0.08678979,0.01401304,-3.05083561,2.99498510,-0.48091406,0.02893005,-0.00732601,-0.25402728,
5862,-0.75146598,-0.24443926,10.82962513,6.00000000,-0.12890625,0.15146485,-0.08071434,-0.44294971,0.05086556,0.07000000,0.01150183,0.01954654,-0.08847110,0.08947711,0.01401304,-3.38593864,3.31961608,-0.44294810,0.02536685,-0.00732601,-0.27519006,
5869,-1.51042795,0.10032579,7.41309929,5.00000000,-0.12568359,0.14663085,-0.00290730,-0.12239534,0.02928210,0.07000000,0.01150183,0.02006056,-0.04860751,0.05040170,0.01401304,-3.73325920,3.66519141,-0.12240338,0.02294124,-0.00732601,-0.27706802,
5878,-2.30530286,-0.18458422,6.93186474,6.00000000,-0.06928711,0.10473633,0.07090282,0.22360620,-0.02920642,0.07000000,0.01150183,0.04320786,0.00254580,0.00547313,0.01401304,-3.96364284,3.81703496,0.22360280,0.02331257,-0.00732601,-0.26583835,
5886,-0.78019643,0.23918949,5.87362766,6.00000000,-0.01289062,0.02739258,0.10527648,0.37149289,-0.05571944,0.07000000,0.01150183,0.04269268,0.02567350,-0.01742927,0.01401304,-4.00378513,3.85892320,0.37149826,0.02528566,-0.00732601,-0.25808954,
5894,-0.06672429,-0.33781314,8.45697117,6.00000000,0.01127930,-0.02739258,0.03386454,0.43251279,-0.04426155,0.07000000,0.01150183,0.03754943,0.04159327,-0.03438840,0.01401304,-3.60934091,3.48193192,0.43251589,0.02815034,-0.00732601,-0.22570114,
5902,0.73533326,-0.31387112,10.93496990,6.00000000,0.06767578,-0.04672851,0.02853528,0.25638106,0.02048884,0.07000000,0.01150183,-0.00102864,0.01822462,-0.02047383,0.01401304,-3.24805784,3.25154853,0.25637895,0.03113248,-0.00732601,-0.21702327,
5910,1.91088629,0.00216352,12.91018677,6.00000000,0.01933594,-0.04350586,-0.09603595,-0.09188539,0.02035561,0.07000000,0.01150183,0.00977315,-0.02606511,0.02562751,0.01401304,-2.98800373,2.95484257,-0.09188810,0.03270618,-0.00732601,-0.22209011,
5918,1.22853887,-0.10557556,13.77928162,6.00000000,-0.01611328,0.03706055,-0.03994559,-0.33836317,0.06485485,0.07000000,0.01150183,-0.04629285,-0.06881748,0.05458269,0.01401304,-2.75587487,2.91295433,-0.33836108,0.03096280,-0.00732601,-0.23002627,
5926,-0.20079958,-0.42639858,13.42494011,6.00000000,-0.10473633,0.08862305,-0.05646626,-0.47052857,0.05779358,0.07000000,0.01150183,0.01543132,-0.08722174,0.08723357,0.01401304,-3.15555525,3.10319543,-0.47052151,0.02818919,-0.00732601,-0.26099256,
5934,-0.99328035,-0.00741329,9.63970661,6.00000000,-0.11279297,0.14663085,-0.05180316,-0.36687469,0.00050415,0.07000000,0.01150183,0.06326804,-0.07373434,0.08522261,0.01401304,-3.53080106,3.31612563,-0.36687469,0.02478194,-0.00732601,-0.27479959,
5941,-2.99962139,-0.59159851,8.98848438,5.00000000,-0.11118164,0.15791015,0.10194570,-0.05911051,0.03381196,0.07000000,0.01150183,-0.04835098,-0.04849342,0.03426139,0.01401304,-3.61457705,3.77863789,-0.05911556,0.02202702,-0.00732601,-0.27228978,
5950,-1.47930324,-0.55568546,6.02446222,6.00000000,-0.07573242,0.06123047,-0.03061939,0.25464907,-0.04785879,0.07000000,0.01150183,0.08024193,0.00899961,0.00781697,0.01401304,-4.12944889,3.85717773,0.25464702,0.02220556,-0.00732601,-0.27105328,
5958,-1.34043956,-0.69694340,7.12579536,6.00000000,-0.00483398,0.02578125,0.07543268,0.39161080,-0.01681591,0.07000000,0.01150183,0.05092328,0.02988010,-0.01965427,0.01401304,-3.93048143,3.75769401,0.39161453,0.02465742,-0.00732601,-0.25030431,
5966,-0.09545472,-0.84538388,9.84800243,6.00000000,0.03061523,-0.00805664,0.02613712,0.43517742,0.00983034,0.07000000,0.01150183,-0.03034794,0.03456552,-0.04339067,0.01401304,-3.40164661,3.50462127,0.43517756,0.02773312,-0.00732601,-0.21880192,
5974,2.14791226,-1.00579536,11.16241932,6.00000000,0.04350586,-0.08217774,-0.06286136,0.17097986,0.00863126,0.07000000,0.01150183,0.05349499,0.01094997,-0.00052703,0.01401304,-3.33008838,3.14857388,0.17097700,0.02983650,-0.00732601,-0.22245565,
5982,1.48232424,0.27270830,13.23579788,6.00000000,0.02094727,0.00644531,-0.04194403,-0.16009977,0.03567720,0.07000000,0.01150183,0.03189130,-0.03504215,0.03965413,0.01401304,-2.97404099,2.86583066,-0.16010207,0.03065223,-0.00732601,-0.22330275,
5990,1.29078805,0.05004755,13.62365818,6.00000000,-0.05156250,0.05478515,-0.01369903,-0.37833256,0.04940002,0.07000000,0.01150183,0.01645985,-0.07054074,0.07100908,0.01401304,-2.94611573,2.89026546,-0.37832808,0.02883945,-0.00732601,-0.23899761,
5998,-0.01884026,-0.04572052,11.53591442,6.00000000,-0.08217774,0.13696289,-0.07045551,-0.44947806,0.03168026,0.07000000,0.01150183,0.06429668,-0.08226974,0.09383383,0.01401304,-3.32659769,3.10843158,-0.44947368,0.02562635,-0.00732601,-0.26585659,
6006,-0.74667758,0.67014581,8.45218277,6.00000000,-0.12890625,0.15307617,-0.02715538,-0.32384098,-0.01108697,0.07000000,0.01150183,-0.03703512,-0.08439963,0.07226287,0.01401304,-3.54476380,3.67042756,-0.32384729,0.02216125,-0.00732601,-0.28502962,
6013,-1.90307701,-0.58681011,6.99890232,5.00000000,-0.12407227,0.12729493,0.05797939,0.10782824,-0.00655710,0.07000000,0.01150183,0.01851743,-0.01903194,0.02094301,0.01401304,-3.88335752,3.82052565,0.10782081,0.02124761,-0.00732601,-0.27144876,
6022,-1.06989479,0.23679528,5.87841606,6.00000000,-0.02739258,0.06123047,0.05824585,0.32739335,-0.07557089,0.07000000,0.01150183,0.04063601,0.01539869,-0.00776895,0.01401304,-4.06487179,3.92699075,0.32739541,0.02269966,-0.00732601,-0.26596883,
6030,0.21100311,-0.34499574,6.87200975,6.00000000,0.00966797,0.00161133,0.10953988,0.43890792,-0.05172250,0.07000000,0.01725275,-0.00205769,0.03184314,-0.03537093,0.01401304,-3.73849511,3.74547672,0.43891296,0.02542268,-0.00732601,-0.23947272,
6038,0.24212773,0.10990259,9.58224583,6.00000000,0.03706055,-0.05961914,0.00308811,0.36269963,-0.02001346,0.07000000,0.01725275,0.01337380,0.02948488,-0.02949039,0.01401304,-3.49589443,3.45051599,0.36270022,0.02879770,-0.00732601,-0.22551160,
6046,1.37458515,-0.40485078,12.03630257,6.00000000,0.04833984,-0.04028320,-0.05553364,0.05879914,0.03381196,0.07000000,0.01150183,0.01697451,-0.00698547,0.00855745,0.01401304,-3.17126322,3.11366725,0.05879474,0.03121840,-0.00732601,-0.22356600,
6054,1.77441680,0.59831977,13.28847027,6.00000000,-0.01127930,-0.00644531,-0.06539274,-0.23923913,0.06818563,0.07000000,0.01150183,0.01234503,-0.04710414,0.04694171,0.01401304,-2.90073705,2.85884929,-0.23923890,0.03179143,-0.00732601,-0.22612987,
6062,0.43366387,-0.54850286,13.72421455,6.00000000,-0.05317383,0.08862305,-0.07791650,-0.43309060,0.09949496,0.07000000,0.01150183,0.01543099,-0.07870515,0.07881740,0.01401304,-3.01767421,2.96531439,-0.43308467,0.02951899,-0.00732601,-0.24828197,
6070,-0.47613278,-0.08642194,10.67160797,6.00000000,-0.11440430,0.12407227,-0.06485981,-0.43881953,0.04740155,0.07000000,0.01150183,0.06789766,-0.08065939,0.09310228,0.01401304,-3.41735482,3.18697143,-0.43881604,0.02618401,-0.00732601,-0.27122101,
6078,-2.99722719,-0.41682178,9.10340595,6.00000000,-0.11762695,0.16757813,0.01094875,-0.15263885,0.03554397,0.07000000,0.01150183,0.03086253,-0.05118822,0.05546257,0.01401304,-3.65821028,3.55349040,-0.15264106,0.02244495,-0.00732601,-0.27249074,
6085,-1.64929163,0.18172865,7.10903549,5.00000000,-0.07089844,0.11279297,0.02853528,0.15046224,-0.01614976,0.07000000,0.01150183,0.00462937,-0.01445737,0.01318398,0.01401304,-3.87114024,3.85543227,0.15045814,0.02139003,-0.00732601,-0.26917997,
6094,-1.67802203,0.14820983,6.71159840,6.00000000,-0.03383789,0.02416992,0.07103605,0.36962765,-0.05025695,0.07000000,0.01150183,0.02314675,0.02234196,-0.01873237,0.01401304,-3.90430140,3.82576156,0.36962962,0.02392010,-0.00732601,-0.25341663,
6102,-0.58866024,-0.22289145,8.42105865,6.00000000,0.00966797,-0.01289062,0.08595794,0.42425245,-0.05372096,0.07000000,0.01150183,0.02006065,0.03581529,-0.03277344,0.01401304,-3.68962598,3.62155819,0.42425609,0.02704134,-0.00732601,-0.23427185,
6110,0.95799404,-1.19733155,10.39148617,6.00000000,0.05317383,-0.04511719,0.02560420,0.26184356,-0.00669034,0.07000000,0.01150183,-0.02777639,0.01254758,-0.02112166,0.01401304,-3.34056020,3.43480802,0.26184118,0.02959938,-0.00732601,-0.22662367,
6118,1.13037658,-0.33063051,12.96764755,6.00000000,0.00805664,-0.03383789,-0.09883379,-0.03726058,0.00370170,0.07000000,0.01725275,0.00308622,-0.02221951,0.01894740,0.01401304,-3.07876062,3.06828880,-0.03726429,0.03142443,-0.00732601,-0.22553219,
6126,1.77681100,-0.56047386,13.73379230,6.00000000,-0.01933594,0.02900391,-0.04807269,-0.28946730,0.05059910,0.07000000,0.01725275,-0.04526516,-0.06488181,0.04962813,0.01401304,-2.91993594,3.07352495,-0.28946465,0.03031783,-0.00732601,-0.23824915,
6134,0.35704941,-0.02177850,12.51993179,6.00000000,-0.08862305,0.06928711,-0.07325339,-0.42776132,0.01835714,0.07000000,0.01725275,0.04217897,-0.08012635,0.08517991,0.01401304,-3.26900172,3.12588477,-0.42775595,0.02746826,-0.00732601,-0.26282698,
6142,-1.17284548,-0.26119867,10.24304581,6.00000000,-0.11762695,0.15952149,-0.00677101,-0.33783028,0.00849803,0.07000000,0.01725275,0.00051429,-0.07913297,0.07450227,0.01401304,-3.51509309,3.51334786,-0.33782917,0.02436453,-0.00732601,-0.27927363,
6150,-2.14249706,-0.27556387,8.05235100,6.00000000,-0.11118164,0.12890625,0.05171752,-0.00661740,-0.00788942,0.07000000,0.01725275,-0.06172489,-0.04435179,0.02571858,0.01401304,-3.71231532,3.92175484,-0.00662270,0.02218959,-0.00732601,-0.27721527,
6157,-1.88871181,-0.60117531,6.63258982,5.00000000,-0.08217774,0.04995117,-0.04460866,0.22240710,-0.08369799,0.07000000,0.01725275,0.04269309,-0.00010943,0.00663726,0.01401304,-4.05439997,3.90953755,0.22240674,0.02270483,-0.00732601,-0.27256826,
6166,-0.81371522,-0.13670018,6.68286800,6.00000000,-0.00966797,0.01933594,0.06983696,0.40293545,-0.05771790,0.07000000,0.01725275,0.02211813,0.02794288,-0.02585322,0.01401304,-3.81878042,3.74373126,0.40293735,0.02445368,-0.00732601,-0.24492800,
6174,0.26846394,-0.77595204,9.14650154,6.00000000,0.03706055,-0.03061523,0.01427954,0.34378079,-0.04466124,0.07000000,0.01725275,-0.01131640,0.02129607,-0.02718855,0.01401304,-3.56396222,3.60235953,0.34378305,0.02767717,-0.00732601,-0.23485491,
6182,0.99151284,-0.22767985,11.69393158,6.00000000,0.01933594,-0.04672851,-0.03634834,0.16724938,-0.03147135,0.07000000,0.01725275,0.00925876,0.00435691,-0.00574712,0.01401304,-3.25503898,3.22362304,0.16724658,0.02970697,-0.00732601,-0.22272603,
6190,1.19980836,-0.40245658,13.31001854,6.00000000,0.01933594,-0.00322266,-0.01170055,-0.13092214,-0.00136109,0.07000000,0.01725275,-0.00977316,-0.03837645,0.03185060,0.01401304,-3.04909015,3.08225155,-0.13092326,0.03040661,-0.00732601,-0.23175304,
6198,0.77364051,-0.10557556,13.42733383,6.00000000,-0.04995117,0.03706055,-0.04074497,-0.33703086,0.00636633,0.07000000,0.01725275,-0.03137674,-0.07310792,0.06100474,0.01401304,-3.01069307,3.11715817,-0.33702713,0.02835763,-0.00732601,-0.24656905,
6206,-0.51922840,-0.17021900,11.72745037,6.00000000,-0.09667969,0.10957031,-0.04327635,-0.36900640,-0.00709003,0.07000000,0.01725275,-0.02160369,-0.08225845,0.07235734,0.01401304,-3.26551104,3.33881497,-0.36900327,0.02575653,-0.00732601,-0.26615947,
6214,-1.60380173,-0.00501909,8.99806118,6.00000000,-0.11279297,0.12568359,-0.00783684,-0.19087619,-0.01348513,0.07000000,0.01725275,-0.05863864,-0.06622566,0.04794372,0.01401304,-3.50811172,3.70707917,-0.19087906,0.02405207,-0.00732601,-0.27538931,
6222,-1.93659580,0.11229680,7.14255476,6.00000000,-0.10957031,0.08540039,-0.00703745,0.09357250,-0.03333659,0.07000000,0.01725275,0.00000007,-0.02114097,0.01732123,0.01401304,-3.85543227,3.85543227,0.09356768,0.02382320,-0.00732601,-0.27273515,
6229,-1.43860185,-0.35457253,6.48893738,5.00000000,-0.03222656,0.05478515,0.06770527,0.28409317,-0.01961377,0.07000000,0.01725275,-0.00154305,0.00750067,-0.01125041,0.01401304,-3.89382958,3.89906549,0.28409389,0.02530010,-0.00732601,-0.26189563,
6238,0.36902040,-0.60835791,8.08108139,6.00000000,0.00322266,-0.00483398,0.07116928,0.35137495,-0.04119723,0.07000000,0.01725275,-0.01903207,0.02089047,-0.02859100,0.01401304,-3.58490610,3.64948368,0.35137767,0.02749682,-0.00732601,-0.23677178,
6246,1.31233585,-0.53653187,10.57823372,6.00000000,0.01289062,-0.04511719,-0.01556426,0.18270421,-0.05571944,0.07000000,0.01725275,0.02674755,0.00752464,-0.00475547,0.01401304,-3.36150432,3.27074695,0.18270364,0.02948189,-0.00732601,-0.22717313,
6254,1.62358212,-0.34020734,11.82561302,6.00000000,0.01450195,-0.00161133,0.02800236,-0.07096809,-0.01561683,0.07000000,0.01725275,-0.01131639,-0.03013795,0.02337592,0.01401304,-3.04559946,3.08399677,-0.07096958,0.03014462,-0.00732601,-0.22734320,
6262,1.17586637,0.02371133,12.93173409,6.00000000,-0.04833984,0.02255859,-0.04740653,-0.29253164,-0.01028758,0.07000000,0.01725275,0.00514380,-0.06112438,0.05774976,0.01401304,-3.02116513,3.00371170,-0.29252923,0.02890587,-0.00732601,-0.23961014,
6270,0.11762924,0.07398957,12.26614666,6.00000000,-0.07250977,0.11118164,-0.04727330,-0.38419476,0.02222084,0.07000000,0.01725275,0.00154290,-0.08003443,0.07557371,0.01401304,-3.20966029,3.20442462,-0.38419047,0.02628472,-0.00732601,-0.26036429,
6278,-0.78977323,0.07159536,9.63731289,6.00000000,-0.11923828,0.12568359,-0.02489045,-0.27134788,0.01729129,0.07000000,0.01150183,-0.04115006,-0.07519928,0.06222161,0.01401304,-3.47669578,3.61632204,-0.27134812,0.02337940,-0.00732601,-0.27679458,
6286,-1.75942492,-0.34738994,7.89433384,6.00000000,-0.11601563,0.10957031,-0.10562857,0.00390787,-0.01148666,0.07000000,0.01150183,0.04166435,-0.03047473,0.03762786,0.01401304,-3.86939478,3.72802329,0.00390306,0.02150579,-0.00732601,-0.27512339,
6294,-1.39790046,0.46424446,6.40274620,6.00000000,-0.04833984,0.08701172,0.04132548,0.25105184,0.00037092,0.07000000,0.01725275,-0.04937970,-0.00689401,-0.00826056,0.01401304,-3.86590433,4.03345585,0.25105086,0.02231283,-0.00732601,-0.26815066,
6301,-0.65090948,-0.24443926,6.83370256,5.00000000,-0.02094727,0.00000000,0.00934999,0.38801354,-0.04586032,0.07000000,0.01725275,0.03086221,0.02578361,-0.02166394,0.01401304,-3.91826415,3.81354451,0.38801742,0.02441448,-0.00732601,-0.25214684,
6310,0.74969846,0.41396621,9.99644279,6.00000000,0.01611328,-0.03222656,0.06957050,0.33365521,-0.05132281,0.07000000,0.01725275,0.03549178,0.02430550,-0.01917698,0.01401304,-3.65995550,3.53952789,0.33365601,0.02690528,-0.00732601,-0.23679125,
6318,1.44641113,-0.79271144,12.01236057,6.00000000,0.04189453,-0.02416992,0.04372364,0.09397219,-0.01042081,0.07000000,0.01725275,0.03754934,-0.00576790,0.01087722,0.01401304,-3.39990139,3.27249241,0.09396966,0.02817465,-0.00732601,-0.23506148,
6326,1.43204594,-0.27795810,13.22622108,6.00000000,-0.00805664,-0.00161133,-0.06672507,-0.17462200,0.00756541,0.07000000,0.01725275,-0.00617258,-0.04835330,0.04254740,0.01401304,-3.14159274,3.16253662,-0.17462258,0.02766278,-0.00732601,-0.24118476,
6334,0.48873049,-0.63229996,12.70907307,6.00000000,-0.05317383,0.07734375,-0.06938969,-0.34116104,0.06312283,0.07000000,0.01725275,-0.03189170,-0.07864723,0.06638050,0.01401304,-3.19395256,3.30216289,-0.34115779,0.02589725,-0.00732601,-0.26021817,
6342,-0.62217909,-0.16543061,10.85117340,6.00000000,-0.10795899,0.10795899,-0.06712476,-0.32557300,0.01382728,0.07000000,0.01725275,-0.03189104,-0.08204882,0.06978148,0.01401304,-3.43829870,3.54650903,-0.32557112,0.02335973,-0.00732601,-0.27680314,
6350,-1.59901333,-0.26838127,8.57668114,6.00000000,-0.12729493,0.11923828,-0.01916151,-0.10187773,-0.01108697,0.07000000,0.01725275,0.05195192,-0.04474976,0.05274451,0.01401304,-3.85194159,3.67566347,-0.10188174,0.02163013,-0.00732601,-0.28026208,
6358,-2.18559289,-0.55807966,7.11861277,6.00000000,-0.06284180,0.11118164,0.03972670,0.18150511,-0.02347747,0.07000000,0.01725275,0.00617281,-0.01139043,0.00919473,0.01401304,-3.99854946,3.97760534,0.18150114,0.02184588,-0.00732601,-0.27597675,
6366,-1.25185418,-0.24443926,6.51527357,6.00000000,-0.02094727,0.02578125,0.01241430,0.37655568,-0.03706706,0.07000000,0.01725275,-0.00308625,0.01969951,-0.02362182,0.01401304,-3.89557481,3.90604687,0.37655777,0.02441149,-0.00732601,-0.25550827,
6373,0.01707277,-0.20613202,8.27980042,5.00000000,0.00000000,-0.02739258,0.02347250,0.37722182,-0.03267043,0.07000000,0.01725275,0.03291999,0.02975827,-0.02513789,0.01401304,-3.74722195,3.63552094,0.37722534,0.02735131,-0.00732601,-0.24027549,
6382,0.95320565,-0.39048555,10.89666271,6.00000000,0.04028320,-0.02094727,0.03439745,0.20135659,0.00196970,0.07000000,0.01725275,0.06841193,0.01530810,-0.00265426,0.01401304,-3.46971464,3.23758578,0.20135625,0.03000993,-0.00732601,-0.22854130,
6390,1.45838225,-0.64905936,13.02031994,6.00000000,0.01772461,-0.01289062,-0.01170055,-0.09694818,0.02981503,0.07000000,0.01150183,0.03652105,-0.02765818,0.03349331,0.01401304,-3.13810205,3.01418352,-0.09695007,0.03018936,-0.00732601,-0.23004928,
6398,0.96517664,-0.59878111,13.97081757,6.00000000,-0.03383789,0.05961914,-0.10496242,-0.33156839,0.06925147,0.07000000,0.01150183,0.03600633,-0.06287357,0.06805619,0.01401304,-3.08923268,2.96705961,-0.33156511,0.02870170,-0.00732601,-0.24357907,
6406,0.46957690,0.08596057,12.38585663,6.00000000,-0.08217774,0.10473633,-0.04540806,-0.46813044,0.09150109,0.07000000,0.01150183,-0.02057454,-0.09535043,0.08683455,0.01401304,-3.23060465,3.30041766,-0.46812347,0.02581827,-0.00732601,-0.27068856,
6414,-1.29973817,0.07398957,9.98207760,6.00000000,-0.14179687,0.15146485,-0.08830854,-0.30012581,0.04833417,0.07000000,0.01150183,0.07458407,-0.06779316,0.08206225,0.01401304,-3.71231532,3.45924258,-0.30012703,0.02190905,-0.00732601,-0.28172812,
6422,-2.06588268,0.15778662,7.40352249,6.00000000,-0.09667969,0.15468749,0.03626269,0.01350052,0.02688394,0.07000000,0.01150183,0.00462917,-0.03555658,0.03397797,0.01401304,-3.94618964,3.93048143,0.01349378,0.02107887,-0.00732601,-0.28455096,
6430,-1.83125091,-0.30668849,6.44823599,6.00000000,-0.05317383,0.06767578,0.04025963,0.30980679,-0.00882204,0.07000000,0.01150183,0.02006051,0.00923604,-0.00650947,0.01401304,-4.09105158,4.02298403,0.30980587,0.02227911,-0.00732601,-0.27167284,
6438,-0.42824876,-0.23246825,7.04918051,6.00000000,-0.00161133,0.00000000,0.03972670,0.43491098,-0.06477916,0.07000000,0.01150183,0.09001552,0.04007742,-0.02052552,0.01401304,-4.07185316,3.76642060,0.43491369,0.02480486,-0.00732601,-0.25260615,
6445,0.80955350,-0.44315800,9.10819435,5.00000000,0.04350586,-0.01127930,0.07489976,0.35230759,-0.00495833,0.07000000,0.01150183,0.03292029,0.02784197,-0.02190864,0.01401304,-3.73325920,3.62155819,0.35230896,0.02812228,-0.00732601,-0.24106979,
6454,1.58048654,-0.54850286,11.54070282,6.00000000,0.04995117,-0.04672851,-0.03288432,0.11075933,-0.00029524,0.07000000,0.01150183,0.00154353,-0.00388074,0.00191428,0.01401304,-3.32834291,3.32310677,0.11075701,0.03078240,-0.00732601,-0.23308504,
6462,1.13995337,0.02131713,13.53267860,6.00000000,-0.01127930,0.00161133,-0.08271282,-0.16223148,0.04273845,0.07000000,0.01150183,-0.01028737,-0.04253037,0.03717607,0.01401304,-3.10494065,3.13984728,-0.16223350,0.03079354,-0.00732601,-0.23813547,
6470,1.29557645,-0.19894943,13.05144405,6.00000000,-0.04028320,0.05639648,-0.03261786,-0.37073833,0.05512896,0.07000000,0.01150183,-0.03600632,-0.07859613,0.06669461,0.01401304,-3.17649913,3.29867220,-0.37073505,0.02951531,-0.00732601,-0.26160330,
6478,-0.15770395,0.12187360,11.01637268,6.00000000,-0.11440430,0.11118164,-0.06272810,-0.39272150,0.04753478,0.07000000,0.01150183,0.03394895,-0.07992518,0.08445290,0.01401304,-3.55698109,3.44178915,-0.39271772,0.02649436,-0.00732601,-0.28217739,
6486,-1.86955822,-0.14867119,9.11058807,6.00000000,-0.12407227,0.15952149,-0.01609718,-0.16875982,0.01209527,0.07000000,0.01150183,0.04423622,-0.05343353,0.06083853,0.01401304,-3.90604687,3.75594854,-0.16876164,0.02345906,-0.00732601,-0.28998253,
6494,-1.33325696,-0.08163355,6.68047380,6.00000000,-0.07089844,0.10957031,0.02014171,0.13607326,0.02115499,0.07000000,0.01150183,-0.02417468,-0.02188287,0.01378308,0.01401304,-4.07883453,4.16086483,0.13606973,0.02233028,-0.00732601,-0.28882402,
6502,-1.64689744,-0.32344791,6.37162161,6.00000000,-0.03383789,0.02900391,-0.00570516,0.38348368,-0.03520183,0.07000000,0.01150183,0.07715580,0.02861799,-0.01222939,0.01401304,-4.16784620,3.90604687,0.38348469,0.02381161,-0.00732601,-0.26487604,
6510,0.00510176,-0.34499574,7.71476889,6.00000000,0.01450195,-0.00322266,0.06210955,0.42891553,-0.01628298,0.07000000,0.01150183,0.04063570,0.03649877,-0.02859377,0.01401304,-3.91826415,3.78038335,0.42891997,0.02688447,-0.00732601,-0.24797924,
6517,0.44563487,-0.75919265,10.35317898,5.00000000,0.05478515,-0.04189453,0.06091047,0.35617128,0.00503401,0.07000000,0.01150183,0.01903166,0.03022284,-0.02753714,0.01401304,-3.57967043,3.51509309,0.35617116,0.02987436,-0.00732601,-0.23136291,
6526,0.98911864,-0.52934927,12.73540974,6.00000000,0.04189453,-0.04995117,-0.08844175,0.00657250,0.01302789,0.07000000,0.01150183,0.04680819,-0.01083942,0.01934655,0.01401304,-3.24805784,3.08923268,0.00656909,0.03167211,-0.00732601,-0.22925059,
6534,1.50387204,-0.07923934,13.84871387,6.00000000,-0.01611328,0.03061523,-0.02142643,-0.30292365,0.07524688,0.07000000,0.01150183,-0.00977332,-0.06198355,0.05643997,0.01401304,-2.99149418,3.02465558,-0.30292335,0.03041630,-0.00732601,-0.24004734,
6542,0.75209266,-0.22049724,12.97243595,6.00000000,-0.07412110,0.08056641,-0.07018908,-0.45267561,0.08510599,0.07000000,0.01150183,-0.00102895,-0.08733898,0.08349459,0.01401304,-3.12413931,3.12763000,-0.45266917,0.02746734,-0.00732601,-0.25944519,
6550,-0.73470658,-0.01459589,10.51359081,6.00000000,-0.13857421,0.16274413,-0.10363012,-0.38579351,0.03621012,0.07000000,0.01150183,0.07355583,-0.07722116,0.09108602,0.01401304,-3.64075685,3.39117479,-0.38579160,0.02398971,-0.00732601,-0.28287739,
6558,-1.75463653,-0.29232329,7.81293106,6.00000000,-0.11118164,0.15307617,0.05544800,-0.08429120,0.03714275,0.07000000,0.01150183,-0.04012049,-0.05490246,0.04254542,0.01401304,-3.87986708,4.01600266,-0.08429760,0.02130229,-0.00732601,-0.29233682,
6566,-2.62133741,-0.42161018,7.06593990,6.00000000,-0.07573242,0.08056641,0.01547861,0.25891247,-0.03053873,0.07000000,0.01150183,0.05555215,0.00489004,0.00609516,0.01401304,-4.16959143,3.98109603,0.25890878,0.02143550,-0.00732601,-0.27669156,
6574,-0.88793546,-0.38090876,6.88158655,6.00000000,-0.01450195,0.03222656,0.09595029,0.38468277,-0.03959846,0.07000000,0.01150183,0.06172492,0.02662668,-0.01388001,0.01401304,-4.16784620,3.95840669,0.38468751,0.02377727,-0.00732601,-0.26668683,
6582,-0.11221413,-0.71130860,8.49527836,6.00000000,0.01450195,-0.00966797,0.08102839,0.43677619,-0.02534271,0.07000000,0.01150183,-0.00154318,0.03418405,-0.03621974,0.01401304,-3.70882463,3.71406078,0.43677756,0.02681955,-0.00732601,-0.23741308,
6589,1.55415022,-1.28831124,10.60217571,5.00000000,0.05478515,-0.05478515,-0.06272810,0.22187421,0.01009680,0.07000000,0.01150183,0.07304114,0.01902241,-0.00386955,0.01401304,-3.55523562,3.30739903,0.22187333,0.03037954,-0.00732601,-0.23268473,
6598,1.13995337,0.30622715,12.63724709,6.00000000,0.02094727,-0.00161133,-0.07378633,-0.10201097,0.06538777,0.07000000,0.01150183,0.03086220,-0.02840890,0.03290779,0.01401304,-3.16602707,3.06130743,-0.10201339,0.03116706,-0.00732601,-0.23313688,
6606,1.59245753,-0.54371446,13.44888210,6.00000000,-0.02578125,0.03867187,-0.07272048,-0.31957757,0.10642300,0.07000000,0.01150183,0.01183059,-0.06327908,0.06279442,0.01401304,-3.11715817,3.07701564,-0.31957391,0.03005910,-0.00732601,-0.24770787,
6614,-0.17685758,0.47621545,12.77132320,6.00000000,-0.08217774,0.11762695,-0.10469597,-0.42323151,0.05619481,0.07000000,0.01150183,0.06275363,-0.07794400,0.08922024,0.01401304,-3.43131733,3.21838713,-0.42322594,0.02737276,-0.00732601,-0.27173567,
6622,-0.60063130,0.47382125,9.83842564,6.00000000,-0.11762695,0.14985351,0.03239898,-0.32410744,0.01249496,0.07000000,0.01150183,0.03137683,-0.07536311,0.07940252,0.01401304,-3.77340174,3.66693687,-0.32410717,0.02422392,-0.00732601,-0.29321015,
6630,-2.61415482,-0.05050892,7.79377747,6.00000000,-0.09829102,0.13857421,0.05771292,0.04920650,-0.03227073,0.07000000,0.01150183,0.03446311,-0.02589586,0.03145693,0.01401304,-4.05789042,3.94095349,0.04920092,0.02257083,-0.00732601,-0.28639099,
6638,-2.21192908,-0.08402774,6.70202160,6.00000000,-0.04350586,0.07250977,0.05451538,0.29475167,-0.06291392,0.07000000,0.01150183,0.02108942,0.00710559,-0.00415353,0.01401304,-4.24464083,4.17308235,0.29475084,0.02380291,-0.00732601,-0.28377306,
6646,-0.40191254,-0.08881615,6.43865919,6.00000000,-0.00322266,0.01611328,0.06117693,0.45756027,-0.05452035,0.07000000,0.01150183,-0.00874428,0.03154404,-0.03524739,0.01401304,-4.06138134,4.09105158,0.45756418,0.02630844,-0.00732601,-0.26235223,
6654,-0.31332707,-0.00023068,9.69477367,6.00000000,0.02900391,-0.05961914,0.05691353,0.41945615,-0.02201193,0.07000000,0.01150183,-0.04012135,0.03028422,-0.04142999,0.01401304,-3.67217255,3.80830836,0.41945750,0.02996932,-0.00732601,-0.24075675,
6661,1.57809222,-0.85017228,11.42099285,5.00000000,0.04672851,-0.06123047,-0.01503133,0.17963988,-0.01388482,0.07000000,0.01150183,0.00874439,0.00791666,-0.00801495,0.01401304,-3.40339208,3.37372160,0.17963792,0.03228906,-0.00732601,-0.23264660,
6670,1.65231252,-0.12472917,13.67633057,6.00000000,0.00000000,-0.01772461,-0.05473425,-0.18514726,0.01475990,0.07000000,0.01150183,-0.04372238,-0.04855515,0.03527450,0.01401304,-3.09795952,3.24631238,-0.18515120,0.03243750,-0.00732601,-0.24340329,
6678,1.07530987,-0.47428262,13.46324730,6.00000000,-0.04672851,0.04672851,-0.05087055,-0.38099721,0.02954856,0.07000000,0.01725275,-0.01285933,-0.07599378,0.06819244,0.01401304,-3.15031934,3.19395256,-0.38099274,0.03066040,-0.00732601,-0.25760186,
6686,-0.54077625,-0.25880447,11.62689400,6.00000000,-0.10957031,0.12246094,-0.03608187,-0.44041833,0.02928210,0.07000000,0.01725275,0.02880516,-0.08736497,0.08922863,0.01401304,-3.59188771,3.49414921,-0.44041473,0.02764188,-0.00732601,-0.28879899,
6694,-1.80012631,-0.43836960,8.69878578,6.00000000,-0.12890625,0.14179687,-0.00530546,-0.19407377,-0.00149432,0.07000000,0.01150183,-0.01903164,-0.06339853,0.05582755,0.01401304,-3.85543227,3.92000961,-0.19407743,0.02511608,-0.00732601,-0.29593050,
6702,-2.88709378,-0.28514069,7.40352249,6.00000000,-0.08862305,0.10151367,0.02134079,0.15499210,-0.01814822,0.07000000,0.01150183,-0.02983378,-0.01841256,0.00903715,0.01401304,-4.10850477,4.20973396,0.15498705,0.02399082,-0.00732601,-0.29029959,
6710,-1.88392341,-0.51019567,6.30937243,6.00000000,-0.03061523,0.03867187,0.01281399,0.41119581,-0.08503031,0.07000000,0.01150183,0.03292014,0.02903317,-0.02299641,0.01401304,-4.23591423,4.12421322,0.41119772,0.02675910,-0.00732601,-0.27324280,
6718,-0.50246900,0.33495754,7.58787584,6.00000000,0.01450195,-0.01127930,0.11806668,0.48194161,-0.08622939,0.07000000,0.01150183,0.01337353,0.04325109,-0.04162960,0.01401304,-3.99505854,3.94968009,0.48194599,0.03021254,-0.00732601,-0.25305572,
6726,1.06573308,-0.72806799,9.82166672,6.00000000,0.05639648,-0.07734375,0.04745412,0.35830301,-0.05691852,0.07000000,0.01725275,0.02520446,0.03366913,-0.03083673,0.01401304,-3.67566347,3.59014225,0.35830343,0.03353817,-0.00732601,-0.23740847,
6733,1.11601138,-0.23007405,12.82638931,5.00000000,0.04833984,-0.05156250,-0.02089352,0.03721568,-0.00815588,0.07000000,0.01725275,-0.02880485,-0.01270202,0.00210969,0.01401304,-3.21489644,3.31263494,0.03721243,0.03563162,-0.00732601,-0.23392512,
6742,1.92764568,-0.17261320,13.80082989,6.00000000,-0.01611328,-0.00322266,-0.08058112,-0.28173992,0.03407842,0.07000000,0.01725275,-0.06326842,-0.06343794,0.04399003,0.01401304,-3.01592898,3.23060465,-0.28174016,0.03383770,-0.00732601,-0.24686299,
6750,0.54379714,0.00695192,13.75773430,6.00000000,-0.07573242,0.06284180,-0.06779090,-0.46826366,0.04007383,0.07000000,0.01150183,-0.04989419,-0.09282221,0.07744492,0.01401304,-3.15555525,3.32485223,-0.46825588,0.03095298,-0.00732601,-0.26886332,
6758,-0.87596446,0.15778662,11.37550354,6.00000000,-0.14663085,0.14340821,-0.02369136,-0.44161740,-0.00256017,0.07000000,0.01150183,-0.01954629,-0.09394301,0.08573976,0.01401304,-3.60061431,3.66693687,-0.44161370,0.02735866,-0.00732601,-0.29546574,
6766,-1.86476982,-0.47907102,8.21755123,6.00000000,-0.13374023,0.13857421,0.05678030,-0.12585935,-0.00868880,0.07000000,0.01725275,-0.02674704,-0.05733401,0.04672537,0.01401304,-4.00029469,4.09105158,-0.12586513,0.02474730,-0.00732601,-0.30243641,
6774,-3.06905317,0.15539242,6.88398075,6.00000000,-0.07412110,0.08701172,0.04572210,0.23586348,-0.05278835,0.07000000,0.01725275,0.01234485,-0.00215137,0.00156365,0.01401304,-4.24114990,4.19926214,0.23585935,0.02482311,-0.00732601,-0.28886515,
6782,-1.39071786,-0.44794640,6.12262440,6.00000000,-0.01772461,0.01772461,0.06397479,0.41372719,-0.06624470,0.07000000,0.01725275,0.03446326,0.02922036,-0.02416477,0.01401304,-4.27082062,4.15388346,0.41373116,0.02738024,-0.00732601,-0.27539998,
6790,-0.51922840,-0.56765652,8.09544659,6.00000000,0.01933594,-0.02255859,0.04279102,0.50285888,-0.04466124,0.07000000,0.01725275,-0.03343407,0.04162597,-0.05236010,0.01401304,-3.84496045,3.95840669,0.50286084,0.03086726,-0.00732601,-0.24641460,
6798,0.82152456,-0.79749984,11.19354343,6.00000000,0.06284180,-0.09829102,-0.00797009,0.27756485,-0.01681591,0.07000000,0.01725275,0.00154313,0.02167751,-0.02458881,0.01401304,-3.57094383,3.56570768,0.27756268,0.03513140,-0.00732601,-0.23858032,
6805,1.56851542,0.14820983,13.25973988,5.00000000,0.02416992,-0.03706055,-0.02342490,-0.01687620,0.00583340,0.07000000,0.01725275,-0.00102884,-0.01594017,0.01179232,0.01401304,-3.16777253,3.17126322,-0.01688004,0.03584386,-0.00732601,-0.23101380,
6814,1.25966346,-0.24204506,14.61006927,6.00000000,-0.01450195,0.00483398,-0.04207728,-0.35674912,0.03967414,0.07000000,0.01725275,-0.04475122,-0.07107968,0.05585129,0.01401304,-3.04734492,3.19918847,-0.35674700,0.03478727,-0.00732601,-0.25230101,
6822,0.33789578,0.56240672,13.38184452,6.00000000,-0.08862305,0.09184571,-0.06779090,-0.49397725,0.04087321,0.07000000,0.01725275,-0.03497749,-0.09493257,0.08167195,0.01401304,-3.20791531,3.32659769,-0.49397010,0.03171911,-0.00732601,-0.27268893,
6830,-1.14650929,0.10511419,10.69076157,6.00000000,-0.14018555,0.15307617,-0.00250760,-0.45081037,0.02088853,0.07000000,0.01725275,-0.01851747,-0.09613033,0.08680312,0.01401304,-3.73675013,3.79958177,-0.45080638,0.02849552,-0.00732601,-0.30587551,
6838,-2.06827688,0.27749673,7.42985868,6.00000000,-0.12729493,0.14018555,-0.00117528,-0.03179811,-0.00096139,0.07000000,0.01725275,-0.03343436,-0.04511831,0.03313687,0.01401304,-4.05614519,4.16959143,-0.03180543,0.02486707,-0.00732601,-0.30048889,
6846,-2.55190563,-0.27795810,6.93665314,6.00000000,-0.07089844,0.07089844,0.08156131,0.24958628,-0.01042081,0.07000000,0.01725275,0.00000005,-0.00219538,-0.00127675,0.01401304,-4.28303766,4.28303766,0.24958438,0.02495999,-0.00732601,-0.29242530,
6854,-0.94300210,-0.24204506,5.58153486,6.00000000,-0.01611328,0.01611328,0.06184309,0.47394770,-0.05718498,0.07000000,0.01725275,0.03291983,0.03799726,-0.03317397,0.01401304,-4.24813128,4.13643026,0.47395295,0.02736652,-0.00732601,-0.26957873,
6862,-0.06672429,-0.63948256,8.25107002,6.00000000,0.03061523,-0.03867187,0.07503298,0.42158785,-0.04252954,0.07000000,0.01725275,-0.00102878,0.03351668,-0.03677510,0.01401304,-3.93222690,3.93571734,0.42159352,0.03107601,-0.00732601,-0.25464743,
6870,1.28360546,-0.48146522,10.61175251,6.00000000,0.05156250,-0.07250977,-0.03434987,0.24332443,-0.01681591,0.07000000,0.01725275,0.02726191,0.01817289,-0.01510771,0.01401304,-3.57268882,3.48018646,0.24332133,0.03328142,-0.00732601,-0.23802589,
6877,0.82631296,-0.25401607,13.79604149,5.00000000,0.01772461,-0.01450195,-0.07018908,-0.05644588,0.01995591,0.07000000,0.01725275,-0.03343455,-0.02704574,0.01515181,0.01401304,-3.19744325,3.31088948,-0.05644880,0.03535077,-0.00732601,-0.24001965,
6886,1.63076472,-0.17740162,13.87744427,6.00000000,-0.02416992,0.00966797,-0.06832384,-0.33596504,0.06592069,0.07000000,0.01725275,-0.04629439,-0.07177207,0.05620220,0.01401304,-3.18871641,3.34579611,-0.33596304,0.03312215,-0.00732601,-0.26123336,
6894,-0.04517648,-0.16303641,12.49598980,6.00000000,-0.09184571,0.09345703,-0.05566686,-0.45334175,0.03221318,0.07000000,0.01150183,0.02520449,-0.08534630,0.08771995,0.01401304,-3.50462127,3.41909981,-0.45333558,0.03006393,-0.00732601,-0.28385165,
6902,-1.24227738,-0.23965086,9.89109802,6.00000000,-0.13212891,0.15629883,0.00148933,-0.35928047,0.00823156,0.07000000,0.01150183,-0.03086304,-0.08685052,0.07614268,0.01401304,-3.81703496,3.92175484,-0.35928127,0.02665451,-0.00732601,-0.30657899,
6910,-1.84322190,-0.45991740,7.56153965,6.00000000,-0.11118164,0.12890625,0.02640358,0.02016208,0.00010446,0.07000000,0.01150183,-0.00977327,-0.03471897,0.02979626,0.01401304,-4.15737438,4.19053555,0.02015609,0.02494845,-0.00732601,-0.30115041,
6918,-2.17122769,0.21285327,6.20163345,6.00000000,-0.05317383,0.05478515,0.04505596,0.29235354,-0.05678529,0.07000000,0.01150183,-0.01234487,0.00285487,-0.00778433,0.01401304,-4.35634184,4.39822960,0.29235262,0.02560315,-0.00732601,-0.29615766,
6926,-1.26621938,-0.34260154,7.04199791,6.00000000,-0.01450195,0.00483398,0.08848934,0.45702735,-0.04119723,0.07000000,0.01150183,0.00925884,0.03483153,-0.03425980,0.01401304,-4.20275307,4.17133713,0.45703113,0.02857539,-0.00732601,-0.27042595,
6934,0.46478850,-0.59159851,8.90708160,6.00000000,0.02739258,-0.03706055,0.03786147,0.41572568,-0.02054639,0.07000000,0.01150183,0.02520434,0.03758256,-0.03329080,0.01401304,-3.96189737,3.87637639,0.41572857,0.03194261,-0.00732601,-0.25399706,
6942,1.42246914,-0.35696673,11.30367756,6.00000000,0.05317383,-0.05800781,-0.03208493,0.16311923,0.01649190,0.07000000,0.01150183,0.00925875,0.00592829,-0.00592086,0.01401304,-3.56047177,3.52905560,0.16311669,0.03423166,-0.00732601,-0.24516957,
6949,1.09685779,-0.06247993,13.45606422,5.00000000,0.00966797,-0.00805664,-0.09337131,-0.10973839,0.04806771,0.07000000,0.01150183,0.01234492,-0.02916748,0.02932163,0.01401304,-3.29518175,3.25329351,-0.10974082,0.03513278,-0.00732601,-0.24533845,
6958,1.87497330,0.23440108,13.48958302,6.00000000,-0.03383789,0.04189453,-0.05366839,-0.38645968,0.07071701,0.07000000,0.01150183,-0.00154323,-0.07306734,0.06931994,0.01401304,-3.33357882,3.33881497,-0.38645649,0.03390035,-0.00732601,-0.26989236,
6966,0.08411042,-0.05050892,11.59576988,6.00000000,-0.09345703,0.11118164,-0.04314313,-0.44121766,0.04260522,0.07000000,0.01150183,0.01697456,-0.08463894,0.08510298,0.01401304,-3.56570768,3.50811172,-0.44121322,0.03077516,-0.00732601,-0.28841388,
6974,-0.97652096,-0.29471749,9.43859386,6.00000000,-0.14018555,0.15952149,-0.06352752,-0.31611356,0.00263585,0.07000000,0.01150183,0.03292014,-0.07260516,0.07706217,0.01401304,-3.96713352,3.85543227,-0.31611630,0.02748838,-0.00732601,-0.30648643,
6982,-1.13932669,0.14342141,6.51766777,6.00000000,-0.10473633,0.13212891,0.09022135,0.02922181,0.01356081,0.07000000,0.01150183,-0.06326817,-0.04105950,0.02353091,0.01401304,-4.25685787,4.47153378,0.02921361,0.02573536,-0.00732601,-0.31428632,
6990,-2.59739542,-0.11275817,6.74032879,6.00000000,-0.05156250,0.04833984,0.01427954,0.36136729,-0.05798436,0.07000000,0.01150183,0.05709585,0.02153766,-0.00990553,0.01401304,-4.55356407,4.35983229,0.36136577,0.02684354,-0.00732601,-0.29691160,
6998,-0.31811547,0.13623881,6.46499538,6.00000000,0.01289062,-0.00644531,0.09315243,0.45263070,-0.03759998,0.07000000,0.01150183,0.00822988,0.03449631,-0.03416420,0.01401304,-4.27954721,4.25162220,0.45263755,0.02977538,-0.00732601,-0.27643853,
7006,0.05777419,-0.04811472,9.41465187,6.00000000,0.03867187,-0.03544922,0.04252455,0.43957406,0.01116265,0.07000000,0.01150183,-0.04012090,0.03494063,-0.04600580,0.01401304,-3.83797884,3.97411466,0.43957558,0.03325763,-0.00732601,-0.25131923,
7014,1.72174442,-0.81665349,11.69153786,6.00000000,0.04995117,-0.07250977,-0.11975109,0.11795381,0.02008914,0.07000000,0.01150183,0.03652063,0.00224318,0.00411405,0.01401304,-3.74896717,3.62504888,0.11794960,0.03540037,-0.00732601,-0.25875670,
7021,1.07291567,0.61029077,13.56380367,5.00000000,0.00805664,-0.01289062,-0.06219519,-0.12958986,0.07058378,0.07000000,0.01150183,-0.01285934,-0.03396334,0.02813504,0.01401304,-3.26202035,3.30565357,-0.12959316,0.03618861,-0.00732601,-0.24747370,
7030,0.78082311,-0.43118700,14.52866650,6.00000000,-0.05317383,0.05639648,-0.08644327,-0.41230652,0.09336632,0.07000000,0.01150183,0.03652089,-0.07218249,0.07737769,0.01401304,-3.48891306,3.36499476,-0.41230214,0.03497098,-0.00732601,-0.27834600,
7038,0.32113639,0.33974597,10.75540447,6.00000000,-0.08056641,0.11440430,-0.06139580,-0.43921924,0.06219021,0.07000000,0.01150183,0.07149803,-0.07883292,0.09217674,0.01401304,-3.75943899,3.51683855,-0.43921617,0.03099834,-0.00732601,-0.29560825,
7046,-2.29093766,-0.47188842,9.90067482,6.00000000,-0.11762695,0.16757813,-0.08018141,-0.28733560,0.05779358,0.07000000,0.01150183,0.01697505,-0.07075913,0.07151554,0.01401304,-3.99854946,3.94095349,-0.28733668,0.02769673,-0.00732601,-0.30863887,
7054,-1.40987146,0.05962436,6.16811466,6.00000000,-0.11118164,0.13535157,0.04265779,0.09610389,0.01036326,0.07000000,0.01150183,-0.00925847,-0.02473358,0.02010870,0.01401304,-4.36157751,4.39299345,0.09609625,0.02608282,-0.00732601,-0.31038621,
7062,-1.78336692,-0.11275817,6.00770283,6.00000000,-0.05156250,0.04995117,0.04918612,0.34324786,-0.03466890,0.07000000,0.01150183,0.04577958,0.01782690,-0.00889988,0.01401304,-4.57101727,4.41568279,0.34324929,0.02745590,-0.00732601,-0.30088231,
7070,-0.59105444,-0.24922766,6.74272299,6.00000000,0.01127930,-0.01611328,0.07050312,0.46848524,-0.04985726,0.07000000,0.01150183,0.07098354,0.04450551,-0.02931534,0.01401304,-4.40695620,4.16610098,0.46849060,0.03025607,-0.00732601,-0.27680773,
7078,0.40014502,-0.18697841,9.97489548,6.00000000,0.05639648,-0.04028320,0.03413099,0.39520806,0.01595897,0.07000000,0.01150183,-0.03754879,0.02963211,-0.04018240,0.01401304,-3.80307245,3.93048143,0.39520741,0.03359126,-0.00732601,-0.25168863,
7086,2.14312387,-0.93157512,11.69632626,6.00000000,0.04028320,-0.05317383,-0.11522124,0.07758475,0.04553631,0.07000000,0.01150183,0.02314681,-0.00361783,0.00673842,0.01401304,-3.65821028,3.57967043,0.07758209,0.03610824,-0.00732601,-0.25674847,
7093,1.82948351,0.69887620,12.90300369,5.00000000,0.00322266,-0.01772461,-0.06112934,-0.23057911,0.08670477,0.07000000,0.01150183,0.01543138,-0.04731993,0.04793844,0.01401304,-3.40164661,3.34928679,-0.23057877,0.03531123,-0.00732601,-0.26143825,
7102,0.12481184,-1.00818956,14.47599411,6.00000000,-0.05478515,0.08056641,-0.06659182,-0.41803545,0.09616418,0.07000000,0.01150183,0.02931903,-0.07659143,0.08005010,0.01401304,-3.53254628,3.43306255,-0.41803002,0.03310537,-0.00732601,-0.28281048,
7110,-0.66048634,0.11947940,11.33240795,6.00000000,-0.10957031,0.13212891,-0.13187513,-0.41763577,0.06472161,0.07000000,0.01150183,0.09464499,-0.07747760,0.09631680,0.01401304,-4.08930635,3.76816583,-0.41763043,0.02997659,-0.00732601,-0.31511179,
7118,-1.87434661,0.30622715,9.25663471,6.00000000,-0.11279297,0.15468749,-0.03421662,-0.16409674,0.06059144,0.07000000,0.01150183,0.03960709,-0.05411557,0.06046881,0.01401304,-4.27082062,4.13643026,-0.16409820,0.02661651,-0.00732601,-0.31665996,
7126,-2.42022467,-0.34260154,7.44901228,6.00000000,-0.07412110,0.11440430,0.00681859,0.19749287,0.01755775,0.07000000,0.01150183,0.04115021,-0.00577607,0.01326317,0.01401304,-4.49771357,4.35808706,0.19748974,0.02506872,-0.00732601,-0.30670479,
7134,-1.61577284,0.20806487,6.95101833,6.00000000,-0.02094727,0.05317383,0.04518918,0.36456487,-0.02467655,0.07000000,0.01150183,0.08127154,0.02435368,-0.00700720,0.01401304,-4.63384914,4.35808706,0.36456811,0.02679892,-0.00732601,-0.29952651,
7142,-0.32769227,-0.19655523,7.42507029,6.00000000,0.01289062,-0.00161133,0.05158429,0.45356330,-0.03626767,0.07000000,0.01150183,-0.01594529,0.03125259,-0.03662795,0.01401304,-4.28129292,4.33539772,0.45356843,0.02975276,-0.00732601,-0.27947137,
7150,0.29480016,-1.03213167,10.66921329,6.00000000,0.03222656,-0.06123047,-0.02222583,0.38921264,0.02914887,0.07000000,0.01150183,0.02469009,0.03455117,-0.03042678,0.01401304,-3.98633194,3.90255642,0.38921118,0.03299539,-0.00732601,-0.25775433,
7158,1.41528654,0.05962436,12.50077820,6.00000000,0.05156250,-0.04350586,-0.08857497,0.05879914,0.03101410,0.07000000,0.01150183,0.05658146,-0.00402414,0.01498489,0.01401304,-3.75245786,3.56047177,0.05879378,0.03503572,-0.00732601,-0.26083118,
7165,1.45359373,-0.04093211,14.11207581,5.00000000,0.00000000,0.01289062,-0.06339429,-0.21738923,0.08483953,0.07000000,0.01150183,-0.02006035,-0.05093176,0.04319435,0.01401304,-3.43655324,3.50462127,-0.21738878,0.03510721,-0.00732601,-0.26737827,
7174,0.90771580,-0.16064219,13.32198906,6.00000000,-0.06928711,0.06123047,-0.09283838,-0.41883487,0.06485485,0.07000000,0.01150183,0.06069627,-0.07548034,0.08633668,0.01401304,-3.74547672,3.53952789,-0.41882950,0.03254331,-0.00732601,-0.29444659,
7182,-0.78498483,-0.31387112,10.66203117,6.00000000,-0.09667969,0.15468749,-0.06046320,-0.39165568,0.06738623,0.07000000,0.01150183,0.06583998,-0.07827134,0.09035772,0.01401304,-4.08232498,3.85892320,-0.39165512,0.02937179,-0.00732601,-0.31626529,
7190,-2.41304207,0.35889956,8.76821709,6.00000000,-0.11118164,0.16596679,0.01427954,-0.10294358,0.00303554,0.07000000,0.01150183,-0.03394821,-0.05331458,0.04244876,0.01401304,-4.22893286,4.34412432,-0.10294771,0.02803547,-0.00732601,-0.31823701,
7198,-1.74266553,-0.53174347,6.42429399,6.00000000,-0.09506836,0.07573242,-0.00970209,0.21574554,-0.03600121,0.07000000,0.01725275,0.01080199,-0.00558194,0.00461560,0.01401304,-4.55007362,4.51342154,0.21574163,0.02777788,-0.00732601,-0.31291041,
7206,-1.18721068,-0.21810304,5.67012072,6.00000000,-0.03222656,0.00966797,0.09368536,0.41439334,-0.06731055,0.07000000,0.01725275,0.05349510,0.03115635,-0.02157867,0.01401304,-4.59370661,4.41219234,0.41439790,0.03004309,-0.00732601,-0.29642007,
7214,-0.33487487,-0.69933760,7.75547028,6.00000000,0.02578125,-0.02094727,0.03772824,0.48420653,-0.03866583,0.07000000,0.01725275,0.01131643,0.04386429,-0.04404689,0.01401304,-4.19402647,4.15562916,0.48420984,0.03340826,-0.00732601,-0.26756978,
7222,0.98193604,-0.56526226,10.45852375,6.00000000,0.06123047,-0.06445312,-0.00224113,0.32512841,-0.00202724,0.07000000,0.01725275,-0.02674750,0.02387387,-0.03334541,0.01401304,-3.80830836,3.89906549,0.32512870,0.03688227,-0.00732601,-0.25582051,
7230,1.93722248,-0.51977247,12.73062134,6.00000000,0.02094727,-0.06606445,-0.11255661,-0.06297421,0.03581043,0.07000000,0.01150183,0.05092314,-0.01844578,0.02783614,0.01401304,-3.65122867,3.47844124,-0.06297883,0.03760244,-0.00732601,-0.26301646,
7237,1.51823723,0.02371133,14.45205212,5.00000000,-0.00644531,0.04028320,-0.04674038,-0.29746118,0.07338165,0.07000000,0.01150183,-0.00977307,-0.05823171,0.05276657,0.01401304,-3.31438017,3.34754157,-0.29745829,0.03644054,-0.00732601,-0.26306036,
7246,0.77364051,0.02371133,13.31720066,6.00000000,-0.07573242,0.09184571,-0.03514925,-0.50836629,0.06978440,0.07000000,0.01150183,-0.04423635,-0.10043803,0.08632924,0.01401304,-3.60410500,3.75420332,-0.50835872,0.03331928,-0.00732601,-0.30359474,
7254,-0.89990646,-0.09599875,9.79533005,6.00000000,-0.14985351,0.13212891,-0.10842644,-0.37913194,-0.01135343,0.07000000,0.01150183,0.07869945,-0.07459299,0.08974389,0.01401304,-4.07534361,3.80830836,-0.37913191,0.02937752,-0.00732601,-0.31326959,
7262,-1.97969151,0.11469100,7.56153965,6.00000000,-0.11118164,0.15791015,0.09528413,-0.04898493,0.01369405,0.07000000,0.01150183,-0.03549137,-0.04850350,0.03736585,0.01401304,-4.27256584,4.39299345,-0.04899162,0.02596908,-0.00732601,-0.31767833,
7270,-2.17362189,-0.80707663,6.59907055,6.00000000,-0.06284180,0.09345703,0.04745412,0.27050358,-0.05518651,0.07000000,0.01725275,0.05709588,0.00777164,0.00230756,0.01401304,-4.58148909,4.38775778,0.27050123,0.02722725,-0.00732601,-0.30552387,
7278,-0.52880520,-0.12233497,5.40196991,6.00000000,-0.00322266,0.01127930,0.04279102,0.42105490,-0.09475619,0.07000000,0.01725275,0.04063594,0.03063993,-0.02408826,0.01401304,-4.52912951,4.39124870,0.42106098,0.02962948,-0.00732601,-0.29283679,
7286,-1.04595280,-0.46231163,8.40908718,6.00000000,0.02255859,-0.04189453,0.03146636,0.48394004,-0.02600887,0.07000000,0.01150183,-0.02983364,0.04023486,-0.04877769,0.01401304,-4.05614519,4.15737438,0.48394269,0.03323052,-0.00732601,-0.26265422,
7294,1.48232424,-0.86453748,10.82244301,6.00000000,0.05478515,-0.07895508,-0.06632536,0.28022948,-0.01042081,0.07000000,0.01150183,0.05195181,0.02832190,-0.01795506,0.01401304,-3.80132723,3.62504888,0.28022602,0.03630202,-0.00732601,-0.24888974,
7302,2.05693269,0.45945606,12.86469650,6.00000000,0.04028320,-0.02416992,-0.01276640,-0.08509060,0.04566954,0.07000000,0.01150183,-0.05400906,-0.03115018,0.01572910,0.01401304,-3.31612563,3.49938512,-0.08509317,0.03857364,-0.00732601,-0.25323153,
7309,1.34346056,-0.29950589,14.47360039,5.00000000,-0.04189453,0.00644531,-0.08724267,-0.35408446,0.02941533,0.07000000,0.01150183,-0.00308633,-0.06420165,0.06020124,0.01401304,-3.27074695,3.28121901,-0.35408121,0.03717711,-0.00732601,-0.26317969,
7318,0.91729259,0.33974597,13.31959534,6.00000000,-0.07734375,0.10473633,-0.00717070,-0.54620397,0.02981503,0.07000000,0.01150183,-0.01080170,-0.10002439,0.09373625,0.01401304,-3.54476380,3.58141565,-0.54619658,0.03386397,-0.00732601,-0.29792324,
7326,-1.49845695,-0.10796976,10.78174114,6.00000000,-0.13857421,0.15952149,-0.01329932,-0.40697724,-0.00042847,0.07000000,0.01725275,-0.04012093,-0.09205242,0.07773951,0.01401304,-3.85543227,3.99156785,-0.40697497,0.03035687,-0.00732601,-0.31395945,
7334,-2.02278709,0.25355470,7.72434568,6.00000000,-0.13857421,0.13051757,-0.04873884,-0.05111663,-0.04412832,0.07000000,0.01725275,-0.01285932,-0.04470026,0.03756616,0.01401304,-4.30398226,4.34761524,-0.05112362,0.02779786,-0.00732601,-0.31732681,
7342,-2.58063602,-0.45991740,6.54639816,6.00000000,-0.07089844,0.07250977,0.06091047,0.27170268,-0.04492770,0.07000000,0.01150183,0.00720131,0.00423915,-0.00456285,0.01401304,-4.51342154,4.48898697,0.27170038,0.02875623,-0.00732601,-0.30663902,
7350,-0.91906011,-0.45752320,5.48337269,6.00000000,0.00644531,0.01289062,0.05438214,0.45462918,-0.07570413,0.07000000,0.01150183,0.05040902,0.04010869,-0.02979597,0.01401304,-4.47153378,4.30049133,0.45463619,0.03133465,-0.00732601,-0.28502476,
7358,-0.27501985,-0.65384775,8.42584705,6.00000000,0.04672851,-0.02416992,0.03186606,0.47408095,-0.05971637,0.07000000,0.01725275,-0.05760994,0.03810513,-0.05456344,0.01401304,-3.89382958,4.08930635,0.47408640,0.03495912,-0.00732601,-0.25501746,
7366,1.66188931,-0.87172008,11.12650585,6.00000000,0.03867187,-0.09345703,-0.02529015,0.19602734,-0.05398742,0.07000000,0.01725275,0.00565828,0.01155753,-0.01365486,0.01401304,-3.64948368,3.63028479,0.19602412,0.03698164,-0.00732601,-0.24967994,
7374,2.13354707,-0.23246825,12.87427330,6.00000000,0.02255859,-0.02416992,-0.04474191,-0.13944894,-0.00256017,0.07000000,0.01725275,0.00051451,-0.03222246,0.02819703,0.01401304,-3.28470969,3.28296447,-0.13945016,0.03822765,-0.00732601,-0.24818832,
7381,1.16868377,0.00216352,14.77766418,5.00000000,-0.03706055,0.03706055,-0.04647391,-0.39138919,0.03567720,0.07000000,0.01725275,-0.09310137,-0.08172867,0.05501936,0.01401304,-3.06654334,3.38244820,-0.39138445,0.03592624,-0.00732601,-0.26215121,
7390,0.82870716,0.12426780,12.23502159,6.00000000,-0.10634766,0.08862305,-0.09497007,-0.54647040,0.03980736,0.07000000,0.01725275,0.01491674,-0.09959714,0.09800571,0.01401304,-3.61457705,3.56396222,-0.54646385,0.03243666,-0.00732601,-0.29984075,
7398,-1.28297877,0.16018084,9.52239132,6.00000000,-0.13374023,0.17885742,0.02800236,-0.36700791,0.03794213,0.07000000,0.01725275,-0.03343438,-0.08763561,0.07496786,0.01401304,-3.88684821,4.00029469,-0.36701140,0.02861388,-0.00732601,-0.31251729,
7406,-2.25502467,-0.20613202,7.63815451,6.00000000,-0.13212891,0.13374023,-0.00823655,0.00630603,-0.00908850,0.07000000,0.01725275,-0.01234486,-0.03673559,0.02984663,0.01401304,-4.32841635,4.37030411,0.00629988,0.02765627,-0.00732601,-0.31487188,
7414,-1.16087449,-0.38330296,5.16494417,6.00000000,-0.07734375,0.05317383,0.04798704,0.26877156,-0.05372096,0.07000000,0.01725275,0.05040928,0.00680244,0.00170371,0.01401304,-4.65304804,4.48200512,0.26877150,0.02815664,-0.00732601,-0.31165978,
7422,-0.98370355,-0.44076380,5.77546549,6.00000000,-0.00805664,0.00644531,0.06690588,0.48540562,-0.04412832,0.07000000,0.01725275,0.05092320,0.04302353,-0.03389233,0.01401304,-4.45058966,4.27780199,0.48541087,0.03026900,-0.00732601,-0.28121188,
7430,0.33071318,-0.90523893,9.07706928,6.00000000,0.05156250,-0.04028320,0.00455366,0.43557709,-0.02933965,0.07000000,0.01725275,0.03549182,0.04236418,-0.03693519,0.01401304,-4.05265427,3.93222690,0.43557945,0.03393200,-0.00732601,-0.25787234,
7438,1.65949512,-0.10796976,11.11214066,6.00000000,0.05478515,-0.05961914,-0.00783684,0.15752351,-0.00082816,0.07000000,0.01725275,-0.03137694,0.00124231,-0.01217285,0.01401304,-3.58665156,3.69311690,0.15752062,0.03666772,-0.00732601,-0.25247124,
7446,1.86300230,-0.76637524,12.87187958,6.00000000,-0.00161133,-0.02739258,-0.08764238,-0.16489613,0.01262819,0.07000000,0.01725275,0.02160377,-0.03523460,0.03612293,0.01401304,-3.40688276,3.33357882,-0.16489734,0.03750290,-0.00732601,-0.25629681,
7453,1.02024329,0.05962436,14.23657417,5.00000000,-0.04189453,0.06123047,-0.01156733,-0.38925752,0.04087321,0.07000000,0.01725275,-0.04063566,-0.07656046,0.06223823,0.01401304,-3.23234963,3.37023091,-0.38925239,0.03552264,-0.00732601,-0.26756430,
7462,0.51985514,-0.52695507,12.23741531,6.00000000,-0.11279297,0.09345703,-0.04247697,-0.48811507,0.01889006,0.07000000,0.01725275,0.00102862,-0.09418524,0.08943772,0.01401304,-3.69137144,3.68788075,-0.48810953,0.03221080,-0.00732601,-0.30288577,
7470,-1.20157588,0.46663865,9.09861755,6.00000000,-0.13051757,0.14340821,-0.01210024,-0.29253164,-0.01361836,0.07000000,0.01725275,0.00617260,-0.07349257,0.07034103,0.01401304,-4.09628773,4.07534361,-0.29253548,0.02888698,-0.00732601,-0.31743041,
7478,-2.74823022,-0.31387112,7.53280926,6.00000000,-0.10473633,0.13696289,0.06117693,0.06546071,-0.00162755,0.07000000,0.01725275,-0.01594591,-0.02736114,0.01976034,0.01401304,-4.28303766,4.33714342,0.06545600,0.02833611,-0.00732601,-0.30773595,
7486,-1.01722240,0.08596057,5.28465414,6.00000000,-0.04350586,0.06123047,0.05797939,0.30114678,-0.07716966,0.07000000,0.01725275,0.02520467,0.00972750,-0.00708888,0.01401304,-4.61116028,4.52563858,0.30114731,0.02924702,-0.00732601,-0.30937576,
7494,-0.98609775,-0.32344791,6.76427078,6.00000000,-0.00483398,-0.00483398,0.03906056,0.46941784,-0.05771790,0.07000000,0.01725275,0.02983393,0.04122465,-0.03708558,0.01401304,-4.32318068,4.22195148,0.46942437,0.03201959,-0.00732601,-0.27572781,
7502,0.06974521,-0.71370280,9.97728920,6.00000000,0.04028320,-0.05317383,0.03985994,0.39027846,-0.02094608,0.07000000,0.01725275,0.00308626,0.03445501,-0.03675874,0.01401304,-3.91826415,3.90779209,0.39027816,0.03534504,-0.00732601,-0.25539923,
7510,2.40409184,-0.87172008,11.84716129,6.00000000,0.05478515,-0.04511719,-0.03941265,0.07012381,0.02501870,0.07000000,0.01725275,0.02571888,-0.00334006,0.00570577,0.01401304,-3.60061431,3.51334786,0.07012087,0.03702125,-0.00732601,-0.25279739,
7518,1.50387204,0.25834310,13.61886978,6.00000000,-0.00805664,-0.00483398,-0.06059641,-0.24003851,0.03740920,0.07000000,0.01725275,-0.01903202,-0.05131322,0.04243179,0.01401304,-3.28296447,3.34754157,-0.24003911,0.03659788,-0.00732601,-0.25775859,
7525,0.61562318,-0.26119867,13.81280041,5.00000000,-0.05800781,0.07089844,-0.04181082,-0.39924985,0.06125760,0.07000000,0.01725275,-0.00565803,-0.07620753,0.07010835,0.01401304,-3.39292002,3.41211867,-0.39924359,0.03448597,-0.00732601,-0.27562782,
7534,0.08171621,0.01892293,11.22466850,6.00000000,-0.10473633,0.13212891,-0.01636364,-0.47758985,0.02608455,0.07000000,0.01725275,0.02108954,-0.09274462,0.09274192,0.01401304,-3.83099771,3.75943899,-0.47758624,0.03110537,-0.00732601,-0.30977839,
7542,-1.61098444,0.32059234,8.67005539,6.00000000,-0.14018555,0.14340821,-0.00050914,-0.18434787,-0.01908084,0.07000000,0.01725275,-0.02263239,-0.06271171,0.05298322,0.01401304,-4.08581591,4.16261005,-0.18435270,0.02792421,-0.00732601,-0.31237096,
7550,-2.26938987,-0.57005072,7.45380068,6.00000000,-0.09829102,0.10151367,0.08182777,0.11955260,-0.02973934,0.07000000,0.01725275,-0.00360072,-0.02103383,0.01644900,0.01401304,-4.44011736,4.45233488,0.11954817,0.02707720,-0.00732601,-0.31368411,
7558,-1.19439328,-0.11036396,5.83771467,6.00000000,-0.02900391,0.04189453,0.07636529,0.37362456,-0.07530443,0.07000000,0.01150183,0.06635430,0.02632084,-0.01245359,0.01401304,-4.58323479,4.35808706,0.37362620,0.02870367,-0.00732601,-0.29703501,
7566,-0.80653262,-0.48864782,7.69800949,6.00000000,0.03061523,0.00161133,0.05291660,0.44730145,-0.04692617,0.07000000,0.01150183,0.00051438,0.03556185,-0.03703745,0.01401304,-4.23067808,4.22893286,0.44730541,0.03187272,-0.00732601,-0.27423128,
7574,0.65393043,-0.45273480,9.91025162,6.00000000,0.04511719,-0.06445312,-0.01236672,0.34577924,0.00676602,0.07000000,0.01725275,-0.03189099,0.02367836,-0.03434331,0.01401304,-3.83448839,3.94269872,0.34577852,0.03492512,-0.00732601,-0.25685409,
7582,1.50147784,-0.75201005,12.36670303,6.00000000,0.03061523,-0.06123047,-0.08244634,0.00270879,0.02115499,0.07000000,0.01725275,0.04629396,-0.00954244,0.01662751,0.01401304,-3.60061431,3.44353461,0.00270560,0.03769134,-0.00732601,-0.25515434,
7590,1.56372702,0.18651704,13.49437141,6.00000000,-0.00483398,0.02578125,0.01987524,-0.26894972,0.06285637,0.07000000,0.01150183,-0.04526488,-0.05797394,0.04419353,0.01401304,-3.24980307,3.40339208,-0.26894870,0.03667679,-0.00732601,-0.26067698,
7597,0.70420867,-0.47667682,14.04024982,5.00000000,-0.07895508,0.06284180,-0.06206196,-0.45800483,0.04420400,0.07000000,0.01150183,0.03909248,-0.07939923,0.08508928,0.01401304,-3.46796918,3.33532429,-0.45799750,0.03390987,-0.00732601,-0.27982417,
7606,0.18945529,0.23679528,10.04432678,6.00000000,-0.10795899,0.14501953,-0.02449075,-0.44694668,0.02408608,0.07000000,0.01150183,0.03909250,-0.08750454,0.09316322,0.01401304,-3.92699075,3.79434562,-0.44694623,0.02997902,-0.00732601,-0.31230199,
7614,-2.46092606,-0.17500740,8.22952175,6.00000000,-0.12084961,0.17241211,0.05331629,-0.11080424,0.01449343,0.07000000,0.01725275,-0.02571869,-0.05334361,0.04304124,0.01401304,-4.11723137,4.20449829,-0.11081043,0.02746053,-0.00732601,-0.30969647,
7622,-1.52958155,0.15539242,6.44105339,6.00000000,-0.08701172,0.08056641,0.03226575,0.16951433,-0.05545297,0.07000000,0.01725275,-0.01131612,-0.01529580,0.00899874,0.01401304,-4.48898697,4.52738380,0.16950989,0.02718258,-0.00732601,-0.31455398,
7630,-0.96694416,-0.24683346,5.91432905,6.00000000,-0.04350586,0.01450195,0.09501767,0.39427543,-0.06384654,0.07000000,0.01725275,0.05658127,0.02784336,-0.01759162,0.01401304,-4.57625341,4.38426685,0.39427838,0.02912644,-0.00732601,-0.29623356,
7638,-0.80413842,-1.19014895,8.50246143,6.00000000,0.02094727,-0.01289062,0.05944493,0.43317893,-0.03320336,0.07000000,0.01725275,0.03086267,0.03753468,-0.03322542,0.01401304,-4.24114990,4.13643026,0.43318194,0.03244708,-0.00732601,-0.27228162,
7646,1.26205766,-0.41682178,10.74822235,6.00000000,0.06284180,-0.04189453,0.01534539,0.30048063,0.01316112,0.07000000,0.01725275,-0.06635397,0.01366943,-0.03256845,0.01401304,-3.73849511,3.96364284,0.30048025,0.03510756,-0.00732601,-0.25741777,
7654,1.62597632,-0.45512900,12.54147911,6.00000000,0.01772461,-0.05478515,-0.12641266,-0.05671234,0.01995591,0.07000000,0.01725275,0.02108940,-0.02336032,0.02434290,0.01401304,-3.58665156,3.51509309,-0.05671641,0.03600372,-0.00732601,-0.26155019,
7662,1.47993004,-0.01220169,13.72182083,6.00000000,-0.02900391,0.03544922,-0.02555662,-0.27774298,0.04940002,0.07000000,0.01725275,-0.00823033,-0.05787610,0.05144396,0.01401304,-3.36499476,3.39292002,-0.27773997,0.03513696,-0.00732601,-0.26511061,
7669,0.17509007,-0.78792304,13.28607655,5.00000000,-0.07089844,0.08540039,-0.04767299,-0.43682107,0.06405545,0.07000000,0.01725275,0.01491698,-0.08321491,0.08186412,0.01401304,-3.57094383,3.52032900,-0.43681422,0.03240011,-0.00732601,-0.28872773,
7678,-0.01165765,-0.09121035,9.85279083,6.00000000,-0.12729493,0.12568359,-0.08737590,-0.38885781,0.02395285,0.07000000,0.01725275,0.08487192,-0.07647580,0.09169856,0.01401304,-4.07883453,3.79085517,-0.38885823,0.02883703,-0.00732601,-0.31346843,
7686,-3.05708218,0.43311983,8.82807255,6.00000000,-0.11440430,0.16435547,0.08236070,-0.05791143,0.04460370,0.07000000,0.01725275,0.01543166,-0.04110736,0.04063643,0.01401304,-4.20624352,4.15388346,-0.05791354,0.02738694,-0.00732601,-0.30725333,
7694,-1.29255557,-0.06008573,6.27824783,6.00000000,-0.05478515,0.09023438,0.04172517,0.21081600,-0.02534271,0.07000000,0.01725275,0.04372174,-0.00244129,0.00923093,0.01401304,-4.54832792,4.39997530,0.21081276,0.02714640,-0.00732601,-0.30909210,
7702,-0.88554126,0.22721848,6.13699007,6.00000000,-0.01289062,0.02416992,0.08649087,0.40440097,-0.06691086,0.07000000,0.01725275,0.02880483,0.02749952,-0.02377921,0.01401304,-4.42964554,4.33190727,0.40440553,0.02940763,-0.00732601,-0.28828686,
7710,-0.25107783,-0.24922766,8.79934216,6.00000000,0.01772461,-0.03544922,0.06304217,0.39161080,-0.02734118,0.07000000,0.01725275,0.01388822,0.03064821,-0.03043461,0.01401304,-4.12944889,4.08232498,0.39161348,0.03261802,-0.00732601,-0.26928481,
7718,1.53020823,-0.55329126,10.89905739,6.00000000,0.03706055,-0.04350586,0.01920909,0.25145152,0.02168792,0.07000000,0.01725275,0.04269313,0.02046872,-0.01372590,0.01401304,-3.82052565,3.67566347,0.25145063,0.03495777,-0.00732601,-0.25350684,
7726,1.32430685,-0.04572052,13.50394821,6.00000000,0.04189453,-0.02094727,-0.09137284,-0.13145506,0.05353019,0.07000000,0.01725275,0.01234498,-0.03479836,0.03354943,0.01401304,-3.49938512,3.45749736,-0.13145936,0.03564747,-0.00732601,-0.26171774,
7734,1.85103130,0.23200688,13.24776936,6.00000000,-0.04672851,0.04672851,-0.07338662,-0.34595740,0.06445514,0.07000000,0.01725275,-0.00462959,-0.06910054,0.06334578,0.01401304,-3.32834291,3.34405088,-0.34595340,0.03312092,-0.00732601,-0.26695585,
7741,0.08411042,-0.23486245,12.82160091,5.00000000,-0.08217774,0.11440430,-0.07365308,-0.49997270,0.07924382,0.07000000,0.01725275,0.04320749,-0.09271039,0.09787316,0.01401304,-3.72453260,3.57792497,-0.49996644,0.03020425,-0.00732601,-0.30096164,
7750,-1.65408003,0.06201856,10.10178757,6.00000000,-0.12729493,0.15629883,-0.01609718,-0.30425596,0.01249496,0.07000000,0.01725275,-0.00257183,-0.07703194,0.07176826,0.01401304,-3.96015191,3.96887851,-0.30425584,0.02689924,-0.00732601,-0.30948582,
7758,-2.39867663,-0.56286806,8.40669346,6.00000000,-0.11762695,0.12084961,0.06823819,0.06399517,0.01649190,0.07000000,0.01725275,-0.01440268,-0.02964366,0.02237559,0.01401304,-4.24638605,4.29525518,0.06399199,0.02590405,-0.00732601,-0.30499512,
7766,-1.24945998,-0.74243319,6.13699007,6.00000000,-0.05800781,0.05961914,0.02933467,0.27889720,-0.05638559,0.07000000,0.01725275,0.07818517,0.01085052,0.00421997,0.01401304,-4.61639595,4.35110569,0.27889729,0.02665054,-0.00732601,-0.30485183,
7774,-0.61499649,-0.66103035,6.18008566,6.00000000,0.00161133,0.02255859,0.09754907,0.39574093,-0.04439478,0.07000000,0.01725275,0.04680815,0.02907342,-0.02112283,0.01401304,-4.37204981,4.21322489,0.39574513,0.02911997,-0.00732601,-0.28252465,
7782,0.28043497,-0.36893776,9.10101128,6.00000000,0.03867187,-0.02578125,0.02813559,0.37082672,-0.00988789,0.07000000,0.01725275,-0.04732280,0.02050741,-0.03479793,0.01401304,-3.96887851,4.12944889,0.37082785,0.03212521,-0.00732601,-0.26667923,
7790,1.83666611,-0.68736655,11.23185062,6.00000000,0.02416992,-0.06445312,-0.07991495,0.14273483,0.01555928,0.07000000,0.01725275,0.01440251,0.00026592,-0.00045063,0.01401304,-3.79609108,3.74722195,0.14273261,0.03423496,-0.00732601,-0.26309693,
7798,1.72653282,0.15060402,13.37705612,6.00000000,-0.00644531,0.01127930,-0.01476488,-0.15730193,0.03474458,0.07000000,0.01725275,-0.00205742,-0.04174970,0.03702980,0.01401304,-3.49938512,3.50636625,-0.15730447,0.03455740,-0.00732601,-0.26536292,
7806,1.41768074,-0.41921598,13.17833710,6.00000000,-0.04028320,0.04995117,-0.01756274,-0.35661587,0.04047352,0.07000000,0.01725275,-0.00771550,-0.07417433,0.06765941,0.01401304,-3.56570768,3.59188771,-0.35661250,0.03281207,-0.00732601,-0.28531721,
7813,-0.00208085,0.27031410,11.35395527,5.00000000,-0.11118164,0.10957031,-0.05193640,-0.42989308,-0.00455864,0.07000000,0.01725275,0.03394881,-0.08556090,0.08868528,0.01401304,-3.85019636,3.73500466,-0.42988959,0.02994729,-0.00732601,-0.30613056,
7822,-1.49366856,0.01174032,8.94060040,6.00000000,-0.12890625,0.16596679,0.03786147,-0.19100943,0.00383493,0.07000000,0.01725275,-0.01645964,-0.06406507,0.05576957,0.01401304,-4.11548662,4.17133713,-0.19101098,0.02712205,-0.00732601,-0.31424564,
7830,-1.67802203,-0.20613202,7.06593990,6.00000000,-0.08378907,0.10957031,0.00228873,0.13594003,-0.04386185,0.07000000,0.01725275,-0.01080210,-0.02067325,0.01440943,0.01401304,-4.41044712,4.44709921,0.13593517,0.02584725,-0.00732601,-0.31123072,
7838,-1.09862518,0.12905620,6.14896107,6.00000000,-0.03706055,0.02739258,0.00521981,0.35417283,-0.04959080,0.07000000,0.01725275,0.00360036,0.01497758,-0.01734190,0.01401304,-4.39822960,4.38601255,0.35417521,0.02750362,-0.00732601,-0.29275104,
7846,-0.60781389,-0.26119867,7.31014872,6.00000000,0.00161133,-0.02094727,0.07130251,0.42265368,-0.06211453,0.07000000,0.01725275,0.01440242,0.03142357,-0.03104844,0.01401304,-4.25162220,4.20275307,0.42265880,0.03047845,-0.00732601,-0.27582833,
7854,1.25248086,-0.43836960,10.29811287,6.00000000,0.02578125,-0.04189453,-0.01503133,0.32552812,-0.04905787,0.07000000,0.01725275,0.03292021,0.02651569,-0.02194168,0.01401304,-3.94269872,3.83099771,0.32552761,0.03321669,-0.00732601,-0.25819576,
7862,1.86539650,-0.12712337,12.30205917,6.00000000,0.04189453,-0.03706055,0.03173283,0.01936270,-0.01854792,0.07000000,0.01725275,-0.01388801,-0.01942004,0.01229230,0.01401304,-3.65995550,3.70707917,0.01935819,0.03472147,-0.00732601,-0.26565146,
7870,1.64991832,0.13623881,13.43451691,6.00000000,-0.02255859,0.00805664,-0.04354281,-0.22538310,-0.00948819,0.07000000,0.01725275,-0.03960681,-0.05474578,0.04101787,0.01401304,-3.37372160,3.50811172,-0.22538267,0.03509934,-0.00732601,-0.26580667,
7878,1.01066649,0.02371133,13.26931667,6.00000000,-0.07734375,0.08540039,-0.02568983,-0.42562965,0.00583340,0.07000000,0.01725275,-0.02880527,-0.08576699,0.07412703,0.01401304,-3.49414921,3.59188771,-0.42562455,0.03326233,-0.00732601,-0.28772658,
7885,-0.03081127,-0.10078716,9.70674419,5.00000000,-0.11601563,0.11440430,-0.00383992,-0.39392060,-0.00788942,0.07000000,0.01725275,-0.05503770,-0.09138784,0.07357459,0.01401304,-3.71406078,3.90081096,-0.39392072,0.02962448,-0.00732601,-0.30459833,
7894,-1.90068281,-0.32105371,8.41866398,6.00000000,-0.13535157,0.12407227,-0.04194403,-0.13785017,-0.07104103,0.07000000,0.01725275,0.00462937,-0.05291208,0.04971520,0.01401304,-4.07883453,4.06312656,-0.13785416,0.02721499,-0.00732601,-0.30514047,
7902,-1.51042795,-0.10796976,6.78342438,6.00000000,-0.09184571,0.09829102,0.02866852,0.14513299,-0.05958314,0.07000000,0.01725275,-0.01543123,-0.01835930,0.01103013,0.01401304,-4.31968975,4.37204981,0.14512913,0.02635325,-0.00732601,-0.30455369,
7910,-1.40268886,-0.34978414,6.01249123,6.00000000,-0.02739258,0.03383789,0.05571446,0.35856944,-0.08236568,0.07000000,0.01725275,0.03600630,0.02128152,-0.01597385,0.01401304,-4.36506844,4.24289560,0.35857242,0.02823297,-0.00732601,-0.28604221,
7918,-0.15530975,0.06201856,8.28937721,6.00000000,0.02578125,-0.01450195,0.00015703,0.37455720,-0.03786645,0.07000000,0.01725275,-0.01028764,0.02470182,-0.03025099,0.01401304,-3.99331331,4.02822018,0.37456030,0.03107456,-0.00732601,-0.26362485,
7926,1.11840558,-0.18219002,10.63569450,6.00000000,0.02739258,-0.04995117,-0.01503133,0.24079302,-0.01268574,0.07000000,0.01725275,-0.00051438,0.01207802,-0.01558392,0.01401304,-3.70882463,3.71057010,0.24079153,0.03299725,-0.00732601,-0.25149566,
7934,1.93243408,-0.44794640,12.70907307,6.00000000,0.01772461,-0.01450195,-0.06072965,-0.06110898,0.02461901,0.07000000,0.01725275,0.04115002,-0.02310643,0.02879408,0.01401304,-3.56221700,3.42259073,-0.06111139,0.03406599,-0.00732601,-0.25762990,
7942,1.83427191,0.49776328,13.28847027,6.00000000,-0.02416992,0.02416992,-0.03035293,-0.30958521,0.04393754,0.07000000,0.01725275,-0.03960659,-0.07023458,0.05628537,0.01401304,-3.35801339,3.49240398,-0.30958402,0.03200228,-0.00732601,-0.27077252,
7950,0.03143798,-0.24683346,12.48880672,6.00000000,-0.09829102,0.09829102,-0.06699152,-0.42456380,0.03820859,0.07000000,0.01725275,0.03394886,-0.08401459,0.08714576,0.01401304,-3.72627807,3.61108613,-0.42455867,0.02934846,-0.00732601,-0.29675996,
7957,-1.05792379,0.46185026,10.10418224,5.00000000,-0.10957031,0.15629883,-0.02009412,-0.28960055,0.01595897,0.07000000,0.01725275,-0.00925886,-0.07642157,0.06960587,0.01401304,-3.97411466,4.00553083,-0.28959996,0.02651065,-0.00732601,-0.31025818,
7966,-2.17841029,-0.05050892,7.97334242,6.00000000,-0.10312500,0.11923828,0.03946024,0.03628306,0.00303554,0.07000000,0.01725275,-0.05092314,-0.03824265,0.02228352,0.01401304,-4.14690256,4.31968975,0.03627992,0.02527867,-0.00732601,-0.30428374,
7974,-0.99567455,-0.29711169,6.08671141,6.00000000,-0.06767578,0.03867187,0.00775120,0.26544079,-0.05505328,0.07000000,0.01725275,0.03960712,0.00488634,0.00103690,0.01401304,-4.41742849,4.28303766,0.26544094,0.02575012,-0.00732601,-0.29614741,
7982,-0.96933836,-0.36175513,6.67329121,6.00000000,-0.01289062,0.02094727,0.07609883,0.37775478,-0.03147135,0.07000000,0.01725275,0.03703513,0.02460970,-0.01901830,0.01401304,-4.31270885,4.18704462,0.37775967,0.02804713,-0.00732601,-0.28072852,
7990,0.23494512,-1.12550545,9.43859386,6.00000000,0.02094727,-0.01289062,0.01374661,0.37162611,-0.01908084,0.07000000,0.01725275,-0.01440217,0.02424234,-0.03077209,0.01401304,-3.91651869,3.96538806,0.37162521,0.03075301,-0.00732601,-0.25877628,
7998,1.76005161,-0.39048555,11.20551491,6.00000000,0.03544922,-0.05639648,-0.04714007,0.12807938,-0.00162755,0.07000000,0.01725275,0.00360056,-0.00175583,-0.00101492,0.01401304,-3.60759544,3.59537816,0.12807764,0.03370103,-0.00732601,-0.25182202,
8006,1.53978503,-0.55089706,13.23340321,6.00000000,-0.00805664,-0.00322266,-0.06059641,-0.14757603,0.03327904,0.07000000,0.01725275,0.01646012,-0.03746804,0.03713476,0.01401304,-3.39466548,3.33881497,-0.14757653,0.03374926,-0.00732601,-0.25478795,
8014,1.49429524,-0.41921598,13.02031994,6.00000000,-0.03867187,0.05961914,-0.03048616,-0.37739995,0.07085025,0.07000000,0.01725275,0.00051476,-0.07623044,0.07159683,0.01401304,-3.42608142,3.42433596,-0.37739679,0.03119955,-0.00732601,-0.27568889,
8022,-0.05475328,-0.56047386,11.32522488,6.00000000,-0.10473633,0.10795899,-0.08404512,-0.42096654,0.03767567,0.07000000,0.01725275,0.03240558,-0.08481459,0.08757496,0.01401304,-3.70533395,3.59537816,-0.42096248,0.02813404,-0.00732601,-0.29517058,
8030,-1.69956982,-0.39527395,9.46732426,5.00000000,-0.12890625,0.16435547,-0.01809566,-0.22898033,0.02715040,0.07000000,0.01725275,0.03652094,-0.06335188,0.06746449,0.01401304,-4.03171062,3.90779209,-0.22898197,0.02527824,-0.00732601,-0.30440819,
8038,-1.37635267,-0.16782480,6.96059513,6.00000000,-0.09184571,0.13696289,0.04372364,0.08917587,0.00356847,0.07000000,0.01725275,0.00925883,-0.02611152,0.02446178,0.01401304,-4.35634184,4.32492590,0.08917245,0.02401099,-0.00732601,-0.30823094,
8046,-1.42902505,0.06201856,6.37401581,6.00000000,-0.03706055,0.04511719,0.04838674,0.35630453,-0.04426155,0.07000000,0.01725275,0.04217882,0.01748358,-0.01076731,0.01401304,-4.38775778,4.24464083,0.35630593,0.02459052,-0.00732601,-0.28709227,
8054,-0.89032966,-0.26598707,7.63815451,6.00000000,0.00805664,-0.00644531,0.07196867,0.42318657,-0.01535037,0.07000000,0.01725275,0.03291987,0.03282624,-0.02810541,0.01401304,-4.10850477,3.99680400,0.42319047,0.02788331,-0.00732601,-0.26313612,
8062,1.32909524,-0.80228823,10.33881378,6.00000000,0.03544922,-0.02578125,0.02573743,0.29901507,-0.00042847,0.07000000,0.01725275,0.05400933,0.02381693,-0.01434926,0.01401304,-3.85194159,3.66868210,0.29901430,0.03069147,-0.00732601,-0.25094414,
8070,1.58288074,-0.15824799,12.39543343,6.00000000,0.03544922,-0.03061523,-0.05300225,-0.00568478,0.01342758,0.07000000,0.01725275,0.04372190,-0.01676066,0.02315703,0.01401304,-3.58141565,3.43306255,-0.00568819,0.03242210,-0.00732601,-0.25468725,
8078,1.25966346,-0.16303641,13.81040668,6.00000000,-0.02094727,0.03061523,-0.02595630,-0.23071235,0.04966648,0.07000000,0.01725275,0.01903193,-0.04979187,0.04986155,0.01401304,-3.24805784,3.18348050,-0.23071116,0.03167142,-0.00732601,-0.24986981,
8086,0.76645792,-0.15345959,12.74498653,6.00000000,-0.06284180,0.09506836,-0.07778325,-0.42616260,0.05126525,0.07000000,0.01725275,0.01646012,-0.08439264,0.08339423,0.01401304,-3.53603721,3.48018646,-0.42615694,0.02939841,-0.00732601,-0.28523451,
8094,-0.27262563,0.55282992,9.87912750,6.00000000,-0.10634766,0.13212891,-0.05073731,-0.35195279,-0.00788942,0.07000000,0.01725275,-0.00771565,-0.08267494,0.07608584,0.01401304,-3.70184350,3.72802329,-0.35195243,0.02599162,-0.00732601,-0.29484919,
8101,-2.15446806,-0.50061882,8.84243774,5.00000000,-0.13051757,0.14179687,0.02706973,-0.07403240,-0.01122020,0.07000000,0.01725275,-0.00102859,-0.04762854,0.04319596,0.01401304,-4.03345585,4.03694677,-0.07403636,0.02386854,-0.00732601,-0.29791960,
8110,-1.22551787,-0.16064219,6.42908239,6.00000000,-0.08217774,0.09023438,0.05078490,0.21094921,-0.06771025,0.07000000,0.01725275,0.02931918,-0.00596525,0.00931898,0.01401304,-4.37903118,4.27954721,0.21094641,0.02398212,-0.00732601,-0.29857984,
8118,-1.00285721,-0.37133196,6.54160976,6.00000000,-0.01611328,0.02739258,0.07410036,0.38708094,-0.05811760,0.07000000,0.01725275,0.02108941,0.02221853,-0.02039526,0.01401304,-4.25511265,4.18355417,0.38708493,0.02605809,-0.00732601,-0.27783802,
8126,0.10805243,-0.18697841,8.77779388,6.00000000,0.02416992,-0.02739258,0.04065932,0.43264601,-0.04466124,0.07000000,0.01725275,-0.04012130,0.02857132,-0.04106150,0.01401304,-3.82576156,3.96189737,0.43264845,0.02892415,-0.00732601,-0.25093558,
8134,1.43204594,-0.17021900,10.99243069,6.00000000,0.02739258,-0.04995117,0.02160725,0.23932749,0.00956388,0.07000000,0.01725275,0.01234492,0.01303723,-0.01352810,0.01401304,-3.59537816,3.55349040,0.23932515,0.03127433,-0.00732601,-0.24179539,
8142,2.00426006,0.26313150,12.40979862,6.00000000,0.01933594,-0.02900391,-0.03381694,-0.13305384,0.01222850,0.07000000,0.01725275,0.00668694,-0.03764019,0.03501411,0.01401304,-3.33357882,3.31088948,-0.13305534,0.03227490,-0.00732601,-0.25050849,
8150,0.56295073,-0.19655523,13.57577419,6.00000000,-0.04995117,0.05317383,-0.06539274,-0.30145812,0.04020706,0.07000000,0.01725275,0.00411515,-0.06253056,0.05891004,0.01401304,-3.17300868,3.15904593,-0.30145445,0.03051759,-0.00732601,-0.25139242,
8158,0.38338563,0.06920116,11.98123646,6.00000000,-0.08701172,0.10473633,-0.07858265,-0.44508141,0.06338929,0.07000000,0.01725275,0.02211817,-0.08887130,0.08914654,0.01401304,-3.59188771,3.51683855,-0.44507658,0.02772483,-0.00732601,-0.28995937,
8166,-1.97011459,0.50255167,10.42739964,6.00000000,-0.11440430,0.14179687,-0.04887206,-0.22151938,0.02848271,0.07000000,0.01725275,0.00308628,-0.06305869,0.05929278,0.01401304,-3.65646482,3.64599276,-0.22151861,0.02479447,-0.00732601,-0.28077418,
8173,-2.19756389,0.03807654,8.03559208,5.00000000,-0.09829102,0.11601563,0.03652915,0.02016208,0.01995591,0.07000000,0.01725275,-0.00102870,-0.03362407,0.02939413,0.01401304,-3.96538806,3.96887851,0.02015771,0.02345656,-0.00732601,-0.28615564,
8182,-1.20636427,-0.72327960,5.99573183,6.00000000,-0.06123047,0.07412110,0.06170986,0.27103651,-0.00842234,0.07000000,0.01725275,0.07046944,0.01044599,0.00276460,0.01401304,-4.24289560,4.00378513,0.27103618,0.02437160,-0.00732601,-0.27929199,
8190,-0.91187751,-1.05128527,7.93264103,6.00000000,0.00483398,0.00483398,0.07703145,0.39747298,-0.04093077,0.07000000,0.01725275,0.02057509,0.02733538,-0.02559690,0.01401304,-4.01425743,3.94444418,0.39747635,0.02684984,-0.00732601,-0.25968590,
8198,0.35465521,-0.86453748,10.33163166,6.00000000,0.03383789,-0.03544922,0.04252455,0.34724480,-0.01708237,0.07000000,0.01725275,-0.02726209,0.02218308,-0.03181016,0.01401304,-3.52381968,3.61632204,0.34724528,0.02957794,-0.00732601,-0.23365496,
8206,2.53098464,-1.15184176,11.17917824,6.00000000,0.02094727,-0.04189453,-0.01729626,0.01669807,0.00396816,0.07000000,0.01725275,0.02571874,-0.01649439,0.01866896,0.01401304,-3.45226121,3.36499476,0.01669627,0.03062553,-0.00732601,-0.24591504,
8214,1.70737922,-0.08642194,12.41937542,6.00000000,-0.01127930,0.01611328,-0.05087055,-0.21352553,0.03847506,0.07000000,0.01725275,0.05915318,-0.04341149,0.05297668,0.01401304,-3.25329351,3.05258083,-0.21352381,0.03024760,-0.00732601,-0.24406843,
8222,0.55576813,-0.29711169,13.43930531,6.00000000,-0.06284180,0.09506836,-0.03714772,-0.38792521,0.09603096,0.07000000,0.01725275,0.01183165,-0.07890631,0.07688278,0.01401304,-3.33008838,3.28994560,-0.38792026,0.02776607,-0.00732601,-0.26810044,
8230,0.02904378,0.44269663,10.60935879,6.00000000,-0.10312500,0.12246094,-0.10895935,-0.35248569,0.08070935,0.07000000,0.01725275,0.04269323,-0.07718731,0.08248423,0.01401304,-3.67915416,3.53429174,-0.35248256,0.02451050,-0.00732601,-0.28704247,
8238,-1.92701900,0.39481258,8.94299412,6.00000000,-0.10634766,0.14018555,0.00255518,-0.09814727,0.04793447,0.07000000,0.01725275,-0.00051444,-0.05114763,0.04675973,0.01401304,-3.81878042,3.82052565,-0.09814891,0.02154873,-0.00732601,-0.28404069,
8245,-1.23748887,0.12187360,6.76666498,5.00000000,-0.08056641,0.09990235,0.05025197,0.12728001,0.01622544,0.07000000,0.01725275,0.03189144,-0.01839306,0.02214076,0.01401304,-4.16086483,4.05265427,0.12727745,0.02113414,-0.00732601,-0.28851235,
8254,-0.75386018,-0.00023068,5.67251492,6.00000000,-0.04350586,0.04511719,0.08875580,0.35523868,-0.05385420,0.07000000,0.01725275,0.09618820,0.02337129,-0.00392735,0.01401304,-4.29700041,3.97062397,0.35523987,0.02238274,-0.00732601,-0.27394637,
8262,-1.27819037,-0.51019567,8.45218277,6.00000000,0.02255859,0.00161133,0.07902992,0.44050667,-0.02520948,0.07000000,0.01725275,0.02674788,0.03472542,-0.03144387,0.01401304,-3.90081096,3.81005383,0.44050902,0.02592926,-0.00732601,-0.24758175,
8270,0.90532160,-0.42879277,11.13608265,6.00000000,0.04833984,-0.03222656,0.02560420,0.33258936,-0.00522479,0.07000000,0.01725275,-0.02211851,0.02041031,-0.02886347,0.01401304,-3.47844124,3.55349040,0.33258659,0.02878655,-0.00732601,-0.23079488,
8278,2.28677607,-0.39766815,11.99081326,6.00000000,0.02255859,-0.05156250,-0.07924879,-0.03845966,0.00876449,0.07000000,0.01725275,0.00000007,-0.02760289,0.02357948,0.01401304,-3.37546659,3.37546659,-0.03846228,0.03022339,-0.00732601,-0.24750981,
8286,0.85264915,-0.23486245,13.89659786,6.00000000,-0.02255859,0.03383789,-0.00583839,-0.27707681,0.02994826,0.07000000,0.01725275,-0.03857800,-0.06461266,0.05095126,0.01401304,-3.03512740,3.16602707,-0.27707475,0.02931813,-0.00732601,-0.24487977,
8294,0.76406372,-0.20852624,13.04186726,6.00000000,-0.09184571,0.08701172,-0.00956886,-0.41417176,0.03314580,0.07000000,0.01725275,-0.00720137,-0.08697747,0.08038975,0.01401304,-3.38419342,3.40862799,-0.41416633,0.02686037,-0.00732601,-0.27626687,
8302,-0.74188918,0.36129376,9.77378178,6.00000000,-0.12084961,0.12246094,-0.02595630,-0.30998492,-0.02187870,0.07000000,0.01725275,0.01645992,-0.07611980,0.07530491,0.01401304,-3.73849511,3.68264461,-0.30998570,0.02379694,-0.00732601,-0.29149032,
8310,-2.56627083,-0.10078716,8.36359787,6.00000000,-0.10957031,0.13857421,0.06610649,0.02802273,0.00863126,0.07000000,0.01725275,-0.06738339,-0.04142724,0.02153540,0.01401304,-3.86241364,4.09105158,0.02801791,0.02256670,-0.00732601,-0.28628173,
8317,-1.25185418,-0.14388278,5.84729147,5.00000000,-0.07412110,0.05961914,0.00521981,0.25251737,-0.06384654,0.07000000,0.01725275,0.03394862,0.00130311,0.00323078,0.01401304,-4.27954721,4.16435575,0.25251737,0.02347954,-0.00732601,-0.28778395,
8326,-0.63654429,-0.12233497,6.36683321,6.00000000,-0.02739258,0.00322266,0.10354447,0.43051431,-0.04159692,0.07000000,0.01725275,-0.01491692,0.02684388,-0.03342632,0.01401304,-3.94618964,3.99680400,0.43052056,0.02578590,-0.00732601,-0.25672084,
8334,-0.20558800,-0.85017228,9.26381683,6.00000000,0.02900391,-0.04833984,0.04372364,0.44983283,-0.03000580,0.07000000,0.01725275,-0.00720128,0.03864715,-0.04331807,0.01401304,-3.58665156,3.61108613,0.44983280,0.02916205,-0.00732601,-0.22830506,
8342,1.67146611,-0.33063051,11.19593811,6.00000000,0.04672851,-0.05961914,-0.03861327,0.20029071,-0.03027227,0.07000000,0.01725275,0.00462936,0.01020518,-0.01258780,0.01401304,-3.35103226,3.33532429,0.20028748,0.03222621,-0.00732601,-0.22785963,
8350,1.98271239,0.10990259,12.95807076,6.00000000,0.01289062,-0.03706055,-0.00690422,-0.14451173,0.01436020,0.07000000,0.01150183,-0.01337368,-0.03671532,0.03070641,0.01401304,-3.06654334,3.11192203,-0.14451410,0.03368717,-0.00732601,-0.23444663,
8358,0.57252759,-0.17021900,14.27727604,6.00000000,-0.04511719,0.05800781,-0.04087820,-0.36061278,0.03207995,0.07000000,0.01150183,-0.02468972,-0.07026868,0.06109414,0.01401304,-2.94437051,3.02814627,-0.36060810,0.03185067,-0.00732601,-0.24264780,
8366,0.60365218,0.13863301,11.99081326,6.00000000,-0.09829102,0.08862305,-0.02608953,-0.49131268,0.02408608,0.07000000,0.01150183,-0.01388829,-0.09601054,0.08905853,0.01401304,-3.38419342,3.43131733,-0.49130780,0.02902142,-0.00732601,-0.28268203,
8374,-2.38670564,-0.33781314,10.65005970,6.00000000,-0.13212891,0.15629883,0.02760265,-0.25456074,0.01689159,0.07000000,0.01150183,-0.05761023,-0.07220961,0.05541396,0.01401304,-3.49589443,3.69137144,-0.25456038,0.02611399,-0.00732601,-0.27899399,
8382,-1.77139592,0.42593721,7.56153965,6.00000000,-0.11279297,0.11279297,-0.00583839,0.05400282,-0.04546063,0.07000000,0.01725275,-0.06841177,-0.03511529,0.01506921,0.01401304,-3.88859367,4.12072229,0.05399817,0.02524857,-0.00732601,-0.28642279,
8389,-1.65647423,0.01413453,5.91432905,5.00000000,-0.05639648,0.02900391,0.08102839,0.27090329,-0.06677763,0.07000000,0.01725275,0.00823016,0.00495047,-0.00641446,0.01401304,-4.15562916,4.12770367,0.27090389,0.02624989,-0.00732601,-0.28063023,
8398,-1.02679920,-0.10796976,6.65892601,6.00000000,-0.00161133,-0.00322266,0.10847402,0.43051431,-0.09995221,0.07000000,0.01725275,0.04526497,0.03920425,-0.03153913,0.01401304,-3.86415887,3.71057010,0.43051845,0.02857823,-0.00732601,-0.24337123,
8406,0.30437696,-0.42400438,9.47450733,6.00000000,0.03383789,-0.03383789,0.02573743,0.38428307,-0.05345450,0.07000000,0.01725275,-0.02571864,0.03128132,-0.04043482,0.01401304,-3.43131733,3.51858377,0.38428423,0.03176407,-0.00732601,-0.22407350,
8414,2.32987165,-0.94594038,11.37550354,6.00000000,0.04028320,-0.07412110,-0.02968677,0.06359547,0.00450109,0.07000000,0.01725275,-0.01748895,-0.00868385,0.00079887,0.01401304,-3.13984728,3.19918847,0.06359282,0.03361751,-0.00732601,-0.22517960,
8422,1.61400533,-0.39048555,13.45606422,6.00000000,-0.00483398,-0.00483398,-0.06832384,-0.19833717,0.02222084,0.07000000,0.01725275,-0.04217893,-0.04543164,0.03115064,0.01401304,-2.74889350,2.89201045,-0.19833815,0.03373939,-0.00732601,-0.21886219,
8430,1.31233585,-0.37372616,13.61408138,6.00000000,-0.05800781,0.04189453,-0.04274344,-0.47092828,0.03754244,0.07000000,0.01725275,-0.01388796,-0.08577217,0.07754738,0.01401304,-2.96007848,3.00720239,-0.47092259,0.03174452,-0.00732601,-0.25045577,
8438,0.37620303,0.23440108,11.05467987,6.00000000,-0.11601563,0.13212891,0.02240665,-0.49877363,0.00050415,0.07000000,0.01725275,-0.02829066,-0.09905720,0.08731703,0.01401304,-3.19569802,3.29169106,-0.49876964,0.02768572,-0.00732601,-0.27132872,
8446,-2.01081610,-0.15106539,9.18720245,6.00000000,-0.14985351,0.15952149,-0.02275874,-0.22045353,-0.02654179,0.07000000,0.01725275,-0.03343455,-0.06729329,0.05490091,0.01401304,-3.55349040,3.66693687,-0.22045642,0.02430128,-0.00732601,-0.27772367,
8454,-1.38114107,0.03328814,6.45541859,6.00000000,-0.08862305,0.08862305,0.07529944,0.08651125,-0.03453567,0.07000000,0.01150183,-0.04526490,-0.02949079,0.01631296,0.01401304,-3.93222690,4.08581591,0.08650512,0.02304111,-0.00732601,-0.28438234,
8461,-1.86955822,-0.56526226,6.48654318,5.00000000,-0.05156250,0.04672851,0.07276805,0.34404725,-0.06571177,0.07000000,0.01150183,0.01028772,0.01651920,-0.01599599,0.01401304,-3.99854946,3.96364284,0.34404817,0.02460098,-0.00732601,-0.26368594,
8470,-0.48092118,-0.57483912,7.25268793,6.00000000,-0.00805664,-0.00322266,0.09981400,0.44024023,-0.07157395,0.07000000,0.01150183,-0.01543123,0.03308420,-0.03838519,0.01401304,-3.74198580,3.79434562,0.44024509,0.02744536,-0.00732601,-0.24127415,
8478,1.05136788,-0.21331464,9.78096485,6.00000000,0.04189453,-0.07089844,0.02933467,0.35483897,-0.04719263,0.07000000,0.01150183,-0.03240548,0.02560339,-0.03506147,0.01401304,-3.37197614,3.48193192,0.35483903,0.03010220,-0.00732601,-0.22272834,
8486,1.12798238,-0.16782480,12.55345058,6.00000000,0.03061523,-0.04833984,-0.02502368,0.06053115,-0.01614976,0.07000000,0.01150183,-0.02777631,-0.00958453,0.00060721,0.01401304,-2.97927690,3.07352495,0.06052747,0.03219699,-0.00732601,-0.21502590,
8494,2.19579625,0.28228512,13.17594242,6.00000000,-0.01127930,-0.00644531,-0.04687359,-0.27667710,0.01356081,0.07000000,0.01725275,-0.03343436,-0.05894430,0.04652520,0.01401304,-2.79078126,2.90422773,-0.27667677,0.03117072,-0.00732601,-0.22650316,
8502,0.75209266,-0.00980749,13.50394821,6.00000000,-0.08056641,0.07573242,-0.04900532,-0.44734636,0.03287935,0.07000000,0.01725275,-0.03857830,-0.08784477,0.07380387,0.01401304,-2.82568789,2.95658755,-0.44733974,0.02846494,-0.00732601,-0.24203961,
8510,0.13199444,-0.13670018,10.82723141,6.00000000,-0.12084961,0.12890625,-0.02302521,-0.50250411,0.03274611,0.07000000,0.01725275,-0.01491681,-0.10267513,0.09404537,0.01401304,-3.31961608,3.37023091,-0.50250083,0.02456003,-0.00732601,-0.27893820,
8518,-1.99884510,0.17454603,8.47851944,6.00000000,-0.14179687,0.15307617,-0.01156733,-0.11386854,-0.00136109,0.07000000,0.01725275,-0.05349553,-0.05716352,0.04023107,0.01401304,-3.47669578,3.65821028,-0.11387524,0.02118826,-0.00732601,-0.26689625,
8526,-2.24305367,-0.00262489,7.55675125,6.00000000,-0.10312500,0.09184571,0.06330863,0.15299365,-0.01241928,0.07000000,0.01725275,-0.00462933,-0.01602791,0.01121764,0.01401304,-3.88859367,3.90430140,0.15299167,0.02158820,-0.00732601,-0.27140057,
8533,-0.42346033,-0.02417270,4.73159361,5.00000000,-0.03061523,0.02739258,0.08369301,0.38654801,-0.06278069,0.07000000,0.01725275,0.03189139,0.02290910,-0.01856991,0.01401304,-4.01076651,3.90255642,0.38655147,0.02286181,-0.00732601,-0.25883296,
8542,-1.16326869,-0.38569716,8.02362061,6.00000000,0.02739258,-0.03222656,0.05891201,0.45542857,-0.05118957,0.07000000,0.01725275,0.01800321,0.03887463,-0.03761673,0.01401304,-3.66170073,3.60061431,0.45543128,0.02629883,-0.00732601,-0.23024020,
8550,0.53900874,-0.64187676,11.03073788,6.00000000,0.03383789,-0.04833984,0.00282165,0.33165672,-0.00642387,0.07000000,0.01725275,0.00308625,0.02726458,-0.02975120,0.01401304,-3.27598286,3.26551104,0.33165333,0.02983065,-0.00732601,-0.21308421,
8558,2.23889184,-0.27316967,12.20868492,6.00000000,0.04028320,-0.05961914,-0.04567454,-0.01168019,0.01782421,0.07000000,0.01725275,0.00874454,-0.01622532,0.01435087,0.01401304,-2.97753191,2.94786096,-0.01168334,0.03171626,-0.00732601,-0.21564253,
8566,1.01784909,-0.06487413,14.38740921,6.00000000,-0.02094727,0.01772461,-0.05020437,-0.28213963,0.05099879,0.07000000,0.01725275,-0.03034795,-0.05764775,0.04594615,0.01401304,-2.62846589,2.73144031,-0.28213751,0.03097161,-0.00732601,-0.21475165,
8574,0.92686939,0.32298654,13.16397190,6.00000000,-0.06767578,0.06445312,-0.03168524,-0.49983948,0.05046586,0.07000000,0.01725275,-0.03137721,-0.09577470,0.08331245,0.01401304,-2.89201045,2.99847579,-0.49983191,0.02798632,-0.00732601,-0.24976793,
8582,-1.21594107,0.10511419,11.24621582,6.00000000,-0.13857421,0.14501953,-0.03661481,-0.44188383,0.01502636,0.07000000,0.01725275,0.03703488,-0.08647679,0.09024438,0.01401304,-3.25503898,3.12937546,-0.44187951,0.02409809,-0.00732601,-0.26347128,
8590,-1.71154082,0.36129376,8.05953407,6.00000000,-0.12568359,0.15629883,0.09648322,-0.13851634,0.01902329,0.07000000,0.01725275,-0.04217850,-0.06068269,0.04636426,0.01401304,-3.58490610,3.72802329,-0.13852450,0.02096852,-0.00732601,-0.27513677,
8598,-2.35318685,-0.25401607,6.93665314,6.00000000,-0.08378907,0.08217774,0.00895029,0.24319118,-0.03680060,0.07000000,0.01725275,0.04063550,0.00338389,0.00269271,0.01401304,-3.87637639,3.73849511,0.24318716,0.02153108,-0.00732601,-0.25840807,
8605,-1.19439328,0.40438941,6.29021883,5.00000000,-0.01933594,0.02094727,0.07263483,0.37695536,-0.04985726,0.07000000,0.01725275,0.02623315,0.02363285,-0.02063520,0.01401304,-3.86590433,3.77689242,0.37696013,0.02395144,-0.00732601,-0.24972180,
8614,0.33789578,-0.29232329,7.97334242,6.00000000,0.01933594,-0.02416992,0.05025197,0.47048369,-0.00202724,0.07000000,0.01725275,-0.01800321,0.03936611,-0.04656937,0.01401304,-3.41735482,3.47844124,0.47048709,0.02668721,-0.00732601,-0.21586224,
8622,1.55654442,-0.54850286,10.39388084,6.00000000,0.04833984,-0.07250977,-0.04407575,0.21880987,0.01316112,0.07000000,0.01725275,0.03652076,0.01646445,-0.01130389,0.01401304,-3.16428208,3.04036355,0.21880922,0.02953625,-0.00732601,-0.20905480,
8630,2.19579625,0.43072563,12.57739258,6.00000000,0.01289062,-0.01127930,-0.03035293,-0.10067866,0.05472926,0.07000000,0.01725275,0.02520445,-0.02639696,0.02820194,0.01401304,-2.80998015,2.72445917,-0.10068128,0.03039721,-0.00732601,-0.20792277,
8638,1.32430685,0.03089394,14.05940342,6.00000000,-0.02578125,0.03544922,-0.04847238,-0.36154544,0.08110905,0.07000000,0.01725275,0.00925887,-0.06568311,0.06314041,0.01401304,-2.63370180,2.60228610,-0.36154222,0.02925678,-0.00732601,-0.21601637,
8646,0.59168118,0.46663865,12.86948490,6.00000000,-0.09023438,0.11601563,-0.07165463,-0.51875830,0.07418103,0.07000000,0.01725275,0.01491717,-0.09615744,0.09456027,0.01401304,-3.05083561,3.00022078,-0.51875275,0.02603359,-0.00732601,-0.25696018,
8654,-0.84483987,0.73718345,9.30930710,6.00000000,-0.12890625,0.15146485,-0.03967912,-0.34768939,0.00956388,0.07000000,0.01150183,-0.01903179,-0.08169419,0.07376520,0.01401304,-3.25154853,3.31612563,-0.34769171,0.02241119,-0.00732601,-0.26328579,
8662,-2.47050285,-0.30908272,7.98052502,6.00000000,-0.13212891,0.14985351,0.04652150,-0.03206457,0.01142911,0.07000000,0.01150183,-0.01748877,-0.04247100,0.03556337,0.01401304,-3.61457705,3.67391801,-0.03206927,0.02008855,-0.00732601,-0.26653305,
8670,-1.23509467,-0.46710002,5.46900749,6.00000000,-0.06284180,0.07250977,0.05438214,0.27210236,-0.06291392,0.07000000,0.01725275,0.06275342,0.00732033,0.00402466,0.01401304,-4.03869200,3.82576156,0.27209967,0.02025184,-0.00732601,-0.26535919,
8677,-0.89272386,-0.31147692,5.97178984,5.00000000,-0.00322266,0.01450195,0.11153834,0.44143927,-0.04386185,0.07000000,0.01725275,0.01388827,0.03155755,-0.03134510,0.01401304,-3.73500466,3.68788075,0.44144553,0.02282550,-0.00732601,-0.23707484,
8686,-0.00686925,-0.53413767,9.01721478,6.00000000,0.02416992,-0.03061523,-0.00943562,0.46315601,-0.00975465,0.07000000,0.01725275,-0.02211824,0.03838267,-0.04657726,0.01401304,-3.31961608,3.39466548,0.46315801,0.02624950,-0.00732601,-0.20981380,
8694,2.51422524,-0.38330296,10.54232121,6.00000000,0.05961914,-0.08217774,-0.07178784,0.15912226,0.03394520,0.07000000,0.01150183,0.02623319,0.00643640,-0.00248751,0.01401304,-3.13984728,3.05083561,0.15912098,0.02872000,-0.00732601,-0.21287593,
8702,1.40092134,0.59113711,13.14721203,6.00000000,0.00483398,-0.00161133,-0.04687359,-0.09255155,0.06445514,0.07000000,0.01150183,0.02520458,-0.02434976,0.02752378,0.01401304,-2.72794962,2.64242840,-0.09255302,0.02971020,-0.00732601,-0.20138633,
8710,1.35782576,-0.03614371,14.16953659,6.00000000,-0.01772461,0.03383789,-0.07418602,-0.36314422,0.08497276,0.07000000,0.01725275,0.02417602,-0.06664015,0.06760061,0.01401304,-2.76285625,2.68082595,-0.36314058,0.02810594,-0.00732601,-0.22366117,
8718,0.33310738,0.90717179,12.28530025,6.00000000,-0.08862305,0.12246094,-0.02409106,-0.46679813,0.05925913,0.07000000,0.01725275,0.02108949,-0.08796864,0.08793180,0.01401304,-2.96705961,2.89550114,-0.46679172,0.02497611,-0.00732601,-0.24636021,
8726,-0.34684590,0.24397789,9.23508644,6.00000000,-0.12407227,0.14340821,-0.05686594,-0.35315183,0.00863126,0.07000000,0.01150183,0.03291988,-0.07868405,0.08299481,0.01401304,-3.42957187,3.31787109,-0.35315293,0.02125056,-0.00732601,-0.27019846,
8734,-2.44656086,0.64380956,7.66449070,6.00000000,-0.11601563,0.14501953,0.07156897,0.04907326,-0.00029524,0.07000000,0.01150183,-0.02057506,-0.03171551,0.02424251,0.01401304,-3.54127288,3.61108613,0.04906735,0.01878859,-0.00732601,-0.25571573,
8742,-1.72111762,-0.35457253,6.12262440,6.00000000,-0.06284180,0.06767578,0.02946790,0.29781601,-0.04212985,0.07000000,0.01725275,0.06069582,0.01106755,-0.00015901,0.01401304,-3.94444418,3.73849511,0.29781625,0.01953649,-0.00732601,-0.25691485,
8749,-0.02602286,-0.04093211,5.66533232,5.00000000,0.00322266,0.00322266,0.06051078,0.45196453,-0.03546828,0.07000000,0.01725275,0.05400920,0.03717797,-0.02747967,0.01401304,-3.76642060,3.58316112,0.45197135,0.02186063,-0.00732601,-0.23365436,
8758,0.10805243,-0.65145355,9.44817066,6.00000000,0.04350586,-0.02900391,0.00295489,0.38321725,0.00516724,0.07000000,0.01725275,-0.01748814,0.02729031,-0.03457709,0.01401304,-3.23409510,3.29343629,0.38321745,0.02524338,-0.00732601,-0.20883957,
8766,2.75364542,-0.51498407,10.79371262,6.00000000,0.03061523,-0.05478515,-0.11322277,0.12155106,0.03008148,0.07000000,0.01725275,0.02263261,-0.00095448,0.00259843,0.01401304,-3.08225155,3.00545692,0.12155026,0.02743573,-0.00732601,-0.21186706,
8774,1.83906031,0.35171697,12.80244732,6.00000000,0.00483398,-0.00483398,-0.07178784,-0.14744282,0.07511365,0.07000000,0.01725275,0.03703509,-0.03479845,0.03925563,0.01401304,-2.76983738,2.64417386,-0.14744404,0.02706482,-0.00732601,-0.20694765,
8782,1.11122298,-0.23486245,13.56619740,6.00000000,-0.04995117,0.06123047,-0.04194403,-0.38872460,0.09230047,0.07000000,0.01725275,0.02314668,-0.07446849,0.07509540,0.01401304,-2.84139609,2.76285625,-0.38872039,0.02535726,-0.00732601,-0.23133639,
8790,0.27804077,0.10032579,10.80568314,6.00000000,-0.09506836,0.12729493,-0.07591801,-0.41843519,0.07617949,0.07000000,0.01725275,0.05298070,-0.08162563,0.08918697,0.01401304,-3.11192203,2.93215322,-0.41843250,0.02193111,-0.00732601,-0.24943410,
8798,-1.76421332,0.29665032,9.50563145,6.00000000,-0.12729493,0.15468749,-0.04021204,-0.24670008,0.04540308,0.07000000,0.01150183,0.00514366,-0.06926480,0.06722225,0.01401304,-3.39990139,3.38244820,-0.24670158,0.01896318,-0.00732601,-0.26374593,
8806,-1.30452657,0.07398957,6.62540722,6.00000000,-0.09184571,0.11440430,0.03026728,0.12634738,0.01142911,0.07000000,0.01150183,0.04783665,-0.01514520,0.02397864,0.01401304,-3.77514720,3.61283159,0.12634122,0.01756510,-0.00732601,-0.25865459,
8814,-2.22868848,0.13145041,6.94144154,6.00000000,-0.03061523,0.05961914,0.03026728,0.37242550,-0.03600121,0.07000000,0.01150183,0.08692939,0.02703699,-0.00841084,0.01401304,-3.86764979,3.57268882,0.37242624,0.01949222,-0.00732601,-0.24271135,
8821,0.22297411,-0.17021900,6.49372578,5.00000000,0.01289062,-0.00322266,0.06157663,0.45289713,-0.01854792,0.07000000,0.01150183,0.04012138,0.03797786,-0.03019132,0.01401304,-3.64948368,3.51334786,0.45290402,0.02234686,-0.00732601,-0.22681707,
8830,0.35465521,-0.05769153,10.56386852,6.00000000,0.06284180,-0.04833984,0.01561185,0.38801354,0.02355316,0.07000000,0.01150183,0.01080200,0.03393364,-0.03316351,0.01401304,-3.16602707,3.12937546,0.38801032,0.02576115,-0.00732601,-0.20007752,
8838,1.63315892,-0.88129693,12.21347332,6.00000000,0.04511719,-0.04672851,-0.11428862,0.02176086,0.03807536,0.07000000,0.01725275,0.00154333,-0.01527031,0.01173231,0.01401304,-2.93215322,2.92691708,0.02175733,0.02863348,-0.00732601,-0.21081391,
8846,1.77202260,0.05244175,13.24298096,6.00000000,-0.00483398,0.00322266,-0.08551066,-0.23843977,0.06458838,0.07000000,0.01725275,0.02366143,-0.04863723,0.04973973,0.01401304,-2.67558980,2.59530449,-0.23843895,0.02717145,-0.00732601,-0.20835672,
8854,0.60125798,-0.33781314,13.82716560,6.00000000,-0.06767578,0.08217774,-0.02195937,-0.44161740,0.07551333,0.07000000,0.01725275,-0.01131649,-0.08655888,0.07892709,0.01401304,-2.76983738,2.80823469,-0.44161105,0.02491511,-0.00732601,-0.23422186,
8862,-0.15291555,-0.16543061,10.46331215,6.00000000,-0.10473633,0.12568359,-0.08897469,-0.39591908,0.02568486,0.07000000,0.01725275,0.07972821,-0.07701440,0.09093215,0.01401304,-3.25852966,2.98800373,-0.39591661,0.02135450,-0.00732601,-0.25514084,
8870,-2.95413160,0.13384461,9.78575325,6.00000000,-0.11762695,0.17080078,0.03426422,-0.09335093,0.02501870,0.07000000,0.01725275,-0.04937956,-0.05442673,0.03848390,0.01401304,-3.30216289,3.46971464,-0.09335217,0.01864081,-0.00732601,-0.25224853,
8878,-1.08904839,-0.48146522,6.15374947,6.00000000,-0.08862305,0.06928711,0.00521981,0.17124632,-0.03373628,0.07000000,0.01725275,0.05143712,-0.00842623,0.01685937,0.01401304,-3.82052565,3.64599276,0.17124283,0.01838363,-0.00732601,-0.25824612,
8886,-1.42423666,-0.58202171,6.56555176,6.00000000,-0.01933594,0.04350586,0.02587065,0.42665061,-0.04612679,0.07000000,0.01725275,0.06275371,0.03404882,-0.02235657,0.01401304,-3.68613529,3.47320533,0.42665228,0.02043088,-0.00732601,-0.22859374,
8893,-0.43303716,-0.64905936,8.09305286,5.00000000,0.02416992,-0.02578125,0.05304983,0.44623563,-0.02374394,0.07000000,0.01725275,-0.04269303,0.03032676,-0.04344583,0.01401304,-3.33183336,3.47669578,0.44623956,0.02389576,-0.00732601,-0.21445690,
8902,1.53739083,-0.94115198,10.52556133,6.00000000,0.04350586,-0.07089844,-0.06645861,0.33245614,0.00756541,0.07000000,0.01725275,0.05349508,0.03345363,-0.02406785,0.01401304,-3.04734492,2.86583066,0.33245286,0.02665800,-0.00732601,-0.19024977,
8910,0.96038824,0.10511419,13.34593105,6.00000000,0.04028320,-0.03706055,-0.04087820,-0.04378891,0.03621012,0.07000000,0.01725275,0.00154350,-0.02150661,0.01783462,0.01401304,-2.69129777,2.68606162,-0.04379386,0.02906542,-0.00732601,-0.19810437,
8918,1.66907191,-0.10796976,13.80082989,6.00000000,-0.01611328,0.01933594,-0.06072965,-0.28720239,0.06045821,0.07000000,0.01725275,0.02623325,-0.05297843,0.05458923,0.01401304,-2.50803804,2.41902637,-0.28720021,0.02756284,-0.00732601,-0.19942810,
8926,0.40732765,0.14581563,13.21903801,6.00000000,-0.07573242,0.08540039,-0.04274344,-0.49144590,0.03900798,0.07000000,0.01725275,-0.02057514,-0.09404323,0.08411728,0.01401304,-2.68082595,2.75063896,-0.49143958,0.02490719,-0.00732601,-0.23251998,
8934,-1.05313540,0.03328814,10.59020519,6.00000000,-0.12246094,0.14824219,-0.08804206,-0.37020546,0.00689925,0.07000000,0.01725275,0.04166455,-0.07630360,0.08129187,0.01401304,-3.06479836,2.92342639,-0.37020391,0.02133343,-0.00732601,-0.24391292,
8942,-2.16883349,0.13863301,8.24628162,6.00000000,-0.11923828,0.14501953,0.03932701,-0.05244894,0.00196970,0.07000000,0.01150183,-0.05812413,-0.04775298,0.03120061,0.01401304,-3.24980307,3.44702530,-0.05245310,0.01922896,-0.00732601,-0.24656287,
8950,-1.20397007,-0.22049724,5.73955250,6.00000000,-0.08056641,0.05800781,0.02174049,0.22653729,-0.05252189,0.07000000,0.01150183,0.04475082,0.00182218,0.00652246,0.01401304,-3.67915416,3.52731061,0.22653556,0.01912233,-0.00732601,-0.24481051,
8958,-0.77301377,-0.60117531,6.46738958,6.00000000,-0.00322266,0.03706055,0.07956284,0.40626624,-0.05425389,0.07000000,0.01725275,0.03600617,0.03045955,-0.02511922,0.01401304,-3.46622396,3.34405088,0.40627071,0.02088243,-0.00732601,-0.21741796,
8965,0.18227269,-0.37133196,8.03559208,5.00000000,0.01450195,-0.04189453,0.02613712,0.42918202,-0.03080519,0.07000000,0.01725275,-0.03754938,0.03113061,-0.04306869,0.01401304,-3.10668612,3.23409510,0.42918596,0.02385517,-0.00732601,-0.19873728,
8974,1.91806889,-1.17817795,10.50640774,6.00000000,0.04511719,-0.05961914,-0.06006350,0.19229686,0.00570017,0.07000000,0.01725275,0.01851749,0.01072807,-0.00990685,0.01401304,-2.82743335,2.76460147,0.19229588,0.02655673,-0.00732601,-0.18876971,
8982,1.95398200,0.78746170,12.50077820,6.00000000,0.00483398,-0.03544922,-0.02915385,-0.13491908,0.03194672,0.07000000,0.01725275,-0.00720111,-0.03571535,0.02976199,0.01401304,-2.51327419,2.53770852,-0.13492110,0.02741019,-0.00732601,-0.19287986,
8990,1.47993004,-0.61554050,13.31959534,6.00000000,-0.03383789,0.05478515,-0.05846474,-0.33956227,0.06805239,0.07000000,0.01725275,0.00925908,-0.06479061,0.06225529,0.01401304,-2.48360348,2.45218754,-0.33955920,0.02562742,-0.00732601,-0.20354043,
8998,0.47675949,0.71563560,12.06742764,6.00000000,-0.09506836,0.09345703,-0.05833148,-0.46693137,0.05006617,0.07000000,0.01725275,0.01748870,-0.08839282,0.08748187,0.01401304,-2.73842144,2.67908049,-0.46692610,0.02267386,-0.00732601,-0.23023658,
9006,-1.78576112,-0.06247993,10.07545185,6.00000000,-0.11279297,0.16435547,-0.03674803,-0.24323606,0.04273845,0.07000000,0.01725275,-0.00205716,-0.06442773,0.05934955,0.01401304,-2.93738914,2.94437051,-0.24323723,0.01953284,-0.00732601,-0.23084849,
9014,-1.50324535,0.51691687,7.47534847,6.00000000,-0.10634766,0.10151367,-0.00197467,-0.00222076,-0.00975465,0.07000000,0.01725275,-0.00977318,-0.03549876,0.02910935,0.01401304,-3.28121901,3.31438017,-0.00222461,0.01863731,-0.00732601,-0.23925170,
9022,-1.70435822,-0.29471749,6.29500723,6.00000000,-0.05156250,0.06606445,0.01907586,0.28462613,-0.02147900,0.07000000,0.01725275,0.03291985,0.01101127,-0.00668605,0.01401304,-3.41909981,3.30739903,0.28462484,0.01916493,-0.00732601,-0.22320028,
9030,-0.50007480,-0.41682178,7.63576031,6.00000000,0.00161133,0.00483398,0.06370833,0.39454189,-0.06211453,0.07000000,0.01725275,-0.00720114,0.02654856,-0.03142459,0.01401304,-3.21140575,3.23584032,0.39454588,0.02159055,-0.00732601,-0.20510803,
9037,0.22057991,-0.53413767,9.43859386,5.00000000,0.02739258,-0.04833984,-0.01836211,0.35164145,-0.03040550,0.07000000,0.01725275,0.04886567,0.03374541,-0.02543684,0.01401304,-2.99149418,2.82568789,0.35164258,0.02440950,-0.00732601,-0.18537878,
9046,1.18783736,-0.66342455,12.61569977,6.00000000,0.04511719,-0.03383789,0.03186606,0.06799211,-0.01188635,0.07000000,0.01725275,-0.04989397,-0.01323145,-0.00237102,0.01401304,-2.51676464,2.68606162,0.06798691,0.02647470,-0.00732601,-0.18367331,
9054,1.76005161,-0.17979582,12.92215729,6.00000000,-0.00805664,-0.00966797,-0.08631005,-0.22111970,-0.01321867,0.07000000,0.01725275,0.02057502,-0.04466386,0.04507279,0.01401304,-2.46091413,2.39110112,-0.22111951,0.02662494,-0.00732601,-0.19191667,
9062,0.69463187,-0.25162187,13.35071945,6.00000000,-0.06445312,0.06123047,-0.01529781,-0.40617791,0.02408608,0.07000000,0.01725275,-0.06995429,-0.08517578,0.06377705,0.01401304,-2.36492109,2.60228610,-0.40617287,0.02457478,-0.00732601,-0.20950875,
9070,-0.70358193,-0.39527395,11.33240795,6.00000000,-0.10473633,0.11601563,-0.06419367,-0.41790223,0.02808302,0.07000000,0.01725275,-0.01183070,-0.08582528,0.07808644,0.01401304,-2.68431640,2.72445917,-0.41789839,0.02165486,-0.00732601,-0.22636576,
9078,-1.48648596,0.14820983,9.14171314,6.00000000,-0.13212891,0.13535157,-0.04460866,-0.19820395,-0.01308544,0.07000000,0.01725275,-0.07818520,-0.06902980,0.04606198,0.01401304,-2.90946388,3.17475390,-0.19820632,0.01866535,-0.00732601,-0.23492280,
9086,-1.45775545,-0.03374951,6.72117519,6.00000000,-0.09345703,0.08378907,0.01281399,0.14393391,-0.02600887,0.07000000,0.01725275,-0.01131640,-0.01518736,0.00874121,0.01401304,-3.23409510,3.27249241,0.14392936,0.01752567,-0.00732601,-0.22542895,
9094,-1.65168583,-0.40245658,6.57752275,6.00000000,-0.03383789,0.04350586,0.05877877,0.32326314,-0.06437947,0.07000000,0.01725275,0.03652038,0.01821037,-0.01294737,0.01401304,-3.33532429,3.21140575,0.32326478,0.01927340,-0.00732601,-0.21388228,
9102,0.07213940,-0.24922766,7.81771946,6.00000000,0.00644531,-0.01933594,0.04772058,0.41932288,-0.06757701,0.07000000,0.01725275,0.02983373,0.03761616,-0.03368679,0.01401304,-3.01941967,2.91819048,0.41932523,0.02171110,-0.00732601,-0.18483721,
9109,0.99869549,-0.68736655,10.39866924,5.00000000,0.04833984,-0.04028320,-0.00250760,0.23439792,-0.04665971,0.07000000,0.01725275,-0.04114984,0.00882080,-0.02201348,0.01401304,-2.66511774,2.80474401,0.23439853,0.02505102,-0.00732601,-0.18128864,
9118,1.90849209,0.00934612,11.82561302,6.00000000,0.00805664,-0.04350586,-0.06299458,-0.04139075,-0.02707472,0.07000000,0.01725275,0.01851757,-0.02067619,0.02097508,0.01401304,-2.47662210,2.41379046,-0.04139253,0.02515749,-0.00732601,-0.18027848,
9126,1.31951845,-0.18937261,13.44169903,6.00000000,-0.02578125,0.02739258,0.00002379,-0.27827591,0.02688394,0.07000000,0.01725275,-0.04475063,-0.06227479,0.04710587,0.01401304,-2.25496531,2.40680885,-0.27827254,0.02420070,-0.00732601,-0.18916415,
9134,0.76885211,-0.00262489,12.08897495,6.00000000,-0.07250977,0.07734375,-0.07192109,-0.41523764,0.01582574,0.07000000,0.01725275,-0.00257197,-0.08214973,0.07660293,0.01401304,-2.47836757,2.48709416,-0.41523314,0.02131351,-0.00732601,-0.21010235,
9142,-0.94539630,-0.02417270,10.29332352,6.00000000,-0.12729493,0.13212891,-0.02955355,-0.33250102,0.00876449,0.07000000,0.01725275,-0.04114978,-0.08111524,0.06659929,0.01401304,-2.67558980,2.81521606,-0.33250040,0.01829251,-0.00732601,-0.22314802,
9150,-1.22312367,0.11708520,7.09706450,6.00000000,-0.10795899,0.11762695,-0.02115998,-0.04658677,-0.02161224,0.07000000,0.01725275,0.00720113,-0.04036951,0.03786570,0.01401304,-3.11715817,3.09272337,-0.04659277,0.01623386,-0.00732601,-0.22848615,
9158,-1.73069453,0.05962436,6.97974873,6.00000000,-0.07089844,0.08378907,0.04505596,0.20255566,-0.04612679,0.07000000,0.01725275,-0.01594561,-0.00869721,0.00127120,0.01401304,-3.23234963,3.28645492,0.20255418,0.01626724,-0.00732601,-0.22162147,
9166,-0.70837033,0.33974597,6.32373762,6.00000000,-0.01933594,0.00805664,0.02893497,0.39920497,-0.05465358,0.07000000,0.01725275,0.05863815,0.03146153,-0.02082346,0.01401304,-3.28121901,3.08225155,0.39920783,0.01797103,-0.00732601,-0.20173322,
9174,0.17748427,-0.45991740,9.21832752,6.00000000,0.03383789,-0.01611328,0.04492272,0.36296609,-0.03799968,0.07000000,0.01725275,-0.01491651,0.02382439,-0.03059317,0.01401304,-2.90248251,2.95309711,0.36296871,0.02099335,-0.00732601,-0.18594959,
9181,1.55175602,-0.23007405,10.80807781,5.00000000,0.03061523,-0.05478515,-0.03914619,0.18563530,-0.01388482,0.07000000,0.01725275,0.02777642,0.00824771,-0.00529799,0.01401304,-2.70176983,2.60752177,0.18563366,0.02274089,-0.00732601,-0.17900342,
9190,1.45598793,-0.46710002,13.28128815,6.00000000,0.00322266,-0.00322266,-0.02355813,-0.11240300,0.01729129,0.07000000,0.01725275,-0.03600605,-0.03768351,0.02493697,0.01401304,-2.26718259,2.38935566,-0.11240676,0.02370805,-0.00732601,-0.17694895,
9198,1.66667771,0.44030243,12.76892853,6.00000000,-0.03867187,0.03706055,-0.05966379,-0.34875521,0.02928210,0.07000000,0.01725275,0.01183060,-0.06778089,0.06579296,0.01401304,-2.31430674,2.27416396,-0.34875238,0.02205643,-0.00732601,-0.19161661,
9206,-0.16009817,-0.12233497,11.79688263,6.00000000,-0.10795899,0.10634766,-0.01702981,-0.43548876,0.02235407,0.07000000,0.01725275,-0.04320752,-0.09310369,0.07789098,0.01401304,-2.48709416,2.63370180,-0.43548486,0.01923929,-0.00732601,-0.21720152,
9214,-1.44578445,-0.17021900,8.91665840,6.00000000,-0.12407227,0.13696289,-0.06072965,-0.20273378,0.01622544,0.07000000,0.01725275,0.00051425,-0.06074104,0.05632096,0.01401304,-2.83965063,2.83790541,-0.20273703,0.01622672,-0.00732601,-0.22050983,
9222,-2.02039289,-0.23007405,7.83208466,6.00000000,-0.10795899,0.10312500,0.00908352,0.05746683,0.00636633,0.07000000,0.01725275,-0.04732239,-0.03225796,0.01710031,0.01401304,-3.01243830,3.17300868,0.05746305,0.01561334,-0.00732601,-0.22005635,
9230,-1.18002808,-0.30908272,6.07952881,6.00000000,-0.03706055,0.03706055,0.01947556,0.33831829,-0.01708237,0.07000000,0.01725275,0.04680803,0.02123315,-0.01353050,0.01401304,-3.17998981,3.02116513,0.33831841,0.01713175,-0.00732601,-0.20026380,
9238,-0.67006314,-0.25162187,7.94700623,6.00000000,0.00644531,-0.00322266,0.05398244,0.37975323,-0.05185573,0.07000000,0.01725275,0.01697439,0.02875574,-0.02796757,0.01401304,-2.98974895,2.93215322,0.37975669,0.02019502,-0.00732601,-0.18713662,
9246,0.56534493,-0.50780147,10.22389221,6.00000000,0.03544922,-0.04833984,0.02920143,0.32619426,-0.00855557,0.07000000,0.01725275,0.03600625,0.03070707,-0.02550358,0.01401304,-2.63021111,2.50803804,0.32619417,0.02282215,-0.00732601,-0.16261250,
9253,1.57090962,-0.99382436,12.69231415,5.00000000,0.03222656,-0.03867187,-0.02555662,-0.01527743,0.01302789,0.07000000,0.01725275,0.01646027,-0.01653678,0.01639910,0.01401304,-2.33874130,2.28289080,-0.01528159,0.02428777,-0.00732601,-0.16864215,
9262,2.24128604,-0.23725665,12.92215729,6.00000000,-0.00966797,0.02578125,-0.09856731,-0.28427133,0.04513662,0.07000000,0.01725275,-0.01440232,-0.05932469,0.05129475,0.01401304,-2.15199113,2.20086026,-0.28426954,0.02279989,-0.00732601,-0.17840040,
9270,0.46000007,-0.54371446,12.68273735,6.00000000,-0.08540039,0.07412110,-0.06059641,-0.43748724,0.03594366,0.07000000,0.01725275,-0.00205763,-0.08499338,0.07950833,0.01401304,-2.34397721,2.35095835,-0.43748140,0.02019455,-0.00732601,-0.20190886,
9278,-1.48169744,-0.30190009,10.85596180,6.00000000,-0.11279297,0.14179687,-0.02502368,-0.34382564,0.01542605,0.07000000,0.01725275,-0.00771558,-0.07824046,0.07158203,0.01401304,-2.55865288,2.58483267,-0.34382245,0.01699042,-0.00732601,-0.21137844,
9286,-1.53915834,-0.39287975,8.20557976,6.00000000,-0.12084961,0.11923828,-0.00996854,-0.11333562,-0.02347747,0.07000000,0.01725275,0.01748874,-0.04948460,0.04924452,0.01401304,-3.01941967,2.96007848,-0.11333928,0.01445566,-0.00732601,-0.22497393,
9294,-1.86237562,-0.31387112,6.83849096,6.00000000,-0.07412110,0.11118164,0.04758736,0.22693697,-0.02307778,0.07000000,0.01725275,-0.00308610,-0.00445454,0.00009500,0.01401304,-3.11715817,3.12763000,0.22693315,0.01410579,-0.00732601,-0.20992091,
9302,-1.06989479,0.04765335,6.62061882,6.00000000,-0.02255859,0.00644531,0.03439745,0.37908706,-0.06890933,0.07000000,0.01725275,0.02931916,0.02380578,-0.02015274,0.01401304,-3.19220710,3.09272337,0.37909076,0.01642032,-0.00732601,-0.20034465,
9310,-0.11700253,-0.28035229,8.75385189,6.00000000,0.02578125,-0.01611328,0.03586300,0.41625857,-0.02600887,0.07000000,0.01725275,-0.00051433,0.03345541,-0.03672232,0.01401304,-2.76111078,2.76285625,0.41626045,0.01943775,-0.00732601,-0.17006488,
9318,1.69061971,-0.38809136,10.62611771,6.00000000,0.03706055,-0.06606445,0.01721063,0.19296300,0.00210293,0.07000000,0.01725275,0.03960678,0.01152891,-0.00577547,0.01401304,-2.58483267,2.45044208,0.19296169,0.02204769,-0.00732601,-0.16853899,
9325,1.55175602,-0.28514069,13.03947353,5.00000000,0.02578125,-0.00483398,-0.06645861,-0.06670469,0.04233876,0.07000000,0.01725275,0.01697438,-0.02385274,0.02371047,0.01401304,-2.20609617,2.14850020,-0.06670685,0.02297408,-0.00732601,-0.16269042,
9334,0.94841725,0.46185026,13.91096306,6.00000000,-0.03061523,0.03222656,-0.07711711,-0.35488388,0.04886709,0.07000000,0.01725275,0.00205756,-0.06845991,0.06415018,0.01401304,-2.15373635,2.14675498,-0.35488108,0.02178079,-0.00732601,-0.18162167,
9342,0.45281747,0.38044739,11.76096916,6.00000000,-0.09506836,0.10473633,-0.02076028,-0.43402323,0.06298961,0.07000000,0.01725275,-0.00411497,-0.08689652,0.08091219,0.01401304,-2.36143064,2.37539315,-0.43401790,0.01847100,-0.00732601,-0.20317617,
9350,-1.47690904,0.12666200,9.77378178,6.00000000,-0.11440430,0.14018555,-0.06432689,-0.28813499,0.00623309,0.07000000,0.01725275,0.07869930,-0.06269890,0.07654698,0.01401304,-2.79078126,2.52374625,-0.28813589,0.01540968,-0.00732601,-0.21354149,
9358,-2.12334347,0.28228512,7.90869904,6.00000000,-0.10473633,0.13051757,0.08222747,0.03708245,0.01635867,0.07000000,0.01725275,-0.05863829,-0.03628697,0.01839687,0.01401304,-2.81870675,3.01767421,0.03707701,0.01403304,-0.00732601,-0.20888060,
9366,-1.66605103,-0.75919265,6.60146475,6.00000000,-0.04995117,0.05478515,-0.00690422,0.30980679,-0.03973169,0.07000000,0.01725275,0.06892614,0.01808145,-0.00524120,0.01401304,-3.16951799,2.93564367,0.30980709,0.01517021,-0.00732601,-0.19885117,
9374,-0.24868362,-0.04332631,7.22156334,6.00000000,0.00805664,0.00000000,0.08382624,0.36336577,-0.05238865,0.07000000,0.01725275,0.02263253,0.02451819,-0.02245982,0.01401304,-2.97404099,2.89724660,0.36337057,0.01766137,-0.00732601,-0.18648987,
9382,0.33550158,-0.48385942,9.86236763,6.00000000,0.02416992,-0.02416992,0.06370833,0.34551281,-0.01495067,0.07000000,0.01725275,0.01388820,0.02834933,-0.02835565,0.01401304,-2.57436061,2.52723670,0.34551552,0.02034265,-0.00732601,-0.15988302,
9390,2.08326888,-0.73285639,11.60055828,6.00000000,0.03061523,-0.05156250,-0.05659949,0.03055412,0.00396816,0.07000000,0.01725275,-0.00977311,-0.01764287,0.01136607,0.01401304,-2.34223175,2.37539315,0.03055182,0.02060506,-0.00732601,-0.16879889,
9397,1.65710092,-0.39766815,12.79047680,5.00000000,-0.01127930,0.02094727,-0.08737590,-0.19340762,0.07111671,0.07000000,0.01725275,0.00462899,-0.04601775,0.04265095,0.01401304,-2.12057495,2.10486698,-0.19340792,0.02022191,-0.00732601,-0.16719434,
9406,0.84546655,-0.06487413,13.05623245,6.00000000,-0.07412110,0.06445312,-0.04660713,-0.37140453,0.06485485,0.07000000,0.01725275,0.00668700,-0.07457832,0.07128543,0.01401304,-2.21656823,2.19387889,-0.37139976,0.01852205,-0.00732601,-0.18680514,
9414,0.26128134,-0.11275817,10.66442490,6.00000000,-0.09990235,0.12729493,-0.04021204,-0.39511970,0.04287169,0.07000000,0.01725275,0.01440257,-0.08404639,0.08248157,0.01401304,-2.53770852,2.48883963,-0.39511773,0.01550595,-0.00732601,-0.21085835,
9422,-1.52479315,-0.04572052,8.39472198,6.00000000,-0.13051757,0.14018555,-0.02475721,-0.14331263,0.00396816,0.07000000,0.01725275,0.05966749,-0.04850673,0.05814696,0.01401304,-2.92866254,2.72620416,-0.14331788,0.01307233,-0.00732601,-0.21537936,
9430,-1.70914662,-0.22289145,7.05875731,6.00000000,-0.07089844,0.11118164,0.05611415,0.16858169,0.02928210,0.07000000,0.01725275,0.00257216,-0.01226905,0.00911004,0.01401304,-3.05607152,3.04734492,0.16857859,0.01335705,-0.00732601,-0.20902684,
9438,-1.17284548,0.03089394,6.47696638,6.00000000,-0.03706055,0.02578125,-0.00637131,0.36922798,-0.04106400,0.07000000,0.01725275,0.10236116,0.03053081,-0.00966818,0.01401304,-3.21315122,2.86583066,0.36922947,0.01491938,-0.00732601,-0.19359395,
9446,-0.09545472,-0.13909438,8.51203823,6.00000000,0.03867187,0.00322266,0.07969608,0.40666592,0.00250262,0.07000000,0.01725275,0.00102903,0.03065600,-0.03359801,0.01401304,-2.75063896,2.74714804,0.40666932,0.01787387,-0.00732601,-0.16981131,
9454,0.78321731,-0.11036396,10.48964882,6.00000000,0.03706055,-0.05478515,0.01880939,0.27077004,0.00876449,0.07000000,0.01725275,0.04989443,0.02360008,-0.01526308,0.01401304,-2.49582076,2.32652402,0.27077001,0.02054328,-0.00732601,-0.15517923,
9462,1.39373875,-0.23486245,12.84793758,6.00000000,0.03383789,-0.02739258,-0.06446012,-0.07709672,0.03327904,0.07000000,0.01725275,-0.00462946,-0.02900414,0.02372066,0.01401304,-2.11882973,2.13453770,-0.07709998,0.02146767,-0.00732601,-0.15977430,
9469,1.02503169,0.01892293,13.70745564,5.00000000,-0.02900391,0.04189453,-0.08297927,-0.28480422,0.04966648,0.07000000,0.01725275,0.03857818,-0.05362219,0.05807495,0.01401304,-2.04378057,1.91288078,-0.28480148,0.02030155,-0.00732601,-0.16407706,
9478,0.31155959,-0.27556387,12.66118908,6.00000000,-0.07734375,0.09184571,-0.01663011,-0.44041833,0.07924382,0.07000000,0.01725275,0.04063588,-0.08077818,0.08534215,0.01401304,-2.21656823,2.07868719,-0.44041222,0.01774679,-0.00732601,-0.18763295,
9486,-0.51444000,-0.18219002,9.68998528,6.00000000,-0.10795899,0.14663085,-0.10469597,-0.36434329,0.04153937,0.07000000,0.01725275,0.04629373,-0.07716677,0.08318480,0.01401304,-2.58832335,2.43124366,-0.36434579,0.01425208,-0.00732601,-0.20837428,
9494,-2.36755204,0.17215183,8.03319740,6.00000000,-0.12890625,0.14340821,-0.01329932,-0.01754236,0.01595897,0.07000000,0.01725275,0.00000037,-0.03587286,0.03170799,0.01401304,-2.76285625,2.76285625,-0.01754758,0.01368202,-0.00732601,-0.20157917,
9502,-1.63971484,-0.40963918,6.70441580,6.00000000,-0.04995117,0.07089844,0.04958581,0.23826161,-0.00335955,0.07000000,0.01150183,0.04166444,0.00503862,0.00255974,0.01401304,-3.08050609,2.93913436,0.23826008,0.01462057,-0.00732601,-0.20093805,
9510,-0.31811547,-0.07445094,6.68047380,6.00000000,-0.01127930,0.00966797,0.06743881,0.38921264,-0.06397977,0.07000000,0.01150183,0.12036303,0.04023487,-0.01369598,0.01401304,-3.06305289,2.65464592,0.38921708,0.01662322,-0.00732601,-0.17904842,
9518,0.15833066,-0.44555220,9.62534142,6.00000000,0.04350586,-0.00966797,0.09421828,0.33298907,0.00130354,0.07000000,0.01725275,-0.01903097,0.02159646,-0.02941334,0.01401304,-2.53072739,2.59530449,0.33298883,0.01953238,-0.00732601,-0.16167697,
9526,1.31712425,-0.68497235,11.18875504,6.00000000,0.02739258,-0.04189453,-0.02315845,0.16591707,0.01316112,0.07000000,0.01725275,0.02366136,0.00924850,-0.00731775,0.01401304,-2.21831346,2.13802838,0.16591637,0.02167653,-0.00732601,-0.14588854,
9534,1.43204594,0.03807654,13.56380367,6.00000000,0.00966797,-0.01772461,-0.09243869,-0.24709979,0.06711977,0.07000000,0.01725275,0.00205817,-0.05076654,0.04669558,0.01401304,-1.97047675,1.96349537,-0.24710120,0.02170892,-0.00732601,-0.16052134,
9541,1.29557645,-0.31626531,13.44409370,5.00000000,-0.05639648,0.07734375,-0.07551832,-0.39072308,0.08443984,0.07000000,0.01725275,0.01028717,-0.07379195,0.07131548,0.01401304,-1.98443925,1.94953275,-0.39071724,0.01887914,-0.00732601,-0.17093349,
9550,-0.29656765,-0.33541891,11.27255249,6.00000000,-0.10312500,0.12407227,-0.05779856,-0.43775368,0.07551333,0.07000000,0.01725275,0.08590077,-0.07882968,0.09406231,0.01401304,-2.43647981,2.14500976,-0.43775037,0.01583887,-0.00732601,-0.19781578,
9558,-1.52479315,-0.23486245,9.28057671,6.00000000,-0.10795899,0.15307617,-0.01596395,-0.25349489,0.02595132,0.07000000,0.01725275,0.00874409,-0.06826760,0.06564578,0.01401304,-2.65115499,2.62148452,-0.25349748,0.01309948,-0.00732601,-0.20951176,
9566,-2.25023627,-0.40724498,7.36521530,6.00000000,-0.10634766,0.12890625,0.00828413,0.13807175,0.00210293,0.07000000,0.01725275,0.00720135,-0.01575899,0.01361337,0.01401304,-2.90422773,2.87979317,0.13806704,0.01204330,-0.00732601,-0.19966091,
9574,-1.22791207,-0.07445094,6.05319262,6.00000000,-0.02416992,0.03383789,0.04119224,0.31060621,-0.03693383,0.07000000,0.01725275,0.07612751,0.01727773,-0.00275866,0.01401304,-3.14159274,2.88328385,0.31060806,0.01316126,-0.00732601,-0.19588268,
9582,-0.94060791,-0.22289145,7.74110508,6.00000000,0.00322266,0.00644531,0.08022900,0.44090635,-0.03067196,0.07000000,0.01725275,0.04989452,0.03924344,-0.03060009,0.01401304,-2.78729081,2.61799383,0.44091040,0.01545415,-0.00732601,-0.16397570,
9590,0.48394209,-0.22049724,10.57584000,6.00000000,0.05800781,-0.05317383,0.03626269,0.33498752,0.01156234,0.07000000,0.01150183,-0.02006078,0.02370672,-0.03041172,0.01401304,-2.33350515,2.40157318,0.33498719,0.01862701,-0.00732601,-0.14736012,
9598,2.32508326,-0.92439252,11.97405338,6.00000000,0.02416992,-0.04028320,-0.10176488,0.00897066,0.04100645,0.07000000,0.01150183,0.04629378,-0.01082626,0.01909452,0.01401304,-2.12755632,1.97047675,0.00896856,0.01974811,-0.00732601,-0.14790355,
9606,1.68822551,0.18172865,13.83434868,6.00000000,-0.01289062,0.01772461,-0.05380163,-0.31211662,0.07951027,0.07000000,0.01150183,-0.01028726,-0.06267405,0.05686978,0.01401304,-1.80467045,1.83957708,-0.31211561,0.01867952,-0.00732601,-0.15473232,
9613,0.65153623,-0.29711169,13.09932804,5.00000000,-0.06928711,0.08862305,-0.06179553,-0.46266791,0.07737859,0.07000000,0.01150183,0.00462977,-0.08861183,0.08596121,0.01401304,-2.05599785,2.04028988,-0.46266195,0.01578560,-0.00732601,-0.18203333,
9622,-1.29973817,0.06680696,10.44655323,6.00000000,-0.12890625,0.16113281,-0.09217223,-0.37127131,0.02048884,0.07000000,0.01150183,0.10441838,-0.07065699,0.09173070,0.01401304,-2.57785130,2.22354960,-0.37127030,0.01308408,-0.00732601,-0.20096780,
9630,-1.53197575,0.37805319,7.53520346,6.00000000,-0.09667969,0.14501953,0.10714172,-0.07736319,0.02341992,0.07000000,0.01150183,0.00720134,-0.04599953,0.04472856,0.01401304,-2.76285625,2.73842144,-0.07736957,0.01088427,-0.00732601,-0.20503063,
9638,-2.15446806,-0.85017228,6.99890232,6.00000000,-0.07412110,0.10473633,0.00735152,0.24772105,-0.01641622,0.07000000,0.01150183,0.07201228,0.00701375,0.00773291,0.01401304,-3.07352495,2.82917881,0.24771833,0.01133116,-0.00732601,-0.19601339,
9646,-0.44979656,0.26791990,5.99333763,6.00000000,-0.00161133,0.01611328,0.03799470,0.38081908,-0.03586798,0.07000000,0.01150183,0.06532536,0.02827258,-0.01478770,0.01401304,-3.02640080,2.80474401,0.38082379,0.01340779,-0.00732601,-0.18376921,
9654,-0.33726910,-0.41203338,8.86398602,6.00000000,0.01933594,0.00161133,0.04399011,0.42145464,-0.01055404,0.07000000,0.01150183,-0.01645956,0.03242116,-0.03811469,0.01401304,-2.50454736,2.56039786,0.42145437,0.01652009,-0.00732601,-0.15304886,
9662,1.33627796,-0.28274649,10.48486042,6.00000000,0.05478515,-0.06445312,-0.03874650,0.24385735,0.01689159,0.07000000,0.01725275,0.05452382,0.02163283,-0.01226522,0.01401304,-2.33001447,2.14500976,0.24385718,0.01998207,-0.00732601,-0.14453995,
9670,1.24050987,0.40199521,13.56380367,6.00000000,0.01772461,-0.02094727,-0.02835446,-0.13571846,0.03994060,0.07000000,0.01725275,0.04114998,-0.03010852,0.03550585,0.01401304,-1.98967540,1.85004902,-0.13572086,0.02110155,-0.00732601,-0.14902972,
9678,1.58527493,-0.06966253,13.62844658,6.00000000,-0.02739258,0.06445312,-0.06006350,-0.36181188,0.06831886,0.07000000,0.01725275,0.01183103,-0.06763314,0.06558257,0.01401304,-1.78896248,1.74881983,-0.36180812,0.01841141,-0.00732601,-0.15447570,
9685,0.25649294,0.30383292,12.76892853,5.00000000,-0.07895508,0.10151367,-0.07551832,-0.53527898,0.05766036,0.07000000,0.01725275,0.02006075,-0.09942134,0.09889130,0.01401304,-2.16769886,2.09963107,-0.53527308,0.01540819,-0.00732601,-0.19349793,
9694,-2.54711723,-0.47188842,11.20312023,6.00000000,-0.15146485,0.17402343,-0.08058112,-0.28880113,0.04713509,0.07000000,0.01725275,0.00000054,-0.07249509,0.06773058,0.01401304,-2.43473434,2.43473434,-0.28879732,0.01272971,-0.00732601,-0.19745602,
9702,-1.72111762,-0.35696673,7.21198654,6.00000000,-0.09990235,0.11923828,0.00055671,0.03015443,0.01329435,0.07000000,0.01725275,0.02108934,-0.02941276,0.03030128,0.01401304,-2.80823469,2.73667622,0.03014946,0.01112827,-0.00732601,-0.19881719,
9710,-1.75703073,-0.87650853,6.74272299,6.00000000,-0.05800781,0.06606445,0.07663175,0.27370113,-0.00709003,0.07000000,0.01725275,0.03549194,0.00698406,-0.00215625,0.01401304,-2.94437051,2.82394290,0.27370083,0.01170274,-0.00732601,-0.18925801,
9718,-0.56711245,-0.41682178,6.37162161,6.00000000,0.00644531,0.00805664,0.05824585,0.42918202,-0.04093077,0.07000000,0.01725275,0.07149796,0.03934724,-0.02564333,0.01401304,-2.75936556,2.51676464,0.42918605,0.01410948,-0.00732601,-0.16014373,
9726,0.42408705,-0.61075211,9.61815929,6.00000000,0.03222656,-0.03867187,0.04385687,0.33791861,-0.00735649,0.07000000,0.01725275,-0.03189052,0.02049255,-0.03135805,0.01401304,-2.32477856,2.43298888,0.33791935,0.01734261,-0.00732601,-0.14796995,
9734,1.44401693,-0.52934927,11.69153786,6.00000000,0.03706055,-0.03706055,-0.08124728,0.09117433,0.05206464,0.07000000,0.01725275,0.06275369,0.00224558,0.00872732,0.01401304,-2.12930179,1.91637158,0.09117107,0.01936213,-0.00732601,-0.14004569,
9742,1.62358212,0.20088226,13.07299232,6.00000000,0.00322266,0.00161133,-0.06779090,-0.23084557,0.06392223,0.07000000,0.01725275,0.06223946,-0.04230591,0.05246022,0.01401304,-1.97920334,1.76801860,-0.23084623,0.01982731,-0.00732601,-0.15257309,
9750,1.18065476,-0.49822465,13.62605286,6.00000000,-0.06123047,0.08540039,-0.04980469,-0.42123303,0.10935407,0.07000000,0.01725275,-0.04372064,-0.08481771,0.06950669,0.01401304,-1.77499974,1.92335284,-0.42122582,0.01745747,-0.00732601,-0.16460414,
9757,-0.11939673,-0.57483912,11.46408844,5.00000000,-0.10151367,0.13051757,-0.14333305,-0.42256534,0.05752712,0.07000000,0.01725275,0.06326813,-0.08011757,0.09002019,0.01401304,-2.30208921,2.08741379,-0.42256054,0.01410306,-0.00732601,-0.18975495,
9766,-1.90547121,0.55522412,9.54872704,6.00000000,-0.12729493,0.14501953,0.03786147,-0.24443516,0.02341992,0.07000000,0.01725275,0.00154294,-0.06960542,0.06527542,0.01401304,-2.56214333,2.55690742,-0.24443625,0.01068039,-0.00732601,-0.20328724,
9774,-1.85998142,-0.74482739,6.99411392,6.00000000,-0.09506836,0.12890625,0.06837143,0.14713147,-0.02201193,0.07000000,0.01725275,0.02417581,-0.01378412,0.01563661,0.01401304,-2.78903627,2.70700574,0.14712647,0.00933276,-0.00732601,-0.18856487,
9782,-1.14650929,-0.15824799,6.01488543,6.00000000,-0.04672851,0.02416992,0.06970374,0.30634281,-0.07397211,0.07000000,0.01725275,0.06429643,0.01351758,-0.00183066,0.01401304,-3.02465558,2.80648947,0.30634505,0.01058570,-0.00732601,-0.18916902,
9790,-1.02440500,-1.30985904,7.74828768,6.00000000,0.00966797,0.01611328,0.06650619,0.43624327,-0.02414363,0.07000000,0.01725275,-0.03189097,0.02743751,-0.03813739,0.01401304,-2.59879518,2.70700574,0.43624595,0.01362099,-0.00732601,-0.16070729,
9798,1.22375047,-0.37372616,10.19516182,6.00000000,0.02416992,-0.06284180,-0.06952292,0.29874864,-0.04212985,0.07000000,0.01725275,0.01183069,0.01876010,-0.01939945,0.01401304,-2.41029978,2.37015724,0.29874980,0.01637115,-0.00732601,-0.15163223,
9806,1.55415022,-0.25641027,12.40022182,6.00000000,0.02416992,-0.02900391,-0.01663011,0.02375933,0.02581809,0.07000000,0.01725275,-0.04423608,-0.02350889,0.00904309,0.01401304,-2.02458191,2.17468023,0.02375564,0.01717738,-0.00732601,-0.15050106,
9814,1.29797065,0.18651704,13.54943848,6.00000000,-0.02094727,0.01127930,-0.05180316,-0.22338462,-0.00362602,0.07000000,0.01725275,0.03652071,-0.04781799,0.05188242,0.01401304,-1.98269403,1.85877562,-0.22338393,0.01712585,-0.00732601,-0.15544856,
9822,0.68266082,-0.14627698,13.01792526,6.00000000,-0.07412110,0.07412110,0.00521981,-0.42229885,0.03860829,0.07000000,0.01725275,0.00720106,-0.08482036,0.08149782,0.01401304,-2.14151883,2.11708450,-0.42229369,0.01511242,-0.00732601,-0.18499061,
9829,-1.15129769,-0.09599875,10.77934647,5.00000000,-0.11279297,0.14501953,-0.06392721,-0.32184252,0.02888240,0.07000000,0.01725275,-0.05709523,-0.08321515,0.06488959,0.01401304,-2.19213343,2.38586497,-0.32184011,0.01194927,-0.00732601,-0.18928589,
9838,-1.57985973,0.14581563,8.24388695,6.00000000,-0.12246094,0.11279297,-0.07738356,-0.10480881,-0.01575006,0.07000000,0.01725275,-0.00462948,-0.05186359,0.04637197,0.01401304,-2.63893771,2.65464592,-0.10481235,0.00997816,-0.00732601,-0.19949134,
9846,-1.66605103,0.01652873,6.77863598,6.00000000,-0.07895508,0.09990235,0.07196867,0.20175630,-0.01015435,0.07000000,0.01725275,-0.02726178,-0.01210725,0.00193501,0.01401304,-2.73318577,2.82568789,0.20175299,0.00950450,-0.00732601,-0.18688212,
9854,-0.44500816,-0.35696673,6.80257797,6.00000000,-0.02739258,0.01450195,0.00482012,0.35470572,-0.07437181,0.07000000,0.01725275,0.10390335,0.02731925,-0.00616398,0.01401304,-2.97404099,2.62148452,0.35470924,0.01124331,-0.00732601,-0.17712139,
9862,0.26846394,-0.32584211,8.83286095,6.00000000,0.02578125,0.00161133,0.08395948,0.36349899,-0.01535037,0.07000000,0.01725275,-0.02983376,0.01819263,-0.02856222,0.01401304,-2.53072739,2.63195658,0.36350045,0.01383661,-0.00732601,-0.16079342,
9870,1.38895035,-0.15345959,11.02116108,6.00000000,0.02416992,-0.04511719,-0.05166992,0.16951433,-0.02654179,0.07000000,0.01725275,0.04115004,0.00429258,0.00170422,0.01401304,-2.34048653,2.20086026,0.16951312,0.01586662,-0.00732601,-0.15233408,
9878,1.19501996,0.37565899,12.96046448,6.00000000,-0.00322266,-0.00805664,-0.00077560,-0.08402475,0.00943064,0.07000000,0.01725275,-0.03291953,-0.03795520,0.02591816,0.01401304,-1.98967540,2.10137653,-0.08402836,0.01648879,-0.00732601,-0.15439264,
9886,1.20459676,-0.13191178,13.28847027,6.00000000,-0.03867187,0.05317383,-0.05326869,-0.26388690,0.02262054,0.07000000,0.01725275,0.00411501,-0.06059588,0.05689954,0.01401304,-2.04901648,2.03505397,-0.26388457,0.01563487,-0.00732601,-0.16717920,
9894,0.09129302,0.18891124,11.75618076,6.00000000,-0.09023438,0.08701172,-0.02928708,-0.36674148,-0.01495067,0.07000000,0.01725275,0.00771553,-0.07995537,0.07685330,0.01401304,-2.25845599,2.23227620,-0.36673701,0.01339565,-0.00732601,-0.18937752,
9901,-1.66844523,-0.37612036,9.51760292,5.00000000,-0.11923828,0.13374023,0.00415397,-0.19487312,0.00450109,0.07000000,0.01725275,-0.09413010,-0.07272436,0.04591109,0.01401304,-2.29336262,2.61275792,-0.19487284,0.01046168,-0.00732601,-0.19197522,
9910,-1.33804536,-0.16064219,7.31493711,6.00000000,-0.10312500,0.08056641,-0.08084755,0.03948062,-0.06611147,0.07000000,0.01725275,-0.00565744,-0.03304700,0.02761777,0.01401304,-2.73667622,2.75587487,0.03947684,0.00921444,-0.00732601,-0.19624294,
9918,-1.35001636,0.08356638,6.86243296,6.00000000,-0.06445312,0.06445312,0.06823819,0.28102887,-0.06344684,0.07000000,0.01725275,-0.06326804,-0.00419599,-0.01430002,0.01401304,-2.64940977,2.86408544,0.28102833,0.00985979,-0.00732601,-0.17948960,
9926,0.17509007,-0.29232329,7.30536032,6.00000000,-0.00644531,-0.01450195,0.03239898,0.36203346,-0.09542234,0.07000000,0.01725275,-0.00000022,0.01856875,-0.02192117,0.01401304,-2.65115499,2.65115499,0.36203742,0.01192742,-0.00732601,-0.16596109,
9934,0.60365218,-0.38090876,10.49683094,6.00000000,0.00322266,-0.03222656,0.04638826,0.26517436,-0.07543766,0.07000000,0.01150183,-0.05143750,0.00540837,-0.01972359,0.01401304,-2.27765465,2.45218754,0.26517308,0.01459801,-0.00732601,-0.15223169,
9942,1.63794732,-0.45991740,11.70829678,6.00000000,0.01611328,-0.02578125,-0.00677101,0.04294463,-0.04546063,0.07000000,0.01150183,-0.02880493,-0.01912146,0.00968725,0.01401304,-2.02807260,2.12581110,0.04294254,0.01613183,-0.00732601,-0.14746502,
9950,1.26445186,-0.59878111,13.05144405,6.00000000,-0.02900391,0.00322266,-0.05846474,-0.23497573,-0.01641622,0.07000000,0.01150183,-0.01388831,-0.05752028,0.05099682,0.01401304,-2.01061916,2.05774331,-0.23497522,0.01584678,-0.00732601,-0.16451384,
9958,0.15354227,-0.09360455,12.84793758,6.00000000,-0.08217774,0.09023438,-0.04847238,-0.32224220,0.01715806,0.07000000,0.01150183,-0.06841184,-0.07951292,0.05989823,0.01401304,-1.97047675,2.20260549,-0.32223630,0.01380423,-0.00732601,-0.17463638,
9966,-0.52401680,-0.21810304,10.10897064,6.00000000,-0.10473633,0.09829102,-0.09083990,-0.29239839,0.00370170,0.07000000,0.01725275,0.04680792,-0.06864823,0.07491168,0.01401304,-2.47487688,2.31605196,-0.29239795,0.01127669,-0.00732601,-0.19487001,
9973,-2.19516969,-0.00023068,8.80652428,5.00000000,-0.11279297,0.12890625,0.02800236,-0.06483945,0.01715806,0.07000000,0.01725275,-0.04732269,-0.05129701,0.03580859,0.01401304,-2.55516195,2.71573234,-0.06484400,0.00968953,-0.00732601,-0.19577098,
9982,-1.29494977,-0.58202171,6.64934921,6.00000000,-0.06606445,0.07089844,-0.04993791,0.23719579,-0.01588329,0.07000000,0.01725275,0.02211815,-0.00071524,0.00228268,0.01401304,-2.79427218,2.71922302,0.23719370,0.00963787,-0.00732601,-0.18266764,
9990,-0.84962827,0.20088226,7.73152828,6.00000000,-0.02578125,0.01450195,0.03972670,0.33925092,-0.04186339,0.07000000,0.01725275,0.02520432,0.01744070,-0.01489407,0.01401304,-2.75063896,2.66511774,0.33925366,0.01180114,-0.00732601,-0.17172529,
9998,0.45521167,-0.53174347,9.02918530,6.00000000,0.02900391,-0.01611328,0.05837908,0.36616361,0.00556694,0.07000000,0.01725275,0.02777626,0.02722635,-0.02398069,0.01401304,-2.49931145,2.40506387,0.36616614,0.01414050,-0.00732601,-0.15123662,
10006,1.02024329,-0.47907102,11.93814087,6.00000000,0.02739258,-0.04511719,-0.04993791,0.12474862,-0.01908084,0.07000000,0.01725275,0.06892624,0.00155092,0.01091018,0.01401304,-2.37364769,2.13977361,0.12474483,0.01614675,-0.00732601,-0.15456758,
10014,1.70498502,0.01892293,12.74977493,6.00000000,0.00483398,0.01611328,-0.01663011,-0.08948722,0.06791916,0.07000000,0.01725275,-0.01594577,-0.03616281,0.02811842,0.01401304,-1.92858887,1.98269403,-0.08948897,0.01607133,-0.00732601,-0.14827207,
10022,1.01066649,-0.17261320,13.40818024,6.00000000,-0.04189453,0.04511719,-0.07578478,-0.34422535,0.03487781,0.07000000,0.01725275,0.04269304,-0.06792338,0.07315473,0.01401304,-2.08392310,1.93906081,-0.34422261,0.01511413,-0.00732601,-0.17078929,
10030,0.10805243,0.19369966,11.37071514,6.00000000,-0.10957031,0.11762695,-0.02902061,-0.38192981,0.03967414,0.07000000,0.01725275,-0.02108901,-0.08711530,0.07716332,0.01401304,-2.22529483,2.29685330,-0.38192880,0.01216702,-0.00732601,-0.19161779,
10038,-1.63492644,-0.34738994,8.96214771,6.00000000,-0.11440430,0.14018555,-0.05659949,-0.13505232,-0.00389248,0.07000000,0.01725275,-0.00720122,-0.05420809,0.04805325,0.01401304,-2.49407530,2.51851010,-0.13505580,0.01062233,-0.00732601,-0.19149779,
10045,-1.69238722,0.73000085,7.31972551,5.00000000,-0.09667969,0.08378907,0.01827647,0.07118965,-0.04159692,0.07000000,0.01725275,-0.04217880,-0.03142737,0.01746205,0.01401304,-2.71049643,2.85361338,0.07118687,0.01078435,-0.00732601,-0.19653790,
10054,-1.13214409,-0.77834624,6.23754644,6.00000000,-0.04028320,0.05317383,0.05611415,0.34098294,-0.04492770,0.07000000,0.01725275,0.00411504,0.01452323,-0.01695439,0.01401304,-2.76634693,2.75238419,0.34098327,0.01173091,-0.00732601,-0.17533270,
10062,0.08650462,-0.14388278,8.04756260,6.00000000,-0.00483398,-0.02094727,0.03839440,0.36709628,-0.06437947,0.07000000,0.01725275,0.03549169,0.02663781,-0.02156846,0.01401304,-2.67558980,2.55516195,0.36709949,0.01437369,-0.00732601,-0.16300000,
10070,0.71378547,-0.94354618,10.37233257,6.00000000,0.03544922,-0.02094727,0.04572210,0.28449288,0.01475990,0.07000000,0.01725275,-0.03549169,0.01320443,-0.02504030,0.01401304,-2.20086026,2.32128787,0.28449219,0.01691535,-0.00732601,-0.14330204,
10078,2.06411529,-0.45512900,12.06503296,6.00000000,0.01611328,-0.04511719,-0.07978170,-0.02700178,-0.01748207,0.07000000,0.01725275,0.01903186,-0.02142168,0.02180137,0.01401304,-2.09439516,2.02981806,-0.02700424,0.01856245,-0.00732601,-0.15146050,
10086,1.42246914,0.10511419,13.21185589,6.00000000,-0.03061523,0.02578125,-0.01956121,-0.23764035,0.04860063,0.07000000,0.01725275,-0.05092311,-0.05919942,0.04259375,0.01401304,-1.81688774,1.98967540,-0.23764032,0.01786130,-0.00732601,-0.15521678,
10094,0.25649294,-0.29471749,12.29487705,6.00000000,-0.06606445,0.07734375,-0.07858265,-0.38499412,0.02475224,0.07000000,0.01725275,0.02777626,-0.07548551,0.07711223,0.01401304,-2.11184835,2.01760054,-0.38499081,0.01577562,-0.00732601,-0.17760441,
10102,-0.71315873,0.56719512,9.96292400,6.00000000,-0.11440430,0.11762695,0.01214783,-0.33796352,0.00743218,0.07000000,0.01725275,0.00411503,-0.07715283,0.07325982,0.01401304,-2.31256127,2.29859853,-0.33796263,0.01317184,-0.00732601,-0.19165693,
10110,-2.09940147,-0.96030557,8.06671619,6.00000000,-0.11118164,0.14018555,0.00575273,-0.00768325,0.02328669,0.07000000,0.01725275,-0.01646014,-0.03671576,0.02865957,0.01401304,-2.52374625,2.57959676,-0.00768733,0.01118406,-0.00732601,-0.18555352,
10117,-1.06031799,-0.05529732,5.97418404,5.00000000,-0.05961914,0.05317383,-0.05633301,0.19642702,-0.04532740,0.07000000,0.01725275,0.05863860,-0.00086835,0.01099113,0.01401304,-2.90771866,2.70875096,0.19642562,0.01147568,-0.00732601,-0.18935616,
10126,-1.03637600,-0.29471749,7.29099512,6.00000000,-0.01127930,0.03706055,0.08142808,0.37762150,-0.00455864,0.07000000,0.01725275,-0.03189138,0.01883797,-0.02966902,0.01401304,-2.58308721,2.69129777,0.37762463,0.01337602,-0.00732601,-0.16381860,
10134,0.83588976,0.16496924,9.03157997,6.00000000,0.01933594,-0.04028320,-0.00250760,0.34284818,-0.06238099,0.07000000,0.01725275,0.08075620,0.03235071,-0.01662658,0.01401304,-2.54469013,2.27067351,0.34285119,0.01569450,-0.00732601,-0.14970024,
10142,1.13995337,0.34214017,11.92616940,6.00000000,0.03544922,-0.03061523,0.07330098,0.10862762,-0.01388482,0.07000000,0.01725275,-0.01440254,-0.00688554,-0.00034268,0.01401304,-2.06297922,2.11184835,0.10862336,0.01774926,-0.00732601,-0.14346223,
10150,1.77202260,-0.47188842,12.86948490,6.00000000,0.00966797,0.00644531,-0.04460866,-0.14531112,-0.01721561,0.07000000,0.01725275,0.03754922,-0.03486216,0.03935574,0.01401304,-1.97571266,1.84830368,-0.14531204,0.01838339,-0.00732601,-0.14915574,
10158,0.85743755,0.16736344,12.90300369,6.00000000,-0.04995117,0.04995117,-0.04167759,-0.36154544,0.00916418,0.07000000,0.01725275,-0.01234480,-0.07445455,0.06667455,0.01401304,-1.95127821,1.99316597,-0.36154163,0.01693766,-0.00732601,-0.16919787,
10166,-0.79695582,-0.24443926,11.44014645,6.00000000,-0.10312500,0.11923828,-0.04993791,-0.34902170,0.01489313,0.07000000,0.01725275,-0.04269280,-0.08155744,0.06660138,0.01401304,-2.08741379,2.23227620,-0.34901837,0.01410476,-0.00732601,-0.18189254,
10174,-0.96215570,0.05244175,8.54316235,6.00000000,-0.10795899,0.11923828,-0.10016609,-0.18194973,-0.01548360,0.07000000,0.01725275,0.03137635,-0.05523903,0.05810487,0.01401304,-2.56912470,2.46265960,-0.18195309,0.01181560,-0.00732601,-0.19559379,
10182,-2.33642745,0.51212847,7.93024683,6.00000000,-0.10151367,0.10312500,0.08369301,0.10356484,0.00263585,0.07000000,0.01725275,-0.05400942,-0.02662992,0.00994980,0.01401304,-2.61275792,2.79601741,0.10356131,0.01131784,-0.00732601,-0.18855996,
10189,-1.34522796,-0.49343625,6.33810282,5.00000000,-0.03061523,0.03383789,-0.00064236,0.33312228,-0.05625236,0.07000000,0.01725275,0.04372142,0.02109306,-0.01417009,0.01401304,-2.70700574,2.55865288,0.33312351,0.01313201,-0.00732601,-0.16672871,
10198,0.32353058,-0.16543061,7.95658302,6.00000000,0.00161133,-0.02255859,0.08955519,0.30048063,-0.03080519,0.07000000,0.01725275,-0.00102874,0.01604235,-0.01972432,0.01401304,-2.44171548,2.44520640,0.30048600,0.01562429,-0.00732601,-0.15536571,
10206,0.54858553,-1.07043886,10.84159660,6.00000000,0.02739258,-0.01127930,-0.00743715,0.23066744,0.00436786,0.07000000,0.01725275,0.05400937,0.01883786,-0.00964691,0.01401304,-2.16595364,1.98269403,0.23066643,0.01754420,-0.00732601,-0.13366520,
10214,1.83427191,-0.07445094,12.47683620,6.00000000,0.01933594,-0.01933594,-0.03714772,-0.10614113,0.01196204,0.07000000,0.01725275,0.04783688,-0.02744943,0.03445851,0.01401304,-1.94604206,1.78372645,-0.10614359,0.01835119,-0.00732601,-0.14289948,
10222,1.14234757,-0.41921598,13.73618603,6.00000000,-0.03867187,0.04833984,-0.00876946,-0.32184252,0.09163433,0.07000000,0.01725275,-0.05452303,-0.07138672,0.05373797,0.01401304,-1.68424273,1.86924756,-0.32183966,0.01695460,-0.00732601,-0.15214743,
10230,0.56773913,-0.21810304,12.11291695,6.00000000,-0.08862305,0.10634766,-0.16371739,-0.42536318,0.04846740,0.07000000,0.01725275,0.01183061,-0.08413311,0.08188830,0.01401304,-2.00887394,1.96873140,-0.42535782,0.01417225,-0.00732601,-0.17502664,
10238,-0.79935002,0.69169360,9.45056534,6.00000000,-0.12246094,0.13374023,0.03639592,-0.33343366,0.03194672,0.07000000,0.01725275,0.03343432,-0.07543468,0.07844648,0.01401304,-2.34048653,2.22704005,-0.33343464,0.01078569,-0.00732601,-0.18974692,
10246,-2.20235229,-0.82383609,8.17684937,6.00000000,-0.11118164,0.14663085,0.06690588,0.00803804,-0.00562449,0.07000000,0.01725275,0.00720167,-0.03433294,0.03186864,0.01401304,-2.55690742,2.53247285,0.00803292,0.00869103,-0.00732601,-0.18390769,
10254,-0.85920507,-0.04332631,5.89517546,6.00000000,-0.05478515,0.05961914,-0.00757038,0.24079302,-0.04399509,0.07000000,0.01725275,0.05452359,0.00272189,0.00650019,0.01401304,-2.89375591,2.70875096,0.24079265,0.00928061,-0.00732601,-0.18563347,
10261,-0.95497310,-0.23965086,7.05875731,5.00000000,-0.01127930,0.02094727,0.07303452,0.37455720,-0.02441009,0.07000000,0.01725275,-0.01440245,0.01787690,-0.02460876,0.01401304,-2.65115499,2.70002437,0.37456059,0.01145706,-0.00732601,-0.16682458,
10270,0.82152456,-0.00741329,8.99806118,6.00000000,0.01933594,-0.02739258,-0.00770362,0.37788799,-0.01321867,0.07000000,0.01725275,0.06532558,0.03441142,-0.02227549,0.01401304,-2.43997025,2.21831346,0.37789103,0.01379610,-0.00732601,-0.14146572,
10278,1.33388364,-0.37851456,11.92138100,6.00000000,0.03222656,-0.04350586,0.00961644,0.08344692,0.00783187,0.07000000,0.01725275,-0.01234486,-0.01250810,0.00568825,0.01401304,-2.08043242,2.12232041,0.08344325,0.01590981,-0.00732601,-0.14630009,
10286,1.74329221,-1.06804466,12.88385010,6.00000000,-0.00161133,0.01289062,-0.11202367,-0.12452704,0.04766801,0.07000000,0.01725275,0.00771585,-0.03766760,0.03513445,0.01401304,-1.89717281,1.87099290,-0.12452852,0.01602990,-0.00732601,-0.14562428,
10294,1.28121126,0.38762999,13.02750206,6.00000000,-0.04995117,0.05156250,-0.03461633,-0.36634174,0.02102176,0.07000000,0.01725275,0.03497746,-0.07167393,0.07503065,0.01401304,-1.99316597,1.87448359,-0.36633831,0.01463759,-0.00732601,-0.16676180,
10302,-0.63415009,-0.25401607,11.58858681,6.00000000,-0.09990235,0.12084961,0.01454601,-0.36087924,0.01822391,0.07000000,0.01725275,-0.00565802,-0.08165619,0.07539338,0.01401304,-2.18689752,2.20609617,-0.36087474,0.01201379,-0.00732601,-0.18540952,
10310,-1.30213237,-0.36414933,8.92623520,6.00000000,-0.10473633,0.14340821,-0.08417834,-0.12572613,-0.01988023,0.07000000,0.01725275,0.02006066,-0.05089114,0.05117871,0.01401304,-2.52374625,2.45567822,-0.12572800,0.00931914,-0.00732601,-0.18961942,
10318,-1.99645090,0.53846473,7.39394569,6.00000000,-0.08862305,0.08701172,0.05757969,0.12954494,-0.00269340,0.07000000,0.01725275,-0.06172470,-0.02710154,0.00862073,0.01401304,-2.60054064,2.80998015,0.12954156,0.00833593,-0.00732601,-0.18673952,
10326,-1.73069453,-0.79031724,6.95341253,6.00000000,-0.03544922,0.04350586,-0.01010179,0.36416516,-0.05052342,0.07000000,0.01725275,0.02674767,0.01996461,-0.01701803,0.01401304,-2.70351481,2.61275792,0.36416593,0.01013784,-0.00732601,-0.16631289,
10333,0.17748427,0.19130546,7.62857771,5.00000000,0.00161133,-0.02739258,0.05091813,0.37695536,-0.06531209,0.07000000,0.01725275,0.04166405,0.02774973,-0.02121727,0.01401304,-2.64242840,2.50105691,0.37696007,0.01297684,-0.00732601,-0.15912171,
10342,0.16072486,-0.99382436,11.28452396,6.00000000,0.03867187,-0.01772461,0.06237601,0.27823102,-0.01361836,0.07000000,0.01725275,-0.01903139,0.01411592,-0.02208962,0.01401304,-2.13977361,2.20435095,0.27822831,0.01587518,-0.00732601,-0.13730292,
10350,1.85581970,-0.10318135,12.26614666,6.00000000,0.01772461,-0.03544922,-0.09470362,-0.02820086,-0.02800734,0.07000000,0.01725275,0.04732228,-0.01904664,0.02608553,0.01401304,-2.05076194,1.89019167,-0.02820331,0.01689364,-0.00732601,-0.14490429,
10358,0.92686939,-0.41921598,13.65717697,6.00000000,-0.02739258,0.02578125,-0.01183379,-0.25895736,0.07005086,0.07000000,0.01725275,-0.05658112,-0.06424761,0.04623912,0.01401304,-1.74881983,1.94080603,-0.25895637,0.01609724,-0.00732601,-0.15252316,
10366,0.69223768,-0.50061882,12.13207054,6.00000000,-0.07412110,0.08862305,-0.12841114,-0.36594203,0.05712743,0.07000000,0.01725275,0.01697448,-0.07573988,0.07483436,0.01401304,-2.05076194,1.99316597,-0.36593843,0.01376422,-0.00732601,-0.17312300,
10374,-0.28938505,0.61029077,9.64210129,6.00000000,-0.12084961,0.11923828,-0.01849534,-0.33023608,0.01262819,0.07000000,0.01725275,0.02623310,-0.07550806,0.07682888,0.01401304,-2.31954241,2.23053074,-0.33023658,0.01097611,-0.00732601,-0.18888238,
10382,-1.96293199,-0.61793470,8.26064682,6.00000000,-0.10795899,0.13696289,0.10301155,-0.01287926,0.02701717,0.07000000,0.01150183,-0.06584023,-0.04450139,0.02610870,0.01401304,-2.41379046,2.63719249,-0.01288220,0.00922682,-0.00732601,-0.18403204,
10390,-1.07228899,-0.21331464,6.12741280,6.00000000,-0.06445312,0.06123047,-0.06006350,0.24359089,-0.07557089,0.07000000,0.01150183,0.09207246,0.00917013,0.01028427,0.01401304,-2.88153863,2.56912470,0.24359035,0.00931943,-0.00732601,-0.17992632,
10398,-0.75625437,0.00216352,6.56076336,6.00000000,-0.00483398,0.01933594,0.13352150,0.35737035,-0.03506859,0.07000000,0.01150183,-0.02417529,0.01534173,-0.02305727,0.01401304,-2.62497520,2.70700574,0.35737529,0.01174723,-0.00732601,-0.16737467,
10405,-0.05954169,-0.67060715,9.61337090,5.00000000,0.01772461,-0.01611328,-0.00583839,0.39707330,-0.01734884,0.07000000,0.01150183,0.00462929,0.03217771,-0.03296363,0.01401304,-2.28463578,2.26892805,0.39707303,0.01457462,-0.00732601,-0.13627885,
10414,2.54774404,-0.04093211,10.40585136,6.00000000,0.02578125,-0.06606445,-0.04061174,0.11089256,-0.00762295,0.07000000,0.01150183,0.01748871,-0.00247506,0.00413084,0.01401304,-2.06646991,2.00712872,0.11089242,0.01689154,-0.00732601,-0.13962823,
10422,1.37219095,-1.18296635,13.00595474,6.00000000,0.00483398,0.00966797,-0.02102674,-0.15863425,0.07071701,0.07000000,0.01725275,0.00823018,-0.03999849,0.03752780,0.01401304,-1.78721714,1.75929189,-0.15863529,0.01717184,-0.00732601,-0.14006202,
10430,1.44880533,0.13863301,13.11369324,6.00000000,-0.05156250,0.06123047,-0.05979704,-0.34995431,0.01729129,0.07000000,0.01725275,0.05040865,-0.06506614,0.07211147,0.01401304,-1.86052096,1.68947875,-0.34995037,0.01514094,-0.00732601,-0.15405889,
10438,0.34268421,-0.33063051,11.35395527,6.00000000,-0.10312500,0.11279297,0.01294722,-0.42896041,0.05579512,0.07000000,0.01150183,0.01080208,-0.08764539,0.08648168,0.01401304,-2.12057495,2.08392310,-0.42895710,0.01216972,-0.00732601,-0.18351245,
10446,-2.07306528,-0.04093211,9.50323772,6.00000000,-0.11118164,0.16113281,-0.07565156,-0.15170622,-0.00602418,0.07000000,0.01150183,0.01080188,-0.05235553,0.05176593,0.01401304,-2.30907059,2.27241874,-0.15170825,0.00968744,-0.00732601,-0.17707780,
10454,-1.78815532,0.41157201,7.18804455,6.00000000,-0.09345703,0.09345703,-0.00197467,0.06546071,-0.00362602,0.07000000,0.01725275,-0.00308609,-0.02710059,0.02234079,0.01401304,-2.60228610,2.61275792,0.06545661,0.00944768,-0.00732601,-0.18429968,
10462,-1.23988318,-0.64187676,6.70681000,6.00000000,-0.04189453,0.05639648,0.04891966,0.32326314,-0.01268574,0.07000000,0.01725275,0.01851750,0.01365051,-0.01272752,0.01401304,-2.71747756,2.65464592,0.32326332,0.01096399,-0.00732601,-0.17130288,
10470,-0.14573295,0.11947940,7.71476889,6.00000000,-0.00322266,-0.00805664,0.01041583,0.39933825,-0.04972403,0.07000000,0.01725275,0.10184598,0.03983156,-0.01903063,0.01401304,-2.65290046,2.30732512,0.39934230,0.01356635,-0.00732601,-0.15085581,
10477,0.86222595,-0.19416103,9.79054165,5.00000000,0.04833984,-0.03867187,0.11180481,0.29128766,0.00769864,0.07000000,0.01725275,-0.02314624,0.01685039,-0.02575638,0.01401304,-2.09963107,2.17817092,0.29128885,0.01671905,-0.00732601,-0.13395192,
10486,2.21255565,-0.71130860,12.12249374,6.00000000,0.02416992,-0.02739258,-0.10349687,0.00950359,0.01062973,0.07000000,0.01725275,0.09361581,-0.00589120,0.02395452,0.01401304,-2.00538325,1.68773329,0.00950041,0.01758720,-0.00732601,-0.13318670,
10494,1.89173269,0.74676025,12.89821529,6.00000000,-0.01611328,0.02416992,-0.01236672,-0.26668477,0.05166495,0.07000000,0.01150183,0.02777644,-0.05172724,0.05499207,0.01401304,-1.71216798,1.61792016,-0.26668432,0.01691013,-0.00732601,-0.14005038,
10502,0.71139127,-0.57005072,13.02031994,6.00000000,-0.06445312,0.08862305,-0.02915385,-0.44841218,0.11295132,0.07000000,0.01150183,-0.04629376,-0.09008619,0.07543547,0.01401304,-1.65631747,1.81339717,-0.44840509,0.01473969,-0.00732601,-0.15828650,
10510,-0.26544303,0.03089394,10.33881378,6.00000000,-0.11601563,0.13857421,-0.19782460,-0.39165568,0.04047352,0.07000000,0.01725275,0.05298058,-0.07949760,0.08700532,0.01401304,-2.23925757,2.05948853,-0.39165556,0.01125003,-0.00732601,-0.18422446,
10518,-2.37952304,0.51931107,8.59344101,6.00000000,-0.13051757,0.14501953,0.09448475,-0.09681495,0.07098347,0.07000000,0.01725275,-0.01440259,-0.04985552,0.04207112,0.01401304,-2.39633703,2.44520640,-0.09681937,0.00941914,-0.00732601,-0.18252522,
10526,-1.76900172,-0.59638691,6.95820093,6.00000000,-0.06284180,0.09184571,0.05478184,0.20362151,-0.02361071,0.07000000,0.01150183,0.08744382,0.00351640,0.01475349,0.01401304,-2.76634693,2.46964097,0.20361909,0.00882419,-0.00732601,-0.17504218,
10534,-0.25107783,0.40917781,6.19923925,6.00000000,-0.02255859,0.03544922,0.09928107,0.34071645,-0.05891698,0.07000000,0.01150183,0.06789720,0.02343949,-0.00946392,0.01401304,-2.69304299,2.46265960,0.34071970,0.01049979,-0.00732601,-0.16219202,
10542,-0.30375025,-0.90763313,8.32289600,6.00000000,0.03383789,-0.00966797,0.08369301,0.38894615,0.01222850,0.07000000,0.01725275,-0.04269251,0.02271289,-0.03606510,0.01401304,-2.25322008,2.39808226,0.38894889,0.01327625,-0.00732601,-0.14041090,
10549,1.25966346,-0.67060715,10.33881378,5.00000000,0.02416992,-0.03706055,-0.11708646,0.25384969,-0.00056170,0.07000000,0.01725275,0.06172472,0.02213293,-0.01108191,0.01401304,-2.16071773,1.95127821,0.25384986,0.01647140,-0.00732601,-0.13065577,
10558,2.14072967,0.25834310,11.95489979,6.00000000,0.02094727,-0.02578125,0.02600388,-0.09201863,0.06139083,0.07000000,0.01725275,-0.06018244,-0.03776648,0.01929050,0.01401304,-1.63362813,1.83783174,-0.09202152,0.01736190,-0.00732601,-0.13251191,
10566,1.76244581,-0.53653187,13.80082989,6.00000000,-0.03222656,0.02900391,-0.07711711,-0.32663885,0.03581043,0.07000000,0.01725275,0.02006066,-0.06310275,0.06304462,0.01401304,-1.69820547,1.63013756,-0.32663584,0.01592959,-0.00732601,-0.14433353,
10574,0.45042327,0.10032579,11.97405338,6.00000000,-0.09184571,0.11279297,-0.03395017,-0.45214266,-0.00242694,0.07000000,0.01725275,0.04577945,-0.08494415,0.09064484,0.01401304,-2.04727125,1.89193690,-0.45213711,0.01313164,-0.00732601,-0.17557618,
10582,-1.50324535,-0.08881615,9.48168945,6.00000000,-0.12246094,0.15146485,0.10114631,-0.25549334,-0.00802265,0.07000000,0.01725275,-0.00514372,-0.06862094,0.06268159,0.01401304,-2.15199113,2.16944432,-0.25549537,0.00955581,-0.00732601,-0.17517538,
10590,-1.59183073,-0.83101869,7.63336611,6.00000000,-0.09345703,0.11601563,-0.05313548,-0.02473684,-0.04266277,0.07000000,0.01725275,-0.00720094,-0.04141145,0.03547227,0.01401304,-2.57436061,2.59879518,-0.02474137,0.00857198,-0.00732601,-0.18932068,
10598,-1.51282215,0.39720678,6.18966246,6.00000000,-0.08217774,0.06606445,0.03253222,0.28489259,-0.04519417,0.07000000,0.01725275,-0.04526507,-0.00082373,-0.01341877,0.01401304,-2.55516195,2.70875096,0.28489098,0.00917247,-0.00732601,-0.17016225,
10606,-0.70597613,-0.46710002,7.33409071,6.00000000,-0.00322266,-0.00161133,0.01694417,0.41039640,-0.05252189,0.07000000,0.01725275,-0.01234498,0.02515914,-0.03132104,0.01401304,-2.52200079,2.56388855,0.41039947,0.01172303,-0.00732601,-0.15460950,
10614,0.68266082,0.33974597,9.51041985,6.00000000,0.01450195,-0.04189453,0.05917847,0.35816976,-0.07543766,0.07000000,0.01725275,0.02571854,0.02935974,-0.02660418,0.01401304,-2.26369190,2.17642546,0.35817137,0.01489540,-0.00732601,-0.13498671,
10621,1.69780231,-0.89805633,11.24382210,5.00000000,0.04511719,-0.05478515,0.06997020,0.13900435,-0.01535037,0.07000000,0.01725275,-0.00205738,-0.00057385,-0.00368348,0.01401304,-1.93906081,1.94604206,0.13900316,0.01663618,-0.00732601,-0.13075726,
10630,1.31951845,-0.03853791,13.32438374,6.00000000,0.00805664,-0.00161133,-0.10189810,-0.17981800,-0.01668268,0.07000000,0.01725275,0.00154315,-0.04396653,0.03986793,0.01401304,-1.76278257,1.75754654,-0.17981973,0.01694302,-0.00732601,-0.14064884,
10638,1.25487506,0.43790823,12.72104454,6.00000000,-0.06445312,0.06123047,-0.01942796,-0.36447650,0.04300492,0.07000000,0.01150183,-0.00411517,-0.07298849,0.06848513,0.01401304,-1.77150917,1.78547192,-0.36447248,0.01513194,-0.00732601,-0.15536481,
10646,-0.30853868,-0.10318135,11.48084831,6.00000000,-0.09667969,0.10473633,-0.02808800,-0.39778432,0.04153937,0.07000000,0.01150183,-0.04835078,-0.08914836,0.07408806,0.01401304,-1.94953275,2.11359358,-0.39778042,0.01229638,-0.00732601,-0.17612740,
10654,-1.53436995,0.21045907,9.39549828,6.00000000,-0.12568359,0.14018555,-0.12201602,-0.16942596,0.00063738,0.07000000,0.01725275,-0.04114997,-0.06288089,0.04862643,0.01401304,-2.32826900,2.46789551,-0.16942695,0.00978847,-0.00732601,-0.18614441,
10662,-1.59901333,0.48818645,6.68765640,6.00000000,-0.09829102,0.08540039,0.08142808,0.14952964,-0.01428452,0.07000000,0.01725275,-0.02314686,-0.01796510,0.00864327,0.01401304,-2.55167127,2.63021111,0.14952534,0.00864915,-0.00732601,-0.17700261,
10670,-1.47930324,-0.21570884,6.52963877,6.00000000,-0.02255859,0.04189453,0.08848934,0.33485430,-0.06531209,0.07000000,0.01725275,0.04680815,0.01799957,-0.01037908,0.01401304,-2.75762033,2.59879518,0.33485651,0.01027414,-0.00732601,-0.16989295,
10678,-0.13615614,0.20567065,7.80814266,6.00000000,-0.00161133,-0.01289062,0.08782318,0.43224633,-0.08543000,0.07000000,0.01725275,0.01594567,0.03503333,-0.03444911,0.01401304,-2.39982772,2.34572244,0.43224791,0.01296475,-0.00732601,-0.14068805,
10686,0.68266082,-0.36893776,9.99404907,6.00000000,0.05317383,-0.05156250,0.07756437,0.31127235,-0.02414363,0.07000000,0.01725275,-0.05966800,0.01485965,-0.03235106,0.01401304,-2.04552579,2.24798417,0.31127223,0.01628431,-0.00732601,-0.13307253,
10693,1.44401693,-0.39048555,12.23980999,5.00000000,0.02094727,-0.04189453,-0.10815998,0.02495841,-0.03080519,0.07000000,0.01725275,0.05246573,-0.00817359,0.01655788,0.01401304,-1.93731546,1.75929189,0.02495459,0.01790833,-0.00732601,-0.13219285,
10702,1.75765741,0.06920116,13.43691063,6.00000000,-0.01933594,0.01127930,0.00828413,-0.26561892,0.06552100,0.07000000,0.01725275,-0.11470522,-0.06706820,0.03535004,0.01401304,-1.42244339,1.81165183,-0.26561734,0.01822498,-0.00732601,-0.13649319,
10710,1.20459676,-0.32584211,12.50556660,6.00000000,-0.07895508,0.05961914,-0.13374037,-0.44854540,0.03407842,0.07000000,0.01725275,-0.06378285,-0.09338561,0.07325426,0.01401304,-1.74881983,1.96524072,-0.44854128,0.01553516,-0.00732601,-0.16715392,
10718,-0.97173256,0.44748503,10.65005970,6.00000000,-0.13374023,0.13696289,-0.04967146,-0.37793285,-0.02627533,0.07000000,0.01725275,0.02674727,-0.07852355,0.07988159,0.01401304,-2.12232041,2.03156328,-0.37793219,0.01236428,-0.00732601,-0.17797838,
10726,-1.24706578,-0.06726833,7.57829905,6.00000000,-0.12568359,0.13051757,0.16189975,-0.08029427,-0.01921407,0.07000000,0.01725275,-0.01954624,-0.04716249,0.03820963,0.01401304,-2.38935566,2.45567822,-0.08030060,0.01024830,-0.00732601,-0.18145423,
10734,-1.83843350,-1.26915753,6.91031694,6.00000000,-0.06445312,0.08378907,-0.01076793,0.20148981,-0.06744379,0.07000000,0.01725275,0.04269315,-0.00181490,0.00816982,0.01401304,-2.73144031,2.58657789,0.20148686,0.01010171,-0.00732601,-0.17817040,
10742,-0.92145431,0.02371133,6.31894922,6.00000000,-0.02739258,0.01772461,0.04305749,0.40107021,-0.05785113,0.07000000,0.01725275,-0.04166435,0.02160907,-0.03470750,0.01401304,-2.41029978,2.55167127,0.40107334,0.01221583,-0.00732601,-0.15079354,
10750,-0.26304883,-0.63708836,8.43542385,6.00000000,0.03222656,-0.03544922,0.02786912,0.40413454,-0.05078988,0.07000000,0.01725275,-0.06532565,0.02490738,-0.04354398,0.01401304,-2.19562435,2.41728091,0.40413800,0.01546850,-0.00732601,-0.13791777,
10758,1.15671277,0.07877797,10.79850101,6.00000000,0.02255859,-0.06606445,-0.06272810,0.17737496,-0.08249892,0.07000000,0.01725275,0.04217830,0.01185068,-0.00556202,0.01401304,-2.00538325,1.86226630,0.17737344,0.01800636,-0.00732601,-0.12734273,
10765,1.59964013,-1.00579536,12.83357239,5.00000000,0.01127930,-0.02416992,0.08888903,-0.09135246,0.02315346,0.07000000,0.01725275,-0.04475044,-0.03299618,0.01817990,0.01401304,-1.50621915,1.65806282,-0.09135465,0.01831889,-0.00732601,-0.12132835,
10774,1.80793560,-0.79271144,14.16714191,6.00000000,-0.03383789,0.03061523,-0.12641266,-0.37393591,-0.01042081,0.07000000,0.01725275,-0.01800310,-0.07321000,0.06406823,0.01401304,-1.58126831,1.64235485,-0.37393221,0.01651153,-0.00732601,-0.14396642,
10782,0.27804077,0.45945606,12.23023319,6.00000000,-0.09990235,0.10473633,-0.04527483,-0.44588080,0.01009680,0.07000000,0.01725275,-0.02263254,-0.09091142,0.08047594,0.01401304,-1.84830368,1.92509818,-0.44587553,0.01335217,-0.00732601,-0.16911179,
10790,-0.91666591,-0.07684514,9.81687832,6.00000000,-0.14018555,0.13212891,0.08342655,-0.33729735,0.01795744,0.07000000,0.01725275,-0.05298067,-0.08598081,0.06857387,0.01401304,-2.12232041,2.30208921,-0.33729780,0.01024305,-0.00732601,-0.18483895,
10798,-1.86716402,-0.31387112,7.36521530,6.00000000,-0.11279297,0.12729493,-0.10815998,0.02269348,-0.03400274,0.07000000,0.01725275,-0.02829060,-0.03683636,0.02602122,0.01401304,-2.52025533,2.61624837,0.02268654,0.00854518,-0.00732601,-0.18455335,
10806,-1.94138420,0.59831977,6.51287937,6.00000000,-0.07089844,0.04672851,0.08689056,0.27756485,-0.05105634,0.07000000,0.01725275,-0.06326803,-0.00342767,-0.01507342,0.01401304,-2.54469013,2.75936556,0.27756420,0.00990899,-0.00732601,-0.17214864,
10814,-0.75625437,-0.81665349,6.96777773,6.00000000,-0.00966797,0.00483398,0.03466392,0.45995843,-0.05332127,0.07000000,0.01725275,0.01594567,0.03743416,-0.03679682,0.01401304,-2.49233031,2.43822503,0.45996162,0.01247320,-0.00732601,-0.14538547,
10822,0.14396545,0.21524747,9.55830383,6.00000000,0.03061523,-0.06284180,0.04412334,0.40146995,-0.10328300,0.07000000,0.01725275,0.07046946,0.04273071,-0.02929795,0.01401304,-2.30208921,2.06297922,0.40147015,0.01611803,-0.00732601,-0.12912717,
10830,1.66188931,-1.04410267,12.02672577,6.00000000,0.05156250,-0.05639648,0.13045718,0.11155871,0.02142146,0.07000000,0.01725275,-0.03703395,-0.00506022,-0.00748697,0.01401304,-1.78721714,1.91288078,0.11155432,0.01893208,-0.00732601,-0.12604076,
10837,1.24769247,-0.32823631,13.57338047,5.00000000,0.01127930,-0.00483398,-0.14639732,-0.16263118,-0.01988023,0.07000000,0.01725275,-0.00977317,-0.03739461,0.03069471,0.01401304,-1.50796449,1.54112577,-0.16263235,0.01934733,-0.00732601,-0.12232050,
10846,1.30275905,0.65817475,13.28368187,6.00000000,-0.05156250,0.04672851,-0.04021204,-0.44321615,0.04087321,0.07000000,0.01725275,-0.06892617,-0.08808193,0.06677497,0.01401304,-1.47654855,1.71042264,-0.44321120,0.01739980,-0.00732601,-0.14766051,
10854,-0.08108950,0.42833143,11.06425667,6.00000000,-0.12246094,0.10795899,0.04319072,-0.45667255,0.00223616,0.07000000,0.01725275,-0.07149793,-0.09741771,0.07542616,0.01401304,-1.73834789,1.98094869,-0.45666933,0.01381999,-0.00732601,-0.16793302,
10862,-1.77379012,-0.06487413,9.43859386,6.00000000,-0.13535157,0.13857421,-0.11255661,-0.25176290,-0.05705175,0.07000000,0.01725275,-0.01697453,-0.06854265,0.05982842,0.01401304,-2.13628292,2.19387889,-0.25176460,0.01044078,-0.00732601,-0.17522129,
10870,-1.25664258,0.35411116,6.81454897,6.00000000,-0.10634766,0.10151367,0.09555060,0.04067969,-0.02933965,0.07000000,0.01725275,-0.03909227,-0.03423757,0.02091732,0.01401304,-2.43124366,2.56388855,0.04067445,0.00894319,-0.00732601,-0.17812458,
10878,-1.67562783,-0.71849120,6.58231115,6.00000000,-0.05639648,0.05800781,0.05864554,0.32059854,-0.05718498,0.07000000,0.01725275,0.02057499,0.01418345,-0.01279089,0.01401304,-2.55516195,2.48534870,0.32059795,0.00984225,-0.00732601,-0.15947513,
10886,0.48394209,-0.42161018,6.67807961,6.00000000,0.00644531,-0.00966797,0.01161491,0.39360929,-0.06371330,0.07000000,0.01725275,0.05298067,0.03306916,-0.02383337,0.01401304,-2.45393300,2.27416396,0.39361480,0.01221548,-0.00732601,-0.14285645,
10894,0.79518831,-0.41442758,9.34522057,6.00000000,0.02900391,-0.04511719,0.07463329,0.31367052,0.00037092,0.07000000,0.01725275,-0.09207230,0.01037816,-0.03553088,0.01401304,-1.95127821,2.26369190,0.31367302,0.01497631,-0.00732601,-0.13005140,
10902,1.59724593,-0.91720992,11.75618076,6.00000000,0.02416992,-0.04350586,-0.11362246,0.03215289,-0.02680825,0.07000000,0.01725275,0.02366097,-0.01026794,0.01185727,0.01401304,-1.77674520,1.69646001,0.03215110,0.01698134,-0.00732601,-0.12357273,
10909,1.78159940,0.68451101,13.12087631,5.00000000,-0.01127930,0.00161133,-0.01596395,-0.25789151,0.01875683,0.07000000,0.01725275,-0.01080166,-0.05612645,0.04893390,0.01401304,-1.60395765,1.64060950,-0.25789094,0.01607179,-0.00732601,-0.13631263,
10918,0.33789578,-0.27316967,13.83674240,6.00000000,-0.07895508,0.07250977,-0.00677101,-0.37060511,0.02968179,0.07000000,0.01725275,-0.09258738,-0.08643822,0.05965617,0.01401304,-1.61093891,1.92509818,-0.37059802,0.01374265,-0.00732601,-0.15504979,
10926,-1.02201080,-0.51977247,10.83920193,6.00000000,-0.11440430,0.11279297,-0.15439123,-0.33223456,0.01715806,0.07000000,0.01725275,-0.00360061,-0.07609069,0.07036847,0.01401304,-1.99840200,2.01061916,-0.33223307,0.01105738,-0.00732601,-0.16941391,
10934,-1.52479315,0.94787318,8.25346375,6.00000000,-0.10957031,0.11440430,0.07743115,-0.15064037,-0.00455864,0.07000000,0.01725275,-0.03137692,-0.05805653,0.04614718,0.01401304,-2.21482277,2.32128787,-0.15064384,0.00927902,-0.00732601,-0.17535569,
10942,-1.96532619,-1.08959246,7.86320925,6.00000000,-0.09829102,0.09345703,0.09861492,0.15659088,-0.01641622,0.07000000,0.01725275,-0.01800303,-0.01480240,0.00671295,0.01401304,-2.42775321,2.48883963,0.15658839,0.00863915,-0.00732601,-0.16687386,
10950,-0.74907178,-0.35696673,6.44344759,6.00000000,-0.02255859,0.02578125,0.00482012,0.33178997,-0.07343919,0.07000000,0.01725275,0.07766971,0.02319216,-0.00829108,0.01401304,-2.60926723,2.34572244,0.33179200,0.00996787,-0.00732601,-0.15556347,
10958,-0.63654429,-0.17500740,9.06509876,6.00000000,0.00966797,-0.01450195,0.08022900,0.36616361,-0.04559386,0.07000000,0.01725275,-0.05349417,0.01909988,-0.03505435,0.01401304,-2.12057495,2.30208921,0.36616305,0.01295576,-0.00732601,-0.13377468,
10966,1.24290407,-0.93636358,10.79610634,6.00000000,0.03061523,-0.04028320,-0.01329932,0.22200742,-0.02480979,0.07000000,0.01725275,-0.00874436,0.00973819,-0.01540650,0.01401304,-1.89368224,1.92335284,0.22200620,0.01543182,-0.00732601,-0.12227204,
10974,1.71695602,0.05962436,12.35712624,6.00000000,0.01289062,-0.02739258,-0.07072199,-0.10747346,-0.01042081,0.07000000,0.01725275,0.04012121,-0.02910770,0.03426801,0.01401304,-1.76452780,1.62839222,-0.10747477,0.01609778,-0.00732601,-0.13078532,
10981,1.21656787,-0.18697841,13.28368187,5.00000000,-0.04350586,0.03867187,0.02333926,-0.27281344,0.04886709,0.07000000,0.01725275,-0.08950131,-0.06932609,0.04349359,0.01401304,-1.42069805,1.72438538,-0.27280992,0.01399632,-0.00732601,-0.13378793,
10990,0.39296243,-0.60356951,12.32360744,6.00000000,-0.09184571,0.08701172,-0.16091955,-0.41190684,0.01942299,0.07000000,0.01725275,0.02931933,-0.08104835,0.08293462,0.01401304,-1.87099290,1.77150917,-0.41190147,0.01158492,-0.00732601,-0.16190360,
10998,-0.58626604,1.02688181,9.63252449,6.00000000,-0.11440430,0.13212891,0.02813559,-0.30931878,0.00343524,0.07000000,0.01725275,-0.02880505,-0.07952011,0.06786400,0.01401304,-2.03156328,2.12930179,-0.30931935,0.00845789,-0.00732601,-0.17325701,
11006,-2.13531446,-0.43358120,8.43542385,6.00000000,-0.12568359,0.12568359,0.08422594,-0.00741678,-0.03080519,0.07000000,0.01725275,-0.03394878,-0.04191446,0.02968168,0.01401304,-2.36841178,2.48360348,-0.00741956,0.00702620,-0.00732601,-0.17642339,
11014,-1.02201080,-0.03374951,5.98136663,6.00000000,-0.05800781,0.06284180,-0.02129320,0.28409317,-0.08169953,0.07000000,0.01725275,0.05812441,0.00952342,0.00062097,0.01401304,-2.67733502,2.48011303,0.28409192,0.00704128,-0.00732601,-0.16636086,
11022,-0.64133269,0.39241838,6.73793459,6.00000000,-0.00805664,0.00483398,0.13378796,0.36682978,-0.05105634,0.07000000,0.01725275,-0.05863838,0.01115483,-0.02836702,0.01401304,-2.44520640,2.64417386,0.36683446,0.00975691,-0.00732601,-0.15789439,
11030,0.08889882,-0.90045053,9.14171314,6.00000000,0.01289062,-0.02739258,-0.04820592,0.41292781,-0.03853260,0.07000000,0.01725275,-0.00411513,0.03213573,-0.03633039,0.01401304,-2.13977361,2.15373635,0.41293031,0.01265211,-0.00732601,-0.12570220,
11038,2.09284568,0.37087059,10.71230888,6.00000000,0.03222656,-0.06284180,-0.00943562,0.08144846,-0.01908084,0.07000000,0.01725275,0.02520426,-0.00857589,0.01060020,0.01401304,-1.99840200,1.91288078,0.08144775,0.01419624,-0.00732601,-0.13587908,
11046,1.36500835,-0.51977247,12.99398327,6.00000000,-0.01289062,0.01127930,0.01747709,-0.11120392,0.05259757,0.07000000,0.01725275,-0.04475038,-0.04182892,0.02691790,0.01401304,-1.62664676,1.77849054,-0.11120513,0.01423104,-0.00732601,-0.13149862,
11053,1.30275905,-0.22049724,13.23340321,5.00000000,-0.05478515,0.05961914,-0.12521359,-0.33170161,0.00503401,0.07000000,0.01725275,0.02006057,-0.06834308,0.06823385,0.01401304,-1.77849054,1.71042264,-0.33169869,0.01272140,-0.00732601,-0.15052125,
11062,0.32831898,0.08835478,10.86793232,6.00000000,-0.08701172,0.10795899,0.02440511,-0.39058980,0.03647659,0.07000000,0.01725275,-0.01748902,-0.08818327,0.07903902,0.01401304,-2.03679919,2.09614038,-0.39058793,0.00992494,-0.00732601,-0.17813663,
11070,-1.97011459,-0.61075211,9.57266903,6.00000000,-0.13696289,0.14018555,-0.02036058,-0.14238003,-0.00322632,0.07000000,0.01725275,-0.00977310,-0.05695821,0.05014674,0.01401304,-2.31779718,2.35095835,-0.14238188,0.00758764,-0.00732601,-0.17956513,
11078,-1.27579618,0.11947940,6.61582994,6.00000000,-0.07895508,0.09506836,-0.01796242,0.13527387,0.00010446,0.07000000,0.01725275,-0.03343435,-0.02308697,0.01128567,0.01401304,-2.54119945,2.65464592,0.13526997,0.00707257,-0.00732601,-0.17854229,
11086,-1.46493804,-0.01459589,6.75229979,6.00000000,-0.04672851,0.03383789,0.04971904,0.33458781,-0.01988023,0.07000000,0.01725275,-0.00925873,0.00986245,-0.01549844,0.01401304,-2.65290046,2.68431640,0.33458942,0.00885177,-0.00732601,-0.16921636,
11094,-0.22474161,-0.13909438,7.63336611,6.00000000,0.00322266,-0.01289062,0.02147403,0.46488798,-0.02680825,0.07000000,0.01725275,0.01080177,0.03793294,-0.03850808,0.01401304,-2.36317563,2.32652402,0.46489164,0.01156829,-0.00732601,-0.13629705,
11102,1.05136788,-0.75919265,10.61654091,6.00000000,0.04511719,-0.06606445,0.05504830,0.25891247,-0.00229371,0.07000000,0.01725275,0.03240572,0.01735653,-0.01323777,0.01401304,-2.12755632,2.01760054,0.25891149,0.01480692,-0.00732601,-0.13149087,
11110,1.71935022,-0.47907102,12.27332878,6.00000000,0.01772461,-0.01933594,-0.04114466,0.02349287,0.04180584,0.07000000,0.01725275,0.03497760,-0.01166872,0.01589753,0.01401304,-1.81688774,1.69820547,0.02348940,0.01587008,-0.00732601,-0.12571922,
11118,1.51344883,-0.05050892,13.44648743,6.00000000,-0.00966797,0.02416992,-0.07325339,-0.26855001,0.07005086,0.07000000,0.01725275,-0.02623293,-0.05941764,0.04855641,0.01401304,-1.55508828,1.64410007,-0.26854903,0.01590652,-0.00732601,-0.13544036,
11125,0.47197109,0.27989092,12.97961807,5.00000000,-0.07250977,0.06928711,-0.07085524,-0.42576286,0.07124994,0.07000000,0.01725275,0.05246625,-0.07749753,0.08484370,0.01401304,-1.85528505,1.67726135,-0.42575735,0.01354962,-0.00732601,-0.15892226,
11134,-0.81610942,-0.04093211,10.72667408,6.00000000,-0.12084961,0.14340821,-0.02702215,-0.33956227,0.04900033,0.07000000,0.01725275,-0.00411471,-0.07889165,0.07302222,0.01401304,-2.07519650,2.08915901,-0.33956051,0.01036198,-0.00732601,-0.17557605,
11142,-1.49606276,-0.16303641,7.80814266,6.00000000,-0.10473633,0.13374023,-0.04474191,-0.05631265,0.02675071,0.07000000,0.01725275,0.00205742,-0.04281727,0.03899384,0.01401304,-2.36841178,2.36143064,-0.05631700,0.00813085,-0.00732601,-0.17553982,
11150,-1.65408003,0.00216352,6.71399260,6.00000000,-0.08056641,0.06928711,0.05358276,0.20082366,-0.01894761,0.07000000,0.01725275,0.02726188,-0.00506400,0.00775005,0.01401304,-2.61799383,2.52549148,0.20082217,0.00799817,-0.00732601,-0.17189173,
11158,-1.01722240,-0.30429429,6.05079842,6.00000000,-0.00966797,0.03383789,0.07849699,0.41732442,-0.02907319,0.07000000,0.01725275,0.04012121,0.03088562,-0.02466771,0.01401304,-2.53421807,2.39808226,0.41732821,0.00959354,-0.00732601,-0.14853957,
11166,0.21100311,-0.51258987,9.12974167,6.00000000,0.02578125,-0.03544922,0.05771292,0.37828767,-0.01921407,0.07000000,0.01725275,0.02726189,0.02954070,-0.02640356,0.01401304,-2.30907059,2.21656823,0.37828931,0.01271800,-0.00732601,-0.13662846,
11174,1.41049814,-0.06008573,11.27973557,6.00000000,0.03544922,-0.03222656,-0.01849534,0.18936577,0.02635101,0.07000000,0.01725275,0.01543121,0.00767748,-0.00771190,0.01401304,-1.92335284,1.87099290,0.18936272,0.01515244,-0.00732601,-0.12381627,
11182,2.03059649,-0.34499574,12.88863850,6.00000000,0.01933594,-0.00966797,-0.09523653,-0.14211357,0.04393754,0.07000000,0.01725275,0.03137687,-0.03528527,0.03830411,0.01401304,-1.75405586,1.64759088,-0.14211571,0.01603919,-0.00732601,-0.13361306,
11190,1.23811567,0.33974597,13.48479462,6.00000000,-0.04833984,0.04672851,-0.02462398,-0.33902934,0.07364810,0.07000000,0.01725275,-0.02520369,-0.07174914,0.06095836,0.01401304,-1.61093891,1.69646001,-0.33902520,0.01447453,-0.00732601,-0.14447254,
11197,0.06974521,-0.86693168,12.45528793,5.00000000,-0.10312500,0.10312500,-0.09656886,-0.39312124,0.06139083,0.07000000,0.01725275,-0.01388784,-0.08497597,0.07669973,0.01401304,-1.94255149,1.98967540,-0.39311603,0.01170556,-0.00732601,-0.17104426,
11206,-0.29417345,0.76830804,8.51203823,6.00000000,-0.11601563,0.13535157,-0.07738356,-0.27960822,-0.00309309,0.07000000,0.01725275,0.04372134,-0.06919789,0.07473031,0.01401304,-2.39284658,2.24449348,-0.27961132,0.00864312,-0.00732601,-0.18837538,
11214,-2.39867663,0.07398957,7.79617167,6.00000000,-0.11440430,0.12568359,0.15803605,0.08331369,0.00303554,0.07000000,0.01725275,-0.01491688,-0.02777770,0.02023924,0.01401304,-2.54469013,2.59530449,0.08330795,0.00737702,-0.00732601,-0.18028495,
11222,-1.53915834,-0.74003899,6.32134342,6.00000000,-0.03544922,0.06123047,0.03626269,0.36243317,-0.05731821,0.07000000,0.01725275,0.06995474,0.02374646,-0.01061280,0.01401304,-2.77681899,2.53945398,0.36243361,0.00917456,-0.00732601,-0.16643845,
11230,0.21339731,-0.02896111,6.31416082,6.00000000,0.00644531,-0.01933594,0.05358276,0.41759089,-0.04386185,0.07000000,0.01725275,0.04063549,0.03165718,-0.02529276,0.01401304,-2.69653368,2.55865288,0.41759762,0.01188050,-0.00732601,-0.16022468,
11238,-0.26544303,-0.54850286,10.17121983,6.00000000,0.04028320,-0.02416992,0.01801001,0.40186960,0.01569251,0.07000000,0.01725275,-0.09001514,0.02418504,-0.04865413,0.01401304,-1.92160749,2.22704005,0.40187189,0.01531408,-0.00732601,-0.12125270,
11246,2.91645098,-0.52216667,10.66681957,6.00000000,0.03222656,-0.08378907,-0.13334069,0.08797679,0.00223616,0.07000000,0.01725275,0.08178598,0.00191531,0.01350982,0.01401304,-2.04901648,1.77150917,0.08797660,0.01628822,-0.00732601,-0.13211590,
11254,1.68343711,0.76830804,13.00116634,6.00000000,-0.00805664,0.00000000,0.01427954,-0.19034329,0.10215958,0.07000000,0.01725275,-0.01800270,-0.04730606,0.03856398,0.01401304,-1.63188291,1.69296932,-0.19034365,0.01637072,-0.00732601,-0.13432586,
11262,0.54140294,-0.55089706,13.67393684,6.00000000,-0.05639648,0.07573242,-0.13120899,-0.33636469,0.08364045,0.07000000,0.01725275,0.02623325,-0.06577004,0.06713028,0.01401304,-1.74183869,1.65282679,-0.33635989,0.01449283,-0.00732601,-0.14744270,
11269,0.28282917,1.09870791,10.92778778,5.00000000,-0.07734375,0.11279297,-0.05606657,-0.41190684,0.06005852,0.07000000,0.01725275,0.10287519,-0.07590392,0.09515187,0.01401304,-2.28812671,1.93906081,-0.41190627,0.01144862,-0.00732601,-0.18309864,
11278,-2.19995809,0.48818645,9.80011845,6.00000000,-0.11923828,0.15791015,0.05571446,-0.18115035,0.03314580,0.07000000,0.01725275,-0.01183037,-0.06029553,0.05294064,0.01401304,-2.31430674,2.35444903,-0.18115140,0.00986240,-0.00732601,-0.18237580,
11286,-1.56070614,-0.64905936,7.02523851,6.00000000,-0.07895508,0.11601563,-0.06286136,0.17817435,-0.02041316,0.07000000,0.01725275,0.03806388,-0.00601865,0.01121703,0.01401304,-2.63544726,2.50629282,0.17817020,0.00893802,-0.00732601,-0.17347071,
11294,-0.80892682,0.77549064,5.64139032,6.00000000,-0.02900391,0.02416992,0.07396713,0.32965827,-0.03813291,0.07000000,0.01725275,0.02520433,0.01476853,-0.01225894,0.01401304,-2.72969484,2.64417386,0.32966155,0.01043349,-0.00732601,-0.17090228,
11302,-0.72034138,-0.88129693,7.99249601,6.00000000,0.02094727,0.00483398,0.03346483,0.45409623,-0.02707472,0.07000000,0.01150183,0.00617275,0.03859940,-0.03890887,0.01401304,-2.37190247,2.35095835,0.45409983,0.01362718,-0.00732601,-0.13828142,
11310,1.75526321,-0.13670018,9.29973030,6.00000000,0.04189453,-0.06445312,-0.00583839,0.31073943,-0.00482510,0.07000000,0.01150183,0.03240564,0.02649390,-0.02089003,0.01401304,-2.16071773,2.05076194,0.31074187,0.01599178,-0.00732601,-0.13013741,
11318,1.18783736,-0.48385942,12.68513107,6.00000000,0.03222656,-0.03867187,-0.01942796,0.00617280,0.05699420,0.07000000,0.01725275,-0.00308633,-0.01620095,0.01142776,0.01401304,-1.72613060,1.73660266,0.00616866,0.01782408,-0.00732601,-0.12507686,
11326,2.30832386,0.16736344,12.79047680,6.00000000,-0.00644531,0.01772461,-0.12268218,-0.24829888,0.04207230,0.07000000,0.01725275,0.03343440,-0.04856913,0.05185311,0.01401304,-1.67900670,1.56556034,-0.24829771,0.01691328,-0.00732601,-0.13561712,
11334,0.76406372,0.27270830,12.86709118,6.00000000,-0.06928711,0.08378907,0.00002379,-0.41177362,0.08324075,0.07000000,0.01725275,0.03806400,-0.07592175,0.07990805,0.01401304,-1.80117977,1.67202544,-0.41176862,0.01436011,-0.00732601,-0.15575692,
11341,-0.56232405,-0.22767985,10.56386852,5.00000000,-0.10795899,0.12568359,-0.04847238,-0.39871696,0.04247199,0.07000000,0.01725275,0.03343448,-0.08232027,0.08519854,0.01401304,-2.16769886,2.05425239,-0.39871562,0.01130933,-0.00732601,-0.18195266,
11350,-1.63971484,0.07398957,8.32528973,6.00000000,-0.10957031,0.16113281,-0.08377867,-0.08682261,0.03234642,0.07000000,0.01725275,0.00360072,-0.04657550,0.04305967,0.01401304,-2.41553569,2.40331841,-0.08682770,0.00903336,-0.00732601,-0.18097849,
11358,-2.20714068,0.69408780,6.79539537,6.00000000,-0.08862305,0.07573242,0.06024432,0.20348829,-0.00429217,0.07000000,0.01725275,-0.01285932,-0.00832894,0.00156849,0.01401304,-2.64068317,2.68431640,0.20348427,0.00992355,-0.00732601,-0.17827863,
11366,-1.03398180,-0.58681011,6.08192301,6.00000000,-0.01450195,0.02739258,0.00988290,0.42998141,-0.03973169,0.07000000,0.01725275,0.07252670,0.03842644,-0.02449614,0.01401304,-2.70700574,2.46091413,0.42998403,0.01250518,-0.00732601,-0.15616323,
11374,0.40014502,-0.04332631,7.38197470,6.00000000,0.02578125,-0.04028320,0.08169455,0.41239488,-0.03000580,0.07000000,0.01725275,0.03394879,0.03774904,-0.03292331,0.01401304,-2.39808226,2.28289080,0.41240093,0.01574295,-0.00732601,-0.13978624,
11382,1.00587809,-1.41999233,10.72428036,6.00000000,0.05317383,-0.05156250,-0.01276640,0.26397526,0.06005852,0.07000000,0.01725275,-0.01748843,0.01809650,-0.02569857,0.01401304,-1.91113555,1.97047675,0.26397324,0.01873174,-0.00732601,-0.12157044,
11390,1.52781403,0.13145041,12.89342690,6.00000000,0.02416992,-0.03222656,-0.16758111,-0.08122689,0.02701717,0.07000000,0.01725275,0.07458424,-0.01652499,0.02992585,0.01401304,-1.77325451,1.52018178,-0.08123058,0.01979971,-0.00732601,-0.12527628,
11398,1.72174442,0.14102721,13.70745564,6.00000000,-0.01933594,0.03706055,0.02933467,-0.35288540,0.12241074,0.07000000,0.01725275,-0.01697413,-0.06682441,0.05799305,0.01401304,-1.45909524,1.51669109,-0.35288113,0.01809993,-0.00732601,-0.13345611,
11406,0.45521167,-0.53174347,13.20227909,6.00000000,-0.08701172,0.09506836,-0.12015078,-0.50037241,0.08417337,0.07000000,0.01725275,0.03240558,-0.08833105,0.09079407,0.01401304,-1.74358392,1.63362813,-0.50036424,0.01486464,-0.00732601,-0.15870027,
11413,-0.50007480,-0.07684514,9.85279083,5.00000000,-0.11118164,0.15952149,-0.13094252,-0.40804312,0.07071701,0.07000000,0.01725275,0.05812441,-0.08167526,0.09035749,0.01401304,-2.24972939,2.05250716,-0.40804374,0.01090304,-0.00732601,-0.18553932,
11422,-2.64288521,0.50734007,8.04995728,6.00000000,-0.13212891,0.15629883,0.10647556,0.01749746,0.03261288,0.07000000,0.01725275,0.00565799,-0.03151930,0.02871499,0.01401304,-2.42600775,2.40680885,0.01749220,0.00881043,-0.00732601,-0.17392150,
11430,-1.49127436,-0.54610866,6.05558681,6.00000000,-0.04350586,0.06445312,0.03279868,0.25238416,-0.04799202,0.07000000,0.01725275,0.09515896,0.00989439,0.00894906,0.01401304,-2.90073705,2.57785130,0.25238276,0.00925213,-0.00732601,-0.18030107,
11438,-0.91906011,0.24637209,6.44105339,6.00000000,-0.01611328,0.02900391,0.10394417,0.44810084,-0.07890167,0.07000000,0.01725275,0.07149816,0.04107340,-0.02735206,0.01401304,-2.63719249,2.39459157,0.44810581,0.01191921,-0.00732601,-0.14991447,
11446,0.17748427,-0.98664176,9.12255955,6.00000000,0.05156250,-0.04028320,0.00455366,0.44024023,-0.00882204,0.07000000,0.01725275,-0.05040864,0.03319583,-0.04823013,0.01401304,-2.09963107,2.27067351,0.44024080,0.01535732,-0.00732601,-0.12650608,
11454,1.89891529,-0.76637524,10.86793232,6.00000000,0.04672851,-0.06606445,-0.08484451,0.22373945,0.02568486,0.07000000,0.01725275,0.02263247,0.01771303,-0.01592893,0.01401304,-1.91288078,1.83608627,0.22373606,0.01868268,-0.00732601,-0.11967905,
11462,2.09045148,0.68211681,12.80005360,6.00000000,0.01611328,-0.03061523,-0.07844941,-0.16569552,0.06472161,0.07000000,0.01725275,0.03034807,-0.03117233,0.03395802,0.01401304,-1.55508828,1.45211387,-0.16569753,0.02085811,-0.00732601,-0.12102418,
11470,1.55415022,-0.54610866,13.98757744,6.00000000,-0.03061523,0.04028320,-0.03754740,-0.41377208,0.09296663,0.07000000,0.01725275,-0.02931942,-0.07618998,0.06431554,0.01401304,-1.39451814,1.49400187,-0.41376802,0.01848111,-0.00732601,-0.13470706,
11478,-0.15770395,0.15539242,13.13763523,6.00000000,-0.09184571,0.11279297,-0.14506504,-0.51222998,0.04580277,0.07000000,0.01725275,0.09361647,-0.08428121,0.10117266,0.01401304,-2.00189257,1.68424273,-0.51222080,0.01516216,-0.00732601,-0.17075846,
11485,-2.08743048,0.95505577,10.55189800,5.00000000,-0.12729493,0.17402343,0.05491506,-0.31624678,-0.00295986,0.07000000,0.01725275,0.01594579,-0.07079299,0.06973144,0.01401304,-2.05948853,2.00538325,-0.31624413,0.01194749,-0.00732601,-0.17027938,
11494,-1.74505973,-0.72327960,7.60942411,6.00000000,-0.09023438,0.11762695,0.05384922,0.00337495,-0.02627533,0.07000000,0.01725275,0.01388816,-0.03205319,0.03117389,0.01401304,-2.50280213,2.45567822,0.00336897,0.00995381,-0.00732601,-0.17950065,
11502,-2.08264208,-0.65863615,6.28303623,6.00000000,-0.06606445,0.07734375,-0.01769596,0.27196914,-0.08716201,0.07000000,0.01725275,0.04835085,0.01110551,-0.00324638,0.01401304,-2.66686320,2.50280213,0.27196738,0.01114301,-0.00732601,-0.16768274,
11510,-0.69639933,-1.21887934,5.91911745,6.00000000,0.00322266,-0.00644531,0.04332395,0.45063221,-0.02067962,0.07000000,0.01725275,-0.00308627,0.03587478,-0.03973553,0.01401304,-2.40680885,2.41728091,0.45063910,0.01375241,-0.00732601,-0.14220192,
11518,0.19424370,-0.74961579,9.49844933,6.00000000,0.03706055,-0.04350586,-0.03221818,0.40413454,-0.00935496,0.07000000,0.01725275,-0.04989472,0.03106378,-0.04603276,0.01401304,-2.00887394,2.17817092,0.40413672,0.01713840,-0.00732601,-0.12248047,
11526,2.03777909,-0.85017228,11.29170609,6.00000000,0.03706055,-0.06928711,-0.07725034,0.14166898,0.02222084,0.07000000,0.01725275,0.04217874,0.01007877,-0.00385628,0.01401304,-1.77325451,1.63013756,0.14166537,0.01864830,-0.00732601,-0.11310227,
11534,1.87018490,0.03568234,13.55422688,6.00000000,0.01450195,-0.01933594,-0.03421662,-0.23630804,0.05179818,0.07000000,0.01150183,-0.02160358,-0.04742010,0.03912822,0.01401304,-1.39451814,1.46782184,-0.23630963,0.01961929,-0.00732601,-0.12089217,
11542,0.81194770,-0.24922766,14.61246395,6.00000000,-0.05156250,0.05961914,-0.06592567,-0.44081801,0.06938471,0.07000000,0.01150183,-0.00720116,-0.07910108,0.07372978,0.01401304,-1.49051118,1.51494586,-0.44081175,0.01704447,-0.00732601,-0.14090666,
11550,0.38338563,0.37565899,11.32761955,6.00000000,-0.10957031,0.13374023,-0.05793180,-0.46066946,0.02808302,0.07000000,0.01725275,0.04732252,-0.08456000,0.09060873,0.01401304,-1.92684352,1.76627314,-0.46066526,0.01314102,-0.00732601,-0.16727366,
11557,-1.74266553,-0.00501909,9.50563145,5.00000000,-0.12407227,0.14824219,0.02347250,-0.27574450,0.02208761,0.07000000,0.01725275,-0.01491695,-0.07156193,0.06327777,0.01401304,-2.08741379,2.13802838,-0.27574587,0.01009091,-0.00732601,-0.17316389,
11566,-2.03236389,-0.66103035,7.43464708,6.00000000,-0.10473633,0.11923828,-0.00197467,0.07372105,-0.00895527,0.07000000,0.01725275,0.01337389,-0.02393444,0.02307143,0.01401304,-2.55341673,2.50803804,0.07371706,0.00866641,-0.00732601,-0.17813325,
11574,-1.29255557,0.01174032,5.48816109,6.00000000,-0.04833984,0.04995117,0.01947556,0.36949441,-0.05198896,0.07000000,0.01150183,0.03240564,0.02231480,-0.01667103,0.01401304,-2.61101270,2.50105691,0.36949557,0.00927792,-0.00732601,-0.15852407,
11582,-0.77061957,-0.78074044,7.30296612,6.00000000,0.02094727,-0.01611328,0.07036989,0.44783440,-0.02387717,0.07000000,0.01150183,-0.02006066,0.03327867,-0.03980811,0.01401304,-2.34921336,2.41728091,0.44783872,0.01267688,-0.00732601,-0.14031705,
11590,0.45042327,-0.35936093,10.18079662,6.00000000,0.02578125,-0.04672851,-0.03101910,0.41918966,-0.02600887,0.07000000,0.01150183,0.03394861,0.04538622,-0.03917316,0.01401304,-1.93207943,1.81688774,0.41918936,0.01624519,-0.00732601,-0.10550876,
11598,2.78716421,-0.49104202,10.98764229,6.00000000,0.06284180,-0.07089844,-0.04101143,0.01763069,0.02302023,0.07000000,0.01150183,0.01080220,-0.01096775,0.01086152,0.01401304,-1.66504419,1.62839222,0.01762974,0.01806240,-0.00732601,-0.11810888,
11606,1.45838225,-0.51498407,14.00433636,6.00000000,-0.00322266,0.00322266,-0.06072965,-0.26228815,0.05965882,0.07000000,0.01725275,-0.01697411,-0.05301506,0.04437867,0.01401304,-1.35961151,1.41720724,-0.26228833,0.01765445,-0.00732601,-0.11967562,
11614,1.30275905,-0.07684514,13.75773430,6.00000000,-0.07089844,0.08217774,-0.09110638,-0.44881189,0.06525454,0.07000000,0.01725275,-0.01851768,-0.08492088,0.07547982,0.01401304,-1.53065372,1.59348571,-0.44880551,0.01529062,-0.00732601,-0.14578845,
11622,0.34747261,0.13145041,10.82004833,6.00000000,-0.12246094,0.13212891,-0.05166992,-0.45320851,0.01222850,0.07000000,0.01725275,0.04989431,-0.08500089,0.09165400,0.01401304,-1.93557012,1.76627314,-0.45320553,0.01154546,-0.00732601,-0.16704921,
11629,-1.73308873,-0.02656690,8.45697117,5.00000000,-0.11440430,0.14985351,0.04052609,-0.21778890,-0.00082816,0.07000000,0.01725275,-0.01697371,-0.06563651,0.05697581,0.01401304,-2.14326429,2.20086026,-0.21779411,0.00869538,-0.00732601,-0.17326467,
11638,-2.20474648,-0.20134363,7.10903549,6.00000000,-0.10634766,0.11601563,0.03306514,0.18710083,-0.05811760,0.07000000,0.01725275,-0.00771563,-0.01043975,0.00483098,0.01401304,-2.43124366,2.45742369,0.18709624,0.00734290,-0.00732601,-0.16364972,
11646,-1.09144258,-0.28514069,6.01967382,6.00000000,-0.02739258,0.01611328,0.04718766,0.36416516,-0.07450503,0.07000000,0.01725275,0.02108936,0.02027209,-0.01867021,0.01401304,-2.51501966,2.44346094,0.36416787,0.00914824,-0.00732601,-0.15334272,
11654,-0.34445170,-0.59399271,8.12896538,6.00000000,0.00966797,-0.01127930,0.02253987,0.44197220,-0.05332127,0.07000000,0.01725275,0.00925879,0.03627965,-0.03725895,0.01401304,-2.27067351,2.23925757,0.44197547,0.01229682,-0.00732601,-0.13144171,
11662,0.51267254,-0.37851456,10.46091843,6.00000000,0.04028320,-0.05639648,-0.00836977,0.33272257,-0.01708237,0.07000000,0.01725275,-0.02726198,0.02497394,-0.03476904,0.01401304,-1.75580120,1.84830368,0.33272210,0.01553653,-0.00732601,-0.10652651,
11670,2.18143106,-0.63948256,12.20389652,6.00000000,0.04672851,-0.07089844,-0.08191342,-0.05844435,0.00836479,0.07000000,0.01725275,0.00257195,-0.02398543,0.02039874,0.01401304,-1.56730568,1.55857909,-0.05844712,0.01689898,-0.00732601,-0.11755071,
11678,1.48232424,-0.24922766,13.94687557,6.00000000,-0.02900391,0.02255859,-0.07018908,-0.28173992,0.04433723,0.07000000,0.01150183,-0.01748866,-0.05780242,0.05033286,0.01401304,-1.36659288,1.42593396,-0.28173804,0.01541703,-0.00732601,-0.12165505,
11686,0.68984342,-0.17740162,12.82878399,6.00000000,-0.08540039,0.09829102,-0.05753211,-0.42669550,0.04953325,0.07000000,0.01150183,0.02160366,-0.07877982,0.08019233,0.01401304,-1.60046685,1.52716315,-0.42669013,0.01307287,-0.00732601,-0.14431164,
11694,-0.33966330,-0.01938430,9.99404907,6.00000000,-0.10957031,0.13051757,-0.06312782,-0.38925752,0.02142146,0.07000000,0.01725275,0.00565829,-0.08293303,0.07925962,0.01401304,-1.86226630,1.84306765,-0.38925630,0.00977952,-0.00732601,-0.16253951,
11701,-2.10418987,-0.17740162,8.46175957,5.00000000,-0.11440430,0.13535157,-0.02489045,-0.11253623,0.02475224,0.07000000,0.01725275,-0.02417546,-0.05389661,0.04374129,0.01401304,-2.17118955,2.25322008,-0.11254105,0.00670138,-0.00732601,-0.16854401,
11710,-1.74984813,-0.03614371,6.54879236,6.00000000,-0.09023438,0.09184571,0.02227341,0.24065980,-0.02987257,0.07000000,0.01725275,0.01800326,0.00015366,0.00042234,0.01401304,-2.44520640,2.38411975,0.24065615,0.00683553,-0.00732601,-0.15761551,
11718,-0.78977323,-0.16782480,6.47936058,6.00000000,-0.00322266,0.00644531,0.06504063,0.38628155,-0.04039784,0.07000000,0.01725275,0.03806369,0.02688574,-0.02122480,0.01401304,-2.42600775,2.29685330,0.38628605,0.00917401,-0.00732601,-0.14319795,
11726,-0.23910682,-0.22049724,8.79215908,6.00000000,0.01289062,-0.01127930,0.04065932,0.42691711,-0.03613444,0.07000000,0.01725275,0.01285941,0.03716415,-0.03732152,0.01401304,-2.05425239,2.01061916,0.42691982,0.01235034,-0.00732601,-0.11639994,
11734,1.51105464,-0.23246825,10.58302212,6.00000000,0.04672851,-0.05961914,-0.00450607,0.23013452,0.00983034,0.07000000,0.01725275,0.01748888,0.01550912,-0.01497012,0.01401304,-1.74183869,1.68249738,0.23013362,0.01472277,-0.00732601,-0.10744759,
11742,1.83427191,0.14581563,12.83357239,6.00000000,0.02416992,-0.03383789,-0.06366073,-0.13372001,0.01755775,0.07000000,0.01725275,0.01028759,-0.03331242,0.03137191,0.01401304,-1.41022611,1.37531948,-0.13372308,0.01574172,-0.00732601,-0.11067085,
11750,1.11361718,0.05483595,14.03067303,6.00000000,-0.03867187,0.04672851,-0.04354281,-0.35301861,0.05472926,0.07000000,0.01150183,-0.04166374,-0.07218388,0.05883639,0.01401304,-1.31946886,1.46084058,-0.35301411,0.01429509,-0.00732601,-0.12637976,
11758,0.35226101,-0.21092044,12.27572346,6.00000000,-0.10795899,0.11279297,-0.07498541,-0.42602938,0.02608455,0.07000000,0.01150183,0.01543125,-0.08151074,0.08144386,0.01401304,-1.58301353,1.53065372,-0.42602402,0.01111604,-0.00732601,-0.14375718,
11766,-1.03398180,-0.06247993,9.62534142,6.00000000,-0.11440430,0.13374023,-0.00090881,-0.33583179,0.01182881,0.07000000,0.01150183,-0.03086233,-0.08045839,0.06961430,0.01401304,-1.75929189,1.86401165,-0.33583316,0.00787583,-0.00732601,-0.15569267,
11773,-2.04194069,-0.29471749,8.23909855,5.00000000,-0.11440430,0.12568359,-0.00170821,-0.02180576,-0.03213750,0.07000000,0.01150183,-0.03086239,-0.03987091,0.02969341,0.01401304,-2.06297922,2.16769886,-0.02181020,0.00655881,-0.00732601,-0.15494330,
11782,-1.56310034,-0.08402774,6.27106524,6.00000000,-0.08056641,0.06767578,0.03093343,0.26810542,-0.07210688,0.07000000,0.01150183,0.02726210,0.00791158,-0.00372533,0.01401304,-2.31430674,2.22180414,0.26810506,0.00710209,-0.00732601,-0.14499640,
11790,-0.38994151,-0.57483912,6.93186474,6.00000000,0.00322266,-0.00483398,0.08915550,0.37442398,-0.06371330,0.07000000,0.01725275,-0.02829072,0.02002371,-0.03005144,0.01401304,-2.09264970,2.18864298,0.37442803,0.00929636,-0.00732601,-0.12805088,
11798,0.12002344,-0.78552884,10.12812424,6.00000000,0.01289062,-0.02739258,-0.04927175,0.34657866,-0.06411300,0.07000000,0.01725275,-0.00771567,0.02542061,-0.03061035,0.01401304,-1.80117977,1.82735968,0.34657735,0.01218501,-0.00732601,-0.10640775,
11806,2.04017329,-0.26119867,11.29170609,6.00000000,0.02739258,-0.04511719,-0.00010943,0.09437189,-0.02787410,0.07000000,0.01725275,-0.00771558,-0.00553676,-0.00017426,0.01401304,-1.52367246,1.54985237,0.09437001,0.01436529,-0.00732601,-0.10457336,
11814,1.60442853,-0.54132026,13.31959534,6.00000000,0.00000000,-0.00966797,0.01121522,-0.22844741,0.00170323,0.07000000,0.01725275,-0.00874440,-0.04890443,0.04225213,0.01401304,-1.24092913,1.27059972,-0.22844797,0.01467805,-0.00732601,-0.10760539,
11822,1.19741416,-0.49822465,13.44169903,6.00000000,-0.05478515,0.05961914,-0.06925645,-0.43628815,0.00996357,0.07000000,0.01725275,-0.03754900,-0.08729714,0.07335424,0.01401304,-1.36310208,1.49051118,-0.43628240,0.01213337,-0.00732601,-0.13507390,
11830,-0.70837033,0.26313150,11.56943321,6.00000000,-0.12407227,0.12890625,-0.08444481,-0.38299564,0.00570017,0.07000000,0.01725275,-0.00668691,-0.08279480,0.07621123,0.01401304,-1.68947875,1.71216798,-0.38299084,0.00881330,-0.00732601,-0.15107657,
11838,-1.48169744,-0.28514069,8.27980042,6.00000000,-0.12407227,0.13051757,0.00335457,-0.15277207,0.00863126,0.07000000,0.01725275,-0.04114988,-0.05986685,0.04561092,0.01401304,-1.91288078,2.05250716,-0.15277553,0.00599208,-0.00732601,-0.15482162,
11845,-1.36917007,-0.01699010,6.77624178,5.00000000,-0.08217774,0.08540039,0.00508659,0.10543007,-0.02254485,0.07000000,0.01725275,-0.00051450,-0.02192560,0.01781053,0.01401304,-2.23227620,2.23402143,0.10542622,0.00470733,-0.00732601,-0.15425988,
11854,-1.26621938,-0.04093211,6.36922741,6.00000000,-0.05156250,0.04672851,0.04492272,0.35590482,-0.06211453,0.07000000,0.01725275,0.04115035,0.02095508,-0.01466747,0.01401304,-2.28812671,2.14850020,0.35590649,0.00598807,-0.00732601,-0.13502449,
11862,-0.28699085,-0.24922766,7.93742943,6.00000000,0.02094727,-0.02094727,0.05931170,0.41066289,-0.03706706,0.07000000,0.01725275,-0.03549171,0.02642852,-0.03807717,0.01401304,-1.87971950,2.00014734,0.41066518,0.00899504,-0.00732601,-0.11087192,
11870,1.26684606,-0.40006238,10.57584000,6.00000000,0.03544922,-0.05478515,-0.06565922,0.22720346,-0.06211453,0.07000000,0.01725275,0.00668675,0.01120070,-0.01324812,0.01401304,-1.71216798,1.68947875,0.22720273,0.01226404,-0.00732601,-0.10683752,
11878,1.67386031,0.44509083,12.10334015,6.00000000,0.00644531,-0.01611328,0.02147403,-0.00488539,-0.02241162,0.07000000,0.01725275,-0.02006077,-0.02057398,0.01171961,0.01401304,-1.31772363,1.38579142,-0.00488871,0.01318055,-0.00732601,-0.09835688,
11886,1.57090962,-0.54371446,13.65478325,6.00000000,-0.02578125,0.01289062,-0.01423196,-0.30292365,0.00196970,0.07000000,0.01725275,-0.00257175,-0.06055517,0.05517643,0.01401304,-1.21474910,1.22347581,-0.30292225,0.01288604,-0.00732601,-0.11034749,
11894,0.94841725,-0.46710002,12.24938679,6.00000000,-0.08217774,0.07895508,-0.07032230,-0.45813811,0.04220553,0.07000000,0.01725275,-0.07406959,-0.09687118,0.07423054,0.01401304,-1.26536369,1.51669109,-0.45813319,0.00988674,-0.00732601,-0.13406415,
11902,-1.13214409,-0.22528565,10.45373535,6.00000000,-0.12407227,0.13212891,-0.12481388,-0.35248569,0.03088087,0.07000000,0.01725275,0.00462940,-0.08014005,0.07626880,0.01401304,-1.77325451,1.75754654,-0.35248411,0.00669361,-0.00732601,-0.15354672,
11910,-1.91983640,0.78506750,7.53041506,6.00000000,-0.12568359,0.13535157,0.02253987,-0.01767559,-0.00189401,0.07000000,0.01725275,-0.03189130,-0.04172767,0.02993393,0.01401304,-2.00014734,2.10835791,-0.01768115,0.00443572,-0.00732601,-0.15021528,
11917,-1.45057285,-0.23725665,6.46978378,5.00000000,-0.06123047,0.05800781,0.07969608,0.23599672,-0.01561683,0.07000000,0.01725275,0.01080162,-0.00128189,0.00012482,0.01401304,-2.21482277,2.17817092,0.23599531,0.00464273,-0.00732601,-0.14213634,
11926,-0.94300210,-0.57723331,6.94144154,6.00000000,-0.01127930,0.01611328,0.00175580,0.38028613,-0.05745144,0.07000000,0.01725275,0.08590010,0.03153422,-0.01461442,0.01401304,-2.30034399,2.00887394,0.38028821,0.00689649,-0.00732601,-0.12863822,
11934,0.21818571,-0.26598707,9.24226952,6.00000000,0.02900391,-0.01772461,0.06890435,0.40480071,0.00077061,0.07000000,0.01725275,-0.01594552,0.03076609,-0.03779924,0.01401304,-1.74358392,1.79768908,0.40480208,0.00981420,-0.00732601,-0.09902310,
11942,1.60682273,-1.14226484,11.20312023,6.00000000,0.04672851,-0.06606445,-0.08710945,0.10836117,-0.00722326,0.07000000,0.01725275,0.03189104,-0.00142067,0.00506563,0.01401304,-1.60046685,1.49225652,0.10835901,0.01213523,-0.00732601,-0.10425518,
11950,1.36979675,0.33735177,13.02510834,6.00000000,-0.00161133,0.00000000,-0.06006350,-0.11280269,0.03394520,0.07000000,0.01150183,-0.03909236,-0.03752498,0.02529354,0.01401304,-1.21300387,1.34564888,-0.11280312,0.01267892,-0.00732601,-0.10092939,
11958,1.20938516,-0.44315800,13.42972851,6.00000000,-0.05156250,0.05317383,-0.05127022,-0.33303392,0.05446280,0.07000000,0.01150183,-0.00257169,-0.06728691,0.06317635,0.01401304,-1.29852498,1.30725169,-0.33303019,0.01102915,-0.00732601,-0.11860409,
11966,0.15354227,0.13145041,11.72745037,6.00000000,-0.09829102,0.10312500,-0.02222583,-0.41377208,0.01875683,0.07000000,0.01725275,0.01903190,-0.08201369,0.08143315,0.01401304,-1.48702049,1.42244339,-0.41376784,0.00823024,-0.00732601,-0.13546629,
11974,-1.16087449,-0.53653187,9.33564377,6.00000000,-0.11118164,0.13374023,-0.00010943,-0.26601860,0.01649190,0.07000000,0.01725275,-0.03549150,-0.07373887,0.06056666,0.01401304,-1.69122410,1.81165183,-0.26602191,0.00528387,-0.00732601,-0.14626585,
11982,-2.01081610,-0.09599875,7.83447886,6.00000000,-0.10957031,0.11923828,-0.05300225,0.05053881,-0.04319570,0.07000000,0.01725275,0.04629369,-0.02163251,0.02845837,0.01401304,-2.11533904,1.95825934,0.05053321,0.00511022,-0.00732601,-0.14400427,
11989,-1.03877020,-0.03614371,6.06037521,5.00000000,-0.04350586,0.05961914,0.10274509,0.27236882,-0.02214516,0.07000000,0.01725275,0.00462938,0.00575435,-0.00827021,0.01401304,-2.13104701,2.11533904,0.27236855,0.00611038,-0.00732601,-0.13418481,
11998,-0.34684590,-0.82862449,7.28141832,6.00000000,0.00322266,-0.00644531,-0.01489811,0.35963532,-0.03866583,0.07000000,0.01725275,0.00668682,0.02266624,-0.02447353,0.01401304,-2.02632713,2.00363803,0.35963878,0.00857447,-0.00732601,-0.12001240,
12006,0.40493345,-0.09360455,10.29571819,6.00000000,0.01289062,-0.02739258,-0.02942031,0.30021417,-0.03013903,0.07000000,0.01725275,0.01800318,0.02228755,-0.02151408,0.01401304,-1.71216798,1.65108144,0.30021235,0.01130224,-0.00732601,-0.10015238,
12014,1.89173269,-0.57244492,12.01475525,6.00000000,0.02900391,-0.03222656,0.07356744,0.02828919,0.00183646,0.07000000,0.01725275,0.00411503,-0.01242884,0.00936075,0.01401304,-1.35786617,1.34390354,0.02828622,0.01359582,-0.00732601,-0.09588824,
12022,1.64752412,-0.87172008,13.25016308,6.00000000,-0.01127930,0.00322266,-0.09377100,-0.29119933,0.00236939,0.07000000,0.01725275,0.05503803,-0.05139441,0.05964852,0.01401304,-1.28281701,1.09606671,-0.29119903,0.01316109,-0.00732601,-0.10734650,
12030,0.79518831,-0.22289145,12.75935173,6.00000000,-0.06445312,0.09184571,-0.03781388,-0.43309060,0.04100645,0.07000000,0.01725275,-0.06326745,-0.09092954,0.07090249,0.01401304,-1.25489175,1.46956718,-0.43308556,0.01051061,-0.00732601,-0.13016024,
12038,-1.17045128,-0.27556387,10.65963650,6.00000000,-0.12729493,0.13374023,-0.10589505,-0.31371543,0.01849037,0.07000000,0.01725275,0.03240554,-0.06911944,0.07190436,0.01401304,-1.72438538,1.61442959,-0.31371412,0.00758745,-0.00732601,-0.14377619,
12046,-1.59422493,0.44748503,7.90391064,6.00000000,-0.10957031,0.12246094,0.02680327,-0.07443210,-0.00389248,0.07000000,0.01725275,-0.01697419,-0.04440703,0.03603498,0.01401304,-1.86401165,1.92160749,-0.07443623,0.00616041,-0.00732601,-0.14262529,
12054,-1.55831194,-0.62511730,7.08269930,6.00000000,-0.06284180,0.06767578,0.03799470,0.16338566,-0.02334424,0.07000000,0.01725275,0.01851751,-0.00792524,0.00845118,0.01401304,-2.11533904,2.05250716,0.16338328,0.00614867,-0.00732601,-0.13923913,
12061,-1.04595280,0.09793159,6.79300117,5.00000000,-0.03544922,0.03061523,0.01467922,0.34777772,-0.08023399,0.07000000,0.01725275,0.04989399,0.02557620,-0.01721418,0.01401304,-2.08043242,1.91113555,0.34778070,0.00794782,-0.00732601,-0.11948024,
12070,0.06735100,-0.12472917,8.97411919,6.00000000,0.02255859,-0.02255859,0.10154600,0.32925856,-0.02827380,0.07000000,0.01725275,-0.02108932,0.02094543,-0.02934743,0.01401304,-1.66329885,1.73485732,0.32925951,0.01064148,-0.00732601,-0.09931186,
12078,1.45838225,-0.46470582,11.11692905,6.00000000,0.03867187,-0.05317383,-0.05540041,0.11981905,-0.03839938,0.07000000,0.01725275,0.02366109,0.00121212,0.00052571,0.01401304,-1.46084058,1.38055539,0.11981852,0.01291965,-0.00488400,-0.09431379,
12086,0.90053320,0.41157201,13.03468513,6.00000000,-0.00161133,-0.00161133,-0.05699917,-0.12412735,0.01849037,0.07000000,0.01725275,0.00360079,-0.03398542,0.03045791,0.01401304,-1.22173047,1.20951319,-0.12412790,0.01310001,-0.00488400,-0.09713186,
12094,1.21656787,-0.56286806,13.16157722,6.00000000,-0.05156250,0.06123047,-0.01583072,-0.31584713,0.04606923,0.07000000,0.01725275,-0.04937981,-0.06875737,0.05228039,0.01401304,-1.02101767,1.18856919,-0.31584367,0.01133119,-0.00488400,-0.10299616,
12102,0.40493345,-0.38569716,11.65083599,6.00000000,-0.09345703,0.08540039,-0.11535446,-0.44681340,0.03567720,0.07000000,0.01725275,0.01440255,-0.08626816,0.08452764,0.01401304,-1.38753676,1.33866751,-0.44680929,0.00860345,-0.00488400,-0.13121866,
12110,-1.19199908,0.22961268,9.94377041,6.00000000,-0.12246094,0.13535157,0.02400541,-0.31531417,0.00596663,0.07000000,0.01725275,-0.02880490,-0.07822615,0.06653045,0.01401304,-1.56556034,1.66329885,-0.31531394,0.00554070,-0.00732601,-0.13990642,
12118,-2.08024788,-0.35217834,8.08586979,6.00000000,-0.10957031,0.12568359,-0.01396549,0.05200435,-0.02987257,0.07000000,0.01725275,0.01491692,-0.02670035,0.02609913,0.01401304,-2.02109122,1.97047675,0.05199990,0.00327024,-0.00732601,-0.14092444,
12126,-1.32128596,0.06920116,6.28064203,6.00000000,-0.05478515,0.05800781,0.07529944,0.29008859,-0.05651883,0.07000000,0.01725275,0.02468997,0.00978660,-0.00754823,0.01401304,-2.05599785,1.97222209,0.29008847,0.00415502,-0.00732601,-0.12499156,
12133,-0.37797052,-0.47188842,7.09706450,5.00000000,0.01127930,-0.00644531,0.05358276,0.36882824,-0.01894761,0.07000000,0.01725275,0.02211809,0.02462351,-0.02278916,0.01401304,-1.96524072,1.89019167,0.36883289,0.00658595,-0.00732601,-0.11301905,
12142,0.69942027,-0.87411427,10.33163166,6.00000000,0.02094727,-0.02094727,-0.04087820,0.31193849,-0.01548360,0.07000000,0.01725275,-0.00822965,0.01925387,-0.02467404,0.01401304,-1.59872162,1.62664676,0.31193936,0.00911437,-0.00732601,-0.09430401,
12150,1.75765741,-0.24443926,11.65801907,6.00000000,0.01933594,-0.03222656,-0.01583072,0.04387724,0.03301257,0.07000000,0.01725275,0.02469006,-0.01124021,0.01302424,0.01401304,-1.36833811,1.28456235,0.04387552,0.01019311,-0.00732601,-0.09298671,
12158,1.63794732,-0.65384775,13.12566471,6.00000000,-0.01289062,0.01611328,-0.02115998,-0.25442749,0.04566954,0.07000000,0.01725275,0.01851757,-0.05277314,0.05244320,0.01401304,-1.07861352,1.01578164,-0.25442687,0.00952203,-0.00732601,-0.09436785,
12166,0.99151284,-0.06247993,12.89582157,6.00000000,-0.05961914,0.07734375,-0.06326104,-0.44774601,0.06392223,0.07000000,0.01725275,0.01234513,-0.08688875,0.08464296,0.01401304,-1.27932644,1.23743844,-0.44774008,0.00694232,-0.00732601,-0.12369393,
12174,-0.65330368,-0.09360455,11.24382210,6.00000000,-0.12246094,0.14501953,-0.06819060,-0.37260360,0.01809067,0.07000000,0.01725275,0.02366128,-0.08299695,0.08353852,0.01401304,-1.67900670,1.59872162,-0.37259930,0.00341073,-0.00732601,-0.14583102,
12182,-1.38592947,-0.11515237,7.80814266,6.00000000,-0.12890625,0.14985351,0.00695181,-0.04778586,0.01595897,0.07000000,0.01150183,-0.01440214,-0.04709011,0.04067236,0.01401304,-1.97920334,2.02807260,-0.04779115,0.00055107,-0.00732601,-0.14872858,
12190,-1.99645090,-0.29711169,6.76905918,6.00000000,-0.06767578,0.07250977,0.02147403,0.21774402,-0.03746676,0.07000000,0.01150183,0.01028736,-0.00671515,0.00671506,0.01401304,-2.18689752,2.15199113,0.21774179,0.00130533,-0.00732601,-0.14149846,
12198,-0.98609775,0.00934612,6.75229979,6.00000000,-0.03222656,0.03061523,0.05171752,0.39787269,-0.05798436,0.07000000,0.01725275,0.04680837,0.02599907,-0.01831105,0.01401304,-2.21307755,2.05425239,0.39787591,0.00356374,-0.00732601,-0.12584473,
12205,0.15354227,-0.45273480,8.28937721,5.00000000,0.01450195,-0.01772461,0.06077724,0.45249748,-0.04532740,0.07000000,0.01725275,-0.02468998,0.03266609,-0.04169800,0.01401304,-1.77150917,1.85528505,0.45250124,0.00667712,-0.00732601,-0.09866485,
12214,1.52302563,-0.85735488,10.62372398,6.00000000,0.05156250,-0.07089844,-0.03208493,0.20655259,-0.00482510,0.07000000,0.01725275,0.02417558,0.00936822,-0.00735908,0.01401304,-1.57254159,1.49051118,0.20655116,0.00968872,-0.00732601,-0.09606074,
12222,1.56851542,-0.08402774,12.90300369,6.00000000,0.00966797,-0.01611328,-0.04740653,-0.06550561,0.03394520,0.07000000,0.01725275,0.00514395,-0.02780798,0.02474678,0.01401304,-1.26361835,1.24616516,-0.06550953,0.01090123,-0.00732601,-0.09572912,
12230,1.33148944,-0.09599875,13.66436005,6.00000000,-0.04672851,0.04511719,-0.05420133,-0.27667710,0.05992528,0.07000000,0.01725275,-0.00154300,-0.05862922,0.05352237,0.01401304,-1.15191734,1.15715337,-0.27667433,0.01041161,-0.00732601,-0.10376275,
12238,0.76645792,-0.03853791,11.91659260,6.00000000,-0.08217774,0.09184571,-0.04367606,-0.44721311,0.05339696,0.07000000,0.01725275,0.00514359,-0.08751538,0.08357578,0.01401304,-1.30376089,1.28630757,-0.44720900,0.00745688,-0.00732601,-0.12631266,
12246,-0.36360529,-0.33063051,9.71392727,6.00000000,-0.11440430,0.14018555,-0.05420133,-0.40138155,0.04700185,0.07000000,0.01725275,0.06738319,-0.08162854,0.09243822,0.01401304,-1.78198111,1.55334306,-0.40138099,0.00405166,-0.00732601,-0.15000562,
12254,-2.99243879,0.66296321,8.82807255,6.00000000,-0.12407227,0.15791015,0.02147403,0.01416668,0.01169557,0.07000000,0.01725275,-0.04732214,-0.04148957,0.02608445,0.01401304,-1.88146496,2.04203534,0.01416185,0.00117178,-0.00732601,-0.14120013,
12262,-1.76900172,0.03328814,6.52963877,6.00000000,-0.06767578,0.07089844,0.03026728,0.30367818,-0.02027992,0.07000000,0.01725275,0.03549124,0.00873062,-0.00394355,0.01401304,-2.21307755,2.09264970,0.30367675,0.00173676,-0.00732601,-0.13406603,
12270,0.07453360,0.02371133,6.27345943,6.00000000,0.00644531,-0.00322266,0.10008046,0.39600745,-0.05771790,0.07000000,0.01725275,0.10236014,0.03403138,-0.01322179,0.01401304,-2.20958686,1.86226630,0.39601332,0.00410469,-0.00732601,-0.11889368,
12277,-0.11221413,-0.69454920,9.42662334,5.00000000,0.02255859,-0.00966797,0.04572210,0.37162611,-0.01348513,0.07000000,0.01725275,-0.01183017,0.02402814,-0.03019191,0.01401304,-1.71565866,1.75580120,0.37162858,0.00728699,-0.00732601,-0.09889747,
12286,1.87257910,-0.72806799,11.21748543,6.00000000,0.03544922,-0.03867187,-0.05553364,0.18470266,0.02715040,0.07000000,0.01725275,-0.00154296,0.00378935,-0.00790573,0.01401304,-1.42069805,1.42593396,0.18469970,0.00912785,-0.00732601,-0.08979970,
12294,1.06094468,0.65817475,13.43930531,6.00000000,0.00644531,-0.01450195,-0.10176488,-0.18901098,0.04566954,0.07000000,0.01725275,-0.00565794,-0.04640681,0.04051943,0.01401304,-1.13795459,1.15715337,-0.18901321,0.01032474,-0.00732601,-0.09690116,
12302,1.51584303,0.01892293,13.03229046,6.00000000,-0.05156250,0.05639648,-0.00090881,-0.38645968,0.06605393,0.07000000,0.01725275,0.01028760,-0.07502420,0.07244524,0.01401304,-1.12399209,1.08908546,-0.38645512,0.00824269,-0.00732601,-0.10824206,
12310,-0.12657933,-0.15345959,11.44014645,6.00000000,-0.10795899,0.11923828,-0.05846474,-0.44215032,0.05526219,0.07000000,0.01725275,0.08538633,-0.08253226,0.09751978,0.01401304,-1.67202544,1.38230073,-0.44214731,0.00517781,-0.00732601,-0.14277506,
12318,-2.08024788,-0.06008573,9.17044353,6.00000000,-0.12246094,0.16918945,-0.01023500,-0.14491144,0.03247965,0.07000000,0.01725275,-0.03651958,-0.05801869,0.04484324,0.01401304,-1.62315619,1.74707460,-0.14491403,0.00303186,-0.00732601,-0.13267708,
12326,-1.29734397,-0.06966253,7.20240974,6.00000000,-0.07734375,0.08862305,-0.01876181,0.07971644,0.00316878,0.07000000,0.01725275,0.00257191,-0.02548220,0.02201292,0.01401304,-2.00712872,1.99840200,0.07971378,0.00213467,-0.00732601,-0.13942122,
12334,-1.04595280,-0.02417270,6.24233484,6.00000000,-0.04833984,0.04511719,0.05558122,0.30181295,-0.05585267,0.07000000,0.01725275,0.05400892,0.01300767,-0.00383491,0.01401304,-2.16769886,1.98443925,0.30181307,0.00305421,-0.00732601,-0.12863357,
12342,-0.96215570,-0.54371446,7.90630484,6.00000000,-0.00161133,0.01611328,0.06850465,0.43437803,-0.03613444,0.07000000,0.01150183,0.03189123,0.03681644,-0.03117724,0.01401304,-1.85528505,1.74707460,0.43437994,0.00602397,-0.00732601,-0.09909295,
12349,1.09685779,-0.83580709,9.72589779,5.00000000,0.05800781,-0.04995117,0.01494569,0.32406256,-0.01548360,0.07000000,0.01150183,0.00771565,0.02440586,-0.02467275,0.01401304,-1.57603240,1.54985237,0.32406232,0.00933933,-0.00732601,-0.08981884,
12358,0.95799404,-0.49104202,13.12327003,6.00000000,0.02739258,-0.04672851,-0.05606657,-0.00355308,0.02968179,0.07000000,0.01150183,-0.01131591,-0.01959504,0.01415040,0.01401304,-1.27583563,1.31423295,-0.00355729,0.01175622,-0.00732601,-0.09414802,
12366,1.64752412,-0.58920431,13.20946121,6.00000000,-0.02416992,0.01611328,-0.07192109,-0.21885476,0.03847506,0.07000000,0.01725275,-0.03034795,-0.05264535,0.04087048,0.01401304,-1.06814146,1.17111588,-0.21885367,0.01094102,-0.00732601,-0.09703994,
12374,0.24452193,-0.09839296,13.44648743,6.00000000,-0.07089844,0.07573242,-0.04034527,-0.43575519,0.02515193,0.07000000,0.01725275,0.03086253,-0.08038464,0.08256240,0.01401304,-1.28281701,1.17809725,-0.43574923,0.00896345,-0.00732601,-0.12079997,
12382,-0.35163429,-0.58202171,10.33881378,6.00000000,-0.10634766,0.14663085,0.00588597,-0.43975216,0.00236939,0.07000000,0.01725275,0.07869947,-0.08115087,0.09457062,0.01401304,-1.53239918,1.26536369,-0.43975088,0.00547745,-0.00732601,-0.13330084,
12390,-1.53676414,-0.26359287,8.21276283,6.00000000,-0.11440430,0.15307617,0.01401307,-0.15423760,0.01236173,0.07000000,0.01725275,0.03086212,-0.05331340,0.05601775,0.01401304,-1.83085036,1.72613060,-0.15424302,0.00229650,-0.00732601,-0.14012310,
12398,-2.58542442,-0.69215500,7.72913408,6.00000000,-0.09023438,0.10957031,-0.00477252,0.19802579,0.01715806,0.07000000,0.01150183,-0.07046831,-0.01652106,-0.00257723,0.01401304,-1.91637158,2.15548158,0.19802190,0.00224732,-0.00732601,-0.13324800,
12406,-0.67006314,0.50015748,6.30937243,6.00000000,-0.02094727,0.01611328,-0.02715538,0.37029380,-0.03240396,0.07000000,0.01150183,0.03240576,0.02242343,-0.01683133,0.01401304,-2.11184835,2.00189257,0.37029707,0.00406474,-0.00732601,-0.12227656,
12414,-0.31093287,-0.00501909,9.16086674,6.00000000,0.01611328,-0.02255859,0.09448475,0.37802121,-0.04852495,0.07000000,0.01725275,0.10030279,0.03806293,-0.01773735,0.01401304,-1.89717281,1.55683362,0.37802219,0.00706594,-0.00732601,-0.09780116,
12421,0.97235924,-0.45273480,11.12171745,5.00000000,0.03544922,-0.02739258,0.10993958,0.22960159,-0.01694914,0.07000000,0.01725275,-0.01440226,0.00952475,-0.01657285,0.01401304,-1.38404620,1.43291533,0.22959989,0.00963545,-0.00732601,-0.08546883,
12430,2.76322222,-1.43435752,12.13925362,6.00000000,0.01772461,-0.01611328,-0.15225950,-0.11506762,0.01809067,0.07000000,0.01725275,0.00668695,-0.03569579,0.03287000,0.01401304,-1.16413450,1.14144540,-0.11506949,0.00904943,-0.00732601,-0.09191985,
12438,1.05376208,0.86407614,13.48958302,6.00000000,-0.03867187,0.05800781,-0.08124728,-0.39365417,0.06152406,0.07000000,0.01725275,0.00977318,-0.07624307,0.07352164,0.01401304,-1.08559477,1.05243349,-0.39365053,0.00774928,-0.00732601,-0.10604322,
12446,0.36423200,0.58156031,12.18234921,6.00000000,-0.09990235,0.11923828,-0.00237437,-0.47492522,0.04686863,0.07000000,0.01725275,0.04012114,-0.09194025,0.09615979,0.01401304,-1.45211387,1.31597829,-0.47491905,0.00431209,-0.00732601,-0.13477504,
12454,-1.75942492,-0.50301301,10.10418224,6.00000000,-0.14018555,0.15629883,-0.04807269,-0.19847038,0.03501104,0.07000000,0.01150183,0.01183087,-0.06133431,0.06079426,0.01401304,-1.69296932,1.65282679,-0.19846994,0.00116666,-0.00732601,-0.13567407,
12462,-1.92462480,-0.15585379,7.84884405,6.00000000,-0.09184571,0.11923828,-0.04460866,0.06479456,0.03780890,0.07000000,0.01150183,-0.04269284,-0.03463269,0.02177317,0.01401304,-1.90939021,2.05425239,0.06479077,-0.00016225,-0.00732601,-0.13898471,
12470,-0.93342531,-0.15585379,6.16811466,6.00000000,-0.04833984,0.04672851,0.02800236,0.26011154,-0.01668268,0.07000000,0.01150183,0.08641434,0.00868879,0.00937578,0.01401304,-2.25322008,1.96000481,0.26011091,0.00088116,-0.00732601,-0.13387138,
12478,-1.16566288,-0.17979582,7.47774267,6.00000000,-0.01450195,0.02094727,0.09688291,0.39187729,-0.02294455,0.07000000,0.01150183,0.03600617,0.02648898,-0.02000768,0.01401304,-1.98967540,1.86750233,0.39187992,0.00318223,-0.00732601,-0.11141142,
12486,0.52943194,-0.45273480,9.52717972,6.00000000,0.03222656,-0.01127930,0.00761797,0.36909473,0.00010446,0.07000000,0.01150183,0.01543135,0.02874845,-0.02713284,0.01401304,-1.54636168,1.49400187,0.36909619,0.00610432,-0.00732601,-0.08345385,
12493,2.62675261,-0.46949422,10.35796738,5.00000000,0.04189453,-0.04028320,-0.02608953,0.08611155,0.03994060,0.07000000,0.01150183,0.06275367,-0.00351224,0.01570280,0.01401304,-1.49574709,1.28281701,0.08611155,0.00763329,-0.00732601,-0.09447987,
12502,1.13516498,-0.35217834,13.68830204,6.00000000,-0.00966797,0.01289062,-0.02062704,-0.19127589,0.09096818,0.07000000,0.01150183,0.01594584,-0.04600816,0.04654582,0.01401304,-1.15366256,1.09955740,-0.19127733,0.00785662,-0.00732601,-0.09554683,
12510,1.35303736,-0.72088540,12.78808212,6.00000000,-0.06606445,0.06767578,-0.08484451,-0.38046426,0.11241840,0.07000000,0.01150183,-0.05812326,-0.08608066,0.06868660,0.01401304,-1.16064394,1.35786617,-0.38045996,0.00577531,-0.00732601,-0.11887930,
12518,-0.35163429,0.15778662,10.92539310,6.00000000,-0.10795899,0.13051757,-0.14280009,-0.37540147,0.06019175,0.07000000,0.01150183,0.05040847,-0.07892943,0.08713443,0.01401304,-1.62141085,1.45036852,-0.37540013,0.00290560,-0.00732601,-0.13856846,
12526,-1.19678748,0.85689354,8.76821709,6.00000000,-0.10957031,0.15468749,0.05984462,-0.20113501,-0.02800734,0.07000000,0.01150183,0.10030270,-0.05368111,0.07401599,0.01401304,-1.99316597,1.65282679,-0.20113815,0.00056386,-0.00732601,-0.14674984,
12534,-1.24227738,-0.94594038,6.52485037,6.00000000,-0.09184571,0.12407227,0.17842042,0.16738260,-0.01774853,0.07000000,0.01150183,0.05503840,-0.00971288,0.02015083,0.01401304,-2.18689752,2.00014734,0.16737752,-0.00036265,-0.00732601,-0.13964547,
12542,-1.79294372,-1.33858943,6.82412577,6.00000000,-0.02255859,0.05961914,-0.02542337,0.38068587,-0.03986492,0.07000000,0.01150183,0.00565826,0.01716224,-0.01789129,0.01401304,-2.16769886,2.14850020,0.38068819,0.00188032,-0.00732601,-0.12886241,
12550,0.21339731,0.04765335,7.97094822,6.00000000,0.00644531,-0.01450195,0.01934232,0.40719885,-0.04053107,0.07000000,0.01150183,-0.01131641,0.02502215,-0.02966251,0.01401304,-1.89542758,1.93382490,0.40720275,0.00474395,-0.00732601,-0.10928813,
12558,0.92686939,-0.49583045,10.73864555,6.00000000,0.02416992,-0.05156250,0.06104371,0.30914065,-0.01308544,0.07000000,0.01725275,-0.03703476,0.01478575,-0.02702870,0.01401304,-1.47654855,1.60221231,0.30913889,0.00775942,-0.00732601,-0.08919261,
12565,2.34423685,-1.75757468,11.59816360,5.00000000,0.02739258,-0.04350586,-0.10736058,0.01336729,0.00023769,0.07000000,0.01725275,0.02366125,-0.01683526,0.01829769,0.01401304,-1.36135685,1.28107166,0.01336536,0.00920034,-0.00732601,-0.09481905,
12574,1.62597632,0.30383292,13.12566471,6.00000000,-0.01933594,0.02900391,-0.03714772,-0.29119933,0.04447046,0.07000000,0.01725275,-0.02674712,-0.06574252,0.05463031,0.01401304,-1.10653877,1.19729578,-0.29119721,0.00856447,-0.00732601,-0.10462577,
12582,0.48873049,-0.51019567,13.08496284,6.00000000,-0.08378907,0.09345703,-0.05233607,-0.41124067,0.06099114,0.07000000,0.01725275,0.09618783,-0.07340897,0.09102792,0.01401304,-1.47480321,1.14842665,-0.41123363,0.00594631,-0.00732601,-0.12490656,
12590,-0.28459665,0.70605880,10.13051796,6.00000000,-0.11923828,0.14501953,-0.01303286,-0.35621616,0.02648424,0.07000000,0.01725275,0.02623338,-0.08070208,0.08187814,0.01401304,-1.64060950,1.55159771,-0.35621697,0.00261721,-0.00732601,-0.14154330,
12598,-1.79294372,-0.70173180,8.02601528,6.00000000,-0.11118164,0.14985351,-0.04154436,-0.03499565,0.04047352,0.07000000,0.01725275,-0.01337390,-0.04472638,0.03722625,0.01401304,-1.91811693,1.96349537,-0.03499964,0.00085215,-0.00732601,-0.14324602,
12606,-1.28058457,0.85210514,6.27824783,6.00000000,-0.06928711,0.08056641,0.01001614,0.21907634,-0.05252189,0.07000000,0.01725275,0.07046936,0.00018437,0.01266642,0.01401304,-2.21656823,1.97745812,0.21907319,0.00079569,-0.00732601,-0.13615067,
12614,-0.40430674,-0.63469416,6.61343575,6.00000000,-0.01611328,0.02255859,0.12206361,0.35590482,-0.00868880,0.07000000,0.01725275,0.04217889,0.01988519,-0.01339032,0.01401304,-2.07694173,1.93382490,0.35590810,0.00269718,-0.00732601,-0.11958691,
12622,0.16551328,-0.30908272,10.14727783,6.00000000,0.02900391,-0.00322266,-0.02675568,0.37762150,-0.01921407,0.07000000,0.01725275,0.00565825,0.02508701,-0.02712986,0.01401304,-1.73136652,1.71216798,0.37762085,0.00545533,-0.00732601,-0.09745055,
12630,1.42725754,-0.00501909,11.46169472,6.00000000,0.03061523,-0.03383789,-0.01796242,0.18563530,0.04220553,0.07000000,0.01725275,0.01183050,0.00350355,-0.00447731,0.01401304,-1.48352981,1.44338727,0.18563351,0.00774907,-0.00732601,-0.09264234,
12637,2.02820230,0.32298654,12.14404202,5.00000000,0.00322266,-0.01289062,-0.00463931,-0.14184710,0.03754244,0.07000000,0.01725275,0.05915310,-0.03651116,0.04599425,0.01401304,-1.37008345,1.16937065,-0.14184771,0.00745974,-0.00732601,-0.10233921,
12646,1.35064316,-0.56286806,12.94370556,6.00000000,-0.05317383,0.06123047,-0.02435752,-0.34649026,0.07684565,0.07000000,0.01725275,-0.03960625,-0.08009388,0.06578474,0.01401304,-1.20078659,1.33517683,-0.34648621,0.00545930,-0.00732601,-0.11704896,
12654,-0.14573295,-0.13909438,11.29170609,6.00000000,-0.09829102,0.11601563,-0.14319977,-0.35981342,0.04593600,0.07000000,0.01725275,0.00205768,-0.08342176,0.07888353,0.01401304,-1.55334306,1.54636168,-0.35980967,0.00272639,-0.00732601,-0.13845049,
12662,-1.20157588,0.83534569,9.45056534,6.00000000,-0.12568359,0.14824219,-0.02529015,-0.20193440,-0.02067962,0.07000000,0.01725275,0.03600616,-0.06311718,0.06690212,0.01401304,-1.91462612,1.79245305,-0.20193410,-0.00005372,-0.00732601,-0.14902186,
12670,-0.89751226,-0.20373783,6.50569677,6.00000000,-0.09506836,0.11118164,0.17069301,0.12834585,-0.00575772,0.07000000,0.01725275,0.02983382,-0.02032186,0.02334863,0.01401304,-2.12232041,2.02109122,0.12834129,-0.00174358,-0.00732601,-0.14089389,
12678,-1.68041623,-0.86214328,6.66371441,6.00000000,-0.02900391,0.05639648,0.00775120,0.34111616,-0.06477916,0.07000000,0.01725275,0.06892661,0.01516200,-0.00242755,0.01401304,-2.28987193,2.05599785,0.34111822,-0.00070700,-0.00732601,-0.13280673,
12686,0.11762924,0.07638377,7.45619488,6.00000000,-0.00322266,0.00805664,0.05584769,0.42585123,-0.01175312,0.07000000,0.01725275,-0.03292079,0.02084141,-0.03193352,0.01401304,-1.91637158,2.02807260,0.42585444,0.00206243,-0.00732601,-0.11211163,
12694,0.46957690,-0.44555220,10.22389221,6.00000000,0.02578125,-0.04833984,-0.01436519,0.36056793,0.01262819,0.07000000,0.01725275,-0.05606734,0.01684913,-0.03350239,0.01401304,-1.49225652,1.68249738,0.36056715,0.00542935,-0.00732601,-0.08894373,
12702,2.21016145,-0.68257815,11.47605991,6.00000000,0.02578125,-0.05478515,-0.13906962,0.01589868,0.02555162,0.07000000,0.01150183,0.04372179,-0.01701134,0.02454951,0.01401304,-1.52716315,1.37881017,0.01589742,0.00734761,-0.00732601,-0.10418897,
12709,1.77202260,0.28946772,12.79765892,5.00000000,-0.02094727,0.03383789,0.01321369,-0.17755309,0.06059144,0.07000000,0.01150183,0.02520458,-0.04477091,0.04751094,0.01401304,-1.22522104,1.13970006,-0.17755181,0.00677865,-0.00732601,-0.09860092,
12718,0.87180275,-0.80228823,13.04905033,6.00000000,-0.06767578,0.08540039,-0.02955355,-0.37739995,0.07351487,0.07000000,0.01150183,0.04938024,-0.07501748,0.08300287,0.01401304,-1.44164193,1.27409041,-0.37739623,0.00493077,-0.00732601,-0.12580651,
12726,0.02904378,-0.34020734,10.15445995,6.00000000,-0.10473633,0.12729493,-0.11189046,-0.35914725,0.05326373,0.07000000,0.01150183,-0.01028740,-0.08596008,0.07985463,0.01401304,-1.61093891,1.64584553,-0.35914603,0.00187955,-0.00732601,-0.14409651,
12734,-2.31966805,0.10032579,9.09622288,6.00000000,-0.11601563,0.14501953,-0.04634068,-0.07762964,0.03141380,0.07000000,0.01150183,-0.00668673,-0.05096732,0.04629616,0.01401304,-1.94604206,1.96873140,-0.07763252,-0.00034204,-0.00732601,-0.14753890,
12742,-1.59661913,0.43551403,6.68286800,6.00000000,-0.08378907,0.09184571,0.08076192,0.25598139,-0.04399509,0.07000000,0.01725275,0.07818453,0.00533130,0.00940806,0.01401304,-2.21133208,1.94604206,0.25597921,-0.00040282,-0.00732601,-0.13214630,
12750,-0.79695582,-0.77116364,7.18325615,6.00000000,-0.00644531,0.02094727,0.13019072,0.35363990,-0.04159692,0.07000000,0.01725275,0.05452380,0.01945808,-0.01005933,0.01401304,-2.19736958,2.01236463,0.35364342,0.00233648,-0.00732601,-0.12696375,
12758,-0.07390690,-0.95791137,9.29494190,6.00000000,0.01450195,0.00322266,-0.03861327,0.40666592,-0.03626767,0.07000000,0.01725275,0.02263253,0.02974904,-0.02772547,0.01401304,-1.86750233,1.79070783,0.40666771,0.00517392,-0.00732601,-0.10312682,
12766,0.65871882,0.38523579,11.00679588,6.00000000,0.02739258,-0.04028320,-0.00104205,0.25518200,0.01702483,0.07000000,0.01725275,-0.05760963,0.00507746,-0.02229450,0.01401304,-1.40848064,1.60395765,0.25517952,0.00791243,-0.00732601,-0.09070036,
12774,2.03299069,-0.73525059,12.31403065,6.00000000,0.01127930,-0.03222656,-0.06845706,-0.12359444,0.00436786,0.07000000,0.01725275,0.07355572,-0.02889078,0.04184493,0.01401304,-1.34739411,1.09781218,-0.12359533,0.00990348,-0.00732601,-0.09759932,
12781,1.44641113,0.05962436,13.15439510,5.00000000,-0.03061523,0.04672851,0.01174815,-0.32264191,0.03101410,0.07000000,0.01725275,0.00823023,-0.06728834,0.06435569,0.01401304,-1.17809725,1.15017200,-0.32263827,0.00769021,-0.00732601,-0.10779098,
12790,0.07932201,-1.11592865,12.51753712,6.00000000,-0.09345703,0.11923828,-0.08857497,-0.39418706,0.02901564,0.07000000,0.01725275,0.02160377,-0.08262984,0.08266109,0.01401304,-1.51145506,1.43815136,-0.39418250,0.00506068,-0.00732601,-0.13550146,
12798,-0.82808042,0.49058068,9.01003170,6.00000000,-0.12890625,0.14179687,-0.02329167,-0.20593134,0.01036326,0.07000000,0.01725275,-0.03754944,-0.06856903,0.05500837,0.01401304,-1.70169604,1.82910514,-0.20593287,0.00245812,-0.00732601,-0.14292164,
12806,-1.90068281,-0.37372616,7.77941227,6.00000000,-0.09667969,0.09829102,0.03546330,0.03974708,-0.01415129,0.07000000,0.01725275,-0.02520436,-0.03450429,0.02438298,0.01401304,-1.90066361,1.98618472,0.03974341,0.00157168,-0.00732601,-0.13801685,
12814,-1.28537297,0.15539242,6.42429399,6.00000000,-0.05800781,0.05639648,0.01880939,0.26610696,-0.08596293,0.07000000,0.01725275,0.06841176,0.00829764,0.00418532,0.01401304,-2.19911480,1.96698606,0.26610544,0.00202345,-0.00732601,-0.13172849,
12822,-0.52401680,-0.35936093,7.40831089,6.00000000,-0.01127930,0.01933594,0.12073130,0.38628155,-0.02880673,0.07000000,0.01725275,0.01800326,0.02473800,-0.02386459,0.01401304,-1.89542758,1.83434105,0.38628381,0.00419553,-0.00732601,-0.10719844,
12830,0.52703774,-0.90284473,9.97968388,6.00000000,0.02739258,-0.03706055,-0.02489045,0.31899977,-0.00948819,0.07000000,0.01725275,-0.06275336,0.01290229,-0.03120193,0.01401304,-1.41022611,1.62315619,0.31900096,0.00727527,-0.00732601,-0.08683266,
12838,2.23410344,-0.25162187,11.38268566,6.00000000,0.02416992,-0.04833984,-0.12041724,0.03028766,0.02608455,0.07000000,0.01725275,0.00514378,-0.01795293,0.01507507,0.01401304,-1.42418861,1.40673530,0.03028598,0.00893932,-0.00732601,-0.10042524,
12846,1.11840558,0.51452267,13.17354870,6.00000000,-0.02900391,0.02416992,-0.00024267,-0.19220853,0.03887475,0.07000000,0.01725275,0.04783686,-0.04253323,0.04924969,0.01401304,-1.23394775,1.07163215,-0.19220935,0.00859755,-0.00732601,-0.09751243,
12853,1.10404038,-0.20134363,12.65400696,5.00000000,-0.06445312,0.08217774,0.01427954,-0.37966487,0.06885178,0.07000000,0.01725275,0.04012128,-0.07308378,0.07754926,0.01401304,-1.29328895,1.15715337,-0.37966114,0.00717160,-0.00732601,-0.11635399,
12862,-0.08348370,-0.37133196,10.43458176,6.00000000,-0.10473633,0.12890625,-0.09150607,-0.41337237,0.05792682,0.07000000,0.01725275,0.03189100,-0.08542604,0.08783320,0.01401304,-1.54810703,1.43989658,-0.41337034,0.00415941,-0.00732601,-0.13828446,
12870,-2.03475809,0.41157201,8.48091316,6.00000000,-0.11440430,0.14824219,-0.01289964,-0.11053776,0.06951794,0.07000000,0.01725275,-0.06223905,-0.05959025,0.04039359,0.01401304,-1.71565866,1.92684352,-0.11054355,0.00129003,-0.00732601,-0.14005518,
12878,-1.78576112,0.39002419,6.80497217,6.00000000,-0.09667969,0.09667969,-0.02928708,0.19509470,-0.02361071,0.07000000,0.01725275,0.05092265,-0.00458967,0.01277848,0.01401304,-2.13802838,1.96524072,0.19509092,0.00123564,-0.00732601,-0.13459942,
12886,-0.44979656,-0.03614371,6.03403902,6.00000000,-0.01450195,0.02900391,0.13871752,0.34697834,-0.02667503,0.07000000,0.01725275,0.08795790,0.02469195,-0.00740270,0.01401304,-2.12406564,1.82561433,0.34698200,0.00300034,-0.00732601,-0.11801969,
12894,-0.06433009,-0.91481572,8.89271641,6.00000000,0.01772461,-0.00483398,0.05757969,0.36523101,-0.02987257,0.07000000,0.01725275,0.01337404,0.02388793,-0.02413312,0.01401304,-1.80292523,1.75754654,0.36523241,0.00578441,-0.00732601,-0.10258778,
12902,0.71139127,-0.46231163,11.23424530,6.00000000,0.02739258,-0.02900391,-0.05513395,0.26131064,0.01675836,0.07000000,0.01725275,0.00051457,0.01373255,-0.01720385,0.01401304,-1.48702049,1.48527515,0.26130852,0.00850809,-0.00732601,-0.08880082,
12910,1.62837052,0.28946772,12.63006496,6.00000000,0.01611328,-0.02416992,-0.03768065,-0.07922842,0.02701717,0.07000000,0.01725275,0.00102888,-0.03128248,0.02720300,0.01401304,-1.20253193,1.19904113,-0.07923126,0.00944218,-0.00732601,-0.09280123,
12918,1.46077645,0.02371133,13.23100948,6.00000000,-0.03222656,0.03383789,-0.04327635,-0.33343366,0.04900033,0.07000000,0.01725275,0.01491686,-0.06628857,0.06491885,0.01401304,-1.08210409,1.03148961,-0.33343071,0.00816554,-0.00732601,-0.10079154,
12925,-0.00926345,-0.36893776,12.42416382,5.00000000,-0.08540039,0.10312500,-0.02142643,-0.43562198,0.02222084,0.07000000,0.01725275,0.06481126,-0.08174739,0.09189739,0.01401304,-1.46956718,1.24965572,-0.43561697,0.00546716,-0.00732601,-0.13015401,
12934,-1.57507133,-0.47428262,9.79293537,6.00000000,-0.12568359,0.16274413,-0.01130085,-0.22658217,0.02608455,0.07000000,0.01725275,-0.05658120,-0.07193873,0.05384558,0.01401304,-1.54287112,1.73485732,-0.22658169,0.00282348,-0.00732601,-0.13524477,
12942,-1.27100778,-0.58681011,7.16649675,6.00000000,-0.10634766,0.10634766,-0.07045551,0.01776392,-0.01335190,0.07000000,0.01725275,-0.02057490,-0.03735292,0.02827393,0.01401304,-1.90415418,1.97396731,0.01775958,0.00134238,-0.00732601,-0.13929437,
12950,-1.12496150,-0.06247993,6.02685642,6.00000000,-0.05478515,0.04833984,0.01614477,0.23040101,-0.03333659,0.07000000,0.01725275,-0.01543118,-0.00678807,-0.00060758,0.01401304,-2.03156328,2.08392310,0.23040047,0.00176427,-0.00732601,-0.13248235,
12958,-1.22312367,-0.14627698,7.33169651,6.00000000,-0.03222656,0.01933594,0.07796407,0.41759089,-0.06504562,0.07000000,0.01725275,0.05658059,0.03402959,-0.02397867,0.01401304,-1.93906081,1.74707460,0.41759333,0.00413675,-0.00732601,-0.10334686,
12966,1.06812727,-0.81904769,9.05312729,6.00000000,0.03706055,-0.03222656,0.07010342,0.32219732,-0.03640091,0.07000000,0.01725275,0.02263252,0.02191311,-0.02004763,0.01401304,-1.67377079,1.59697628,0.32219940,0.00712664,-0.00732601,-0.09520517,
12974,1.37937355,-0.73764479,12.07460976,6.00000000,0.03706055,-0.03867187,-0.02315845,0.07118965,-0.01481744,0.07000000,0.01725275,-0.00514376,-0.01217626,0.00696386,0.01401304,-1.34739411,1.36484742,0.07118702,0.00926813,-0.00732601,-0.09315772,
12982,1.37458515,-0.01459589,13.54465008,6.00000000,-0.01289062,0.00644531,-0.08058112,-0.16103241,0.01222850,0.07000000,0.01725275,-0.05966725,-0.05137967,0.03278184,0.01401304,-1.13970006,1.34215820,-0.16103435,0.00891780,-0.00732601,-0.10164229,
12990,0.68505502,0.26791990,13.35550785,6.00000000,-0.07573242,0.06123047,-0.04714007,-0.35794818,-0.00216047,0.07000000,0.01725275,0.00411500,-0.07498594,0.07099834,0.01401304,-1.32645023,1.31248760,-0.35794371,0.00743676,-0.00732601,-0.12161241,
12997,-0.35402849,0.25834310,10.87511539,5.00000000,-0.10957031,0.12246094,0.02746943,-0.35381800,-0.02041316,0.07000000,0.01725275,-0.00462939,-0.07971756,0.07363787,0.01401304,-1.40499008,1.42069805,-0.35381559,0.00455185,-0.00732601,-0.12808286,
13006,-1.09623098,-0.67778975,8.09065819,6.00000000,-0.11118164,0.11762695,-0.03261786,-0.19447345,-0.02147900,0.07000000,0.01725275,-0.02108972,-0.06509523,0.05544483,0.01401304,-1.72962129,1.80117977,-0.19447881,0.00233784,-0.00732601,-0.14209126,
13014,-1.86716402,-0.02177850,7.42028189,6.00000000,-0.09990235,0.10634766,-0.01676335,0.14513299,-0.04119723,0.07000000,0.01725275,-0.07201245,-0.02454310,0.00360643,0.01401304,-1.86226630,2.10661244,0.14512837,0.00217524,-0.00732601,-0.13335003,
13022,-0.63893849,0.09793159,6.23275805,6.00000000,-0.04511719,0.02739258,0.01467922,0.34871033,-0.07037487,0.07000000,0.01725275,0.01285880,0.01641220,-0.01684665,0.01401304,-2.01411009,1.97047675,0.34871280,0.00349127,-0.00732601,-0.11915961,
13030,0.13917705,0.07638377,8.08108139,6.00000000,0.01772461,-0.02416992,0.08249393,0.34044999,-0.07783582,0.07000000,0.01725275,0.00308621,0.01914571,-0.02187070,0.01401304,-1.81339717,1.80292523,0.34045398,0.00613874,-0.00732601,-0.10640877,
13038,0.75927532,-0.20373783,11.29170609,6.00000000,0.01772461,-0.02739258,0.03333161,0.23586348,-0.05172250,0.07000000,0.01725275,0.00360059,0.00979266,-0.01259161,0.01401304,-1.54810703,1.53588974,0.23586172,0.00854207,-0.00732601,-0.09469493,
13046,1.87018490,-0.37851456,12.41219234,6.00000000,0.00322266,-0.01933594,-0.01822890,-0.03606150,-0.00842234,0.07000000,0.01725275,-0.03034770,-0.03050403,0.01910680,0.01401304,-1.29677963,1.39975405,-0.03606351,0.00938250,-0.00732601,-0.10036397,
13054,1.27642286,0.06441276,13.20946121,6.00000000,-0.04672851,0.02416992,-0.07285371,-0.29279807,0.01715806,0.07000000,0.01725275,-0.03909270,-0.06784663,0.05381654,0.01401304,-1.13446403,1.26710904,-0.29279599,0.00870325,-0.00732601,-0.10828473,
13062,0.40972185,-0.00980749,11.57422161,6.00000000,-0.08862305,0.08217774,-0.05899765,-0.40164801,0.02062207,0.07000000,0.01725275,-0.05966753,-0.09135579,0.07219350,0.01401304,-1.30027032,1.50272846,-0.40164533,0.00605759,-0.00732601,-0.13072793,
13069,-1.47930324,0.18651704,9.95334721,5.00000000,-0.12084961,0.13051757,-0.07312014,-0.23750713,-0.02214516,0.07000000,0.01725275,0.01594563,-0.06482066,0.06383358,0.01401304,-1.69296932,1.63886416,-0.23750772,0.00322510,-0.00732601,-0.13799833,
13078,-1.69478142,0.26552570,7.69082689,6.00000000,-0.11440430,0.11440430,0.06930403,0.04241170,-0.01108697,0.07000000,0.01725275,-0.02931935,-0.03345805,0.02238401,0.01401304,-1.90066361,2.00014734,0.04240844,0.00267325,-0.00732601,-0.13832980,
13086,-1.02919340,-0.90763313,6.49133158,6.00000000,-0.04833984,0.04350586,-0.00437284,0.25171798,-0.02494302,0.07000000,0.01725275,0.03034815,0.00285829,0.00061964,0.01401304,-2.15373635,2.05076194,0.25171784,0.00325391,-0.00732601,-0.13416353,
13094,-0.72991818,0.00934612,7.48013687,6.00000000,-0.00966797,0.01611328,-0.00490577,0.38268432,-0.04226308,0.07000000,0.01725275,0.00617258,0.02364808,-0.02556074,0.01401304,-1.93557012,1.91462612,0.38268751,0.00556905,-0.00732601,-0.11182481,
13102,0.94841725,-0.33302471,9.14650154,6.00000000,0.01611328,-0.03061523,0.06370833,0.30794159,-0.01441775,0.07000000,0.01725275,0.01491692,0.01966335,-0.01964132,0.01401304,-1.67726135,1.62664676,0.30794314,0.00795630,-0.00732601,-0.09744073,
13110,1.70259070,-0.75919265,11.46169472,6.00000000,0.02900391,-0.03706055,-0.02742184,0.06945765,-0.01575006,0.07000000,0.01725275,-0.00514374,-0.01176908,0.00655812,0.01401304,-1.32994080,1.34739411,0.06945580,0.00967736,-0.00732601,-0.09201786,
13118,1.33148944,0.18651704,13.41296864,6.00000000,-0.01127930,0.00805664,-0.06579245,-0.18421462,-0.00535802,0.07000000,0.01725275,-0.04835130,-0.05199628,0.03603004,0.01401304,-1.11352003,1.27758098,-0.18421343,0.00971117,-0.00732601,-0.10003285,
13126,1.05615628,-0.28992909,12.62288189,6.00000000,-0.07089844,0.06123047,-0.02835446,-0.31384864,-0.01188635,0.07000000,0.01725275,-0.05195206,-0.07477038,0.05763884,0.01401304,-1.17286122,1.34913957,-0.31384486,0.00722227,-0.00732601,-0.11417627,
13134,0.03622638,0.13145041,10.31487179,6.00000000,-0.11762695,0.10473633,0.00868383,-0.34022844,-0.04972403,0.07000000,0.01725275,-0.04217882,-0.08178549,0.06687120,0.01401304,-1.32121420,1.46433127,-0.34022731,0.00469912,-0.00732601,-0.12564246,
13141,-1.30452657,-0.57723331,8.86398602,5.00000000,-0.12246094,0.10473633,0.01268077,-0.18528047,-0.06517886,0.07000000,0.01725275,-0.09207306,-0.06995289,0.04356922,0.01401304,-1.46084058,1.77325451,-0.18528247,0.00276243,-0.00732601,-0.13066891,
13150,-1.48648596,-0.38330296,7.23832273,6.00000000,-0.09667969,0.08862305,-0.02875415,0.09677005,-0.09369034,0.07000000,0.01725275,-0.07355571,-0.03072098,0.00930904,0.01401304,-1.71042264,1.96000481,0.09676600,0.00153877,-0.00732601,-0.12603751,
13158,-0.93103111,0.08835478,7.07072830,6.00000000,-0.06284180,0.03222656,0.04518918,0.28276089,-0.12273475,0.07000000,0.01150183,-0.01903216,0.00398297,-0.01074188,0.01401304,-1.86575699,1.93033409,0.28276160,0.00271748,-0.00732601,-0.11710808,
13166,0.18466689,-0.81425929,7.91348743,6.00000000,-0.00805664,-0.01933594,0.08076192,0.33845153,-0.07863521,0.07000000,0.01150183,-0.04577949,0.01335130,-0.02627384,0.01401304,-1.65457213,1.80990636,0.33845478,0.00497958,-0.00732601,-0.10104934,
13174,0.84307235,-0.75201005,10.99482536,6.00000000,0.02094727,-0.03061523,-0.09030699,0.19829226,-0.07903489,0.07000000,0.01725275,-0.03086254,-0.00093959,-0.01009735,0.01401304,-1.44338727,1.54810703,0.19829032,0.00697688,-0.00732601,-0.09406555,
13182,1.50387204,0.26073730,12.17516613,6.00000000,0.00161133,-0.01450195,-0.00583839,-0.03059902,-0.02187870,0.07000000,0.01725275,-0.04269313,-0.03218804,0.01787315,0.01401304,-1.24267435,1.38753676,-0.03060143,0.00812262,-0.00732601,-0.09756378,
13190,0.85264915,-0.59878111,13.18791389,6.00000000,-0.04511719,0.02416992,-0.02489045,-0.23417637,-0.01108697,0.07000000,0.01150183,0.02931933,-0.05256708,0.05616406,0.01401304,-1.32645023,1.22696650,-0.23417524,0.00770479,-0.00732601,-0.10953905,
13198,0.23973352,-0.21331464,11.49281883,6.00000000,-0.07734375,0.08217774,-0.04767299,-0.31917790,0.01689159,0.07000000,0.01150183,-0.06018118,-0.07955459,0.06180477,0.01401304,-1.33343160,1.53763509,-0.31917599,0.00570458,-0.00732601,-0.12721641,
13206,-1.17523968,-0.38569716,9.94137669,6.00000000,-0.10473633,0.11601563,-0.13613853,-0.19553930,0.01662513,0.07000000,0.01725275,-0.04783697,-0.06602640,0.05007181,0.01401304,-1.57428694,1.73660266,-0.19553959,0.00333143,-0.00732601,-0.13419642,
13213,-1.40508306,1.17771649,7.70279789,5.00000000,-0.09667969,0.09023438,-0.02249230,0.00857097,-0.03280366,0.07000000,0.01725275,0.03034808,-0.03152506,0.03446088,0.01401304,-1.97396731,1.87099290,0.00856730,0.00219688,-0.00732601,-0.13875867,
13222,-1.27340198,-0.36893776,7.09945869,6.00000000,-0.05961914,0.05961914,0.14031629,0.24279150,-0.00455864,0.07000000,0.01725275,0.00360080,-0.00120424,-0.00165753,0.01401304,-2.02807260,2.01585531,0.24279067,0.00277050,-0.00732601,-0.12899007,
13230,-0.66288054,-0.83341289,7.75786448,6.00000000,-0.00322266,0.01772461,-0.05326869,0.34164909,-0.04226308,0.07000000,0.01725275,0.00720121,0.01693706,-0.01870487,0.01401304,-1.94953275,1.92509818,0.34165108,0.00490990,-0.00732601,-0.11568566,
13238,0.66590142,0.41157201,9.98686600,6.00000000,0.01127930,-0.01933594,0.04732089,0.26877156,-0.01002112,0.07000000,0.01725275,0.00822999,0.01200401,-0.01365308,0.01401304,-1.72613060,1.69820547,0.26877233,0.00752181,-0.00732601,-0.10464620,
13246,1.77441680,-0.41682178,11.34677315,6.00000000,0.00644531,-0.02739258,0.04345718,0.06559394,-0.01148666,0.07000000,0.01150183,0.02726183,-0.01157903,0.01534714,0.01401304,-1.55508828,1.46258593,0.06559242,0.00807745,-0.00732601,-0.10463525,
13254,0.63956523,-0.02177850,13.31959534,6.00000000,-0.01289062,0.02094727,-0.04860561,-0.15250561,-0.01135343,0.07000000,0.01150183,-0.03960703,-0.04922668,0.03673187,0.01401304,-1.29154360,1.42593396,-0.15250662,0.00822934,-0.00732601,-0.10956515,
13262,0.94602305,-0.28992909,12.14883041,6.00000000,-0.05800781,0.06606445,-0.04740653,-0.28866792,0.02461901,0.07000000,0.01725275,-0.02880492,-0.07150251,0.05988141,0.01401304,-1.42942464,1.52716315,-0.28866500,0.00668480,-0.00732601,-0.12810452,
13270,-0.86399347,-0.13430598,10.80328941,6.00000000,-0.10634766,0.10151367,-0.02062704,-0.26388690,0.00356847,0.07000000,0.01725275,0.03754954,-0.06477793,0.06885193,0.01401304,-1.76103723,1.63362813,-0.26388597,0.00473673,-0.00732601,-0.14218828,
13278,-1.33325696,-0.63948256,8.32528973,6.00000000,-0.10151367,0.11440430,0.02706973,-0.05791143,0.02821625,0.07000000,0.01725275,-0.05709507,-0.04927816,0.03143930,0.01401304,-1.77674520,1.97047675,-0.05791500,0.00369029,-0.00732601,-0.14003551,
13285,-1.33325696,-0.67060715,7.20959234,5.00000000,-0.06445312,0.07250977,-0.09097316,0.13913758,-0.00562449,0.07000000,0.01725275,0.01337368,-0.01452407,0.01375079,0.01401304,-2.06123376,2.01585531,0.13913585,0.00345630,-0.00732601,-0.13770716,
13294,-0.77301377,0.34932277,7.11861277,6.00000000,-0.03867187,0.02739258,0.08262716,0.29461843,-0.00469187,0.07000000,0.01725275,0.00565824,0.00916145,-0.01139846,0.01401304,-2.00712872,1.98793006,0.29461992,0.00484966,-0.00732601,-0.12346091,
13302,-0.26304883,-0.81186503,9.36676788,6.00000000,0.00322266,-0.00966797,0.04239134,0.31473640,-0.03000580,0.07000000,0.01725275,0.03034813,0.02028558,-0.01661455,0.01401304,-1.86750233,1.76452780,0.31473765,0.00735180,-0.00976801,-0.10884264,
13310,1.34346056,-0.21810304,10.76019287,6.00000000,0.03222656,-0.01611328,-0.01969443,0.12674707,-0.03933199,0.07000000,0.01725275,0.02829055,-0.00329938,0.00609695,0.01401304,-1.69296932,1.59697628,0.12674589,0.00911103,-0.00976801,-0.11007140,
13318,0.92926359,-0.57244492,12.98440647,6.00000000,-0.00644531,0.00966797,0.05011874,-0.05551327,0.00170323,0.07000000,0.01725275,-0.00822995,-0.03040356,0.02419128,0.01401304,-1.34913957,1.37706482,-0.05551642,0.00981588,-0.00732601,-0.10284980,
13326,1.58288074,-0.55568546,12.52472019,6.00000000,-0.04995117,0.02900391,-0.05246932,-0.30572155,-0.01335190,0.07000000,0.01725275,-0.02057480,-0.06936616,0.05968414,0.01401304,-1.38579142,1.45560467,-0.30571938,0.00935187,-0.00732601,-0.12516525,
13334,-0.22953001,0.12666200,11.45451164,6.00000000,-0.09345703,0.09829102,-0.04620745,-0.31145045,0.00796510,0.07000000,0.01150183,-0.06635512,-0.07908873,0.05991055,0.01401304,-1.43291533,1.65806282,-0.31144744,0.00691754,-0.00732601,-0.13462788,
13342,-0.87117606,-0.10318135,8.78976536,6.00000000,-0.10473633,0.11601563,-0.04714007,-0.17235708,-0.03280366,0.07000000,0.01150183,0.02674768,-0.05398925,0.05706751,0.01401304,-1.90066361,1.80990636,-0.17235903,0.00467817,-0.00732601,-0.14700423,
13350,-1.48888016,0.09553739,7.37958050,6.00000000,-0.09506836,0.09506836,0.06370833,0.07452043,-0.04026461,0.07000000,0.01150183,-0.01491674,-0.02548239,0.01925319,0.01401304,-1.97745812,2.02807260,0.07451749,0.00405733,-0.00732601,-0.13979803,
13357,-0.96933836,-1.22845614,6.86722136,5.00000000,-0.03867187,0.04511719,0.02413865,0.27543315,-0.02227839,0.07000000,0.01150183,-0.06018136,-0.00250849,-0.01396483,0.01401304,-2.02283669,2.22704005,0.27543384,0.00457670,-0.00732601,-0.13408905,
13366,0.05537999,0.33495754,8.16009045,6.00000000,-0.00483398,-0.00805664,-0.03315077,0.31020650,-0.09262449,0.07000000,0.01150183,-0.00051397,0.01404732,-0.01632588,0.01401304,-1.94953275,1.95127821,0.31020895,0.00675820,-0.00732601,-0.11891428,
13374,0.73054487,0.05723016,10.83201981,6.00000000,0.00322266,-0.03222656,0.12206361,0.21987572,-0.03906553,0.07000000,0.01150183,0.02726171,0.00937314,-0.00526058,0.01401304,-1.76103723,1.66853476,0.21987426,0.00893026,-0.00732601,-0.10838110,
13382,1.56851542,-0.70652020,11.95968819,6.00000000,0.01127930,-0.00966797,-0.01689657,0.02389256,-0.03120489,0.07000000,0.01150183,0.00257196,-0.01868901,0.01655787,0.01401304,-1.53239918,1.52367246,0.02388988,0.00994881,-0.00732601,-0.10905057,
13390,1.07052147,0.07638377,12.96285915,6.00000000,-0.02094727,0.03383789,-0.08138049,-0.20926213,0.01569251,0.07000000,0.01725275,-0.02057496,-0.05540894,0.04594182,0.01401304,-1.42418861,1.49400187,-0.20926180,0.00971288,-0.00732601,-0.12095589,
13398,0.50309569,-0.13909438,11.60774040,6.00000000,-0.07573242,0.07250977,-0.03474956,-0.30398953,0.03074764,0.07000000,0.01725275,-0.03446300,-0.07409970,0.06112216,0.01401304,-1.51320040,1.63013756,-0.30398631,0.00792396,-0.00732601,-0.13598503,
13406,-0.84005141,0.01174032,9.88870430,6.00000000,-0.11118164,0.10312500,-0.06219519,-0.23231113,0.00836479,0.07000000,0.01725275,-0.00617251,-0.06598881,0.05981714,0.01401304,-1.83608627,1.85703039,-0.23231247,0.00573017,-0.00732601,-0.15071809,
13414,-1.30213237,0.04765335,7.68364429,6.00000000,-0.09345703,0.11440430,-0.01183379,0.01070267,-0.00815588,0.07000000,0.01725275,-0.04989415,-0.03871211,0.02273732,0.01401304,-1.93906081,2.10835791,0.01069902,0.00503625,-0.00732601,-0.14594325,
13422,-1.42184246,0.20806487,6.96298933,6.00000000,-0.07089844,0.04672851,0.03706208,0.22320649,-0.04079754,0.07000000,0.01725275,0.03806363,0.00212585,0.00314255,0.01401304,-2.20609617,2.07694173,0.22320463,0.00590344,-0.00732601,-0.13907778,
13429,-0.57668924,-0.49822465,7.39633989,5.00000000,-0.01127930,0.01289062,0.05971140,0.34044999,-0.01188635,0.07000000,0.01725275,-0.00462910,0.01698625,-0.02151673,0.01401304,-2.07868719,2.09439516,0.34045315,0.00792199,-0.00732601,-0.12659137,
13438,0.60844058,-0.08642194,9.59182262,6.00000000,0.02416992,-0.02094727,-0.02768830,0.28809011,-0.01508390,0.07000000,0.01725275,0.02057493,0.01836807,-0.01702953,0.01401304,-1.81863308,1.74881983,0.28809103,0.01015470,-0.00732601,-0.10843359,
13446,1.42486334,0.01413453,11.85434341,6.00000000,0.01450195,-0.02900391,0.03972670,0.04840711,0.02062207,0.07000000,0.01725275,0.04372187,-0.00916913,0.01547127,0.01401304,-1.61792016,1.46956718,0.04840463,0.01170927,-0.00732601,-0.10841201,
13454,1.52063143,-0.46470582,12.70907307,6.00000000,-0.01127930,0.01127930,-0.00757038,-0.17275676,0.03900798,0.07000000,0.01725275,-0.02160326,-0.04797293,0.03836229,0.01401304,-1.37531948,1.44862330,-0.17275509,0.01124930,-0.00732601,-0.11489269,
13463,0.46239430,-0.52216667,12.76414013,7.00000000,-0.05800781,0.07412110,-0.11282308,-0.31851175,0.02448577,0.07000000,0.01725275,-0.01234477,-0.07163529,0.06386784,0.01401304,-1.53239918,1.57428694,-0.31850776,0.00949132,-0.00732601,-0.13570921,
13470,-0.49289221,0.36129376,10.53274441,6.00000000,-0.09345703,0.11118164,0.02973436,-0.29812735,0.00876449,0.07000000,0.01725275,0.05863870,-0.06513491,0.07414035,0.01401304,-1.83259571,1.63362813,-0.29812616,0.00701430,-0.00732601,-0.14726478,
13478,-1.27819037,-0.91960412,8.13614845,6.00000000,-0.11118164,0.11923828,0.00908352,-0.10734021,0.00196970,0.07000000,0.01725275,0.04320757,-0.04425193,0.05000602,0.01401304,-2.06996036,1.92335284,-0.10734369,0.00528575,-0.00732601,-0.15254006,
13486,-1.63732064,-0.98903596,6.84806776,6.00000000,-0.06606445,0.09829102,-0.06499306,0.17670879,0.03168026,0.07000000,0.01725275,-0.06738286,-0.01860299,-0.00114216,0.01401304,-2.06123376,2.28987193,0.17670560,0.00489536,-0.00732601,-0.14491639,
13494,-1.08665419,0.36129376,7.47295427,6.00000000,-0.03544922,0.01289062,-0.05273578,0.34018356,-0.01321867,0.07000000,0.01725275,0.04063502,0.02049945,-0.01435817,0.01401304,-2.18864298,2.05076194,0.34018528,0.00665420,-0.00732601,-0.12901501,
13501,0.69942027,0.02371133,8.19600296,5.00000000,0.01450195,-0.02094727,0.12899163,0.32193086,-0.00442540,0.07000000,0.01725275,0.05143755,0.02402256,-0.01533404,0.01401304,-2.05425239,1.87971950,0.32193372,0.00945746,-0.00732601,-0.11926630,
13510,1.05615628,-0.70412600,11.18157291,6.00000000,0.03867187,-0.01127930,0.01148168,0.14446683,-0.03360305,0.07000000,0.01725275,0.08024266,0.00876863,0.00637018,0.01401304,-1.73660266,1.46433127,0.14446458,0.01201205,-0.00732601,-0.10555998,
13518,1.59006333,-0.34978414,12.74498653,6.00000000,0.00644531,0.00805664,-0.00916917,-0.11719934,0.01009680,0.07000000,0.01725275,0.00308580,-0.03589801,0.03225534,0.01401304,-1.46084058,1.45036852,-0.11720113,0.01268615,-0.00732601,-0.11402842,
13526,1.21177936,-0.40485078,12.92215729,6.00000000,-0.05800781,0.04511719,-0.05926410,-0.30625445,0.03767567,0.07000000,0.01725275,-0.03600585,-0.06854136,0.05523971,0.01401304,-1.32121420,1.44338727,-0.30625075,0.01139873,-0.00732601,-0.12241998,
13534,0.09608142,0.16257504,11.46887684,6.00000000,-0.09184571,0.09023438,-0.09643564,-0.38605994,0.02288700,0.07000000,0.01725275,-0.02777615,-0.08487345,0.07330508,0.01401304,-1.58301353,1.67726135,-0.38605615,0.00884698,-0.00732601,-0.14617407,
13542,-1.02919340,0.22721848,8.80413055,6.00000000,-0.11762695,0.13857421,-0.00570516,-0.21152705,-0.01668268,0.07000000,0.01725275,0.04526489,-0.05664432,0.06266747,0.01401304,-1.93033409,1.77674520,-0.21152948,0.00602662,-0.00732601,-0.14971754,
13550,-1.92701900,-0.49104202,7.74110508,6.00000000,-0.09667969,0.10957031,0.09674968,0.04454340,-0.01801499,0.07000000,0.01725275,0.02314701,-0.02532827,0.02667993,0.01401304,-2.12755632,2.04901648,0.04453975,0.00556607,-0.00732601,-0.14817165,
13558,-1.26143098,-1.09438086,6.78581858,6.00000000,-0.03867187,0.05639648,0.00495335,0.26570725,-0.02387717,0.07000000,0.01725275,-0.02314661,0.00167306,-0.01075929,0.01401304,-2.09439516,2.17293501,0.26570761,0.00637049,-0.00732601,-0.13542695,
13566,-0.34445170,0.21764167,7.89433384,6.00000000,-0.00805664,0.00483398,-0.04167759,0.31620193,-0.04719263,0.07000000,0.01725275,0.08281432,0.02535838,-0.00928530,0.01401304,-2.15199113,1.87099290,0.31620517,0.00853823,-0.00732601,-0.12290821,
13573,1.08488667,0.37087059,10.13770103,5.00000000,0.01772461,-0.01450195,0.13778490,0.22813606,0.02888240,0.07000000,0.01725275,0.05555257,0.01487760,-0.00540292,0.01401304,-1.84655845,1.65806282,0.22813690,0.01079552,-0.00732601,-0.11050264,
13582,1.07770407,-1.05607367,12.33797264,6.00000000,0.02578125,-0.00805664,-0.08111403,-0.00222076,0.04620247,0.07000000,0.01725275,0.03909242,-0.01623345,0.02133461,0.01401304,-1.55508828,1.42244339,-0.00222230,0.01188248,-0.00732601,-0.10809667,
13590,1.50626624,0.20806487,12.89582157,6.00000000,-0.01450195,0.03867187,-0.12308187,-0.26162201,0.08537246,0.07000000,0.01725275,-0.01234448,-0.06153174,0.05390311,0.01401304,-1.47829378,1.52018178,-0.26162019,0.01058463,-0.00732601,-0.12766220,
13598,0.31395379,0.30383292,12.29966545,6.00000000,-0.08862305,0.09506836,-0.04594097,-0.32130960,0.08110905,0.07000000,0.01725275,0.02006070,-0.06934504,0.06920841,0.01401304,-1.56206965,1.49400187,-0.32130563,0.00820983,-0.00732601,-0.13407727,
13606,-0.20558800,0.11469100,9.57745743,6.00000000,-0.09667969,0.10957031,-0.02235905,-0.31224987,0.02848271,0.07000000,0.01725275,0.08744372,-0.06690650,0.08266393,0.01401304,-2.02109122,1.72438538,-0.31225038,0.00566413,-0.00732601,-0.15841174,
13614,-1.65408003,0.12426780,8.25825214,6.00000000,-0.09023438,0.14663085,0.02520450,-0.05804466,0.02368639,0.07000000,0.01725275,0.03137690,-0.04142634,0.04447737,0.01401304,-2.18166161,2.07519650,-0.05804840,0.00402764,-0.00732601,-0.15851957,
13622,-1.59422493,0.09793159,6.91031694,6.00000000,-0.07734375,0.08701172,-0.00717070,0.22813606,-0.00149432,0.07000000,0.01725275,0.01851753,-0.00339001,0.00402778,0.01401304,-2.32477856,2.26194692,0.22813410,0.00396594,-0.00732601,-0.14972913,
13630,-0.56950665,-0.09360455,6.57512856,6.00000000,-0.00805664,0.00966797,-0.00144175,0.36083439,0.01649190,0.07000000,0.01725275,0.00462948,0.01639563,-0.01872439,0.01401304,-2.28987193,2.27416396,0.36083841,0.00579101,-0.00732601,-0.13928549,
13638,-0.17446338,-0.18697841,9.65167809,6.00000000,0.00644531,-0.00966797,0.00681859,0.37215903,-0.01055404,0.07000000,0.01725275,0.05761012,0.03107722,-0.02083043,0.01401304,-2.07519650,1.87971950,0.37215963,0.00869991,-0.00732601,-0.11638409,
13645,1.64512992,-0.50780147,10.98046017,5.00000000,0.03222656,-0.03867187,0.04958581,0.15885580,0.03141380,0.07000000,0.01725275,0.06121070,0.00566163,0.00499964,0.01401304,-1.86052096,1.65282679,0.15885316,0.01099563,-0.00732601,-0.11584200,
13654,1.72653282,-1.08719826,13.16636562,6.00000000,0.01772461,-0.00322266,-0.05646626,-0.12772459,0.05033264,0.07000000,0.01725275,0.01903231,-0.03713124,0.03722265,0.01401304,-1.57079637,1.50621915,-0.12772591,0.01212310,-0.00732601,-0.12080193,
13662,1.00348389,0.22243008,13.12566471,6.00000000,-0.04672851,0.06606445,-0.06845706,-0.29026672,0.05206464,0.07000000,0.01725275,-0.01748825,-0.06738463,0.05847682,0.01401304,-1.56206965,1.62141085,-0.29026306,0.01057304,-0.00732601,-0.13644525,
13670,-0.01165765,0.07159536,10.99721909,6.00000000,-0.10312500,0.10634766,-0.01876181,-0.33862966,0.01542605,0.07000000,0.01725275,0.02983372,-0.07284234,0.07497229,0.01401304,-1.76452780,1.66329885,-0.33862722,0.00822879,-0.00732601,-0.14880916,
13678,-1.12256730,-0.30908272,9.05312729,6.00000000,-0.10473633,0.11762695,0.02200695,-0.20326671,-0.00895527,0.07000000,0.01725275,-0.01851727,-0.06451321,0.05549059,0.01401304,-1.94778740,2.01061916,-0.20326890,0.00596311,-0.00732601,-0.15822925,
13686,-1.74745393,-0.76398104,7.93742943,6.00000000,-0.09345703,0.11118164,-0.00770362,0.10050052,-0.02427686,0.07000000,0.01725275,0.00257188,-0.02179181,0.01840088,0.01401304,-2.24623871,2.23751211,0.10049644,0.00523352,-0.00732601,-0.15524998,
13694,-1.01482821,-0.09839296,6.60385895,6.00000000,-0.04672851,0.04028320,0.02573743,0.31033975,-0.05878375,0.07000000,0.01725275,-0.00771562,0.00942971,-0.01477194,0.01401304,-2.19911480,2.22529483,0.31034029,0.00669978,-0.00732601,-0.13788512,
13702,-0.20798220,-0.36893776,7.70519209,6.00000000,0.01289062,-0.01450195,0.06637295,0.35497224,-0.03346982,0.07000000,0.01725275,-0.02108952,0.01856888,-0.02693902,0.01401304,-2.05076194,2.12232041,0.35497588,0.00919691,-0.00732601,-0.12553850,
13710,0.97235924,-0.45991740,9.82645512,6.00000000,0.01450195,-0.02900391,-0.02449075,0.27569962,-0.03773322,0.07000000,0.01725275,0.07972751,0.02450204,-0.00920679,0.01401304,-1.97571266,1.70518661,0.27570021,0.01159225,-0.00732601,-0.11344437,
13717,1.29797065,-0.26598707,12.19910812,5.00000000,0.02255859,-0.02094727,0.03319837,0.01776392,0.03074764,0.07000000,0.01725275,0.00874443,-0.01672444,0.01471281,0.01401304,-1.57254159,1.54287112,0.01776093,0.01277642,-0.00732601,-0.11164597,
13726,2.29635286,-0.46949422,12.78329372,6.00000000,-0.00805664,0.01611328,-0.09923349,-0.27054846,0.03181349,0.07000000,0.01725275,0.02777630,-0.05617432,0.05802041,0.01401304,-1.54636168,1.45211387,-0.27054748,0.01230139,-0.00732601,-0.12830943,
13734,0.59646958,0.28228512,11.86631489,6.00000000,-0.07412110,0.09667969,-0.04074497,-0.36847344,0.05592835,0.07000000,0.01725275,0.03034839,-0.07510938,0.07731605,0.01401304,-1.75580120,1.65282679,-0.36847037,0.00992811,-0.00732601,-0.15027685,
13742,-1.37635267,0.26791990,9.96531868,6.00000000,-0.11440430,0.14179687,-0.01902827,-0.27307987,0.00849803,0.07000000,0.01725275,0.03652060,-0.06460211,0.06844814,0.01401304,-1.92335284,1.79943442,-0.27308026,0.00791330,-0.00732601,-0.15474932,
13750,-0.92863691,-0.18697841,7.29578352,6.00000000,-0.08701172,0.10795899,-0.00010943,-0.03712735,0.00876449,0.07000000,0.01725275,-0.05298018,-0.04588474,0.02909042,0.01401304,-2.05076194,2.23053074,-0.03713262,0.00637714,-0.00732601,-0.15788899,
13758,-2.08503628,0.28467932,7.21438074,6.00000000,-0.07734375,0.07573242,-0.01383225,0.22880220,-0.04479447,0.07000000,0.01725275,0.02674733,0.00161714,0.00100578,0.01401304,-2.31954241,2.22878551,0.22879930,0.00730175,-0.00732601,-0.14828891,
13766,-0.18404017,-0.11036396,6.41471720,6.00000000,-0.00805664,0.00483398,0.07863022,0.37122643,-0.04959080,0.07000000,0.01725275,0.05863871,0.02978844,-0.01929720,0.01401304,-2.23925757,2.04028988,0.37123054,0.00924758,-0.00732601,-0.12821944,
13774,-0.16488656,-0.44794640,9.81208992,6.00000000,0.03544922,-0.03222656,0.06783850,0.31073943,-0.01082050,0.07000000,0.01725275,-0.02160387,0.01757686,-0.02612551,0.01401304,-1.86924756,1.94255149,0.31074062,0.01224220,-0.00732601,-0.11564906,
13782,1.49908364,-0.50301301,11.46887684,6.00000000,0.01772461,-0.03222656,-0.07818294,0.13260925,-0.01281897,0.07000000,0.01725275,0.03754929,0.00395306,0.00110217,0.01401304,-1.68773329,1.56032443,0.13260631,0.01400976,-0.00732601,-0.10812811,
13789,1.73132122,0.27270830,12.82160091,5.00000000,0.00161133,-0.00161133,-0.00370668,-0.16609520,0.05592835,0.07000000,0.01725275,-0.00462940,-0.04110028,0.03555157,0.01401304,-1.37881017,1.39451814,-0.16609634,0.01448745,-0.00732601,-0.11257513,
13798,1.23093307,-0.30908272,13.12566471,6.00000000,-0.04672851,0.04995117,-0.04474191,-0.40298039,0.04686863,0.07000000,0.01725275,0.03960688,-0.07295965,0.07731280,0.01401304,-1.49574709,1.36135685,-0.40297598,0.01249718,-0.00732601,-0.13278577,
13806,0.46718270,-0.30190009,11.19833183,6.00000000,-0.09990235,0.12890625,-0.05699917,-0.45360824,0.07191610,0.07000000,0.01725275,-0.00771588,-0.09428593,0.08730513,0.01401304,-1.80467045,1.83085036,-0.45360321,0.00902738,-0.00732601,-0.16467386,
13814,-2.14728546,-0.06487413,9.30691242,6.00000000,-0.14018555,0.16113281,-0.06459337,-0.12985629,0.03621012,0.07000000,0.01725275,0.00257201,-0.05261584,0.04872959,0.01401304,-2.06996036,2.06123376,-0.12985903,0.00574122,-0.00732601,-0.15917060,
13822,-1.59901333,0.09314318,6.88158655,6.00000000,-0.07412110,0.09023438,0.01308046,0.10862762,0.01542605,0.07000000,0.01725275,0.01028758,-0.02038182,0.01883174,0.01401304,-2.33874130,2.30383468,0.10862423,0.00544975,-0.00732601,-0.16041809,
13830,-1.32846856,0.02849974,6.04840422,6.00000000,-0.04350586,0.05639648,0.08169455,0.34364757,-0.02933965,0.07000000,0.01725275,0.07869899,0.02350168,-0.00836341,0.01401304,-2.46789551,2.20086026,0.34364945,0.00709839,-0.00732601,-0.14432782,
13838,-0.47852698,-0.95551717,7.22156334,6.00000000,0.02416992,-0.00322266,0.04159194,0.40453419,-0.01561683,0.07000000,0.01725275,0.06584007,0.03660699,-0.02433310,0.01401304,-2.22354960,2.00014734,0.40453887,0.00997338,-0.00732601,-0.12377994,
13846,0.13199444,-0.56286806,10.84159660,6.00000000,0.04995117,-0.04350586,0.00282165,0.31020650,0.05806005,0.07000000,0.01725275,0.00977338,0.02279956,-0.02392846,0.01401304,-1.87273836,1.83957708,0.31020293,0.01315349,-0.00732601,-0.11208163,
13854,1.42486334,-0.87890273,12.72583294,6.00000000,0.01933594,-0.02739258,-0.13240805,0.01962916,0.05792682,0.07000000,0.01725275,0.06995505,-0.00549796,0.01797714,0.01401304,-1.61093891,1.37357402,0.01962516,0.01543607,-0.00732601,-0.10676585,
13861,2.02341390,0.38044739,13.23579788,5.00000000,0.00000000,0.02578125,-0.04047851,-0.27960822,0.09323309,0.07000000,0.01725275,0.02366140,-0.05364700,0.05453163,0.01401304,-1.38404620,1.30376089,-0.27960733,0.01456812,-0.00732601,-0.11770450,
13870,0.57492179,-0.66342455,13.36747932,6.00000000,-0.06123047,0.08862305,-0.03634834,-0.47918862,0.09589773,0.07000000,0.01725275,0.07098400,-0.08199710,0.09358455,0.01401304,-1.64584553,1.40499008,-0.47918174,0.01199543,-0.00732601,-0.14533351,
13878,-0.48570958,-0.26359287,10.30290127,6.00000000,-0.12084961,0.14824219,-0.09896701,-0.40711051,0.05965882,0.07000000,0.01725275,0.02674817,-0.08601482,0.08726249,0.01401304,-2.01411009,1.92335284,-0.40710831,0.00831169,-0.00732601,-0.17224848,
13886,-2.42980146,-0.35217834,7.98291922,6.00000000,-0.12568359,0.16757813,0.00508659,-0.01501096,0.05086556,0.07000000,0.01725275,-0.02777615,-0.04088382,0.03008150,0.01401304,-2.13977361,2.23402143,-0.01501578,0.00579283,-0.00732601,-0.15963875,
13894,-1.32607436,0.27510250,6.04840422,6.00000000,-0.06284180,0.06284180,0.04772058,0.17244539,-0.03720029,0.07000000,0.01725275,0.11264808,-0.00008299,0.02284639,0.01401304,-2.65115499,2.26892805,0.17244241,0.00594397,-0.00732601,-0.16585085,
13902,-0.76583117,-0.68976074,6.15614367,6.00000000,-0.01611328,0.05156250,0.14324738,0.39760619,-0.03333659,0.07000000,0.01725275,0.04938015,0.02844406,-0.02010207,0.01401304,-2.43997025,2.27241874,0.39760807,0.00784214,-0.00732601,-0.14199758,
13910,-0.42585453,-0.82383609,8.84243774,6.00000000,0.04189453,-0.01611328,-0.01343257,0.42691711,-0.01948054,0.07000000,0.01725275,0.00257216,0.03467275,-0.03727484,0.01401304,-2.01934600,2.01061916,0.42691851,0.01102299,-0.00732601,-0.11513461,
13918,1.87976170,-0.36175513,10.62132931,6.00000000,0.03706055,-0.07250977,-0.03368371,0.21334741,0.03181349,0.07000000,0.01725275,0.03703502,0.01435891,-0.00924970,0.01401304,-1.79943442,1.67377079,0.21334565,0.01405878,-0.00732601,-0.11043608,
13926,2.00426006,-0.66821295,12.74259186,6.00000000,0.01772461,-0.01289062,-0.03328403,-0.13078892,0.08510599,0.07000000,0.01725275,0.02057545,-0.03300942,0.03349839,0.01401304,-1.50447381,1.43466055,-0.13079216,0.01534105,-0.00732601,-0.11602603,
13933,1.57569802,0.18651704,13.68351364,5.00000000,-0.03544922,0.05961914,-0.07378633,-0.35288540,0.05579512,0.07000000,0.01725275,0.04217886,-0.06275186,0.06784009,0.01401304,-1.40324473,1.26012766,-0.35288161,0.01385063,-0.00732601,-0.12213119,
13942,0.54619133,-0.11275817,12.47922993,6.00000000,-0.07895508,0.11279297,-0.02262551,-0.51729274,0.07364810,0.07000000,0.01725275,0.07664203,-0.09047114,0.10329320,0.01401304,-1.85179436,1.59174025,-0.51728725,0.01080044,-0.00732601,-0.16233139,
13950,-2.02518129,0.45945606,10.54232121,6.00000000,-0.14179687,0.16757813,0.00828413,-0.28373837,0.01036326,0.07000000,0.01725275,0.00617272,-0.07126556,0.06791946,0.01401304,-2.00014734,1.97920334,-0.28373829,0.00787745,-0.00732601,-0.16482244,
13958,-1.62056124,-0.55807966,7.27184153,6.00000000,-0.09667969,0.13857421,-0.02915385,0.01390022,0.00729894,0.07000000,0.01725275,-0.00102887,-0.03425061,0.02983773,0.01401304,-2.35444903,2.35793996,0.01389524,0.00690825,-0.00732601,-0.16981666,
13966,-1.59183073,0.28228512,6.08910561,6.00000000,-0.06767578,0.05317383,0.06957050,0.24958628,-0.05598590,0.07000000,0.01725275,0.03497751,0.00330444,0.00130292,0.01401304,-2.52374625,2.40506387,0.24958627,0.00721836,-0.00732601,-0.16057436,
13974,-0.88793546,-1.08480406,6.92947054,6.00000000,-0.00483398,0.01933594,0.06690588,0.43437803,-0.04519417,0.07000000,0.01725275,-0.00668664,0.02941935,-0.03421559,0.01401304,-2.30558014,2.32826900,0.43438202,0.00946475,-0.00732601,-0.13648434,
13982,0.59646958,-0.25401607,9.35479736,6.00000000,0.02900391,-0.04350586,0.04225810,0.37309167,-0.05745144,0.07000000,0.01725275,0.04423583,0.03369435,-0.02655959,0.01401304,-2.05425239,1.90415418,0.37309411,0.01236551,-0.00732601,-0.11644278,
13990,1.65231252,-0.71130860,11.61731720,6.00000000,0.03383789,-0.05478515,0.03279868,0.13154340,0.01875683,0.07000000,0.01725275,-0.00977310,-0.00181582,-0.00430103,0.01401304,-1.65108144,1.68424273,0.13154151,0.01444518,-0.00732601,-0.11136873,
13998,1.30036485,-0.50540721,13.69548416,6.00000000,0.00322266,-0.00322266,-0.12468066,-0.18448111,0.03474458,0.07000000,0.01725275,-0.02057476,-0.04626342,0.03691101,0.01401304,-1.42942464,1.49923790,-0.18448208,0.01474976,-0.00732601,-0.11953894,
14005,1.51344883,0.25116050,13.26452827,5.00000000,-0.04995117,0.06445312,-0.08684296,-0.40018246,0.04846740,0.07000000,0.01725275,-0.00617254,-0.07880743,0.07235103,0.01401304,-1.44862330,1.46956718,-0.40017781,0.01205800,-0.00732601,-0.13479728,
14014,0.07692781,-0.01220169,11.74421024,6.00000000,-0.11601563,0.12084961,0.01467922,-0.48891455,0.03487781,0.07000000,0.01725275,0.10390376,-0.08682506,0.10611991,0.01401304,-2.02109122,1.66853476,-0.48890838,0.00876601,-0.00732601,-0.16919479,
14022,-1.44817865,-0.41442758,8.88792801,6.00000000,-0.13051757,0.17402343,-0.00397314,-0.19700482,0.02621778,0.07000000,0.01725275,-0.03806272,-0.06931074,0.05567180,0.01401304,-2.11882973,2.24798417,-0.19701031,0.00504342,-0.00732601,-0.17258020,
14030,-2.38191724,0.00695192,7.62378931,6.00000000,-0.09506836,0.11279297,-0.07285371,0.12261692,0.00117031,0.07000000,0.01725275,-0.03137669,-0.02662865,0.01525854,0.01401304,-2.48883963,2.59530449,0.12261444,0.00474101,-0.00732601,-0.17541061,
14038,-1.18242228,0.45706183,5.60068846,6.00000000,-0.05639648,0.02900391,0.04798704,0.35763684,-0.03799968,0.07000000,0.01150183,-0.00360083,0.01104037,-0.01396954,0.01401304,-2.66511774,2.67733502,0.35763878,0.00572192,-0.00732601,-0.16773507,
14046,-0.73470658,-0.28753489,6.93425894,6.00000000,0.00966797,-0.00161133,0.08435917,0.48633823,-0.03573475,0.07000000,0.01150183,0.04938041,0.04246671,-0.03256004,0.01401304,-2.50803804,2.34048653,0.48634362,0.00896753,-0.00732601,-0.14049913,
14054,0.61562318,-0.81425929,10.10657597,6.00000000,0.03867187,-0.06445312,0.03026728,0.38295075,-0.02041316,0.07000000,0.01725275,0.02520435,0.03208542,-0.02942187,0.01401304,-2.11184835,2.02632713,0.38294941,0.01259330,-0.00732601,-0.12224500,
14062,1.69301391,-0.58681011,12.32121277,6.00000000,0.04672851,-0.04350586,-0.02715538,0.10343161,0.03621012,0.07000000,0.01725275,-0.03703455,-0.00940016,-0.00320781,0.01401304,-1.70518661,1.83085036,0.10342678,0.01523895,-0.00732601,-0.12068291,
14070,1.68104291,-0.25401607,13.73379230,6.00000000,0.00161133,-0.00322266,-0.12428095,-0.23324373,0.01915652,0.07000000,0.01725275,0.03137679,-0.04797091,0.05078360,0.01401304,-1.63886416,1.53239918,-0.23324493,0.01532456,-0.00732601,-0.13186857,
14077,0.83828396,0.26073730,13.56380367,5.00000000,-0.07089844,0.07089844,0.02840205,-0.41310593,0.07271549,0.07000000,0.01725275,-0.02057508,-0.08362297,0.07374664,0.01401304,-1.63537347,1.70518661,-0.41310000,0.01314921,-0.00732601,-0.15104510,
14086,-0.69879353,-0.84298968,11.53112602,6.00000000,-0.11440430,0.12729493,-0.07725034,-0.39778432,0.05139849,0.07000000,0.01725275,-0.00720096,-0.08821528,0.08148295,0.01401304,-2.05948853,2.08392310,-0.39777979,0.00979649,-0.00732601,-0.17903781,
14094,-1.57507133,0.58634871,8.11938858,6.00000000,-0.11762695,0.14179687,-0.07325339,-0.12945661,0.00649956,0.07000000,0.01725275,-0.04732260,-0.06084378,0.04518440,0.01401304,-2.29685330,2.45742369,-0.12946102,0.00684512,-0.00732601,-0.18172845,
14102,-2.00842190,0.10271999,6.67568541,6.00000000,-0.10473633,0.08217774,0.11193804,0.17644233,-0.01894761,0.07000000,0.01725275,-0.02931933,-0.01768261,0.00693645,0.01401304,-2.59181404,2.69129777,0.17643899,0.00657785,-0.00732601,-0.17872103,
14110,-1.13932669,-0.75919265,5.79222488,6.00000000,-0.02578125,0.03706055,0.06890435,0.40480071,-0.09155864,0.07000000,0.01725275,0.10390329,0.03292501,-0.01169233,0.01401304,-2.83965063,2.48709416,0.40480393,0.00834595,-0.00732601,-0.16374618,
14118,-0.07869530,-0.32344791,7.65491390,6.00000000,0.01611328,-0.01933594,0.11566851,0.44317126,-0.07930136,0.07000000,0.01725275,0.01748891,0.03472335,-0.03376824,0.01401304,-2.44869709,2.38935566,0.44317520,0.01158082,-0.00732601,-0.14324917,
14126,0.95320565,-1.50857770,10.53513813,6.00000000,0.05156250,-0.03706055,0.01014937,0.34191555,-0.01561683,0.07000000,0.01725275,-0.05298015,0.01994754,-0.03580460,0.01401304,-1.96000481,2.13977361,0.34191328,0.01513921,-0.00732601,-0.12382837,
14134,1.66188931,-0.25641027,12.69231415,6.00000000,0.02416992,-0.06123047,-0.16025338,-0.02580269,-0.04519417,0.07000000,0.01725275,0.01080219,-0.01997038,0.01840028,0.01401304,-1.76801860,1.73136652,-0.02580547,0.01732420,-0.00732601,-0.12872353,
14142,2.17185426,0.14102721,13.60689926,6.00000000,-0.02900391,0.01289062,0.03146636,-0.29546270,0.03461134,0.07000000,0.01150183,-0.11676282,-0.07360071,0.04265674,0.01401304,-1.38055539,1.77674520,-0.29546079,0.01545657,-0.00732601,-0.13587295,
14149,0.29240596,-0.85017228,13.57098579,5.00000000,-0.09345703,0.08056641,-0.14573118,-0.47838920,-0.02361071,0.07000000,0.01150183,-0.00617255,-0.09244508,0.08717917,0.01401304,-1.78372645,1.80467045,-0.47838283,0.01289028,-0.00732601,-0.16476202,
14158,-0.49289221,0.66775161,9.89109802,6.00000000,-0.12246094,0.14501953,0.03946024,-0.37753317,-0.03986492,0.07000000,0.01150183,-0.01285945,-0.08684640,0.08017208,0.01401304,-2.13279223,2.17642546,-0.37753263,0.00924151,-0.00732601,-0.18358015,
14166,-2.38670564,-0.54371446,8.37317467,6.00000000,-0.13857421,0.14018555,0.10727495,-0.05657911,-0.04705941,0.07000000,0.01150183,-0.08024208,-0.05553014,0.03360998,0.01401304,-2.39982772,2.67209911,-0.05658287,0.00665713,-0.00732601,-0.18795972,
14174,-1.54634094,-0.76637524,6.06755781,6.00000000,-0.07734375,0.07250977,-0.04780623,0.27410084,-0.10461530,0.07000000,0.01150183,0.04680759,0.00453172,0.00426484,0.01401304,-2.83965063,2.68082595,0.27409825,0.00634544,-0.00732601,-0.18024510,
14182,-0.76822537,0.39960101,5.60547686,6.00000000,-0.01933594,0.00805664,0.10127954,0.42545155,-0.07383888,0.07000000,0.01150183,-0.06275377,0.01601098,-0.03272276,0.01401304,-2.69304299,2.90597320,0.42545596,0.00896097,-0.00732601,-0.17211872,
14190,-0.50007480,-1.22127354,8.51443195,6.00000000,0.02739258,-0.03383789,-0.01822890,0.50912070,-0.03986492,0.07000000,0.01150183,-0.00205744,0.04372265,-0.04586935,0.01401304,-2.41379046,2.42077160,0.50912338,0.01251169,-0.00732601,-0.13834143,
14198,1.60921693,0.30622715,10.64527130,6.00000000,0.04028320,-0.08540039,-0.05060408,0.22320649,-0.02534271,0.07000000,0.01150183,0.00257181,0.01005960,-0.01169394,0.01401304,-2.11359358,2.10486698,0.22320381,0.01584670,-0.00732601,-0.13673703,
14206,1.83427191,-0.66342455,12.68273735,6.00000000,0.00966797,-0.01450195,-0.00783684,-0.03779351,0.05912590,0.07000000,0.01150183,-0.06069606,-0.02994409,0.01282432,0.01401304,-1.70693207,1.91288078,-0.03779620,0.01753614,-0.00732601,-0.13395837,
14214,1.43922853,0.22243008,13.72421455,6.00000000,-0.02739258,0.01611328,-0.11055813,-0.32304156,0.00476755,0.07000000,0.01725275,0.01440233,-0.06325004,0.06186806,0.01401304,-1.72962129,1.68075216,-0.32303944,0.01635681,-0.00732601,-0.14704637,
14221,0.42648125,0.53128207,12.72343826,5.00000000,-0.09023438,0.08540039,0.03906056,-0.44707990,0.02954856,0.07000000,0.01725275,-0.03189079,-0.09259264,0.07996954,0.01401304,-1.88495564,1.99316597,-0.44707346,0.01352722,-0.00732601,-0.17299460,
14230,-1.18242228,-0.40724498,9.78335857,6.00000000,-0.13212891,0.14985351,0.00108964,-0.29199871,0.00183646,0.07000000,0.01725275,-0.03394840,-0.07801110,0.06519823,0.01401304,-2.24798417,2.36317563,-0.29199842,0.01044937,-0.00732601,-0.18832451,
14238,-1.59901333,0.46663865,7.40352249,6.00000000,-0.11118164,0.10795899,-0.06312782,-0.01514420,-0.02334424,0.07000000,0.01150183,-0.05606693,-0.04569892,0.02959645,0.01401304,-2.51676464,2.70700574,-0.01514935,0.00831102,-0.00732601,-0.19046006,
14246,-2.24544787,-0.13191178,6.92707634,6.00000000,-0.08217774,0.07573242,0.09834845,0.28675783,-0.00988789,0.07000000,0.01150183,-0.07818474,-0.00478925,-0.01586678,0.01401304,-2.58134174,2.84663200,0.28675619,0.00910716,-0.00732601,-0.17597415,
14254,-0.24389522,-0.17740162,6.34289122,6.00000000,-0.00644531,-0.01450195,0.01188137,0.44703501,-0.08103337,0.07000000,0.01725275,0.10338854,0.04320315,-0.02196094,0.01401304,-2.77507353,2.42426229,0.44704086,0.01146012,-0.00732601,-0.15606546,
14262,0.33071318,-0.43118700,9.26381683,6.00000000,0.02900391,-0.03383789,0.14564554,0.34244847,-0.04825849,0.07000000,0.01725275,-0.02468985,0.01918082,-0.02836819,0.01401304,-2.32128787,2.40506387,0.34244853,0.01464652,-0.00732601,-0.14650279,
14270,1.19262576,-1.22845614,11.20790863,6.00000000,0.03706055,-0.04672851,-0.05593332,0.19282979,-0.01721561,0.07000000,0.01725275,0.00205736,0.00811429,-0.01127753,0.01401304,-1.94953275,1.94255149,0.19282578,0.01702213,-0.00732601,-0.12710805,
14278,0.99390703,0.27510250,14.01391315,6.00000000,0.00483398,-0.03061523,-0.10576182,-0.17209059,-0.01055404,0.07000000,0.01725275,-0.00874429,-0.04234315,0.03585269,0.01401304,-1.76278257,1.79245305,-0.17209390,0.01866741,-0.00732601,-0.14135410,
14286,1.17347217,-0.05769153,13.75773430,6.00000000,-0.05639648,0.05317383,-0.02049383,-0.34036165,0.07511365,0.07000000,0.01725275,-0.10030401,-0.07997694,0.05147275,0.01401304,-1.61268425,1.95302343,-0.34035808,0.01657656,-0.00732601,-0.15393272,
14293,-0.50246900,-0.05050892,12.15122414,5.00000000,-0.10312500,0.09184571,-0.12121663,-0.42949337,-0.00002877,0.07000000,0.01725275,0.02571864,-0.08339533,0.08441859,0.01401304,-2.04203534,1.95476878,-0.42948771,0.01399940,-0.00732601,-0.17602202,
14302,-1.26621938,-0.46949422,9.11777115,6.00000000,-0.12246094,0.13696289,0.03799470,-0.25389460,0.02222084,0.07000000,0.01725275,-0.02623294,-0.07202578,0.06112385,0.01401304,-2.35968518,2.44869709,-0.25389645,0.01106740,-0.00732601,-0.19271137,
14310,-2.38191724,-0.57962751,7.71237469,6.00000000,-0.10795899,0.12729493,0.05438214,0.11808705,-0.04599356,0.07000000,0.01725275,-0.02520428,-0.02182361,0.01195599,0.01401304,-2.53596354,2.62148452,0.11808217,0.00937363,-0.00732601,-0.17839648,
14318,-0.83286881,-0.26359287,5.69406271,6.00000000,-0.03544922,0.01933594,0.00548628,0.28182825,-0.08822785,0.07000000,0.01725275,0.03189077,0.00822369,-0.00423745,0.01401304,-2.80474401,2.69653368,0.28183064,0.01074578,-0.00732601,-0.17898858,
14326,-1.13214409,-0.23725665,7.66927910,6.00000000,-0.00805664,0.01450195,0.10980634,0.43357867,-0.05545297,0.07000000,0.01725275,-0.01080184,0.03118429,-0.03691150,0.01401304,-2.45742369,2.49407530,0.43358064,0.01324719,-0.00732601,-0.14805710,
14334,1.38176775,-0.58202171,10.01080799,6.00000000,0.04511719,-0.05478515,0.00002379,0.30114678,-0.04133046,0.07000000,0.01725275,0.02520425,0.02132997,-0.01880636,0.01401304,-2.36666656,2.28114533,0.30114678,0.01625542,-0.00732601,-0.14665003,
14342,1.05855048,-0.13191178,12.46007633,6.00000000,0.02416992,-0.03383789,-0.03061939,0.07452043,0.00063738,0.07000000,0.01725275,-0.06429635,-0.01612504,-0.00295267,0.01401304,-1.87797427,2.09614038,0.07451658,0.01814602,-0.00732601,-0.13865924,
14350,1.25966346,0.28228512,13.32198906,6.00000000,-0.01450195,-0.00161133,-0.06779090,-0.19847038,0.02621778,0.07000000,0.01725275,-0.04063573,-0.05071892,0.03663440,0.01401304,-1.73311198,1.87099290,-0.19847067,0.01822347,-0.00732601,-0.14503796,
14358,1.21417367,0.16018084,12.45528793,6.00000000,-0.05639648,0.04833984,-0.02515689,-0.41443825,-0.00482510,0.07000000,0.01725275,0.02314676,-0.07877785,0.07924705,0.01401304,-1.95127821,1.87273836,-0.41443491,0.01555546,-0.00732601,-0.16866718,
14365,-0.67006314,0.24637209,11.34198475,5.00000000,-0.12084961,0.13051757,0.01134845,-0.38539383,0.00490078,0.07000000,0.01725275,-0.02366146,-0.08707681,0.07651603,0.01401304,-2.19387889,2.27416396,-0.38539055,0.01264360,-0.00732601,-0.18990743,
14374,-1.64689744,-0.68976074,8.28458881,6.00000000,-0.12084961,0.13374023,-0.05699917,-0.07683026,-0.01108697,0.07000000,0.01725275,-0.01903210,-0.04735284,0.03852841,0.01401304,-2.46091413,2.52549148,-0.07683495,0.01030837,-0.00732601,-0.18632774,
14382,-1.57267714,0.70605880,6.62540722,6.00000000,-0.08217774,0.07573242,0.00215550,0.17231217,-0.00802265,0.07000000,0.01725275,-0.04269318,-0.01771044,0.00384230,0.01401304,-2.77332807,2.91819048,0.17230949,0.01064006,-0.00732601,-0.19382499,
14390,-1.20875847,-0.64427096,6.07713461,6.00000000,-0.02578125,0.02094727,0.04345718,0.41146228,-0.02734118,0.07000000,0.01725275,0.01080178,0.02694584,-0.02763275,0.01401304,-2.73842144,2.70176983,0.41146469,0.01257999,-0.00732601,-0.16737571,
14398,0.17030168,0.29186192,8.14093685,6.00000000,0.01611328,-0.04028320,0.04319072,0.39627388,-0.05318804,0.07000000,0.01725275,0.01543110,0.03075196,-0.03033702,0.01401304,-2.58832335,2.53596354,0.39627734,0.01583846,-0.00732601,-0.15702537,
14406,0.62280577,-0.49104202,10.67879009,6.00000000,0.03383789,-0.04511719,0.05464860,0.28729075,-0.01268574,0.07000000,0.01725275,0.01954626,0.02408087,-0.02288720,0.01401304,-2.15024567,2.08392310,0.28728974,0.01897490,-0.00732601,-0.13266012,
14414,1.95398200,-0.34499574,12.56542110,6.00000000,0.03706055,-0.04189453,-0.03128555,-0.08588999,-0.00082816,0.07000000,0.01725275,0.04989429,-0.02327882,0.03083900,0.01401304,-2.04552579,1.87622893,-0.08589286,0.02023953,-0.00732601,-0.14839080,
14422,1.24050987,-0.23725665,13.60689926,6.00000000,-0.03706055,0.03867187,-0.06446012,-0.27121463,0.06925147,0.07000000,0.01725275,-0.09052904,-0.06647606,0.04045874,0.01401304,-1.65108144,1.95825934,-0.27121240,0.01887738,-0.00732601,-0.15050150,
14430,0.47915369,-0.26838127,12.89582157,6.00000000,-0.08701172,0.07573242,-0.11935139,-0.42776132,0.05779358,0.07000000,0.01725275,-0.00411511,-0.08429801,0.07830975,0.01401304,-2.02632713,2.04028988,-0.42775661,0.01649308,-0.00732601,-0.17842710,
14437,-0.33966330,0.18172865,9.50563145,5.00000000,-0.10957031,0.11762695,-0.03368371,-0.38352859,0.01915652,0.07000000,0.01725275,0.00720126,-0.08437607,0.08111101,0.01401304,-2.40680885,2.38237453,-0.38353035,0.01322595,-0.00732601,-0.20141377,
14446,-2.87033439,-0.29232329,8.77300549,6.00000000,-0.12890625,0.15146485,0.06091047,-0.00062199,0.00276908,0.07000000,0.01725275,-0.03549185,-0.03826625,0.02573993,0.01401304,-2.60228610,2.72271371,-0.00062698,0.01204705,-0.00732601,-0.19307663,
14454,-1.38353527,-0.34738994,5.84010887,6.00000000,-0.04995117,0.04833984,-0.00783684,0.27103651,-0.06238099,0.07000000,0.01725275,0.04475087,0.00834443,-0.00132538,0.01401304,-2.99498510,2.84314132,0.27103505,0.01265327,-0.00732601,-0.19198197,
14462,-1.44099605,0.09793159,7.10424709,6.00000000,-0.00966797,0.02255859,0.08302686,0.42625093,-0.04919111,0.07000000,0.01725275,0.00771567,0.03116087,-0.03251115,0.01401304,-2.79601741,2.76983738,0.42625427,0.01541996,-0.00732601,-0.17085883,
14470,0.10086983,-0.66581875,9.56548691,6.00000000,0.04028320,-0.05800781,0.03453069,0.42958170,-0.02001346,0.07000000,0.01725275,0.00720128,0.03898031,-0.04039910,0.01401304,-2.47662210,2.45218754,0.42958274,0.01873987,-0.00732601,-0.14752464,
14478,1.41768074,-0.89566213,11.52394390,6.00000000,0.04511719,-0.05478515,-0.05073731,0.15286040,0.01142911,0.07000000,0.01725275,-0.00617243,0.00367128,-0.00881804,0.01401304,-2.14326429,2.16420817,0.15285659,0.02128169,-0.00732601,-0.14506380,
14486,1.63076472,-0.62272310,13.02031994,6.00000000,0.00966797,-0.02255859,-0.08324575,-0.13878280,0.05632804,0.07000000,0.01725275,-0.03549206,-0.03734780,0.02465504,0.01401304,-1.76278257,1.88321030,-0.13878469,0.02212307,-0.00732601,-0.14222920,
14494,0.96517664,-0.51737827,14.13362312,6.00000000,-0.04028320,0.03222656,-0.08377867,-0.39991602,0.04633570,0.07000000,0.01725275,0.02623321,-0.07077163,0.07206091,0.01401304,-1.95476878,1.86575699,-0.39991120,0.02050577,-0.00732601,-0.16748765,
14502,-0.15291555,0.38284159,11.72266197,6.00000000,-0.10795899,0.12568359,-0.01329932,-0.43788692,0.04780125,0.07000000,0.01725275,0.04063564,-0.08150040,0.08606353,0.01401304,-2.26718259,2.12930179,-0.43788275,0.01729652,-0.00732601,-0.19111903,
14509,-1.39790046,-0.52934927,9.22550964,5.00000000,-0.11601563,0.14179687,-0.00503898,-0.25642595,0.00649956,0.07000000,0.01725275,0.02417586,-0.06255639,0.06359501,0.01401304,-2.45742369,2.37539315,-0.25642836,0.01467857,-0.00732601,-0.19378066,
14518,-2.04433489,-0.28753489,7.59745264,6.00000000,-0.10312500,0.12084961,0.00855059,0.02762304,0.01489313,0.07000000,0.01725275,-0.03034777,-0.03430124,0.02306044,0.01401304,-2.76983738,2.87281203,0.02762061,0.01303630,-0.00732601,-0.20254359,
14526,-1.17284548,-0.74961579,5.87362766,6.00000000,-0.04028320,0.04511719,-0.01489811,0.34018356,-0.04146369,0.07000000,0.01725275,0.05349454,0.02115851,-0.01191192,0.01401304,-2.94087982,2.75936556,0.34018320,0.01349991,-0.00732601,-0.18197057,
14534,-0.42824876,0.00455772,7.19043875,6.00000000,0.00161133,0.00161133,0.08355978,0.37895381,-0.04292924,0.07000000,0.01725275,0.03549185,0.02854151,-0.02342440,0.01401304,-2.86059451,2.74016690,0.37895861,0.01646696,-0.00732601,-0.17555310,
14542,0.37859723,-0.26359287,9.73547459,6.00000000,0.04350586,-0.03706055,0.03719532,0.37469044,-0.02680825,0.07000000,0.01725275,-0.00102873,0.03233261,-0.03580726,0.01401304,-2.30383468,2.30732512,0.37469169,0.01914190,-0.00732601,-0.13998951,
14550,2.31550646,-0.42879277,11.30367756,6.00000000,0.03222656,-0.05800781,-0.06392721,0.02549133,0.02448577,0.07000000,0.01725275,0.03240575,-0.01139861,0.01507152,0.01401304,-2.22354960,2.11359358,0.02548990,0.02041174,-0.00732601,-0.15537342,
14558,1.44162273,-0.10078716,12.77611160,6.00000000,-0.00966797,0.02255859,-0.07631771,-0.20659751,0.06831886,0.07000000,0.01725275,0.00668711,-0.04682961,0.04391311,0.01401304,-1.97396731,1.95127821,-0.20659769,0.01942814,-0.00732601,-0.15726848,
14566,0.84786075,-0.09599875,13.25734615,6.00000000,-0.04995117,0.06606445,-0.07698386,-0.39738464,0.08923616,0.07000000,0.01725275,0.01697448,-0.07689922,0.07596935,0.01401304,-2.12406564,2.06646991,-0.39737928,0.01758568,-0.00732601,-0.18071687,
14574,-0.10981993,0.25355470,10.92539310,6.00000000,-0.10795899,0.13051757,-0.08511097,-0.37806609,0.05259757,0.07000000,0.01725275,0.06018177,-0.07721174,0.08648097,0.01401304,-2.59879518,2.39459157,-0.37806359,0.01438943,-0.00732601,-0.20841995,
14581,-2.05151749,0.36368796,8.94060040,5.00000000,-0.10795899,0.15468749,-0.00157498,-0.12492675,0.02834948,0.07000000,0.01725275,0.01234542,-0.05126789,0.04976485,0.01401304,-2.74365759,2.70176983,-0.12492940,0.01212564,-0.00732601,-0.20645410,
14590,-1.54394674,-0.24443926,6.94144154,6.00000000,-0.08540039,0.09829102,0.03559653,0.15765673,-0.00442540,0.07000000,0.01725275,0.00874430,-0.01580789,0.01405757,0.01401304,-3.10494065,3.07527018,0.15765454,0.01134877,-0.00732601,-0.21260266,
14598,-1.10820198,-0.16782480,5.86883926,6.00000000,-0.02416992,0.02900391,0.01374661,0.39320958,-0.03453567,0.07000000,0.01725275,0.07252640,0.02770377,-0.01385971,0.01401304,-3.19744325,2.95135188,0.39321232,0.01278499,-0.00732601,-0.19438589,
14606,-0.52162260,-0.53653187,8.52400875,6.00000000,0.01289062,-0.00483398,0.08089516,0.44969961,0.00969711,0.07000000,0.01725275,-0.02417541,0.03083124,-0.03965439,0.01401304,-2.79601741,2.87804794,0.44970289,0.01601616,-0.00732601,-0.17308152,
14614,0.70420867,-0.62751150,10.36993885,6.00000000,0.05317383,-0.06767578,-0.03634834,0.37042704,0.01915652,0.07000000,0.01725275,0.01388816,0.03164738,-0.03161133,0.01401304,-2.49233031,2.44520640,0.37042528,0.01920181,-0.00732601,-0.15212990,
14622,1.49429524,-0.34020734,12.89582157,6.00000000,0.03061523,-0.05156250,-0.08710945,-0.01048110,0.07111671,0.07000000,0.01725275,-0.01285912,-0.02108755,0.01400841,0.01401304,-2.19911480,2.24274802,-0.01048553,0.02175009,-0.00732601,-0.16177769,
14630,1.82469499,-0.30668849,12.90060997,6.00000000,-0.01611328,0.02094727,-0.09017374,-0.23377666,0.09363278,0.07000000,0.01725275,0.00925901,-0.05089738,0.04853439,0.01401304,-2.07519650,2.04378057,-0.23377512,0.02005521,-0.00732601,-0.16626158,
14638,-0.18164597,-0.30429429,13.57338047,6.00000000,-0.06284180,0.06606445,-0.06632536,-0.40497881,0.08697123,0.07000000,0.01725275,0.07664198,-0.07235486,0.08550110,0.01401304,-2.39982772,2.13977361,-0.40497315,0.01814476,-0.00732601,-0.19392112,
14646,-0.88554126,-0.65145355,10.87511539,6.00000000,-0.10473633,0.14985351,-0.06139580,-0.34102780,0.06205699,0.07000000,0.01725275,0.03909269,-0.07406252,0.07844226,0.01401304,-2.62148452,2.48883963,-0.34102607,0.01523748,-0.00732601,-0.20997365,
14653,-1.72830021,-0.68257815,7.98770761,5.00000000,-0.10473633,0.13212891,-0.06099611,-0.07296655,0.02994826,0.07000000,0.01725275,0.03240581,-0.04267544,0.04603095,0.01401304,-2.98451304,2.87455726,-0.07297102,0.01309733,-0.00732601,-0.21768168,
14662,-1.98447990,-0.42639858,6.69483900,6.00000000,-0.06284180,0.10312500,0.04279102,0.26517436,0.01422697,0.07000000,0.01725275,-0.01337378,-0.00091250,-0.00580178,0.01401304,-3.09272337,3.13810205,0.26517197,0.01332118,-0.00732601,-0.20664251,
14670,-1.35001636,-0.17500740,6.25191164,6.00000000,-0.01450195,-0.00322266,0.01641124,0.43810850,-0.05531974,0.07000000,0.01725275,0.11161962,0.04240609,-0.01919587,0.01401304,-3.24805784,2.86932111,0.43811190,0.01582231,-0.00732601,-0.18999180,
14678,0.02186117,-0.39527395,8.54076862,6.00000000,0.04189453,-0.01450195,0.07489976,0.43650970,-0.01068727,0.07000000,0.01725275,0.00051488,0.03653377,-0.03951533,0.01401304,-2.74191236,2.74016690,0.43651202,0.01923469,-0.00732601,-0.16707824,
14686,1.08249247,-1.08001566,10.70512676,6.00000000,0.04672851,-0.06606445,-0.00224113,0.25984511,0.02168792,0.07000000,0.01725275,0.08590043,0.02798313,-0.01114617,0.01401304,-2.58832335,2.29685330,0.25984448,0.02240986,-0.00732601,-0.15824893,
14694,1.19023156,-0.29232329,13.45606422,6.00000000,0.03544922,-0.02255859,-0.09763471,-0.07056840,0.07031732,0.07000000,0.01725275,-0.00617149,-0.02592615,0.02031768,0.01401304,-2.11533904,2.13628292,-0.07057407,0.02353547,-0.00732601,-0.15923806,
14702,1.35782576,0.28946772,13.70984936,6.00000000,-0.01772461,0.03222656,-0.10402980,-0.33370009,0.07817797,0.07000000,0.01725275,-0.01234486,-0.06547830,0.05782012,0.01401304,-2.02283669,2.06472445,-0.33369771,0.02211494,-0.00732601,-0.17236719,
14710,0.22776252,0.46185026,12.63006496,6.00000000,-0.09506836,0.08540039,-0.04101143,-0.46932948,0.07178286,0.07000000,0.01725275,0.07046942,-0.08179303,0.09335169,0.01401304,-2.42775321,2.18864298,-0.46932352,0.01911272,-0.00732601,-0.20137031,
14718,-1.06271219,-0.26359287,9.42183495,6.00000000,-0.10151367,0.16596679,-0.05593332,-0.33516562,0.02475224,0.07000000,0.01725275,0.07561313,-0.06963153,0.08265194,0.01401304,-2.79776287,2.54119945,-0.33516657,0.01576946,-0.00732601,-0.21783693,
14725,-2.68358684,-0.04572052,8.60541153,5.00000000,-0.11279297,0.14018555,0.01987524,-0.02420392,0.02688394,0.07000000,0.01725275,-0.02880535,-0.04229203,0.03130785,0.01401304,-2.89375591,2.99149418,-0.02420744,0.01371779,-0.00732601,-0.21509542,
14734,-1.32128596,-0.72806799,6.01967382,6.00000000,-0.05478515,0.08056641,-0.01223347,0.27769807,-0.01361836,0.07000000,0.01725275,0.06069611,0.01037752,0.00043716,0.01401304,-3.25329351,3.04734492,0.27769643,0.01433059,-0.00732601,-0.20826517,
14742,-0.64372689,0.23679528,6.36683321,6.00000000,-0.00644531,-0.00322266,0.06170986,0.40599981,-0.04919111,0.07000000,0.01725275,0.05812450,0.03259648,-0.02207758,0.01401304,-3.13984728,2.94262528,0.40600500,0.01669333,-0.00732601,-0.19105436,
14750,-0.04278228,-0.75919265,9.30930710,6.00000000,0.03383789,-0.01772461,0.04332395,0.43371189,0.02648424,0.07000000,0.01725275,-0.01182977,0.03590359,-0.04179795,0.01401304,-2.67384434,2.71398687,0.43371084,0.01985239,-0.00732601,-0.16386485,
14758,1.92525148,-0.72567379,10.62372398,6.00000000,0.04833984,-0.08056641,-0.06192874,0.19829226,0.05766036,0.07000000,0.01725275,0.05915311,0.01677384,-0.00638304,0.01401304,-2.49582076,2.29510808,0.19829114,0.02271424,-0.00732601,-0.15929510,
14766,1.61400533,0.36368796,13.40818024,5.00000000,0.03222656,-0.00805664,-0.12587973,-0.16955921,0.11161902,0.07000000,0.01725275,0.01594600,-0.03815842,0.03755547,0.01401304,-2.19911480,2.14500976,-0.16956216,0.02358906,-0.00732601,-0.16976778,
14774,1.20938516,0.38523579,13.86307907,6.00000000,-0.04833984,0.05961914,-0.07125493,-0.33370009,0.11148578,0.07000000,0.01725275,0.03343453,-0.06156553,0.06470897,0.01401304,-2.17468023,2.06123376,-0.33369523,0.02154382,-0.00732601,-0.17774482,
14782,0.20860890,0.55522412,12.02193737,6.00000000,-0.07895508,0.10312500,-0.02422430,-0.45747194,0.08577215,0.07000000,0.01725275,0.04217885,-0.08523341,0.09013100,0.01401304,-2.49931145,2.35619450,-0.45746616,0.01872704,-0.00732601,-0.20917846,
14790,-1.11777890,-0.35217834,9.20875072,6.00000000,-0.12890625,0.16757813,-0.07205430,-0.29159904,0.00316878,0.07000000,0.01725275,0.09618803,-0.06313530,0.08109932,0.01401304,-2.96531439,2.63893771,-0.29160082,0.01512450,-0.00732601,-0.22429508,
14797,-1.84561610,0.10511419,7.22635174,5.00000000,-0.09345703,0.13374023,0.10487679,0.06999057,0.03754244,0.07000000,0.01725275,-0.02263220,-0.02931358,0.01998796,0.01401304,-2.99673033,3.07352495,0.06998438,0.01340448,-0.00732601,-0.21497293,
14806,-1.74505973,-0.68736655,6.30697823,6.00000000,-0.05800781,0.05478515,-0.04953823,0.33858475,-0.06437947,0.07000000,0.01725275,0.12807877,0.02658783,0.00026963,0.01401304,-3.41211867,2.97753191,0.33858567,0.01426404,-0.00732601,-0.20707743,
14814,0.03143798,-0.01459589,6.20642185,6.00000000,0.02416992,0.00161133,0.08755672,0.41692474,-0.01295220,0.07000000,0.01725275,0.00051554,0.02736422,-0.03042277,0.01401304,-3.05956221,3.05781674,0.41693148,0.01686617,-0.00732601,-0.19152750,
14822,-0.06911849,-0.56526226,10.23586273,6.00000000,0.02416992,-0.03383789,-0.03328403,0.40959701,0.00476755,0.07000000,0.01725275,-0.00925870,0.03390917,-0.03924441,0.01401304,-2.60228610,2.63370180,0.40959665,0.02013984,-0.00732601,-0.16010873,
14830,2.72252059,-1.19254315,10.95172977,6.00000000,0.05639648,-0.07412110,-0.12627944,0.06519425,0.04247199,0.07000000,0.01725275,0.00565802,-0.01079767,0.00825386,0.01401304,-2.49407530,2.47487688,0.06519294,0.02190971,-0.00732601,-0.17539804,
14838,1.03939688,0.45945606,13.83913708,6.00000000,-0.01611328,0.01772461,-0.04354281,-0.15636933,0.09270018,0.07000000,0.01725275,0.01491697,-0.03757818,0.03674116,0.01401304,-2.13279223,2.08217788,-0.15637183,0.02182654,-0.00732601,-0.16412975,
14846,1.32909524,-0.63948256,13.51113129,6.00000000,-0.04511719,0.05317383,-0.04847238,-0.38872460,0.07271549,0.07000000,0.01725275,0.06223945,-0.06848383,0.07829480,0.01401304,-2.33175993,2.12057495,-0.38872063,0.02057557,-0.00732601,-0.18957938,
14854,0.05059159,0.35889956,10.85356712,6.00000000,-0.09184571,0.13374023,-0.04434221,-0.43828663,0.06378899,0.07000000,0.01725275,0.07201265,-0.08332033,0.09528387,0.01401304,-2.79950809,2.55516195,-0.43828234,0.01738179,-0.00732601,-0.22588238,
14862,-2.28614926,-0.44794640,8.84962082,6.00000000,-0.12084961,0.15791015,-0.04674038,-0.14344588,0.03128057,0.07000000,0.01725275,-0.00102872,-0.05533427,0.05065179,0.01401304,-2.87979317,2.88328385,-0.14345017,0.01396401,-0.00732601,-0.21931167,
14869,-1.29494977,-0.24204506,6.74990559,5.00000000,-0.08217774,0.10312500,0.00495335,0.12701353,0.01995591,0.07000000,0.01725275,-0.01234451,-0.02164193,0.01487099,0.01401304,-3.20267916,3.24456692,0.12700985,0.01373481,-0.00732601,-0.22450455,
14878,-1.07947159,-0.44315800,5.58632326,6.00000000,-0.03383789,0.02900391,0.06304217,0.39241016,-0.05611913,0.07000000,0.01725275,0.07201225,0.02872577,-0.01497991,0.01401304,-3.30914426,3.06479836,0.39241260,0.01503560,-0.00732601,-0.20260549,
14886,-0.85681087,-0.80468243,8.27980042,6.00000000,0.01289062,-0.00322266,0.06077724,0.45289713,-0.05185573,0.07000000,0.01725275,0.04732259,0.04056437,-0.03247317,0.01401304,-3.06479836,2.90422773,0.45290068,0.01829025,-0.00732601,-0.18354189,
14894,0.45042327,-0.52216667,10.11854744,6.00000000,0.06284180,-0.06284180,0.01481246,0.37309167,-0.00669034,0.07000000,0.01725275,-0.00874402,0.03109341,-0.03636574,0.01401304,-2.55865288,2.58832335,0.37309149,0.02185070,-0.00732601,-0.15952882,
14902,1.75286901,-0.43358120,12.32360744,6.00000000,0.03383789,-0.04672851,-0.10962553,-0.00022230,0.02315346,0.07000000,0.01725275,0.00051454,-0.01741339,0.01353458,0.01401304,-2.34746790,2.34572244,-0.00022641,0.02360361,-0.00732601,-0.17014456,
14910,2.00426006,-0.48864782,13.10890484,6.00000000,-0.01289062,0.00644531,-0.07045551,-0.25229579,0.04260522,0.07000000,0.01725275,0.01697439,-0.05010728,0.04955572,0.01401304,-2.11184835,2.05425239,-0.25229469,0.02260552,-0.00732601,-0.16931257,
14918,0.72575647,-0.50780147,13.48958302,6.00000000,-0.05961914,0.07573242,-0.03808034,-0.48571694,0.06685331,0.07000000,0.01725275,0.01234563,-0.09034649,0.08815714,0.01401304,-2.37713838,2.33525062,-0.48570943,0.02023642,-0.00732601,-0.20603809,
14926,-0.68442833,-0.33063051,11.04510307,6.00000000,-0.13051757,0.15791015,-0.10935905,-0.35821465,-0.00362602,0.07000000,0.01725275,0.00308636,-0.07981813,0.07567180,0.01401304,-2.58832335,2.57785130,-0.35821152,0.01642130,-0.00732601,-0.21324413,
14934,-1.59901333,-0.43358120,8.13136005,6.00000000,-0.10634766,0.12568359,0.01641124,-0.09534941,0.01702483,0.07000000,0.01725275,-0.03497707,-0.05424523,0.04164790,0.01401304,-2.97404099,3.09272337,-0.09535655,0.01385958,-0.00732601,-0.22683351,
14941,-1.80730891,-0.10318135,6.53442717,5.00000000,-0.08217774,0.08540039,0.04079255,0.23839486,-0.07330596,0.07000000,0.01725275,0.05092260,0.00309772,0.00532477,0.01401304,-3.29518175,3.12239385,0.23839170,0.01456368,-0.00732601,-0.21535371,
14950,-1.28058457,-0.58202171,6.20163345,6.00000000,-0.00966797,0.01933594,0.10314478,0.41012993,-0.04945756,0.07000000,0.01725275,0.03034820,0.02837563,-0.02440625,0.01401304,-3.24980307,3.14682865,0.41013408,0.01695091,-0.00732601,-0.20214319,
14958,-0.35642269,-0.66821295,8.30374241,6.00000000,0.03061523,-0.02900391,-0.02622277,0.49020192,-0.03253720,0.07000000,0.01725275,-0.00411480,0.04486684,-0.04881142,0.01401304,-2.74191236,2.75587487,0.49020416,0.02029227,-0.00732601,-0.16375498,
14966,1.87976170,-0.24443926,10.42500496,6.00000000,0.05800781,-0.07734375,-0.06885675,0.23333207,0.02834948,0.07000000,0.01725275,-0.00205744,0.01379556,-0.01777158,0.01401304,-2.56912470,2.57610607,0.23333102,0.02381592,-0.00732601,-0.16959813,
14974,2.08087468,-0.11515237,12.32600117,6.00000000,0.01772461,-0.02578125,-0.05020437,-0.03139841,0.05126525,0.07000000,0.01725275,0.04320754,-0.01319989,0.01934966,0.01401304,-2.19562435,2.04901648,-0.03140178,0.02458088,-0.00732601,-0.15614496,
14982,1.00108969,0.32538074,14.38740921,6.00000000,-0.00805664,0.01127930,-0.02715538,-0.35888082,0.06858531,0.07000000,0.01725275,-0.01337357,-0.06696416,0.05903259,0.01401304,-2.02109122,2.06646991,-0.35887843,0.02417192,-0.00732601,-0.17419283,
14990,0.85264915,-0.13670018,12.69949627,6.00000000,-0.09506836,0.10473633,-0.03021970,-0.47958833,0.05526219,0.07000000,0.01725275,-0.02520418,-0.09273924,0.08170144,0.01401304,-2.24100256,2.32652402,-0.47958222,0.02051840,-0.00732601,-0.20034254,
14998,-0.85202247,0.17454603,9.56069851,6.00000000,-0.12407227,0.13696289,-0.09883379,-0.37180421,0.01156234,0.07000000,0.01725275,0.02006083,-0.07918473,0.07902353,0.01401304,-2.61973929,2.55167127,-0.37180549,0.01698794,-0.00732601,-0.21441951,
15006,-2.19038129,0.02849974,8.09305286,6.00000000,-0.12246094,0.14018555,0.05185075,-0.04019167,0.00916418,0.07000000,0.01725275,-0.02263266,-0.04257894,0.03303227,0.01401304,-2.91295433,2.98974895,-0.04019737,0.01498026,-0.00732601,-0.21688724,
15013,-1.84322190,-0.28992909,6.26148844,5.00000000,-0.06284180,0.06606445,0.04239134,0.24998596,-0.03640091,0.07000000,0.01725275,0.03291971,0.00526462,-0.00105461,0.01401304,-3.12413931,3.01243830,0.24998423,0.01544343,-0.00732601,-0.20432706,
15022,-0.50246900,-0.72088540,6.54639816,6.00000000,-0.01611328,0.01772461,0.02973436,0.38561538,-0.04759233,0.07000000,0.01725275,0.02623314,0.02776669,-0.02481049,0.01401304,-3.01069307,2.92168117,0.38561931,0.01761493,-0.00732601,-0.18709120,
15030,-0.23671262,-0.76637524,8.50485516,6.00000000,0.04189453,-0.04028320,-0.00090881,0.40120342,-0.01774853,0.07000000,0.01725275,0.01388812,0.03573814,-0.03561970,0.01401304,-2.67035365,2.62322998,0.40120590,0.02071992,-0.00732601,-0.16280502,
15038,1.25726926,-1.00579536,11.74181557,6.00000000,0.03867187,-0.05156250,-0.06779090,0.14819732,0.01609221,0.07000000,0.01725275,0.00565819,0.00438919,-0.00672998,0.01401304,-2.37539315,2.35619450,0.14819413,0.02349036,-0.00732601,-0.16077593,
15046,1.90130949,-0.54610866,12.26135826,6.00000000,0.01289062,-0.01450195,-0.07698386,-0.13878280,0.04060676,0.07000000,0.01725275,0.00720136,-0.03285133,0.03026002,0.01401304,-2.08043242,2.05599785,-0.13878340,0.02418762,-0.00732601,-0.16000737,
15054,1.05855048,-0.08881615,14.27009296,6.00000000,-0.04028320,0.03706055,-0.04647391,-0.37446886,0.05925913,0.07000000,0.01725275,-0.01491689,-0.07159360,0.06324168,0.01401304,-2.03505397,2.08566856,-0.37446469,0.02238320,-0.00732601,-0.17652494,
15062,0.03143798,-0.33302471,12.48641300,6.00000000,-0.10312500,0.11440430,-0.03887971,-0.45600641,0.04886709,0.07000000,0.01725275,0.01697441,-0.08613943,0.08509732,0.01401304,-2.34921336,2.29161739,-0.45600063,0.01927751,-0.00732601,-0.20129019,
15070,-0.69400513,0.15539242,9.06509876,6.00000000,-0.11601563,0.14340821,-0.04647391,-0.28320545,0.00849803,0.07000000,0.01725275,0.02160378,-0.06748753,0.06787185,0.01401304,-2.63719249,2.56388855,-0.28320736,0.01593449,-0.00732601,-0.20907173,
15078,-2.43937826,-0.27795810,7.59266424,6.00000000,-0.11279297,0.13535157,0.04425657,0.01616515,-0.00096139,0.07000000,0.01725275,-0.06223937,-0.04062084,0.02182977,0.01401304,-2.85535884,3.06654334,0.01615855,0.01369613,-0.00732601,-0.21349742,
15085,-1.46493804,-0.24204506,5.85207987,5.00000000,-0.05317383,0.04350586,0.02094110,0.30074710,-0.07277303,0.07000000,0.01725275,0.02777645,0.01176454,-0.00866303,0.01401304,-3.09272337,2.99847579,0.30074650,0.01497277,-0.00732601,-0.19900185,
15094,-1.07707739,-0.27077547,7.56153965,6.00000000,-0.00322266,0.00966797,0.06903758,0.40893084,-0.08209922,0.07000000,0.01725275,0.02108926,0.03172600,-0.02993140,0.01401304,-2.90073705,2.82917881,0.40893471,0.01762125,-0.00732601,-0.17806172,
15102,0.50548989,-0.58202171,9.90785789,6.00000000,0.04189453,-0.05961914,0.00055671,0.36842859,-0.04186339,0.07000000,0.01725275,-0.00617248,0.02880098,-0.03349374,0.01401304,-2.59355927,2.61450338,0.36842901,0.02044564,-0.00732601,-0.16208111,
15110,1.22135627,-0.64427096,12.40501022,6.00000000,0.03061523,-0.04672851,-0.07751677,0.11249133,0.01542605,0.07000000,0.01725275,-0.01285934,-0.00291455,-0.00388653,0.01401304,-2.24798417,2.29161739,0.11248794,0.02254979,-0.00732601,-0.15640524,
15118,1.97313559,-0.33302471,12.98680115,6.00000000,0.00966797,-0.01127930,-0.07911556,-0.22751480,0.04513662,0.07000000,0.01725275,0.02366111,-0.04625027,0.04732295,0.01401304,-2.09264970,2.01236463,-0.22751489,0.02181096,-0.00732601,-0.16530164,
15126,1.36261415,-0.18937261,13.15678883,6.00000000,-0.05961914,0.06123047,-0.04714007,-0.42003393,0.05806005,0.07000000,0.01725275,-0.01028780,-0.08254939,0.07514670,0.01401304,-2.12406564,2.15897226,-0.42002910,0.01883968,-0.00732601,-0.18571216,
15134,-1.18960488,-0.60835791,11.61492348,6.00000000,-0.11762695,0.14340821,-0.08431158,-0.40537852,0.03967414,0.07000000,0.01150183,0.01491683,-0.08328455,0.08318014,0.01401304,-2.41902637,2.36841178,-0.40537360,0.01561500,-0.00732601,-0.20293427,
15142,-1.02440500,0.38762999,8.43302917,6.00000000,-0.11279297,0.12890625,-0.02795476,-0.17688692,0.00769864,0.07000000,0.01150183,0.01543131,-0.05826039,0.05873320,0.01401304,-2.82743335,2.77507353,-0.17689091,0.01250089,-0.00732601,-0.21591553,
15150,-2.42261887,-0.08642194,7.50407887,6.00000000,-0.09184571,0.12729493,0.06384157,0.15659088,-0.01148666,0.07000000,0.01725275,0.00874449,-0.01458105,0.01283810,0.01401304,-3.05607152,3.02640080,0.15658693,0.01207981,-0.00732601,-0.20913704,
15157,-1.19439328,0.00695192,5.89996386,5.00000000,-0.02900391,0.02739258,0.02880175,0.36363223,-0.08023399,0.07000000,0.01725275,0.09567377,0.02697191,-0.00771266,0.01401304,-3.28645492,2.96182370,0.36363614,0.01404527,-0.00732601,-0.20013651,
15166,-0.66288054,-0.49343625,7.72195148,6.00000000,0.02739258,0.00644531,0.06890435,0.45649445,-0.04772556,0.07000000,0.01725275,-0.00925884,0.03532784,-0.04060017,0.01401304,-2.77332807,2.80474401,0.45649868,0.01708457,-0.00732601,-0.16910900,
15174,0.95320565,-0.38330296,10.33402538,6.00000000,0.04833984,-0.06928711,-0.01889504,0.30754191,-0.04093077,0.07000000,0.01725275,-0.01131623,0.01985744,-0.02590061,0.01401304,-2.51152873,2.54992604,0.30754045,0.02013234,-0.00732601,-0.16118097,
15182,1.92046309,-0.24204506,12.39543343,6.00000000,0.02094727,-0.03544922,-0.05873118,0.01989562,-0.01535037,0.07000000,0.01725275,-0.01080198,-0.01529233,0.00876922,0.01401304,-2.12232041,2.15897226,0.01989222,0.02193877,-0.00732601,-0.15375468,
15190,1.52063143,-0.35217834,13.66196537,6.00000000,-0.00644531,0.00322266,-0.02742184,-0.30039230,0.01475990,0.07000000,0.01150183,0.00205752,-0.05889029,0.05605540,0.01401304,-2.03156328,2.02458191,-0.30039135,0.02138704,-0.00732601,-0.16881365,
15198,0.83349556,-0.27077547,13.28128815,6.00000000,-0.08540039,0.08701172,-0.05193640,-0.44787928,0.02834948,0.07000000,0.01150183,-0.04835086,-0.09155320,0.07645631,0.01401304,-2.14326429,2.30732512,-0.44787166,0.01868642,-0.00732601,-0.19380465,
15206,-1.36677587,-0.57723331,10.51359081,6.00000000,-0.12246094,0.13696289,-0.07818294,-0.35181952,0.01622544,0.07000000,0.01725275,-0.02314682,-0.08156241,0.07122507,0.01401304,-2.40157318,2.48011303,-0.35181811,0.01532190,-0.00732601,-0.20246795,
15214,-1.50803375,-0.05050892,7.66688490,6.00000000,-0.12246094,0.11762695,-0.01756274,-0.10987162,-0.00442540,0.07000000,0.01725275,-0.01440250,-0.05317808,0.04539897,0.01401304,-2.85710382,2.90597320,-0.10987762,0.01294349,-0.00732601,-0.21687771,
15222,-2.20235229,-0.57962751,6.73793459,6.00000000,-0.07573242,0.09506836,0.06064401,0.24212533,-0.01654945,0.07000000,0.01150183,0.02931947,0.00259858,0.00207698,0.01401304,-3.06305289,2.96356916,0.24212196,0.01327263,-0.00732601,-0.20091116,
15229,-1.23270047,0.01652873,6.56555176,5.00000000,-0.01933594,0.01289062,0.04212487,0.39813915,-0.06131515,0.07000000,0.01150183,0.07046927,0.03241818,-0.01765552,0.01401304,-3.16777253,2.92866254,0.39814287,0.01571055,-0.00732601,-0.19213040,
15238,-0.21516480,-0.58681011,8.87835121,6.00000000,0.04028320,-0.01772461,0.04931936,0.43237957,-0.02520948,0.07000000,0.01150183,-0.01697434,0.03515228,-0.04091689,0.01401304,-2.63021111,2.68780708,0.43238169,0.01892256,-0.00732601,-0.16143040,
15246,1.01066649,-0.76158684,11.38029194,6.00000000,0.04189453,-0.06767578,-0.04221050,0.19775933,-0.01774853,0.07000000,0.01725275,0.00771568,0.00971020,-0.01147566,0.01401304,-2.41379046,2.38761044,0.19775634,0.02195415,-0.00732601,-0.15971340,
15254,1.50147784,-0.22528565,12.74259186,6.00000000,0.01127930,-0.01450195,-0.06419367,-0.07309978,0.01356081,0.07000000,0.01725275,0.00205737,-0.02520194,0.02152314,0.01401304,-2.04378057,2.03679919,-0.07310258,0.02275011,-0.00732601,-0.15322091,
15262,1.28360546,-0.30908272,13.73618603,6.00000000,-0.02094727,0.02739258,-0.03661481,-0.35874757,0.03407842,0.07000000,0.01725275,0.02931941,-0.06395976,0.06608126,0.01401304,-2.03679919,1.93731546,-0.35874465,0.02173025,-0.00732601,-0.17007065,
15270,0.64914203,-0.32344791,12.15601254,6.00000000,-0.09345703,0.10795899,-0.04167759,-0.47026214,0.03727597,0.07000000,0.01725275,-0.00874369,-0.09173028,0.08457597,0.01401304,-2.27765465,2.30732512,-0.47025663,0.01855321,-0.00732601,-0.20029904,
15278,-1.74745393,-0.19894943,10.03474998,6.00000000,-0.12407227,0.14985351,-0.07605126,-0.28227285,-0.00482510,0.07000000,0.01725275,0.01028746,-0.06769192,0.06540498,0.01401304,-2.50629282,2.47138643,-0.28227255,0.01566492,-0.00732601,-0.20090561,
15286,-1.27100778,-0.16064219,7.32930231,6.00000000,-0.11279297,0.11279297,0.01827647,-0.02580269,-0.01188635,0.07000000,0.01725275,-0.02468979,-0.04192508,0.03190780,0.01401304,-2.87630272,2.96007848,-0.02580696,0.01356418,-0.00732601,-0.21343979,
15294,-1.78815532,-0.70412600,5.78264809,6.00000000,-0.06123047,0.07412110,0.04998551,0.29848215,-0.05212219,0.07000000,0.01725275,0.05915297,0.01449565,-0.00400511,0.01401304,-3.07177949,2.87106657,0.29848021,0.01361734,-0.00732601,-0.19378838,
15301,-0.61499649,-0.48625362,6.61343575,5.00000000,-0.00322266,0.00483398,0.07623206,0.38961232,-0.07890167,0.07000000,0.01725275,0.07304116,0.03240087,-0.01839977,0.01401304,-3.08399677,2.83615994,0.38961667,0.01622436,-0.00732601,-0.18635850,
15310,0.29719436,-0.40724498,9.42662334,6.00000000,0.04350586,-0.01933594,0.04638826,0.40693241,-0.00615741,0.07000000,0.01725275,-0.04835110,0.02903881,-0.04362103,0.01401304,-2.42600775,2.59006858,0.40693277,0.01911524,-0.00732601,-0.15233001,
15318,2.57168603,-0.68976074,10.69076157,6.00000000,0.03222656,-0.07573242,-0.10136519,0.09570419,-0.00415894,0.07000000,0.01725275,-0.01183064,-0.00808458,0.00146857,0.01401304,-2.34048653,2.38062906,0.09570378,0.02093251,-0.00732601,-0.16420202,
15326,1.73371542,0.21285327,12.95567608,6.00000000,-0.00644531,0.00161133,-0.03461633,-0.15130654,0.04313815,0.07000000,0.01725275,-0.02777622,-0.04209252,0.03117127,0.01401304,-1.94778740,2.04203534,-0.15130828,0.02046924,-0.00732601,-0.15560104,
15334,1.27881706,-0.46710002,13.23100948,6.00000000,-0.04350586,0.04350586,-0.03674803,-0.40910900,0.05526219,0.07000000,0.01725275,0.02469005,-0.07670018,0.07758117,0.01401304,-2.17468023,2.09090447,-0.40910494,0.01886536,-0.00732601,-0.18428758,
15342,0.43845227,-0.25162187,11.18157291,6.00000000,-0.11601563,0.12729493,-0.04807269,-0.42829427,0.03954091,0.07000000,0.01725275,0.01028801,-0.08831879,0.08571018,0.01401304,-2.43124366,2.39633703,-0.42829210,0.01539252,-0.00732601,-0.20605090,
15350,-1.79773211,-0.17261320,8.60062313,6.00000000,-0.11762695,0.14824219,-0.03248463,-0.16063270,0.02475224,0.07000000,0.01725275,0.00823012,-0.05591648,0.05337353,0.01401304,-2.72794962,2.70002437,-0.16063634,0.01295118,-0.00732601,-0.20841017,
15358,-1.90068281,0.13145041,7.38915730,6.00000000,-0.09184571,0.10151367,0.03319837,0.12341630,-0.00016201,0.07000000,0.01725275,-0.02520442,-0.02370643,0.01387314,0.01401304,-3.01592898,3.10144997,0.12341243,0.01199428,-0.00732601,-0.21280763,
15366,-1.22791207,-0.23725665,5.81137848,6.00000000,-0.03544922,0.03383789,0.03319837,0.37695536,-0.03360305,0.07000000,0.01725275,0.08847211,0.02845715,-0.01087367,0.01401304,-3.19220710,2.89201045,0.37695706,0.01355132,-0.00732601,-0.19322354,
15373,-0.39233571,-0.63708836,7.59745264,5.00000000,0.01127930,-0.00483398,0.07463329,0.41839027,-0.02454332,0.07000000,0.01725275,0.03240570,0.03290156,-0.02842636,0.01401304,-2.96007848,2.85012269,0.41839576,0.01666153,-0.00732601,-0.18028609,
15382,0.15114807,-0.88369113,10.36993885,6.00000000,0.05478515,-0.04511719,-0.01862859,0.36269963,0.01649190,0.07000000,0.01725275,0.02983395,0.03293740,-0.02914481,0.01401304,-2.54294467,2.44171548,0.36269918,0.01992085,-0.00732601,-0.15439837,
15390,1.10404038,-0.31387112,12.89103317,6.00000000,0.03061523,-0.04672851,-0.07391956,0.01350052,0.02648424,0.07000000,0.01725275,-0.00565808,-0.01602021,0.01069855,0.01401304,-2.17991614,2.19911480,0.01349491,0.02208284,-0.00732601,-0.15776142,
15398,1.73850381,-0.07445094,13.29804707,6.00000000,-0.01127930,0.01772461,-0.05859796,-0.22405079,0.05273080,0.07000000,0.01725275,-0.00205760,-0.04817207,0.04317820,0.01401304,-1.97571266,1.98269403,-0.22405007,0.02159829,-0.00732601,-0.15973586,
15406,0.04101478,-0.36893776,13.90856838,6.00000000,-0.06123047,0.06284180,-0.03235140,-0.44401559,0.02621778,0.07000000,0.01725275,0.06995514,-0.07614626,0.08764789,0.01401304,-2.30558014,2.06821513,-0.44400942,0.01967316,-0.00732601,-0.19074078,
15414,-0.62696749,-0.41682178,11.06425667,6.00000000,-0.11118164,0.14663085,-0.01383225,-0.39045659,0.02102176,0.07000000,0.01725275,-0.01183028,-0.08418643,0.07644895,0.01401304,-2.37015724,2.41029978,-0.39045328,0.01627259,-0.00732601,-0.20159946,
15422,-1.91504800,-1.18296635,8.19360924,6.00000000,-0.10957031,0.13374023,-0.05726565,-0.10800638,-0.01335190,0.07000000,0.01725275,0.00102892,-0.05017745,0.04604369,0.01401304,-2.76809239,2.76460147,-0.10801029,0.01255550,-0.00732601,-0.20839089,
15430,-2.26699567,-0.07684514,7.09945869,6.00000000,-0.08540039,0.09345703,0.05598092,0.19762608,-0.02467655,0.07000000,0.01725275,-0.04063587,-0.01397635,0.00066074,0.01401304,-2.90073705,3.03861833,0.19762197,0.01176799,-0.00732601,-0.20097405,
15438,-1.17523968,-0.48864782,5.91193485,6.00000000,-0.02094727,0.01127930,0.05598092,0.41306102,-0.07570413,0.07000000,0.01725275,0.09618716,0.03671080,-0.01722052,0.01401304,-3.04909015,2.72271371,0.41306463,0.01380842,-0.00732601,-0.17928074,
15445,-0.02123446,-0.29232329,8.34683800,5.00000000,0.03061523,-0.02094727,0.10087985,0.40200284,-0.04932433,0.07000000,0.01725275,0.00668719,0.02974074,-0.03136716,0.01401304,-2.75587487,2.73318577,0.40200552,0.01701397,-0.00732601,-0.16983302,
15454,0.56534493,-0.88369113,11.32043648,6.00000000,0.05156250,-0.04833984,0.00828413,0.26943776,-0.01441775,0.07000000,0.01725275,0.02108956,0.02011486,-0.01858814,0.01401304,-2.38237453,2.31081581,0.26943541,0.01997084,-0.00732601,-0.15059422,
15462,0.82870716,-0.10557556,13.85110760,6.00000000,0.01450195,-0.04028320,-0.09390423,-0.06297421,0.01662513,0.07000000,0.01725275,-0.02777629,-0.02863792,0.01792165,0.01401304,-1.99142063,2.08566856,-0.06297994,0.02149306,-0.00732601,-0.15236048,
15470,1.37219095,-0.24683346,13.51591969,6.00000000,-0.02578125,0.03222656,-0.07298692,-0.31717941,0.05726066,0.07000000,0.01725275,-0.03446320,-0.06640787,0.05354598,0.01401304,-1.89717281,2.01411009,-0.31717771,0.02055486,-0.00732601,-0.16477935,
15478,-0.09545472,0.05962436,12.64921856,6.00000000,-0.08217774,0.08378907,-0.04274344,-0.46666488,0.03088087,0.07000000,0.01725275,0.06172455,-0.08258747,0.09207527,0.01401304,-2.31779718,2.10835791,-0.46665937,0.01798800,-0.00732601,-0.19428092,
15486,-1.87674081,-0.12712337,10.64287758,6.00000000,-0.12729493,0.15629883,-0.02662247,-0.33316717,0.01396051,0.07000000,0.01725275,0.00051479,-0.07617240,0.07146432,0.01401304,-2.46440482,2.46265960,-0.33316517,0.01545637,-0.00732601,-0.20276061,
15494,-1.93420160,-0.89326793,7.65012550,6.00000000,-0.09829102,0.13051757,-0.01476488,-0.01234634,0.00543371,0.07000000,0.01725275,0.03292003,-0.03237452,0.03598887,0.01401304,-2.88328385,2.77158284,-0.01235050,0.01332619,-0.00732601,-0.20588434,
15502,-1.54394674,-0.33302471,6.80976057,6.00000000,-0.06123047,0.07412110,0.04452303,0.25118506,-0.00842234,0.07000000,0.01725275,0.01285951,0.00146839,-0.00201865,0.01401304,-3.00720239,2.96356916,0.25118363,0.01314236,-0.00732601,-0.19822969,
15510,-0.67724574,-0.69933760,6.36443901,6.00000000,-0.00805664,0.00644531,0.01747709,0.40666592,-0.03453567,0.07000000,0.01725275,0.09773191,0.03766184,-0.01780542,0.01401304,-3.02465558,2.69304299,0.40666932,0.01504986,-0.00732601,-0.17778301,
15517,0.12720604,-0.51498407,9.34761429,5.00000000,0.02900391,-0.02416992,0.06917081,0.35856944,0.02368639,0.07000000,0.01725275,-0.01234540,0.02393391,-0.03013206,0.01401304,-2.61101270,2.65290046,0.35856935,0.01830673,-0.00732601,-0.16482054,
15526,0.73054487,-0.86214328,11.59337521,6.00000000,0.04350586,-0.04189453,-0.04647391,0.20961690,0.03434489,0.07000000,0.01725275,0.07612795,0.02066692,-0.00625658,0.01401304,-2.37364769,2.11533904,0.20961457,0.02135816,-0.00732601,-0.14752859,
15534,1.08728087,0.58156031,13.71224403,6.00000000,0.01127930,-0.02094727,-0.06805737,-0.15010744,0.05019940,0.07000000,0.01725275,0.01697437,-0.03474274,0.03441126,0.01401304,-2.02283669,1.96524072,-0.15011156,0.02215503,-0.00732601,-0.15545076,
15542,0.99630123,-0.70891440,13.82237720,6.00000000,-0.03383789,0.06284180,-0.05966379,-0.35848108,0.10042758,0.07000000,0.01725275,-0.03446274,-0.07289514,0.05994335,0.01401304,-1.95127821,2.06821513,-0.35847518,0.02067665,-0.00732601,-0.17169607,
15550,-0.88554126,0.58156031,12.54147911,6.00000000,-0.09184571,0.10634766,-0.06459337,-0.40697724,0.03088087,0.07000000,0.01725275,0.10390294,-0.06905544,0.08863454,0.01401304,-2.41029978,2.05774331,-0.40696949,0.01810165,-0.00732601,-0.19147183,
15558,-1.32607436,-0.14148858,10.13051796,6.00000000,-0.10957031,0.14663085,0.06091047,-0.29559597,0.00077061,0.07000000,0.01725275,-0.00977269,-0.07261840,0.06555907,0.01401304,-2.47487688,2.50803804,-0.29559636,0.01513387,-0.00732601,-0.20206149,
15566,-1.64450324,-1.39126182,7.01805592,6.00000000,-0.09506836,0.12246094,0.01134845,0.04321109,-0.03000580,0.07000000,0.01725275,0.01851762,-0.02565471,0.02599232,0.01401304,-2.84488678,2.78205466,0.04320434,0.01350187,-0.00732601,-0.20084430,
15574,-1.80491471,-0.76876944,6.57034016,6.00000000,-0.05800781,0.04833984,0.05011874,0.27609932,-0.03866583,0.07000000,0.01725275,-0.04783664,0.00079456,-0.01560099,0.01401304,-2.81347060,2.97578645,0.27609873,0.01478408,-0.00732601,-0.18984340,
15582,-0.40670094,-1.22366774,7.40112829,6.00000000,-0.00483398,-0.00966797,0.02866852,0.40133667,-0.03640091,0.07000000,0.01725275,0.02571865,0.03232414,-0.02945788,0.01401304,-2.74714804,2.65988159,0.40133950,0.01697318,-0.00732601,-0.16690762,
15589,0.44802907,-0.65145355,9.88870430,5.00000000,0.02578125,-0.05317383,0.06357510,0.31127235,-0.00056170,0.07000000,0.01725275,-0.00668671,0.02274410,-0.02768287,0.01401304,-2.36666656,2.38935566,0.31127459,0.02015360,-0.00732601,-0.14983852,
15598,1.68822551,-1.48224151,12.07700443,6.00000000,0.04672851,-0.03383789,-0.06379398,0.04387724,0.03567720,0.07000000,0.01725275,0.02520449,-0.00849680,0.01051621,0.01401304,-2.16420817,2.07868719,0.04387373,0.02089391,-0.00732601,-0.15062413,
15606,1.50866044,0.25834310,13.20706749,6.00000000,-0.01611328,0.00322266,-0.07005585,-0.23817328,0.05432957,0.07000000,0.01725275,0.01594554,-0.04868775,0.04790303,0.01401304,-1.96349537,1.90939021,-0.23817340,0.02061968,-0.00732601,-0.15765972,
15614,0.23733932,-0.43358120,13.29086494,6.00000000,-0.06445312,0.07412110,-0.02195937,-0.41323915,0.09829587,0.07000000,0.01725275,-0.05812413,-0.08639160,0.06770679,0.01401304,-1.94604206,2.14326429,-0.41323376,0.01856980,-0.00732601,-0.17819685,
15622,-0.95736730,0.24158369,10.78652954,6.00000000,-0.10312500,0.12890625,-0.13280776,-0.35688233,0.01729129,0.07000000,0.01725275,0.11779233,-0.06522042,0.08815429,0.01401304,-2.62148452,2.22180414,-0.35687873,0.01549949,-0.00732601,-0.20144281,
15630,-2.12813187,0.70127040,9.21114445,6.00000000,-0.11279297,0.14179687,0.10940664,-0.12519321,0.00170323,0.07000000,0.01725275,0.01491687,-0.04913282,0.04824524,0.01401304,-2.64242840,2.59181404,-0.12519516,0.01270324,-0.00732601,-0.19881795,
15638,-1.57267714,-1.65462410,6.90074015,6.00000000,-0.05961914,0.10957031,0.03133314,0.16778231,-0.03893230,0.07000000,0.01725275,0.05452361,-0.00484041,0.01394384,0.01401304,-2.97404099,2.78903627,0.16777819,0.01284412,-0.00732601,-0.19674763,
15646,-0.69879353,-0.15106539,6.36443901,6.00000000,-0.02416992,0.02255859,0.00521981,0.33592013,-0.08849432,0.07000000,0.01725275,0.06583977,0.02322615,-0.01106022,0.01401304,-2.96531439,2.74191236,0.33592263,0.01463822,-0.00732601,-0.18253258,
15654,-0.31093287,-0.63229996,8.73709297,6.00000000,0.02255859,0.00161133,0.07689822,0.38041937,-0.02414363,0.07000000,0.01725275,-0.01440234,0.02696087,-0.03360643,0.01401304,-2.50803804,2.55690742,0.38042188,0.01735718,-0.00732601,-0.15602364,
15661,1.56372702,-0.43597540,10.30290127,5.00000000,0.02416992,-0.05478515,-0.01076793,0.25305033,-0.03093842,0.07000000,0.01725275,0.02468986,0.01776354,-0.01543125,0.01401304,-2.34746790,2.26369190,0.25304908,0.01918543,-0.00732601,-0.14880848,
15670,1.44880533,-0.03135531,12.63485336,6.00000000,0.03383789,-0.02578125,-0.05007116,-0.10800638,0.03088087,0.07000000,0.01725275,-0.03086220,-0.03611907,0.02457053,0.01401304,-1.99840200,2.10312176,-0.10801011,0.02109953,-0.00732601,-0.15651089,
15678,0.99869549,0.28946772,13.25495148,6.00000000,-0.04028320,0.04189453,-0.02582306,-0.28680268,0.01782421,0.07000000,0.01725275,0.03189106,-0.05352855,0.05640152,0.01401304,-1.94778740,1.83957708,-0.28680009,0.02047283,-0.00732601,-0.15808493,
15686,0.31874219,-0.09599875,12.10573483,6.00000000,-0.08056641,0.08056641,0.01041583,-0.44361588,0.03700951,0.07000000,0.01725275,0.01440242,-0.08414683,0.08251376,0.01401304,-2.19387889,2.14500976,-0.44361040,0.01815010,-0.00732601,-0.18944642,
15694,-1.46493804,0.05483595,10.05629826,6.00000000,-0.10795899,0.15307617,-0.08058112,-0.30518863,-0.01335190,0.07000000,0.01725275,-0.00514366,-0.07287879,0.06688836,0.01401304,-2.39459157,2.41204500,-0.30518812,0.01473974,-0.00732601,-0.19636671,
15702,-1.41944826,0.62465596,7.44182968,6.00000000,-0.11601563,0.11601563,0.02227341,0.01563222,-0.00256017,0.07000000,0.01725275,-0.03189127,-0.03486881,0.02323406,0.01401304,-2.60054064,2.70875096,0.01562709,0.01251522,-0.00732601,-0.19132891,
15710,-1.53436995,-0.35457253,6.65174341,6.00000000,-0.04672851,0.06123047,0.06304217,0.22973481,-0.03147135,0.07000000,0.01725275,-0.01800322,-0.00356490,-0.00432184,0.01401304,-2.76285625,2.82394290,0.22973420,0.01269108,-0.00732601,-0.18586573,
15718,-0.23192421,0.10511419,7.29338932,6.00000000,-0.03383789,0.00000000,0.05265014,0.35870269,-0.07024164,0.07000000,0.01725275,0.02571830,0.02407866,-0.02133366,0.01401304,-2.69478822,2.60752177,0.35870445,0.01458023,-0.00732601,-0.16620266,
15726,0.19424370,-1.15184176,9.83842564,6.00000000,0.03061523,-0.02416992,0.05344952,0.27796456,-0.00096139,0.07000000,0.01150183,-0.03652074,0.01207931,-0.02280975,0.01401304,-2.31779718,2.44171548,0.27796468,0.01749268,-0.00732601,-0.15237996,
15733,1.61161113,-0.91720992,10.85835552,5.00000000,0.01289062,-0.03061523,-0.10043257,0.08158169,0.02848271,0.07000000,0.01150183,0.06944095,0.00011732,0.01376357,0.01401304,-2.28812671,2.05250716,0.08157942,0.01891962,-0.00732601,-0.15143348,
15742,1.46795905,-0.08402774,13.13763523,6.00000000,-0.00644531,0.01127930,-0.02182614,-0.18901098,0.10402482,0.07000000,0.01150183,-0.03960589,-0.04885418,0.03640218,0.01401304,-1.86575699,2.00014734,-0.18900989,0.01931051,-0.00732601,-0.15384232,
15750,1.33388364,0.05483595,12.71146774,6.00000000,-0.05317383,0.07412110,-0.11482155,-0.37233716,0.07657919,0.07000000,0.01150183,0.05452371,-0.06810123,0.07744713,0.01401304,-2.15024567,1.96524072,-0.37233347,0.01723509,-0.00732601,-0.17618051,
15758,0.48873049,0.08596057,10.14009476,6.00000000,-0.10312500,0.12890625,-0.00703745,-0.40684402,0.05392988,0.07000000,0.01150183,0.08487190,-0.07567510,0.09207028,0.01401304,-2.43647981,2.14850020,-0.40684378,0.01416029,-0.00732601,-0.19570166,
15766,-1.70675242,-0.79749984,8.79455376,6.00000000,-0.10473633,0.15146485,0.05171752,-0.16609520,0.05153172,0.07000000,0.01725275,-0.06841161,-0.06521423,0.04455330,0.01401304,-2.46091413,2.69304299,-0.16610061,0.01201847,-0.00732601,-0.19887325,
15774,-1.64450324,-0.75201005,7.05875731,6.00000000,-0.10634766,0.09506836,-0.12081694,0.14486653,-0.03040550,0.07000000,0.01725275,0.03960684,-0.01045301,0.01597244,0.01401304,-2.89375591,2.75936556,0.14486155,0.01180077,-0.00732601,-0.19442318,
15782,-0.60541970,0.12905620,5.68209171,6.00000000,-0.02416992,0.02900391,0.09968077,0.32472873,-0.00762295,0.07000000,0.01150183,-0.02571860,0.01020901,-0.01834570,0.01401304,-2.78205466,2.86932111,0.32473138,0.01322254,-0.00732601,-0.18131928,
15790,-0.76583117,-0.87172008,8.07868767,6.00000000,-0.00161133,-0.01127930,0.01574508,0.37922028,-0.05931668,0.07000000,0.01150183,0.09824542,0.03897841,-0.01768688,0.01401304,-2.71573234,2.38237453,0.37922287,0.01591345,-0.00732601,-0.15731260,
15798,1.44162273,-0.32823631,10.01559639,6.00000000,0.04672851,-0.04028320,0.05611415,0.20908400,0.00103708,0.07000000,0.01150183,0.02674780,0.01188689,-0.00781695,0.01401304,-2.30034399,2.20958686,0.20908397,0.01828241,-0.00732601,-0.14832646,
15805,1.33388364,-1.87967896,12.86709118,5.00000000,0.02094727,-0.00322266,-0.03141878,-0.02447039,0.02794979,0.07000000,0.01150183,0.00617239,-0.02037313,0.01909166,0.01401304,-2.02981806,2.00887394,-0.02447295,0.01948239,-0.00732601,-0.14817682,
15814,1.88933849,0.14102721,13.19749069,6.00000000,-0.02900391,0.02578125,-0.08897469,-0.30851939,-0.00282663,0.07000000,0.01150183,-0.01748857,-0.06507072,0.05756485,0.01401304,-1.91637158,1.97571266,-0.30851763,0.01811516,-0.00732601,-0.16345555,
15822,0.13438866,-0.05769153,11.90222740,6.00000000,-0.07895508,0.09184571,-0.02595630,-0.42562965,0.05499573,0.07000000,0.01725275,-0.04577905,-0.09136669,0.07553192,0.01401304,-2.08043242,2.23576689,-0.42562532,0.01559086,-0.00732601,-0.18732011,
15830,-1.61098444,-0.08402774,9.66604328,6.00000000,-0.13051757,0.14340821,-0.05619980,-0.26068938,-0.04999049,0.07000000,0.01725275,0.04320718,-0.06260519,0.06810751,0.01401304,-2.46440482,2.31779718,-0.26069039,0.01290679,-0.00732601,-0.19225484,
15838,-1.35001636,-0.24443926,7.53759766,6.00000000,-0.09829102,0.11118164,0.09648322,-0.01887467,0.01076296,0.07000000,0.01150183,-0.09464451,-0.04847623,0.02328796,0.01401304,-2.51327419,2.83441448,-0.01888013,0.01104331,-0.00732601,-0.19522241,
15846,-1.43620765,-1.80785298,6.69723320,6.00000000,-0.07089844,0.07573242,-0.03608187,0.24558935,-0.07716966,0.07000000,0.01150183,0.07509876,0.00809586,0.00737688,0.01401304,-2.99323964,2.73842144,0.24558912,0.01136083,-0.00732601,-0.18996748,
15854,-0.13855034,0.06201856,6.75948238,6.00000000,-0.00322266,0.00805664,0.09941430,0.37082672,-0.05665205,0.07000000,0.01725275,-0.01337344,0.01891376,-0.02538933,0.01401304,-2.70700574,2.75238419,0.37082988,0.01332946,-0.00732601,-0.17101762,
15862,0.14875387,-1.13268805,9.86715603,6.00000000,0.02094727,-0.01450195,0.03106667,0.28542551,-0.07144072,0.07000000,0.01725275,0.01645987,0.01560311,-0.01518393,0.01401304,-2.54643536,2.49058485,0.28542602,0.01611973,-0.00732601,-0.16189858,
15870,1.45838225,0.73718345,11.10735226,6.00000000,0.01127930,-0.03061523,-0.02342490,0.10103345,-0.03240396,0.07000000,0.01725275,-0.03909256,-0.01252600,-0.00055571,0.01401304,-2.12057495,2.25322008,0.10103390,0.01733132,-0.00732601,-0.15122515,
15877,1.44641113,-0.51498407,13.01553154,5.00000000,-0.00483398,0.00000000,0.02120756,-0.15530348,0.01822391,0.07000000,0.01725275,-0.05092307,-0.05017178,0.03373383,0.01401304,-1.99316597,2.16595364,-0.15530372,0.01707448,-0.00732601,-0.16202764,
15886,1.36261415,0.30622715,12.50317192,6.00000000,-0.07734375,0.05317383,-0.06765767,-0.32464036,-0.02680825,0.07000000,0.01725275,-0.00823003,-0.07229446,0.06554326,0.01401304,-2.10835791,2.13628292,-0.32463729,0.01519611,-0.00732601,-0.17740442,
15894,-0.27741405,-0.22289145,10.95651817,6.00000000,-0.10151367,0.09990235,0.05837908,-0.33449948,0.01049649,0.07000000,0.01725275,-0.10133199,-0.08988132,0.06108991,0.01401304,-2.14675498,2.49058485,-0.33449742,0.01261687,-0.00732601,-0.19235459,
15902,-1.46972644,-0.75201005,9.03876209,6.00000000,-0.12568359,0.11923828,-0.10576182,-0.12466028,-0.06238099,0.07000000,0.01725275,0.00411498,-0.05329888,0.04982753,0.01401304,-2.60228610,2.58832335,-0.12466300,0.00981172,-0.00732601,-0.19719762,
15910,-0.96694416,0.64380956,6.86003876,6.00000000,-0.09184571,0.07573242,0.06663942,0.12941170,-0.03573475,0.07000000,0.01725275,-0.07304156,-0.02823742,0.00709355,0.01401304,-2.64766431,2.89550114,0.12940934,0.00922586,-0.00732601,-0.19155756,
15918,-1.07468319,-0.70652020,6.87919235,6.00000000,-0.03706055,0.04672851,0.00521981,0.32286349,-0.07104103,0.07000000,0.01725275,0.04269266,0.01518332,-0.00856014,0.01401304,-2.81696129,2.67209911,0.32286403,0.01043688,-0.00732601,-0.17557080,
15926,0.61562318,0.33256334,7.63336611,6.00000000,-0.00322266,-0.01933594,0.07423360,0.34098294,-0.08183276,0.07000000,0.01725275,-0.01543120,0.01592880,-0.02295923,0.01401304,-2.50978351,2.56214333,0.34098634,0.01273668,-0.00732601,-0.15913574,
15934,0.63956523,-0.67778975,10.92778778,6.00000000,0.01933594,-0.02094727,0.01214783,0.20188951,-0.04066431,0.07000000,0.01725275,-0.04372179,-0.00235266,-0.01162934,0.01401304,-2.24449348,2.39284658,0.20188844,0.01518668,-0.00732601,-0.15346673,
15942,1.93482828,0.12905620,11.76336384,6.00000000,-0.00644531,-0.02578125,-0.08857497,-0.02367100,-0.06304715,0.07000000,0.01725275,0.02983378,-0.02413392,0.02702923,0.01401304,-2.16769886,2.06646991,-0.02367225,0.01511995,-0.00732601,-0.15520491,
15949,1.25008667,-0.02417270,13.08017445,5.00000000,-0.03061523,0.03706055,0.02946790,-0.21858829,0.02528516,0.07000000,0.01725275,-0.07921392,-0.06493948,0.04165278,0.01401304,-1.89193690,2.16071773,-0.21858849,0.01450938,-0.00732601,-0.16275634,
15958,0.47675949,0.48339805,11.88068008,6.00000000,-0.08056641,0.07895508,-0.09976643,-0.29932642,-0.02427686,0.07000000,0.01725275,0.01440221,-0.07048754,0.06910209,0.01401304,-2.28812671,2.23925757,-0.29932359,0.01259213,-0.00732601,-0.18581858,
15966,-0.77061957,0.13623881,9.12255955,6.00000000,-0.11118164,0.10473633,0.06250925,-0.19167560,0.01995591,0.07000000,0.01725275,-0.05195129,-0.06802641,0.05118009,0.01401304,-2.44346094,2.61973929,-0.19167718,0.01060698,-0.00732601,-0.19743767,
15974,-1.96532619,-0.90045053,7.77941227,6.00000000,-0.09023438,0.10957031,-0.06352752,0.05586806,-0.01614976,0.07000000,0.01725275,0.00617244,-0.02778105,0.02519351,0.01401304,-2.72271371,2.70176983,0.05586480,0.01019663,-0.00732601,-0.19258736,
15982,-0.98609775,0.28707352,6.80976057,6.00000000,-0.06928711,0.04189453,0.02400541,0.25438261,-0.03320336,0.07000000,0.01725275,-0.04783683,-0.00514022,-0.00975650,0.01401304,-2.69478822,2.85710382,0.25438303,0.01104761,-0.00732601,-0.18281336,
15990,-0.38036472,-0.68018395,7.48731947,6.00000000,-0.00161133,0.01127930,0.02706973,0.37722182,-0.01161989,0.07000000,0.01725275,0.01903188,0.02444447,-0.02325548,0.01401304,-2.67209911,2.60752177,0.37722504,0.01308597,-0.00732601,-0.16403753,
15998,0.55816233,0.20567065,9.96531868,6.00000000,0.00805664,-0.04833984,0.03546330,0.25038567,-0.04905787,0.07000000,0.01725275,0.04012150,0.01369700,-0.00777220,0.01401304,-2.50280213,2.36666656,0.25038517,0.01559071,-0.00732601,-0.15836531,
16006,1.53739083,-0.84059548,11.95489979,6.00000000,0.03061523,-0.00644531,0.04172517,0.07971644,0.01822391,0.07000000,0.01725275,-0.01543136,-0.01281264,0.00526995,0.01401304,-2.14675498,2.19911480,0.07971387,0.01719630,-0.00732601,-0.15175839,
16014,1.32191265,-0.73525059,12.72583294,6.00000000,-0.01289062,0.00483398,-0.08551066,-0.19367406,-0.01455098,0.07000000,0.01725275,0.03909249,-0.04377966,0.04852057,0.01401304,-2.08392310,1.95127821,-0.19367397,0.01761706,-0.00732601,-0.16031742,
16022,1.02263749,-0.35457253,12.13685894,6.00000000,-0.06606445,0.06767578,0.00801767,-0.34022844,0.03647659,0.07000000,0.01725275,-0.06275294,-0.08069853,0.06103940,0.01401304,-1.99142063,2.20435095,-0.34022546,0.01521239,-0.00732601,-0.17676301,
16030,-0.84244567,-0.36175513,10.54950333,6.00000000,-0.10151367,0.11923828,-0.13627177,-0.27081496,-0.00162755,0.07000000,0.01725275,0.03086253,-0.06552321,0.06808443,0.01401304,-2.40506387,2.30034399,-0.27081338,0.01251549,-0.00732601,-0.19020496,
16038,-1.48888016,0.45227343,8.59104633,6.00000000,-0.10957031,0.11118164,0.05931170,-0.07936165,-0.01335190,0.07000000,0.01725275,-0.02726193,-0.04848113,0.03771312,0.01401304,-2.47487688,2.56737947,-0.07936445,0.01078949,-0.00732601,-0.18853568,
16046,-1.51042795,-1.15663016,7.11621857,6.00000000,-0.06445312,0.08378907,0.05171752,0.18723407,-0.02081285,0.07000000,0.01725275,0.00771571,-0.00710727,0.00518214,0.01401304,-2.67733502,2.65115499,0.18723148,0.01097377,-0.00732601,-0.17958346,
16054,-0.35881689,-0.05050892,6.76666498,6.00000000,-0.03706055,0.01450195,0.02347250,0.28169504,-0.08209922,0.07000000,0.01725275,0.03291973,0.01175226,-0.00749855,0.01401304,-2.69304299,2.58134174,0.28169847,0.01263899,-0.00732601,-0.17077327,
16062,-0.02123446,-0.70891440,9.21832752,6.00000000,0.00966797,0.00322266,0.07476652,0.31726778,-0.00922173,0.07000000,0.01725275,-0.02829034,0.01501795,-0.02510886,0.01401304,-2.34048653,2.43647981,0.31726846,0.01483649,-0.00732601,-0.15016308,
16070,1.26205766,-0.31865951,10.98285389,6.00000000,0.01611328,-0.03222656,-0.05326869,0.09903498,-0.06251422,0.07000000,0.01725275,0.06635429,-0.00067948,0.01248716,0.01401304,-2.28289080,2.05774331,0.09903406,0.01686693,-0.00732601,-0.15016800,
16078,1.40331554,0.25834310,12.80723572,6.00000000,-0.00966797,0.00483398,0.04625504,-0.11480116,0.04420400,0.07000000,0.01725275,-0.06429572,-0.04542031,0.02590897,0.01401304,-1.88321030,2.10137653,-0.11480404,0.01657114,-0.00732601,-0.15276445,
16086,1.01784909,-0.53892606,12.60851669,6.00000000,-0.04189453,0.05156250,-0.12747851,-0.27627742,0.00729894,0.07000000,0.01725275,0.03292011,-0.05946565,0.06253839,0.01401304,-2.09439516,1.98269403,-0.27627459,0.01517156,-0.00732601,-0.16782434,
16093,0.22536832,0.71563560,11.38268566,5.00000000,-0.09667969,0.09667969,-0.00490577,-0.33076900,0.00623309,0.07000000,0.01725275,0.01080182,-0.07408290,0.07178345,0.01401304,-2.18864298,2.15199113,-0.33076563,0.01287002,-0.00732601,-0.18132852,
16102,-1.37635267,-0.81186503,8.92862892,6.00000000,-0.10312500,0.12729493,0.02040818,-0.13785017,0.00463432,0.07000000,0.01725275,-0.05915225,-0.06065169,0.04222234,0.01401304,-2.38411975,2.58483267,-0.13785280,0.01048623,-0.00732601,-0.19011901,
16110,-1.44578445,0.18651704,7.06593990,6.00000000,-0.09023438,0.08217774,-0.09030699,0.10702886,-0.05731821,0.07000000,0.01725275,0.02314643,-0.01907345,0.02060019,0.01401304,-2.76983738,2.69129777,0.10702471,0.00973729,-0.00732601,-0.19020683,
16118,-1.19918168,0.05004755,6.92228794,6.00000000,-0.03706055,0.04350586,0.09661645,0.30740866,0.00543371,0.07000000,0.01725275,-0.05452343,0.00309400,-0.01944651,0.01401304,-2.61450338,2.79950809,0.30741084,0.01152032,-0.00732601,-0.17397067,
16126,-0.10981993,-0.27316967,8.26543522,6.00000000,-0.00161133,-0.01289062,-0.03581541,0.39480838,-0.03480213,0.07000000,0.01725275,0.04886568,0.03261138,-0.02432680,0.01401304,-2.62846589,2.46265960,0.39481112,0.01397835,-0.00732601,-0.15592955,
16134,0.92686939,-0.19894943,10.83920193,6.00000000,0.02578125,-0.04511719,0.06517387,0.21827695,0.00503401,0.07000000,0.01725275,-0.02520382,0.00464285,-0.01419855,0.01401304,-2.19736958,2.28289080,0.21827534,0.01654811,-0.00732601,-0.14658439,
16142,1.85581970,-0.86932588,11.94053459,6.00000000,0.01933594,-0.01289062,-0.01010179,-0.01088079,0.00929741,0.07000000,0.01725275,0.04938010,-0.01668187,0.02424748,0.01401304,-2.12057495,1.95302343,-0.01088297,0.01723291,-0.00732601,-0.14845692,
16150,0.75209266,-0.01220169,12.98440647,6.00000000,-0.03383789,0.02739258,-0.01916151,-0.25003088,0.01595897,0.07000000,0.01725275,0.01697450,-0.05448841,0.05387502,0.01401304,-1.96175015,1.90415418,-0.25002998,0.01681085,-0.00732601,-0.15826614,
16158,0.14396545,-0.47667682,12.53429699,6.00000000,-0.07573242,0.08378907,-0.00570516,-0.34422535,0.05659450,0.07000000,0.01725275,-0.06738343,-0.08233565,0.06156916,0.01401304,-1.98618472,2.21482277,-0.34422034,0.01478173,-0.00732601,-0.17724249,
16165,-0.73231238,-0.07684514,9.70435047,5.00000000,-0.10151367,0.11923828,-0.14453208,-0.25349489,-0.00149432,0.07000000,0.01725275,0.06429633,-0.05917492,0.06966816,0.01401304,-2.46789551,2.24972939,-0.25349504,0.01247447,-0.00732601,-0.18939221,
16174,-2.10179567,0.37087059,8.40429878,6.00000000,-0.10312500,0.11440430,0.10940664,-0.01287926,0.02821625,0.07000000,0.01725275,-0.06635403,-0.04368888,0.02383691,0.01401304,-2.44346094,2.66860843,-0.01288222,0.01093975,-0.00732601,-0.18624651,
16182,-1.99166250,-1.13747644,7.20240974,6.00000000,-0.05800781,0.07250977,-0.02049383,0.25997832,-0.04186339,0.07000000,0.01725275,0.01285925,0.00579725,-0.00633664,0.01401304,-2.62148452,2.57785130,0.25997680,0.01186030,-0.00732601,-0.16962762,
16190,0.06495680,0.13145041,7.18325615,6.00000000,-0.01611328,-0.00966797,0.07076958,0.31766745,-0.06917579,0.07000000,0.01725275,0.03446295,0.01950611,-0.01479310,0.01401304,-2.60926723,2.49233031,0.31767148,0.01384792,-0.00732601,-0.16190174,
16198,-0.67006314,-1.19254315,10.56147480,6.00000000,0.02739258,-0.00483398,0.13258888,0.30780834,-0.01868115,0.07000000,0.01725275,-0.00565814,0.01949552,-0.02424037,0.01401304,-2.27067351,2.28987193,0.30780682,0.01656002,-0.00732601,-0.14300376,
16206,1.66667771,-0.64187676,11.84237289,6.00000000,0.02094727,-0.04028320,-0.09523653,0.06306255,-0.05678529,0.07000000,0.01725275,0.08127147,-0.00019753,0.01547492,0.01401304,-2.15548158,1.87971950,0.06306088,0.01881261,-0.00732601,-0.14170410,
16214,1.68583131,-0.46949422,13.09693432,6.00000000,-0.00966797,0.01127930,0.02613712,-0.20246732,0.06778593,0.07000000,0.01725275,-0.11624722,-0.06096498,0.02901193,0.01401304,-1.62490153,2.01934600,-0.20246601,0.01777678,-0.00732601,-0.14678273,
16222,0.87898540,-0.96509397,12.71386147,6.00000000,-0.06767578,0.05639648,-0.19182920,-0.36727434,0.02128822,0.07000000,0.01725275,0.03549199,-0.07048525,0.07397234,0.01401304,-1.96873140,1.84830368,-0.36727059,0.01550790,-0.00732601,-0.16499460,
16230,-0.09545472,0.66775161,10.39866924,6.00000000,-0.11118164,0.11762695,0.02733620,-0.39312124,0.02461901,0.07000000,0.01725275,0.03549185,-0.08045110,0.08384143,0.01401304,-2.22005868,2.09963107,-0.39311990,0.01254976,-0.00732601,-0.18508999,
16237,-1.98687410,-1.18536055,8.77779388,5.00000000,-0.11440430,0.14179687,0.07516622,-0.11493441,0.01169557,0.07000000,0.01725275,-0.01954583,-0.05229221,0.04326396,0.01401304,-2.40331841,2.46964097,-0.11493719,0.01030223,-0.00732601,-0.18497773,
16246,-1.38114107,0.04525915,6.52245617,6.00000000,-0.08056641,0.08540039,-0.07312014,0.14686500,-0.04945756,0.07000000,0.01725275,0.07767010,-0.00674499,0.02123062,0.01401304,-2.82394290,2.56039786,0.14686061,0.00942901,-0.00732601,-0.18453494,
16254,-1.17763388,-0.17021900,6.73314619,6.00000000,-0.02255859,0.03544922,0.12552762,0.30221263,0.01382728,0.07000000,0.01725275,-0.02674673,0.00678005,-0.01658155,0.01401304,-2.57785130,2.66860843,0.30221516,0.01168606,-0.00732601,-0.16827370,
16262,-0.21277060,-0.45991740,8.87356281,6.00000000,0.00483398,0.00161133,-0.04154436,0.40786499,-0.01948054,0.07000000,0.01725275,0.05400933,0.03859482,-0.02905979,0.01401304,-2.35444903,2.17118955,0.40786669,0.01415461,-0.00732601,-0.13448408,
16270,2.23889184,0.05723016,10.02038479,6.00000000,0.02900391,-0.05800781,0.05411568,0.12394923,0.01795744,0.07000000,0.01725275,0.02314689,-0.00207215,0.00372605,0.01401304,-2.14500976,2.06646991,0.12395033,0.01628026,-0.00732601,-0.14367972,
16278,1.19501996,-1.02255476,12.73540974,6.00000000,0.00966797,0.00644531,-0.02209259,-0.10667405,0.04766801,0.07000000,0.01725275,0.04783692,-0.02894416,0.03593195,0.01401304,-1.90066361,1.73834789,-0.10667612,0.01660512,-0.00732601,-0.13964808,
16286,1.00348389,0.05962436,13.29325867,6.00000000,-0.04028320,0.06123047,-0.05899765,-0.31198341,0.03114733,0.07000000,0.01725275,0.02726196,-0.06225191,0.06391961,0.01401304,-1.86226630,1.76976395,-0.31198072,0.01560303,-0.00732601,-0.15427971,
16294,0.32592478,0.29186192,11.62210560,6.00000000,-0.08701172,0.10473633,0.00188903,-0.40031573,0.05206464,0.07000000,0.01725275,0.05143749,-0.07804748,0.08519340,0.01401304,-2.14675498,1.97222209,-0.40031201,0.01290668,-0.00732601,-0.17833564,
16302,-1.13693249,-0.29950589,9.40986347,6.00000000,-0.10312500,0.14663085,-0.06459337,-0.23950562,0.00836479,0.07000000,0.01725275,0.02211844,-0.06442194,0.06495889,0.01401304,-2.37015724,2.29510808,-0.23950671,0.01014244,-0.00732601,-0.18648008,
16309,-1.74266553,0.52170527,7.70519209,5.00000000,-0.10957031,0.11762695,0.00322135,0.04187878,0.01182881,0.07000000,0.01725275,-0.04320720,-0.03590503,0.02161029,0.01401304,-2.50978351,2.65639114,0.04187481,0.00861812,-0.00732601,-0.18423794,
16318,-1.37156427,-0.67778975,6.54160976,6.00000000,-0.05156250,0.05317383,0.02986760,0.29142091,-0.02507625,0.07000000,0.01725275,0.00257192,0.00544161,-0.00837055,0.01401304,-2.70351481,2.69478822,0.29142067,0.00957187,-0.00732601,-0.17456047,
16326,-0.12418513,0.10511419,7.19522715,6.00000000,-0.01289062,0.00483398,0.05584769,0.38774708,-0.05398742,0.07000000,0.01725275,0.07921344,0.03330830,-0.01789732,0.01401304,-2.64242840,2.37364769,0.38775086,0.01191263,-0.00732601,-0.15372086,
16334,0.41690445,-1.04410267,10.36993885,6.00000000,0.03867187,-0.03706055,0.10647556,0.30860776,-0.00522479,0.07000000,0.01725275,-0.03240468,0.01586670,-0.02694441,0.01401304,-2.10661244,2.21656823,0.30860573,0.01479780,-0.00732601,-0.13434131,
16342,2.41127443,-0.91002733,11.77054691,6.00000000,0.02416992,-0.03222656,-0.10163163,0.07158935,0.00796510,0.07000000,0.01725275,0.04320761,-0.00550472,0.01178516,0.01401304,-2.03854465,1.89193690,0.07158674,0.01642890,-0.00732601,-0.13728987,
16350,1.58048654,0.20088226,12.83117771,6.00000000,-0.01772461,0.00644531,-0.01676335,-0.22524989,0.05379665,0.07000000,0.01725275,-0.00925863,-0.05270563,0.04594893,0.01401304,-1.75754654,1.78896248,-0.22525007,0.01629998,-0.00732601,-0.14489160,
16358,0.63956523,-0.81904769,12.72822666,6.00000000,-0.06284180,0.06767578,-0.05033761,-0.37846577,0.10295898,0.07000000,0.01725275,-0.05606619,-0.08421107,0.06603917,0.01401304,-1.80292523,1.99316597,-0.37846231,0.01424823,-0.00732601,-0.16504681,
16366,-0.50725740,0.06680696,10.68597317,6.00000000,-0.11601563,0.11923828,-0.13600528,-0.35181952,0.00663279,0.07000000,0.01725275,0.07767041,-0.07168078,0.08510594,0.01401304,-2.37190247,2.10835791,-0.35181576,0.01140301,-0.00732601,-0.18791616,
16374,-2.16643929,0.18651704,8.54555702,6.00000000,-0.11279297,0.14179687,0.15936837,-0.07336625,0.02102176,0.07000000,0.01725275,-0.03754907,-0.04996160,0.03675177,0.01401304,-2.33001447,2.45742369,-0.07336989,0.00844158,-0.00732601,-0.17886399,
16381,-1.26861358,-1.18536055,6.76427078,5.00000000,-0.06445312,0.08378907,0.05824585,0.17857406,-0.06278069,0.07000000,0.01725275,-0.00462937,-0.01204363,0.00715907,0.01401304,-2.64242840,2.65813661,0.17857151,0.00883436,-0.00732601,-0.17919901,
16390,-0.45697916,0.35411116,5.96939564,6.00000000,-0.03061523,0.01289062,0.09088750,0.33765215,-0.09169187,0.07000000,0.01725275,0.01645998,0.01606889,-0.01560429,0.01401304,-2.61799383,2.56214333,0.33765513,0.01047684,-0.00732601,-0.16329992,
16398,-0.59344864,-0.98664176,8.74666977,6.00000000,0.01611328,-0.01289062,0.06623971,0.38241780,-0.03653413,0.07000000,0.01150183,-0.02829058,0.02436399,-0.03297099,0.01401304,-2.26369190,2.35968518,0.38241959,0.01332571,-0.00732601,-0.13987201,
16406,1.20938516,-0.44794640,10.60935879,6.00000000,0.02255859,-0.04672851,-0.02728861,0.24971953,-0.00828911,0.07000000,0.01150183,0.01645998,0.01658095,-0.01487257,0.01401304,-2.08217788,2.02632713,0.24971856,0.01619937,-0.00732601,-0.13082878,
16414,1.58288074,-1.26197493,12.64921856,6.00000000,0.01772461,-0.03706055,-0.05393486,-0.09641526,0.05659450,0.07000000,0.01150183,-0.05143644,-0.03745949,0.02239444,0.01401304,-1.70169604,1.87622893,-0.09641799,0.01722746,-0.00732601,-0.13669001,
16422,1.25966346,-0.02417270,13.53986168,6.00000000,-0.03061523,0.03706055,-0.09883379,-0.29146579,0.01809067,0.07000000,0.01150183,-0.00514382,-0.06129332,0.05671157,0.01401304,-1.68947875,1.70693207,-0.29146302,0.01538925,-0.00732601,-0.14425093,
16430,0.15354227,-0.28514069,11.64365387,6.00000000,-0.08540039,0.10312500,-0.00144175,-0.41390532,0.02142146,0.07000000,0.01150183,0.07304142,-0.07561099,0.08918863,0.01401304,-2.08566856,1.83783174,-0.41390204,0.01294361,-0.00732601,-0.17223473,
16438,-1.76181912,0.02131713,10.31966019,6.00000000,-0.11601563,0.14179687,0.05318306,-0.27494514,-0.01521713,0.07000000,0.01150183,0.00308648,-0.06793240,0.06526698,0.01401304,-2.12057495,2.11010313,-0.27494460,0.01075215,-0.00732601,-0.17329556,
16446,-1.53915834,-1.10395765,7.77941227,6.00000000,-0.09023438,0.13051757,-0.06899000,0.02322640,-0.00176078,0.07000000,0.01150183,-0.00257161,-0.03271253,0.02933099,0.01401304,-2.54469013,2.55341673,0.02322242,0.00863863,-0.00732601,-0.18312283,
16453,-1.97490311,0.79703850,6.56555176,5.00000000,-0.06928711,0.05800781,0.00548628,0.25824630,-0.05412066,0.07000000,0.01150183,-0.00051469,0.00191004,-0.00428122,0.01401304,-2.61275792,2.61450338,0.25824583,0.00955001,-0.00732601,-0.17076540,
16462,-0.79216743,-0.46470582,7.22635174,6.00000000,-0.00322266,0.00805664,0.05131783,0.38974553,-0.03799968,0.07000000,0.01150183,0.01337376,0.02662880,-0.02540277,0.01401304,-2.51152873,2.46615028,0.38974875,0.01183056,-0.00732601,-0.15218408,
16470,-0.54795885,0.45706183,9.78096485,6.00000000,0.01933594,-0.03222656,0.02267310,0.40320188,-0.04252954,0.07000000,0.01725275,0.05709565,0.04052721,-0.03026026,0.01401304,-2.25845599,2.06472445,0.40320152,0.01511450,-0.00732601,-0.12748332,
16478,2.03299069,-0.79031724,11.44732952,6.00000000,0.05478515,-0.05639648,0.03439745,0.08544540,0.02288700,0.07000000,0.01725275,0.04526505,-0.00101510,0.00782947,0.01401304,-1.98269403,1.82910514,0.08544335,0.01781697,-0.00732601,-0.13198304,
16486,1.43922853,0.36129376,13.48958302,6.00000000,0.00644531,0.01289062,-0.04687359,-0.18474758,0.02768333,0.07000000,0.01725275,0.00977328,-0.04194177,0.03978452,0.01401304,-1.68075216,1.64759088,-0.18474799,0.01752893,-0.00732601,-0.13404672,
16494,0.82870716,-0.11275817,13.36508465,6.00000000,-0.06123047,0.06606445,-0.05446779,-0.38566029,0.06565423,0.07000000,0.01725275,0.00102880,-0.07500831,0.07031860,0.01401304,-1.69820547,1.69471467,-0.38565594,0.01528813,-0.00732601,-0.15095340,
16502,0.15833066,0.27510250,11.07143974,6.00000000,-0.09667969,0.10795899,-0.03541572,-0.44068480,0.04073999,0.07000000,0.01725275,-0.01903149,-0.09229495,0.08270314,0.01401304,-1.94429684,2.00887394,-0.44068116,0.01198821,-0.00732601,-0.17525192,
16510,-1.85998142,-0.19176681,9.47690105,6.00000000,-0.13212891,0.15629883,-0.07725034,-0.19713810,0.00117031,0.07000000,0.01725275,0.01800314,-0.05962299,0.05926798,0.01401304,-2.32826900,2.26718259,-0.19713941,0.00900211,-0.00732601,-0.18087776,
16518,-1.22551787,0.16736344,6.82412577,6.00000000,-0.09506836,0.10312500,0.09515090,0.12474862,0.00396816,0.07000000,0.01725275,-0.01645980,-0.02151836,0.01371011,0.01401304,-2.53421807,2.59006858,0.12474434,0.00767856,-0.00732601,-0.17671150,
16525,-1.50563955,-0.94354618,6.48175478,5.00000000,-0.02900391,0.04028320,0.03173283,0.32326314,-0.02814057,0.07000000,0.01725275,0.03189114,0.01284305,-0.00878658,0.01401304,-2.75238419,2.64417386,0.32326430,0.00894710,-0.00732601,-0.17218854,
16534,-0.33248067,0.35650536,7.42746449,6.00000000,-0.00644531,-0.00161133,0.08449240,0.41679150,-0.05225543,0.07000000,0.01725275,0.03754939,0.03442658,-0.02878837,0.01401304,-2.40331841,2.27590919,0.41679507,0.01179570,-0.00732601,-0.13940436,
16542,0.88856220,-0.81904769,10.06348038,6.00000000,0.05317383,-0.04995117,0.09714937,0.27889720,0.02328669,0.07000000,0.01725275,-0.01851782,0.01438681,-0.02224877,0.01401304,-2.02632713,2.08915901,0.27889687,0.01478444,-0.00732601,-0.12896633,
16550,1.70977342,-1.43435752,12.02672577,6.00000000,0.01772461,-0.02739258,-0.15172660,0.00990328,0.02235407,0.07000000,0.01725275,0.05452374,-0.01164866,0.02046921,0.01401304,-1.93906081,1.75405586,0.00990084,0.01651345,-0.00732601,-0.13315770,
16558,2.01144290,0.26552570,13.03468513,6.00000000,-0.02094727,0.02739258,-0.02289199,-0.24976441,0.08430661,0.07000000,0.01725275,-0.06429569,-0.06099381,0.04118551,0.01401304,-1.46607661,1.68424273,-0.24976455,0.01582706,-0.00732601,-0.13230698,
16566,0.82391876,-0.67060715,12.68273735,6.00000000,-0.06928711,0.07089844,-0.06845706,-0.43095890,0.07657919,0.07000000,0.01725275,0.05246625,-0.07810394,0.08544051,0.01401304,-1.85703039,1.67900670,-0.43095398,0.01370059,-0.00732601,-0.15942539,
16574,0.13678285,0.07159536,10.10178757,6.00000000,-0.11762695,0.14985351,-0.03967912,-0.41537085,0.01076296,0.07000000,0.01725275,0.04320757,-0.08462576,0.08976148,0.01401304,-2.16071773,2.01411009,-0.41537064,0.01012713,-0.00732601,-0.18145186,
16582,-1.45536125,-0.86693168,7.32211971,6.00000000,-0.12890625,0.15468749,0.10687526,-0.04871847,0.03634335,0.07000000,0.01725275,-0.01748833,-0.04436789,0.03593910,0.01401304,-2.30732512,2.36666656,-0.04872400,0.00753167,-0.00732601,-0.17296469,
16590,-1.66844523,-0.54850286,6.56555176,6.00000000,-0.06445312,0.07895508,-0.01636364,0.19096455,-0.06464593,0.07000000,0.01725275,0.07406981,-0.00214825,0.01586037,0.01401304,-2.76983738,2.51851010,0.19096294,0.00768979,-0.00732601,-0.17785771,
16597,-0.53359360,0.58156031,5.59111166,5.00000000,-0.01933594,0.04028320,0.11713406,0.39494160,-0.05385420,0.07000000,0.01725275,0.01440262,0.02367046,-0.02357963,0.01401304,-2.53596354,2.48709416,0.39494675,0.00923440,-0.00732601,-0.15345217,
16606,-0.43543136,-0.35217834,9.19438553,6.00000000,0.03222656,-0.02900391,0.06410803,0.38068587,-0.03680060,0.07000000,0.01725275,-0.01131614,0.02582682,-0.03179377,0.01401304,-2.19387889,2.23227620,0.38068700,0.01264557,-0.00732601,-0.13284837,
16614,1.70977342,-0.00501909,10.65484810,6.00000000,0.02578125,-0.04189453,-0.05873118,0.22147450,-0.01548360,0.07000000,0.01725275,0.05503815,0.01654963,-0.00716185,0.01401304,-2.03330851,1.84655845,0.22147357,0.01517686,-0.00732601,-0.12458838,
16622,2.10481668,-0.07445094,12.02433205,6.00000000,0.01933594,-0.01450195,0.01494569,-0.12066334,0.04313815,0.07000000,0.01725275,-0.00102873,-0.03614115,0.03155180,0.01401304,-1.68249738,1.68598807,-0.12066461,0.01574055,-0.00732601,-0.13085574,
16630,0.97714764,-0.22767985,13.56140900,6.00000000,-0.03061523,0.03867187,-0.08977405,-0.33130193,0.02515193,0.07000000,0.01725275,0.03497755,-0.06349687,0.06692994,0.01401304,-1.67726135,1.55857909,-0.33129859,0.01411813,-0.00732601,-0.14131834,
16638,0.07453360,0.27031410,11.94292927,6.00000000,-0.09184571,0.11762695,-0.04980469,-0.40377972,0.03061441,0.07000000,0.01725275,0.02211821,-0.08338354,0.08358166,0.01401304,-2.07519650,2.00014734,-0.40377635,0.01145046,-0.00732601,-0.17700504,
16646,-1.91744220,0.71563560,9.87194443,6.00000000,-0.11601563,0.14824219,0.02653681,-0.17915186,-0.02027992,0.07000000,0.01725275,0.00411490,-0.05696736,0.05337922,0.01401304,-2.19911480,2.18515205,-0.17915270,0.00941474,-0.00732601,-0.17191821,
16654,-1.19918168,-0.02896111,7.29817772,6.00000000,-0.08378907,0.09506836,0.00548628,0.01136882,-0.03706706,0.07000000,0.01725275,-0.01131632,-0.03632885,0.02949794,0.01401304,-2.54294467,2.58134174,0.01136483,0.00861163,-0.00732601,-0.18493143,
16662,-1.33325696,-0.06487413,5.94545364,6.00000000,-0.06284180,0.06445312,0.06344187,0.32499516,-0.04093077,0.07000000,0.01725275,-0.01491693,0.00922650,-0.01621420,0.01401304,-2.54992604,2.60054064,0.32499430,0.00915787,-0.00732601,-0.16314232,
16669,-0.70597613,-0.31626531,7.14734316,5.00000000,0.00644531,-0.01933594,0.03559653,0.39973789,-0.03946522,0.07000000,0.01725275,-0.01646002,0.02438430,-0.03153699,0.01401304,-2.42775321,2.48360348,0.39974344,0.01194265,-0.00732601,-0.14905529,
16678,0.91011000,-0.08402774,9.89109802,6.00000000,0.01611328,-0.03544922,0.04825351,0.34857711,-0.03520183,0.07000000,0.01725275,-0.02366125,0.02362205,-0.03255178,0.01401304,-1.98967540,2.06996036,0.34857628,0.01424969,-0.00732601,-0.12188996,
16686,2.31071806,-0.54850286,11.16960144,6.00000000,0.03544922,-0.05800781,0.03133314,0.05533513,-0.00429217,0.07000000,0.01150183,0.00617247,-0.01001117,0.00886936,0.01401304,-1.82386911,1.80292523,0.05533296,0.01623691,-0.00732601,-0.12745966,
16694,1.48232424,-0.21092044,13.28607655,6.00000000,-0.00161133,0.00000000,-0.05060408,-0.22418401,0.02501870,0.07000000,0.01150183,-0.01645971,-0.05108526,0.04399361,0.01401304,-1.62839222,1.68424273,-0.22418377,0.01655021,-0.00732601,-0.13633631,
16702,0.78321731,0.03089394,13.03947353,6.00000000,-0.07412110,0.07895508,-0.06152905,-0.38619322,0.06152406,0.07000000,0.01725275,-0.04577887,-0.08296002,0.06720255,0.01401304,-1.72438538,1.87971950,-0.38618749,0.01428563,-0.00732601,-0.15864742,
16710,-0.06193589,0.01652873,10.04672146,6.00000000,-0.11279297,0.11118164,-0.05180316,-0.36647499,0.03287935,0.07000000,0.01725275,-0.02674741,-0.08390480,0.07264291,0.01401304,-1.97920334,2.06996036,-0.36647400,0.01116932,-0.00732601,-0.17335159,
16718,-1.94617260,0.03807654,8.69878578,6.00000000,-0.11601563,0.12568359,-0.01796242,-0.15437084,0.01156234,0.07000000,0.01725275,-0.04475043,-0.06293923,0.04785274,0.01401304,-2.36666656,2.51851010,-0.15437296,0.00862024,-0.00732601,-0.18827972,
16726,-1.39550626,-0.31387112,6.26867104,6.00000000,-0.09990235,0.09506836,0.04652150,0.20935044,-0.04013138,0.07000000,0.01725275,0.00462928,-0.00800707,0.00535843,0.01401304,-2.64591932,2.63021111,0.20934598,0.00733792,-0.00732601,-0.17608219,
16734,-0.85920507,-0.38330296,5.85926247,6.00000000,-0.01611328,0.01127930,0.09674968,0.36363223,-0.05172250,0.07000000,0.01725275,0.02880507,0.01864788,-0.01522965,0.01401304,-2.73493099,2.63719249,0.36363667,0.00909743,-0.00732601,-0.16837583,
16741,-0.27741405,-0.89805633,8.39472198,5.00000000,0.00161133,-0.00161133,0.06064401,0.47061691,-0.06024930,0.07000000,0.01725275,-0.02057488,0.03570718,-0.04367216,0.01401304,-2.30558014,2.37539315,0.47062054,0.01210702,-0.00732601,-0.13556525,
16750,1.62118793,-0.46949422,9.99883747,6.00000000,0.04672851,-0.07895508,0.00881706,0.26610696,-0.04186339,0.07000000,0.01725275,-0.01646012,0.01226158,-0.01966952,0.01401304,-2.04552579,2.10137653,0.26610702,0.01448863,-0.00732601,-0.13103244,
16758,1.49908364,-1.29070544,12.66837215,6.00000000,0.01289062,-0.03222656,-0.05073731,-0.05324833,-0.01535037,0.07000000,0.01725275,-0.02057485,-0.03004090,0.02098413,0.01401304,-1.79070783,1.86052096,-0.05325231,0.01598039,-0.00732601,-0.13621788,
16766,1.66188931,0.55522412,13.22143269,6.00000000,-0.04672851,0.02900391,0.00362104,-0.25882414,-0.02760764,0.07000000,0.01725275,-0.06686859,-0.06383413,0.04339116,0.01401304,-1.51669109,1.74358392,-0.25882223,0.01530365,-0.00732601,-0.13694957,
16774,0.53182614,-0.79510564,12.48162460,6.00000000,-0.07895508,0.06123047,-0.05913088,-0.43762046,-0.00349279,0.07000000,0.01725275,-0.03446290,-0.09186466,0.07864856,0.01401304,-1.85528505,1.97222209,-0.43761462,0.01295706,-0.00732601,-0.17047434,
16782,-1.30931497,0.36129376,10.42739964,6.00000000,-0.12729493,0.14018555,-0.01689657,-0.28626978,-0.06024930,0.07000000,0.01725275,-0.05452375,-0.07906509,0.06139898,0.01401304,-2.08915901,2.27416396,-0.28626785,0.00964691,-0.00732601,-0.17892490,
16790,-1.55591774,-0.32105371,7.33648491,6.00000000,-0.12729493,0.10473633,0.03866085,0.02415902,-0.04212985,0.07000000,0.01725275,-0.04577919,-0.03911260,0.02415854,0.01401304,-2.41553569,2.57086992,0.02415392,0.00738310,-0.00732601,-0.17900614,
16798,-1.48648596,-0.93157512,6.52485037,6.00000000,-0.04995117,0.05800781,0.06024432,0.26584050,-0.10035190,0.07000000,0.01725275,0.00514397,0.00030769,-0.00270326,0.01401304,-2.71398687,2.69653368,0.26583973,0.00808692,-0.00732601,-0.17685801,
16806,-0.96933836,0.24637209,7.15213156,6.00000000,-0.02416992,0.00805664,0.05544800,0.45263070,-0.11127687,0.07000000,0.01725275,0.00308616,0.03306607,-0.03550117,0.01401304,-2.46440482,2.45393300,0.45263404,0.01080689,-0.00732601,-0.14547387,
16813,0.65153623,-0.33781314,8.72512150,5.00000000,0.04350586,-0.05639648,0.10820757,0.38894615,-0.08023399,0.07000000,0.01725275,-0.11624901,0.01564487,-0.04635520,0.01401304,-2.06472445,2.45916891,0.38894984,0.01407053,-0.00732601,-0.13579227,
16822,1.28599966,-0.32823631,11.49521351,6.00000000,0.01772461,-0.06284180,-0.09417068,0.14220190,-0.07224011,0.07000000,0.01725275,0.04012038,0.00551186,0.00020034,0.01401304,-1.97571266,1.83957708,0.14219682,0.01684471,-0.00732601,-0.12799497,
16830,1.91088629,-0.08163355,12.67076588,6.00000000,-0.00322266,-0.01450195,0.08715703,-0.14357913,0.01475990,0.07000000,0.01725275,-0.07715617,-0.04608453,0.02349287,0.01401304,-1.53588974,1.79768908,-0.14358111,0.01769518,-0.00732601,-0.13125186,
16838,1.08488667,-0.77834624,13.33156586,6.00000000,-0.05317383,0.03061523,-0.11388891,-0.34768939,0.03421165,0.07000000,0.01725275,-0.05915320,-0.07573922,0.05693313,0.01401304,-1.61268425,1.81339717,-0.34768575,0.01624199,-0.00732601,-0.14940268,
16846,0.03143798,0.41396621,11.31085968,6.00000000,-0.10312500,0.10795899,-0.07844941,-0.42762810,-0.00828911,0.07000000,0.01725275,-0.03137684,-0.09037767,0.07791647,0.01401304,-1.93382490,2.04028988,-0.42762452,0.01342725,-0.00732601,-0.17506450,
16854,-1.52958155,0.41636041,8.78737068,6.00000000,-0.13696289,0.12568359,0.10381094,-0.18607989,0.01249496,0.07000000,0.01725275,-0.03291976,-0.06193460,0.04959752,0.01401304,-2.19911480,2.31081581,-0.18608360,0.01044313,-0.00732601,-0.17697607,
16862,-1.69478142,-0.02417270,7.14734316,6.00000000,-0.08217774,0.09829102,-0.00517223,0.07318813,-0.05691852,0.07000000,0.01725275,0.00257204,-0.02489687,0.02149235,0.01401304,-2.59181404,2.58308721,0.07318370,0.00960958,-0.00732601,-0.18228431,
16870,-1.23270047,0.43311983,5.96221304,6.00000000,-0.05800781,0.03867187,0.08022900,0.34124938,-0.05065665,0.07000000,0.01725275,-0.01337377,0.01327720,-0.01984574,0.01401304,-2.57959676,2.62497520,0.34125003,0.01079478,-0.00732601,-0.16392510,
16878,-0.95976150,-0.54371446,7.55435705,6.00000000,0.00644531,-0.01450195,0.05131783,0.45596150,-0.03346982,0.07000000,0.01150183,-0.07612741,0.02929395,-0.04903041,0.01401304,-2.23925757,2.49756622,0.45596611,0.01383437,-0.00732601,-0.13865241,
16885,0.87898540,0.24158369,9.69237900,5.00000000,0.03222656,-0.07250977,-0.03701449,0.37415752,-0.05878375,0.07000000,0.01150183,0.04423599,0.03830470,-0.02975773,0.01401304,-2.15897226,2.00887394,0.37415859,0.01684851,-0.00732601,-0.12395789,
16894,1.90849209,-0.30190009,12.01714897,6.00000000,0.04189453,-0.06284180,0.10207893,0.04081293,0.00876449,0.07000000,0.01150183,-0.02726142,-0.01149607,0.00246165,0.01401304,-1.62315619,1.71565866,0.04080921,0.01884259,-0.00732601,-0.11807335,
16902,1.52302563,-0.88608533,13.74576283,6.00000000,-0.00644531,-0.00161133,-0.10176488,-0.26135555,0.00769864,0.07000000,0.01150183,-0.06275360,-0.05752111,0.03944710,0.01401304,-1.38753676,1.60046685,-0.26135471,0.01883558,-0.00732601,-0.12726335,
16910,0.62759417,0.51931107,13.72182083,6.00000000,-0.06606445,0.06445312,-0.07831619,-0.45667255,-0.00828911,0.07000000,0.01150183,-0.02108945,-0.08454509,0.07585138,0.01401304,-1.54112577,1.61268425,-0.45666596,0.01646995,-0.00732601,-0.14743389,
16918,-0.27501985,0.56480092,11.44254112,6.00000000,-0.12890625,0.12246094,0.07569914,-0.45294207,-0.00695680,0.07000000,0.01725275,-0.04732243,-0.09592304,0.07963543,0.01401304,-1.85179436,2.01236463,-0.45293796,0.01286585,-0.00732601,-0.17291385,
16926,-1.75942492,-1.37929082,8.13614845,5.00000000,-0.13374023,0.13696289,-0.02742184,-0.13558525,-0.02893995,0.07000000,0.01725275,-0.05966723,-0.05856573,0.04001778,0.01401304,-2.18166161,2.38411975,-0.13559106,0.01001657,-0.00732601,-0.17533985,
16934,-1.78815532,0.23679528,6.40514040,6.00000000,-0.09023438,0.07895508,-0.01769596,0.15166131,-0.05358773,0.07000000,0.01725275,-0.05092317,-0.01879543,0.00293585,0.01401304,-2.44171548,2.61450338,0.15165742,0.00991783,-0.00732601,-0.17229272,
16942,-1.37635267,-0.76876944,5.73955250,6.00000000,-0.04028320,0.01611328,0.10207893,0.37895381,-0.05625236,0.07000000,0.01725275,-0.03549182,0.01845860,-0.03015296,0.01401304,-2.44171548,2.56214333,0.37895620,0.01183310,-0.00732601,-0.15391552,
16950,-0.21755899,-0.62751150,7.86081505,6.00000000,0.02255859,-0.03383789,0.02826881,0.46395534,-0.08090015,0.07000000,0.01725275,0.05040842,0.04746618,-0.03864936,0.01401304,-2.31779718,2.14675498,0.46395952,0.01487297,-0.00732601,-0.12820290,
16958,1.18783736,-0.64666516,10.48007202,6.00000000,0.05317383,-0.07573242,0.07383390,0.25771338,-0.03853260,0.07000000,0.01725275,-0.01800289,0.01650646,-0.02425462,0.01401304,-1.87099290,1.93207943,0.25771129,0.01776516,-0.00732601,-0.11917724,
16965,1.54936182,-1.11114025,12.77611160,5.00000000,0.02094727,-0.04189453,-0.05060408,-0.00128815,0.01928976,0.07000000,0.01725275,-0.05915326,-0.02054174,0.00253427,0.01401304,-1.48876595,1.68947875,-0.00129041,0.01936449,-0.00732601,-0.11530493,
16974,1.88455009,0.19369966,13.36269093,6.00000000,-0.01611328,0.00483398,-0.11508801,-0.34462509,0.00689925,0.07000000,0.01150183,-0.03240544,-0.06646132,0.05536016,0.01401304,-1.38230073,1.49225652,-0.34462371,0.01784903,-0.00732601,-0.12918791,
16982,0.64435363,0.02371133,12.88385010,6.00000000,-0.08701172,0.07895508,0.01214783,-0.49730808,0.03501104,0.07000000,0.01150183,0.01594562,-0.08938359,0.08932340,0.01401304,-1.72787595,1.67377079,-0.49730176,0.01478421,-0.00732601,-0.15936404,
16990,-1.07228899,-0.21092044,10.63808918,6.00000000,-0.13212891,0.14663085,0.02587065,-0.40084863,0.01396051,0.07000000,0.01150183,-0.04372154,-0.09001391,0.07602873,0.01401304,-1.94953275,2.09788561,-0.40084523,0.01134550,-0.00732601,-0.17578028,
16998,-1.87913501,-0.05290312,7.90869904,6.00000000,-0.12084961,0.14018555,-0.09190575,-0.03779351,-0.02427686,0.07000000,0.01150183,-0.04835144,-0.04479419,0.03047309,0.01401304,-2.28463578,2.44869709,-0.03779921,0.00869921,-0.00732601,-0.17432380,
17006,-1.81927991,0.89520073,6.11544180,6.00000000,-0.07895508,0.05639648,0.11473589,0.20188951,-0.06917579,0.07000000,0.01150183,-0.05195191,-0.01363610,-0.00101282,0.01401304,-2.57610607,2.75238419,0.20188883,0.00892229,-0.00732601,-0.17852096,
17014,-1.34283376,-0.56765652,5.83532047,6.00000000,-0.02416992,0.02578125,0.07583237,0.46728614,-0.07970105,0.07000000,0.01150183,0.03394880,0.03845915,-0.03222322,0.01401304,-2.56214333,2.44695163,0.46728945,0.01032739,-0.00732601,-0.14770116,
17022,0.08171621,-0.08642194,8.35402107,6.00000000,0.03383789,-0.05800781,0.05611415,0.45116517,-0.09448974,0.07000000,0.01725275,0.02880528,0.04171005,-0.03803353,0.01401304,-2.31256127,2.21482277,0.45117027,0.01399136,-0.00732601,-0.13140777,
17029,0.94362885,-0.94354618,11.49281883,5.00000000,0.04833984,-0.05961914,0.09235305,0.28209472,0.00423463,0.07000000,0.01725275,-0.05760977,0.01489793,-0.03195404,0.01401304,-1.76627314,1.96175015,0.28209150,0.01695464,-0.00732601,-0.11468923,
17038,2.19579625,-0.17979582,12.35712624,6.00000000,0.03544922,-0.05156250,-0.12574649,-0.09361740,-0.03373628,0.07000000,0.01725275,0.00154293,-0.02762060,0.02373382,0.01401304,-1.59174025,1.58650434,-0.09361985,0.01860145,-0.00732601,-0.12199879,
17046,0.99390703,0.40678361,13.75773430,6.00000000,-0.03383789,0.02094727,-0.02795476,-0.33769700,0.04753478,0.07000000,0.01725275,-0.03806353,-0.06806019,0.05427198,0.01401304,-1.42244339,1.55159771,-0.33769456,0.01723969,-0.00732601,-0.13229185,
17054,0.27804077,0.03568234,12.23502159,6.00000000,-0.09990235,0.08701172,-0.02155966,-0.43788692,0.04633570,0.07000000,0.01725275,-0.09721678,-0.09552421,0.06750970,0.01401304,-1.55508828,1.88495564,-0.43788201,0.01434438,-0.00732601,-0.15644804,
17062,-0.85681087,-0.33302471,9.21832752,6.00000000,-0.13051757,0.12729493,-0.13200837,-0.32530653,0.00343524,0.07000000,0.01725275,0.02160361,-0.07186967,0.07211597,0.01401304,-2.03505397,1.96175015,-0.32530779,0.01120669,-0.00732601,-0.16846898,
17070,-1.86476982,0.84492254,7.49210787,6.00000000,-0.10312500,0.11923828,0.12219685,-0.05524680,0.01302789,0.07000000,0.01725275,-0.01800318,-0.04461785,0.03606537,0.01401304,-2.34397721,2.40506387,-0.05525321,0.00860422,-0.00732601,-0.17615841,
17078,-2.35318685,-1.12550545,6.80497217,6.00000000,-0.07250977,0.08701172,0.05638061,0.29435199,-0.03893230,0.07000000,0.01150183,0.02520435,0.01165241,-0.00786824,0.01401304,-2.53945398,2.45393300,0.29434955,0.00964348,-0.00732601,-0.15966995,
17086,-0.42106614,0.15539242,6.06995201,6.00000000,0.00966797,-0.00805664,0.04438980,0.42811620,-0.06531209,0.07000000,0.01150183,0.04269304,0.03693991,-0.02870142,0.01401304,-2.48185825,2.33699584,0.42812240,0.01214819,-0.00732601,-0.14364454,
17094,0.06016840,-0.85256648,9.37634468,6.00000000,0.03222656,-0.04028320,0.07863022,0.37788799,-0.01348513,0.07000000,0.01725275,-0.06481141,0.02341098,-0.04198018,0.01401304,-2.00189257,2.22180414,0.37789124,0.01546153,-0.00732601,-0.12571196,
17101,1.89652109,-0.72327960,10.67639637,5.00000000,0.04028320,-0.05639648,-0.08138049,0.20881751,-0.01535037,0.07000000,0.01725275,0.00720116,0.01329130,-0.01520120,0.01401304,-1.76627314,1.74183869,0.20881672,0.01703826,-0.00732601,-0.11202970,
17110,1.27402866,0.18412285,13.42494011,6.00000000,0.01933594,-0.03061523,-0.04833915,-0.18647957,0.03647659,0.07000000,0.01725275,0.01028745,-0.03952440,0.03749468,0.01401304,-1.51145506,1.47654855,-0.18648277,0.01809623,-0.00732601,-0.12183510,
17118,1.30036485,-0.16064219,13.92293358,6.00000000,-0.04995117,0.04672851,-0.00797009,-0.37060511,0.06365576,0.07000000,0.01150183,-0.07046878,-0.07739473,0.05722773,0.01401304,-1.38928211,1.62839222,-0.37059897,0.01620260,-0.00732601,-0.13625920,
17126,0.23733932,-0.67778975,12.09376335,6.00000000,-0.10312500,0.10473633,-0.16744787,-0.45613962,0.04034029,0.07000000,0.01150183,0.01903190,-0.08688684,0.08762210,0.01401304,-1.90066361,1.83608627,-0.45613351,0.01308038,-0.00732601,-0.16852690,
17134,-1.74505973,0.61986756,9.62534142,6.00000000,-0.11601563,0.14501953,0.01041583,-0.27214727,0.02461901,0.07000000,0.01150183,-0.02057483,-0.07161386,0.06335819,0.01401304,-2.12406564,2.19387889,-0.27214831,0.01004791,-0.00732601,-0.17625627,
17142,-2.46332026,-0.69694340,8.07389927,6.00000000,-0.11279297,0.11601563,0.05957816,0.09024172,-0.01295220,0.07000000,0.01150183,0.02160380,-0.01818937,0.02067519,0.01401304,-2.50280213,2.42949820,0.09023702,0.00951480,-0.00732601,-0.17225367,
17150,-0.95497310,-0.51977247,5.66293812,6.00000000,-0.03061523,0.04833984,0.04905289,0.31820038,-0.06930903,0.07000000,0.01150183,0.04577943,0.01796178,-0.00925447,0.01401304,-2.64940977,2.49407530,0.31820190,0.01079941,-0.00732601,-0.16338168,
17158,-1.20157588,-0.91481572,7.04918051,6.00000000,0.00322266,-0.00805664,0.07796407,0.41306102,-0.03213750,0.07000000,0.01150183,-0.00257183,0.03131906,-0.03378127,0.01401304,-2.40506387,2.41379046,0.41306522,0.01386685,-0.00732601,-0.14473625,
17166,0.09847563,-0.66103035,9.89588642,6.00000000,0.03867187,-0.03706055,-0.00010943,0.39867207,-0.02374394,0.07000000,0.01150183,-0.05503820,0.03235403,-0.04718909,0.01401304,-1.82037842,2.00712872,0.39867267,0.01706970,-0.00732601,-0.10984339,
17174,2.24368024,-1.02973747,11.67956638,6.00000000,0.05156250,-0.07895508,-0.07645092,-0.00208753,0.00530048,0.07000000,0.01150183,0.05400936,-0.00901801,0.01907421,0.01401304,-1.79768908,1.61442959,-0.00208995,0.01841739,-0.00732601,-0.12384088,
17181,1.46077645,0.16975763,13.33874893,5.00000000,-0.00966797,0.01127930,0.00108964,-0.21898800,0.05033264,0.07000000,0.01150183,-0.01800299,-0.04717118,0.03973854,0.01401304,-1.40149939,1.46258593,-0.21898808,0.01721219,-0.00732601,-0.11969971,
17190,0.55816233,-1.00100696,13.73618603,6.00000000,-0.06606445,0.07250977,-0.12095017,-0.40151477,0.06232344,0.07000000,0.01150183,-0.02777608,-0.07886884,0.06870411,0.01401304,-1.56381500,1.65806282,-0.40150893,0.01544227,-0.00732601,-0.14590244,
17198,0.25409874,0.35411116,10.00362587,6.00000000,-0.09506836,0.11762695,-0.06872352,-0.41803545,0.02741686,0.07000000,0.01150183,0.02211810,-0.08300436,0.08453685,0.01401304,-1.96873140,1.89368224,-0.41803586,0.01192883,-0.00732601,-0.17032009,
17206,-2.25981307,0.13384461,9.25902843,6.00000000,-0.12729493,0.13857421,0.01667770,-0.21925446,-0.02201193,0.07000000,0.01150183,0.04783691,-0.05665150,0.06466500,0.01401304,-2.31430674,2.15199113,-0.21925642,0.01010340,-0.00732601,-0.17779937,
17214,-1.57267714,-0.81425929,6.68765640,6.00000000,-0.08378907,0.12407227,0.11340358,0.16378537,-0.02760764,0.07000000,0.01150183,0.00668686,-0.01069043,0.00980794,0.01401304,-2.55341673,2.53072739,0.16377832,0.00903784,-0.00732601,-0.17242621,
17222,-1.55831194,-0.41442758,6.26148844,6.00000000,-0.02578125,0.02578125,0.00535304,0.35843623,-0.06624470,0.07000000,0.01150183,0.08435709,0.02859556,-0.01068500,0.01401304,-2.74540305,2.45916891,0.35844037,0.01132811,-0.00732601,-0.16267881,
17230,-0.61978489,-0.35936093,7.50886726,6.00000000,0.01611328,-0.00483398,0.07383390,0.45169809,-0.03640091,0.07000000,0.01150183,-0.06686865,0.03142060,-0.04897298,0.01401304,-2.15548158,2.38237453,0.45170373,0.01427940,-0.00732601,-0.13174880,
17238,0.45042327,-0.27077547,10.30050659,6.00000000,0.05317383,-0.06767578,-0.01769596,0.36043471,0.01475990,0.07000000,0.01150183,0.00977311,0.03507082,-0.03467946,0.01401304,-1.92858887,1.89542758,0.36043382,0.01759753,-0.00732601,-0.11248916,
17246,1.84145451,0.01413453,12.42655754,6.00000000,0.04189453,-0.07089844,-0.06232844,-0.05071694,0.01515959,0.07000000,0.01150183,0.06018185,-0.01343933,0.02485904,0.01401304,-1.73311198,1.52890837,-0.05072057,0.01934801,-0.00732601,-0.12192543,
17254,1.26445186,-0.08402774,13.88462639,6.00000000,-0.01611328,0.02739258,-0.02622277,-0.24789917,0.09922851,0.07000000,0.01150183,-0.04320738,-0.05262011,0.03918482,0.01401304,-1.29852498,1.44513273,-0.24789834,0.01813406,-0.00732601,-0.11743019,
17262,0.62280577,-0.40245658,13.61647606,6.00000000,-0.06284180,0.08217774,-0.15026104,-0.48771542,0.06298961,0.07000000,0.01150183,0.00874416,-0.08505774,0.08333707,0.01401304,-1.51145506,1.48178458,-0.48770815,0.01605245,-0.00732601,-0.14386380,
17270,-0.11939673,0.33495754,10.28614140,6.00000000,-0.10957031,0.13374023,0.00322135,-0.49957293,0.05246434,0.07000000,0.01150183,0.08590026,-0.08701560,0.10343298,0.01401304,-2.07345128,1.78198111,-0.49957281,0.01214977,-0.00732601,-0.17597848,
17278,-3.10017776,-0.37851456,9.60858250,6.00000000,-0.13535157,0.17080078,0.05864554,-0.12146273,0.02701717,0.07000000,0.01150183,-0.03034813,-0.05206953,0.04183617,0.01401304,-2.22529483,2.32826900,-0.12146670,0.01022362,-0.00732601,-0.17387305,
17286,-1.78815532,-0.63469416,6.51048517,6.00000000,-0.06606445,0.08701172,-0.03395017,0.20362151,-0.02334424,0.07000000,0.01150183,0.00360065,-0.00343155,0.00193042,0.01401304,-2.57610607,2.56388855,0.20361748,0.01098201,-0.00732601,-0.17156255,
17294,-1.22791207,0.14342141,6.11783600,6.00000000,-0.03061523,0.00805664,0.07769761,0.36309931,-0.04492770,0.07000000,0.01150183,-0.00257193,0.02163037,-0.02421246,0.01401304,-2.55341673,2.56214333,0.36310261,0.01322643,-0.00732601,-0.15911406,
17302,-0.67006314,-0.83580709,8.38514519,6.00000000,0.02416992,-0.01127930,0.04052609,0.47021723,-0.01654945,0.07000000,0.01150183,-0.00565808,0.04464292,-0.04767630,0.01401304,-2.15897226,2.17817092,0.47021917,0.01619678,-0.00732601,-0.12313041,
17310,1.68583131,-0.70891440,9.76899338,6.00000000,0.05961914,-0.07895508,-0.01569750,0.27769807,0.00636633,0.07000000,0.01150183,0.05400936,0.02980966,-0.01913212,0.01401304,-2.05599785,1.87273836,0.27769876,0.01950892,-0.00732601,-0.12228352,
17317,1.26445186,-0.50061882,12.85751438,5.00000000,0.03222656,-0.04028320,-0.03488279,-0.02180576,0.07791150,0.07000000,0.01150183,-0.01337355,-0.01508594,0.00922638,0.01401304,-1.56381500,1.60919356,-0.02180916,0.02144234,-0.00732601,-0.11660275,
17326,1.74329221,-0.08881615,13.77209949,6.00000000,-0.00805664,0.01611328,-0.16838047,-0.30412275,0.07831120,0.07000000,0.01150183,0.00565823,-0.05361074,0.05161607,0.01401304,-1.47654855,1.45734990,-0.30412075,0.02037922,-0.00732601,-0.12840255,
17334,0.61322898,0.82576889,13.10172272,6.00000000,-0.06445312,0.08378907,-0.00490577,-0.48012125,0.09150109,0.07000000,0.01150183,0.05452370,-0.07838657,0.08750802,0.01401304,-1.71914935,1.53414440,-0.48011482,0.01755128,-0.00732601,-0.15274020,
17342,-1.07228899,-0.51498407,10.81765461,6.00000000,-0.11601563,0.13535157,0.00162257,-0.43375677,0.04020706,0.07000000,0.01150183,0.09618814,-0.07552822,0.09454192,0.01401304,-2.23227620,1.90589952,-0.43375272,0.01426858,-0.00732601,-0.18145606,
17350,-2.49444485,-0.17261320,8.53358555,6.00000000,-0.10957031,0.17080078,-0.04447544,-0.05777819,0.01182881,0.07000000,0.01150183,-0.05400921,-0.04564214,0.02996811,0.01401304,-2.25147462,2.43473434,-0.05778167,0.01089691,-0.00732601,-0.17406432,
17358,-2.08743048,0.18891124,6.66610861,6.00000000,-0.07250977,0.06284180,0.02627035,0.19802579,-0.03493536,0.07000000,0.01150183,0.00925869,-0.00413770,0.00396072,0.01401304,-2.64591932,2.61450338,0.19802295,0.01110474,-0.00732601,-0.17633370,
17366,-1.08665419,-0.12233497,6.01967382,6.00000000,-0.01289062,0.02255859,0.09168689,0.41745767,-0.08622939,0.07000000,0.01150183,0.02417536,0.03365707,-0.02979953,0.01401304,-2.54469013,2.46265960,0.41746157,0.01353794,-0.00732601,-0.15125050,
17374,-0.63415009,-0.59878111,8.41387558,6.00000000,0.03222656,-0.04028320,0.05877877,0.44077310,-0.07463827,0.07000000,0.01150183,0.02829048,0.04495156,-0.04002202,0.01401304,-2.26369190,2.16769886,0.44077745,0.01720039,-0.00732601,-0.12868167,
17382,1.14953017,-1.24521554,11.04510307,6.00000000,0.05156250,-0.07573242,0.00855059,0.22840253,-0.00868880,0.07000000,0.01150183,-0.03909275,0.01335103,-0.02475855,0.01401304,-1.79245305,1.92509818,0.22840218,0.01993360,-0.00732601,-0.11820203,
17390,1.73371542,-0.61793470,12.98440647,6.00000000,0.02578125,-0.03544922,-0.15505737,-0.12585935,0.01302789,0.07000000,0.01150183,0.00771565,-0.02842154,0.02730402,0.01401304,-1.58126831,1.55508828,-0.12586233,0.02060098,-0.00732601,-0.12281797,
17397,1.22135627,0.58395451,14.04264355,5.00000000,-0.02900391,0.04028320,-0.03821357,-0.35781497,0.04353784,0.07000000,0.01150183,-0.01594551,-0.06493879,0.05771055,0.01401304,-1.40149939,1.45560467,-0.35780996,0.01909716,-0.00732601,-0.12951119,
17406,0.23015672,-0.25880447,12.82399559,6.00000000,-0.09023438,0.09345703,-0.02182614,-0.50596809,0.06525454,0.07000000,0.01725275,0.05503812,-0.08634365,0.09414985,0.01401304,-1.87448359,1.68773329,-0.50596094,0.01594180,-0.00732601,-0.16581246,
17414,-1.08904839,-0.32823631,9.55112171,6.00000000,-0.12246094,0.15791015,-0.10363012,-0.35275218,0.03900798,0.07000000,0.01725275,-0.02211794,-0.08096249,0.07083573,0.01401304,-2.05774331,2.13279223,-0.35275424,0.01226906,-0.00732601,-0.17748149,
17422,-2.13292027,0.31101555,7.52083826,6.00000000,-0.11118164,0.13374023,-0.03021970,-0.03139841,0.03754244,0.07000000,0.01725275,-0.00154303,-0.03795899,0.03336886,0.01401304,-2.46440482,2.46964097,-0.03140318,0.01069301,-0.00732601,-0.18113591,
17430,-1.50324535,0.26552570,6.06516361,6.00000000,-0.06284180,0.06123047,0.09421828,0.27276853,-0.02774087,0.07000000,0.01725275,0.04835109,0.00918663,-0.00133643,0.01401304,-2.77158284,2.60752177,0.27276585,0.01040811,-0.00732601,-0.17521697,
17438,-0.95976150,-0.40485078,6.40992880,6.00000000,0.00644531,0.01611328,0.06703911,0.43211311,-0.04692617,0.07000000,0.01725275,0.10596204,0.04401025,-0.02217017,0.01401304,-2.72445917,2.36492109,0.43211728,0.01328345,-0.00732601,-0.15316148,
17446,0.41451025,-0.60596371,9.10819435,6.00000000,0.03706055,-0.03867187,0.05571446,0.40653268,-0.00642387,0.07000000,0.01725275,-0.02160394,0.03337852,-0.04167019,0.01401304,-2.11882973,2.19213343,0.40653241,0.01654878,-0.00732601,-0.12679875,
17454,1.88933849,-0.99382436,10.91821098,6.00000000,0.05639648,-0.05317383,-0.06326104,0.19136423,0.06445514,0.07000000,0.01725275,0.00668661,0.01148644,-0.01353180,0.01401304,-1.91288078,1.89019167,0.19136202,0.01928546,-0.00732601,-0.12398759,
17462,1.60921693,0.95266157,13.18073082,6.00000000,0.01450195,-0.01933594,-0.12694559,-0.17555460,0.05113202,0.07000000,0.01725275,0.07921338,-0.02867591,0.04297101,0.01401304,-1.75405586,1.48527515,-0.17555688,0.02040997,-0.00732601,-0.13015357,
17469,1.39134455,-0.03614371,13.86786747,5.00000000,-0.04672851,0.05156250,0.01840971,-0.36754081,0.13653325,0.07000000,0.01725275,-0.02623207,-0.07026746,0.05921946,0.01401304,-1.48003924,1.56905103,-0.36753646,0.01828313,-0.00732601,-0.13717587,
17478,0.57252759,-0.68497235,11.86870861,6.00000000,-0.08540039,0.10473633,-0.18450147,-0.51316261,0.09922851,0.07000000,0.01725275,0.04114995,-0.09189546,0.09639081,0.01401304,-1.99316597,1.85353959,-0.51315629,0.01485184,-0.00732601,-0.17664689,
17486,-1.11538458,1.12025571,9.35240269,6.00000000,-0.13374023,0.17080078,-0.05593332,-0.32504004,0.04047352,0.07000000,0.01725275,0.02983372,-0.07392325,0.07610565,0.01401304,-2.28463578,2.18340683,-0.32504353,0.01091243,-0.00732601,-0.18553218,
17494,-1.97490311,-0.55568546,7.29338932,6.00000000,-0.11118164,0.13212891,0.16363177,0.06173023,-0.00469187,0.07000000,0.01725275,0.03240561,-0.02222490,0.02584521,0.01401304,-2.61101270,2.50105691,0.06172311,0.01000915,-0.00732601,-0.18083760,
17502,-1.28776717,-0.78792304,5.90954065,6.00000000,-0.04028320,0.06928711,0.05265014,0.30727544,-0.09169187,0.07000000,0.01725275,0.12550703,0.02386420,0.00229188,0.01401304,-2.95484257,2.52898192,0.30727434,0.01144852,-0.00732601,-0.17651129,
17510,-0.58626604,-0.87890273,6.38119841,6.00000000,0.00966797,0.00322266,0.11273742,0.44437036,-0.04785879,0.07000000,0.01725275,0.02777639,0.03799875,-0.03458108,0.01401304,-2.56388855,2.46964097,0.44437519,0.01429325,-0.00732601,-0.15024823,
17518,0.50070149,-0.66342455,9.70913887,6.00000000,0.05478515,-0.03383789,-0.03781388,0.38361689,-0.00762295,0.07000000,0.01725275,-0.09515938,0.02255043,-0.04824757,0.01401304,-1.99840200,2.32128787,0.38361612,0.01766357,-0.00732601,-0.12877643,
17526,2.38493824,-0.42639858,10.44655323,6.00000000,0.02578125,-0.07573242,-0.14040193,0.08957557,0.01209527,0.07000000,0.01725275,0.05092287,0.00325057,0.00493674,0.01401304,-1.95127821,1.77849054,0.08957672,0.02008038,-0.00732601,-0.12870997,
17534,1.37697935,-0.16543061,13.47761250,6.00000000,0.00322266,-0.01289062,-0.00956886,-0.21565720,0.08963586,0.07000000,0.01725275,0.00771574,-0.04297194,0.04028813,0.01401304,-1.55683362,1.53065372,-0.21565811,0.01959495,-0.00732601,-0.12755665,
17541,1.23093307,-0.49343625,13.50634289,5.00000000,-0.04189453,0.06606445,-0.05806503,-0.41696960,0.06112437,0.07000000,0.01725275,0.03703516,-0.07261695,0.07638428,0.01401304,-1.70867741,1.58301353,-0.41696399,0.01716733,-0.00732601,-0.14955369,
17550,0.19903210,0.34692857,10.79850101,6.00000000,-0.10634766,0.14179687,-0.08044789,-0.45147654,0.04140614,0.07000000,0.01725275,0.12190676,-0.07616717,0.09984997,0.01401304,-2.25322008,1.83957708,-0.45147496,0.01364921,-0.00732601,-0.18109585,
17558,-2.07306528,0.05004755,8.94299412,6.00000000,-0.11279297,0.16113281,0.08582471,-0.18408141,0.02475224,0.07000000,0.01725275,-0.04012102,-0.06143057,0.04740948,0.01401304,-2.19213343,2.32826900,-0.18408123,0.01145350,-0.00732601,-0.17721055,
17566,-1.82167411,-0.38330296,7.08748770,6.00000000,-0.08701172,0.10634766,-0.08351219,0.08957557,-0.02600887,0.07000000,0.01725275,0.06481102,-0.01461176,0.02595082,0.01401304,-2.74714804,2.52723670,0.08957161,0.01062330,-0.00732601,-0.18470268,
17574,-0.96933836,0.39960101,5.41154671,5.00000000,-0.03706055,0.04672851,0.09408505,0.34937650,-0.05478682,0.07000000,0.01725275,0.02211805,0.01969024,-0.01784831,0.01401304,-2.64766431,2.57261515,0.34937668,0.01180975,-0.00732601,-0.16390532,
17582,-0.98130935,-1.06325626,7.71716309,6.00000000,0.01772461,-0.00322266,0.03972670,0.41399366,-0.01868115,0.07000000,0.01725275,-0.00925869,0.03051933,-0.03590738,0.01401304,-2.42426229,2.45567822,0.41399765,0.01466560,-0.00732601,-0.14688295,
17590,0.70899707,-0.32823631,9.90067482,6.00000000,0.02416992,-0.05317383,-0.03514925,0.37069348,-0.02694149,0.07000000,0.01725275,0.00925869,0.03480134,-0.03586792,0.01401304,-2.02109122,1.98967540,0.37069204,0.01765726,-0.00732601,-0.11851516,
17598,2.06411529,-0.14388278,12.27572346,6.00000000,0.04833984,-0.06928711,0.02667005,-0.02793440,0.04220553,0.07000000,0.01725275,-0.01183053,-0.01997741,0.01309385,0.01401304,-1.76103723,1.80117977,-0.02793866,0.02032527,-0.00732601,-0.13115595,
17606,1.32670105,-0.40724498,14.02827835,6.00000000,-0.01611328,0.01611328,-0.09803440,-0.24989763,0.02155469,0.07000000,0.01725275,0.04166431,-0.04398466,0.04924374,0.01401304,-1.63537347,1.49400187,-0.24989522,0.01976400,-0.00732601,-0.13155727,
17613,0.81673616,0.49058068,13.25255775,5.00000000,-0.06767578,0.08056641,-0.03648155,-0.44521463,0.06778593,0.07000000,0.01725275,-0.00360058,-0.08290999,0.07701646,0.01401304,-1.74532926,1.75754654,-0.44520938,0.01701972,-0.00732601,-0.15925688,
17622,-0.77301377,-0.39048555,11.15284252,6.00000000,-0.10957031,0.12084961,-0.04767299,-0.41923454,0.04220553,0.07000000,0.01725275,-0.01491659,-0.08718242,0.07863060,0.01401304,-1.99840200,2.04901648,-0.41923076,0.01383794,-0.00732601,-0.17711321,
17630,-2.10897827,0.64141536,8.83764935,6.00000000,-0.12246094,0.14501953,-0.08431158,-0.11706609,0.00823156,0.07000000,0.01725275,-0.01903190,-0.05164067,0.04273852,0.01401304,-2.40157318,2.46615028,-0.11706993,0.01108341,-0.00732601,-0.18494254,
17638,-1.65168583,0.08596057,6.44823599,6.00000000,-0.08378907,0.07895508,0.09062104,0.17577618,-0.01614976,0.07000000,0.01725275,-0.00308623,-0.00975013,0.00524919,0.01401304,-2.62846589,2.63893771,0.17577210,0.01092194,-0.00732601,-0.17819989,
17646,-1.21833527,-0.59878111,6.29500723,6.00000000,-0.01611328,0.02416992,0.06890435,0.37628919,-0.04665971,0.07000000,0.01725275,0.08435720,0.03214996,-0.01553530,0.01401304,-2.79427218,2.50803804,0.37629110,0.01331303,-0.00732601,-0.16492766,
17654,-0.13136774,-0.60117531,7.71716309,6.00000000,0.02094727,-0.01772461,0.04172517,0.44450361,-0.04759233,0.07000000,0.01725275,0.01234496,0.04095133,-0.04114885,0.01401304,-2.32303333,2.28114533,0.44450837,0.01632555,-0.00732601,-0.13467458,
17662,1.22853887,-0.95551717,10.62851238,6.00000000,0.06284180,-0.07412110,0.03213252,0.26970419,0.01755775,0.07000000,0.01725275,-0.07561272,0.01180065,-0.03311228,0.01401304,-1.86401165,2.12057495,0.26970276,0.01903658,-0.00732601,-0.12488784,
17670,1.47753584,-0.83580709,12.98680115,6.00000000,0.01611328,-0.04350586,-0.16731465,-0.05138309,-0.01228605,0.07000000,0.01725275,0.06378259,-0.01326339,0.02418416,0.01401304,-1.78198111,1.56556034,-0.05138642,0.02026694,-0.00732601,-0.12507385,
17678,2.02580810,0.49776328,13.05144405,6.00000000,-0.02416992,0.02739258,0.05664708,-0.33529887,0.04673539,0.07000000,0.01725275,-0.06995456,-0.07006997,0.04877165,0.01401304,-1.36659288,1.60395765,-0.33529645,0.01848837,-0.00732601,-0.13199139,
17685,1.03939688,-1.28831124,13.16636562,5.00000000,-0.08378907,0.07250977,-0.08564391,-0.52208906,0.03247965,0.07000000,0.01725275,-0.01131608,-0.09658751,0.08868295,0.01401304,-1.69995070,1.73834789,-0.52208239,0.01523969,-0.00732601,-0.16248919,
17694,-0.56232405,0.61268497,9.93898201,6.00000000,-0.13535157,0.15629883,-0.08257958,-0.40244743,-0.03080519,0.07000000,0.01725275,-0.04680818,-0.09236395,0.07628697,0.01401304,-2.03854465,2.19736958,-0.40244827,0.01136504,-0.00732601,-0.18272938,
17702,-1.60140753,-0.39287975,7.31014872,6.00000000,-0.13857421,0.13212891,0.10087985,-0.00421923,-0.01575006,0.07000000,0.01725275,-0.02623312,-0.03874325,0.02836383,0.01401304,-2.42949820,2.51851010,-0.00422740,0.00913955,-0.00732601,-0.17967182,
17710,-1.71393502,-0.80468243,6.17529726,6.00000000,-0.05156250,0.06284180,0.05797939,0.25744694,-0.09928605,0.07000000,0.01725275,0.08332828,0.00978610,0.00628412,0.01401304,-2.91120934,2.62846589,0.25744444,0.01006914,-0.00732601,-0.18214847,
17718,-0.89751226,-0.09360455,6.23754644,6.00000000,-0.01450195,0.02416992,0.06903758,0.45849288,-0.08383123,0.07000000,0.01725275,0.00823013,0.03579693,-0.03698225,0.01401304,-2.55341673,2.52549148,0.45849729,0.01278632,-0.00732601,-0.15086940,
17726,0.03862058,-0.75679845,8.75145817,6.00000000,0.05639648,-0.05639648,0.00175580,0.44650206,-0.03133812,0.07000000,0.01725275,-0.07818571,0.03082981,-0.05239919,0.01401304,-2.14675498,2.41204500,0.44650459,0.01634695,-0.00732601,-0.13288499,
17734,1.44162273,-0.10557556,11.11453533,6.00000000,0.03383789,-0.07089844,-0.11841879,0.17018047,-0.02441009,0.07000000,0.01725275,0.05143797,0.01400247,-0.00552603,0.01401304,-1.96873140,1.79419851,0.17017910,0.01934751,-0.00732601,-0.12406825,
17742,2.30114126,-0.01938430,12.47204781,6.00000000,0.01450195,-0.02255859,0.02467158,-0.15130654,0.05139849,0.07000000,0.01725275,-0.03806352,-0.03953650,0.02618124,0.01401304,-1.50447381,1.63362813,-0.15130670,0.01941411,-0.00732601,-0.12472604,
17750,1.32909524,-0.35936093,14.22460365,6.00000000,-0.04189453,0.03222656,-0.08404512,-0.40497881,0.03954091,0.07000000,0.01725275,-0.02417588,-0.07750031,0.06683680,0.01401304,-1.51145506,1.59348571,-0.40497410,0.01674117,-0.00732601,-0.14191474,
17757,0.12002344,0.18172865,12.57499790,5.00000000,-0.10151367,0.11601563,-0.07325339,-0.48078734,0.02275377,0.07000000,0.01725275,0.00360074,-0.09258080,0.08826491,0.01401304,-1.87797427,1.86575699,-0.48078027,0.01346413,-0.00732601,-0.17056683,
17766,-1.59183073,0.74197185,9.90546322,6.00000000,-0.14018555,0.14824219,0.06783850,-0.27068168,-0.01055404,0.07000000,0.01725275,0.00051431,-0.06941958,0.06479120,0.01401304,-2.16420817,2.16246295,-0.27068269,0.01024509,-0.00732601,-0.17646633,
17774,-1.42423666,-0.27795810,7.21438074,6.00000000,-0.09506836,0.11923828,0.01934232,-0.02167253,-0.03613444,0.07000000,0.01725275,-0.03549169,-0.04392562,0.03131731,0.01401304,-2.52898192,2.64940977,-0.02167782,0.00894450,-0.00732601,-0.18928832,
17782,-1.71872342,0.11229680,5.89278126,6.00000000,-0.07734375,0.06928711,0.03226575,0.31646836,-0.07050810,0.07000000,0.01725275,0.01594529,0.01173360,-0.01144345,0.01401304,-2.67733502,2.62322998,0.31646648,0.01002840,-0.00732601,-0.16920166,
17790,-0.98849195,-0.50301301,6.78342438,6.00000000,0.00483398,-0.00966797,0.05771292,0.46262306,-0.05078988,0.07000000,0.01725275,-0.04423616,0.03074730,-0.04431335,0.01401304,-2.39982772,2.54992604,0.46262801,0.01260760,-0.00732601,-0.14588797,
17798,0.61562318,-0.55807966,9.48887253,6.00000000,0.02578125,-0.05639648,-0.02595630,0.40133667,-0.05771790,0.07000000,0.01725275,-0.00051440,0.03503996,-0.03836801,0.01401304,-2.11708450,2.11882973,0.40133670,0.01608857,-0.00732601,-0.12445507,
17806,1.81032979,-0.33781314,11.67717266,6.00000000,0.03706055,-0.07089844,0.00948321,0.09783590,-0.00975465,0.07000000,0.01725275,0.00771566,-0.00017533,-0.00183204,0.01401304,-1.73311198,1.70693207,0.09783119,0.01900228,-0.00732601,-0.11760890,
17814,1.92046309,-0.59399271,13.46564102,6.00000000,0.01289062,-0.01450195,-0.06179553,-0.21126059,0.02062207,0.07000000,0.01725275,-0.04629329,-0.04780531,0.03238143,0.01401304,-1.40499008,1.56206965,-0.21126096,0.01978493,-0.00732601,-0.12287240,
17822,0.76166952,0.43551403,14.16714191,6.00000000,-0.05478515,0.05961914,-0.11282308,-0.43921924,0.03634335,0.07000000,0.01725275,0.01337377,-0.07700221,0.07514089,0.01401304,-1.57079637,1.52541780,-0.43921271,0.01762095,-0.00732601,-0.14408073,
17829,0.10326403,0.40199521,11.51915550,5.00000000,-0.11440430,0.12246094,0.03266545,-0.48931420,0.03780890,0.07000000,0.01725275,-0.01183053,-0.09379449,0.08582486,0.01401304,-1.74707460,1.78721714,-0.48930943,0.01403127,-0.00732601,-0.16359301,
17838,-1.71154082,-0.79510564,9.05073357,6.00000000,-0.12890625,0.14340821,-0.08324575,-0.27694359,0.02661747,0.07000000,0.01725275,-0.04166457,-0.07533801,0.06073655,0.01401304,-2.09788561,2.23925757,-0.27694690,0.01027761,-0.00732601,-0.17730004,
17846,-2.15925670,-0.00741329,7.01805592,6.00000000,-0.11118164,0.12729493,-0.05047085,0.08584509,-0.01228605,0.07000000,0.01725275,-0.01954621,-0.02523638,0.01663119,0.01401304,-2.45742369,2.52374625,0.08583853,0.00899208,-0.00732601,-0.17434403,
17854,-1.46493804,0.29904452,5.45224810,6.00000000,-0.05478515,0.02900391,0.11766698,0.33618662,-0.04665971,0.07000000,0.01725275,-0.02366126,0.01116412,-0.02017655,0.01401304,-2.54469013,2.62497520,0.33618766,0.01046681,-0.00732601,-0.16302672,
17862,-0.56232405,-1.11114025,7.39394569,6.00000000,0.00966797,-0.00644531,0.01694417,0.44157255,-0.08289860,0.07000000,0.01725275,0.06378201,0.04312677,-0.03122018,0.01401304,-2.43124366,2.21482277,0.44157821,0.01342109,-0.00732601,-0.13640557,
17870,0.83588976,-0.15106539,9.61815929,6.00000000,0.03867187,-0.05800781,0.05598092,0.33298907,-0.06491239,0.07000000,0.01725275,0.01131620,0.02841889,-0.02909728,0.01401304,-2.00014734,1.96175015,0.33298838,0.01636729,-0.00732601,-0.11947701,
17878,1.65231252,-1.71687329,12.76892853,6.00000000,0.03867187,-0.05156250,0.00561950,0.01190175,-0.00002877,0.07000000,0.01725275,-0.07098369,-0.02129267,0.00051394,0.01401304,-1.53414440,1.77499974,0.01189670,0.01890943,-0.00732601,-0.11909395,
17886,1.55175602,-0.13670018,13.67154217,6.00000000,-0.01772461,0.00161133,-0.17264387,-0.26961586,-0.03027227,0.07000000,0.01725275,-0.01543133,-0.05404101,0.04576537,0.01401304,-1.49400187,1.54636168,-0.26961458,0.01889879,-0.00732601,-0.12976027,
17894,0.60604638,-0.01459589,13.17354870,6.00000000,-0.08217774,0.07089844,0.03679562,-0.44987771,0.03780890,0.07000000,0.01725275,-0.06429648,-0.09005418,0.06981050,0.01401304,-1.49749255,1.71565866,-0.44987091,0.01614213,-0.00732601,-0.14909238,
17901,-0.23192421,-0.36414933,10.88708591,5.00000000,-0.12407227,0.11601563,-0.01090118,-0.44841218,0.00996357,0.07000000,0.01725275,-0.02931946,-0.09282626,0.08079707,0.01401304,-1.82735968,1.92684352,-0.44840994,0.01257256,-0.00732601,-0.16859953,
17910,-1.87913501,0.18891124,8.44978905,6.00000000,-0.12890625,0.14663085,-0.10536211,-0.14997420,-0.01481744,0.07000000,0.01725275,-0.06326807,-0.06054703,0.04112034,0.01401304,-2.15024567,2.36492109,-0.14997953,0.01023104,-0.00732601,-0.17454840,
17918,-1.93420160,0.33495754,6.79300117,6.00000000,-0.10312500,0.07089844,0.08635764,0.13833821,-0.03400274,0.07000000,0.01725275,-0.04217884,-0.02030557,0.00647903,0.01401304,-2.49407530,2.63719249,0.13833389,0.00976187,-0.00732601,-0.17597924,
17926,-1.02201080,-0.75201005,6.13220167,6.00000000,-0.02900391,0.03061523,0.04558888,0.37988645,-0.07783582,0.07000000,0.01725275,0.07972764,0.03091949,-0.01541105,0.01401304,-2.71224165,2.44171548,0.37988880,0.01145684,-0.00732601,-0.15928897,
17934,-0.64612108,-0.04093211,8.48091316,6.00000000,0.01772461,-0.01772461,0.06730557,0.42918202,-0.10261683,0.07000000,0.01725275,0.04577909,0.04125172,-0.03360445,0.01401304,-2.37015724,2.21482277,0.42918521,0.01494451,-0.00732601,-0.13508961,
17942,1.41049814,-0.82144189,10.62851238,6.00000000,0.05156250,-0.05639648,0.03293191,0.24545613,-0.01375159,0.07000000,0.01725275,-0.08692954,0.00483997,-0.02890000,0.01401304,-1.84132230,2.13628292,0.24545367,0.01711142,-0.00732601,-0.12639275,
17950,1.75047481,-0.42161018,12.39543343,6.00000000,0.01933594,-0.03867187,-0.17011249,-0.06257452,-0.03440243,0.07000000,0.01725275,0.04114968,-0.02042551,0.02594998,0.01401304,-1.77499974,1.63537347,-0.06257759,0.01802384,-0.00732601,-0.12816288,
17958,1.25966346,0.87365294,13.51831341,6.00000000,-0.04028320,0.03061523,0.03226575,-0.30811968,0.04113968,0.07000000,0.01725275,-0.06121023,-0.06750625,0.04831267,0.01401304,-1.44164193,1.64933610,-0.30811730,0.01694808,-0.00732601,-0.13438654,
17966,0.82631296,-0.55329126,12.17037773,6.00000000,-0.08540039,0.07895508,-0.06446012,-0.45267561,0.02608455,0.07000000,0.01725275,-0.03291984,-0.09149122,0.07862474,0.01401304,-1.78896248,1.90066361,-0.45267034,0.01437191,-0.00732601,-0.16656750,
17973,-1.29016137,0.53128207,10.37712097,5.00000000,-0.12407227,0.14018555,-0.12614620,-0.32730502,0.00969711,0.07000000,0.01725275,-0.04217859,-0.08017954,0.06536049,0.01401304,-1.97396731,2.11708450,-0.32730424,0.01126494,-0.00732601,-0.17203021,
17982,-1.75224233,0.49776328,7.92306423,6.00000000,-0.12568359,0.11279297,0.06903758,-0.02207222,-0.01161989,0.07000000,0.01725275,-0.00617249,-0.03805762,0.03238100,0.01401304,-2.41902637,2.43997025,-0.02207693,0.00948875,-0.00732601,-0.17773920,
17990,-1.58225393,-0.30908272,6.60146475,6.00000000,-0.05639648,0.06767578,0.08569148,0.25744694,-0.05998284,0.07000000,0.01725275,0.02366114,0.00476892,-0.00278531,0.01401304,-2.62846589,2.54818082,0.25744486,0.01000238,-0.00732601,-0.16898866,
17998,-0.67724574,-0.20852624,6.87200975,6.00000000,-0.00805664,0.00483398,0.04585534,0.37482366,-0.07836875,0.07000000,0.01725275,0.06172483,0.03046196,-0.01920003,0.01401304,-2.58483267,2.37539315,0.37482744,0.01260577,-0.00732601,-0.15263318,
18006,-0.38515311,-0.69694340,9.22311592,6.00000000,0.02739258,-0.03222656,0.03346483,0.39280990,-0.03280366,0.07000000,0.01725275,-0.07664145,0.02392392,-0.04525128,0.01401304,-2.03156328,2.29161739,0.39281195,0.01575152,-0.00732601,-0.12823647,
18014,1.49908364,-0.77116364,11.11932373,6.00000000,0.03867187,-0.05639648,-0.07711711,0.13127694,-0.01974700,0.07000000,0.01150183,0.02571844,0.00458393,-0.00092069,0.01401304,-1.94778740,1.86052096,0.13127530,0.01831658,-0.00732601,-0.12853371,
18022,1.67386031,0.31101555,12.64682388,6.00000000,-0.00483398,-0.01611328,-0.01782919,-0.13372001,0.02262054,0.07000000,0.01150183,-0.01337349,-0.03534611,0.02919941,0.01401304,-1.57603240,1.62141085,-0.13372183,0.01796401,-0.00732601,-0.12560210,
18030,0.91968679,-0.78074044,13.79843521,6.00000000,-0.04672851,0.04350586,-0.03301755,-0.36887318,0.05233111,0.07000000,0.01725275,-0.09104394,-0.08160925,0.05523115,0.01401304,-1.50447381,1.81339717,-0.36886710,0.01655160,-0.00732601,-0.14701569,
18038,0.01467856,-0.32344791,11.61731720,6.00000000,-0.10151367,0.09667969,-0.13334069,-0.42602938,0.01689159,0.07000000,0.01725275,-0.00102874,-0.08472253,0.07943492,0.01401304,-1.83783174,1.84132230,-0.42602620,0.01353825,-0.00732601,-0.16425619,
18045,-1.35719895,0.63183856,10.08981705,5.00000000,-0.12729493,0.13212891,0.04798704,-0.28840148,-0.02241162,0.07000000,0.01725275,0.02057495,-0.06912056,0.06919520,0.01401304,-2.19387889,2.12406564,-0.28840083,0.01064870,-0.00732601,-0.17743459,
18054,-1.36917007,-1.23803294,7.07551670,6.00000000,-0.10312500,0.12246094,0.09714937,0.05386959,-0.02014669,0.07000000,0.01150183,-0.03034814,-0.03128137,0.02140800,0.01401304,-2.46964097,2.57261515,0.05386445,0.00858611,-0.00732601,-0.17887662,
18062,-1.91983640,-0.48864782,6.58231115,6.00000000,-0.05156250,0.05156250,-0.04527483,0.31167203,-0.08236568,0.07000000,0.01150183,0.05400887,0.01642342,-0.00580293,0.01401304,-2.67384434,2.49058485,0.31167215,0.00950511,-0.00732601,-0.16461432,
18070,-0.65809214,-0.40724498,7.53520346,6.00000000,0.00000000,-0.00805664,0.09062104,0.42491862,-0.03520183,0.07000000,0.01725275,-0.06532501,0.02289359,-0.04152698,0.01401304,-2.30558014,2.52723670,0.42492387,0.01209783,-0.00732601,-0.14438258,
18078,0.52224934,-0.79510564,10.05150986,6.00000000,0.03867187,-0.04672851,-0.01263317,0.35137495,-0.03933199,0.07000000,0.01725275,0.02983347,0.02978097,-0.02606600,0.01401304,-2.20260549,2.10137653,0.35137331,0.01501310,-0.00732601,-0.13054480,
18086,1.44880533,-0.12712337,11.77533531,6.00000000,0.02900391,-0.05478515,-0.05806503,0.04840711,-0.02520948,0.07000000,0.01725275,0.03240569,-0.00691456,0.01061375,0.01401304,-1.88321030,1.77325451,0.04840514,0.01790167,-0.00732601,-0.12903748,
18094,1.21656787,-0.67539555,13.47521782,6.00000000,-0.00644531,0.01450195,-0.00010943,-0.19633868,0.05099879,0.07000000,0.01725275,-0.06121179,-0.05199315,0.03304575,0.01401304,-1.52890837,1.73660266,-0.19634037,0.01721929,-0.00732601,-0.13260947,
18102,1.35543156,-0.24922766,12.91258049,6.00000000,-0.05478515,0.06606445,-0.15225950,-0.42096654,-0.00216047,0.07000000,0.01725275,0.01903205,-0.07872304,0.07819980,0.01401304,-1.73311198,1.66853476,-0.42096174,0.01468935,-0.00732601,-0.15382940,
18110,0.31395379,0.72042406,10.79131794,6.00000000,-0.11762695,0.12568359,0.05997786,-0.45134327,-0.01268574,0.07000000,0.01725275,0.01234513,-0.09159733,0.08938121,0.01401304,-2.05250716,2.01061916,-0.45134053,0.01124783,-0.00732601,-0.18001051,
18117,-1.83603930,-0.89087373,8.74666977,5.00000000,-0.13535157,0.15307617,0.03999317,-0.13332030,-0.01748207,0.07000000,0.01725275,-0.02108902,-0.05626188,0.04680748,0.01401304,-2.31256127,2.38411975,-0.13332334,0.00837864,-0.00732601,-0.17992066,
18126,-1.76900172,0.11469100,6.74272299,6.00000000,-0.08056641,0.09023438,-0.03941265,0.16605029,-0.05771790,0.07000000,0.01725275,0.02468980,-0.01183108,0.01382608,0.01401304,-2.68606162,2.60228610,0.16604668,0.00748277,-0.00732601,-0.17966421,
18134,-1.15848029,0.15778662,6.18487406,6.00000000,-0.03061523,0.03383789,0.09781553,0.36603040,-0.03946522,0.07000000,0.01725275,-0.05760982,0.00963209,-0.02660992,0.01401304,-2.53770852,2.73318577,0.36603439,0.00933134,-0.00732601,-0.16453245,
18142,-0.33248067,0.24637209,8.43302917,6.00000000,0.01127930,-0.02416992,-0.02262551,0.46368891,-0.06984194,0.07000000,0.01725275,0.01080164,0.03869004,-0.03925779,0.01401304,-2.36317563,2.32652402,0.46369141,0.01240453,-0.00732601,-0.13638388,
18150,1.81990659,0.15060402,10.26938152,6.00000000,0.04028320,-0.07895508,0.06091047,0.25185123,-0.02814057,0.07000000,0.01725275,0.00668688,0.01358160,-0.01554180,0.01401304,-2.14326429,2.12057495,0.25185102,0.01568561,-0.00732601,-0.13630502,
18158,1.40570974,-0.78552884,12.70189095,6.00000000,0.02578125,-0.02094727,-0.01583072,-0.00341985,0.00596663,0.07000000,0.01725275,0.01131628,-0.01675895,0.01535609,0.01401304,-1.74881983,1.71042264,-0.00342226,0.01702659,-0.00732601,-0.12564586,
18166,1.55654442,0.03807654,13.41775703,6.00000000,-0.01450195,0.01933594,-0.10576182,-0.29559597,0.01955622,0.07000000,0.01725275,0.00977329,-0.05985010,0.05743246,0.01401304,-1.69995070,1.66678941,-0.29559478,0.01609630,-0.00732601,-0.14347495,
18174,0.89574480,0.27270830,12.25178051,6.00000000,-0.08862305,0.08217774,-0.01623043,-0.43855309,0.06498807,0.07000000,0.01725275,-0.06121014,-0.09458345,0.07505070,0.01401304,-1.76278257,1.97047675,-0.43854791,0.01298417,-0.00732601,-0.16712534,
18182,-1.81209731,-0.78313464,11.01397896,6.00000000,-0.12890625,0.13857421,-0.11202367,-0.29026672,0.04127291,0.07000000,0.01725275,0.00668687,-0.07118475,0.06797008,0.01401304,-2.13104701,2.10835791,-0.29026526,0.01010234,-0.00732601,-0.17472261,
18189,-1.54873514,0.66775161,7.94221783,5.00000000,-0.10634766,0.11923828,-0.01369903,-0.07989458,0.01942299,0.07000000,0.01725275,0.00874446,-0.04650623,0.04421769,0.01401304,-2.55690742,2.52723670,-0.07989885,0.00903010,-0.00732601,-0.19009277,
18198,-2.42501307,-0.56765652,7.44661808,6.00000000,-0.07412110,0.08701172,0.08982165,0.26171035,0.00303554,0.07000000,0.01725275,-0.02829068,-0.00172199,-0.00855846,0.01401304,-2.58134174,2.67733502,0.26170790,0.00955899,-0.00732601,-0.17165323,
18206,-1.09623098,0.07159536,6.65892601,6.00000000,-0.00644531,0.00644531,0.01374661,0.43251279,-0.05545297,0.07000000,0.01725275,0.08127084,0.03969530,-0.02369734,0.01401304,-2.71049643,2.43473434,0.43251774,0.01226809,-0.00732601,-0.15515709,
18214,0.18706109,-0.34020734,9.13692474,6.00000000,0.03867187,-0.04511719,0.09701614,0.37588954,-0.02494302,0.07000000,0.01725275,-0.01851722,0.02683188,-0.03447494,0.01401304,-2.24972939,2.31256127,0.37589139,0.01564717,-0.00732601,-0.13813087,
18222,1.48950684,-1.39126182,11.15523624,6.00000000,0.05156250,-0.04350586,-0.05326869,0.16005489,-0.00162755,0.07000000,0.01725275,0.04475055,0.00972862,-0.00286780,0.01401304,-2.02632713,1.87448359,0.16005319,0.01825836,-0.00732601,-0.12980051,
18230,1.51823723,-0.13430598,12.90539837,6.00000000,0.00805664,-0.01289062,-0.07272048,-0.16143209,0.04433723,0.07000000,0.01725275,0.00565820,-0.03773414,0.03467209,0.01401304,-1.68947875,1.67028010,-0.16143328,0.01886879,-0.00732601,-0.13349530,
18238,0.99869549,-0.54371446,13.89420319,6.00000000,-0.05156250,0.04672851,-0.04580776,-0.37993133,0.09723003,0.07000000,0.01725275,-0.07098353,-0.08029700,0.05863843,0.01401304,-1.54810703,1.78896248,-0.37992758,0.01714293,-0.00732601,-0.14851354,
18246,0.15354227,-0.53413767,11.98123646,6.00000000,-0.09990235,0.11118164,-0.15812168,-0.43628815,0.05579512,0.07000000,0.01725275,0.04063570,-0.08175290,0.08628409,0.01401304,-1.98443925,1.84655845,-0.43628210,0.01391217,-0.00732601,-0.17050414,
18254,-0.95018470,0.83295149,9.52478504,6.00000000,-0.12407227,0.14501953,0.03053375,-0.30252400,-0.00469187,0.07000000,0.01725275,0.05452385,-0.06863347,0.07669100,0.01401304,-2.37713838,2.19213343,-0.30252540,0.01063525,-0.00732601,-0.18756926,
18261,-1.96532619,-1.12550545,7.34606171,5.00000000,-0.10473633,0.12890625,0.12979102,0.06452809,-0.00935496,0.07000000,0.01725275,0.02211852,-0.02366227,0.02485082,0.01401304,-2.57436061,2.49931145,0.06452152,0.00924511,-0.00732601,-0.17924277,
18270,-1.93659580,-0.60356951,6.29740143,6.00000000,-0.03867187,0.05639648,0.01214783,0.31700131,-0.07650351,0.07000000,0.01725275,0.11161908,0.02311546,-0.00022704,0.01401304,-2.89375591,2.51501966,0.31700224,0.01059062,-0.00732601,-0.17308547,
18278,-0.78498483,-0.73285639,7.96137142,6.00000000,0.00966797,0.00161133,0.07676499,0.40853116,-0.03680060,0.07000000,0.01725275,-0.03549165,0.02500688,-0.03661488,0.01401304,-2.41553569,2.53596354,0.40853378,0.01358483,-0.00732601,-0.14987314,
18286,0.45281747,-0.27316967,10.19755554,6.00000000,0.03867187,-0.03383789,-0.01476488,0.38414985,-0.02227839,0.07000000,0.01725275,0.00565804,0.03350978,-0.03541153,0.01401304,-2.16420817,2.14500976,0.38415009,0.01668192,-0.00732601,-0.12835829,
18294,1.74089801,0.00934612,11.68914318,6.00000000,0.03544922,-0.06445312,-0.06339429,0.02735657,-0.01441775,0.07000000,0.01725275,0.03343420,-0.01028697,0.01418621,0.01401304,-1.96000481,1.84655845,0.02735302,0.01829098,-0.00732601,-0.13600473,
18302,1.34585476,-0.62511730,13.44169903,6.00000000,-0.00483398,0.01611328,-0.01276640,-0.20939535,0.05392988,0.07000000,0.01725275,-0.05040853,-0.05106715,0.03465586,0.01401304,-1.52018178,1.69122410,-0.20939390,0.01832362,-0.00732601,-0.13159455,
18310,1.24050987,-0.10557556,13.11608791,6.00000000,-0.04995117,0.07089844,-0.12468066,-0.44348264,-0.00256017,0.07000000,0.01725275,0.05400928,-0.07759337,0.08529174,0.01401304,-1.87622893,1.69296932,-0.44347772,0.01580060,-0.00732601,-0.16153558,
18318,0.15593646,0.25355470,10.47767735,6.00000000,-0.12084961,0.13696289,0.03639592,-0.46493289,-0.00469187,0.07000000,0.01725275,0.04166442,-0.08919358,0.09388147,0.01401304,-2.11010313,1.96873140,-0.46493161,0.01214837,-0.00732601,-0.18156521,
18326,-2.14010286,-0.91720992,9.25184631,6.00000000,-0.12568359,0.16113281,0.00695181,-0.14357913,0.00556694,0.07000000,0.01725275,-0.04269322,-0.05900335,0.04444396,0.01401304,-2.32128787,2.46615028,-0.14358231,0.01001995,-0.00732601,-0.18395439,
18333,-1.75224233,0.06920116,6.86482716,5.00000000,-0.08862305,0.09345703,-0.07378633,0.13180986,-0.02307778,0.07000000,0.01725275,0.01903191,-0.01657734,0.01718373,0.01401304,-2.79601741,2.73144031,0.13180631,0.00953112,-0.00732601,-0.19081435,
18342,-0.99567455,0.07638377,5.95981884,6.00000000,-0.02900391,0.03706055,0.09208658,0.36869502,-0.01148666,0.07000000,0.01725275,-0.01903185,0.01530585,-0.02315158,0.01401304,-2.68780708,2.75238419,0.36869687,0.01086816,-0.00732601,-0.17047644,
18350,-0.58387184,-0.22049724,8.15290737,6.00000000,0.00805664,-0.01933594,0.00122288,0.44556949,-0.02854026,0.07000000,0.01725275,0.05452358,0.04162144,-0.03188916,0.01401304,-2.54469013,2.35968518,0.44557330,0.01387822,-0.00732601,-0.14547959,
18358,1.02742589,0.18412285,10.40585136,6.00000000,0.03867187,-0.06284180,0.07529944,0.29035506,0.00490078,0.07000000,0.01725275,-0.03549188,0.01611193,-0.02793299,0.01401304,-2.01236463,2.13279223,0.29035416,0.01679608,-0.00732601,-0.12921122,
18366,2.44000483,-1.02734327,12.08897495,6.00000000,0.03544922,-0.03222656,-0.07765002,-0.05577973,0.03807536,0.07000000,0.01725275,0.07869959,-0.01668383,0.03108707,0.01401304,-1.98269403,1.71565866,-0.05578220,0.01801512,-0.00732601,-0.13810946,
18374,1.59724593,0.43311983,13.34593105,6.00000000,-0.02900391,0.04511719,-0.03395017,-0.30358982,0.07098347,0.07000000,0.01725275,0.01748907,-0.05906689,0.05846338,0.01401304,-1.69995070,1.64060950,-0.30358860,0.01688617,-0.00732601,-0.14310545,
18382,0.30916539,-0.27795810,12.65640068,6.00000000,-0.07895508,0.08540039,-0.06232844,-0.45387468,0.13160369,0.07000000,0.01725275,-0.03086247,-0.09192754,0.07954308,0.01401304,-1.83259571,1.93731546,-0.45387065,0.01433693,-0.00732601,-0.16956483,
18390,-0.88075286,-0.28753489,9.94137669,6.00000000,-0.11601563,0.14179687,-0.18290269,-0.34196043,0.06858531,0.07000000,0.01725275,0.09104434,-0.06996153,0.08656035,0.01401304,-2.46964097,2.16071773,-0.34196121,0.01102592,-0.00732601,-0.19264266,
18398,-2.89188218,1.22320640,8.39711666,6.00000000,-0.11440430,0.14824219,0.06117693,-0.05857758,0.03287935,0.07000000,0.01725275,-0.00102880,-0.04352836,0.03898595,0.01401304,-2.50280213,2.50629282,-0.05858186,0.00957133,-0.00732601,-0.18582687,
18405,-1.15608609,-1.24282134,6.48893738,5.00000000,-0.05800781,0.08056641,0.13072364,0.22440559,-0.02361071,0.07000000,0.01725275,0.03703500,-0.00058181,0.00564682,0.01401304,-2.82743335,2.70176983,0.22440359,0.00992374,-0.00732601,-0.18416438,
18414,-0.76583117,-0.34978414,6.11783600,6.00000000,-0.02255859,0.02900391,0.03466392,0.41932288,-0.08969340,0.07000000,0.01725275,0.14608267,0.04425164,-0.01298398,0.01401304,-2.89026546,2.39459157,0.41932711,0.01192928,-0.00732601,-0.16117489,
18422,0.10805243,-1.19972575,8.77540016,6.00000000,0.05639648,-0.01933594,0.10900695,0.36736271,-0.00335955,0.07000000,0.01725275,-0.02263212,0.02407770,-0.03271697,0.01401304,-2.29161739,2.36841178,0.36736679,0.01523155,-0.00732601,-0.14229198,
18430,1.25966346,-0.89566213,11.21269703,6.00000000,0.03706055,-0.03544922,-0.08098080,0.24692166,0.04220553,0.07000000,0.01725275,0.00000025,0.01577316,-0.01929955,0.01401304,-1.97920334,1.97920334,0.24691822,0.01741314,-0.00732601,-0.12559071,
18438,2.05932689,-0.15585379,12.58696938,6.00000000,0.01611328,-0.04189453,-0.16091955,-0.16569552,0.07897735,0.07000000,0.01725275,-0.01183059,-0.04129793,0.03409399,0.01401304,-1.72089458,1.76103723,-0.16569689,0.01871741,-0.00732601,-0.13823311,
18446,1.19023156,-0.41203338,13.64281178,6.00000000,-0.03867187,0.04833984,-0.07618447,-0.38392824,0.12321013,0.07000000,0.01725275,-0.00514365,-0.07469763,0.06856515,0.01401304,-1.71042264,1.72787595,-0.38392431,0.01623303,-0.00732601,-0.15247278,
18454,-0.34205750,-0.19416103,12.55584431,6.00000000,-0.09667969,0.11923828,-0.06032995,-0.44148418,0.04500339,0.07000000,0.01725275,0.12602204,-0.07436951,0.09904128,0.01401304,-2.23053074,1.80292523,-0.44147694,0.01321410,-0.00732601,-0.17821985,
18462,-1.08425999,-0.02177850,9.78575325,6.00000000,-0.11440430,0.16274413,0.05051844,-0.30878583,0.00716571,0.07000000,0.01725275,0.04115005,-0.07205393,0.07693295,0.01401304,-2.38411975,2.24449348,-0.30878603,0.01010852,-0.00732601,-0.19017428,
18470,-1.55352354,-1.43914592,7.52562666,6.00000000,-0.09990235,0.14018555,0.03439745,0.04933973,-0.00855557,0.07000000,0.01725275,0.01337390,-0.03033357,0.02940666,0.01401304,-2.74365759,2.69827914,0.04933193,0.00808293,-0.00732601,-0.19369346,
18477,-1.77618432,0.16018084,6.06276941,5.00000000,-0.05961914,0.06606445,0.02706973,0.29741630,-0.05718498,0.07000000,0.01725275,0.04989395,0.01181760,-0.00355183,0.01401304,-2.86233997,2.69304299,0.29741645,0.01031319,-0.00732601,-0.17981994,
18486,-0.33248067,-0.61793470,6.84088516,6.00000000,0.00322266,0.00644531,0.10607587,0.40520036,-0.01668268,0.07000000,0.01150183,-0.00205742,0.02654233,-0.02891690,0.01401304,-2.62322998,2.63021111,0.40520537,0.01281388,-0.00732601,-0.16105981,
18494,0.44563487,-0.42400438,9.69477367,6.00000000,0.02094727,-0.03544922,-0.02702215,0.37029380,-0.01441775,0.07000000,0.01150183,-0.00874430,0.02877171,-0.03275906,0.01401304,-2.19562435,2.22529483,0.37029532,0.01573383,-0.00732601,-0.13341188,
18502,2.56929183,-0.87172008,11.27255249,6.00000000,0.04995117,-0.06767578,-0.01063471,0.03588337,0.05326373,0.07000000,0.01150183,0.00617260,-0.01532941,0.01414482,0.01401304,-2.07345128,2.05250716,0.03588241,0.01659976,-0.00732601,-0.14696452,
18510,1.18304896,0.60310817,13.40339184,6.00000000,-0.02255859,0.02094727,-0.07511862,-0.18328202,0.04553631,0.07000000,0.01150183,0.03343436,-0.04177633,0.04654297,0.01401304,-1.84830368,1.73485732,-0.18328202,0.01569420,-0.00732601,-0.14317740,
18518,1.13755918,0.22961268,12.81441879,6.00000000,-0.06284180,0.08217774,-0.00290730,-0.37153777,0.06552100,0.07000000,0.01725275,0.01440277,-0.07507917,0.07355697,0.01401304,-1.89368224,1.84481299,-0.37153232,0.01376664,-0.00732601,-0.16245654,
18526,0.23733932,0.24876629,10.44655323,6.00000000,-0.08701172,0.11601563,-0.04007881,-0.40564495,0.03594366,0.07000000,0.01725275,0.08950109,-0.07842649,0.09451970,0.01401304,-2.35444903,2.05076194,-0.40564278,0.01071475,-0.00732601,-0.18909802,
18534,-2.36515784,0.40438941,9.76181126,6.00000000,-0.13051757,0.17241211,-0.06166226,-0.18594664,-0.00295986,0.07000000,0.01725275,-0.01440192,-0.06420023,0.05620741,0.01401304,-2.41379046,2.46265960,-0.18594791,0.00833742,-0.00732601,-0.19025248,
18542,-0.89272386,-0.43118700,6.53203297,6.00000000,-0.08378907,0.10151367,0.03772824,0.15392625,0.00276908,0.07000000,0.01725275,-0.00154303,-0.01851678,0.01428568,0.01401304,-2.77681899,2.78205466,0.15392093,0.00725439,-0.00732601,-0.19034989,
18549,-1.66126263,-0.02177850,7.00129652,5.00000000,-0.04511719,0.05317383,0.01681093,0.32033208,-0.07623705,0.07000000,0.01725275,0.09515928,0.01849832,0.00049207,0.01401304,-3.00894761,2.68606162,0.32033318,0.00924990,-0.00732601,-0.18321982,
18558,0.28761756,-0.34260154,7.26226473,6.00000000,0.02739258,0.00000000,0.12379562,0.41426012,-0.02973934,0.07000000,0.01725275,0.00308658,0.02726607,-0.02977717,0.01401304,-2.56214333,2.55167127,0.41426533,0.01161916,-0.00732601,-0.15534154,
18566,0.35465521,-0.83820128,10.90623951,6.00000000,0.02578125,-0.03706055,0.01387984,0.31700131,-0.00309309,0.07000000,0.01725275,0.00411515,0.01998170,-0.02242014,0.01401304,-2.28812671,2.27416396,0.31699952,0.01477043,-0.00732601,-0.14240062,
18574,2.04496169,0.11229680,11.49760723,6.00000000,0.02739258,-0.03706055,-0.07844941,0.00337495,0.03274611,0.07000000,0.01725275,0.01337376,-0.01931088,0.01839148,0.01401304,-1.97222209,1.92684352,0.00337300,0.01592476,-0.00732601,-0.14109655,
18582,1.75047481,0.02849974,13.70506096,6.00000000,-0.01450195,0.01772461,-0.02688891,-0.31531417,0.06898502,0.07000000,0.01725275,0.00874434,-0.06528105,0.06256580,0.01401304,-1.83783174,1.80816102,-0.31531209,0.01535507,-0.00732601,-0.15502736,
18590,0.40014502,-0.20373783,13.05383873,6.00000000,-0.09184571,0.10473633,-0.07072199,-0.40870929,0.05979206,0.07000000,0.01725275,-0.00257149,-0.08577043,0.08014011,0.01401304,-2.02283669,2.03156328,-0.40870249,0.01245997,-0.00732601,-0.17660293,
18598,-1.08425999,0.21524747,10.62372398,6.00000000,-0.12084961,0.14501953,-0.04087820,-0.32996964,0.01502636,0.07000000,0.01725275,-0.00720125,-0.08084533,0.07425687,0.01401304,-2.26543736,2.28987193,-0.32996809,0.00972379,-0.00732601,-0.18905269,
18606,-1.41705406,-0.34020734,7.84884405,6.00000000,-0.11762695,0.12246094,0.02214018,-0.06284098,-0.00722326,0.07000000,0.01725275,0.00205747,-0.04826080,0.04441063,0.01401304,-2.70526028,2.69827914,-0.06284654,0.00760729,-0.00732601,-0.20043470,
18614,-1.91025960,-0.37851456,6.68765640,6.00000000,-0.07412110,0.08862305,0.06384157,0.26677310,-0.02694149,0.07000000,0.01725275,0.03497751,0.00258072,0.00206859,0.01401304,-2.88852000,2.76983738,0.26677084,0.00813327,-0.00732601,-0.18577456,
18621,-0.69879353,-0.50780147,6.64934921,5.00000000,-0.00966797,0.01127930,0.05731323,0.39107785,-0.02174547,0.07000000,0.01725275,0.07869944,0.02862535,-0.01335296,0.01401304,-2.92691708,2.65988159,0.39108250,0.01030427,-0.00732601,-0.17416799,
18630,0.48154789,-0.59638691,9.03157997,6.00000000,0.02900391,0.00000000,0.03093343,0.40160316,0.01276143,0.07000000,0.01725275,-0.02057482,0.02663351,-0.03473820,0.01401304,-2.31779718,2.38761044,0.40160367,0.01308246,-0.00732601,-0.14145479,
18638,1.62597632,-0.77116364,11.19114971,6.00000000,0.03544922,-0.06284180,-0.04674038,0.14353421,0.03820859,0.07000000,0.01725275,0.04526506,0.00211008,0.00480328,0.01401304,-2.25322008,2.09963107,0.14353237,0.01587351,-0.00732601,-0.14738470,
18646,1.50866044,-0.24204506,12.57499790,6.00000000,-0.00483398,0.00322266,-0.08710945,-0.10880575,0.05246434,0.07000000,0.01725275,0.04423650,-0.03119632,0.03732254,0.01401304,-1.98443925,1.83434105,-0.10880688,0.01618012,-0.00732601,-0.14631933,
18654,1.11361718,-0.12472917,13.17833710,6.00000000,-0.03222656,0.06445312,-0.01969443,-0.33250102,0.07484718,0.07000000,0.01725275,0.00411540,-0.06892652,0.06507306,0.01401304,-1.82037842,1.80641580,-0.33249706,0.01471264,-0.00732601,-0.15557735,
18662,0.62759417,0.08117218,11.80645943,6.00000000,-0.09184571,0.09990235,-0.04154436,-0.46280119,0.05179818,0.07000000,0.01725275,0.10133214,-0.08392514,0.10269733,0.01401304,-2.33175993,1.98793006,-0.46279606,0.01152514,-0.00732601,-0.19014139,
18670,-2.04912329,-0.30429429,10.21670914,6.00000000,-0.12568359,0.18046875,0.01734385,-0.22618246,0.04260522,0.07000000,0.01725275,-0.00668740,-0.06862471,0.06236641,0.01401304,-2.38586497,2.40855432,-0.22618316,0.00836235,-0.00732601,-0.19019610,
18678,-1.37395847,-0.12233497,6.96059513,6.00000000,-0.09184571,0.11118164,-0.06192874,0.05320343,-0.00402571,0.07000000,0.01725275,0.02623318,-0.02866621,0.03077706,0.01401304,-2.74016690,2.65115499,0.05319862,0.00744764,-0.00732601,-0.19157851,
18686,-1.61337864,-0.00741329,6.53203297,6.00000000,-0.05961914,0.06606445,0.07743115,0.26530758,-0.02374394,0.07000000,0.01725275,-0.01080181,-0.00249027,-0.00366964,0.01401304,-2.79078126,2.82743335,0.26530755,0.00841911,-0.00732601,-0.18442549,
18693,-0.44500816,-0.28035229,7.05636311,5.00000000,0.00000000,0.00805664,0.04079255,0.42625093,-0.06051576,0.07000000,0.01725275,0.07406974,0.03572877,-0.02146366,0.01401304,-2.74540305,2.49407530,0.42625526,0.01077829,-0.00732601,-0.15902753,
18702,0.70181447,-0.37372616,9.51041985,6.00000000,0.02416992,-0.03061523,0.04865320,0.29421878,-0.04159692,0.07000000,0.01725275,0.04012124,0.01909515,-0.01309318,0.01401304,-2.42426229,2.28812671,0.29421872,0.01390553,-0.00732601,-0.14949310,
18710,1.82230079,-0.56765652,11.65083599,6.00000000,0.04511719,-0.01611328,-0.00264083,0.06586040,0.01342758,0.07000000,0.01725275,0.03703501,-0.00891382,0.01371508,0.01401304,-2.12930179,2.00363803,0.06585874,0.01582517,-0.00732601,-0.14504428,
18718,1.03221428,0.21764167,13.70027256,6.00000000,-0.01289062,0.00644531,-0.05233607,-0.19567251,0.00903095,0.07000000,0.01725275,-0.03549151,-0.05360370,0.04070826,0.01401304,-1.83783174,1.95825934,-0.19567239,0.01572373,-0.00732601,-0.15179455,
18726,0.97954184,-0.06247993,12.84075451,6.00000000,-0.07250977,0.07089844,-0.06352752,-0.36567560,0.05699420,0.07000000,0.01725275,-0.06789731,-0.08582771,0.06488189,0.01401304,-1.91462612,2.14500976,-0.36567068,0.01375918,-0.00732601,-0.17367288,
18734,-0.78019643,0.19848806,11.01158428,6.00000000,-0.10957031,0.11601563,-0.06712476,-0.35941374,-0.00415894,0.07000000,0.01725275,0.03086250,-0.07841007,0.08076458,0.01401304,-2.28987193,2.18515205,-0.35941204,0.01129033,-0.00732601,-0.18827689,
18742,-1.97729731,0.39241838,9.10819435,6.00000000,-0.12729493,0.13051757,0.07796407,-0.13758370,0.00743218,0.07000000,0.01725275,-0.06223908,-0.06239719,0.04323357,0.01401304,-2.46615028,2.67733502,-0.13758610,0.01012185,-0.00732601,-0.19642635,
18750,-1.21354687,-1.30267644,6.64216661,6.00000000,-0.08056641,0.09345703,-0.02981999,0.18403652,-0.02947288,0.07000000,0.01725275,0.02006063,-0.00878258,0.00974824,0.01401304,-2.80648947,2.73842144,0.18403327,0.00970496,-0.00732601,-0.18766062,
18758,-0.75146598,0.25834310,6.72835779,6.00000000,-0.04189453,0.01772461,0.03799470,0.30114678,-0.03866583,0.07000000,0.01725275,0.01748862,0.00912148,-0.00848953,0.01401304,-2.83965063,2.78030944,0.30114931,0.01118117,-0.00732601,-0.18189022,
18765,-0.72034138,-0.93157512,7.91109324,5.00000000,0.00805664,0.00966797,0.05944493,0.39414221,0.00210293,0.07000000,0.01725275,0.01543128,0.02828126,-0.02789461,0.01401304,-2.58483267,2.53247285,0.39414564,0.01386132,-0.00732601,-0.15692666,
18774,1.15910697,0.18891124,10.89426899,6.00000000,0.02578125,-0.05317383,-0.03954589,0.19016513,-0.03307012,0.07000000,0.01725275,0.01285932,0.00401174,-0.00464617,0.01401304,-2.32128787,2.27765465,0.19016270,0.01622543,-0.00732601,-0.15292484,
18782,1.50147784,-0.50540721,12.71625614,6.00000000,0.00322266,-0.00161133,0.02040818,-0.04738615,0.02781656,0.07000000,0.01725275,-0.04012143,-0.03240694,0.01875975,0.01401304,-1.96349537,2.09963107,-0.04738854,0.01731375,-0.00732601,-0.15072386,
18790,1.69301391,-0.11994077,13.18312550,6.00000000,-0.03061523,0.03061523,-0.06219519,-0.29919320,-0.03147135,0.07000000,0.01725275,0.03857798,-0.05999886,0.06437421,0.01401304,-2.04727125,1.91637158,-0.29919109,0.01648769,-0.00732601,-0.16537344,
18798,0.20142630,-0.06726833,11.98841858,6.00000000,-0.09184571,0.09667969,0.05558122,-0.39565265,0.00996357,0.07000000,0.01725275,-0.09567383,-0.09465433,0.06708384,0.01401304,-1.98618472,2.31081581,-0.39564767,0.01392599,-0.00732601,-0.18445073,
18806,-1.50085115,-0.66581875,9.72589779,6.00000000,-0.12568359,0.13051757,-0.10402980,-0.22831419,-0.04772556,0.07000000,0.01725275,-0.03960695,-0.06926975,0.05526979,0.01401304,-2.31081581,2.44520640,-0.22831519,0.01135402,-0.00732601,-0.18895862,
18814,-1.30692077,0.33735177,7.46816587,6.00000000,-0.10795899,0.08701172,-0.01116762,-0.03273072,-0.04692617,0.07000000,0.01725275,-0.02829067,-0.04517512,0.03425479,0.01401304,-2.70176983,2.79776287,-0.03273454,0.01017425,-0.00732601,-0.20173134,
18822,-1.92462480,-0.52216667,7.11143017,6.00000000,-0.06928711,0.08540039,0.07156897,0.28835660,-0.05438712,0.07000000,0.01725275,-0.01234503,0.00442304,-0.01086977,0.01401304,-2.66337252,2.70526028,0.28835493,0.01048502,-0.00732601,-0.17370720,
18830,0.05059159,-0.15345959,7.24311113,6.00000000,-0.00644531,-0.01772461,0.02853528,0.35816976,-0.09542234,0.07000000,0.01725275,0.04063544,0.02362767,-0.01738365,0.01401304,-2.72794962,2.59006858,0.35817385,0.01274342,-0.00732601,-0.16681059,
18837,-0.05954169,-0.52456087,9.68519688,5.00000000,0.01450195,-0.01127930,0.00895029,0.30221263,-0.05505328,0.07000000,0.01725275,-0.02777610,0.01342790,-0.02342188,0.01401304,-2.36666656,2.46091413,0.30221263,0.01558047,-0.00732601,-0.15308939,
18846,1.95637619,-0.18219002,11.24382210,6.00000000,0.02094727,-0.04189453,-0.04074497,0.08890941,-0.02720795,0.07000000,0.01725275,0.01954622,-0.00647493,0.00721873,0.01401304,-2.18515205,2.11882973,0.08890799,0.01775872,-0.00732601,-0.14957355,
18854,1.27881706,0.15539242,13.11129951,6.00000000,-0.01611328,0.00483398,-0.03101910,-0.18954390,0.02395285,0.07000000,0.01725275,-0.00874417,-0.04809740,0.04155529,0.01401304,-1.96175015,1.99142063,-0.18954509,0.01785025,-0.00732601,-0.15704440,
18862,0.71378547,0.19130546,12.66358376,6.00000000,-0.05800781,0.07250977,-0.04833915,-0.34156075,0.03221318,0.07000000,0.01725275,-0.01234471,-0.07327016,0.06552199,0.01401304,-2.01236463,2.05425239,-0.34155697,0.01603351,-0.00732601,-0.17217772,
18870,-0.03081127,-0.05050892,10.45373535,6.00000000,-0.10151367,0.09990235,-0.09030699,-0.37566796,0.02515193,0.07000000,0.01725275,0.03446320,-0.08009763,0.08328722,0.01401304,-2.46265960,2.34572244,-0.37566656,0.01324999,-0.00732601,-0.20153973,
18878,-2.36276364,-0.32344791,8.73948669,6.00000000,-0.11923828,0.15307617,0.00335457,-0.07030194,0.03461134,0.07000000,0.01725275,-0.06789678,-0.05243852,0.03209927,0.01401304,-2.49058485,2.72096825,-0.07030553,0.01125014,-0.00732601,-0.19401592,
18886,-1.15129769,0.13623881,6.74032879,6.00000000,-0.06928711,0.05961914,-0.04580776,0.15752351,-0.03240396,0.07000000,0.01725275,0.01800299,-0.01316196,0.01359400,0.01401304,-2.92866254,2.86757612,0.15752171,0.01075705,-0.00732601,-0.19869326,
18894,-1.11059618,0.04525915,7.03960371,6.00000000,-0.03383789,0.04511719,0.06104371,0.34844390,-0.04212985,0.07000000,0.01725275,0.00874430,0.01620424,-0.01752213,0.01401304,-2.80474401,2.77507353,0.34844509,0.01209512,-0.00732601,-0.17700617,
18902,0.24212773,-0.21092044,8.22712803,6.00000000,0.00966797,-0.02416992,0.08116162,0.36443165,-0.02094608,0.07000000,0.01725275,0.02726173,0.02574145,-0.02261497,0.01401304,-2.67384434,2.58134174,0.36443526,0.01491683,-0.00732601,-0.16407895,
18909,1.08009827,-0.93396932,10.61414719,5.00000000,0.02255859,-0.03222656,-0.00370668,0.21014985,-0.00615741,0.07000000,0.01725275,0.01337348,0.00653513,-0.00699893,0.01401304,-2.41728091,2.37190247,0.21014899,0.01682383,-0.00732601,-0.15837206,
18918,1.76244581,-0.08881615,12.38106823,6.00000000,0.02094727,-0.01127930,-0.05966379,-0.06590530,0.04513662,0.07000000,0.01725275,0.01903173,-0.02835613,0.02863762,0.01401304,-2.10312176,2.03854465,-0.06590810,0.01749748,-0.00732601,-0.15491362,
18926,1.26445186,-0.27556387,13.34593105,6.00000000,-0.04511719,0.03867187,-0.04047851,-0.30065876,0.04606923,0.07000000,0.01725275,-0.01388791,-0.06692941,0.05891510,0.01401304,-2.03156328,2.07868719,-0.30065623,0.01678744,-0.00732601,-0.17079413,
18934,0.06016840,-0.01220169,11.75618076,6.00000000,-0.08862305,0.10795899,-0.06978936,-0.35874757,0.04193907,0.07000000,0.01725275,0.00720147,-0.07757828,0.07438470,0.01401304,-2.24449348,2.22005868,-0.35874406,0.01440635,-0.00732601,-0.18784899,
18942,-1.01722240,-0.30190009,9.31649017,6.00000000,-0.10473633,0.12407227,-0.02782153,-0.25296196,-0.00322632,0.07000000,0.01725275,0.06686885,-0.06123649,0.07232927,0.01401304,-2.63370180,2.40680885,-0.25296500,0.01196510,-0.00732601,-0.20105840,
18950,-2.08743048,-0.25641027,8.23191643,6.00000000,-0.09506836,0.13857421,0.06210955,0.03614983,0.01036326,0.07000000,0.01725275,-0.05400873,-0.03578978,0.01897018,0.01401304,-2.62497520,2.80823469,0.03614596,0.01200707,-0.00732601,-0.19433331,
18958,-0.98609775,-0.77595204,6.30937243,6.00000000,-0.04833984,0.04350586,-0.02955355,0.23506409,-0.04306247,0.07000000,0.01725275,0.03292016,0.00250035,0.00164805,0.01401304,-2.91295433,2.80125356,0.23506382,0.01270331,-0.00732601,-0.19009788,
18966,-0.47134438,-0.25880447,7.35803270,6.00000000,-0.02094727,0.02094727,0.04385687,0.34151587,-0.04546063,0.07000000,0.01725275,0.00617250,0.01890468,-0.02081272,0.01401304,-2.69827914,2.67733502,0.34151962,0.01463056,-0.00732601,-0.17010581,
18974,0.59646958,-1.03452587,9.34522057,6.00000000,0.02416992,-0.03061523,0.05478184,0.29741630,-0.01668268,0.07000000,0.01725275,0.03857801,0.02124980,-0.01557337,0.01401304,-2.53072739,2.39982772,0.29741690,0.01672492,-0.00732601,-0.15716991,
18981,1.29318225,-0.65145355,12.12967682,5.00000000,0.01611328,-0.02739258,-0.03474956,0.04307786,-0.01241928,0.07000000,0.01725275,0.01594552,-0.01338373,0.01318740,0.01401304,-2.26020145,2.20609617,0.04307473,0.01875747,-0.00732601,-0.15878037,
18990,1.55175602,-0.08402774,12.82878399,6.00000000,-0.00966797,0.02094727,-0.06126259,-0.17888540,0.04113968,0.07000000,0.01725275,-0.04423599,-0.05103309,0.03613814,0.01401304,-1.97222209,2.12232041,-0.17888534,0.01832829,-0.00732601,-0.16139638,
18998,0.63238263,0.01652873,12.79765892,6.00000000,-0.06767578,0.04995117,-0.05460101,-0.37660056,0.01262819,0.07000000,0.01725275,0.03497756,-0.07434113,0.07769499,0.01401304,-2.29510808,2.17642546,-0.37659651,0.01672888,-0.00732601,-0.18939629,
19006,-0.63893849,-0.21331464,10.43697643,6.00000000,-0.10957031,0.14018555,-0.00610483,-0.29905999,0.01982268,0.07000000,0.01725275,-0.01594493,-0.07493341,0.06639419,0.01401304,-2.43473434,2.48883963,-0.29905844,0.01385189,-0.00732601,-0.20016128,
19014,-1.39311206,-0.24922766,8.07629299,6.00000000,-0.10312500,0.11762695,-0.06379398,-0.08655615,-0.01375159,0.07000000,0.01725275,0.01697435,-0.04647095,0.04613702,0.01401304,-2.80998015,2.75238419,-0.08656009,0.01155058,-0.00732601,-0.20791125,
19022,-1.68041623,0.15299822,6.98932552,6.00000000,-0.08056641,0.09506836,0.01894263,0.19562763,-0.01401805,0.07000000,0.01725275,-0.07355575,-0.01800698,-0.00308922,0.01401304,-2.80299878,3.05258083,0.19562495,0.01146545,-0.00732601,-0.19808193,
19030,-0.76343697,0.19609386,6.95580673,6.00000000,-0.03061523,0.00322266,0.00988290,0.35963532,-0.05172250,0.07000000,0.01725275,0.06789780,0.02414105,-0.01145792,0.01401304,-3.05432630,2.82394290,0.35963839,0.01304226,-0.00732601,-0.18701345,
19038,0.19184949,-0.03853791,9.05552197,6.00000000,0.01611328,-0.00161133,0.05864554,0.35057557,-0.03573475,0.07000000,0.01725275,0.02469005,0.02371592,-0.02121730,0.01401304,-2.73144031,2.64766431,0.35057786,0.01582333,-0.00732601,-0.16957575,
19046,1.25248086,-0.50061882,11.05707455,6.00000000,0.02900391,-0.03383789,0.01774355,0.17550972,0.01156234,0.07000000,0.01725275,0.05349500,0.00668979,0.00225436,0.01401304,-2.53421807,2.35270381,0.17550871,0.01772987,-0.00732601,-0.16442648,
19053,1.18065476,-0.23486245,13.28368187,5.00000000,0.00161133,0.00000000,-0.04287667,-0.06057605,0.01928976,0.07000000,0.01725275,-0.00308613,-0.03122769,0.02630284,0.01401304,-2.21307755,2.22354960,-0.06057966,0.01810978,-0.00732601,-0.16521977,
19062,1.41049814,0.29425612,12.76653481,6.00000000,-0.02578125,0.04189453,-0.05766533,-0.29652858,0.05073233,0.07000000,0.01725275,-0.03497775,-0.06923442,0.05625775,0.01401304,-2.11708450,2.23576689,-0.29652625,0.01768252,-0.00732601,-0.17928904,
19070,-0.22953001,0.18412285,11.84237289,6.00000000,-0.10634766,0.08862305,-0.01942796,-0.37566796,0.00276908,0.07000000,0.01725275,0.03086265,-0.07813080,0.08049534,0.01401304,-2.45044208,2.34572244,-0.37566385,0.01533407,-0.00732601,-0.20109661,
19078,-1.65168583,-0.28992909,9.52957344,6.00000000,-0.10634766,0.14663085,-0.00503898,-0.17475522,0.01302789,0.07000000,0.01725275,-0.01645994,-0.05997706,0.05157396,0.01401304,-2.60228610,2.65813661,-0.17475672,0.01289169,-0.00732601,-0.20336014,
19086,-1.59183073,-0.13191178,7.25987053,6.00000000,-0.09506836,0.08540039,-0.01956121,0.06719272,-0.02920642,0.07000000,0.01725275,0.00565800,-0.02629866,0.02363380,0.01401304,-2.91295433,2.89375591,0.06718934,0.01209958,-0.00732601,-0.20562202,
19094,-1.59661913,-0.47188842,6.47696638,6.00000000,-0.04350586,0.06284180,0.01587832,0.30980679,-0.02027992,0.07000000,0.01725275,-0.03600628,0.00467686,-0.01663939,0.01401304,-2.85710382,2.97927690,0.30980751,0.01286693,-0.00732601,-0.18910773,
19102,-0.42585453,0.01174032,7.81053686,5.00000000,-0.01127930,-0.02094727,0.02667005,0.38348368,-0.04159692,0.07000000,0.01725275,0.03240562,0.02765276,-0.02326646,0.01401304,-2.86233997,2.75238419,0.38348806,0.01547888,-0.00732601,-0.17573088,
19110,1.03700268,-0.74961579,10.40585136,6.00000000,0.03383789,-0.02255859,0.08742349,0.29515138,-0.00855557,0.07000000,0.01725275,-0.00720084,0.01629539,-0.02142621,0.01401304,-2.44346094,2.46789551,0.29515052,0.01732928,-0.00732601,-0.15663822,
19118,2.15030646,-1.45351112,12.31642437,6.00000000,0.01933594,-0.03544922,-0.02981999,-0.03353010,0.00010446,0.07000000,0.01725275,0.05503812,-0.01974979,0.02862299,0.01401304,-2.37364769,2.18689752,-0.03353277,0.01936929,-0.00732601,-0.16775090,
19125,1.60442853,-0.38090876,13.17354870,5.00000000,-0.02416992,0.03867187,-0.02076028,-0.22032031,0.04660216,0.07000000,0.01725275,-0.06532516,-0.06091327,0.04094315,0.01401304,-2.03156328,2.25322008,-0.22031781,0.01808680,-0.00732601,-0.17129654,
19134,0.65632463,-0.30908272,12.40022182,6.00000000,-0.06928711,0.07573242,-0.07831619,-0.40138155,0.04740155,0.07000000,0.01725275,0.03497734,-0.07966346,0.08295165,0.01401304,-2.36317563,2.24449348,-0.40137753,0.01588969,-0.00732601,-0.19612785,
19142,-0.10981993,0.34932277,9.64928341,6.00000000,-0.13212891,0.12890625,0.00628566,-0.35488388,0.01249496,0.07000000,0.01725275,0.01954627,-0.08184708,0.08154927,0.01401304,-2.64068317,2.57436061,-0.35488394,0.01267396,-0.00732601,-0.21477441,
19150,-1.74984813,-1.20211995,7.60224152,6.00000000,-0.11279297,0.14985351,-0.05406810,-0.01327896,0.03034795,0.07000000,0.01725275,0.04269303,-0.03525167,0.04113553,0.01401304,-2.95484257,2.80998015,-0.01328528,0.01040092,-0.00732601,-0.20993802,
19158,-1.48888016,-0.04811472,6.79300117,6.00000000,-0.06928711,0.07412110,0.02027495,0.21867663,-0.00136109,0.07000000,0.01725275,0.03189133,-0.00489967,0.00874385,0.01401304,-3.16777253,3.05956221,0.21867533,0.01097977,-0.00732601,-0.20988691,
19166,-0.44500816,-0.10078716,6.69723320,6.00000000,-0.00483398,0.03222656,0.01894263,0.38961232,-0.00429217,0.07000000,0.01725275,0.05092307,0.02588400,-0.01714647,0.01401304,-3.05781674,2.88502932,0.38961592,0.01283814,-0.00732601,-0.18718110,
19174,0.04340899,0.69648200,9.18720245,6.00000000,0.02255859,-0.01772461,0.08702379,0.36536425,-0.01974700,0.07000000,0.01725275,0.04629382,0.02754954,-0.01991838,0.01401304,-2.84488678,2.68780708,0.36536571,0.01584671,-0.00732601,-0.17407118,
19182,1.41528654,-0.27795810,11.19114971,6.00000000,0.04028320,-0.02255859,-0.02648921,0.14726469,0.00117031,0.07000000,0.01725275,0.08281430,0.00580269,0.01000530,0.01401304,-2.63370180,2.35270381,0.14726165,0.01802259,-0.00732601,-0.17008066,
19190,0.90532160,0.24637209,13.27410507,6.00000000,-0.00161133,0.00161133,0.00188903,-0.10281036,0.02328669,0.07000000,0.01725275,0.01234546,-0.03435619,0.03299424,0.01401304,-2.22878551,2.18689752,-0.10281289,0.01905846,-0.00732601,-0.16752245,
19197,1.26205766,-0.65863615,12.98919487,5.00000000,-0.03061523,0.06284180,-0.10323042,-0.30132490,0.07031732,0.07000000,0.01725275,-0.00874436,-0.06726883,0.06047896,0.01401304,-2.23227620,2.26194692,-0.30132169,0.01802599,-0.00732601,-0.18476140,
19206,-0.04038807,0.62465596,11.30607128,6.00000000,-0.09829102,0.09506836,-0.04274344,-0.35728198,0.02048884,0.07000000,0.01725275,0.08590050,-0.07032879,0.08573007,0.01401304,-2.68606162,2.39459157,-0.35727936,0.01558680,-0.00732601,-0.21007641,
19214,-2.00123930,-0.11515237,9.98926067,6.00000000,-0.09990235,0.14663085,0.01268077,-0.15277207,0.02182115,0.07000000,0.01725275,-0.02674687,-0.05797554,0.04720454,0.01401304,-2.70351481,2.79427218,-0.15277244,0.01415296,-0.00732601,-0.21037075,
19222,-1.66605103,0.10271999,7.31733131,6.00000000,-0.09345703,0.08540039,-0.03861327,0.11968581,-0.03999815,0.07000000,0.01725275,0.02777621,-0.01581546,0.01850215,0.01401304,-3.05432630,2.96007848,0.11968222,0.01340698,-0.00732601,-0.20934518,
19230,-1.26382518,-0.23725665,6.91989374,6.00000000,-0.02900391,0.05639648,0.06250925,0.31500283,-0.00256017,0.07000000,0.01725275,-0.04526438,0.00550564,-0.01962208,0.01401304,-2.91819048,3.07177949,0.31500369,0.01471725,-0.00732601,-0.19429865,
19238,-0.51922840,-0.08402774,8.27740574,6.00000000,-0.01127930,-0.02094727,0.01681093,0.41332749,-0.04825849,0.07000000,0.01725275,0.02880487,0.03419987,-0.03057529,0.01401304,-2.80648947,2.70875096,0.41332874,0.01733164,-0.00732601,-0.16996115,
19246,1.32191265,-0.94354618,10.16164303,6.00000000,0.04995117,-0.03706055,0.03586300,0.25624785,0.00849803,0.07000000,0.01725275,0.00565817,0.01436643,-0.01651038,0.01401304,-2.57785130,2.55865288,0.25624812,0.02047730,-0.00732601,-0.16762027,
19254,1.51344883,-0.05050892,12.44331741,6.00000000,0.01127930,-0.02900391,-0.01543102,-0.01887467,0.01769098,0.07000000,0.01725275,0.04835124,-0.01609554,0.02344733,0.01401304,-2.36666656,2.20260549,-0.01887709,0.02149543,-0.00732601,-0.16700466,
19262,1.66428351,-0.58441591,13.19988441,6.00000000,-0.01450195,0.02416992,-0.04314313,-0.24403545,0.07045055,0.07000000,0.01725275,-0.03549188,-0.05826300,0.04531252,0.01401304,-2.07694173,2.19736958,-0.24403435,0.02033736,-0.00732601,-0.17263630,
19269,0.64674783,0.00455772,13.16157722,5.00000000,-0.06767578,0.09184571,-0.08271282,-0.42043364,0.07178286,0.07000000,0.01725275,0.02674744,-0.08118793,0.08251642,0.01401304,-2.36317563,2.27241874,-0.42042884,0.01802288,-0.00732601,-0.19852136,
19278,-0.30375025,-0.00262489,9.79533005,6.00000000,-0.12407227,0.12568359,-0.03088587,-0.35208601,0.03807536,0.07000000,0.01725275,0.01285924,-0.08070352,0.07885703,0.01401304,-2.70176983,2.65813661,-0.35208708,0.01480133,-0.00732601,-0.21982308,
19286,-2.18080449,-0.63469416,8.04038048,6.00000000,-0.10473633,0.15307617,-0.01822890,-0.00008906,0.03447812,0.07000000,0.01725275,0.01543130,-0.03482614,0.03433104,0.01401304,-3.00894761,2.95658755,-0.00009346,0.01300319,-0.00732601,-0.21625748,
19294,-1.32846856,-0.00501909,6.06995201,6.00000000,-0.06445312,0.06284180,0.01534539,0.23453113,-0.02854026,0.07000000,0.01725275,0.02829055,-0.00146242,0.00451734,0.01401304,-3.24980307,3.15381002,0.23452929,0.01330118,-0.00732601,-0.21512756,
19302,-1.09144258,-0.62751150,6.44105339,6.00000000,-0.00966797,0.03222656,0.01960879,0.43118051,-0.02854026,0.07000000,0.01725275,0.07561312,0.03680045,-0.02210683,0.01401304,-3.22885919,2.97229576,0.43118355,0.01594958,-0.00732601,-0.19353102,
19310,0.00749596,-0.28035229,8.84483242,6.00000000,0.04350586,-0.03544922,0.04838674,0.44383743,-0.03573475,0.07000000,0.01725275,0.01131621,0.03905470,-0.03946748,0.01401304,-2.76285625,2.72445917,0.44384044,0.01942428,-0.00732601,-0.16673684,
19318,2.19579625,-1.12311125,10.99243069,6.00000000,0.05478515,-0.04995117,-0.04807269,0.17564294,0.00876449,0.07000000,0.01725275,0.07407019,0.01297908,0.00086680,0.01401304,-2.58483267,2.33350515,0.17564145,0.02134044,-0.00732601,-0.16555575,
19326,1.80793560,-0.40485078,12.95328236,6.00000000,0.00966797,-0.01289062,-0.03075262,-0.15077361,0.04313815,0.07000000,0.01725275,0.01954632,-0.03611953,0.03638793,0.01401304,-2.13104701,2.06472445,-0.15077780,0.02181581,-0.00732601,-0.16302800,
19334,1.49429524,-0.46949422,13.82716560,6.00000000,-0.03061523,0.06284180,-0.06525952,-0.39658526,0.08590537,0.07000000,0.01725275,0.00000011,-0.07581111,0.07091246,0.01401304,-2.14675498,2.14675498,-0.39658132,0.02079697,-0.00732601,-0.18439189,
19341,-0.22234741,0.15778662,12.28769398,5.00000000,-0.10634766,0.12084961,-0.09177253,-0.46400023,0.04513662,0.07000000,0.01725275,0.06892665,-0.08343086,0.09461820,0.01401304,-2.47487688,2.24100256,-0.46399447,0.01763000,-0.00732601,-0.20459028,
19350,-1.76421332,-0.09839296,9.43141174,6.00000000,-0.11279297,0.15629883,0.02160725,-0.24336931,0.05592835,0.07000000,0.01725275,-0.06018108,-0.07391944,0.05506364,0.01401304,-2.60926723,2.81347060,-0.24336818,0.01480101,-0.00732601,-0.21421832,
19358,-1.84082770,-0.36893776,6.97974873,6.00000000,-0.11118164,0.10795899,-0.05726565,0.06799211,-0.02587564,0.07000000,0.01725275,0.06069584,-0.02028228,0.03062501,0.01401304,-3.15904593,2.95309711,0.06798697,0.01315040,-0.00732601,-0.21663608,
19366,-1.15848029,-0.54850286,5.77785969,6.00000000,-0.03222656,0.06123047,0.10834080,0.27903041,-0.01575006,0.07000000,0.01725275,-0.00051414,0.00258788,-0.00622712,0.01401304,-3.19395256,3.19569802,0.27903098,0.01412159,-0.00732601,-0.21139508,
19374,-0.92384851,-0.71130860,6.97974873,6.00000000,-0.01289062,0.00322266,0.02653681,0.45716056,-0.05052342,0.07000000,0.01725275,0.08641496,0.04483247,-0.02751827,0.01401304,-3.06828880,2.77507353,0.45716423,0.01676339,-0.00732601,-0.17867738,
19382,0.89574480,-0.75201005,9.98926067,6.00000000,0.05639648,-0.04189453,0.07063635,0.32219732,0.00556694,0.07000000,0.01725275,0.03034852,0.02504620,-0.02122201,0.01401304,-2.74191236,2.63893771,0.32219559,0.02012576,-0.00732601,-0.17169659,
19390,1.84145451,-0.46710002,11.90222740,6.00000000,0.02900391,-0.02900391,-0.02955355,0.08171492,0.03154703,0.07000000,0.01725275,0.05555258,0.00018394,0.00909982,0.01401304,-2.39982772,2.21133208,0.08171321,0.02245681,-0.00732601,-0.16123042,
19398,1.73610961,-0.59399271,13.32677746,6.00000000,0.00966797,0.00000000,-0.08910791,-0.25669247,0.06632038,0.07000000,0.01725275,-0.00874414,-0.05486175,0.04821644,0.01401304,-2.07170582,2.10137653,-0.25669304,0.02167513,-0.00732601,-0.16988458,
19406,1.20220256,0.33016914,13.69309044,6.00000000,-0.07412110,0.08862305,-0.04807269,-0.46186852,0.08657153,0.07000000,0.01725275,-0.00925883,-0.08861113,0.08136585,0.01401304,-2.19387889,2.22529483,-0.46186191,0.01944983,-0.00732601,-0.19367999,
19413,-0.25107783,-0.00023068,10.81047153,5.00000000,-0.12084961,0.13212891,-0.07005585,-0.43988538,0.03820859,0.07000000,0.01725275,0.07252656,-0.08295420,0.09502020,0.01401304,-2.60228610,2.35619450,-0.43988270,0.01579848,-0.00732601,-0.21163645,
19422,-1.71872342,0.03807654,8.53119183,6.00000000,-0.12084961,0.16757813,0.03932701,-0.16303089,0.03128057,0.07000000,0.01725275,0.02726202,-0.05608573,0.05802926,0.01401304,-2.94786096,2.85535884,-0.16303685,0.01304941,-0.00732601,-0.22218683,
19430,-1.83125091,-0.23486245,6.46738958,6.00000000,-0.07734375,0.10312500,0.05318306,0.17337802,-0.01868115,0.07000000,0.01725275,0.02366125,-0.01051544,0.01234157,0.01401304,-3.18871641,3.10843158,0.17337377,0.01307914,-0.00732601,-0.21570204,
19438,-1.33325696,-0.04093211,6.26867104,6.00000000,-0.04028320,0.04995117,0.03213252,0.38068587,-0.05052342,0.07000000,0.01725275,0.05246622,0.02491280,-0.01580643,0.01401304,-3.27074695,3.09272337,0.38068840,0.01515944,-0.00732601,-0.20307587,
19446,-0.11460833,-0.12472917,7.15452576,6.00000000,0.03222656,-0.02578125,0.06983696,0.46209013,-0.03013903,0.07000000,0.01725275,-0.00205739,0.03742252,-0.04097000,0.01401304,-2.85535884,2.86233997,0.46209413,0.01820011,-0.00732601,-0.17376477,
19454,1.04897368,-0.93157512,10.63330078,6.00000000,0.04028320,-0.04995117,-0.02262551,0.30327851,0.00077061,0.07000000,0.01725275,0.02469010,0.02585565,-0.02338299,0.01401304,-2.54992604,2.46615028,0.30327475,0.02201683,-0.00732601,-0.15984519,
19462,2.24368024,0.24876629,11.70111465,6.00000000,0.03544922,-0.04995117,-0.07245400,-0.02726824,0.01782421,0.07000000,0.01725275,0.02777626,-0.01434082,0.01685975,0.01401304,-2.19736958,2.10312176,-0.02726996,0.02494658,-0.00732601,-0.15786982,
19470,1.78638780,0.04286494,14.05940342,6.00000000,-0.01611328,0.01933594,-0.02422430,-0.35741526,0.09762973,0.07000000,0.01725275,-0.01697461,-0.06780299,0.05901822,0.01401304,-2.02109122,2.07868719,-0.35741293,0.02367353,-0.00732601,-0.17452939,
19478,0.88616800,-0.08163355,12.46965313,6.00000000,-0.09829102,0.10634766,-0.07378633,-0.47292674,0.06458838,0.07000000,0.01725275,0.00051419,-0.08794969,0.08300032,0.01401304,-2.21482277,2.21307755,-0.47292101,0.02049363,-0.00732601,-0.19479814,
19485,-0.61020809,-0.08642194,10.53034973,5.00000000,-0.12084961,0.13212891,-0.05047085,-0.45613962,0.03674305,0.07000000,0.01725275,-0.01440235,-0.09581970,0.08733486,0.01401304,-2.58308721,2.63195658,-0.45613873,0.01692735,-0.00732601,-0.22211550,
19494,-2.08982468,-0.38330296,7.92306423,6.00000000,-0.15146485,0.16274413,0.02893497,-0.05791143,-0.01748207,0.07000000,0.01725275,-0.02057492,-0.04592676,0.03682029,0.01401304,-2.95484257,3.02465558,-0.05791911,0.01446609,-0.00732601,-0.22095586,
19502,-1.72590601,-0.22289145,6.45302439,6.00000000,-0.06606445,0.06767578,0.07396713,0.23333207,-0.06304715,0.07000000,0.01725275,0.02006063,-0.00114837,0.00228093,0.01401304,-3.30914426,3.24107647,0.23332971,0.01537740,-0.00732601,-0.22052912,
19510,-1.03398180,-0.56286806,5.82813787,6.00000000,-0.01772461,0.02416992,0.07743115,0.44623563,-0.09435649,0.07000000,0.01725275,0.04372194,0.03639749,-0.02918262,0.01401304,-3.23060465,3.08225155,0.44624090,0.01759184,-0.00732601,-0.19648850,
19518,0.05537999,-0.53174347,8.65090179,6.00000000,0.02900391,-0.04189453,0.05837908,0.42078847,-0.05425389,0.07000000,0.01725275,-0.03497763,0.03014196,-0.04152005,0.01401304,-2.84837723,2.96705961,0.42078963,0.02104924,-0.00732601,-0.18030228,
19526,1.63315892,-0.88369113,10.75779915,6.00000000,0.03544922,-0.06284180,-0.04700684,0.23599672,-0.03386951,0.07000000,0.01725275,0.01183071,0.01757055,-0.01825063,0.01401304,-2.51676464,2.47662210,0.23599350,0.02459298,-0.00732601,-0.16390081,
19534,1.77681100,-0.13430598,13.17594242,6.00000000,0.02416992,-0.04189453,-0.03821357,-0.15663576,0.01942299,0.07000000,0.01725275,-0.04938056,-0.04125871,0.02529253,0.01401304,-2.12930179,2.29685330,-0.15664056,0.02648092,-0.00732601,-0.17180447,
19542,1.23572147,-0.36654353,14.17432499,6.00000000,-0.05317383,0.03706055,-0.06752446,-0.35688233,0.00609986,0.07000000,0.01150183,-0.02931964,-0.06785645,0.05752894,0.01401304,-2.05774331,2.15722704,-0.35687733,0.02485616,-0.00732601,-0.17866623,
19550,0.04101478,0.53367627,12.31881905,6.00000000,-0.08540039,0.08540039,-0.02555662,-0.49730808,0.00316878,0.07000000,0.01150183,-0.01285939,-0.09337659,0.08658637,0.01401304,-2.40855432,2.45218754,-0.49730378,0.02186479,-0.00732601,-0.21225642,
19557,-1.65647423,-0.44076380,10.59259892,5.00000000,-0.13051757,0.14985351,0.00468688,-0.35728198,-0.02800734,0.07000000,0.01150183,-0.02263262,-0.08030102,0.07147276,0.01401304,-2.65988159,2.73667622,-0.35727933,0.01918657,-0.00732601,-0.22152804,
19566,-2.01799870,0.26073730,7.56872225,6.00000000,-0.11440430,0.11923828,0.02880175,0.01429991,-0.05292158,0.07000000,0.01150183,-0.08641519,-0.04017234,0.01706530,0.01401304,-2.88502932,3.17824459,0.01429379,0.01703431,-0.00732601,-0.21875733,
19574,-1.46254385,-1.06565046,6.58949375,6.00000000,-0.07250977,0.05478515,0.01188137,0.26490787,-0.10221715,0.07000000,0.01150183,0.01851735,0.00794108,-0.00571202,0.01401304,-3.21838713,3.15555525,0.26490736,0.01805753,-0.00732601,-0.21184954,
19582,-0.47852698,0.11708520,6.75948238,6.00000000,0.00000000,-0.01127930,0.09328566,0.40973023,-0.08969340,0.07000000,0.01150183,-0.01131624,0.03038612,-0.03485359,0.01401304,-2.95658755,2.99498510,0.40973473,0.02029824,-0.00732601,-0.18603884,
19590,0.32353058,-0.99382436,9.79533005,6.00000000,0.02739258,-0.03383789,0.03213252,0.36123407,-0.07077456,0.07000000,0.01150183,-0.01491686,0.02945182,-0.03483364,0.01401304,-2.68606162,2.73667622,0.36123550,0.02340484,-0.00732601,-0.17038481,
19598,1.98750079,-0.41682178,11.14805412,6.00000000,0.04028320,-0.06767578,-0.01463164,0.04028000,-0.02174547,0.07000000,0.01150183,-0.04526474,-0.01646022,0.00322580,0.01401304,-2.35968518,2.51327419,0.04027757,0.02436536,-0.00732601,-0.17372468,
19606,1.54696763,-0.56526226,13.55422688,6.00000000,-0.01289062,0.00966797,-0.08551066,-0.19260821,0.01635867,0.07000000,0.01150183,-0.03394869,-0.04617438,0.03510293,0.01401304,-2.11184835,2.22704005,-0.19260749,0.02405196,-0.00732601,-0.17124873,
19614,1.38416195,0.35650536,12.88145638,6.00000000,-0.06767578,0.04511719,-0.03048616,-0.40644437,0.02435254,0.07000000,0.01150183,-0.07972837,-0.08626773,0.06388579,0.01401304,-2.10137653,2.37190247,-0.40643984,0.02148019,-0.00732601,-0.19162326,
19622,0.47675949,-0.06966253,10.88948059,6.00000000,-0.10634766,0.10795899,-0.01249995,-0.47679046,0.01436020,0.07000000,0.01150183,-0.03960710,-0.10060929,0.08749974,0.01401304,-2.62148452,2.75587487,-0.47678679,0.01822867,-0.00732601,-0.22949643,
19629,-2.65725064,-0.19176681,10.46331215,5.00000000,-0.16274413,0.14985351,-0.04394252,-0.18594664,-0.03386951,0.07000000,0.01150183,0.01131642,-0.05789915,0.05741218,0.01401304,-2.89899206,2.86059451,-0.18594551,0.01526122,-0.00732601,-0.22226603,
19638,-1.54634094,-0.12951757,7.01805592,6.00000000,-0.08056641,0.11118164,0.09195335,0.10756177,0.00809833,0.07000000,0.01150183,-0.08178565,-0.03200253,0.01015302,0.01401304,-3.11541271,3.39292002,0.10755605,0.01404431,-0.00732601,-0.22812928,
19646,-1.33565116,-0.61793470,5.81616688,6.00000000,-0.05800781,0.02255859,0.02600388,0.35443929,-0.06118192,0.07000000,0.01150183,0.04938019,0.02137055,-0.01168435,0.01401304,-3.34579611,3.17824459,0.35444039,0.01595446,-0.00732601,-0.21079959,
19654,-0.89511806,-0.46470582,7.94221783,6.00000000,0.00966797,0.00805664,0.07410036,0.42691711,-0.05385420,0.07000000,0.01150183,0.01183062,0.03331777,-0.03229897,0.01401304,-3.06828880,3.02814627,0.42692059,0.01898990,-0.00732601,-0.19004400,
19662,0.65871882,-0.76398104,10.07305717,6.00000000,0.04189453,-0.06123047,0.01801001,0.36296609,-0.03946522,0.07000000,0.01150183,-0.01337373,0.02887782,-0.03390614,0.01401304,-2.65290046,2.69827914,0.36296576,0.02212697,-0.00732601,-0.16766532,
19670,1.15671277,-1.36492562,13.02989674,6.00000000,0.03222656,-0.04511719,-0.08857497,-0.00701709,-0.00988789,0.07000000,0.01150183,0.00823018,-0.01608102,0.01537623,0.01401304,-2.37190247,2.34397721,-0.00702256,0.02437510,-0.00732601,-0.17145975,
19678,2.26762247,0.68929940,12.80723572,6.00000000,-0.02094727,0.00644531,-0.01543102,-0.27521157,0.01409374,0.07000000,0.01150183,-0.05863857,-0.06145842,0.04436951,0.01401304,-2.04727125,2.24623871,-0.27521068,0.02347763,-0.00732601,-0.17559250,
19686,0.41929865,-0.74722159,13.79364681,6.00000000,-0.06767578,0.07089844,-0.07045551,-0.47132796,0.04180584,0.07000000,0.01150183,-0.03857738,-0.09339792,0.08058093,0.01401304,-2.33874130,2.46964097,-0.47132158,0.02091517,-0.00732601,-0.20847465,
19694,-1.07228899,0.36368796,11.74181557,6.00000000,-0.13696289,0.13535157,-0.03514925,-0.42123303,0.00823156,0.07000000,0.01150183,0.01388804,-0.08617520,0.08581495,0.01401304,-2.66860843,2.62148452,-0.42122787,0.01781631,-0.00732601,-0.22230491,
19701,-1.75942492,-0.48385942,8.99327278,5.00000000,-0.12246094,0.14985351,0.05118459,-0.13731727,0.02022238,0.07000000,0.01150183,-0.08332901,-0.06327353,0.04053970,0.01401304,-2.81870675,3.10144997,-0.13731912,0.01497815,-0.00732601,-0.22456115,
19710,-1.88392341,-0.27316967,6.79300117,6.00000000,-0.10312500,0.07573242,0.00282165,0.18949899,-0.06571177,0.07000000,0.01725275,0.02571841,-0.00765489,0.01002151,0.01401304,-3.34579611,3.25852966,0.18949582,0.01493001,-0.00732601,-0.22566834,
19718,-1.58704233,-0.43597540,6.64216661,6.00000000,-0.02094727,0.03383789,0.09048781,0.37242550,-0.05878375,0.07000000,0.01725275,-0.00308625,0.01799710,-0.02200304,0.01401304,-3.30914426,3.31961608,0.37242824,0.01730465,-0.00732601,-0.21329147,
19726,-0.28699085,-0.48385942,8.36599159,6.00000000,0.00805664,-0.03383789,0.07330098,0.48127544,-0.05785113,0.07000000,0.01150183,0.02057492,0.04418785,-0.04096876,0.01401304,-3.04036355,2.97055030,0.48127913,0.02029159,-0.00732601,-0.18300287,
19734,1.45359373,-0.41203338,10.55908012,6.00000000,0.05639648,-0.05317383,-0.04367606,0.24558935,-0.04133046,0.07000000,0.01150183,0.03806353,0.01805026,-0.01118084,0.01401304,-2.81172562,2.68257093,0.24558920,0.02299132,-0.00732601,-0.18136302,
19742,2.21255565,-0.24922766,12.28769398,6.00000000,0.02094727,-0.03222656,0.01148168,-0.06110898,0.03674305,0.07000000,0.01150183,-0.02931926,-0.02978776,0.02008295,0.01401304,-2.31081581,2.41029978,-0.06111085,0.02312904,-0.00732601,-0.17557104,
19750,1.62597632,-0.45512900,13.73858070,6.00000000,-0.02416992,0.03867187,-0.11282308,-0.32783794,0.05166495,0.07000000,0.01150183,-0.02623297,-0.06929934,0.05972254,0.01401304,-2.27940011,2.36841178,-0.32783580,0.02170504,-0.00732601,-0.19225125,
19758,0.48394209,0.57437772,12.86469650,6.00000000,-0.10151367,0.09184571,-0.03288432,-0.44108444,0.03114733,0.07000000,0.01150183,-0.01697434,-0.08964902,0.08197524,0.01401304,-2.47138643,2.52898192,-0.44107738,0.01904825,-0.00732601,-0.21324150,
19766,-1.02919340,0.07159536,10.62611771,6.00000000,-0.11923828,0.14340821,0.03519685,-0.35634938,0.02608455,0.07000000,0.01150183,-0.00102859,-0.08376195,0.07999001,0.01401304,-2.87630272,2.87979317,-0.35634691,0.01553984,-0.00732601,-0.23449361,
19773,-1.50803375,0.15778662,7.55196285,5.00000000,-0.13051757,0.13212891,-0.05993026,-0.06124221,-0.02720795,0.07000000,0.01150183,0.01748864,-0.04608541,0.04729394,0.01401304,-3.28820014,3.22885919,-0.06124848,0.01291159,-0.00732601,-0.24068394,
19782,-2.21432328,-0.11275817,6.88876915,6.00000000,-0.06606445,0.10473633,0.08542502,0.27703193,0.00117031,0.07000000,0.01150183,-0.03189103,-0.00377760,-0.00592684,0.01401304,-3.35626817,3.46447849,0.27702954,0.01363413,-0.00732601,-0.22716740,
19790,-0.78498483,0.02131713,6.06516361,6.00000000,-0.01933594,-0.00161133,0.02653681,0.46675321,-0.06864287,0.07000000,0.01150183,0.06121095,0.03846998,-0.02574306,0.01401304,-3.43655324,3.22885919,0.46675932,0.01615093,-0.00732601,-0.20778109,
19798,-0.30135605,-0.22289145,8.55752754,6.00000000,0.03706055,-0.02900391,0.05384922,0.44543624,-0.05039019,0.07000000,0.01150183,-0.00565798,0.03464137,-0.03770027,0.01401304,-3.07352495,3.09272337,0.44544044,0.01998446,-0.00732601,-0.19123228,
19806,1.34106636,-0.78792304,11.05467987,6.00000000,0.04995117,-0.06928711,0.03799470,0.23226625,-0.00202724,0.07000000,0.01150183,-0.02983374,0.00794731,-0.01714489,0.01401304,-2.66162705,2.76285625,0.23226315,0.02249731,-0.00732601,-0.17979863,
19814,1.67864871,-0.61075211,13.24058628,6.00000000,0.01127930,-0.01933594,-0.12934375,-0.10321005,0.00796510,0.07000000,0.01150183,0.04938013,-0.02678128,0.03557601,0.01401304,-2.54294467,2.37539315,-0.10321359,0.02399358,-0.00732601,-0.18577275,
19822,1.42246914,0.42593721,14.05940342,6.00000000,-0.03383789,0.03706055,-0.01116762,-0.34715644,0.07977674,0.07000000,0.01150183,-0.09310077,-0.07897264,0.05357653,0.01401304,-2.17817092,2.49407530,-0.34715468,0.02276014,-0.00732601,-0.19453748,
19830,0.35944360,-0.21810304,11.89743900,6.00000000,-0.08862305,0.10312500,-0.13374037,-0.44574758,0.06525454,0.07000000,0.01150183,-0.00308622,-0.09005578,0.08565494,0.01401304,-2.66860843,2.67908049,-0.44574377,0.01962874,-0.00732601,-0.22617003,
19838,-0.91666591,0.73718345,9.40507507,6.00000000,-0.14179687,0.13212891,-0.03461633,-0.32117638,0.02341992,0.07000000,0.01150183,-0.00000007,-0.07848403,0.07504284,0.01401304,-2.97404099,2.97404099,-0.32117760,0.01658718,-0.00732601,-0.23890331,
19845,-1.84801030,-0.47907102,7.70758629,5.00000000,-0.10634766,0.14985351,0.10874049,0.01843008,0.04100645,0.07000000,0.01150183,0.01028724,-0.03464065,0.03433992,0.01401304,-3.35801339,3.32310677,0.01842356,0.01442363,-0.00732601,-0.24085493,
19854,-1.68281043,-0.36414933,6.12501860,6.00000000,-0.05478515,0.06123047,0.07063635,0.28809011,-0.04865818,0.07000000,0.01150183,0.03497747,0.00685469,-0.00072200,0.01401304,-3.57443428,3.45575190,0.28808984,0.01573611,-0.00732601,-0.23395775,
19862,-0.94300210,-0.28992909,6.96538353,6.00000000,-0.01127930,0.01450195,0.04385687,0.45822641,-0.03080519,0.07000000,0.01150183,0.03652055,0.03705482,-0.03015146,0.01401304,-3.35452271,3.23060465,0.45822901,0.01819338,-0.00732601,-0.20548922,
19870,0.23494512,-0.47188842,9.66364861,6.00000000,0.05156250,-0.03706055,0.04292426,0.41146228,0.00090384,0.07000000,0.01725275,-0.02108949,0.03016600,-0.03827687,0.01401304,-2.97578645,3.04734492,0.41146362,0.02189575,-0.00732601,-0.18850733,
19878,2.20297885,-0.22289145,10.84877872,6.00000000,0.03061523,-0.06767578,-0.12108340,0.09770267,0.02541839,0.07000000,0.01725275,0.05092331,-0.00095253,0.00919173,0.01401304,-2.81172562,2.63893771,0.09770083,0.02422174,-0.00732601,-0.19050324,
19886,1.83187771,-0.96988237,13.16157722,6.00000000,0.01772461,0.00644531,-0.05340194,-0.17315644,0.09309987,0.07000000,0.01725275,-0.02057450,-0.04513629,0.03590916,0.01401304,-2.42077160,2.49058485,-0.17315508,0.02462517,-0.00732601,-0.19059044,
19894,1.40810394,-0.20134363,13.38663292,6.00000000,-0.06284180,0.05961914,-0.10336364,-0.38326213,0.08510599,0.07000000,0.01725275,0.06429689,-0.06941356,0.07973527,0.01401304,-2.65464592,2.43647981,-0.38325745,0.02214163,-0.00732601,-0.21233951,
19902,-0.04517648,-0.22528565,11.25100422,6.00000000,-0.08540039,0.12729493,-0.01356579,-0.44175062,0.07724535,0.07000000,0.01725275,0.05195216,-0.08654374,0.09377892,0.01401304,-2.95135188,2.77507353,-0.44174743,0.01900642,-0.00732601,-0.23960963,
19910,-1.87195241,0.15299822,9.31170082,6.00000000,-0.13051757,0.16918945,-0.04500837,-0.19700482,0.00716571,0.07000000,0.01725275,0.02983382,-0.06010491,0.06261574,0.01401304,-3.21315122,3.11192203,-0.19700791,0.01631673,-0.00732601,-0.24356689,
19917,-1.76421332,-0.22049724,7.01326752,5.00000000,-0.08378907,0.11601563,0.06690588,0.10476392,0.01049649,0.07000000,0.01725275,-0.02777585,-0.02750146,0.01705860,0.01401304,-3.45051599,3.54476380,0.10475956,0.01586887,-0.00732601,-0.24598379,
19926,-1.61098444,0.25594890,5.77785969,6.00000000,-0.04995117,0.03544922,0.04172517,0.37362456,-0.05278835,0.07000000,0.01725275,0.08950108,0.02669628,-0.00883940,0.01401304,-3.68788075,3.38419342,0.37362573,0.01744683,-0.00732601,-0.22927481,
19934,-0.43543136,-0.89087373,7.71955729,6.00000000,0.00966797,0.01289062,0.06011109,0.43877468,-0.01401805,0.07000000,0.01725275,0.04063570,0.03568427,-0.02918344,0.01401304,-3.44178915,3.30390835,0.43878025,0.02050860,-0.00732601,-0.21272002,
19942,0.36662620,-0.09360455,10.23346901,6.00000000,0.05156250,-0.05156250,-0.00530546,0.37935355,0.02728363,0.07000000,0.01150183,-0.01337315,0.02870370,-0.03368599,0.01401304,-3.00371170,3.04909015,0.37935460,0.02349341,-0.00732601,-0.19191098,
19950,1.47753584,-0.66103035,12.68034267,6.00000000,0.03383789,-0.04511719,-0.15292567,0.03375167,0.03154703,0.07000000,0.01150183,0.04937984,-0.00969414,0.01879140,0.01401304,-2.84837723,2.68082595,0.03374606,0.02467123,-0.00732601,-0.19798695,
19958,1.70977342,0.65578055,13.20706749,6.00000000,0.00000000,0.01127930,-0.01663011,-0.24443516,0.08177521,0.07000000,0.01150183,-0.04372189,-0.05862384,0.04513159,0.01401304,-2.48011303,2.62846589,-0.24443538,0.02467938,-0.00732601,-0.20290764,
19966,0.06256260,-0.43358120,14.00673103,6.00000000,-0.08217774,0.09023438,-0.10203136,-0.40231422,0.06432192,0.07000000,0.01150183,0.06069622,-0.07328086,0.08407065,0.01401304,-2.80474401,2.59879518,-0.40230820,0.02255316,-0.00732601,-0.22504564,
19974,0.00031335,0.14820983,10.33402538,6.00000000,-0.09990235,0.12568359,-0.01996089,-0.39312124,0.03421165,0.07000000,0.01150183,0.06635450,-0.07989692,0.09199454,0.01401304,-3.23060465,3.00545692,-0.39311999,0.01915595,-0.00732601,-0.25455832,
19982,-2.76977801,-0.45512900,9.66125488,6.00000000,-0.13212891,0.17402343,-0.01316609,-0.07309978,0.03141380,0.07000000,0.01150183,-0.00308672,-0.04689640,0.04326847,0.01401304,-3.36499476,3.37546659,-0.07310200,0.01707674,-0.00732601,-0.24964170,
19989,-1.16566288,-0.05529732,6.39795780,5.00000000,-0.06284180,0.08378907,0.01148168,0.17590940,-0.01441775,0.07000000,0.01150183,-0.01594562,-0.01679241,0.01066346,0.01401304,-3.70358872,3.75769401,0.17590705,0.01677620,-0.00732601,-0.25771821,
19998,-1.64210904,0.12426780,6.27345943,6.00000000,-0.02739258,0.02578125,0.01814324,0.42678383,-0.05571944,0.07000000,0.01150183,0.04577948,0.03095309,-0.02193026,0.01401304,-3.65471935,3.49938512,0.42678764,0.01879714,-0.00732601,-0.22839414,
20006,-0.57668924,-0.67778975,8.47612476,6.00000000,0.01933594,-0.00966797,0.09328566,0.45116517,-0.02774087,0.07000000,0.01150183,0.00411473,0.03602678,-0.03674147,0.01401304,-3.37546659,3.36150432,0.45116818,0.02242115,-0.00732601,-0.21150549,
20014,0.73533326,-0.48625362,10.46331215,6.00000000,0.05639648,-0.06284180,0.00708505,0.34151587,0.01622544,0.07000000,0.01150183,0.00154306,0.02722779,-0.02874795,0.01401304,-3.01592898,3.01069307,0.34151399,0.02538086,-0.00732601,-0.19370525,
20022,0.93644619,-1.06086206,13.49676609,6.00000000,0.02578125,-0.03383789,-0.15425798,-0.02207222,0.03727597,0.07000000,0.01150183,0.02726194,-0.01618923,0.01997927,0.01401304,-2.73842144,2.64591932,-0.02207851,0.02770677,-0.00732601,-0.19678307,
20030,1.81511819,-0.07923934,13.55901527,6.00000000,-0.00322266,0.01450195,-0.06885675,-0.30252400,0.10535714,0.07000000,0.01150183,-0.04063535,-0.06361621,0.05075604,0.01401304,-2.46091413,2.59879518,-0.30252442,0.02718540,-0.00732601,-0.20534746,
20038,0.11523504,-0.96509397,14.19826698,6.00000000,-0.08540039,0.09667969,-0.13920283,-0.48744893,0.11321779,0.07000000,0.01150183,0.07767071,-0.08166100,0.09629734,0.01401304,-2.86757612,2.60403109,-0.48743945,0.02467795,-0.00732601,-0.23368509,
20046,-0.05954169,-0.10318135,10.03714466,6.00000000,-0.10957031,0.14340821,-0.04727330,-0.44348264,0.05939236,0.07000000,0.01150183,0.06532579,-0.08590507,0.09766833,0.01401304,-3.26202035,3.04036355,-0.44348201,0.02078020,-0.00732601,-0.26061389,
20054,-2.78893161,-0.66581875,9.18959713,6.00000000,-0.13212891,0.18691406,0.03932701,-0.04738615,0.06219021,0.07000000,0.01150183,0.00823028,-0.04133131,0.04044536,0.01401304,-3.45924258,3.43131733,-0.04738969,0.01830435,-0.00732601,-0.25321856,
20061,-0.89990646,-0.35217834,5.48097849,5.00000000,-0.06123047,0.08217774,-0.01316609,0.19656023,-0.04932433,0.07000000,0.01150183,0.04577943,-0.00653894,0.01504556,0.01401304,-3.95491624,3.79958177,0.19655940,0.01827048,-0.00732601,-0.26684994,
20070,-1.33325696,-0.18458422,6.12501860,6.00000000,-0.00644531,0.03222656,0.06983696,0.46248984,-0.05678529,0.07000000,0.01725275,0.07304124,0.03986055,-0.02566751,0.01401304,-3.70009804,3.45226121,0.46249217,0.01985004,-0.00732601,-0.22574227,
20078,-0.16488656,-0.92678672,8.80173588,6.00000000,0.03544922,-0.01772461,0.07263483,0.43824175,-0.04599356,0.07000000,0.01725275,-0.00462916,0.03403552,-0.03818722,0.01401304,-3.33008838,3.34579611,0.43824333,0.02353729,-0.00732601,-0.21022815,
20086,2.36578465,-0.70412600,9.96531868,6.00000000,0.04995117,-0.06928711,-0.04021204,0.27010390,0.01729129,0.07000000,0.01725275,0.00514378,0.01846331,-0.02062736,0.01401304,-3.02465558,3.00720239,0.27010286,0.02707404,-0.00732601,-0.19907239,
20094,0.76645792,-0.92439252,13.74336910,6.00000000,0.01611328,-0.02255859,-0.11055813,-0.06124221,0.05353019,0.07000000,0.01725275,0.01080151,-0.02258726,0.02106438,0.01401304,-2.68257093,2.64591932,-0.06124657,0.02913257,-0.00732601,-0.19759822,
20102,2.14072967,0.54085892,13.48479462,6.00000000,-0.01611328,0.01450195,-0.04674038,-0.35781497,0.06871855,0.07000000,0.01725275,0.01388830,-0.06635852,0.06489691,0.01401304,-2.63021111,2.58308721,-0.35781205,0.02755455,-0.00732601,-0.21492346,
20110,0.49351892,-0.02177850,13.14002991,6.00000000,-0.08862305,0.12407227,-0.04714007,-0.48798186,0.06925147,0.07000000,0.01725275,0.04835136,-0.08721663,0.09356649,0.01401304,-2.91295433,2.74889350,-0.48797408,0.02447264,-0.00732601,-0.24062011,
20118,-0.58387184,0.48579225,9.38352776,6.00000000,-0.11923828,0.14985351,-0.06699152,-0.37566796,0.00223616,0.07000000,0.01725275,0.04114989,-0.08106770,0.08590952,0.01401304,-3.33706951,3.19744325,-0.37566841,0.02067134,-0.00732601,-0.26411211,
20126,-2.63330841,-0.24204506,8.04277420,6.00000000,-0.11440430,0.15791015,0.01681093,0.02069501,0.02048884,0.07000000,0.01725275,-0.02006034,-0.03681447,0.02803499,0.01401304,-3.50462127,3.57268882,0.02068946,0.01807304,-0.00732601,-0.25505248,
20133,-1.10580778,-0.01459589,5.84968567,5.00000000,-0.06606445,0.06445312,0.04092579,0.24865365,-0.05585267,0.07000000,0.01725275,0.01954617,-0.00202235,0.00309892,0.01401304,-3.91302824,3.84670568,0.24865386,0.01895748,-0.00732601,-0.26326302,
20142,-0.63415009,-0.56765652,5.77546549,6.00000000,-0.00322266,0.00322266,0.06131017,0.45449597,-0.05891698,0.07000000,0.01725275,0.05812464,0.03768621,-0.02701860,0.01401304,-3.73325920,3.53603721,0.45450112,0.02113188,-0.00732601,-0.23056066,
20150,-0.08108950,-0.52934927,9.16326046,6.00000000,0.04028320,-0.02578125,0.04718766,0.43584359,-0.03986492,0.07000000,0.01725275,-0.03394859,0.03163928,-0.04270553,0.01401304,-3.26725626,3.38244820,0.43584615,0.02467279,-0.00732601,-0.20945300,
20158,1.99947178,-0.97467077,10.93736458,6.00000000,0.03867187,-0.07573242,-0.05540041,0.21001661,0.01449343,0.07000000,0.01725275,0.00257173,0.00879055,-0.01169803,0.01401304,-3.04385400,3.03512740,0.21001473,0.02673902,-0.00732601,-0.20513700,
20166,1.70977342,0.36129376,13.14481831,6.00000000,0.01450195,-0.01772461,-0.07418602,-0.13731727,0.02888240,0.07000000,0.01725275,-0.02880516,-0.04086420,0.02980222,0.01401304,-2.68431640,2.78205466,-0.13732105,0.02755843,-0.00732601,-0.20811167,
20174,1.33867216,0.14581563,13.85110760,6.00000000,-0.05156250,0.03544922,-0.04021204,-0.37220395,0.07817797,0.07000000,0.01150183,-0.01080184,-0.07424184,0.06825694,0.01401304,-2.76285625,2.79950809,-0.37220013,0.02618129,-0.00732601,-0.22862023,
20182,-0.27741405,-0.24922766,12.42655754,6.00000000,-0.09184571,0.11762695,-0.06499306,-0.43881953,0.04153937,0.07000000,0.01150183,0.03857818,-0.08370324,0.08919307,0.01401304,-3.04559946,2.91469979,-0.43881354,0.02320315,-0.00732601,-0.24787481,
20190,-1.39790046,0.67014581,9.60618782,6.00000000,-0.13051757,0.14824219,-0.03035293,-0.29679504,0.00383493,0.07000000,0.01150183,-0.02520385,-0.07882799,0.06952417,0.01401304,-3.35277748,3.43829870,-0.29679587,0.02017115,-0.00732601,-0.26769423,
20198,-1.64929163,-0.37133196,6.75708818,6.00000000,-0.09990235,0.12407227,0.02946790,0.10423099,-0.02054639,0.07000000,0.01150183,-0.01491673,-0.02423662,0.01821298,0.01401304,-3.60061431,3.65122867,0.10422385,0.01823348,-0.00732601,-0.25532311,
20205,-1.56549454,0.05004755,5.89278126,5.00000000,-0.05478515,0.06445312,0.03599623,0.30687574,-0.07530443,0.07000000,0.01150183,0.02829046,0.00954804,-0.00491247,0.01401304,-3.86764979,3.77165651,0.30687779,0.01959190,-0.00732601,-0.25467625,
20214,-0.23192421,-0.68976074,6.49133158,6.00000000,-0.00322266,0.00000000,0.06397479,0.47221571,-0.06411300,0.07000000,0.01150183,0.02829060,0.03879343,-0.03376182,0.01401304,-3.65471935,3.55872631,0.47222024,0.02208091,-0.00732601,-0.22725141,
20222,0.28043497,-0.53174347,9.85757923,6.00000000,0.05317383,-0.05317383,0.00255518,0.42398599,-0.04959080,0.07000000,0.01150183,-0.02623280,0.03401816,-0.04191587,0.01401304,-3.16428208,3.25329351,0.42398679,0.02571502,-0.00732601,-0.20189814,
20230,2.13833547,-0.68257815,11.67238426,6.00000000,0.03544922,-0.05961914,-0.07098845,0.10942701,-0.00709003,0.07000000,0.01150183,-0.02263260,-0.00553551,-0.00216847,0.01401304,-2.90422773,2.98102236,0.10942385,0.02804006,-0.00732601,-0.20540719,
20238,2.29635286,-0.11036396,13.25495148,6.00000000,0.01289062,-0.01450195,-0.05273578,-0.19780424,0.02515193,0.07000000,0.01150183,-0.03497773,-0.04893086,0.03763533,0.01401304,-2.58308721,2.70176983,-0.19780633,0.02729683,-0.00732601,-0.20591700,
20246,1.10164618,0.02610553,14.13841152,6.00000000,-0.06928711,0.06123047,-0.03355048,-0.44294971,0.02994826,0.07000000,0.01150183,-0.04475088,-0.08873833,0.07457697,0.01401304,-2.67908049,2.83092403,-0.44294298,0.02571438,-0.00732601,-0.23185104,
20254,-0.10981993,0.04525915,11.65083599,6.00000000,-0.11601563,0.11923828,-0.03594864,-0.45414114,0.00676602,0.07000000,0.01150183,-0.00205749,-0.09153897,0.08738798,0.01401304,-2.94611573,2.95309711,-0.45413607,0.02215780,-0.00732601,-0.24677129,
